{"type":"FeatureCollection","features":[{"type":"Feature","properties":{"class":"<5","speed_kmh":4.5},"geometry":{"type":"MultiPolygon","coordinates":[[[[100.408,13.7085],[100.406,13.71],[100.408,13.7115],[100.4065,13.7135],[100.4085,13.712],[100.408,13.7135],[100.4095,13.7145],[100.4105,13.712],[100.4115,13.712],[100.412,13.713],[100.4135,13.7115],[100.411,13.708],[100.409,13.7095],[100.408,13.7085]],[[100.4115,13.71]],[[100.411,13.7115]],[[100.412,13.7115],[100.4125,13.7115],[100.412,13.7115]]],[[[100.4205,13.7105],[100.418,13.712],[100.422,13.715],[100.4235,13.715],[100.4235,13.7135],[100.4245,13.714],[100.425,13.7125],[100.4265,13.7125],[100.425,13.7115],[100.426,13.711],[100.425,13.7105],[100.424,13.7105],[100.4235,13.7115],[100.424,13.7095],[100.423,13.7095],[100.4225,13.7085],[100.422,13.7095],[100.421,13.7095],[100.4205,13.7085],[100.4205,13.7105]],[[100.4215,13.7105],[100.4215,13.71],[100.4215,13.7105]],[[100.4215,13.7105]],[[100.424,13.7125]]],[[[100.4185,13.872],[100.4175,13.8725],[100.418,13.874],[100.417,13.8735],[100.416,13.8745],[100.423,13.875],[100.4225,13.8735],[100.422,13.8745],[100.4195,13.874],[100.4185,13.872]]],[[[100.4095,13.8775],[100.408,13.8795],[100.4085,13.8805],[100.406,13.8815],[100.407,13.8825],[100.4085,13.881],[100.407,13.8835],[100.4075,13.884],[100.408,13.8835],[100.4085,13.8845],[100.41,13.883],[100.409,13.8825],[100.4095,13.8775]]],[[[100.4095,13.889],[100.4085,13.889],[100.408,13.8905],[100.4075,13.8895],[100.407,13.8915],[100.408,13.8925],[100.407,13.894],[100.408,13.894],[100.408,13.896],[100.41,13.891],[100.409,13.89],[100.4095,13.889]]],[[[100.4325,13.7115],[100.4315,13.713],[100.434,13.7135],[100.4385,13.713],[100.4345,13.71],[100.434,13.711],[100.435,13.711],[100.435,13.7125],[100.4335,13.7125],[100.4325,13.7115]]],[[[100.432,13.874],[100.4305,13.8745],[100.431,13.875],[100.43,13.8755],[100.431,13.876],[100.4305,13.8765],[100.431,13.877],[100.433,13.8765],[100.432,13.8775],[100.4325,13.8785],[100.4335,13.878],[100.433,13.8785],[100.4345,13.879],[100.434,13.878],[100.4355,13.878],[100.4355,13.877],[100.4375,13.876],[100.4365,13.875],[100.4345,13.8755],[100.4365,13.874],[100.4355,13.8735],[100.436,13.8725],[100.435,13.8725],[100.4335,13.875],[100.432,13.875],[100.432,13.874]],[[100.435,13.8765],[100.435,13.877],[100.435,13.8765]]],[[[100.445,13.712],[100.4445,13.7145],[100.4435,13.7135],[100.4415,13.7145],[100.442,13.7155],[100.443,13.715],[100.4435,13.716],[100.443,13.717],[100.444,13.718],[100.4445,13.7165],[100.4455,13.7165],[100.4455,13.718],[100.4475,13.718],[100.449,13.7165],[100.4475,13.7145],[100.4465,13.7145],[100.4465,13.7155],[100.4455,13.715],[100.4465,13.714],[100.4455,13.7135],[100.4465,13.713],[100.445,13.712]]],[[[100.455,13.7175],[100.4535,13.718],[100.454,13.7205],[100.455,13.7205],[100.455,13.7215],[100.4555,13.721],[100.455,13.7225],[100.457,13.725],[100.4585,13.723],[100.4585,13.7215],[100.46,13.7225],[100.461,13.7215],[100.4595,13.719],[100.458,13.7185],[100.457,13.7195],[100.457,13.718],[100.4555,13.7185],[100.455,13.7175]],[[100.456,13.722]],[[100.457,13.722]]],[[[100.458,13.8735],[100.4525,13.8765],[100.453,13.877],[100.455,13.876],[100.456,13.877],[100.4565,13.875],[100.4575,13.875],[100.458,13.8735]]],[[[100.4475,13.875],[100.447,13.876],[100.446,13.8755],[100.443,13.8765],[100.4455,13.877],[100.446,13.878],[100.4465,13.877],[100.4485,13.877],[100.4475,13.875]]],[[[100.463,13.722],[100.461,13.723],[100.462,13.7235],[100.4615,13.7255],[100.4625,13.725],[100.462,13.726],[100.463,13.727],[100.464,13.7265],[100.465,13.7275],[100.466,13.726],[100.4685,13.7265],[100.4685,13.725],[100.467,13.725],[100.468,13.724],[100.4675,13.723],[100.4665,13.724],[100.466,13.723],[100.465,13.723],[100.466,13.7225],[100.4655,13.722],[100.465,13.7225],[100.463,13.722]],[[100.463,13.723]],[[100.4635,13.725]]],[[[100.4685,13.711],[100.4675,13.7115],[100.468,13.7125],[100.4665,13.712],[100.466,13.7135],[100.4665,13.7135],[100.4655,13.714],[100.4675,13.7155],[100.469,13.714],[100.4705,13.715],[100.4725,13.7125],[100.4705,13.7105],[100.4695,13.7115],[100.4695,13.7105],[100.4685,13.71],[100.468,13.7105],[100.4685,13.711]],[[100.4705,13.712],[100.4695,13.712],[100.4705,13.712]]],[[[100.4675,13.7395],[100.47,13.7435],[100.472,13.742],[100.472,13.7405],[100.471,13.74],[100.4725,13.7385],[100.471,13.7365],[100.469,13.7375],[100.4695,13.739],[100.4685,13.738],[100.4685,13.739],[100.4675,13.7395]],[[100.469,13.7405],[100.4695,13.7405],[100.469,13.7405]]],[[[100.4695,13.7525],[100.4665,13.755],[100.469,13.7575],[100.4705,13.757],[100.4705,13.7555],[100.472,13.756],[100.472,13.755],[100.4705,13.7545],[100.4695,13.7525]],[[100.469,13.756],[100.468,13.756],[100.469,13.7555],[100.469,13.756]]],[[[100.4675,13.87],[100.4635,13.871],[100.464,13.8725],[100.465,13.8725],[100.4665,13.871],[100.468,13.871],[100.469,13.872],[100.4705,13.8705],[100.4675,13.87]]],[[[100.47,13.7275],[100.47,13.7285],[100.472,13.73],[100.472,13.733],[100.478,13.7315],[100.477,13.73],[100.4785,13.7285],[100.4765,13.7275],[100.476,13.7255],[100.4755,13.726],[100.474,13.7255],[100.4725,13.7265],[100.473,13.727],[100.472,13.7265],[100.472,13.7275],[100.47,13.7275]],[[100.474,13.7275],[100.474,13.727],[100.474,13.7275]],[[100.4735,13.7275],[100.473,13.7275],[100.4735,13.7275]],[[100.4755,13.73]],[[100.475,13.7305]]],[[[100.4705,13.7625],[100.471,13.7635],[100.4705,13.7645],[100.4715,13.764],[100.472,13.766],[100.4745,13.7665],[100.475,13.765],[100.4715,13.7605],[100.4705,13.7625]],[[100.472,13.764],[100.4725,13.764],[100.472,13.764]]],[[[100.4765,13.711],[100.474,13.713],[100.4745,13.7145],[100.476,13.715],[100.475,13.7155],[100.476,13.7165],[100.4755,13.7175],[100.4775,13.7165],[100.4765,13.716],[100.477,13.7155],[100.4775,13.7165],[100.4785,13.7165],[100.479,13.714],[100.4775,13.7135],[100.4785,13.712],[100.4775,13.7115],[100.478,13.711],[100.4775,13.7105],[100.4765,13.711]],[[100.4775,13.7145],[100.478,13.7145],[100.4775,13.7145]],[[100.476,13.7125],[100.4765,13.7125],[100.4765,13.713],[100.476,13.7125]],[[100.4755,13.7125],[100.476,13.7125],[100.4755,13.7125]]],[[[100.478,13.869],[100.478,13.871],[100.4805,13.871],[100.482,13.8725],[100.4835,13.871],[100.482,13.869],[100.4795,13.8695],[100.478,13.869]]],[[[100.485,13.717],[100.4845,13.7175],[100.4855,13.7185],[100.484,13.718],[100.4845,13.7175],[100.484,13.717],[100.483,13.7175],[100.483,13.719],[100.4845,13.7195],[100.484,13.7215],[100.486,13.7205],[100.4875,13.7215],[100.488,13.721],[100.487,13.72],[100.489,13.721],[100.4895,13.72],[100.4865,13.7175],[100.4865,13.7165],[100.4855,13.7175],[100.485,13.717]]],[[[100.484,13.737],[100.4835,13.7365],[100.4825,13.737],[100.485,13.738],[100.483,13.7395],[100.4835,13.7415],[100.485,13.741],[100.4845,13.7405],[100.485,13.7395],[100.4855,13.74],[100.486,13.739],[100.487,13.739],[100.4865,13.7375],[100.4875,13.7365],[100.487,13.7355],[100.4855,13.7355],[100.484,13.737]],[[100.4865,13.736],[100.4865,13.7365],[100.4865,13.736]]],[[[100.4835,13.775],[100.4825,13.7755],[100.483,13.776],[100.4825,13.777],[100.484,13.778],[100.483,13.7795],[100.4855,13.778],[100.485,13.779],[100.487,13.78],[100.4875,13.7785],[100.4835,13.775]]],[[[100.4955,13.719],[100.492,13.719],[100.492,13.72],[100.491,13.72],[100.491,13.7215],[100.492,13.7225],[100.493,13.7215],[100.493,13.7225],[100.4955,13.725],[100.496,13.724],[100.498,13.7235],[100.499,13.7215],[100.5015,13.723],[100.502,13.7225],[100.5055,13.723],[100.507,13.721],[100.506,13.7205],[100.5065,13.719],[100.5045,13.7195],[100.505,13.719],[100.5035,13.718],[100.502,13.7185],[100.5005,13.718],[100.5,13.7205],[100.4995,13.719],[100.499,13.72],[100.4965,13.72],[100.497,13.719],[100.4955,13.718],[100.4955,13.719]],[[100.5015,13.72],[100.5005,13.7205],[100.5015,13.72]],[[100.4945,13.7225],[100.4935,13.722],[100.4945,13.722],[100.4945,13.7225]],[[100.497,13.722]],[[100.505,13.722],[100.5055,13.722],[100.505,13.722]]],[[[100.494,13.741],[100.4925,13.743],[100.493,13.7435],[100.4915,13.744],[100.492,13.7445],[100.4915,13.7455],[100.4935,13.7465],[100.493,13.7475],[100.4945,13.748],[100.4975,13.7455],[100.498,13.7415],[100.497,13.741],[100.496,13.742],[100.4955,13.7405],[100.494,13.741]],[[100.495,13.744]],[[100.494,13.7465],[100.4935,13.7465],[100.494,13.7465]]],[[[100.4905,13.782],[100.49,13.7835],[100.4915,13.784],[100.492,13.7835],[100.4935,13.7845],[100.493,13.785],[100.4935,13.7855],[100.4955,13.786],[100.4965,13.785],[100.496,13.7845],[100.4965,13.783],[100.4935,13.7835],[100.4905,13.782]],[[100.4955,13.7845]]],[[[100.492,13.8635],[100.4915,13.864],[100.4925,13.864],[100.492,13.865],[100.4925,13.866],[100.492,13.8665],[100.491,13.866],[100.4905,13.867],[100.491,13.8675],[100.497,13.8645],[100.496,13.8645],[100.4955,13.8635],[100.494,13.864],[100.494,13.863],[100.4925,13.8625],[100.492,13.8635]],[[100.495,13.8645],[100.495,13.865],[100.495,13.864],[100.495,13.8645]]],[[[100.502,13.7435],[100.5,13.745],[100.5005,13.746],[100.499,13.7465],[100.4985,13.7475],[100.5015,13.7505],[100.503,13.75],[100.5025,13.7485],[100.5035,13.749],[100.5035,13.75],[100.5045,13.75],[100.5065,13.7455],[100.5055,13.745],[100.504,13.7455],[100.5035,13.744],[100.502,13.7435]],[[100.502,13.745]],[[100.505,13.747]]],[[[100.5025,13.861],[100.501,13.863],[100.5085,13.8605],[100.506,13.86],[100.5045,13.8585],[100.503,13.86],[100.503,13.8615],[100.5025,13.861]],[[100.5035,13.861],[100.5035,13.8605],[100.5035,13.861]]],[[[100.5025,13.7895],[100.502,13.791],[100.503,13.792],[100.5025,13.7945],[100.504,13.795],[100.505,13.793],[100.504,13.794],[100.5045,13.795],[100.507,13.795],[100.5065,13.7915],[100.507,13.7905],[100.505,13.792],[100.5045,13.791],[100.505,13.7895],[100.5025,13.7895]],[[100.506,13.793],[100.5065,13.7925],[100.5065,13.793],[100.506,13.793]],[[100.5035,13.7935]],[[100.506,13.7945],[100.5055,13.7945],[100.506,13.7945]]],[[[100.505,13.897],[100.5045,13.8985],[100.5055,13.8985],[100.5045,13.899],[100.5055,13.9],[100.506,13.8995],[100.5055,13.901],[100.506,13.9015],[100.507,13.901],[100.507,13.8995],[100.5075,13.9],[100.509,13.8995],[100.508,13.8985],[100.51,13.8985],[100.5095,13.897],[100.508,13.897],[100.5085,13.895],[100.505,13.897]],[[100.507,13.897],[100.507,13.8975],[100.5065,13.8975],[100.5065,13.897],[100.507,13.897]],[[100.506,13.8985],[100.5065,13.8985],[100.5065,13.899],[100.506,13.8985]]],[[[100.5045,13.9065],[100.504,13.9075],[100.505,13.9085],[100.508,13.907],[100.5055,13.9055],[100.505,13.906],[100.5055,13.9065],[100.5045,13.9065]]],[[[100.5055,13.7285],[100.5045,13.7295],[100.5065,13.7305],[100.5045,13.7315],[100.5085,13.732],[100.509,13.7315],[100.508,13.731],[100.511,13.7305],[100.51,13.7295],[100.511,13.727],[100.5105,13.7265],[100.5095,13.727],[100.5095,13.726],[100.511,13.726],[100.5115,13.727],[100.512,13.7255],[100.511,13.7255],[100.5115,13.725],[100.509,13.723],[100.5075,13.725],[100.5085,13.726],[100.5075,13.7265],[100.508,13.728],[100.506,13.728],[100.5065,13.729],[100.5055,13.7285]],[[100.5095,13.729],[100.5095,13.7295],[100.509,13.7295],[100.5095,13.729]],[[100.5065,13.73],[100.507,13.73],[100.5065,13.7305],[100.5065,13.73]]],[[[100.508,13.739],[100.5085,13.74],[100.5075,13.7405],[100.508,13.741],[100.507,13.7445],[100.511,13.745],[100.511,13.744],[100.5115,13.7445],[100.513,13.7425],[100.512,13.742],[100.513,13.742],[100.513,13.74],[100.5115,13.7405],[100.5115,13.7395],[100.508,13.739]],[[100.5085,13.7405],[100.509,13.7405],[100.5085,13.7405]],[[100.5085,13.7415]],[[100.508,13.743]],[[100.51,13.743]]],[[[100.5075,13.796],[100.508,13.797],[100.5075,13.798],[100.5085,13.798],[100.509,13.799],[100.5075,13.7995],[100.5065,13.801],[100.5085,13.8005],[100.509,13.8015],[100.511,13.8015],[100.512,13.8025],[100.513,13.8],[100.512,13.798],[100.513,13.797],[100.5105,13.7975],[100.5105,13.7965],[100.509,13.797],[100.5075,13.796]],[[100.5115,13.7995]]],[[[100.5095,13.8595],[100.51,13.861],[100.5145,13.86],[100.517,13.8605],[100.516,13.8615],[100.5175,13.8625],[100.518,13.862],[100.5185,13.865],[100.5195,13.866],[100.5215,13.865],[100.5225,13.8635],[100.5215,13.863],[100.522,13.8615],[100.523,13.8615],[100.522,13.8605],[100.522,13.859],[100.5205,13.858],[100.52,13.859],[100.5175,13.8585],[100.5155,13.8595],[100.514,13.8575],[100.513,13.858],[100.512,13.857],[100.511,13.86],[100.5095,13.8595]],[[100.519,13.8625],[100.5185,13.861],[100.519,13.8625]],[[100.5185,13.86],[100.518,13.86],[100.5185,13.86]],[[100.513,13.8585]],[[100.5205,13.8645]],[[100.521,13.8595]],[[100.5195,13.86],[100.5195,13.8605],[100.5195,13.86]]],[[[100.509,13.892],[100.5095,13.8925],[100.5115,13.892],[100.511,13.8895],[100.5135,13.888],[100.5125,13.8875],[100.5125,13.8865],[100.5115,13.886],[100.5105,13.887],[100.511,13.8875],[100.509,13.892]]],[[[100.5105,13.7195],[100.5135,13.72],[100.514,13.721],[100.5155,13.721],[100.5165,13.722],[100.5165,13.7205],[100.5185,13.719],[100.5195,13.721],[100.52,13.7205],[100.5215,13.721],[100.5215,13.7225],[100.5235,13.721],[100.523,13.7205],[100.524,13.7205],[100.5235,13.722],[100.525,13.7215],[100.5245,13.723],[100.528,13.725],[100.5265,13.726],[100.5275,13.727],[100.5315,13.726],[100.533,13.725],[100.5325,13.7235],[100.534,13.723],[100.532,13.721],[100.5325,13.72],[100.532,13.7195],[100.531,13.719],[100.529,13.721],[100.528,13.7205],[100.527,13.7175],[100.5265,13.7185],[100.5265,13.718],[100.5255,13.7185],[100.5255,13.7195],[100.525,13.7185],[100.524,13.719],[100.5235,13.717],[100.5225,13.718],[100.523,13.7185],[100.521,13.718],[100.5215,13.717],[100.5205,13.717],[100.5205,13.716],[100.518,13.718],[100.5155,13.716],[100.5145,13.7165],[100.514,13.716],[100.5125,13.719],[100.5105,13.7195]],[[100.5285,13.7225],[100.529,13.7225],[100.5295,13.7225],[100.5285,13.7225]],[[100.516,13.719]],[[100.5155,13.718],[100.516,13.718],[100.5155,13.718]],[[100.517,13.719],[100.5175,13.7185],[100.5175,13.719],[100.517,13.719]],[[100.5275,13.7215]],[[100.5275,13.72]],[[100.5205,13.72],[100.5205,13.7195],[100.521,13.7195],[100.5205,13.72]],[[100.525,13.721],[100.5245,13.721],[100.525,13.721]],[[100.5285,13.7245],[100.528,13.7245],[100.5285,13.7245]],[[100.531,13.7255],[100.531,13.725],[100.5315,13.725],[100.531,13.7255]],[[100.53,13.725]],[[100.532,13.7215],[100.532,13.722],[100.532,13.7215]]],[[[100.512,13.8465],[100.511,13.847],[100.5125,13.849],[100.512,13.8485],[100.5115,13.85],[100.515,13.8505],[100.517,13.8525],[100.518,13.852],[100.517,13.851],[100.518,13.849],[100.517,13.848],[100.516,13.8485],[100.517,13.846],[100.5155,13.8465],[100.515,13.845],[100.5145,13.846],[100.512,13.845],[100.5125,13.8455],[100.512,13.8465]],[[100.516,13.849],[100.5155,13.849],[100.516,13.849]],[[100.5145,13.85],[100.5145,13.8495],[100.515,13.8495],[100.5145,13.85]],[[100.5145,13.847],[100.5145,13.8475],[100.5145,13.847]],[[100.515,13.8485],[100.5155,13.848],[100.5155,13.8485],[100.515,13.8485]]],[[[100.514,13.736],[100.5135,13.7395],[100.5155,13.7395],[100.5175,13.741],[100.5185,13.7395],[100.5195,13.74],[100.5195,13.737],[100.5205,13.736],[100.5195,13.7355],[100.5185,13.736],[100.518,13.7355],[100.5185,13.735],[100.5175,13.7345],[100.5165,13.7355],[100.516,13.7345],[100.514,13.736]],[[100.518,13.7395],[100.5175,13.7395],[100.5175,13.739],[100.518,13.7395]],[[100.5165,13.7395],[100.517,13.739],[100.5165,13.74],[100.5165,13.7395]]],[[[100.5145,13.838],[100.5135,13.8385],[100.5135,13.84],[100.512,13.84],[100.512,13.842],[100.518,13.838],[100.516,13.8365],[100.5145,13.838]],[[100.516,13.8375]]],[[[100.5145,13.9045],[100.513,13.905],[100.513,13.9065],[100.512,13.907],[100.513,13.907],[100.5135,13.9085],[100.514,13.907],[100.5155,13.907],[100.516,13.9085],[100.5175,13.909],[100.5175,13.9075],[100.5185,13.9075],[100.519,13.906],[100.518,13.905],[100.516,13.9055],[100.5155,13.9045],[100.5145,13.9045]],[[100.5145,13.906],[100.515,13.9055],[100.515,13.905],[100.515,13.906],[100.5145,13.906]],[[100.5175,13.907],[100.5175,13.9075],[100.5175,13.907]]],[[[100.5155,13.8725],[100.516,13.873],[100.515,13.875],[100.5155,13.8775],[100.517,13.876],[100.517,13.877],[100.5185,13.876],[100.5175,13.8755],[100.519,13.8755],[100.5185,13.8745],[100.5175,13.875],[100.5175,13.8745],[100.5195,13.8735],[100.5185,13.872],[100.5175,13.872],[100.518,13.8715],[100.5175,13.871],[100.5155,13.8725]],[[100.5165,13.8745],[100.5165,13.875],[100.5165,13.8745]]],[[[100.521,13.804],[100.519,13.8045],[100.519,13.806],[100.521,13.8065],[100.521,13.805],[100.522,13.8045],[100.521,13.804]]],[[[100.528,13.746],[100.525,13.7465],[100.5245,13.7475],[100.5265,13.7475],[100.5265,13.7485],[100.5275,13.7485],[100.528,13.7495],[100.53,13.7495],[100.5305,13.7505],[100.53,13.7515],[100.529,13.751],[100.528,13.752],[100.529,13.752],[100.5295,13.7535],[100.529,13.7545],[100.531,13.754],[100.5305,13.7555],[100.531,13.756],[100.5305,13.7575],[100.5315,13.758],[100.531,13.7595],[100.5335,13.759],[100.534,13.7595],[100.5335,13.76],[100.5345,13.76],[100.535,13.7615],[100.5335,13.7635],[100.536,13.764],[100.5365,13.763],[100.537,13.765],[100.536,13.7655],[100.538,13.766],[100.538,13.7645],[100.539,13.766],[100.5405,13.764],[100.5375,13.763],[100.539,13.7615],[100.5365,13.7595],[100.536,13.758],[100.537,13.759],[100.539,13.7565],[100.5375,13.756],[100.537,13.7565],[100.5365,13.7555],[100.5355,13.756],[100.5345,13.7545],[100.5335,13.7545],[100.5335,13.753],[100.5345,13.7525],[100.532,13.7525],[100.533,13.752],[100.532,13.7515],[100.5325,13.75],[100.5315,13.749],[100.5325,13.748],[100.5315,13.7475],[100.5335,13.747],[100.5345,13.749],[100.535,13.748],[100.5345,13.746],[100.5355,13.746],[100.5355,13.748],[100.5365,13.748],[100.536,13.746],[100.5375,13.7465],[100.5395,13.745],[100.5415,13.747],[100.5425,13.746],[100.542,13.745],[100.5425,13.7445],[100.543,13.746],[100.544,13.746],[100.5445,13.747],[100.5445,13.7455],[100.547,13.7445],[100.548,13.746],[100.5485,13.7455],[100.55,13.746],[100.5495,13.745],[100.5505,13.7455],[100.551,13.7445],[100.5515,13.745],[100.552,13.7435],[100.5555,13.7445],[100.556,13.743],[100.5555,13.7425],[100.557,13.743],[100.559,13.739],[100.559,13.74],[100.56,13.7405],[100.5615,13.7395],[100.5615,13.7405],[100.5625,13.741],[100.562,13.7375],[100.5635,13.7365],[100.563,13.7355],[100.5635,13.735],[100.56,13.7335],[100.559,13.7365],[100.5595,13.737],[100.5585,13.7375],[100.558,13.7365],[100.557,13.7385],[100.5555,13.737],[100.5555,13.738],[100.5545,13.7385],[100.554,13.738],[100.553,13.739],[100.554,13.7405],[100.553,13.7405],[100.552,13.742],[100.551,13.7405],[100.55,13.7415],[100.55,13.7405],[100.549,13.7405],[100.546,13.7415],[100.546,13.7425],[100.544,13.7425],[100.5445,13.7415],[100.5435,13.741],[100.5425,13.743],[100.542,13.742],[100.5405,13.7425],[100.5415,13.7415],[100.541,13.741],[100.5425,13.74],[100.542,13.7395],[100.5425,13.738],[100.5415,13.738],[100.541,13.7365],[100.5395,13.737],[100.54,13.7365],[100.539,13.7355],[100.538,13.7365],[100.538,13.738],[100.537,13.738],[100.537,13.739],[100.5385,13.7385],[100.539,13.7395],[100.5395,13.742],[100.5385,13.7425],[100.5395,13.743],[100.539,13.7445],[100.538,13.7445],[100.535,13.7415],[100.535,13.7425],[100.534,13.743],[100.5345,13.7435],[100.532,13.7435],[100.531,13.7445],[100.53,13.743],[100.53,13.7455],[100.53,13.744],[100.528,13.7435],[100.528,13.746]],[[100.529,13.7455]],[[100.529,13.7445],[100.5285,13.745],[100.5285,13.7445],[100.529,13.7445]],[[100.532,13.758],[100.532,13.7575],[100.533,13.7575],[100.533,13.758],[100.532,13.758]],[[100.53,13.7525],[100.5305,13.7525],[100.53,13.7525]],[[100.5315,13.754],[100.531,13.754],[100.5315,13.754]],[[100.5315,13.7465]],[[100.531,13.7455],[100.531,13.745],[100.531,13.7455]],[[100.534,13.745]],[[100.537,13.7615]],[[100.538,13.7615]],[[100.55,13.744],[100.55,13.7435],[100.55,13.7445],[100.55,13.744]],[[100.5445,13.7445]],[[100.5415,13.743],[100.5415,13.744],[100.5415,13.743]],[[100.5405,13.741],[100.54,13.7405],[100.5405,13.7405],[100.5405,13.741]],[[100.54,13.7385],[100.54,13.738],[100.5405,13.7385],[100.54,13.7385]],[[100.5475,13.742],[100.548,13.742],[100.5475,13.742]],[[100.557,13.741]],[[100.5545,13.742]],[[100.5555,13.742]],[[100.5625,13.7365],[100.562,13.7365],[100.5625,13.7365]],[[100.562,13.7355],[100.5615,13.7355],[100.562,13.7355]]],[[[100.5255,13.8295],[100.524,13.8305],[100.5245,13.831],[100.5235,13.832],[100.5265,13.8325],[100.527,13.831],[100.5295,13.8305],[100.529,13.8295],[100.5295,13.828],[100.5275,13.827],[100.528,13.8285],[100.5255,13.8295]],[[100.5285,13.829],[100.529,13.8295],[100.5285,13.829]],[[100.5265,13.8305],[100.5265,13.831],[100.526,13.8305],[100.5265,13.8305]]],[[[100.5255,13.905],[100.527,13.9055],[100.5275,13.907],[100.5285,13.905],[100.5295,13.907],[100.5315,13.906],[100.5315,13.9045],[100.533,13.903],[100.532,13.902],[100.5305,13.903],[100.5305,13.902],[100.529,13.9015],[100.529,13.9025],[100.528,13.902],[100.527,13.9025],[100.527,13.9045],[100.5255,13.905]],[[100.5295,13.9025]],[[100.528,13.9035],[100.5285,13.904],[100.5275,13.904],[100.528,13.9035]],[[100.53,13.905]],[[100.5305,13.9055],[100.531,13.905],[100.531,13.9055],[100.5305,13.9055]]],[[[100.5285,13.73],[100.526,13.731],[100.5265,13.7315],[100.526,13.7335],[100.5275,13.735],[100.5285,13.734],[100.528,13.735],[100.5295,13.736],[100.5305,13.735],[100.5295,13.734],[100.5305,13.7335],[100.5315,13.734],[100.531,13.733],[100.53,13.733],[100.531,13.7325],[100.532,13.733],[100.5325,13.7315],[100.5355,13.731],[100.5375,13.732],[100.538,13.731],[100.5385,13.7325],[100.5395,13.732],[100.539,13.731],[100.5395,13.7315],[100.541,13.731],[100.54,13.73],[100.5405,13.729],[100.5395,13.729],[100.539,13.73],[100.5385,13.7295],[100.541,13.728],[100.54,13.7275],[100.539,13.728],[100.537,13.726],[100.5345,13.727],[100.534,13.726],[100.5305,13.727],[100.5305,13.728],[100.5315,13.728],[100.531,13.7295],[100.53,13.7295],[100.5295,13.7305],[100.529,13.7295],[100.5285,13.73]],[[100.5325,13.7295],[100.533,13.7295],[100.5335,13.729],[100.533,13.7295],[100.5325,13.7295]],[[100.535,13.7295]],[[100.5345,13.728],[100.535,13.728],[100.5355,13.7285],[100.5345,13.728]],[[100.537,13.729],[100.5375,13.728],[100.538,13.728],[100.537,13.729]]],[[[100.5275,13.8055],[100.5265,13.8065],[100.528,13.808],[100.529,13.8075],[100.529,13.809],[100.5305,13.809],[100.5315,13.81],[100.5315,13.809],[100.5325,13.809],[100.533,13.807],[100.534,13.807],[100.535,13.805],[100.533,13.804],[100.532,13.8055],[100.5285,13.8045],[100.5275,13.8055]],[[100.5325,13.8065],[100.532,13.8065],[100.533,13.806],[100.5325,13.8065]]],[[[100.53,13.819],[100.53,13.82],[100.5315,13.8195],[100.532,13.82],[100.5305,13.82],[100.53,13.821],[100.531,13.8215],[100.531,13.8225],[100.532,13.8225],[100.5325,13.824],[100.5335,13.8235],[100.533,13.823],[100.5335,13.822],[100.5345,13.822],[100.535,13.821],[100.534,13.8205],[100.534,13.8185],[100.533,13.8185],[100.5325,13.8165],[100.5315,13.817],[100.532,13.818],[100.53,13.819]],[[100.532,13.819]],[[100.533,13.82],[100.533,13.8205],[100.533,13.82]],[[100.5335,13.8215],[100.533,13.821],[100.5335,13.8215]]],[[[100.536,13.804],[100.5385,13.8055],[100.5395,13.805],[100.5395,13.806],[100.5405,13.8065],[100.541,13.806],[100.5395,13.803],[100.542,13.802],[100.5405,13.8015],[100.5395,13.8025],[100.54,13.801],[100.5385,13.8005],[100.5375,13.801],[100.538,13.8025],[100.536,13.803],[100.5365,13.804],[100.536,13.804]]],[[[100.5375,13.9005],[100.5375,13.902],[100.5385,13.9025],[100.539,13.901],[100.5395,13.903],[100.5405,13.902],[100.54,13.901],[100.542,13.901],[100.5415,13.9005],[100.5435,13.8995],[100.54,13.899],[100.539,13.9],[100.538,13.8995],[100.5375,13.9005]]],[[[100.54,13.754],[100.5395,13.7545],[100.5405,13.755],[100.54,13.7565],[100.542,13.7585],[100.543,13.7575],[100.5445,13.7575],[100.545,13.756],[100.5435,13.7555],[100.5455,13.754],[100.5435,13.754],[100.544,13.753],[100.542,13.752],[100.541,13.752],[100.5415,13.7535],[100.54,13.754]],[[100.543,13.7545],[100.5425,13.754],[100.543,13.754],[100.543,13.7545]]],[[[100.5405,13.7685],[100.54,13.771],[100.541,13.771],[100.5405,13.7715],[100.5415,13.7735],[100.541,13.776],[100.542,13.776],[100.5425,13.775],[100.543,13.7765],[100.542,13.7775],[100.542,13.779],[100.543,13.78],[100.5425,13.781],[100.5435,13.7815],[100.5425,13.7825],[100.544,13.783],[100.545,13.782],[100.545,13.7845],[100.544,13.785],[100.545,13.786],[100.5435,13.7855],[100.5435,13.7865],[100.5465,13.7875],[100.546,13.7885],[100.548,13.7895],[100.5495,13.7865],[100.5485,13.7855],[100.548,13.7865],[100.5475,13.786],[100.548,13.784],[100.5465,13.7835],[100.547,13.782],[100.5465,13.7805],[100.5475,13.781],[100.5475,13.7805],[100.544,13.7765],[100.5425,13.772],[100.5425,13.7715],[100.5435,13.773],[100.5435,13.771],[100.5445,13.7705],[100.5405,13.7685]],[[100.542,13.7705]],[[100.545,13.78],[100.5455,13.78],[100.545,13.78]],[[100.545,13.779]],[[100.5465,13.7865],[100.5455,13.787],[100.5455,13.7865],[100.5465,13.7865]],[[100.546,13.781]]],[[[100.541,13.9115],[100.5445,13.912],[100.5475,13.9105],[100.547,13.91],[100.5445,13.9105],[100.5435,13.907],[100.544,13.9105],[100.5425,13.911],[100.542,13.91],[100.541,13.9115]]],[[[100.542,13.7245],[100.5415,13.7275],[100.5435,13.7275],[100.543,13.728],[100.5435,13.7285],[100.544,13.728],[100.545,13.7295],[100.546,13.729],[100.5455,13.7285],[100.5465,13.728],[100.5465,13.7265],[100.548,13.7255],[100.5485,13.7265],[100.5495,13.7235],[100.5475,13.723],[100.5475,13.724],[100.546,13.725],[100.545,13.725],[100.5445,13.7235],[100.5425,13.725],[100.542,13.7245]],[[100.544,13.725],[100.544,13.7255],[100.544,13.725]]],[[[100.5435,13.917],[100.5435,13.918],[100.545,13.9185],[100.5455,13.9205],[100.5445,13.921],[100.546,13.9225],[100.546,13.9175],[100.547,13.918],[100.547,13.9165],[100.545,13.915],[100.5445,13.9155],[100.545,13.916],[100.544,13.9165],[100.5445,13.917],[100.5435,13.917]]],[[[100.5495,13.7965],[100.544,13.797],[100.544,13.798],[100.546,13.798],[100.5465,13.8],[100.547,13.7995],[100.5495,13.8005],[100.5515,13.7995],[100.5505,13.8015],[100.554,13.807],[100.5565,13.8065],[100.557,13.805],[100.556,13.8045],[100.554,13.801],[100.5555,13.8],[100.5535,13.8005],[100.5545,13.799],[100.553,13.7995],[100.551,13.798],[100.5515,13.7975],[100.5505,13.794],[100.551,13.793],[100.5495,13.7925],[100.5515,13.7915],[100.5505,13.7915],[100.55,13.7905],[100.5495,13.7915],[100.5495,13.7905],[100.5485,13.79],[100.5485,13.792],[100.5475,13.793],[100.549,13.7935],[100.547,13.7955],[100.548,13.7965],[100.549,13.7955],[100.5495,13.7965]],[[100.548,13.7995],[100.5475,13.799],[100.548,13.799],[100.548,13.7995]],[[100.5525,13.803],[100.553,13.803],[100.5535,13.804],[100.553,13.8035],[100.5525,13.803]],[[100.554,13.806],[100.554,13.8055],[100.554,13.806]]],[[[100.5455,13.8975],[100.5445,13.8985],[100.545,13.899],[100.5495,13.8975],[100.5505,13.898],[100.5515,13.896],[100.5495,13.8965],[100.549,13.8945],[100.548,13.8945],[100.5475,13.895],[100.548,13.8965],[100.5465,13.896],[100.5465,13.8975],[100.5455,13.8975]]],[[[100.5485,13.8245],[100.547,13.8255],[100.549,13.826],[100.548,13.827],[100.549,13.827],[100.551,13.83],[100.5515,13.8295],[100.5485,13.8245]]],[[[100.552,13.7215],[100.5505,13.724],[100.555,13.7225],[100.5555,13.724],[100.556,13.7225],[100.5585,13.722],[100.5585,13.723],[100.557,13.7235],[100.5595,13.7235],[100.559,13.7255],[100.56,13.726],[100.56,13.727],[100.561,13.7265],[100.561,13.7245],[100.5625,13.724],[100.561,13.7235],[100.562,13.7235],[100.5625,13.7225],[100.5615,13.7205],[100.5605,13.721],[100.5615,13.7195],[100.559,13.7185],[100.558,13.719],[100.5585,13.72],[100.557,13.7205],[100.556,13.7205],[100.5545,13.719],[100.552,13.7215]],[[100.554,13.7215]],[[100.5535,13.7215]],[[100.555,13.721],[100.555,13.7215],[100.555,13.721]],[[100.555,13.72]],[[100.561,13.7225]]],[[[100.5555,13.8385],[100.5555,13.8405],[100.5565,13.8405],[100.556,13.8425],[100.558,13.8435],[100.559,13.845],[100.5595,13.8445],[100.5565,13.8385],[100.5555,13.8385]]],[[[100.557,13.894],[100.5565,13.895],[100.5575,13.895],[100.558,13.896],[100.56,13.895],[100.5615,13.896],[100.5635,13.8925],[100.562,13.892],[100.561,13.8925],[100.5615,13.8915],[100.5605,13.8915],[100.56,13.8905],[100.5595,13.8915],[100.559,13.891],[100.559,13.8925],[100.558,13.8925],[100.5575,13.8935],[100.558,13.894],[100.557,13.894]],[[100.56,13.894]],[[100.5615,13.8945]],[[100.5615,13.894]]],[[[100.558,13.749],[100.558,13.75],[100.559,13.75],[100.5595,13.751],[100.5585,13.7515],[100.5595,13.754],[100.5605,13.7535],[100.5595,13.7525],[100.564,13.752],[100.5635,13.751],[100.5645,13.7505],[100.5635,13.7485],[100.5605,13.748],[100.5595,13.749],[100.558,13.749]],[[100.5595,13.7515],[100.561,13.75],[100.562,13.7505],[100.5595,13.7515]],[[100.5595,13.75],[100.56,13.75],[100.5595,13.75]],[[100.5625,13.751]],[[100.5625,13.751],[100.5625,13.7495],[100.5635,13.75],[100.5625,13.751]],[[100.5635,13.751],[100.563,13.751],[100.563,13.7505],[100.5635,13.751]]],[[[100.5585,13.811],[100.5585,13.816],[100.561,13.816],[100.564,13.82],[100.5645,13.819],[100.5635,13.818],[100.5645,13.8165],[100.564,13.8155],[100.5635,13.816],[100.562,13.8155],[100.563,13.8145],[100.5635,13.813],[100.563,13.8125],[100.565,13.811],[100.564,13.81],[100.5635,13.811],[100.5625,13.811],[100.5635,13.81],[100.562,13.8095],[100.561,13.8105],[100.561,13.8115],[100.562,13.812],[100.5615,13.8125],[100.56,13.812],[100.5605,13.811],[100.56,13.8105],[100.5585,13.811]],[[100.559,13.814]],[[100.5605,13.813]],[[100.5625,13.817]],[[100.5625,13.812],[100.5625,13.8115],[100.563,13.8115],[100.5625,13.812]],[[100.562,13.814],[100.5615,13.814],[100.562,13.813],[100.562,13.814]]],[[[100.5605,13.8475],[100.559,13.8485],[100.5615,13.8495],[100.5605,13.8505],[100.5615,13.851],[100.5615,13.852],[100.5635,13.8525],[100.562,13.849],[100.5625,13.8475],[100.5605,13.8465],[100.5605,13.8475]]],[[[100.5655,13.733],[100.567,13.734],[100.568,13.733],[100.568,13.734],[100.569,13.7335],[100.5695,13.7345],[100.5705,13.733],[100.5715,13.7335],[100.571,13.7305],[100.5725,13.731],[100.572,13.7295],[100.5735,13.728],[100.572,13.728],[100.571,13.729],[100.571,13.7275],[100.57,13.727],[100.5695,13.728],[100.568,13.7275],[100.5655,13.7305],[100.567,13.7315],[100.5655,13.733]],[[100.568,13.729]],[[100.567,13.7305],[100.5675,13.73],[100.5675,13.7305],[100.567,13.7305]],[[100.5695,13.732],[100.57,13.7325],[100.5695,13.732]],[[100.5695,13.7315]],[[100.5695,13.728],[100.57,13.728],[100.5695,13.728]],[[100.569,13.7305],[100.5685,13.73],[100.569,13.73],[100.569,13.7305]],[[100.569,13.733],[100.569,13.7325],[100.569,13.733]]],[[[100.5645,13.7545],[100.5645,13.7555],[100.563,13.7555],[100.5625,13.7565],[100.5645,13.757],[100.5655,13.7605],[100.565,13.761],[100.566,13.7615],[100.5665,13.761],[100.5655,13.757],[100.567,13.756],[100.5645,13.7545]]],[[[100.5645,13.821],[100.5645,13.824],[100.563,13.8235],[100.563,13.824],[100.565,13.8255],[100.567,13.8255],[100.5665,13.8265],[100.568,13.8275],[100.567,13.828],[100.5675,13.8285],[100.567,13.8295],[100.5675,13.83],[100.569,13.8295],[100.5685,13.8305],[100.5695,13.83],[100.569,13.8305],[100.5695,13.832],[100.5715,13.833],[100.5715,13.832],[100.573,13.831],[100.5725,13.8295],[100.5685,13.827],[100.567,13.8245],[100.567,13.8235],[100.568,13.823],[100.566,13.8225],[100.5665,13.822],[100.566,13.8215],[100.5645,13.821]],[[100.565,13.824],[100.5655,13.8235],[100.566,13.824],[100.565,13.824]],[[100.5685,13.8285]],[[100.5695,13.8285]],[[100.5705,13.832]]],[[[100.5655,13.857],[100.565,13.8575],[100.5665,13.861],[100.566,13.8625],[100.567,13.863],[100.5675,13.862],[100.568,13.8635],[100.569,13.8625],[100.5655,13.857]]],[[[100.566,13.889],[100.564,13.8925],[100.566,13.892],[100.5665,13.8925],[100.566,13.8935],[100.57,13.8925],[100.5705,13.89],[100.5695,13.889],[100.5685,13.8895],[100.567,13.889],[100.567,13.89],[100.566,13.889]],[[100.569,13.891]]],[[[100.5685,13.7625],[100.5675,13.762],[100.5665,13.7645],[100.567,13.7655],[100.568,13.7655],[100.5685,13.768],[100.571,13.768],[100.57,13.7695],[100.5715,13.769],[100.573,13.77],[100.5735,13.769],[100.571,13.766],[100.573,13.7635],[100.572,13.7635],[100.57,13.7655],[100.5695,13.762],[100.5685,13.7625]],[[100.5695,13.7665],[100.5695,13.766],[100.5695,13.7665]]],[[[100.5695,13.808],[100.5685,13.808],[100.569,13.809],[100.5705,13.8085],[100.572,13.81],[100.574,13.808],[100.5745,13.8085],[100.576,13.8075],[100.5765,13.8045],[100.5755,13.8035],[100.575,13.8005],[100.577,13.8005],[100.577,13.798],[100.5765,13.797],[100.575,13.797],[100.575,13.795],[100.573,13.796],[100.5735,13.7975],[100.572,13.7975],[100.573,13.8],[100.574,13.8005],[100.574,13.8045],[100.5735,13.804],[100.573,13.8055],[100.5705,13.8075],[100.57,13.8065],[100.5695,13.808]],[[100.576,13.7985],[100.576,13.798],[100.576,13.7985]],[[100.571,13.808],[100.5715,13.808],[100.571,13.808]],[[100.572,13.8075]],[[100.5735,13.7985]],[[100.5735,13.8055]]],[[[100.5705,13.777],[100.571,13.778],[100.57,13.7785],[100.572,13.7785],[100.5715,13.779],[100.572,13.7805],[100.5735,13.7825],[100.5755,13.781],[100.5755,13.7795],[100.5765,13.7795],[100.577,13.7785],[100.5765,13.7775],[100.575,13.778],[100.574,13.7775],[100.5745,13.7755],[100.5735,13.7745],[100.572,13.7755],[100.573,13.7765],[100.572,13.7775],[100.5705,13.777]],[[100.573,13.779]],[[100.575,13.779]]],[[[100.573,13.7885],[100.5715,13.7885],[100.5715,13.7895],[100.5705,13.79],[100.572,13.791],[100.5735,13.7905],[100.574,13.793],[100.5755,13.7935],[100.576,13.792],[100.577,13.792],[100.576,13.7905],[100.5775,13.7895],[100.5745,13.787],[100.574,13.7855],[100.573,13.786],[100.5735,13.7865],[100.573,13.7885]],[[100.573,13.7895],[100.5735,13.789],[100.5735,13.7895],[100.573,13.7895]]],[[[100.573,13.8335],[100.572,13.834],[100.5755,13.8395],[100.5745,13.837],[100.5755,13.836],[100.577,13.836],[100.5765,13.835],[100.575,13.8355],[100.5745,13.834],[100.573,13.8335]],[[100.574,13.8365],[100.5745,13.8365],[100.574,13.8365]]],[[[100.575,13.886],[100.5735,13.888],[100.574,13.8895],[100.5745,13.889],[100.576,13.8895],[100.576,13.8885],[100.5785,13.8885],[100.578,13.888],[100.5785,13.8865],[100.58,13.886],[100.581,13.8875],[100.5825,13.888],[100.581,13.889],[100.5825,13.889],[100.583,13.8905],[100.5845,13.89],[100.584,13.888],[100.5845,13.8885],[100.585,13.8865],[100.5835,13.884],[100.584,13.8835],[100.5845,13.8845],[100.5855,13.882],[100.584,13.8815],[100.584,13.8825],[100.583,13.883],[100.583,13.8815],[100.5815,13.8815],[100.581,13.883],[100.58,13.8825],[100.579,13.8855],[100.5755,13.887],[100.575,13.886]],[[100.581,13.8855],[100.5815,13.887],[100.581,13.8855]],[[100.5835,13.8855]]],[[[100.5745,13.7245],[100.5765,13.7285],[100.5775,13.7255],[100.577,13.727],[100.5785,13.728],[100.579,13.726],[100.58,13.727],[100.5805,13.7265],[100.581,13.7255],[100.5805,13.7245],[100.5815,13.7245],[100.581,13.7235],[100.582,13.7225],[100.584,13.722],[100.584,13.723],[100.585,13.7235],[100.5855,13.7215],[100.586,13.722],[100.587,13.721],[100.586,13.7205],[100.588,13.7195],[100.589,13.7175],[100.591,13.718],[100.5905,13.717],[100.592,13.7175],[100.593,13.7165],[100.5925,13.716],[100.5945,13.7155],[100.595,13.7135],[100.5945,13.7125],[100.593,13.712],[100.59,13.7125],[100.5895,13.715],[100.589,13.7135],[100.5885,13.716],[100.588,13.7155],[100.588,13.7165],[100.586,13.718],[100.5855,13.717],[100.5835,13.717],[100.584,13.7175],[100.583,13.7205],[100.582,13.7205],[100.581,13.722],[100.581,13.721],[100.5805,13.7215],[100.579,13.721],[100.5775,13.722],[100.5765,13.7215],[100.5755,13.7235],[100.5765,13.7245],[100.5745,13.7245]],[[100.5915,13.7165],[100.5915,13.716],[100.5915,13.7165]],[[100.578,13.7235],[100.5785,13.7235],[100.5785,13.724],[100.578,13.7235]],[[100.5785,13.722],[100.579,13.722],[100.5785,13.7225],[100.5785,13.722]],[[100.5855,13.721]],[[100.5855,13.72],[100.585,13.7205],[100.585,13.72],[100.5855,13.72]],[[100.5855,13.7185],[100.5855,13.719],[100.5855,13.7185]],[[100.5855,13.7215],[100.585,13.7215],[100.5855,13.7215]],[[100.591,13.7135],[100.591,13.714],[100.5905,13.7145],[100.591,13.7135]],[[100.5865,13.718],[100.586,13.718],[100.5865,13.718]],[[100.593,13.713]]],[[[100.5755,13.8405],[100.575,13.8415],[100.5755,13.8425],[100.5765,13.8425],[100.5755,13.8455],[100.576,13.846],[100.577,13.8455],[100.577,13.8445],[100.5775,13.845],[100.5785,13.8445],[100.5765,13.8405],[100.5755,13.8405]],[[100.5775,13.8445]]],[[[100.5795,13.754],[100.578,13.7545],[100.577,13.754],[100.575,13.7555],[100.576,13.757],[100.5765,13.756],[100.577,13.757],[100.578,13.756],[100.579,13.7585],[100.579,13.7575],[100.58,13.7575],[100.579,13.7565],[100.582,13.7555],[100.5795,13.754]]],[[[100.5795,13.85],[100.579,13.8515],[100.5805,13.852],[100.5805,13.853],[100.5815,13.8515],[100.581,13.853],[100.5815,13.854],[100.583,13.853],[100.5835,13.8535],[100.583,13.854],[100.584,13.8545],[100.5835,13.8575],[100.585,13.858],[100.585,13.8595],[100.5855,13.8585],[100.587,13.859],[100.587,13.8575],[100.585,13.855],[100.5855,13.854],[100.584,13.8535],[100.583,13.852],[100.582,13.8495],[100.5825,13.8485],[100.58,13.8475],[100.5795,13.85]],[[100.5845,13.857],[100.585,13.857],[100.5845,13.857]],[[100.5845,13.8565]]],[[[100.5905,13.6195],[100.5895,13.6215],[100.5875,13.6205],[100.5885,13.6215],[100.5875,13.623],[100.589,13.623],[100.5895,13.625],[100.5905,13.6245],[100.59,13.6235],[100.593,13.623],[100.593,13.622],[100.5905,13.6215],[100.591,13.6205],[100.592,13.621],[100.5925,13.6195],[100.5905,13.6195]]],[[[100.59,13.8645],[100.5895,13.869],[100.5905,13.87],[100.593,13.87],[100.5935,13.869],[100.59,13.8645]],[[100.5905,13.867]]],[[[100.592,13.878],[100.587,13.8815],[100.5885,13.881],[100.589,13.8815],[100.589,13.8805],[100.5915,13.8815],[100.5925,13.8795],[100.592,13.878]]],[[[100.5875,13.8955],[100.587,13.896],[100.5875,13.897],[100.586,13.898],[100.5865,13.8995],[100.589,13.9015],[100.5905,13.9015],[100.591,13.901],[100.5875,13.8955]],[[100.5875,13.8985],[100.587,13.898],[100.588,13.8975],[100.5885,13.8985],[100.5875,13.8985]],[[100.5885,13.8995],[100.5885,13.9],[100.5885,13.8995]],[[100.5895,13.9005],[100.589,13.9005],[100.5895,13.9005]]],[[[100.5955,13.636],[100.5945,13.6355],[100.592,13.6375],[100.5945,13.6375],[100.5955,13.636]]],[[[100.5945,13.647],[100.5955,13.648],[100.5985,13.6465],[100.5955,13.646],[100.5945,13.647]]],[[[100.595,13.8715],[100.5945,13.872],[100.5955,13.8745],[100.594,13.875],[100.5955,13.8755],[100.5945,13.876],[100.5945,13.877],[100.5955,13.877],[100.5965,13.8785],[100.5985,13.8785],[100.598,13.877],[100.5995,13.8765],[100.599,13.876],[100.6,13.875],[100.599,13.875],[100.5995,13.874],[100.5985,13.8735],[100.6,13.873],[100.601,13.8735],[100.6015,13.8725],[100.6015,13.8735],[100.6025,13.874],[100.604,13.8725],[100.605,13.873],[100.6045,13.8715],[100.606,13.8695],[100.5985,13.873],[100.5955,13.8725],[100.595,13.8715]],[[100.597,13.877]],[[100.597,13.8755]],[[100.597,13.874],[100.597,13.8735],[100.597,13.874]],[[100.604,13.871]],[[100.602,13.872]],[[100.604,13.872],[100.6035,13.872],[100.604,13.872]]],[[[100.596,13.9115],[100.5955,13.912],[100.596,13.9125],[100.595,13.913],[100.596,13.9135],[100.595,13.9135],[100.596,13.9155],[100.5955,13.916],[100.5985,13.917],[100.599,13.9165],[100.596,13.9115]],[[100.596,13.9145]]],[[[100.5965,13.6015],[100.596,13.6025],[100.5965,13.603],[100.5975,13.602],[100.5965,13.6015]]],[[[100.5975,13.6065],[100.596,13.6075],[100.5955,13.607],[100.5945,13.6085],[100.5955,13.6095],[100.5985,13.61],[100.5975,13.6065]],[[100.598,13.609]]],[[[100.599,13.704],[100.5995,13.705],[100.599,13.7045],[100.5985,13.7055],[100.598,13.705],[100.5975,13.7055],[100.599,13.7095],[100.6005,13.7095],[100.601,13.7085],[100.6015,13.709],[100.602,13.708],[100.603,13.7085],[100.603,13.7075],[100.601,13.7065],[100.6035,13.707],[100.604,13.7065],[100.6035,13.706],[100.6045,13.706],[100.604,13.7045],[100.603,13.705],[100.6035,13.7035],[100.603,13.702],[100.601,13.703],[100.6015,13.7035],[100.5995,13.703],[100.599,13.704]],[[100.5995,13.7075],[100.5985,13.707],[100.6,13.707],[100.5995,13.7075]],[[100.6025,13.7035]]],[[[100.5985,13.743],[100.5995,13.744],[100.601,13.7435],[100.6,13.744],[100.6005,13.745],[100.602,13.7445],[100.603,13.7455],[100.6035,13.745],[100.602,13.743],[100.603,13.7425],[100.602,13.7425],[100.6025,13.7415],[100.6015,13.741],[100.602,13.7405],[100.6015,13.74],[100.6,13.7405],[100.6,13.7425],[100.5985,13.743]]],[[[100.599,13.8795],[100.598,13.881],[100.599,13.883],[100.598,13.884],[100.5995,13.8835],[100.6005,13.884],[100.6005,13.885],[100.6015,13.8845],[100.6015,13.8855],[100.6025,13.886],[100.602,13.8865],[100.606,13.891],[100.607,13.8895],[100.6055,13.8885],[100.605,13.889],[100.606,13.888],[100.605,13.886],[100.6045,13.8865],[100.604,13.8855],[100.603,13.8855],[100.603,13.8825],[100.602,13.8825],[100.599,13.8795]],[[100.6005,13.8825],[100.5995,13.883],[100.6,13.882],[100.6005,13.8825]]],[[[100.602,13.992],[100.603,13.9895],[100.6025,13.987],[100.602,13.992]]],[[[100.6005,13.6585],[100.6015,13.66],[100.6005,13.661],[100.599,13.6605],[100.5985,13.6615],[100.6005,13.6615],[100.601,13.663],[100.6035,13.6625],[100.6035,13.6635],[100.6045,13.6635],[100.6045,13.662],[100.6055,13.6615],[100.6045,13.6605],[100.604,13.6615],[100.6035,13.66],[100.6025,13.6605],[100.6025,13.6615],[100.602,13.658],[100.6005,13.6585]]],[[[100.6045,13.9695],[100.6055,13.9665],[100.6055,13.9625],[100.6045,13.9695]]],[[[100.6045,13.6695],[100.602,13.6705],[100.6035,13.6705],[100.603,13.671],[100.605,13.672],[100.606,13.67],[100.604,13.667],[100.6045,13.6695]],[[100.6045,13.67],[100.605,13.67],[100.6045,13.67]]],[[[100.6025,13.6945],[100.6035,13.696],[100.602,13.6955],[100.6015,13.6965],[100.6025,13.6965],[100.602,13.6985],[100.603,13.698],[100.6035,13.701],[100.605,13.6995],[100.6065,13.7],[100.6085,13.699],[100.606,13.6965],[100.608,13.697],[100.6075,13.696],[100.609,13.696],[100.607,13.694],[100.609,13.692],[100.609,13.691],[100.6095,13.6915],[100.611,13.6905],[100.61,13.69],[100.6115,13.688],[100.6105,13.687],[100.611,13.6855],[100.61,13.6855],[100.609,13.688],[100.6085,13.6875],[100.6075,13.689],[100.6065,13.693],[100.6045,13.6935],[100.604,13.6945],[100.6025,13.6945]],[[100.6045,13.6975],[100.6035,13.6975],[100.604,13.697],[100.6045,13.6975]],[[100.605,13.694],[100.606,13.694],[100.605,13.695],[100.605,13.694]],[[100.6045,13.696],[100.605,13.696],[100.605,13.6965],[100.6045,13.696]],[[100.6085,13.6885],[100.6085,13.689],[100.6085,13.6885]],[[100.6095,13.689],[100.61,13.688],[100.6095,13.689]],[[100.609,13.69],[100.6095,13.69],[100.609,13.69]]],[[[100.607,13.5755],[100.606,13.5755],[100.606,13.577],[100.605,13.578],[100.6065,13.578],[100.6075,13.58],[100.6075,13.5785],[100.609,13.5765],[100.6075,13.5765],[100.607,13.5755]]],[[[100.6075,13.8935],[100.607,13.8965],[100.61,13.898],[100.6085,13.8955],[100.609,13.894],[100.6075,13.8935]]],[[[100.608,13.5665],[100.607,13.5675],[100.6075,13.568],[100.6085,13.567],[100.608,13.5665]]],[[[100.6075,13.5835],[100.607,13.584],[100.608,13.5855],[100.6085,13.585],[100.6075,13.5835]]],[[[100.608,13.592],[100.6085,13.5925],[100.609,13.5925],[100.6085,13.592],[100.608,13.592]]],[[[100.608,13.6765],[100.6075,13.678],[100.609,13.6795],[100.608,13.681],[100.6095,13.681],[100.6105,13.6835],[100.612,13.679],[100.613,13.6785],[100.611,13.6775],[100.6105,13.6785],[100.6095,13.6785],[100.609,13.678],[100.6095,13.6775],[100.608,13.6765]]],[[[100.6245,13.856],[100.624,13.856],[100.6245,13.858],[100.624,13.8575],[100.6225,13.86],[100.623,13.8605],[100.624,13.86],[100.6245,13.861],[100.6255,13.8605],[100.626,13.862],[100.6275,13.8595],[100.628,13.8605],[100.6285,13.859],[100.6295,13.859],[100.628,13.858],[100.6285,13.8575],[100.6295,13.858],[100.6315,13.856],[100.6325,13.8565],[100.633,13.8555],[100.6335,13.856],[100.6355,13.8535],[100.6345,13.853],[100.633,13.854],[100.632,13.8525],[100.6315,13.8535],[100.6325,13.8545],[100.6295,13.855],[100.63,13.856],[100.628,13.857],[100.6265,13.8565],[100.6265,13.8575],[100.6265,13.8565],[100.625,13.857],[100.6245,13.856]],[[100.625,13.8585],[100.6245,13.8585],[100.625,13.8585]]],[[[100.62,13.863],[100.6195,13.8615],[100.615,13.8645],[100.616,13.864],[100.616,13.865],[100.619,13.8645],[100.6185,13.8655],[100.619,13.865],[100.62,13.8655],[100.6205,13.8645],[100.6205,13.8635],[100.6195,13.8635],[100.62,13.863]],[[100.618,13.864],[100.6185,13.864],[100.618,13.8645],[100.618,13.864]],[[100.6195,13.8645],[100.6195,13.864],[100.6195,13.8645]],[[100.6195,13.8625]],[[100.6185,13.863]]],[[[100.6185,13.908],[100.6165,13.9085],[100.6155,13.908],[100.6155,13.909],[100.619,13.9135],[100.6205,13.909],[100.619,13.9085],[100.6185,13.9095],[100.618,13.909],[100.6185,13.908]],[[100.6195,13.9105],[100.619,13.9105],[100.6195,13.91],[100.6195,13.9105]],[[100.617,13.909]],[[100.618,13.911]]],[[[100.6215,13.917],[100.621,13.9175],[100.622,13.9185],[100.6225,13.918],[100.6215,13.917]]],[[[100.6245,13.922],[100.624,13.9225],[100.6245,13.9235],[100.623,13.9245],[100.624,13.9245],[100.624,13.9265],[100.626,13.9265],[100.6255,13.9285],[100.6265,13.9285],[100.6285,13.927],[100.6275,13.926],[100.6295,13.9255],[100.627,13.9255],[100.626,13.9245],[100.6265,13.9225],[100.625,13.923],[100.6245,13.922]],[[100.6255,13.9235]]],[[[100.6285,13.7715],[100.6275,13.7735],[100.628,13.7745],[100.6265,13.7755],[100.6275,13.7775],[100.63,13.778],[100.63,13.777],[100.632,13.7755],[100.6315,13.774],[100.632,13.773],[100.631,13.773],[100.6305,13.772],[100.6295,13.7725],[100.6295,13.7715],[100.6285,13.7715]],[[100.6295,13.7735],[100.6295,13.774],[100.6295,13.7735]]],[[[100.6445,13.7365],[100.6445,13.7375],[100.642,13.7375],[100.6415,13.7385],[100.6435,13.739],[100.6425,13.7395],[100.643,13.74],[100.645,13.739],[100.646,13.7415],[100.6465,13.741],[100.6455,13.7395],[100.6465,13.739],[100.647,13.74],[100.647,13.739],[100.6485,13.7385],[100.6475,13.7375],[100.645,13.7375],[100.6445,13.7365]]],[[[100.677,13.8235],[100.6755,13.8265],[100.6765,13.826],[100.6785,13.8275],[100.679,13.827],[100.678,13.825],[100.68,13.8245],[100.677,13.8235]]],[[[100.67,13.8315],[100.6655,13.8355],[100.6655,13.8365],[100.6665,13.8365],[100.6665,13.8355],[100.6675,13.835],[100.67,13.8365],[100.6705,13.836],[100.6695,13.8325],[100.6705,13.8315],[100.67,13.8315]],[[100.6695,13.834],[100.6695,13.8335],[100.669,13.833],[100.6695,13.834]]],[[[100.6625,13.839],[100.662,13.8385],[100.657,13.841],[100.6565,13.8425],[100.6575,13.843],[100.658,13.8425],[100.6575,13.842],[100.662,13.84],[100.6625,13.839]]],[[[100.651,13.843],[100.6495,13.8445],[100.65,13.845],[100.649,13.845],[100.649,13.844],[100.6465,13.8445],[100.647,13.8455],[100.648,13.8455],[100.647,13.8475],[100.648,13.847],[100.649,13.848],[100.6495,13.8465],[100.6515,13.8465],[100.651,13.8455],[100.652,13.8455],[100.6535,13.844],[100.6515,13.844],[100.651,13.843]],[[100.6495,13.846],[100.6495,13.8465],[100.649,13.8465],[100.6495,13.846]]],[[[100.6445,13.848],[100.6405,13.8505],[100.642,13.8525],[100.6425,13.851],[100.645,13.8515],[100.6455,13.8485],[100.6445,13.848]]],[[[100.6465,13.932],[100.645,13.9315],[100.6425,13.933],[100.645,13.9335],[100.649,13.933],[100.649,13.932],[100.6465,13.932]]],[[[100.753,13.686],[100.7465,13.6875],[100.747,13.688],[100.7485,13.6875],[100.75,13.6905],[100.748,13.6915],[100.747,13.691],[100.747,13.692],[100.7535,13.6905],[100.7535,13.69],[100.7505,13.691],[100.75,13.687],[100.753,13.686]]],[[[100.754,13.692],[100.7475,13.694],[100.749,13.6945],[100.753,13.6935],[100.7545,13.693],[100.754,13.692]]],[[[100.747,13.7255],[100.746,13.7285],[100.745,13.729],[100.749,13.7285],[100.752,13.7295],[100.75,13.7275],[100.748,13.7275],[100.747,13.7255]]],[[[100.6915,13.7325],[100.687,13.734],[100.688,13.735],[100.6915,13.734],[100.692,13.735],[100.6935,13.733],[100.6915,13.7325]]],[[[100.727,13.8105],[100.725,13.81],[100.724,13.812],[100.723,13.8115],[100.722,13.8125],[100.7225,13.813],[100.729,13.8125],[100.7285,13.811],[100.7275,13.8105],[100.7265,13.811],[100.727,13.8105]],[[100.725,13.8115],[100.725,13.811],[100.7245,13.812],[100.725,13.8115]]],[[[100.7015,13.8125],[100.701,13.8135],[100.7015,13.8145],[100.7025,13.8145],[100.7025,13.8155],[100.7045,13.8145],[100.704,13.8125],[100.7015,13.8125]]],[[[100.6865,13.8155],[100.6855,13.8165],[100.6855,13.818],[100.6865,13.819],[100.687,13.8185],[100.6865,13.8155]]]]}},{"type":"Feature","properties":{"class":"5-10","speed_kmh":4.5},"geometry":{"type":"MultiPolygon","coordinates":[[[[100.406,13.707],[100.406,13.71],[100.407,13.709],[100.4075,13.7095],[100.4075,13.7085],[100.4085,13.7085],[100.4075,13.707],[100.406,13.707]]],[[[100.406,13.71]]],[[[100.4065,13.713]]],[[[100.4065,13.713]]],[[[100.4065,13.713],[100.406,13.7145],[100.4065,13.715],[100.407,13.7135],[100.407,13.715],[100.406,13.715],[100.406,13.716],[100.409,13.7175],[100.4095,13.7165],[100.411,13.716],[100.411,13.715],[100.412,13.7165],[100.4125,13.715],[100.413,13.7155],[100.4135,13.712],[100.414,13.714],[100.415,13.714],[100.415,13.713],[100.416,13.7125],[100.4165,13.7135],[100.4175,13.7125],[100.418,13.714],[100.4195,13.714],[100.42,13.7155],[100.4205,13.7135],[100.4195,13.7125],[100.4185,13.713],[100.419,13.7125],[100.418,13.7115],[100.419,13.7105],[100.4205,13.7105],[100.42,13.7095],[100.4205,13.7085],[100.422,13.7095],[100.4225,13.7085],[100.423,13.7095],[100.424,13.7095],[100.4235,13.711],[100.4245,13.7105],[100.426,13.711],[100.4265,13.7125],[100.4255,13.7125],[100.4255,13.7155],[100.426,13.714],[100.427,13.7155],[100.4275,13.7145],[100.4285,13.7145],[100.429,13.713],[100.4295,13.714],[100.4305,13.713],[100.4305,13.7145],[100.4315,13.7145],[100.4315,13.713],[100.4325,13.7135],[100.433,13.713],[100.4315,13.713],[100.4315,13.712],[100.4345,13.711],[100.4325,13.7095],[100.4315,13.711],[100.431,13.7095],[100.431,13.711],[100.429,13.711],[100.4285,13.712],[100.4285,13.7105],[100.4275,13.7105],[100.428,13.71],[100.426,13.71],[100.4265,13.709],[100.426,13.708],[100.425,13.7075],[100.424,13.7085],[100.4245,13.7075],[100.4235,13.7065],[100.421,13.706],[100.4205,13.705],[100.4195,13.7065],[100.4205,13.707],[100.419,13.707],[100.4195,13.709],[100.4185,13.7075],[100.418,13.71],[100.417,13.7095],[100.4155,13.71],[100.415,13.709],[100.414,13.709],[100.414,13.708],[100.4135,13.709],[100.4135,13.707],[100.412,13.707],[100.412,13.7055],[100.4115,13.7065],[100.41,13.7065],[100.4095,13.709],[100.4105,13.709],[100.411,13.708],[100.412,13.709],[100.4125,13.7105],[100.4135,13.711],[100.4125,13.713],[100.4105,13.712],[100.4095,13.7145],[100.408,13.7135],[100.4085,13.712],[100.408,13.715],[100.4075,13.713],[100.407,13.7135],[100.4065,13.713]],[[100.4175,13.712]],[[100.4175,13.711],[100.4175,13.71],[100.418,13.7105],[100.4175,13.711]],[[100.4075,13.716],[100.4075,13.7155],[100.4075,13.716]],[[100.412,13.708],[100.412,13.7085],[100.412,13.708]],[[100.413,13.712]],[[100.419,13.7095],[100.4195,13.7095],[100.4195,13.709],[100.4195,13.7095],[100.419,13.7095]],[[100.421,13.7085],[100.422,13.7075],[100.422,13.7085],[100.421,13.7085]],[[100.4235,13.7085]],[[100.427,13.712]],[[100.427,13.711]],[[100.4305,13.712],[100.431,13.712],[100.4305,13.712]]],[[[100.4205,13.7135],[100.4205,13.7155],[100.4195,13.717],[100.42,13.7175],[100.4205,13.7165],[100.4215,13.7185],[100.423,13.718],[100.4225,13.7165],[100.423,13.7155],[100.424,13.7155],[100.4245,13.7175],[100.426,13.7165],[100.425,13.7135],[100.424,13.714],[100.4235,13.7135],[100.4235,13.715],[100.422,13.715],[100.4205,13.7135]],[[100.421,13.716]],[[100.4215,13.717]]],[[[100.4365,13.7135],[100.439,13.7155],[100.44,13.7145],[100.4425,13.717],[100.4425,13.7155],[100.4415,13.7145],[100.443,13.7135],[100.44,13.7125],[100.4395,13.711],[100.437,13.711],[100.4365,13.7115],[100.4385,13.713],[100.4365,13.7135]],[[100.4395,13.713]]],[[[100.4435,13.7165],[100.4415,13.7185],[100.4435,13.721],[100.4445,13.72],[100.4455,13.721],[100.4485,13.7205],[100.449,13.7195],[100.4495,13.72],[100.4505,13.7195],[100.4505,13.718],[100.452,13.72],[100.453,13.72],[100.4525,13.722],[100.453,13.7235],[100.454,13.7235],[100.4545,13.7245],[100.454,13.7275],[100.457,13.726],[100.458,13.7265],[100.458,13.7245],[100.459,13.7245],[100.4605,13.729],[100.4635,13.7305],[100.464,13.7295],[100.465,13.7295],[100.4645,13.729],[100.4655,13.727],[100.464,13.7275],[100.464,13.7265],[100.463,13.727],[100.462,13.726],[100.4625,13.725],[100.462,13.7255],[100.4615,13.725],[100.462,13.724],[100.4615,13.7225],[100.4655,13.722],[100.466,13.7225],[100.465,13.723],[100.4675,13.723],[100.468,13.7245],[100.469,13.724],[100.4685,13.7235],[100.4695,13.724],[100.4705,13.7235],[100.4695,13.7215],[100.4665,13.722],[100.4635,13.721],[100.4635,13.72],[100.459,13.7185],[100.46,13.7195],[100.4605,13.722],[100.4585,13.7225],[100.4585,13.7215],[100.458,13.724],[100.4565,13.725],[100.4565,13.7235],[100.4545,13.726],[100.4565,13.7235],[100.455,13.7225],[100.4555,13.721],[100.455,13.7215],[100.455,13.7205],[100.454,13.7205],[100.4535,13.7185],[100.455,13.7175],[100.4555,13.718],[100.455,13.7155],[100.4545,13.715],[100.454,13.7155],[100.454,13.717],[100.4525,13.7165],[100.4515,13.717],[100.451,13.716],[100.4505,13.7165],[100.4505,13.7155],[100.45,13.7165],[100.4485,13.715],[100.4495,13.7145],[100.4485,13.714],[100.4485,13.7125],[100.4475,13.713],[100.4475,13.711],[100.4465,13.7125],[100.4455,13.712],[100.446,13.711],[100.4455,13.71],[100.445,13.7105],[100.4455,13.711],[100.445,13.7105],[100.443,13.711],[100.443,13.712],[100.442,13.711],[100.4415,13.712],[100.4435,13.7135],[100.4445,13.7135],[100.445,13.712],[100.4465,13.7125],[100.446,13.713],[100.4475,13.7145],[100.448,13.714],[100.449,13.717],[100.448,13.717],[100.447,13.7185],[100.445,13.717],[100.444,13.718],[100.443,13.717],[100.4435,13.7165]],[[100.461,13.726],[100.4615,13.726],[100.461,13.726]],[[100.446,13.7185]],[[100.447,13.7185]],[[100.449,13.7185],[100.4495,13.719],[100.449,13.719],[100.449,13.7185]],[[100.445,13.718]],[[100.4495,13.7175]],[[100.4515,13.718]],[[100.461,13.721],[100.461,13.7205],[100.462,13.7205],[100.461,13.721]],[[100.454,13.721],[100.4535,13.7205],[100.454,13.721]],[[100.4605,13.7255]],[[100.448,13.719],[100.4485,13.719],[100.448,13.719]],[[100.4665,13.722],[100.466,13.722],[100.4665,13.722]]],[[[100.4655,13.727],[100.466,13.727],[100.466,13.7265],[100.4655,13.7265],[100.4655,13.727]]],[[[100.4665,13.7265],[100.4685,13.727],[100.4675,13.7275],[100.468,13.729],[100.469,13.729],[100.468,13.73],[100.4695,13.73],[100.468,13.731],[100.47,13.7335],[100.469,13.735],[100.4705,13.736],[100.4685,13.736],[100.468,13.737],[100.469,13.7365],[100.4695,13.7375],[100.4715,13.7365],[100.4715,13.738],[100.4725,13.7385],[100.471,13.74],[100.472,13.7405],[100.472,13.742],[100.4705,13.7435],[100.4695,13.7435],[100.469,13.7415],[100.468,13.741],[100.4685,13.7405],[100.4675,13.74],[100.4675,13.739],[100.4685,13.739],[100.4685,13.738],[100.4695,13.739],[100.469,13.738],[100.4695,13.7375],[100.466,13.738],[100.4645,13.7395],[100.4655,13.7405],[100.465,13.7405],[100.4655,13.742],[100.4665,13.743],[100.4675,13.7425],[100.468,13.7445],[100.47,13.7455],[100.469,13.746],[100.4705,13.7465],[100.4705,13.7455],[100.472,13.7455],[100.473,13.7445],[100.4725,13.7435],[100.475,13.742],[100.475,13.7405],[100.4725,13.738],[100.4735,13.7385],[100.4745,13.737],[100.474,13.736],[100.473,13.736],[100.4755,13.735],[100.475,13.733],[100.476,13.7335],[100.4755,13.734],[100.4765,13.735],[100.478,13.734],[100.4785,13.735],[100.4795,13.7345],[100.479,13.732],[100.48,13.732],[100.4795,13.731],[100.48,13.7305],[100.479,13.73],[100.4795,13.7295],[100.481,13.73],[100.4815,13.7285],[100.4805,13.726],[100.479,13.726],[100.479,13.725],[100.477,13.724],[100.4775,13.723],[100.477,13.7225],[100.475,13.723],[100.475,13.724],[100.474,13.7235],[100.474,13.725],[100.4735,13.724],[100.472,13.7245],[100.471,13.7235],[100.47,13.7245],[100.471,13.7255],[100.4695,13.725],[100.4685,13.7255],[100.4685,13.7265],[100.4665,13.7265]],[[100.4715,13.7435],[100.4715,13.743],[100.472,13.743],[100.472,13.7435],[100.4715,13.7435]],[[100.4715,13.7365],[100.472,13.7355],[100.472,13.736],[100.472,13.7365],[100.4715,13.7365]],[[100.472,13.73],[100.47,13.7285],[100.4705,13.728],[100.47,13.7275],[100.472,13.7275],[100.472,13.7265],[100.474,13.7255],[100.4755,13.726],[100.476,13.7255],[100.4765,13.7275],[100.4785,13.7285],[100.477,13.73],[100.478,13.732],[100.476,13.7325],[100.476,13.7315],[100.4755,13.7325],[100.474,13.732],[100.472,13.733],[100.472,13.73]],[[100.4715,13.7265]],[[100.469,13.743],[100.4685,13.743],[100.469,13.743]],[[100.469,13.728],[100.4695,13.728],[100.469,13.728]],[[100.4695,13.7265],[100.469,13.7265],[100.4695,13.726],[100.4695,13.7265]],[[100.473,13.741],[100.4735,13.7405],[100.4735,13.741],[100.473,13.741]],[[100.473,13.7355],[100.4725,13.735],[100.473,13.735],[100.473,13.7355]],[[100.473,13.7385]],[[100.4725,13.7365],[100.4725,13.737],[100.4725,13.7365]],[[100.475,13.7245],[100.475,13.7255],[100.475,13.7245]],[[100.4775,13.726],[100.4775,13.7255],[100.478,13.7255],[100.4775,13.726]],[[100.477,13.7265]],[[100.479,13.7305],[100.4785,13.7305],[100.4785,13.73],[100.479,13.7305]],[[100.478,13.733],[100.4775,13.7335],[100.4775,13.7325],[100.478,13.733]],[[100.478,13.73]],[[100.4765,13.7335]]],[[[100.468,13.725],[100.4675,13.725],[100.468,13.7255],[100.468,13.725]]],[[[100.4355,13.7105]]],[[[100.408,13.7085]]],[[[100.408,13.7085]]],[[[100.408,13.7085]]],[[[100.467,13.7235]]],[[[100.467,13.7235]]],[[[100.4665,13.7235]]],[[[100.4665,13.7235]]],[[[100.4665,13.7235]]],[[[100.4665,13.7235]]],[[[100.4665,13.7235]]],[[[100.4695,13.7405],[100.469,13.7405],[100.4695,13.7405]]],[[[100.473,13.7265]]],[[[100.473,13.7265]]],[[[100.409,13.874],[100.4085,13.8755],[100.409,13.8765],[100.407,13.876],[100.4065,13.877],[100.406,13.8765],[100.405,13.8795],[100.404,13.88],[100.4045,13.8815],[100.403,13.882],[100.404,13.8835],[100.405,13.8825],[100.4055,13.884],[100.405,13.8845],[100.406,13.886],[100.408,13.885],[100.4075,13.8855],[100.408,13.888],[100.406,13.8885],[100.406,13.8895],[100.405,13.89],[100.4055,13.8915],[100.4045,13.891],[100.404,13.8915],[100.4045,13.8935],[100.406,13.893],[100.4055,13.8925],[100.406,13.892],[100.407,13.8935],[100.408,13.8925],[100.407,13.8915],[100.4075,13.8895],[100.408,13.8905],[100.4085,13.889],[100.412,13.8885],[100.4115,13.887],[100.41,13.888],[100.411,13.887],[100.4095,13.886],[100.4105,13.8845],[100.411,13.885],[100.4125,13.884],[100.411,13.8815],[100.4115,13.8805],[100.4105,13.88],[100.4105,13.879],[100.412,13.8785],[100.4105,13.878],[100.4115,13.876],[100.4105,13.875],[100.41,13.876],[100.41,13.8745],[100.409,13.874]],[[100.41,13.8825],[100.4095,13.8825],[100.41,13.8825]],[[100.407,13.892]],[[100.407,13.878],[100.4065,13.878],[100.407,13.878]],[[100.4085,13.877],[100.408,13.877],[100.4085,13.877]],[[100.407,13.881],[100.4085,13.88],[100.408,13.8795],[100.4085,13.878],[100.4095,13.8775],[100.409,13.8825],[100.41,13.883],[100.409,13.8845],[100.407,13.8835],[100.4075,13.882],[100.4065,13.8825],[100.406,13.8815],[100.407,13.881]],[[100.408,13.885]],[[100.407,13.8895]],[[100.4075,13.8925]],[[100.41,13.884],[100.4105,13.884],[100.41,13.884]]],[[[100.407,13.894]]],[[[100.407,13.894]]],[[[100.407,13.894]]],[[[100.407,13.894]]],[[[100.407,13.894]]],[[[100.407,13.894]]],[[[100.407,13.894]]],[[[100.407,13.894]]],[[[100.407,13.894]]],[[[100.407,13.894]]],[[[100.4075,13.894]]],[[[100.4075,13.894]]],[[[100.4075,13.894]]],[[[100.4075,13.894]]],[[[100.4075,13.894]]],[[[100.4075,13.895],[100.4065,13.895],[100.407,13.8955],[100.4065,13.8965],[100.4075,13.8965],[100.408,13.899],[100.409,13.8985],[100.4085,13.898],[100.409,13.8945],[100.4085,13.896],[100.408,13.894],[100.4075,13.895]]],[[[100.4095,13.8915],[100.4115,13.894],[100.4115,13.8925],[100.41,13.8905],[100.4095,13.8915]]],[[[100.4075,13.882]]],[[[100.4075,13.882]]],[[[100.4075,13.882]]],[[[100.4075,13.882]]],[[[100.4175,13.87],[100.417,13.871],[100.416,13.8705],[100.4145,13.871],[100.415,13.8735],[100.414,13.873],[100.412,13.874],[100.4155,13.875],[100.416,13.8765],[100.417,13.876],[100.418,13.8785],[100.4205,13.8755],[100.423,13.8755],[100.4235,13.877],[100.4245,13.8765],[100.424,13.8755],[100.427,13.8755],[100.428,13.877],[100.43,13.876],[100.4295,13.877],[100.4305,13.8785],[100.4325,13.878],[100.431,13.8795],[100.4335,13.8825],[100.434,13.8815],[100.4355,13.881],[100.436,13.8815],[100.437,13.8785],[100.4385,13.8785],[100.438,13.877],[100.44,13.8765],[100.4455,13.877],[100.443,13.8765],[100.4435,13.876],[100.441,13.876],[100.4385,13.8735],[100.437,13.875],[100.4375,13.876],[100.4355,13.878],[100.434,13.878],[100.4345,13.879],[100.434,13.879],[100.432,13.878],[100.432,13.877],[100.4305,13.877],[100.4315,13.877],[100.43,13.8755],[100.43,13.874],[100.4255,13.8745],[100.4255,13.8735],[100.4235,13.8715],[100.4225,13.8745],[100.423,13.875],[100.418,13.8755],[100.4175,13.8745],[100.416,13.8745],[100.4155,13.8725],[100.4165,13.872],[100.4165,13.8735],[100.418,13.874],[100.4175,13.8725],[100.4185,13.872],[100.4205,13.8735],[100.4215,13.873],[100.4215,13.872],[100.4205,13.8715],[100.4205,13.8705],[100.4175,13.87]],[[100.416,13.8715],[100.4155,13.8715],[100.416,13.8715]],[[100.424,13.874],[100.4235,13.8745],[100.4235,13.874],[100.424,13.874]],[[100.424,13.873],[100.4235,13.873],[100.424,13.873]],[[100.43,13.8745],[100.4295,13.875],[100.43,13.8745]],[[100.4345,13.8805]],[[100.431,13.876]],[[100.4375,13.8755],[100.438,13.8755],[100.4385,13.875],[100.438,13.8755],[100.4375,13.8755]],[[100.4365,13.8765],[100.4375,13.878],[100.4365,13.878],[100.4365,13.8765]],[[100.4355,13.8795]],[[100.4365,13.8785],[100.436,13.8785],[100.4365,13.8785]]],[[[100.4455,13.8775]]],[[[100.446,13.8775],[100.444,13.879],[100.4465,13.881],[100.447,13.88],[100.4465,13.879],[100.4485,13.8785],[100.4485,13.8775],[100.45,13.878],[100.451,13.8775],[100.45,13.8785],[100.451,13.8785],[100.451,13.8795],[100.452,13.879],[100.4515,13.8785],[100.452,13.8775],[100.4535,13.8785],[100.4545,13.8775],[100.453,13.877],[100.4535,13.8765],[100.4525,13.877],[100.4525,13.876],[100.451,13.8755],[100.4515,13.875],[100.451,13.8745],[100.45,13.8755],[100.4485,13.8755],[100.449,13.8765],[100.4485,13.877],[100.4465,13.877],[100.4465,13.878],[100.446,13.8775]],[[100.447,13.8775]],[[100.446,13.8795]]],[[[100.4565,13.876],[100.457,13.8755],[100.4575,13.8765],[100.458,13.8755],[100.4575,13.875],[100.4595,13.8755],[100.4605,13.8745],[100.46,13.8735],[100.461,13.873],[100.462,13.8735],[100.463,13.872],[100.464,13.8745],[100.465,13.8745],[100.4645,13.8735],[100.465,13.8725],[100.465,13.8735],[100.4665,13.8725],[100.467,13.874],[100.468,13.874],[100.467,13.872],[100.468,13.8715],[100.4675,13.871],[100.4665,13.871],[100.466,13.8715],[100.4665,13.872],[100.4655,13.8725],[100.4655,13.872],[100.464,13.8725],[100.4635,13.8715],[100.467,13.87],[100.4705,13.87],[100.4695,13.872],[100.4695,13.8715],[100.4685,13.872],[100.4705,13.874],[100.4705,13.8715],[100.4715,13.8715],[100.472,13.8725],[100.4725,13.8715],[100.472,13.8705],[100.4735,13.871],[100.474,13.87],[100.4695,13.8685],[100.468,13.869],[100.466,13.8685],[100.4645,13.8695],[100.4645,13.8705],[100.4605,13.8725],[100.4595,13.872],[100.459,13.873],[100.458,13.8725],[100.4565,13.874],[100.458,13.8735],[100.4575,13.875],[100.4565,13.875],[100.4565,13.876]],[[100.471,13.871],[100.471,13.8705],[100.471,13.871]],[[100.4685,13.8695]]],[[[100.4685,13.872]]],[[[100.4685,13.872]]],[[[100.4685,13.872]]],[[[100.448,13.875],[100.449,13.8745],[100.449,13.8735],[100.4485,13.874],[100.446,13.873],[100.4455,13.8745],[100.447,13.875],[100.446,13.8755],[100.447,13.876],[100.448,13.875]]],[[[100.436,13.8745],[100.4365,13.8745],[100.4365,13.874],[100.436,13.8735],[100.4365,13.874],[100.436,13.8745]]],[[[100.4355,13.8735],[100.4365,13.873],[100.436,13.872],[100.4375,13.87],[100.437,13.8695],[100.4355,13.872],[100.433,13.8705],[100.4325,13.871],[100.433,13.8735],[100.436,13.8725],[100.4355,13.8735]]],[[[100.432,13.874]]],[[[100.432,13.874]]],[[[100.4315,13.874],[100.432,13.874],[100.4315,13.874]]],[[[100.4315,13.874],[100.4305,13.8745],[100.431,13.875],[100.4305,13.8745],[100.4315,13.874]]],[[[100.4225,13.874]]],[[[100.4225,13.874]]],[[[100.4225,13.874]]],[[[100.4225,13.874]]],[[[100.4225,13.874]]],[[[100.422,13.874],[100.4225,13.874],[100.422,13.874],[100.422,13.8745],[100.422,13.874]]],[[[100.466,13.7095],[100.465,13.7105],[100.465,13.7115],[100.466,13.712],[100.465,13.7135],[100.464,13.7125],[100.4635,13.713],[100.464,13.714],[100.4635,13.713],[100.4625,13.713],[100.4625,13.715],[100.464,13.7155],[100.464,13.7165],[100.466,13.716],[100.466,13.717],[100.4675,13.7165],[100.4665,13.7175],[100.4685,13.7185],[100.4685,13.716],[100.4695,13.716],[100.4705,13.718],[100.4705,13.717],[100.4715,13.7165],[100.4725,13.717],[100.473,13.716],[100.4725,13.7155],[100.474,13.715],[100.4745,13.7155],[100.474,13.716],[100.4755,13.716],[100.475,13.7155],[100.476,13.715],[100.4745,13.7145],[100.474,13.7125],[100.4755,13.7115],[100.4755,13.712],[100.4765,13.7105],[100.477,13.711],[100.4775,13.7105],[100.478,13.7115],[100.479,13.7105],[100.4775,13.7135],[100.479,13.714],[100.48,13.7095],[100.478,13.709],[100.479,13.7085],[100.478,13.7075],[100.4775,13.7085],[100.477,13.708],[100.4775,13.71],[100.4765,13.7105],[100.475,13.709],[100.474,13.7105],[100.473,13.7105],[100.473,13.7095],[100.4715,13.7095],[100.4705,13.7105],[100.471,13.7085],[100.469,13.7075],[100.4685,13.709],[100.4675,13.7095],[100.4665,13.7085],[100.466,13.7095]],[[100.466,13.7155],[100.4665,13.7155],[100.467,13.716],[100.466,13.7155]],[[100.469,13.7155],[100.469,13.715],[100.4695,13.7155],[100.469,13.7155]],[[100.4695,13.714],[100.468,13.7155],[100.4655,13.7145],[100.467,13.712],[100.4665,13.7115],[100.4685,13.711],[100.468,13.7105],[100.469,13.71],[100.4695,13.7115],[100.4705,13.7105],[100.4725,13.712],[100.4705,13.715],[100.4695,13.714]],[[100.466,13.7105],[100.4665,13.7105],[100.466,13.7105]],[[100.468,13.71],[100.4675,13.71],[100.468,13.71]],[[100.4685,13.71]],[[100.469,13.7095],[100.469,13.709],[100.4695,13.7095],[100.469,13.7095]],[[100.4755,13.7115],[100.475,13.711],[100.476,13.711],[100.4755,13.7115]],[[100.4735,13.714],[100.473,13.713],[100.4745,13.7135],[100.4735,13.714]],[[100.4725,13.7115]],[[100.473,13.711]],[[100.472,13.71]],[[100.478,13.71]]],[[[100.4755,13.717],[100.475,13.7195],[100.4745,13.719],[100.474,13.72],[100.4755,13.721],[100.4765,13.72],[100.476,13.719],[100.477,13.719],[100.477,13.72],[100.4785,13.719],[100.4785,13.717],[100.48,13.717],[100.4805,13.7185],[100.4815,13.718],[100.4805,13.719],[100.4805,13.7205],[100.4815,13.721],[100.4825,13.72],[100.483,13.7205],[100.4835,13.7215],[100.483,13.722],[100.481,13.7215],[100.4815,13.723],[100.4825,13.723],[100.482,13.7235],[100.483,13.724],[100.485,13.724],[100.4865,13.722],[100.485,13.721],[100.484,13.7215],[100.4845,13.7195],[100.483,13.719],[100.483,13.7175],[100.486,13.717],[100.4865,13.716],[100.4875,13.717],[100.4895,13.717],[100.488,13.7155],[100.489,13.715],[100.4885,13.714],[100.486,13.715],[100.4855,13.714],[100.484,13.7155],[100.483,13.715],[100.482,13.7155],[100.4825,13.716],[100.482,13.7165],[100.481,13.7155],[100.479,13.7165],[100.4785,13.715],[100.478,13.7165],[100.477,13.7155],[100.4775,13.7165],[100.476,13.7175],[100.4755,13.717]],[[100.483,13.7185],[100.4825,13.7185],[100.482,13.7185],[100.483,13.7185]],[[100.4865,13.716],[100.486,13.7165],[100.4855,13.7155],[100.4865,13.716]]],[[[100.487,13.721],[100.487,13.722],[100.488,13.722],[100.4885,13.7235],[100.49,13.7225],[100.4925,13.726],[100.4935,13.7255],[100.4935,13.7265],[100.4955,13.7275],[100.499,13.7255],[100.498,13.725],[100.5005,13.7255],[100.5015,13.724],[100.5025,13.7245],[100.505,13.724],[100.5045,13.7245],[100.506,13.7265],[100.5035,13.727],[100.504,13.7285],[100.501,13.728],[100.5015,13.729],[100.503,13.7295],[100.502,13.73],[100.503,13.731],[100.5015,13.7315],[100.501,13.7325],[100.5035,13.7335],[100.5045,13.733],[100.5045,13.732],[100.506,13.733],[100.5055,13.734],[100.507,13.734],[100.5075,13.735],[100.508,13.733],[100.509,13.7345],[100.5105,13.7325],[100.5085,13.731],[100.509,13.7315],[100.5085,13.732],[100.505,13.732],[100.5045,13.731],[100.5065,13.7305],[100.504,13.73],[100.5055,13.7285],[100.5065,13.729],[100.506,13.728],[100.508,13.728],[100.507,13.7265],[100.5075,13.727],[100.508,13.726],[100.5085,13.7265],[100.5075,13.725],[100.509,13.723],[100.5105,13.7245],[100.5115,13.7245],[100.5115,13.7255],[100.512,13.725],[100.512,13.724],[100.511,13.7235],[100.512,13.7225],[100.51,13.7225],[100.5105,13.7205],[100.5115,13.72],[100.5105,13.7195],[100.5125,13.7185],[100.5095,13.719],[100.508,13.7175],[100.507,13.718],[100.505,13.716],[100.5035,13.717],[100.501,13.7165],[100.5,13.7155],[100.498,13.7155],[100.4985,13.7165],[100.496,13.718],[100.497,13.719],[100.4965,13.72],[100.499,13.719],[100.5,13.7205],[100.5005,13.718],[100.502,13.7185],[100.505,13.7175],[100.5055,13.718],[100.504,13.7185],[100.505,13.7195],[100.5065,13.719],[100.506,13.7205],[100.507,13.721],[100.5055,13.723],[100.5035,13.7225],[100.5015,13.723],[100.499,13.7215],[100.499,13.7225],[100.496,13.724],[100.496,13.725],[100.4945,13.7245],[100.495,13.724],[100.4935,13.7225],[100.4925,13.722],[100.4915,13.7225],[100.491,13.721],[100.491,13.72],[100.492,13.72],[100.4925,13.719],[100.493,13.7195],[100.494,13.7185],[100.4955,13.719],[100.4945,13.7185],[100.496,13.718],[100.494,13.7155],[100.4925,13.7165],[100.493,13.7185],[100.49,13.717],[100.489,13.7175],[100.49,13.719],[100.488,13.718],[100.4895,13.7205],[100.487,13.721]],[[100.499,13.718],[100.499,13.7185],[100.499,13.718]],[[100.4985,13.7175],[100.4985,13.717],[100.4985,13.7175]],[[100.499,13.717]],[[100.4935,13.7185]],[[100.4905,13.723]],[[100.491,13.722]],[[100.493,13.7185]],[[100.4925,13.719]],[[100.496,13.7245]],[[100.4995,13.7225],[100.5,13.723],[100.4995,13.722],[100.4995,13.7225]],[[100.499,13.7235]],[[100.4995,13.725]],[[100.501,13.7175]],[[100.5035,13.723]],[[100.505,13.7285],[100.5055,13.728],[100.506,13.7285],[100.505,13.7285]],[[100.503,13.7325]],[[100.5065,13.7255],[100.506,13.7245],[100.5065,13.7245],[100.5065,13.7255]],[[100.506,13.724],[100.5065,13.724],[100.506,13.724]],[[100.507,13.7205],[100.508,13.72],[100.507,13.7205]],[[100.507,13.7185],[100.5075,13.7185],[100.507,13.7185]],[[100.5065,13.72]],[[100.507,13.733]],[[100.5105,13.72],[100.509,13.72],[100.5105,13.7195],[100.5105,13.72]]],[[[100.5085,13.731]]],[[[100.511,13.7305],[100.5125,13.726],[100.5115,13.727],[100.511,13.7265],[100.511,13.728],[100.51,13.729],[100.511,13.7295],[100.511,13.7305]]],[[[100.511,13.7255]]],[[[100.5115,13.7255],[100.511,13.7255],[100.5115,13.7255]]],[[[100.5115,13.7255]]],[[[100.5115,13.7255]]],[[[100.5115,13.7255]]],[[[100.5115,13.7255]]],[[[100.5115,13.7255]]],[[[100.5115,13.7255]]],[[[100.514,13.7205]]],[[[100.514,13.7205]]],[[[100.514,13.7205]]],[[[100.514,13.7205]]],[[[100.514,13.7205],[100.5135,13.7225],[100.516,13.722],[100.5155,13.7235],[100.516,13.725],[100.5185,13.7235],[100.519,13.7245],[100.521,13.724],[100.5205,13.725],[100.5215,13.7255],[100.5235,13.725],[100.5245,13.7255],[100.525,13.729],[100.5245,13.73],[100.5235,13.729],[100.523,13.73],[100.524,13.731],[100.5225,13.7315],[100.5235,13.7345],[100.522,13.734],[100.521,13.7345],[100.5205,13.7325],[100.5195,13.7335],[100.52,13.7325],[100.519,13.7315],[100.517,13.7325],[100.5155,13.731],[100.5115,13.735],[100.511,13.7365],[100.5095,13.736],[100.505,13.739],[100.5055,13.7415],[100.504,13.7425],[100.504,13.7415],[100.5035,13.742],[100.503,13.741],[100.5015,13.7415],[100.4995,13.7395],[100.496,13.74],[100.496,13.742],[100.497,13.741],[100.498,13.7415],[100.4975,13.7455],[100.494,13.748],[100.493,13.7475],[100.4935,13.7465],[100.4915,13.7455],[100.492,13.7445],[100.4915,13.7435],[100.4895,13.746],[100.49,13.7485],[100.491,13.748],[100.491,13.747],[100.4935,13.748],[100.4915,13.749],[100.4935,13.7495],[100.493,13.751],[100.4935,13.7515],[100.4955,13.75],[100.496,13.7505],[100.497,13.75],[100.499,13.752],[100.5,13.752],[100.5,13.753],[100.5015,13.7525],[100.5025,13.7535],[100.5035,13.7525],[100.505,13.7535],[100.506,13.7525],[100.5055,13.752],[100.507,13.751],[100.5075,13.7485],[100.5085,13.748],[100.5075,13.7475],[100.508,13.7465],[100.512,13.748],[100.5135,13.7465],[100.5125,13.7455],[100.5155,13.7445],[100.515,13.743],[100.5165,13.7435],[100.5165,13.7405],[100.5155,13.7395],[100.5135,13.7395],[100.514,13.736],[100.516,13.7345],[100.5165,13.7355],[100.5175,13.7345],[100.5185,13.735],[100.518,13.7355],[100.5185,13.736],[100.519,13.7355],[100.5205,13.736],[100.5195,13.737],[100.5195,13.74],[100.5185,13.7395],[100.5175,13.741],[100.517,13.7405],[100.5175,13.7435],[100.519,13.743],[100.518,13.743],[100.518,13.742],[100.5195,13.7435],[100.5205,13.743],[100.5205,13.742],[100.522,13.7405],[100.5215,13.7395],[100.5225,13.7395],[100.5225,13.738],[100.5235,13.738],[100.5225,13.7365],[100.5235,13.7355],[100.5255,13.736],[100.526,13.737],[100.529,13.7385],[100.5295,13.7405],[100.5275,13.7405],[100.5265,13.741],[100.527,13.7415],[100.526,13.7415],[100.526,13.7425],[100.524,13.743],[100.523,13.7465],[100.5215,13.748],[100.523,13.7485],[100.5225,13.749],[100.524,13.75],[100.5245,13.7495],[100.527,13.75],[100.5265,13.7515],[100.5255,13.7515],[100.5255,13.7525],[100.5245,13.753],[100.526,13.753],[100.5265,13.7545],[100.5255,13.755],[100.5255,13.756],[100.5265,13.7555],[100.527,13.756],[100.528,13.755],[100.5275,13.756],[100.529,13.757],[100.53,13.756],[100.53,13.7575],[100.529,13.7575],[100.5285,13.7585],[100.529,13.76],[100.528,13.761],[100.5325,13.7615],[100.5315,13.7625],[100.532,13.7635],[100.5305,13.7645],[100.532,13.7645],[100.534,13.768],[100.535,13.767],[100.5355,13.7685],[100.5375,13.7675],[100.538,13.7685],[100.537,13.771],[100.539,13.7735],[100.54,13.7735],[100.5385,13.7745],[100.5405,13.7765],[100.5395,13.7775],[100.54,13.779],[100.541,13.779],[100.5425,13.7805],[100.541,13.78],[100.542,13.7815],[100.5405,13.782],[100.5405,13.784],[100.5395,13.7845],[100.5405,13.785],[100.541,13.7845],[100.5415,13.7855],[100.5425,13.785],[100.542,13.7855],[100.5425,13.7875],[100.5415,13.788],[100.542,13.789],[100.5435,13.7895],[100.544,13.788],[100.5455,13.788],[100.544,13.7885],[100.5445,13.7895],[100.546,13.7895],[100.545,13.7905],[100.546,13.791],[100.547,13.7945],[100.5455,13.7945],[100.546,13.7965],[100.5485,13.7965],[100.5475,13.7965],[100.547,13.7955],[100.549,13.7935],[100.5475,13.793],[100.5485,13.792],[100.548,13.7905],[100.549,13.79],[100.549,13.791],[100.55,13.7905],[100.5505,13.7915],[100.5515,13.7915],[100.5505,13.792],[100.551,13.795],[100.5525,13.7935],[100.5515,13.7905],[100.552,13.789],[100.551,13.7885],[100.552,13.7875],[100.5515,13.786],[100.5525,13.7855],[100.5515,13.7855],[100.5515,13.7845],[100.5505,13.784],[100.549,13.7845],[100.55,13.782],[100.5485,13.779],[100.547,13.7785],[100.5475,13.781],[100.5465,13.7805],[100.547,13.782],[100.5465,13.7835],[100.548,13.784],[100.5475,13.786],[100.548,13.7865],[100.5485,13.7855],[100.5495,13.7865],[100.549,13.788],[100.5475,13.7895],[100.546,13.7885],[100.5465,13.7875],[100.544,13.787],[100.543,13.786],[100.545,13.786],[100.544,13.785],[100.545,13.7845],[100.5445,13.7845],[100.545,13.783],[100.5425,13.7825],[100.5435,13.7815],[100.5425,13.781],[100.543,13.78],[100.542,13.779],[100.5425,13.7755],[100.541,13.776],[100.5405,13.775],[100.5415,13.774],[100.54,13.7705],[100.5405,13.7685],[100.5445,13.7705],[100.5435,13.771],[100.544,13.774],[100.5435,13.7745],[100.544,13.7765],[100.5465,13.779],[100.546,13.7755],[100.547,13.776],[100.5465,13.7695],[100.5435,13.7675],[100.543,13.768],[100.542,13.7665],[100.5405,13.7665],[100.5415,13.7645],[100.542,13.7655],[100.543,13.7655],[100.5425,13.7635],[100.5435,13.7625],[100.5425,13.762],[100.5445,13.7605],[100.545,13.761],[100.5465,13.7595],[100.546,13.759],[100.547,13.759],[100.547,13.757],[100.546,13.7575],[100.545,13.756],[100.5445,13.7575],[100.542,13.7585],[100.54,13.7565],[100.5405,13.755],[100.5395,13.754],[100.541,13.753],[100.541,13.752],[100.542,13.752],[100.544,13.753],[100.5435,13.754],[100.5455,13.754],[100.544,13.7555],[100.546,13.7565],[100.5475,13.756],[100.547,13.7545],[100.549,13.7535],[100.5475,13.7525],[100.547,13.753],[100.5455,13.7515],[100.544,13.7515],[100.5435,13.7505],[100.5415,13.7505],[100.5425,13.75],[100.542,13.7485],[100.543,13.748],[100.543,13.749],[100.5445,13.749],[100.544,13.7495],[100.545,13.75],[100.5455,13.7495],[100.545,13.7485],[100.5465,13.7485],[100.547,13.747],[100.547,13.748],[100.5485,13.7495],[100.5495,13.747],[100.5505,13.7485],[100.551,13.745],[100.5505,13.7455],[100.5495,13.745],[100.55,13.746],[100.546,13.7455],[100.547,13.7445],[100.545,13.745],[100.5445,13.747],[100.544,13.746],[100.543,13.747],[100.5425,13.746],[100.541,13.747],[100.5395,13.7455],[100.54,13.747],[100.5385,13.748],[100.539,13.746],[100.538,13.7455],[100.5375,13.747],[100.536,13.747],[100.5365,13.748],[100.5345,13.7475],[100.5345,13.749],[100.534,13.7485],[100.535,13.749],[100.5345,13.75],[100.5335,13.749],[100.532,13.749],[100.5325,13.75],[100.532,13.7515],[100.533,13.7515],[100.5325,13.7525],[100.5345,13.7525],[100.5335,13.753],[100.5335,13.7545],[100.535,13.754],[100.535,13.7555],[100.536,13.7555],[100.5355,13.756],[100.5365,13.7555],[100.537,13.7565],[100.538,13.7555],[100.538,13.7565],[100.539,13.7565],[100.538,13.7585],[100.537,13.759],[100.5365,13.7585],[100.5365,13.7595],[100.5375,13.76],[100.538,13.7595],[100.539,13.7615],[100.5375,13.7625],[100.538,13.7635],[100.5385,13.763],[100.539,13.764],[100.5405,13.764],[100.539,13.766],[100.538,13.765],[100.538,13.766],[100.5365,13.766],[100.535,13.7635],[100.5335,13.7635],[100.535,13.7615],[100.5345,13.76],[100.5335,13.7595],[100.5325,13.7605],[100.532,13.7595],[100.531,13.7595],[100.5315,13.758],[100.5305,13.7575],[100.531,13.754],[100.529,13.7545],[100.5295,13.7535],[100.529,13.752],[100.528,13.752],[100.53,13.751],[100.53,13.7495],[100.528,13.7495],[100.5275,13.7485],[100.526,13.7485],[100.5265,13.7475],[100.5255,13.748],[100.5245,13.747],[100.528,13.745],[100.528,13.7435],[100.5295,13.744],[100.5305,13.743],[100.531,13.7445],[100.531,13.7435],[100.5315,13.744],[100.5345,13.7435],[100.534,13.743],[100.535,13.7425],[100.535,13.7415],[100.536,13.7425],[100.5355,13.7405],[100.536,13.7395],[100.535,13.7385],[100.534,13.7405],[100.5325,13.741],[100.5325,13.742],[100.53,13.74],[100.53,13.739],[100.533,13.736],[100.532,13.7355],[100.5345,13.7345],[100.5345,13.7335],[100.5375,13.735],[100.536,13.735],[100.535,13.7375],[100.5365,13.739],[100.537,13.738],[100.536,13.7365],[100.537,13.736],[100.538,13.737],[100.539,13.7355],[100.54,13.7365],[100.5395,13.737],[100.5405,13.7365],[100.5415,13.738],[100.5425,13.738],[100.542,13.739],[100.5425,13.74],[100.542,13.741],[100.541,13.741],[100.5415,13.742],[100.542,13.7415],[100.5405,13.7425],[100.543,13.7425],[100.5435,13.741],[100.5445,13.7425],[100.546,13.7425],[100.547,13.7405],[100.5495,13.7405],[100.55,13.7415],[100.5505,13.7405],[100.5515,13.742],[100.553,13.7405],[100.5535,13.741],[100.554,13.7405],[100.553,13.739],[100.554,13.738],[100.5535,13.7355],[100.552,13.7365],[100.5515,13.7385],[100.551,13.7375],[100.551,13.7385],[100.5495,13.738],[100.549,13.737],[100.5485,13.738],[100.546,13.7375],[100.5455,13.7385],[100.5465,13.739],[100.5465,13.7405],[100.545,13.74],[100.5445,13.7375],[100.543,13.738],[100.5425,13.7355],[100.5415,13.7365],[100.54,13.7365],[100.5395,13.7355],[100.5405,13.7355],[100.542,13.7335],[100.542,13.732],[100.544,13.7325],[100.5425,13.731],[100.543,13.7305],[100.5445,13.7315],[100.545,13.733],[100.546,13.733],[100.548,13.731],[100.5475,13.729],[100.548,13.73],[100.5495,13.729],[100.5485,13.7275],[100.55,13.728],[100.5515,13.7265],[100.5515,13.725],[100.5525,13.725],[100.552,13.7285],[100.5545,13.7275],[100.5545,13.726],[100.555,13.727],[100.5555,13.7255],[100.5565,13.7255],[100.5575,13.7285],[100.5585,13.727],[100.5595,13.727],[100.56,13.7305],[100.561,13.7265],[100.56,13.727],[100.56,13.726],[100.559,13.7255],[100.5595,13.725],[100.558,13.725],[100.558,13.7235],[100.557,13.7235],[100.5585,13.723],[100.5585,13.722],[100.556,13.7225],[100.5555,13.724],[100.555,13.7235],[100.5535,13.724],[100.554,13.725],[100.553,13.725],[100.5535,13.723],[100.5525,13.7235],[100.5525,13.7245],[100.5505,13.7235],[100.5525,13.7205],[100.5535,13.7195],[100.554,13.72],[100.554,13.719],[100.556,13.7205],[100.5585,13.72],[100.5585,13.7185],[100.5605,13.7195],[100.561,13.719],[100.561,13.7205],[100.5625,13.7225],[100.562,13.7235],[100.5625,13.7245],[100.561,13.7245],[100.561,13.7275],[100.5615,13.7265],[100.562,13.7275],[100.5635,13.727],[100.5625,13.726],[100.564,13.7255],[100.565,13.724],[100.5635,13.723],[100.565,13.722],[100.5635,13.7215],[100.565,13.721],[100.5645,13.719],[100.563,13.7185],[100.5635,13.718],[100.563,13.7175],[100.56,13.7165],[100.559,13.717],[100.5585,13.716],[100.558,13.7165],[100.5565,13.716],[100.556,13.717],[100.557,13.7175],[100.556,13.718],[100.556,13.719],[100.555,13.7185],[100.5555,13.7175],[100.5535,13.7165],[100.5525,13.717],[100.5525,13.719],[100.5505,13.72],[100.5505,13.7215],[100.549,13.7205],[100.549,13.722],[100.548,13.721],[100.5475,13.7225],[100.547,13.722],[100.5475,13.7205],[100.543,13.721],[100.5435,13.7235],[100.542,13.724],[100.541,13.723],[100.5395,13.723],[100.5385,13.724],[100.535,13.722],[100.5355,13.721],[100.535,13.72],[100.534,13.7195],[100.5325,13.72],[100.5345,13.719],[100.5335,13.716],[100.532,13.716],[100.532,13.717],[100.5305,13.7165],[100.5295,13.7175],[100.5285,13.717],[100.5285,13.7155],[100.5275,13.7145],[100.525,13.7155],[100.5245,13.7165],[100.5215,13.7135],[100.5205,13.7145],[100.521,13.7135],[100.52,13.713],[100.5195,13.714],[100.518,13.714],[100.5175,13.7155],[100.517,13.7145],[100.5125,13.7125],[100.512,13.714],[100.513,13.7155],[100.5115,13.716],[100.5125,13.718],[100.514,13.7165],[100.5135,13.716],[100.5145,13.7165],[100.5155,13.716],[100.518,13.718],[100.5205,13.716],[100.521,13.718],[100.5225,13.717],[100.5225,13.718],[100.524,13.7175],[100.5245,13.719],[100.5255,13.719],[100.527,13.7175],[100.5285,13.721],[100.531,13.719],[100.5325,13.72],[100.532,13.721],[100.534,13.723],[100.5325,13.724],[100.533,13.725],[100.5315,13.726],[100.5275,13.727],[100.5265,13.726],[100.5275,13.7255],[100.5265,13.725],[100.5265,13.7235],[100.524,13.7235],[100.525,13.7215],[100.5235,13.722],[100.524,13.721],[100.5225,13.7215],[100.522,13.7225],[100.5215,13.721],[100.52,13.7205],[100.5195,13.721],[100.518,13.719],[100.5165,13.7205],[100.5165,13.7215],[100.514,13.7205]],[[100.5385,13.7625],[100.5385,13.762],[100.5385,13.763],[100.5385,13.7625]],[[100.5385,13.755],[100.5385,13.7545],[100.5385,13.755]],[[100.5385,13.7525]],[[100.538,13.752],[100.5375,13.7535],[100.536,13.753],[100.537,13.7525],[100.5375,13.751],[100.536,13.7515],[100.5355,13.7495],[100.539,13.7485],[100.54,13.749],[100.54,13.75],[100.5385,13.7505],[100.539,13.751],[100.538,13.752]],[[100.5385,13.7355],[100.538,13.7355],[100.5385,13.7355]],[[100.538,13.7315],[100.537,13.7325],[100.537,13.7315],[100.5355,13.731],[100.5325,13.7315],[100.532,13.733],[100.531,13.733],[100.5325,13.734],[100.5315,13.7345],[100.5315,13.7335],[100.5295,13.734],[100.5305,13.735],[100.5295,13.736],[100.528,13.7355],[100.528,13.734],[100.5275,13.735],[100.526,13.7335],[100.5265,13.731],[100.529,13.7295],[100.5295,13.73],[100.531,13.7295],[100.5315,13.7285],[100.5305,13.728],[100.5305,13.727],[100.534,13.726],[100.5345,13.727],[100.537,13.726],[100.539,13.728],[100.54,13.7275],[100.541,13.728],[100.54,13.729],[100.541,13.731],[100.54,13.7315],[100.541,13.732],[100.541,13.733],[100.5395,13.7315],[100.5385,13.7325],[100.538,13.7315]],[[100.4985,13.745],[100.4985,13.7445],[100.4985,13.745]],[[100.4945,13.7495],[100.4945,13.749],[100.4955,13.7495],[100.4945,13.7495]],[[100.504,13.745],[100.5045,13.7445],[100.505,13.7455],[100.5055,13.7445],[100.5065,13.7445],[100.5055,13.745],[100.5065,13.7455],[100.5045,13.75],[100.5035,13.75],[100.503,13.749],[100.503,13.75],[100.5015,13.7505],[100.4985,13.747],[100.502,13.7435],[100.504,13.745]],[[100.4995,13.749]],[[100.4995,13.743],[100.5,13.7425],[100.5,13.743],[100.4995,13.743]],[[100.4995,13.7505]],[[100.5025,13.7415],[100.5025,13.742],[100.502,13.742],[100.5025,13.7415]],[[100.5025,13.751],[100.5025,13.7505],[100.5025,13.751]],[[100.5035,13.744],[100.504,13.744],[100.5035,13.744]],[[100.5075,13.7435],[100.507,13.743],[100.508,13.741],[100.5075,13.7405],[100.5085,13.74],[100.508,13.739],[100.5115,13.7395],[100.5115,13.7405],[100.513,13.74],[100.5125,13.742],[100.513,13.7425],[100.5115,13.7445],[100.511,13.744],[100.511,13.745],[100.5075,13.7445],[100.5075,13.7435]],[[100.507,13.7385],[100.507,13.739],[100.507,13.7385]],[[100.507,13.744]],[[100.5085,13.7385],[100.5085,13.739],[100.5085,13.7385]],[[100.508,13.7455]],[[100.5265,13.7175]],[[100.527,13.717]],[[100.518,13.721],[100.5175,13.722],[100.518,13.721]],[[100.5175,13.7175],[100.5175,13.717],[100.5175,13.7175]],[[100.5185,13.7165],[100.5175,13.717],[100.5175,13.7165],[100.518,13.7165],[100.5185,13.7165]],[[100.5155,13.7155],[100.516,13.7155],[100.5155,13.7155]],[[100.5165,13.7215],[100.517,13.7215],[100.5165,13.7215]],[[100.5115,13.7385],[100.5115,13.739],[100.5115,13.7385]],[[100.5115,13.737],[100.512,13.7365],[100.512,13.737],[100.5115,13.737]],[[100.51,13.7455],[100.51,13.746],[100.51,13.7455]],[[100.512,13.737]],[[100.5135,13.744]],[[100.515,13.741],[100.5145,13.741],[100.515,13.741]],[[100.514,13.744]],[[100.5215,13.738]],[[100.519,13.733],[100.519,13.7335],[100.519,13.733]],[[100.5175,13.7335],[100.518,13.733],[100.518,13.7335],[100.5175,13.7335]],[[100.5185,13.7355]],[[100.5185,13.735]],[[100.52,13.734]],[[100.521,13.737]],[[100.519,13.715],[100.5195,13.7155],[100.5195,13.7165],[100.519,13.7165],[100.519,13.715]],[[100.5205,13.721],[100.5205,13.7215],[100.5205,13.721]],[[100.521,13.7225]],[[100.525,13.7165],[100.5255,13.716],[100.525,13.7165]],[[100.5235,13.724],[100.524,13.7245],[100.5235,13.724]],[[100.5225,13.7225]],[[100.524,13.717]],[[100.5265,13.749]],[[100.526,13.746],[100.5255,13.7465],[100.525,13.7445],[100.526,13.7445],[100.526,13.746]],[[100.5265,13.743],[100.5265,13.7425],[100.5265,13.743]],[[100.523,13.747]],[[100.5315,13.7185],[100.531,13.718],[100.5305,13.7175],[100.5315,13.718],[100.5315,13.7185]],[[100.5295,13.729],[100.529,13.7285],[100.5295,13.729]],[[100.529,13.719],[100.5295,13.719],[100.5295,13.7195],[100.529,13.719]],[[100.5295,13.718],[100.529,13.7185],[100.5285,13.7175],[100.5295,13.718]],[[100.527,13.7365],[100.527,13.736],[100.528,13.736],[100.527,13.7365]],[[100.5295,13.755],[100.5295,13.7545],[100.5295,13.755]],[[100.529,13.75]],[[100.5275,13.75],[100.528,13.75],[100.5275,13.75]],[[100.5265,13.7445]],[[100.5265,13.752]],[[100.5305,13.7555]],[[100.5305,13.7265],[100.53,13.7265],[100.5305,13.7265]],[[100.53,13.7275]],[[100.531,13.7425],[100.531,13.742],[100.5315,13.742],[100.531,13.7425]],[[100.5355,13.7325],[100.536,13.7325],[100.5355,13.7325]],[[100.5355,13.7265],[100.5345,13.726],[100.535,13.7255],[100.5355,13.7265]],[[100.536,13.7245]],[[100.533,13.734],[100.5335,13.734],[100.533,13.734]],[[100.5335,13.726],[100.5335,13.7265],[100.5335,13.726]],[[100.5345,13.7315]],[[100.534,13.722],[100.5345,13.722],[100.534,13.722]],[[100.535,13.721]],[[100.536,13.725]],[[100.536,13.7245]],[[100.533,13.7415],[100.534,13.7415],[100.5335,13.7415],[100.533,13.7415]],[[100.5345,13.7405]],[[100.5345,13.765],[100.534,13.7655],[100.533,13.764],[100.5345,13.765]],[[100.534,13.754],[100.5345,13.7535],[100.5345,13.753],[100.5345,13.7535],[100.534,13.754]],[[100.534,13.7505],[100.534,13.751],[100.534,13.7505]],[[100.534,13.751],[100.534,13.7515],[100.534,13.751]],[[100.5355,13.7535],[100.5355,13.754],[100.5355,13.7535]],[[100.5355,13.749],[100.535,13.7485],[100.5355,13.748],[100.5355,13.749]],[[100.5375,13.7485],[100.537,13.748],[100.5375,13.748],[100.5375,13.7485]],[[100.538,13.767],[100.538,13.7675],[100.538,13.767]],[[100.537,13.759],[100.5375,13.759],[100.537,13.759]],[[100.5375,13.755]],[[100.5445,13.7725],[100.545,13.772],[100.5455,13.772],[100.5445,13.773],[100.5445,13.7725]],[[100.544,13.7715],[100.5445,13.7715],[100.544,13.7715]],[[100.5435,13.7405]],[[100.5445,13.729],[100.543,13.7295],[100.5435,13.7275],[100.5415,13.7275],[100.542,13.726],[100.5415,13.725],[100.5425,13.725],[100.544,13.7235],[100.5465,13.7245],[100.547,13.7235],[100.5475,13.724],[100.5475,13.723],[100.5495,13.724],[100.549,13.7265],[100.5465,13.7265],[100.5465,13.728],[100.5455,13.7285],[100.546,13.729],[100.545,13.7295],[100.544,13.728],[100.5445,13.729]],[[100.541,13.7685],[100.5415,13.7685],[100.5415,13.769],[100.541,13.7685]],[[100.541,13.7685]],[[100.541,13.7685]],[[100.5415,13.7615],[100.541,13.7605],[100.542,13.761],[100.542,13.762],[100.5415,13.7615]],[[100.5415,13.728],[100.541,13.728],[100.5415,13.728]],[[100.5395,13.7255],[100.539,13.725],[100.5395,13.725],[100.5395,13.7255]],[[100.539,13.7335],[100.539,13.732],[100.539,13.733],[100.5405,13.7335],[100.539,13.7335]],[[100.54,13.7745],[100.5405,13.774],[100.54,13.7745]],[[100.54,13.767]],[[100.54,13.7635]],[[100.5405,13.7625]],[[100.54,13.7615],[100.5395,13.7615],[100.54,13.7615]],[[100.541,13.752],[100.54,13.7515],[100.5405,13.751],[100.541,13.752]],[[100.5395,13.7625]],[[100.539,13.7555],[100.5395,13.7555],[100.5395,13.756],[100.5395,13.7565],[100.539,13.7555]],[[100.5395,13.753]],[[100.541,13.7835]],[[100.5405,13.783],[100.541,13.783],[100.541,13.7835],[100.5405,13.783]],[[100.5415,13.7595],[100.5415,13.76],[100.5415,13.7595]],[[100.542,13.7585]],[[100.543,13.768]],[[100.5425,13.7835],[100.5425,13.784],[100.5425,13.7835]],[[100.543,13.7845],[100.5435,13.7845],[100.543,13.7845]],[[100.542,13.73]],[[100.542,13.729],[100.5425,13.7295],[100.542,13.729]],[[100.5455,13.7465]],[[100.5455,13.746]],[[100.5455,13.7405]],[[100.5445,13.7405],[100.5445,13.74],[100.5445,13.7405]],[[100.55,13.7465]],[[100.5485,13.746],[100.549,13.7465],[100.5485,13.7465],[100.5485,13.746]],[[100.5485,13.7395],[100.548,13.739],[100.5485,13.739],[100.5485,13.7395]],[[100.5455,13.7595],[100.5455,13.759],[100.545,13.759],[100.5455,13.7595]],[[100.546,13.758],[100.5455,13.7585],[100.5455,13.758],[100.546,13.758]],[[100.5455,13.755]],[[100.5455,13.7535]],[[100.5475,13.7825]],[[100.5455,13.7705],[100.546,13.7705],[100.5455,13.771],[100.5455,13.7705]],[[100.55,13.79],[100.5495,13.79],[100.55,13.79]],[[100.548,13.7845],[100.5485,13.7845],[100.548,13.7845]],[[100.549,13.7835]],[[100.548,13.7835],[100.548,13.783],[100.5485,13.7835],[100.548,13.7835]],[[100.5485,13.7825],[100.5485,13.7815],[100.549,13.782],[100.5485,13.7825]],[[100.5505,13.787]],[[100.546,13.7285],[100.5475,13.728],[100.546,13.7285]],[[100.5465,13.7295],[100.5465,13.729],[100.5465,13.7295]],[[100.5495,13.7235]],[[100.549,13.7225]],[[100.551,13.7255],[100.5505,13.725],[100.551,13.725],[100.551,13.7255]],[[100.55,13.727]],[[100.551,13.7205]],[[100.551,13.721],[100.551,13.7205],[100.551,13.721]],[[100.5565,13.7235],[100.556,13.724],[100.556,13.7235],[100.5565,13.7235]],[[100.563,13.722],[100.563,13.7225],[100.563,13.722]],[[100.563,13.7215],[100.5635,13.7215],[100.563,13.7215]],[[100.5615,13.7195],[100.5615,13.72],[100.5615,13.7195]]],[[[100.5165,13.7405]]],[[[100.5165,13.7405]]],[[[100.5165,13.7405]]],[[[100.5445,13.797],[100.541,13.7975],[100.5415,13.7995],[100.5405,13.8],[100.54,13.799],[100.537,13.7975],[100.5375,13.7995],[100.536,13.799],[100.536,13.802],[100.5345,13.801],[100.533,13.802],[100.533,13.801],[100.532,13.801],[100.5305,13.804],[100.529,13.8015],[100.526,13.8035],[100.526,13.805],[100.5245,13.805],[100.524,13.806],[100.523,13.8045],[100.524,13.804],[100.5215,13.801],[100.521,13.802],[100.52,13.802],[100.5195,13.804],[100.5185,13.804],[100.519,13.805],[100.52,13.804],[100.522,13.8045],[100.521,13.805],[100.521,13.8065],[100.5195,13.8065],[100.519,13.805],[100.5185,13.8065],[100.519,13.8075],[100.52,13.808],[100.521,13.8075],[100.5215,13.8085],[100.523,13.807],[100.5245,13.807],[100.5245,13.808],[100.5255,13.807],[100.526,13.8085],[100.5275,13.8085],[100.527,13.8095],[100.5275,13.8105],[100.5305,13.812],[100.5305,13.813],[100.531,13.8125],[100.5315,13.8135],[100.53,13.815],[100.53,13.816],[100.5295,13.8155],[100.5285,13.816],[100.529,13.8175],[100.5275,13.817],[100.5275,13.818],[100.5265,13.818],[100.5285,13.8205],[100.5275,13.8205],[100.527,13.822],[100.5315,13.8245],[100.5305,13.8245],[100.53,13.8255],[100.528,13.825],[100.528,13.826],[100.527,13.825],[100.5245,13.8255],[100.525,13.8265],[100.526,13.8265],[100.5245,13.828],[100.5255,13.829],[100.524,13.83],[100.528,13.8285],[100.5275,13.8275],[100.528,13.827],[100.5295,13.828],[100.529,13.8285],[100.5295,13.83],[100.529,13.831],[100.527,13.831],[100.5265,13.8325],[100.5235,13.832],[100.524,13.8315],[100.5225,13.8305],[100.5225,13.8315],[100.521,13.833],[100.522,13.834],[100.523,13.8345],[100.5235,13.8335],[100.5235,13.8345],[100.5265,13.834],[100.528,13.8345],[100.53,13.831],[100.5315,13.8315],[100.5325,13.831],[100.5315,13.8265],[100.533,13.8255],[100.534,13.826],[100.5345,13.824],[100.535,13.8255],[100.536,13.823],[100.535,13.822],[100.5335,13.822],[100.533,13.823],[100.5335,13.8235],[100.5325,13.8235],[100.5305,13.822],[100.531,13.8215],[100.53,13.821],[100.531,13.82],[100.53,13.82],[100.53,13.819],[100.532,13.818],[100.5315,13.817],[100.5325,13.8165],[100.533,13.8185],[100.534,13.8185],[100.534,13.8205],[100.5355,13.821],[100.5345,13.822],[100.5375,13.8225],[100.5365,13.8185],[100.5355,13.819],[100.534,13.818],[100.5345,13.816],[100.532,13.8135],[100.5325,13.8115],[100.534,13.811],[100.5325,13.8105],[100.5325,13.8095],[100.5345,13.8105],[100.535,13.809],[100.537,13.808],[100.5365,13.807],[100.5375,13.8075],[100.54,13.806],[100.5395,13.805],[100.5385,13.8055],[100.5355,13.804],[100.5365,13.804],[100.536,13.803],[100.538,13.802],[100.538,13.801],[100.539,13.8005],[100.5385,13.7995],[100.54,13.801],[100.5395,13.8025],[100.5425,13.8],[100.5415,13.798],[100.5445,13.798],[100.544,13.7975],[100.5445,13.797]],[[100.522,13.8055]],[[100.5255,13.828]],[[100.525,13.8325],[100.525,13.833],[100.525,13.8325]],[[100.5305,13.805],[100.5325,13.805],[100.533,13.804],[100.535,13.8055],[100.534,13.806],[100.534,13.807],[100.533,13.807],[100.5315,13.81],[100.5305,13.809],[100.529,13.809],[100.529,13.8075],[100.528,13.808],[100.5265,13.8065],[100.5285,13.8045],[100.5295,13.8055],[100.5305,13.805]],[[100.5295,13.8105]],[[100.529,13.822],[100.5295,13.822],[100.529,13.822]],[[100.528,13.8215],[100.5285,13.8215],[100.5285,13.822],[100.528,13.8215]],[[100.531,13.816],[100.5305,13.8155],[100.531,13.816]],[[100.53,13.8275],[100.5315,13.828],[100.53,13.8275]],[[100.5285,13.8265]],[[100.5345,13.806],[100.5355,13.8055],[100.535,13.806],[100.5345,13.806]],[[100.5345,13.8045],[100.535,13.804],[100.5355,13.8045],[100.5345,13.8045]],[[100.533,13.8085]],[[100.5335,13.8045],[100.534,13.8045],[100.5335,13.8045]],[[100.537,13.8005]],[[100.5365,13.805]],[[100.5375,13.8]],[[100.54,13.8],[100.5395,13.8],[100.5395,13.7995],[100.54,13.8]]],[[[100.5405,13.8065],[100.539,13.807],[100.5385,13.8085],[100.5405,13.808],[100.5415,13.8085],[100.541,13.806],[100.5405,13.8065],[100.54,13.806],[100.5405,13.8065]]],[[[100.5395,13.803],[100.5405,13.805],[100.541,13.805],[100.54,13.803],[100.5395,13.803]]],[[[100.546,13.7995],[100.546,13.8015],[100.5475,13.802],[100.5475,13.804],[100.549,13.8035],[100.551,13.8045],[100.5515,13.804],[100.5505,13.8035],[100.552,13.804],[100.5515,13.8055],[100.552,13.807],[100.551,13.808],[100.5515,13.8085],[100.554,13.8085],[100.5575,13.81],[100.5565,13.81],[100.556,13.811],[100.5565,13.8115],[100.557,13.811],[100.5565,13.812],[100.558,13.8145],[100.558,13.816],[100.556,13.816],[100.5565,13.8175],[100.558,13.817],[100.5575,13.8175],[100.558,13.819],[100.5625,13.8195],[100.561,13.82],[100.562,13.821],[100.564,13.8205],[100.5645,13.8215],[100.565,13.821],[100.566,13.8215],[100.5665,13.822],[100.566,13.8225],[100.567,13.822],[100.568,13.823],[100.567,13.8235],[100.567,13.8245],[100.5685,13.827],[100.5705,13.827],[100.572,13.826],[100.5715,13.825],[100.57,13.8255],[100.5695,13.8245],[100.5675,13.824],[100.5695,13.8245],[100.571,13.8235],[100.57,13.822],[100.5685,13.8215],[100.569,13.8205],[100.568,13.8195],[100.567,13.82],[100.5665,13.8185],[100.568,13.818],[100.567,13.817],[100.5655,13.817],[100.5665,13.817],[100.5655,13.8165],[100.566,13.8145],[100.5655,13.813],[100.5665,13.8135],[100.5675,13.811],[100.5685,13.8115],[100.569,13.811],[100.57,13.813],[100.5705,13.812],[100.5715,13.8125],[100.573,13.812],[100.5735,13.8105],[100.573,13.8095],[100.5725,13.81],[100.574,13.8085],[100.572,13.81],[100.5705,13.8085],[100.5685,13.8085],[100.5695,13.808],[100.57,13.8065],[100.5705,13.8075],[100.5725,13.806],[100.5735,13.804],[100.574,13.8045],[100.574,13.8005],[100.573,13.8],[100.572,13.7975],[100.5735,13.7975],[100.573,13.796],[100.5745,13.795],[100.575,13.7965],[100.576,13.7965],[100.576,13.7955],[100.577,13.7955],[100.576,13.794],[100.577,13.7935],[100.577,13.7945],[100.578,13.7945],[100.579,13.7935],[100.5785,13.791],[100.5795,13.791],[100.581,13.7895],[100.5795,13.789],[100.5785,13.786],[100.578,13.7865],[100.577,13.786],[100.577,13.785],[100.575,13.784],[100.576,13.7835],[100.5755,13.7825],[100.5765,13.783],[100.5765,13.782],[100.5775,13.7825],[100.5785,13.782],[100.578,13.7805],[100.5795,13.779],[100.579,13.778],[100.5805,13.777],[100.579,13.777],[100.5785,13.776],[100.577,13.7765],[100.577,13.7755],[100.5755,13.7755],[100.576,13.774],[100.574,13.772],[100.5745,13.77],[100.574,13.7685],[100.576,13.7675],[100.5745,13.7665],[100.5735,13.7675],[100.573,13.7655],[100.574,13.765],[100.573,13.764],[100.5735,13.7625],[100.573,13.7605],[100.571,13.7615],[100.572,13.762],[100.5705,13.7625],[100.571,13.764],[100.573,13.7635],[100.572,13.7645],[100.572,13.767],[100.5735,13.769],[100.573,13.77],[100.5725,13.7705],[100.5715,13.769],[100.57,13.7695],[100.57,13.7685],[100.568,13.767],[100.5675,13.7685],[100.568,13.77],[100.5695,13.7705],[100.5695,13.7715],[100.5705,13.7715],[100.5705,13.7725],[100.5715,13.7725],[100.572,13.7735],[100.573,13.773],[100.5725,13.7745],[100.569,13.775],[100.569,13.776],[100.5665,13.7785],[100.5695,13.78],[100.57,13.781],[100.5705,13.7805],[100.571,13.783],[100.572,13.783],[100.572,13.782],[100.5735,13.7825],[100.573,13.7835],[100.5715,13.7835],[100.5725,13.784],[100.5715,13.7855],[100.573,13.785],[100.573,13.7855],[100.57,13.786],[100.5705,13.787],[100.5695,13.789],[100.569,13.788],[100.569,13.789],[100.5675,13.7895],[100.568,13.7905],[100.5695,13.79],[100.569,13.791],[100.5695,13.7925],[100.571,13.7925],[100.572,13.791],[100.5705,13.7895],[100.5715,13.7895],[100.5715,13.7885],[100.573,13.7885],[100.5735,13.7855],[100.5775,13.7895],[100.576,13.7905],[100.577,13.792],[100.576,13.792],[100.5755,13.7935],[100.575,13.793],[100.574,13.7935],[100.5735,13.792],[100.5735,13.7935],[100.573,13.793],[100.5725,13.7935],[100.572,13.7955],[100.572,13.794],[100.5695,13.795],[100.57,13.7965],[100.5685,13.797],[100.57,13.7975],[100.57,13.8],[100.5715,13.7995],[100.5705,13.8025],[100.572,13.804],[100.5705,13.8045],[100.57,13.803],[100.569,13.804],[100.5695,13.8045],[100.5675,13.805],[100.566,13.809],[100.564,13.8075],[100.5635,13.809],[100.5615,13.809],[100.5615,13.808],[100.56,13.8075],[100.559,13.809],[100.5585,13.808],[100.559,13.8075],[100.558,13.8075],[100.5575,13.806],[100.5585,13.8055],[100.557,13.805],[100.558,13.804],[100.5585,13.8045],[100.5585,13.8035],[100.557,13.8035],[100.556,13.8],[100.555,13.8005],[100.5555,13.8035],[100.557,13.805],[100.5565,13.8065],[100.554,13.807],[100.5515,13.8025],[100.55,13.8025],[100.55,13.8015],[100.5515,13.8025],[100.5505,13.801],[100.5515,13.7995],[100.55,13.8005],[100.546,13.7995]],[[100.5695,13.8105],[100.5685,13.811],[100.5685,13.81],[100.5695,13.8105]],[[100.547,13.801]],[[100.547,13.8]],[[100.549,13.802],[100.5495,13.802],[100.549,13.802]],[[100.5595,13.8185],[100.56,13.818],[100.5595,13.8185]],[[100.561,13.8175],[100.56,13.8165],[100.5605,13.817],[100.561,13.8175]],[[100.561,13.8155],[100.5615,13.8175],[100.561,13.816],[100.5585,13.816],[100.5585,13.811],[100.56,13.8105],[100.5605,13.811],[100.56,13.812],[100.5615,13.812],[100.561,13.81],[100.562,13.8095],[100.5635,13.81],[100.563,13.811],[100.5635,13.81],[100.5645,13.81],[100.565,13.811],[100.563,13.8125],[100.5635,13.813],[100.563,13.8145],[100.562,13.815],[100.5625,13.816],[100.564,13.8155],[100.5645,13.8165],[100.5635,13.818],[100.5645,13.8175],[100.5635,13.818],[100.5645,13.819],[100.564,13.82],[100.563,13.8195],[100.563,13.8185],[100.562,13.819],[100.5625,13.818],[100.561,13.8155]],[[100.561,13.8085],[100.5605,13.8095],[100.5605,13.8085],[100.561,13.8085]],[[100.5555,13.808],[100.556,13.808],[100.5565,13.809],[100.5555,13.8085],[100.5555,13.808]],[[100.558,13.8125],[100.5585,13.813],[100.558,13.813],[100.558,13.8125]],[[100.558,13.8085],[100.5575,13.8085],[100.558,13.8085]],[[100.5645,13.8205],[100.566,13.8195],[100.5675,13.821],[100.5665,13.8215],[100.5645,13.8205]],[[100.5645,13.8155],[100.565,13.8145],[100.565,13.816],[100.5645,13.8155]],[[100.5645,13.813],[100.565,13.813],[100.5645,13.813]],[[100.565,13.8115],[100.5655,13.811],[100.5655,13.812],[100.565,13.8115]],[[100.565,13.8095],[100.566,13.81],[100.5645,13.8095],[100.565,13.8095]],[[100.563,13.8195],[100.5635,13.8195],[100.563,13.8195]],[[100.5665,13.8185]],[[100.568,13.826],[100.5685,13.826],[100.568,13.826]],[[100.5685,13.823]],[[100.569,13.779],[100.569,13.7785],[100.569,13.779]],[[100.5775,13.7915],[100.577,13.791],[100.5775,13.791],[100.5775,13.7915]],[[100.577,13.7905],[100.577,13.79],[100.5775,13.79],[100.577,13.7905]],[[100.5765,13.7775],[100.5765,13.778],[100.5765,13.7775]],[[100.5715,13.7785],[100.57,13.778],[100.571,13.778],[100.5705,13.777],[100.572,13.7775],[100.573,13.7765],[100.572,13.7755],[100.5735,13.7745],[100.5745,13.7775],[100.5775,13.7785],[100.5755,13.7795],[100.5755,13.781],[100.5735,13.7825],[100.5715,13.7785]],[[100.5705,13.78],[100.5705,13.7795],[100.5705,13.78]],[[100.5695,13.7775],[100.5695,13.778],[100.569,13.778],[100.569,13.7775],[100.5695,13.7775]],[[100.572,13.7625],[100.572,13.763],[100.5715,13.763],[100.5715,13.7625],[100.572,13.7625]],[[100.573,13.7725]],[[100.572,13.7765]],[[100.572,13.7815]],[[100.571,13.7875]],[[100.572,13.788],[100.572,13.7875],[100.572,13.787],[100.5725,13.787],[100.5725,13.788],[100.572,13.788]],[[100.5725,13.8035],[100.5725,13.804],[100.5725,13.8035]],[[100.5735,13.7945],[100.5735,13.795],[100.5735,13.7945]],[[100.572,13.797],[100.572,13.7965],[100.572,13.797]],[[100.572,13.806],[100.572,13.8055],[100.572,13.806]],[[100.571,13.8065],[100.571,13.8055],[100.571,13.8065]],[[100.5705,13.8115],[100.571,13.8115],[100.5705,13.8115]],[[100.572,13.8015],[100.5725,13.8],[100.5725,13.8015],[100.572,13.8015]],[[100.572,13.7985],[100.572,13.799],[100.5715,13.799],[100.572,13.7985]],[[100.5725,13.811],[100.572,13.811],[100.5725,13.811]],[[100.5755,13.787],[100.576,13.787],[100.5755,13.787]],[[100.575,13.785],[100.575,13.7845],[100.575,13.785]],[[100.5745,13.786]],[[100.5745,13.7755]],[[100.575,13.7735]],[[100.577,13.779],[100.5785,13.7795],[100.5775,13.78],[100.577,13.779]],[[100.5695,13.8225]]],[[[100.5645,13.8215]]],[[[100.5645,13.822]]],[[[100.5645,13.822]]],[[[100.5645,13.822]]],[[[100.5645,13.822]]],[[[100.5645,13.822]]],[[[100.5645,13.822]]],[[[100.5645,13.822]]],[[[100.5645,13.822]]],[[[100.5645,13.822],[100.562,13.822],[100.5615,13.8225],[100.562,13.823],[100.5605,13.823],[100.561,13.824],[100.5605,13.8255],[100.5615,13.826],[100.563,13.824],[100.5645,13.824],[100.5645,13.822]],[[100.562,13.8245]],[[100.5615,13.8235]],[[100.563,13.823]]],[[[100.567,13.826],[100.5635,13.825],[100.563,13.8255],[100.566,13.8265],[100.5645,13.8275],[100.565,13.829],[100.5645,13.83],[100.565,13.831],[100.568,13.832],[100.567,13.8325],[100.5675,13.834],[100.5685,13.834],[100.569,13.835],[100.57,13.833],[100.571,13.835],[100.5725,13.835],[100.572,13.8365],[100.573,13.838],[100.5725,13.8395],[100.5735,13.8415],[100.572,13.842],[100.572,13.843],[100.575,13.8445],[100.575,13.8455],[100.5735,13.8455],[100.5735,13.847],[100.575,13.8485],[100.576,13.8475],[100.5755,13.8465],[100.5765,13.846],[100.577,13.847],[100.578,13.8465],[100.576,13.8515],[100.5775,13.8525],[100.5775,13.8535],[100.5795,13.854],[100.5795,13.8555],[100.58,13.8545],[100.5815,13.855],[100.5805,13.8555],[100.581,13.857],[100.5795,13.8575],[100.583,13.858],[100.5835,13.8595],[100.582,13.8595],[100.5825,13.8605],[100.586,13.86],[100.5865,13.8615],[100.5875,13.8615],[100.5895,13.864],[100.5875,13.8635],[100.588,13.8645],[100.587,13.8645],[100.5875,13.867],[100.5885,13.866],[100.588,13.868],[100.589,13.8685],[100.588,13.87],[100.59,13.872],[100.59,13.873],[100.592,13.872],[100.592,13.873],[100.593,13.8735],[100.592,13.874],[100.5915,13.875],[100.5925,13.8755],[100.591,13.8775],[100.593,13.877],[100.592,13.878],[100.5925,13.88],[100.5935,13.88],[100.5915,13.881],[100.5925,13.881],[100.592,13.88],[100.5905,13.882],[100.589,13.881],[100.5885,13.882],[100.587,13.8815],[100.5875,13.8805],[100.587,13.88],[100.5865,13.8805],[100.586,13.8795],[100.585,13.88],[100.584,13.879],[100.5815,13.881],[100.581,13.88],[100.5795,13.8795],[100.579,13.8805],[100.578,13.8795],[100.5785,13.881],[100.5775,13.882],[100.578,13.8835],[100.577,13.882],[100.5775,13.8845],[100.5755,13.884],[100.575,13.885],[100.576,13.885],[100.575,13.8855],[100.5745,13.884],[100.575,13.8835],[100.5745,13.883],[100.5735,13.8835],[100.573,13.8845],[100.5735,13.8855],[100.5725,13.885],[100.5735,13.8875],[100.573,13.888],[100.572,13.8865],[100.5705,13.888],[100.569,13.886],[100.568,13.886],[100.5665,13.8875],[100.5665,13.886],[100.5655,13.886],[100.564,13.8865],[100.5625,13.8895],[100.5615,13.89],[100.561,13.8885],[100.56,13.8895],[100.561,13.89],[100.5595,13.8905],[100.559,13.8895],[100.5595,13.8885],[100.5575,13.888],[100.5575,13.889],[100.5565,13.8895],[100.5575,13.8915],[100.557,13.892],[100.556,13.891],[100.555,13.8945],[100.5535,13.895],[100.553,13.894],[100.552,13.8945],[100.552,13.8935],[100.551,13.893],[100.55,13.895],[100.5505,13.896],[100.5515,13.896],[100.551,13.8975],[100.5465,13.8985],[100.5475,13.8985],[100.5475,13.8995],[100.5485,13.899],[100.55,13.8995],[100.5515,13.901],[100.553,13.8965],[100.554,13.897],[100.5555,13.8955],[100.5555,13.897],[100.5575,13.898],[100.558,13.8975],[100.5575,13.896],[100.5595,13.896],[100.559,13.8975],[100.562,13.899],[100.5655,13.895],[100.57,13.895],[100.5715,13.8935],[100.5705,13.8915],[100.57,13.8925],[100.567,13.8935],[100.566,13.8935],[100.5665,13.8925],[100.564,13.8925],[100.5655,13.889],[100.567,13.89],[100.567,13.889],[100.568,13.8895],[100.5695,13.889],[100.5705,13.89],[100.57,13.891],[100.5735,13.8905],[100.5745,13.8925],[100.575,13.8915],[100.577,13.8915],[100.5765,13.89],[100.5785,13.8895],[100.58,13.8905],[100.5795,13.8915],[100.5815,13.8915],[100.582,13.8925],[100.583,13.8915],[100.5835,13.893],[100.584,13.8925],[100.5855,13.893],[100.5845,13.894],[100.585,13.896],[100.584,13.8965],[100.585,13.8975],[100.583,13.899],[100.584,13.8995],[100.5835,13.9005],[100.5845,13.9015],[100.5865,13.901],[100.5875,13.9025],[100.587,13.9035],[100.5895,13.903],[100.5905,13.9045],[100.5915,13.9035],[100.591,13.901],[100.589,13.9015],[100.5865,13.8995],[100.586,13.898],[100.5865,13.8975],[100.586,13.896],[100.5875,13.8955],[100.588,13.896],[100.5855,13.8915],[100.587,13.889],[100.5865,13.885],[100.585,13.8845],[100.5875,13.885],[100.588,13.8835],[100.5895,13.883],[100.5895,13.884],[100.5905,13.8835],[100.591,13.8845],[100.5915,13.8825],[100.5945,13.8815],[100.5945,13.8795],[100.5955,13.881],[100.5975,13.8815],[100.5965,13.882],[100.5965,13.883],[100.5955,13.8825],[100.597,13.884],[100.595,13.8845],[100.5955,13.886],[100.597,13.8855],[100.598,13.8865],[100.599,13.8855],[100.5995,13.886],[100.5985,13.8875],[100.5995,13.8885],[100.6015,13.888],[100.601,13.889],[100.6015,13.8895],[100.603,13.8885],[100.604,13.889],[100.6035,13.89],[100.6045,13.89],[100.606,13.892],[100.605,13.893],[100.6045,13.8955],[100.6065,13.8965],[100.6075,13.895],[100.6065,13.895],[100.607,13.8935],[100.609,13.894],[100.6085,13.8955],[100.61,13.8975],[100.6095,13.898],[100.6105,13.8985],[100.6115,13.896],[100.61,13.895],[100.611,13.8955],[100.6115,13.8935],[100.6095,13.8925],[100.6085,13.891],[100.6095,13.8905],[100.61,13.8885],[100.6085,13.889],[100.6075,13.8875],[100.6065,13.888],[100.606,13.8875],[100.607,13.887],[100.6075,13.8855],[100.606,13.885],[100.607,13.8845],[100.6065,13.8835],[100.6055,13.884],[100.6055,13.883],[100.6065,13.8825],[100.605,13.881],[100.6025,13.8805],[100.6015,13.8785],[100.602,13.8775],[100.6015,13.876],[100.605,13.876],[100.6045,13.8735],[100.6055,13.8745],[100.606,13.873],[100.6075,13.8725],[100.6075,13.8715],[100.6085,13.8715],[100.6085,13.8705],[100.6065,13.8705],[100.606,13.8695],[100.6075,13.8695],[100.608,13.868],[100.604,13.87],[100.606,13.87],[100.6045,13.8715],[100.605,13.873],[100.6035,13.873],[100.6025,13.874],[100.6015,13.8725],[100.601,13.8735],[100.6,13.873],[100.5985,13.8735],[100.5995,13.8745],[100.599,13.875],[100.6,13.875],[100.599,13.876],[100.5995,13.8765],[100.598,13.877],[100.5985,13.8785],[100.5965,13.8785],[100.596,13.8795],[100.5965,13.878],[100.5945,13.877],[100.595,13.8755],[100.594,13.875],[100.5955,13.8745],[100.5945,13.8715],[100.597,13.8725],[100.5965,13.872],[100.597,13.873],[100.598,13.8725],[100.5965,13.871],[100.596,13.869],[100.5965,13.8685],[100.5955,13.8685],[100.595,13.8675],[100.5935,13.868],[100.594,13.869],[100.593,13.87],[100.5905,13.87],[100.5895,13.869],[100.59,13.8645],[100.5935,13.869],[100.59,13.863],[100.5905,13.862],[100.5895,13.8625],[100.5875,13.8595],[100.588,13.8585],[100.587,13.858],[100.587,13.859],[100.586,13.8585],[100.5855,13.8595],[100.584,13.8585],[100.583,13.8565],[100.5835,13.8535],[100.583,13.853],[100.5815,13.854],[100.581,13.853],[100.5815,13.8515],[100.5805,13.853],[100.58,13.853],[100.5805,13.852],[100.5785,13.8515],[100.58,13.8495],[100.5795,13.8485],[100.5815,13.8475],[100.581,13.848],[100.5825,13.8485],[100.582,13.8495],[100.583,13.852],[100.5855,13.8535],[100.5845,13.8535],[100.587,13.8575],[100.5875,13.8545],[100.5865,13.855],[100.5865,13.853],[100.5855,13.8525],[100.587,13.852],[100.5855,13.8515],[100.586,13.849],[100.5825,13.8485],[100.583,13.847],[100.581,13.845],[100.5805,13.8455],[100.5785,13.844],[100.5785,13.845],[100.577,13.8445],[100.576,13.846],[100.5755,13.8455],[100.5765,13.8425],[100.5755,13.8425],[100.5755,13.8405],[100.5765,13.8405],[100.5775,13.8425],[100.578,13.842],[100.577,13.841],[100.5775,13.8405],[100.578,13.8415],[100.579,13.8405],[100.5785,13.839],[100.5775,13.839],[100.5775,13.8375],[100.5795,13.838],[100.5805,13.8365],[100.579,13.836],[100.579,13.835],[100.577,13.835],[100.576,13.8375],[100.5755,13.836],[100.575,13.837],[100.5755,13.839],[100.575,13.8395],[100.572,13.834],[100.5725,13.833],[100.573,13.834],[100.5765,13.835],[100.5775,13.8345],[100.577,13.8335],[100.5765,13.833],[100.576,13.8335],[100.576,13.832],[100.572,13.832],[100.5725,13.8315],[100.5715,13.832],[100.5715,13.833],[100.5705,13.833],[100.569,13.831],[100.5695,13.83],[100.5685,13.8305],[100.5685,13.8295],[100.5675,13.83],[100.567,13.8295],[100.5675,13.8285],[100.567,13.828],[100.568,13.8275],[100.5665,13.8265],[100.567,13.826]],[[100.569,13.8335],[100.5685,13.8335],[100.5685,13.8325],[100.569,13.833],[100.569,13.8335]],[[100.568,13.831],[100.568,13.8315],[100.568,13.831]],[[100.549,13.8975],[100.549,13.898],[100.549,13.8975]],[[100.551,13.8955]],[[100.5605,13.8965],[100.56,13.896],[100.561,13.896],[100.5605,13.8965]],[[100.557,13.8935],[100.559,13.8925],[100.559,13.891],[100.5595,13.8915],[100.56,13.8905],[100.5605,13.8915],[100.5615,13.8915],[100.561,13.8925],[100.562,13.892],[100.5635,13.8925],[100.5615,13.896],[100.56,13.895],[100.558,13.8955],[100.5565,13.8945],[100.558,13.894],[100.557,13.8935]],[[100.556,13.894],[100.556,13.8935],[100.5565,13.894],[100.556,13.894]],[[100.5565,13.8955],[100.5565,13.8965],[100.556,13.8965],[100.556,13.8955],[100.5565,13.8955]],[[100.565,13.895],[100.5645,13.895],[100.564,13.8945],[100.565,13.8945],[100.565,13.895]],[[100.565,13.8935],[100.5635,13.894],[100.564,13.893],[100.565,13.8935]],[[100.5645,13.89],[100.564,13.889],[100.565,13.8885],[100.5655,13.8895],[100.5645,13.89]],[[100.563,13.8945],[100.563,13.895],[100.563,13.8945]],[[100.563,13.8915],[100.563,13.891],[100.563,13.8915]],[[100.562,13.896],[100.5615,13.896],[100.562,13.896]],[[100.561,13.8905]],[[100.5635,13.8905],[100.5635,13.891],[100.5635,13.8905]],[[100.568,13.888],[100.5685,13.888],[100.568,13.888]],[[100.5655,13.893]],[[100.596,13.872]],[[100.5785,13.8885],[100.576,13.8885],[100.576,13.8895],[100.575,13.89],[100.5745,13.8895],[100.575,13.89],[100.5745,13.891],[100.5745,13.889],[100.5735,13.89],[100.5745,13.886],[100.5755,13.887],[100.579,13.8855],[100.578,13.8845],[100.58,13.8835],[100.58,13.8825],[100.581,13.883],[100.5815,13.8815],[100.5835,13.8815],[100.584,13.8825],[100.584,13.8815],[100.5855,13.882],[100.585,13.883],[100.5855,13.8835],[100.5845,13.8835],[100.5845,13.8845],[100.584,13.884],[100.585,13.886],[100.5845,13.8885],[100.584,13.888],[100.5845,13.8895],[100.5835,13.89],[100.5835,13.891],[100.582,13.889],[100.5805,13.889],[100.582,13.8885],[100.58,13.886],[100.5785,13.8865],[100.578,13.888],[100.5785,13.8885]],[[100.573,13.89],[100.5735,13.89],[100.573,13.89]],[[100.5705,13.8905]],[[100.5715,13.89],[100.572,13.89],[100.5715,13.89]],[[100.5735,13.886],[100.574,13.886],[100.5735,13.886]],[[100.5765,13.8385],[100.5765,13.8375],[100.577,13.8375],[100.5765,13.8385]],[[100.5745,13.843],[100.5745,13.8435],[100.5745,13.843]],[[100.574,13.833]],[[100.5765,13.839]],[[100.5845,13.851],[100.584,13.85],[100.5855,13.85],[100.5845,13.851]],[[100.579,13.853],[100.5795,13.853],[100.58,13.853],[100.579,13.853]],[[100.5785,13.8505],[100.5785,13.85],[100.579,13.85],[100.579,13.8505],[100.5785,13.8505]],[[100.5785,13.8485],[100.578,13.848],[100.5785,13.848],[100.5785,13.8485]],[[100.5785,13.847],[100.5785,13.846],[100.579,13.8475],[100.5785,13.847]],[[100.579,13.848],[100.5785,13.848],[100.579,13.848]],[[100.579,13.8485]],[[100.582,13.8565],[100.582,13.856],[100.5825,13.856],[100.582,13.8565]],[[100.581,13.8535],[100.5815,13.854],[100.581,13.854],[100.581,13.8535]],[[100.5835,13.8505],[100.584,13.8515],[100.583,13.8505],[100.5835,13.8505]],[[100.5855,13.888],[100.585,13.888],[100.5855,13.888]],[[100.5855,13.8815],[100.5845,13.8815],[100.5845,13.881],[100.5855,13.881],[100.5855,13.8815]],[[100.5805,13.888],[100.5805,13.8885],[100.5805,13.888]],[[100.579,13.8825]],[[100.584,13.8805],[100.5845,13.8805],[100.584,13.8805]],[[100.5855,13.8955],[100.5855,13.895],[100.586,13.895],[100.5855,13.8955]],[[100.5855,13.897],[100.5855,13.8965],[100.5855,13.897]],[[100.585,13.901],[100.585,13.9005],[100.585,13.901]],[[100.5905,13.9025],[100.5905,13.903],[100.59,13.9025],[100.5905,13.9025]],[[100.5865,13.859]],[[100.587,13.86]],[[100.588,13.865]],[[100.5895,13.865],[100.589,13.865],[100.5895,13.865]],[[100.589,13.8645]],[[100.5895,13.8675]],[[100.587,13.882],[100.5875,13.8825],[100.5865,13.8825],[100.587,13.882]],[[100.586,13.881],[100.5855,13.881],[100.5855,13.8805],[100.586,13.881]],[[100.5935,13.872],[100.593,13.8725],[100.5935,13.872]],[[100.595,13.8685],[100.5945,13.8685],[100.595,13.8685]],[[100.592,13.871],[100.5915,13.8705],[100.592,13.8705],[100.592,13.871]],[[100.5895,13.8705],[100.5895,13.871],[100.5895,13.8705]],[[100.5945,13.8705]],[[100.591,13.8825]],[[100.594,13.876],[100.5935,13.8765],[100.593,13.8765],[100.594,13.876]],[[100.594,13.8785],[100.594,13.878],[100.594,13.8785]],[[100.5925,13.8785],[100.5925,13.879],[100.5925,13.8785]],[[100.6025,13.887],[100.602,13.8865],[100.6025,13.886],[100.601,13.8845],[100.6005,13.885],[100.5995,13.8835],[100.598,13.884],[100.599,13.883],[100.5985,13.8825],[100.599,13.8815],[100.598,13.881],[100.599,13.8795],[100.602,13.8825],[100.603,13.8825],[100.6025,13.8845],[100.603,13.8855],[100.606,13.887],[100.6055,13.8885],[100.607,13.889],[100.6065,13.8905],[100.6055,13.891],[100.6025,13.887]],[[100.5985,13.8845],[100.598,13.885],[100.599,13.8845],[100.5985,13.8845]],[[100.599,13.878]],[[100.596,13.88],[100.596,13.8805],[100.596,13.88]],[[100.5985,13.8775]],[[100.5975,13.8805],[100.598,13.8805],[100.5975,13.8805]],[[100.598,13.8835]],[[100.6,13.8855],[100.6005,13.885],[100.6,13.8855]],[[100.601,13.8805],[100.6,13.88],[100.6005,13.879],[100.601,13.8805]],[[100.5995,13.8775]],[[100.6,13.8805],[100.6005,13.8805],[100.6,13.8805]],[[100.606,13.8715]],[[100.606,13.8695]],[[100.607,13.872]],[[100.6045,13.8815],[100.6045,13.882],[100.604,13.8815],[100.6045,13.8815]],[[100.603,13.8875]],[[100.6065,13.891]]],[[[100.548,13.894],[100.5485,13.8935],[100.547,13.894],[100.545,13.8935],[100.546,13.895],[100.5445,13.8945],[100.5435,13.896],[100.544,13.897],[100.542,13.897],[100.5415,13.8975],[100.542,13.898],[100.5395,13.8985],[100.5395,13.9],[100.5415,13.8985],[100.5435,13.8995],[100.5425,13.9],[100.543,13.9005],[100.544,13.8995],[100.544,13.901],[100.5445,13.9005],[100.5455,13.901],[100.5455,13.9],[100.5465,13.9],[100.5465,13.8985],[100.5445,13.8985],[100.5465,13.8975],[100.5465,13.896],[100.548,13.894]],[[100.5455,13.8995],[100.545,13.8995],[100.545,13.899],[100.5455,13.899],[100.5455,13.8995]],[[100.545,13.8965],[100.5455,13.8975],[100.545,13.8975],[100.545,13.8965]],[[100.5435,13.8985],[100.543,13.8985],[100.5435,13.8985]],[[100.5435,13.898],[100.5435,13.8975],[100.544,13.8975],[100.5435,13.898]],[[100.5425,13.8975],[100.5425,13.898],[100.5425,13.8975]],[[100.547,13.8945],[100.547,13.894],[100.547,13.8945]],[[100.546,13.896]],[[100.5455,13.8955]]],[[[100.5395,13.9],[100.5395,13.8985],[100.538,13.897],[100.537,13.8975],[100.537,13.9],[100.5355,13.899],[100.5355,13.9005],[100.534,13.9005],[100.5335,13.9015],[100.532,13.901],[100.5325,13.9],[100.531,13.9],[100.531,13.899],[100.5285,13.898],[100.529,13.899],[100.528,13.899],[100.528,13.9015],[100.5275,13.9],[100.526,13.9],[100.5265,13.902],[100.524,13.902],[100.5265,13.9045],[100.527,13.9025],[100.528,13.902],[100.529,13.9025],[100.5295,13.901],[100.5305,13.903],[100.532,13.902],[100.533,13.903],[100.5315,13.9045],[100.531,13.907],[100.531,13.906],[100.529,13.9075],[100.5265,13.908],[100.528,13.9085],[100.5285,13.91],[100.5295,13.9095],[100.53,13.9105],[100.5315,13.9095],[100.531,13.9075],[100.5335,13.907],[100.5325,13.906],[100.534,13.9055],[100.535,13.9025],[100.5355,13.904],[100.5365,13.9035],[100.5365,13.9045],[100.538,13.906],[100.5385,13.905],[100.5395,13.906],[100.5415,13.906],[100.5405,13.9035],[100.541,13.9025],[100.5435,13.9035],[100.5435,13.9015],[100.5415,13.9005],[100.542,13.901],[100.541,13.901],[100.5395,13.903],[100.539,13.901],[100.5385,13.9025],[100.5375,13.902],[100.537,13.903],[100.537,13.9],[100.538,13.8995],[100.5395,13.9]],[[100.532,13.907],[100.5315,13.9065],[100.532,13.9065],[100.532,13.907]],[[100.531,13.909],[100.53,13.909],[100.53,13.9085],[100.5305,13.9085],[100.531,13.909]],[[100.53,13.908]],[[100.5315,13.9015],[100.5315,13.902],[100.5305,13.902],[100.5305,13.9015],[100.5315,13.9015]],[[100.5345,13.902],[100.534,13.9015],[100.535,13.9015],[100.5345,13.902]],[[100.533,13.9015],[100.5325,13.9015],[100.533,13.9015]],[[100.538,13.9035],[100.5375,13.9035],[100.538,13.9035]],[[100.536,13.902],[100.536,13.9025],[100.536,13.902]],[[100.539,13.9035],[100.5385,13.9035],[100.539,13.9035]],[[100.5385,13.903]]],[[[100.526,13.9045],[100.525,13.905],[100.5245,13.904],[100.5235,13.904],[100.5235,13.905],[100.522,13.9055],[100.5205,13.9045],[100.5195,13.905],[100.519,13.9035],[100.5185,13.9045],[100.518,13.9035],[100.517,13.904],[100.518,13.903],[100.516,13.9015],[100.5145,13.903],[100.5155,13.9035],[100.5145,13.9045],[100.515,13.905],[100.5155,13.9045],[100.516,13.9055],[100.518,13.905],[100.519,13.906],[100.5185,13.907],[100.5205,13.909],[100.522,13.9065],[100.525,13.9065],[100.5245,13.9075],[100.525,13.908],[100.5275,13.9075],[100.5285,13.9055],[100.528,13.907],[100.527,13.907],[100.526,13.906],[100.5265,13.9055],[100.5255,13.9055],[100.526,13.9045]],[[100.519,13.9055]],[[100.52,13.9055]]],[[[100.5135,13.905],[100.5135,13.904],[100.5125,13.9035],[100.512,13.9045],[100.5105,13.9045],[100.5105,13.906],[100.5095,13.906],[100.509,13.905],[100.5075,13.9055],[100.508,13.9075],[100.505,13.9085],[100.504,13.907],[100.505,13.906],[100.5055,13.9065],[100.505,13.906],[100.5055,13.9045],[100.508,13.902],[100.5105,13.9015],[100.5115,13.9005],[100.512,13.899],[100.511,13.898],[100.5115,13.8965],[100.5125,13.896],[100.5115,13.8955],[100.51,13.8965],[100.5095,13.897],[100.51,13.898],[100.508,13.8985],[100.509,13.8995],[100.5075,13.9],[100.507,13.8995],[100.506,13.9015],[100.5055,13.901],[100.506,13.9],[100.505,13.9],[100.5045,13.8985],[100.503,13.8985],[100.5045,13.898],[100.5045,13.8965],[100.505,13.8975],[100.506,13.897],[100.506,13.896],[100.5075,13.896],[100.508,13.895],[100.5085,13.8965],[100.509,13.895],[100.512,13.893],[100.512,13.89],[100.5135,13.89],[100.5135,13.889],[100.5145,13.889],[100.5145,13.8875],[100.516,13.8865],[100.5145,13.8855],[100.515,13.8855],[100.5145,13.8845],[100.5135,13.8845],[100.5135,13.883],[100.512,13.883],[100.512,13.884],[100.511,13.884],[100.51,13.886],[100.509,13.885],[100.509,13.886],[100.508,13.8865],[100.509,13.888],[100.508,13.889],[100.5095,13.8895],[100.5095,13.8885],[100.51,13.8895],[100.5045,13.894],[100.504,13.8955],[100.5025,13.8955],[100.5025,13.8965],[100.5005,13.8975],[100.5015,13.899],[100.5035,13.8995],[100.5035,13.9005],[100.5025,13.901],[100.505,13.9035],[100.5045,13.9045],[100.5025,13.905],[100.5025,13.906],[100.5015,13.906],[100.501,13.909],[100.505,13.909],[100.505,13.91],[100.5075,13.9105],[100.507,13.908],[100.5085,13.9075],[100.509,13.9085],[100.51,13.9075],[100.5095,13.908],[100.5105,13.909],[100.511,13.9075],[100.511,13.9095],[100.512,13.909],[100.5125,13.91],[100.514,13.9085],[100.513,13.907],[100.5125,13.908],[100.512,13.907],[100.513,13.9065],[100.5135,13.905]],[[100.51,13.901]],[[100.5045,13.8995],[100.504,13.8995],[100.5045,13.8995]],[[100.5035,13.8975]],[[100.503,13.8975]],[[100.5025,13.897],[100.502,13.897],[100.5025,13.897]],[[100.5025,13.9075]],[[100.5065,13.902],[100.5065,13.9015],[100.507,13.9015],[100.507,13.902],[100.5065,13.902]],[[100.505,13.9025]],[[100.508,13.901],[100.509,13.901],[100.508,13.901]],[[100.509,13.906],[100.5085,13.906],[100.509,13.906]],[[100.51,13.8875],[100.5095,13.8865],[100.5105,13.887],[100.5115,13.886],[100.5135,13.888],[100.511,13.8895],[100.5115,13.892],[100.509,13.8925],[100.511,13.8875],[100.51,13.8875]],[[100.5135,13.8875]],[[100.5105,13.9]],[[100.513,13.9055]],[[100.512,13.9055],[100.5115,13.9055],[100.512,13.9055]],[[100.512,13.9085],[100.512,13.9075],[100.512,13.9085]]],[[[100.514,13.908]]],[[[100.5165,13.909],[100.517,13.9095],[100.515,13.9095],[100.515,13.911],[100.5165,13.9115],[100.517,13.911],[100.5185,13.9125],[100.518,13.911],[100.519,13.9115],[100.5195,13.91],[100.518,13.9095],[100.5175,13.908],[100.5175,13.909],[100.5165,13.909]],[[100.517,13.9095]]],[[[100.5285,13.9055]]],[[[100.5285,13.9055]]],[[[100.6015,13.871],[100.6005,13.8715],[100.598,13.873],[100.5985,13.873],[100.6015,13.871]]],[[[100.587,13.858]]],[[[100.587,13.858]]],[[[100.587,13.858]]],[[[100.5725,13.8315],[100.573,13.8315],[100.573,13.831],[100.5725,13.8315]]],[[[100.573,13.831],[100.5735,13.83],[100.574,13.8315],[100.574,13.8305],[100.575,13.83],[100.574,13.829],[100.574,13.8275],[100.573,13.829],[100.5715,13.8285],[100.573,13.831]]],[[[100.574,13.8095],[100.5745,13.8095],[100.574,13.811],[100.575,13.8115],[100.5765,13.81],[100.578,13.807],[100.5775,13.806],[100.58,13.803],[100.58,13.802],[100.5795,13.8025],[100.5785,13.801],[100.5775,13.801],[100.5775,13.802],[100.577,13.801],[100.576,13.801],[100.5765,13.8005],[100.575,13.8005],[100.5765,13.805],[100.576,13.8075],[100.5745,13.8085],[100.574,13.808],[100.574,13.8095]],[[100.577,13.8075],[100.5765,13.807],[100.576,13.807],[100.577,13.807],[100.577,13.8075]],[[100.5765,13.8035],[100.5765,13.804],[100.5765,13.8035]],[[100.576,13.807]],[[100.576,13.8085],[100.576,13.808],[100.576,13.8085]],[[100.5785,13.803],[100.5785,13.8025],[100.5785,13.803]]],[[[100.5765,13.798]]],[[[100.569,13.7615],[100.5695,13.762],[100.5685,13.7615],[100.569,13.7605],[100.568,13.7605],[100.5685,13.76],[100.568,13.7585],[100.57,13.7565],[100.57,13.7555],[100.568,13.754],[100.5675,13.7545],[100.567,13.7535],[100.566,13.754],[100.567,13.753],[100.565,13.753],[100.5645,13.7515],[100.5665,13.7485],[100.5635,13.7475],[100.563,13.7455],[100.561,13.748],[100.564,13.749],[100.5645,13.7505],[100.5635,13.751],[100.564,13.752],[100.56,13.7535],[100.564,13.753],[100.562,13.7535],[100.5625,13.755],[100.5605,13.755],[100.5595,13.7565],[100.561,13.7575],[100.561,13.757],[100.5615,13.7585],[100.563,13.7595],[100.5635,13.759],[100.563,13.76],[100.5645,13.7635],[100.5645,13.7655],[100.5655,13.765],[100.5665,13.7665],[100.567,13.762],[100.5685,13.7625],[100.569,13.7615]],[[100.568,13.7555],[100.5685,13.7555],[100.568,13.7555]],[[100.564,13.7555],[100.5645,13.7545],[100.567,13.756],[100.5655,13.757],[100.5665,13.7615],[100.565,13.761],[100.5655,13.7605],[100.5645,13.757],[100.5625,13.7565],[100.563,13.7555],[100.564,13.7555]],[[100.566,13.758],[100.5665,13.759],[100.566,13.7595],[100.566,13.758]],[[100.568,13.761]]],[[[100.559,13.749],[100.5585,13.748],[100.558,13.7485],[100.5565,13.7475],[100.556,13.7485],[100.555,13.7485],[100.5545,13.75],[100.5565,13.7515],[100.558,13.7515],[100.559,13.751],[100.558,13.749],[100.559,13.749]]],[[[100.5595,13.751],[100.559,13.751],[100.5595,13.751]]],[[[100.559,13.751],[100.5585,13.751],[100.559,13.751]]],[[[100.5585,13.751]]],[[[100.5585,13.751]]],[[[100.5585,13.751]]],[[[100.5585,13.751]]],[[[100.5585,13.751]]],[[[100.5585,13.751]]],[[[100.5585,13.751]]],[[[100.5585,13.751],[100.5585,13.7515],[100.5585,13.751]]],[[[100.5585,13.7515]]],[[[100.5585,13.7515]]],[[[100.5585,13.7515]]],[[[100.5585,13.7515]]],[[[100.5585,13.7515]]],[[[100.5585,13.7515]]],[[[100.556,13.7525],[100.556,13.7535],[100.559,13.753],[100.5585,13.752],[100.556,13.7525]]],[[[100.559,13.7535],[100.555,13.7545],[100.5595,13.754],[100.559,13.7535]]],[[[100.5595,13.754]]],[[[100.5595,13.754]]],[[[100.5595,13.754]]],[[[100.5595,13.754]]],[[[100.5595,13.754]]],[[[100.5595,13.754]]],[[[100.5595,13.754]]],[[[100.5595,13.754]]],[[[100.5595,13.754]]],[[[100.56,13.754]]],[[[100.56,13.7535]]],[[[100.567,13.7665],[100.568,13.766],[100.567,13.7655],[100.567,13.7665]]],[[[100.568,13.767]]],[[[100.5725,13.791],[100.5735,13.791],[100.5735,13.7905],[100.5725,13.791]]],[[[100.556,13.8]]],[[[100.5555,13.8],[100.556,13.8],[100.5555,13.8]]],[[[100.5555,13.8]]],[[[100.5555,13.8]]],[[[100.5555,13.8],[100.555,13.797],[100.553,13.7955],[100.551,13.796],[100.5515,13.7985],[100.5545,13.7995],[100.5535,13.8005],[100.5555,13.8]],[[100.5535,13.799],[100.553,13.799],[100.5535,13.7985],[100.5535,13.799]]],[[[100.551,13.7445],[100.5505,13.7465],[100.552,13.7485],[100.5525,13.747],[100.555,13.746],[100.5545,13.745],[100.5555,13.745],[100.556,13.746],[100.5585,13.745],[100.558,13.7425],[100.56,13.7435],[100.5605,13.743],[100.5625,13.7445],[100.563,13.7425],[100.5625,13.7405],[100.5635,13.742],[100.5635,13.7405],[100.5645,13.741],[100.5655,13.74],[100.5645,13.7385],[100.5655,13.739],[100.566,13.738],[100.5645,13.738],[100.564,13.737],[100.5635,13.738],[100.563,13.737],[100.562,13.741],[100.5615,13.74],[100.56,13.7405],[100.559,13.7395],[100.558,13.74],[100.557,13.743],[100.5555,13.7425],[100.556,13.743],[100.5555,13.7445],[100.5535,13.7435],[100.552,13.7435],[100.5525,13.744],[100.5515,13.745],[100.551,13.7445]],[[100.5525,13.7455]],[[100.561,13.7425],[100.5605,13.742],[100.561,13.742],[100.561,13.7425]],[[100.556,13.7445]],[[100.557,13.7445],[100.557,13.744],[100.5575,13.7445],[100.557,13.7445]],[[100.5575,13.7435],[100.5575,13.743],[100.5575,13.7435]],[[100.5595,13.7405],[100.559,13.7405],[100.5595,13.7405]],[[100.5595,13.7415],[100.559,13.742],[100.559,13.7415],[100.5595,13.7415]],[[100.5615,13.741]],[[100.564,13.739],[100.5635,13.7385],[100.564,13.739]]],[[[100.5635,13.737],[100.565,13.737],[100.5645,13.7355],[100.5655,13.7365],[100.5675,13.736],[100.5675,13.737],[100.5685,13.737],[100.568,13.736],[100.5695,13.7355],[100.568,13.735],[100.5685,13.7345],[100.568,13.733],[100.567,13.734],[100.5655,13.7335],[100.567,13.7315],[100.5655,13.7305],[100.5665,13.729],[100.5655,13.729],[100.5665,13.7285],[100.5655,13.7275],[100.5635,13.7285],[100.5645,13.7295],[100.564,13.731],[100.5645,13.7325],[100.5625,13.731],[100.5625,13.7325],[100.5615,13.7325],[100.562,13.7315],[100.5615,13.7305],[100.5605,13.7315],[100.5595,13.7305],[100.559,13.7325],[100.5575,13.732],[100.5565,13.733],[100.557,13.7335],[100.5565,13.734],[100.5575,13.7345],[100.556,13.734],[100.5555,13.7345],[100.5555,13.7375],[100.556,13.737],[100.557,13.7385],[100.558,13.7365],[100.5585,13.7375],[100.559,13.737],[100.5595,13.7355],[100.559,13.734],[100.56,13.7335],[100.5635,13.735],[100.563,13.7355],[100.5635,13.737]],[[100.5605,13.732],[100.5605,13.7325],[100.5605,13.732]],[[100.5575,13.736]],[[100.5565,13.735]],[[100.5655,13.731],[100.566,13.731],[100.5655,13.731]],[[100.563,13.7335],[100.563,13.734],[100.563,13.7335]],[[100.563,13.733],[100.5635,13.733],[100.563,13.7335],[100.563,13.733]],[[100.5615,13.734]],[[100.5615,13.7335]],[[100.5645,13.7335]],[[100.5665,13.7345],[100.567,13.7345],[100.567,13.7355],[100.5665,13.7345]],[[100.566,13.7355],[100.566,13.735],[100.566,13.7355]]],[[[100.5695,13.7345],[100.5695,13.7365],[100.571,13.7355],[100.572,13.7365],[100.572,13.7345],[100.5735,13.7345],[100.5745,13.7335],[100.573,13.733],[100.5735,13.732],[100.5725,13.731],[100.5735,13.7315],[100.574,13.731],[100.5735,13.7295],[100.574,13.7285],[100.574,13.7305],[100.5755,13.73],[100.5755,13.731],[100.577,13.731],[100.5775,13.73],[100.578,13.7315],[100.579,13.73],[100.5785,13.7295],[100.5795,13.7305],[100.58,13.7295],[100.581,13.73],[100.5815,13.7285],[100.583,13.728],[100.581,13.727],[100.5805,13.7265],[100.582,13.726],[100.5805,13.7255],[100.58,13.727],[100.579,13.726],[100.5785,13.728],[100.577,13.7275],[100.5765,13.7285],[100.576,13.7265],[100.5755,13.727],[100.5745,13.726],[100.575,13.725],[100.5735,13.7245],[100.5745,13.724],[100.5765,13.7245],[100.5755,13.7235],[100.5765,13.7215],[100.5775,13.722],[100.579,13.721],[100.5795,13.7215],[100.581,13.721],[100.581,13.722],[100.582,13.7205],[100.583,13.7205],[100.5825,13.7195],[100.5835,13.7185],[100.583,13.718],[100.581,13.7185],[100.581,13.7175],[100.5815,13.718],[100.584,13.7175],[100.5835,13.717],[100.584,13.7165],[100.586,13.7175],[100.5865,13.7165],[100.5885,13.716],[100.588,13.7135],[100.5895,13.714],[100.59,13.7125],[100.593,13.712],[100.595,13.7135],[100.5945,13.7155],[100.592,13.717],[100.592,13.718],[100.589,13.7175],[100.589,13.7185],[100.5885,13.7175],[100.5885,13.719],[100.5875,13.72],[100.588,13.721],[100.591,13.719],[100.592,13.72],[100.593,13.7195],[100.5925,13.718],[100.5935,13.718],[100.593,13.717],[100.5935,13.7165],[100.5955,13.718],[100.596,13.7175],[100.596,13.7165],[100.597,13.716],[100.5965,13.714],[100.5975,13.713],[100.597,13.712],[100.598,13.711],[100.603,13.711],[100.6025,13.7105],[100.604,13.71],[100.605,13.7075],[100.6055,13.7075],[100.605,13.709],[100.606,13.709],[100.607,13.706],[100.6065,13.7065],[100.606,13.706],[100.607,13.705],[100.606,13.7045],[100.6055,13.705],[100.6035,13.7045],[100.603,13.705],[100.604,13.7045],[100.6045,13.7055],[100.604,13.706],[100.605,13.7065],[100.604,13.706],[100.604,13.707],[100.603,13.7065],[100.6025,13.7085],[100.602,13.708],[100.6,13.7095],[100.599,13.7095],[100.5975,13.7055],[100.5985,13.7045],[100.5995,13.705],[100.599,13.7035],[100.601,13.703],[100.6005,13.702],[100.601,13.7025],[100.603,13.702],[100.6035,13.7035],[100.603,13.704],[100.6045,13.7045],[100.6055,13.704],[100.605,13.703],[100.606,13.7025],[100.605,13.702],[100.606,13.7015],[100.6065,13.7025],[100.607,13.7015],[100.6055,13.7005],[100.6085,13.702],[100.609,13.701],[100.61,13.701],[100.6095,13.699],[100.612,13.6995],[100.6115,13.697],[100.6095,13.696],[100.611,13.6955],[100.608,13.6945],[100.609,13.696],[100.6075,13.696],[100.6085,13.6965],[100.608,13.697],[100.606,13.697],[100.6065,13.6975],[100.607,13.697],[100.6085,13.699],[100.6065,13.7],[100.6045,13.6995],[100.6045,13.7005],[100.6035,13.701],[100.603,13.6985],[100.6005,13.7005],[100.5985,13.701],[100.599,13.7015],[100.5985,13.702],[100.5995,13.702],[100.6,13.703],[100.5985,13.702],[100.598,13.7025],[100.5985,13.703],[100.596,13.7035],[100.596,13.7045],[100.594,13.704],[100.5945,13.705],[100.5955,13.705],[100.595,13.707],[100.5965,13.7055],[100.5975,13.706],[100.597,13.708],[100.598,13.709],[100.5965,13.7085],[100.5975,13.71],[100.597,13.7105],[100.5945,13.7105],[100.5945,13.7095],[100.5935,13.71],[100.5925,13.709],[100.591,13.7105],[100.5915,13.712],[100.591,13.711],[100.5895,13.711],[100.589,13.7125],[100.5885,13.7115],[100.587,13.713],[100.5875,13.714],[100.586,13.714],[100.5875,13.7155],[100.585,13.7155],[100.5845,13.715],[100.586,13.7145],[100.584,13.7125],[100.5825,13.7145],[100.584,13.715],[100.582,13.7155],[100.582,13.7165],[100.5835,13.7165],[100.581,13.7165],[100.5805,13.7175],[100.5785,13.718],[100.579,13.7195],[100.5775,13.72],[100.5775,13.719],[100.5765,13.7195],[100.576,13.7185],[100.574,13.721],[100.575,13.7215],[100.5735,13.7215],[100.573,13.7225],[100.574,13.723],[100.572,13.7235],[100.573,13.7265],[100.5715,13.725],[100.5685,13.7245],[100.568,13.7255],[100.568,13.7245],[100.5665,13.724],[100.567,13.7255],[100.5655,13.7275],[100.5665,13.7275],[100.567,13.7285],[100.5675,13.727],[100.5675,13.728],[100.569,13.727],[100.5685,13.726],[100.5695,13.7275],[100.571,13.727],[100.572,13.7285],[100.573,13.7275],[100.5735,13.728],[100.572,13.7295],[100.5725,13.731],[100.5715,13.7305],[100.572,13.7315],[100.5715,13.733],[100.572,13.7325],[100.5725,13.7335],[100.5705,13.733],[100.57,13.7335],[100.5705,13.734],[100.5695,13.7345]],[[100.569,13.7255],[100.5685,13.7255],[100.569,13.7255]],[[100.5675,13.7265],[100.5675,13.726],[100.5675,13.7265]],[[100.5955,13.7115],[100.596,13.711],[100.5955,13.7115]],[[100.577,13.73],[100.577,13.729],[100.5775,13.729],[100.5775,13.73],[100.577,13.73]],[[100.5775,13.7285],[100.5775,13.728],[100.5775,13.7285]],[[100.5705,13.7345],[100.571,13.735],[100.5705,13.7345]],[[100.571,13.726],[100.5705,13.726],[100.571,13.726]],[[100.572,13.727],[100.5715,13.726],[100.572,13.727]],[[100.5745,13.7295],[100.575,13.7295],[100.5745,13.7295]],[[100.575,13.7285]],[[100.575,13.7275],[100.5745,13.7275],[100.575,13.727],[100.575,13.7275]],[[100.576,13.729],[100.5765,13.7295],[100.576,13.729]],[[100.5785,13.728],[100.579,13.7275],[100.58,13.728],[100.5785,13.728]],[[100.5815,13.7205]],[[100.581,13.72],[100.5815,13.719],[100.582,13.72],[100.581,13.72]],[[100.5795,13.721]],[[100.58,13.7195],[100.5805,13.72],[100.5795,13.7205],[100.58,13.7195]],[[100.578,13.7205],[100.5785,13.7205],[100.578,13.7205]],[[100.58,13.719],[100.58,13.7185],[100.5805,13.7185],[100.5805,13.719],[100.58,13.719]],[[100.58,13.727]],[[100.591,13.7185]],[[100.591,13.7185]],[[100.5855,13.7165],[100.585,13.7165],[100.5855,13.7165]],[[100.59,13.7195]],[[100.5925,13.7115]],[[100.6075,13.7005],[100.6065,13.7],[100.608,13.7005],[100.6075,13.7005]],[[100.5975,13.7045],[100.5975,13.705],[100.5975,13.7045]],[[100.599,13.703]],[[100.5995,13.7105],[100.5995,13.71],[100.5995,13.7105]],[[100.6045,13.7025],[100.604,13.7025],[100.6035,13.702],[100.6045,13.7025]],[[100.603,13.701],[100.6015,13.7005],[100.603,13.701]],[[100.603,13.7]],[[100.602,13.7015]],[[100.602,13.7015],[100.6015,13.7015],[100.602,13.7015]],[[100.603,13.7085],[100.603,13.708],[100.603,13.7085]],[[100.604,13.7015]],[[100.6035,13.7035],[100.604,13.7035],[100.6035,13.7035]],[[100.604,13.707]],[[100.61,13.698]]],[[[100.5805,13.725],[100.5825,13.7255],[100.582,13.725],[100.5825,13.724],[100.5825,13.725],[100.5855,13.7265],[100.5865,13.725],[100.586,13.7245],[100.587,13.7245],[100.5875,13.7235],[100.586,13.7225],[100.588,13.7215],[100.587,13.7195],[100.586,13.7205],[100.587,13.7205],[100.587,13.7215],[100.587,13.721],[100.586,13.722],[100.5855,13.7215],[100.585,13.7235],[100.584,13.723],[100.584,13.722],[100.582,13.7225],[100.581,13.7235],[100.5815,13.7245],[100.5805,13.725]],[[100.582,13.723],[100.5825,13.7225],[100.583,13.723],[100.582,13.723]],[[100.5835,13.7235]],[[100.5865,13.7235],[100.5865,13.724],[100.5865,13.7235]],[[100.5855,13.724],[100.5855,13.7235],[100.5855,13.724]]],[[[100.608,13.694],[100.61,13.6935],[100.6105,13.692],[100.6105,13.693],[100.6125,13.6915],[100.6145,13.692],[100.614,13.69],[100.613,13.69],[100.6135,13.6885],[100.6125,13.688],[100.613,13.686],[100.612,13.685],[100.613,13.6845],[100.611,13.683],[100.6115,13.6825],[100.611,13.682],[100.6115,13.681],[100.6125,13.6815],[100.6145,13.6795],[100.615,13.68],[100.616,13.6785],[100.614,13.6775],[100.6145,13.677],[100.6125,13.6755],[100.6095,13.676],[100.608,13.6755],[100.6075,13.6745],[100.608,13.6735],[100.607,13.673],[100.606,13.67],[100.606,13.672],[100.605,13.672],[100.605,13.671],[100.6045,13.672],[100.604,13.6715],[100.6035,13.674],[100.605,13.6745],[100.606,13.674],[100.607,13.675],[100.606,13.6745],[100.605,13.677],[100.604,13.6775],[100.605,13.6775],[100.6045,13.678],[100.6055,13.6785],[100.6065,13.6805],[100.606,13.682],[100.607,13.683],[100.609,13.682],[100.6085,13.683],[100.6095,13.6835],[100.61,13.6855],[100.6095,13.684],[100.608,13.684],[100.6075,13.6845],[100.6085,13.685],[100.6055,13.6865],[100.6065,13.6875],[100.6055,13.688],[100.607,13.69],[100.6075,13.6885],[100.6085,13.6875],[100.609,13.688],[100.61,13.6855],[100.611,13.6855],[100.6115,13.687],[100.61,13.69],[100.611,13.6905],[100.6075,13.693],[100.607,13.694],[100.608,13.694]],[[100.6115,13.686],[100.611,13.6855],[100.6115,13.686]],[[100.611,13.677]],[[100.607,13.679],[100.6075,13.6795],[100.608,13.68],[100.607,13.679]],[[100.6075,13.6775],[100.6085,13.6765],[100.609,13.6775],[100.61,13.6775],[100.6095,13.678],[100.611,13.6775],[100.613,13.6785],[100.612,13.679],[100.6105,13.683],[100.6095,13.681],[100.608,13.681],[100.609,13.6795],[100.6075,13.6775]],[[100.607,13.677],[100.606,13.677],[100.6075,13.677],[100.607,13.677]],[[100.605,13.673],[100.6055,13.673],[100.605,13.673]],[[100.6055,13.678],[100.6055,13.6775],[100.6055,13.678]],[[100.607,13.6815]],[[100.6075,13.686],[100.6075,13.6865],[100.6075,13.686]],[[100.607,13.687]],[[100.6085,13.6765],[100.6085,13.676],[100.6085,13.6765]],[[100.609,13.686]],[[100.61,13.683]],[[100.6085,13.6865],[100.608,13.6865],[100.6085,13.6865]],[[100.6095,13.6865]],[[100.614,13.6795],[100.614,13.679],[100.614,13.6795]]],[[[100.6025,13.67],[100.6015,13.67],[100.601,13.671],[100.6015,13.673],[100.6025,13.6735],[100.603,13.671],[100.604,13.6715],[100.603,13.671],[100.6035,13.6705],[100.602,13.6705],[100.6025,13.67]]],[[[100.6075,13.6915],[100.607,13.691],[100.6065,13.692],[100.606,13.6905],[100.6055,13.692],[100.6035,13.692],[100.604,13.693],[100.6025,13.692],[100.602,13.6925],[100.603,13.693],[100.602,13.6925],[100.6015,13.6935],[100.6,13.693],[100.5995,13.6945],[100.6015,13.697],[100.5995,13.696],[100.5985,13.6965],[100.602,13.698],[100.6025,13.6965],[100.6015,13.696],[100.602,13.6955],[100.6035,13.696],[100.6025,13.6945],[100.604,13.6945],[100.6075,13.6915]],[[100.6015,13.6955],[100.602,13.6955],[100.602,13.696],[100.6015,13.6955]],[[100.6005,13.694],[100.601,13.6945],[100.6005,13.694]],[[100.602,13.695],[100.602,13.6945],[100.602,13.695]],[[100.6035,13.6935],[100.604,13.6935],[100.6035,13.6935]]],[[[100.603,13.698]]],[[[100.603,13.698],[100.603,13.6985],[100.603,13.698]]],[[[100.603,13.6985]]],[[[100.5545,13.738]]],[[[100.5545,13.738]]],[[[100.5545,13.738]]],[[[100.5545,13.738]]],[[[100.5545,13.738]]],[[[100.554,13.738]]],[[[100.554,13.738]]],[[[100.554,13.738]]],[[[100.554,13.738]]],[[[100.4865,13.7175],[100.4875,13.7175],[100.487,13.7165],[100.4865,13.7175]]],[[[100.5385,13.7455],[100.539,13.7455],[100.5385,13.7455]]],[[[100.5385,13.7425],[100.5395,13.742],[100.5385,13.7385],[100.5385,13.741],[100.537,13.7415],[100.537,13.7425],[100.536,13.7425],[100.538,13.7445],[100.539,13.7445],[100.5395,13.743],[100.5385,13.7425]],[[100.5385,13.744],[100.539,13.7435],[100.539,13.744],[100.5385,13.744]]],[[[100.4675,13.712],[100.468,13.7125],[100.4675,13.712]]],[[[100.4675,13.712]]],[[[100.476,13.7125]]],[[[100.4745,13.712]]],[[[100.4745,13.712]]],[[[100.4775,13.7145],[100.478,13.7145],[100.4775,13.7145]]],[[[100.4845,13.7175]]],[[[100.4845,13.7175]]],[[[100.4845,13.7175]]],[[[100.4935,13.7225],[100.494,13.722],[100.4935,13.722],[100.4935,13.7225]]],[[[100.5035,13.718],[100.5035,13.7185],[100.5035,13.718]]],[[[100.503,13.749]]],[[[100.5175,13.7185],[100.517,13.719],[100.5175,13.719],[100.5175,13.7185]]],[[[100.511,13.7265]]],[[[100.511,13.7265]]],[[[100.511,13.7265],[100.5105,13.7265],[100.511,13.7265]]],[[[100.511,13.7265]]],[[[100.511,13.7265]]],[[[100.511,13.7265]]],[[[100.5335,13.7595]]],[[[100.5335,13.7595]]],[[[100.532,13.7575],[100.532,13.758],[100.532,13.7575]]],[[[100.5315,13.7485],[100.5325,13.748],[100.5335,13.7485],[100.5335,13.747],[100.5315,13.7485]]],[[[100.534,13.7485]]],[[[100.534,13.7485]]],[[[100.5315,13.7465]]],[[[100.5275,13.72]]],[[[100.531,13.754],[100.5315,13.754],[100.531,13.754]]],[[[100.5345,13.728],[100.535,13.728],[100.5345,13.728]]],[[[100.533,13.7295],[100.533,13.729],[100.533,13.7295]]],[[[100.5325,13.7295],[100.532,13.7295],[100.5325,13.73],[100.5325,13.7295]]],[[[100.536,13.7635],[100.536,13.7645],[100.5365,13.7635],[100.536,13.7635]]],[[[100.536,13.746],[100.5365,13.7465],[100.537,13.7465],[100.537,13.746],[100.536,13.746]]],[[[100.538,13.7615]]],[[[100.505,13.8985],[100.5055,13.8985],[100.505,13.8985]]],[[[100.505,13.8985]]],[[[100.505,13.8985]]],[[[100.505,13.8985]]],[[[100.505,13.8985]]],[[[100.5045,13.8985]]],[[[100.5045,13.8985]]],[[[100.5045,13.8985]]],[[[100.5105,13.8875],[100.5105,13.887],[100.5105,13.8875]]],[[[100.5105,13.8875]]],[[[100.5105,13.8875]]],[[[100.5105,13.8875]]],[[[100.527,13.9065]]],[[[100.527,13.9065]]],[[[100.527,13.9065]]],[[[100.527,13.9065]]],[[[100.515,13.9055],[100.515,13.905],[100.515,13.9055]]],[[[100.5265,13.831],[100.5265,13.8305],[100.526,13.8305],[100.5265,13.831]]],[[[100.5325,13.8065],[100.533,13.806],[100.5325,13.8065]]],[[[100.568,13.729]]],[[[100.568,13.729]]],[[[100.568,13.729]]],[[[100.5515,13.8025]]],[[[100.545,13.783]]],[[[100.545,13.783]]],[[[100.543,13.746],[100.544,13.746],[100.543,13.746]]],[[[100.544,13.7285]]],[[[100.545,13.725]]],[[[100.545,13.725]]],[[[100.545,13.725]]],[[[100.54,13.73]]],[[[100.54,13.73]]],[[[100.5425,13.77]]],[[[100.5475,13.7995],[100.5475,13.799],[100.5475,13.7995]]],[[[100.5495,13.791]]],[[[100.5495,13.791]]],[[[100.5495,13.791]]],[[[100.562,13.813],[100.562,13.814],[100.562,13.813]]],[[[100.5615,13.7345]]],[[[100.5475,13.895]]],[[[100.561,13.892]]],[[[100.561,13.892]]],[[[100.561,13.892]]],[[[100.561,13.892]]],[[[100.5595,13.7515],[100.5615,13.751],[100.562,13.7505],[100.56,13.751],[100.56,13.7515],[100.5595,13.7515]]],[[[100.563,13.7505],[100.563,13.751],[100.5635,13.751],[100.563,13.7505]]],[[[100.5625,13.751]]],[[[100.5625,13.7495],[100.562,13.7505],[100.5625,13.751],[100.5635,13.75],[100.5625,13.7495]]],[[[100.574,13.8895]]],[[[100.581,13.848]]],[[[100.581,13.848]]],[[[100.584,13.8825]]],[[[100.584,13.8825]]],[[[100.587,13.8985],[100.587,13.898],[100.587,13.8985]]],[[[100.5875,13.897]]],[[[100.5875,13.897]]],[[[100.5875,13.897]]],[[[100.592,13.8795]]],[[[100.592,13.8795]]],[[[100.592,13.8795]]],[[[100.592,13.8795]]],[[[100.592,13.8795]]],[[[100.592,13.8795]]],[[[100.592,13.8795]]],[[[100.592,13.8795]]],[[[100.592,13.8795]]],[[[100.6015,13.885]]],[[[100.6015,13.885]]],[[[100.6015,13.885]]],[[[100.6,13.884]]],[[[100.5995,13.8825]]],[[[100.605,13.8885]]],[[[100.605,13.8885]]],[[[100.605,13.8885],[100.605,13.889],[100.605,13.8885]]],[[[100.605,13.889]]],[[[100.6055,13.8885]]],[[[100.576,13.7265]]],[[[100.5785,13.722],[100.579,13.722],[100.5785,13.722]]],[[[100.587,13.721]]],[[[100.5855,13.7215]]],[[[100.5855,13.7215]]],[[[100.5855,13.7215]]],[[[100.5915,13.7175],[100.592,13.7175],[100.5915,13.7175]]],[[[100.6105,13.6865],[100.6105,13.687],[100.6105,13.6865]]],[[[100.6085,13.6885],[100.609,13.6885],[100.6085,13.6885]]],[[[100.5735,13.789],[100.573,13.7895],[100.5735,13.7895],[100.5735,13.789]]],[[[100.466,13.7525],[100.463,13.755],[100.467,13.756],[100.4655,13.7565],[100.466,13.758],[100.467,13.7585],[100.4685,13.7575],[100.468,13.758],[100.4685,13.759],[100.4675,13.7595],[100.469,13.7605],[100.4685,13.761],[100.47,13.764],[100.468,13.766],[100.4685,13.7665],[100.4695,13.766],[100.47,13.7675],[100.4695,13.7685],[100.472,13.769],[100.472,13.7675],[100.4725,13.7685],[100.4735,13.768],[100.475,13.766],[100.476,13.767],[100.475,13.769],[100.4755,13.7685],[100.478,13.769],[100.478,13.7675],[100.4765,13.766],[100.477,13.7655],[100.4765,13.765],[100.475,13.765],[100.4745,13.7665],[100.473,13.7665],[100.472,13.766],[100.4715,13.764],[100.4705,13.7645],[100.471,13.7605],[100.4735,13.763],[100.472,13.7605],[100.473,13.7595],[100.472,13.7585],[100.473,13.758],[100.472,13.757],[100.4735,13.757],[100.4735,13.7555],[100.475,13.757],[100.475,13.755],[100.474,13.755],[100.475,13.754],[100.474,13.754],[100.474,13.753],[100.473,13.7535],[100.4705,13.752],[100.4715,13.751],[100.47,13.749],[100.4695,13.75],[100.467,13.751],[100.4675,13.7525],[100.466,13.7525]],[[100.4705,13.7655],[100.47,13.7655],[100.4705,13.7655]],[[100.4725,13.7555],[100.4715,13.756],[100.4705,13.7555],[100.4705,13.757],[100.4695,13.7575],[100.467,13.7565],[100.4665,13.755],[100.4695,13.7525],[100.4705,13.7545],[100.472,13.7545],[100.4725,13.7555]],[[100.469,13.752],[100.469,13.751],[100.469,13.752]],[[100.4665,13.754],[100.4655,13.7535],[100.467,13.7535],[100.4665,13.754]],[[100.47,13.7575],[100.4695,13.7575],[100.47,13.7575]],[[100.47,13.752]],[[100.4695,13.7625],[100.4705,13.7615],[100.4695,13.7625]],[[100.4735,13.767],[100.473,13.767],[100.4735,13.767]],[[100.476,13.768],[100.4765,13.768],[100.476,13.768]]],[[[100.467,13.756]]],[[[100.4795,13.8675],[100.4785,13.8685],[100.479,13.8695],[100.482,13.869],[100.4835,13.8705],[100.482,13.8725],[100.4805,13.871],[100.479,13.8715],[100.479,13.8725],[100.48,13.873],[100.4795,13.8735],[100.481,13.874],[100.4825,13.876],[100.483,13.874],[100.4845,13.8735],[100.483,13.873],[100.483,13.872],[100.484,13.873],[100.4855,13.872],[100.485,13.871],[100.4865,13.8715],[100.4865,13.8705],[100.4885,13.869],[100.4905,13.8695],[100.4915,13.8675],[100.4905,13.8675],[100.491,13.866],[100.4905,13.8655],[100.4925,13.8645],[100.4915,13.864],[100.4925,13.8635],[100.4925,13.8625],[100.494,13.863],[100.494,13.864],[100.496,13.863],[100.496,13.8645],[100.4965,13.864],[100.497,13.865],[100.495,13.8655],[100.4955,13.866],[100.4995,13.864],[100.5005,13.8645],[100.5015,13.8635],[100.5025,13.8655],[100.502,13.8635],[100.5035,13.8645],[100.5035,13.8625],[100.5045,13.862],[100.5015,13.863],[100.501,13.8625],[100.502,13.862],[100.502,13.861],[100.503,13.8615],[100.5025,13.86],[100.5035,13.86],[100.5045,13.8585],[100.502,13.859],[100.502,13.86],[100.501,13.859],[100.5,13.8595],[100.4995,13.86],[100.5,13.8615],[100.499,13.8605],[100.498,13.8635],[100.497,13.8615],[100.495,13.861],[100.4935,13.8615],[100.494,13.863],[100.493,13.8595],[100.492,13.861],[100.4915,13.86],[100.491,13.8605],[100.4915,13.8625],[100.49,13.8625],[100.4885,13.864],[100.4895,13.8645],[100.489,13.867],[100.49,13.8675],[100.488,13.8675],[100.488,13.8685],[100.486,13.8695],[100.4855,13.8685],[100.4845,13.869],[100.4845,13.868],[100.482,13.8655],[100.481,13.8665],[100.481,13.868],[100.4795,13.8675]],[[100.481,13.8715],[100.4805,13.8715],[100.481,13.8715]],[[100.4845,13.8715]],[[100.4835,13.87],[100.484,13.87],[100.4835,13.87]],[[100.4915,13.8635],[100.4915,13.863],[100.4915,13.8635]],[[100.5015,13.8615]]],[[[100.475,13.87],[100.4745,13.8705],[100.478,13.871],[100.4775,13.87],[100.475,13.87]]],[[[100.5065,13.8615],[100.509,13.8615],[100.51,13.8625],[100.5105,13.861],[100.513,13.861],[100.5135,13.863],[100.515,13.8625],[100.515,13.8635],[100.518,13.863],[100.5175,13.865],[100.5165,13.8655],[100.518,13.8685],[100.515,13.87],[100.5155,13.8745],[100.5165,13.8705],[100.517,13.8705],[100.5165,13.8715],[100.518,13.871],[100.5175,13.872],[100.5185,13.872],[100.519,13.871],[100.5185,13.869],[100.5195,13.869],[100.5195,13.868],[100.5205,13.868],[100.5215,13.8665],[100.523,13.866],[100.5225,13.8655],[100.524,13.865],[100.5225,13.865],[100.523,13.864],[100.5225,13.861],[100.5225,13.864],[100.5195,13.866],[100.5185,13.865],[100.518,13.862],[100.5175,13.8625],[100.516,13.8615],[100.516,13.8605],[100.517,13.8605],[100.5145,13.86],[100.51,13.8605],[100.5095,13.8595],[100.511,13.86],[100.5115,13.858],[100.511,13.8585],[100.511,13.8575],[100.512,13.857],[100.513,13.8575],[100.5125,13.854],[100.511,13.8545],[100.5115,13.8565],[100.5105,13.8555],[100.5095,13.856],[100.5095,13.8585],[100.5065,13.8585],[100.5065,13.86],[100.5085,13.8605],[100.5065,13.8615]],[[100.5155,13.861],[100.516,13.861],[100.5155,13.861]],[[100.5145,13.861]],[[100.5185,13.866],[100.519,13.866],[100.5185,13.866]]],[[[100.5155,13.875],[100.5145,13.8735],[100.515,13.876],[100.514,13.876],[100.5135,13.875],[100.5135,13.876],[100.5125,13.8765],[100.5135,13.877],[100.512,13.879],[100.513,13.8785],[100.5135,13.88],[100.517,13.879],[100.5175,13.878],[100.5205,13.8775],[100.52,13.8765],[100.5205,13.875],[100.5225,13.8725],[100.5185,13.872],[100.5195,13.873],[100.519,13.874],[100.5185,13.8735],[100.519,13.875],[100.5175,13.8755],[100.5185,13.876],[100.5175,13.877],[100.5165,13.8765],[100.5155,13.8775],[100.515,13.877],[100.5155,13.875]],[[100.514,13.879]],[[100.514,13.8785]],[[100.5145,13.8775],[100.514,13.8775],[100.5145,13.8775]],[[100.518,13.877],[100.5185,13.877],[100.518,13.8775],[100.518,13.877]]],[[[100.5225,13.8605],[100.525,13.8585],[100.522,13.8585],[100.5225,13.857],[100.5215,13.857],[100.5215,13.856],[100.521,13.8565],[100.52,13.856],[100.52,13.8575],[100.519,13.8585],[100.52,13.859],[100.52,13.858],[100.5215,13.8585],[100.5225,13.8605]],[[100.5215,13.858]]],[[[100.519,13.8585]]],[[[100.5185,13.8585]]],[[[100.5185,13.8585]]],[[[100.5185,13.8585]]],[[[100.5185,13.8585]]],[[[100.5185,13.8585]]],[[[100.5185,13.8585]]],[[[100.5185,13.8585],[100.518,13.8575],[100.514,13.8575],[100.5145,13.8585],[100.5165,13.858],[100.5155,13.8595],[100.5185,13.8585]]],[[[100.506,13.859]]],[[[100.506,13.859]]],[[[100.506,13.859]]],[[[100.506,13.859]]],[[[100.506,13.859],[100.5055,13.8585],[100.505,13.8585],[100.506,13.859]]],[[[100.495,13.864]]],[[[100.495,13.864]]],[[[100.495,13.864]]],[[[100.495,13.864]]],[[[100.495,13.864]]],[[[100.495,13.864]]],[[[100.4825,13.734],[100.4805,13.7365],[100.481,13.737],[100.4875,13.7355],[100.487,13.736],[100.4875,13.737],[100.4865,13.7375],[100.487,13.739],[100.488,13.7385],[100.487,13.7395],[100.4875,13.74],[100.489,13.7395],[100.488,13.737],[100.4905,13.7365],[100.49,13.736],[100.4905,13.7345],[100.4895,13.7335],[100.4885,13.7345],[100.489,13.7335],[100.4875,13.734],[100.487,13.735],[100.486,13.733],[100.483,13.733],[100.4835,13.734],[100.4825,13.734]],[[100.482,13.736]],[[100.4885,13.736],[100.488,13.7365],[100.4885,13.736]],[[100.4835,13.736],[100.483,13.7355],[100.4835,13.7355],[100.4835,13.736]],[[100.4885,13.735]],[[100.4895,13.736],[100.4895,13.7355],[100.4895,13.736]]],[[[100.484,13.7385],[100.482,13.737],[100.48,13.7395],[100.4805,13.7405],[100.48,13.7415],[100.4805,13.742],[100.4815,13.7415],[100.481,13.742],[100.482,13.7425],[100.481,13.7425],[100.4815,13.743],[100.481,13.744],[100.4825,13.743],[100.484,13.7435],[100.4835,13.743],[100.4845,13.742],[100.4855,13.7435],[100.486,13.742],[100.4865,13.743],[100.488,13.7425],[100.4875,13.741],[100.486,13.741],[100.487,13.7405],[100.4865,13.7395],[100.4855,13.74],[100.485,13.7395],[100.4845,13.7405],[100.485,13.741],[100.483,13.7415],[100.4835,13.7405],[100.483,13.7395],[100.484,13.7385]],[[100.482,13.7415]],[[100.482,13.7405],[100.4825,13.7405],[100.482,13.7405]],[[100.4845,13.7415]]],[[[100.4855,13.736]]],[[[100.4805,13.772],[100.4805,13.774],[100.482,13.774],[100.4815,13.775],[100.4825,13.7755],[100.482,13.776],[100.481,13.7755],[100.48,13.7765],[100.4815,13.777],[100.483,13.779],[100.4835,13.7775],[100.4825,13.7765],[100.483,13.776],[100.4825,13.775],[100.4835,13.775],[100.483,13.7735],[100.4835,13.7725],[100.4805,13.772]]],[[[100.4835,13.7795],[100.4835,13.7815],[100.4855,13.7825],[100.488,13.781],[100.4885,13.7815],[100.487,13.782],[100.489,13.7825],[100.487,13.784],[100.4875,13.785],[100.4895,13.7855],[100.4885,13.786],[100.489,13.7865],[100.4915,13.786],[100.491,13.787],[100.4925,13.7875],[100.492,13.787],[100.4935,13.786],[100.493,13.7875],[100.4965,13.7885],[100.497,13.7875],[100.498,13.788],[100.499,13.7875],[100.4985,13.7855],[100.4995,13.7845],[100.4985,13.7835],[100.4995,13.783],[100.4995,13.782],[100.4965,13.7825],[100.497,13.7815],[100.496,13.781],[100.4955,13.782],[100.4955,13.781],[100.4945,13.7805],[100.494,13.7815],[100.493,13.781],[100.492,13.782],[100.4915,13.781],[100.491,13.7815],[100.489,13.7805],[100.49,13.7795],[100.4895,13.7785],[100.4905,13.778],[100.488,13.776],[100.4875,13.7765],[100.484,13.7755],[100.4875,13.7785],[100.4875,13.7795],[100.4865,13.78],[100.486,13.779],[100.485,13.78],[100.4845,13.779],[100.4835,13.7795]],[[100.4915,13.785],[100.4925,13.784],[100.4905,13.7835],[100.49,13.783],[100.4905,13.782],[100.493,13.783],[100.4945,13.782],[100.4945,13.783],[100.4955,13.7835],[100.4965,13.783],[100.496,13.786],[100.4935,13.7855],[100.493,13.7845],[100.4915,13.785]],[[100.4845,13.7805]],[[100.487,13.777],[100.4865,13.777],[100.487,13.777]],[[100.49,13.783],[100.4895,13.7835],[100.4895,13.783],[100.49,13.783]],[[100.4905,13.7835]],[[100.496,13.786],[100.4965,13.787],[100.496,13.786]],[[100.494,13.787]],[[100.497,13.787]]],[[[100.5,13.7875],[100.4995,13.7905],[100.5005,13.7905],[100.499,13.793],[100.502,13.794],[100.5005,13.795],[100.501,13.7955],[100.503,13.7945],[100.5025,13.7945],[100.503,13.792],[100.502,13.791],[100.5025,13.7895],[100.505,13.7895],[100.505,13.791],[100.507,13.7895],[100.5065,13.7885],[100.5055,13.7885],[100.5055,13.7875],[100.5045,13.788],[100.503,13.7875],[100.502,13.7885],[100.5015,13.7875],[100.501,13.788],[100.5,13.7875]],[[100.501,13.793]],[[100.505,13.789],[100.505,13.7895],[100.505,13.789]]],[[[100.5035,13.795],[100.502,13.7965],[100.5035,13.7975],[100.505,13.797],[100.5055,13.799],[100.5075,13.7985],[100.507,13.7975],[100.508,13.797],[100.5075,13.7965],[100.508,13.796],[100.509,13.797],[100.51,13.7965],[100.5105,13.7975],[100.513,13.7965],[100.512,13.7955],[100.5105,13.796],[100.512,13.795],[100.5115,13.794],[100.509,13.795],[100.5095,13.7925],[100.5085,13.792],[100.508,13.793],[100.507,13.793],[100.507,13.7955],[100.5045,13.7945],[100.5035,13.795]],[[100.505,13.7965]],[[100.5045,13.796],[100.504,13.7965],[100.5035,13.7965],[100.5045,13.796]]],[[[100.5075,13.7995]]],[[[100.5075,13.7995]]],[[[100.5075,13.7995]]],[[[100.5075,13.7995],[100.506,13.8],[100.506,13.801],[100.507,13.801],[100.5065,13.8005],[100.5075,13.7995]]],[[[100.507,13.801]]],[[[100.507,13.801]]],[[[100.5085,13.8005],[100.506,13.8015],[100.506,13.8025],[100.507,13.803],[100.5095,13.802],[100.5085,13.803],[100.51,13.8025],[100.51,13.804],[100.512,13.8055],[100.513,13.805],[100.5145,13.8015],[100.5135,13.801],[100.5115,13.8025],[100.511,13.8015],[100.509,13.8015],[100.5085,13.8005]],[[100.5125,13.8035],[100.513,13.803],[100.513,13.8035],[100.5125,13.8035]]],[[[100.5125,13.801],[100.515,13.8],[100.514,13.798],[100.512,13.7985],[100.513,13.8],[100.5125,13.801]],[[100.5135,13.7985],[100.514,13.799],[100.5135,13.7985]]],[[[100.513,13.7975],[100.5135,13.797],[100.5125,13.797],[100.513,13.7975]]],[[[100.507,13.792],[100.508,13.791],[100.5075,13.79],[100.5065,13.7905],[100.507,13.792]]],[[[100.5095,13.8435],[100.509,13.846],[100.51,13.8475],[100.509,13.849],[100.51,13.8495],[100.5085,13.8495],[100.508,13.8505],[100.509,13.8505],[100.509,13.8515],[100.5105,13.851],[100.5115,13.8525],[100.512,13.852],[100.5115,13.8495],[100.512,13.8485],[100.5125,13.849],[100.512,13.8475],[100.5105,13.847],[100.5105,13.846],[100.511,13.847],[100.512,13.8465],[100.512,13.845],[100.513,13.845],[100.514,13.8435],[100.5125,13.842],[100.513,13.8415],[100.516,13.842],[100.518,13.841],[100.5175,13.8405],[100.5185,13.8395],[100.518,13.839],[100.5185,13.8385],[100.519,13.8395],[100.52,13.8385],[100.5185,13.837],[100.52,13.8365],[100.5205,13.835],[100.519,13.8345],[100.5185,13.836],[100.517,13.8345],[100.516,13.8365],[100.5145,13.8365],[100.514,13.835],[100.512,13.837],[100.513,13.8375],[100.5125,13.838],[100.51,13.8385],[100.51,13.8395],[100.511,13.8395],[100.5105,13.8405],[100.511,13.842],[100.5095,13.841],[100.51,13.842],[100.5095,13.8435]],[[100.5165,13.84],[100.517,13.84],[100.5165,13.84]],[[100.513,13.839],[100.513,13.8385],[100.513,13.839]],[[100.514,13.8375],[100.5135,13.8375],[100.514,13.8375]],[[100.512,13.8425],[100.512,13.8435],[100.5115,13.843],[100.512,13.8425]],[[100.511,13.848],[100.511,13.8475],[100.511,13.848]],[[100.511,13.8445],[100.511,13.845],[100.51,13.845],[100.511,13.8445]],[[100.5165,13.836]],[[100.5165,13.841]],[[100.5145,13.838],[100.516,13.8365],[100.518,13.838],[100.512,13.842],[100.512,13.84],[100.5135,13.84],[100.5135,13.8385],[100.5145,13.838]]],[[[100.512,13.8505],[100.513,13.8505],[100.5125,13.85],[100.512,13.8505]]],[[[100.5165,13.8515],[100.515,13.852],[100.5155,13.853],[100.5175,13.853],[100.518,13.854],[100.517,13.8545],[100.5195,13.8555],[100.52,13.854],[100.518,13.8515],[100.518,13.8495],[100.517,13.85],[100.518,13.852],[100.517,13.8525],[100.5165,13.8515]]],[[[100.516,13.8485],[100.517,13.848],[100.5165,13.8475],[100.516,13.8485]]],[[[100.5165,13.847],[100.518,13.8475],[100.5175,13.847],[100.519,13.845],[100.5185,13.8435],[100.516,13.8435],[100.516,13.8425],[100.515,13.844],[100.514,13.844],[100.5145,13.8445],[100.514,13.845],[100.5145,13.846],[100.515,13.845],[100.5155,13.8465],[100.517,13.846],[100.5165,13.847]],[[100.517,13.8445],[100.517,13.844],[100.5175,13.8445],[100.517,13.8445]],[[100.515,13.8445],[100.5145,13.8445],[100.515,13.8445]],[[100.5165,13.844],[100.5165,13.8445],[100.516,13.8445],[100.5165,13.844]],[[100.518,13.8445]]],[[[100.516,13.8375]]],[[[100.538,13.9105],[100.539,13.9135],[100.54,13.913],[100.54,13.912],[100.541,13.913],[100.54,13.914],[100.542,13.9135],[100.5425,13.9165],[100.54,13.9175],[100.54,13.9185],[100.5435,13.918],[100.544,13.921],[100.5435,13.923],[100.545,13.923],[100.5445,13.925],[100.5455,13.9245],[100.547,13.925],[100.5465,13.924],[100.547,13.923],[100.5445,13.921],[100.545,13.9205],[100.5445,13.918],[100.5435,13.9175],[100.5445,13.917],[100.544,13.9165],[100.545,13.916],[100.545,13.915],[100.5465,13.9165],[100.5465,13.9155],[100.549,13.915],[100.5475,13.9115],[100.5485,13.911],[100.5495,13.912],[100.551,13.9095],[100.5495,13.9095],[100.548,13.908],[100.5465,13.9085],[100.5465,13.91],[100.5475,13.91],[100.5465,13.911],[100.548,13.9145],[100.5465,13.915],[100.5455,13.914],[100.545,13.9115],[100.5445,13.912],[100.541,13.9115],[100.5415,13.91],[100.543,13.9105],[100.542,13.907],[100.541,13.9075],[100.5415,13.909],[100.5395,13.909],[100.538,13.9105]],[[100.542,13.913],[100.542,13.9125],[100.542,13.913]],[[100.5435,13.9155],[100.5435,13.916],[100.5435,13.9165],[100.5435,13.9155]],[[100.5435,13.915],[100.543,13.9145],[100.543,13.9135],[100.5435,13.914],[100.5435,13.915]],[[100.5435,13.9135],[100.543,13.9125],[100.544,13.912],[100.5445,13.913],[100.5435,13.9135]]],[[[100.5465,13.922]]],[[[100.5465,13.922],[100.5475,13.9195],[100.549,13.9195],[100.5485,13.917],[100.5505,13.917],[100.5505,13.916],[100.5495,13.916],[100.549,13.915],[100.548,13.9155],[100.5485,13.916],[100.5465,13.9165],[100.547,13.9175],[100.5475,13.917],[100.5475,13.9185],[100.547,13.9175],[100.546,13.9175],[100.5465,13.922]],[[100.5485,13.918]]],[[[100.5445,13.908],[100.5435,13.904],[100.5435,13.907],[100.5445,13.908]]],[[[100.546,13.918],[100.546,13.9175],[100.546,13.918]]],[[[100.546,13.9175]]],[[[100.546,13.9175]]],[[[100.546,13.918]]],[[[100.549,13.8245],[100.547,13.821],[100.545,13.822],[100.5475,13.8235],[100.5465,13.8245],[100.549,13.8245]]],[[[100.5495,13.8275],[100.5485,13.828],[100.549,13.831],[100.55,13.8305],[100.5505,13.832],[100.5525,13.8325],[100.553,13.832],[100.5515,13.8295],[100.551,13.83],[100.5495,13.8285],[100.5495,13.8275]],[[100.5505,13.83]]],[[[100.5535,13.8385],[100.5525,13.84],[100.5535,13.8405],[100.554,13.8395],[100.555,13.8395],[100.556,13.8415],[100.5555,13.8385],[100.5565,13.8385],[100.5575,13.841],[100.5585,13.841],[100.5585,13.8385],[100.5575,13.8385],[100.5575,13.8365],[100.556,13.837],[100.554,13.8355],[100.5535,13.8385]],[[100.556,13.837],[100.5565,13.8375],[100.5565,13.838],[100.556,13.837]]],[[[100.5585,13.844],[100.558,13.8445],[100.559,13.845],[100.56,13.8475],[100.5605,13.8465],[100.5625,13.8475],[100.565,13.846],[100.565,13.8455],[100.5605,13.846],[100.5595,13.8435],[100.5585,13.843],[100.5595,13.8445],[100.559,13.845],[100.5585,13.844]],[[100.562,13.847]]],[[[100.56,13.848],[100.556,13.8505],[100.558,13.8515],[100.5595,13.851],[100.5595,13.853],[100.5605,13.854],[100.5615,13.8535],[100.563,13.855],[100.566,13.8615],[100.563,13.8605],[100.564,13.8615],[100.5635,13.8625],[100.5655,13.863],[100.5655,13.864],[100.566,13.863],[100.5675,13.865],[100.568,13.8645],[100.5675,13.8635],[100.569,13.866],[100.568,13.8635],[100.5695,13.865],[100.57,13.8645],[100.569,13.8625],[100.568,13.8635],[100.5675,13.8625],[100.566,13.8625],[100.5665,13.861],[100.565,13.8575],[100.5655,13.857],[100.5685,13.8615],[100.565,13.8545],[100.5655,13.853],[100.564,13.853],[100.564,13.8505],[100.5625,13.848],[100.562,13.849],[100.5635,13.8525],[100.5615,13.852],[100.5615,13.851],[100.5605,13.851],[100.561,13.8505],[100.559,13.8485],[100.56,13.848]],[[100.56,13.851],[100.5605,13.851],[100.56,13.851]],[[100.5585,13.85],[100.5585,13.8495],[100.5585,13.85]],[[100.5575,13.85]],[[100.5595,13.8495]],[[100.5625,13.853]],[[100.561,13.8525],[100.561,13.852],[100.561,13.8525]],[[100.564,13.855],[100.564,13.8545],[100.5645,13.855],[100.564,13.855]],[[100.563,13.854]]],[[[100.5585,13.843]]],[[[100.5585,13.843]]],[[[100.5585,13.843]]],[[[100.5715,13.755],[100.571,13.756],[100.5725,13.758],[100.5735,13.756],[100.5745,13.7565],[100.5745,13.7575],[100.576,13.7575],[100.576,13.7595],[100.577,13.761],[100.58,13.761],[100.5785,13.76],[100.579,13.7585],[100.581,13.7585],[100.581,13.7575],[100.579,13.7565],[100.58,13.7575],[100.579,13.7575],[100.5785,13.7585],[100.578,13.756],[100.5775,13.757],[100.5755,13.757],[100.575,13.755],[100.577,13.754],[100.578,13.7545],[100.5795,13.754],[100.5815,13.755],[100.583,13.758],[100.584,13.7555],[100.5855,13.7545],[100.582,13.7535],[100.58,13.754],[100.581,13.7535],[100.5805,13.7515],[100.5795,13.752],[100.5785,13.751],[100.579,13.752],[100.578,13.752],[100.579,13.754],[100.575,13.753],[100.574,13.754],[100.573,13.7535],[100.573,13.755],[100.5715,13.755]],[[100.5755,13.7565]],[[100.574,13.755],[100.574,13.7545],[100.574,13.755]],[[100.58,13.7535]],[[100.578,13.7595],[100.577,13.759],[100.578,13.7585],[100.5775,13.7575],[100.578,13.7595]],[[100.577,13.759]]],[[[100.5865,13.621],[100.5845,13.623],[100.5855,13.6225],[100.5875,13.6235],[100.5885,13.623],[100.5875,13.623],[100.5885,13.6215],[100.586,13.622],[100.588,13.6205],[100.589,13.6175],[100.5875,13.62],[100.5865,13.62],[100.5865,13.621]]],[[[100.589,13.6235],[100.588,13.628],[100.59,13.6275],[100.589,13.627],[100.5895,13.6255],[100.5915,13.6265],[100.593,13.626],[100.593,13.625],[100.5955,13.6235],[100.5955,13.6225],[100.594,13.62],[100.592,13.6195],[100.5925,13.62],[100.592,13.621],[100.5935,13.621],[100.5935,13.622],[100.5945,13.622],[100.5925,13.6235],[100.591,13.623],[100.59,13.6235],[100.5905,13.6245],[100.589,13.625],[100.589,13.6235]],[[100.5915,13.6245],[100.592,13.6245],[100.5915,13.6245]],[[100.592,13.6245]]],[[[100.594,13.6375],[100.5955,13.64],[100.5955,13.639],[100.5965,13.639],[100.5965,13.638],[100.599,13.635],[100.5955,13.633],[100.5955,13.635],[100.595,13.633],[100.5945,13.6335],[100.595,13.6345],[100.594,13.633],[100.5925,13.634],[100.594,13.6365],[100.5945,13.6355],[100.5955,13.636],[100.5955,13.6375],[100.595,13.6365],[100.594,13.6375]],[[100.595,13.635],[100.595,13.6355],[100.595,13.635]],[[100.596,13.6365],[100.5965,13.638],[100.596,13.6365]],[[100.5955,13.638],[100.596,13.6385],[100.596,13.639],[100.5955,13.638]],[[100.5975,13.6355]]],[[[100.593,13.646],[100.5925,13.646],[100.5935,13.649],[100.5945,13.647],[100.594,13.6465],[100.5935,13.6475],[100.593,13.646]]],[[[100.5945,13.6475]]],[[[100.5945,13.6475]]],[[[100.5945,13.6475]]],[[[100.595,13.6475],[100.5945,13.6475],[100.595,13.6475]]],[[[100.595,13.6475]]],[[[100.595,13.6475]]],[[[100.595,13.6475]]],[[[100.595,13.6475]]],[[[100.595,13.6475]]],[[[100.595,13.6475]]],[[[100.595,13.6475],[100.5955,13.648],[100.5955,13.6475],[100.595,13.6475]]],[[[100.5935,13.9095],[100.5925,13.913],[100.593,13.9135],[100.5945,13.913],[100.595,13.914],[100.5925,13.9145],[100.593,13.915],[100.592,13.916],[100.5925,13.9165],[100.5945,13.9155],[100.5955,13.917],[100.596,13.9165],[100.5965,13.917],[100.5945,13.9185],[100.597,13.9175],[100.596,13.9185],[100.6,13.921],[100.601,13.92],[100.599,13.9165],[100.5985,13.917],[100.599,13.918],[100.598,13.918],[100.5975,13.9175],[100.598,13.917],[100.5965,13.917],[100.5955,13.916],[100.595,13.9135],[100.596,13.9135],[100.595,13.913],[100.596,13.9125],[100.596,13.9115],[100.598,13.9145],[100.596,13.91],[100.595,13.909],[100.5935,13.9095]],[[100.594,13.912]],[[100.5955,13.9135]],[[100.5985,13.919],[100.598,13.919],[100.5985,13.919]]],[[[100.596,13.9145]]],[[[100.5955,13.743],[100.5975,13.745],[100.598,13.745],[100.5975,13.7435],[100.5985,13.7435],[100.6,13.747],[100.602,13.7465],[100.603,13.7475],[100.604,13.747],[100.605,13.748],[100.606,13.7475],[100.6045,13.746],[100.6065,13.745],[100.605,13.744],[100.6045,13.7425],[100.606,13.7425],[100.606,13.7415],[100.602,13.742],[100.6025,13.7425],[100.602,13.7435],[100.6035,13.7445],[100.603,13.7455],[100.602,13.7445],[100.6,13.745],[100.5985,13.743],[100.6,13.7425],[100.6,13.7405],[100.6015,13.74],[100.6015,13.741],[100.6025,13.7415],[100.602,13.742],[100.604,13.741],[100.605,13.739],[100.6035,13.7385],[100.603,13.739],[100.6025,13.738],[100.601,13.7385],[100.5985,13.738],[100.599,13.7405],[100.597,13.7405],[100.597,13.7415],[100.596,13.742],[100.5965,13.7425],[100.5955,13.743]],[[100.601,13.745],[100.601,13.7455],[100.6,13.7455],[100.601,13.745]],[[100.5975,13.7425],[100.598,13.7425],[100.5975,13.7425]],[[100.5985,13.741]],[[100.603,13.741],[100.6035,13.741],[100.603,13.741]],[[100.6025,13.7455],[100.603,13.746],[100.6025,13.746],[100.6025,13.7455]],[[100.604,13.743],[100.6035,13.7425],[100.604,13.7425],[100.604,13.743]],[[100.604,13.745]]],[[[100.598,13.609],[100.6,13.6105],[100.601,13.6105],[100.6015,13.6095],[100.6005,13.609],[100.601,13.6085],[100.6,13.6075],[100.6005,13.6065],[100.5985,13.6055],[100.599,13.6045],[100.597,13.604],[100.5975,13.605],[100.5965,13.607],[100.5975,13.607],[100.598,13.609]],[[100.5985,13.6065],[100.599,13.6065],[100.5985,13.6065]]],[[[100.6045,13.972],[100.6045,13.9715],[100.605,13.969],[100.6045,13.9695],[100.6045,13.972]]],[[[100.6055,13.9675],[100.607,13.967],[100.6055,13.9665],[100.6055,13.9675]]],[[[100.606,13.963],[100.606,13.9595],[100.606,13.959],[100.6055,13.9625],[100.606,13.963]]],[[[100.6015,13.995],[100.6025,13.994],[100.6025,13.992],[100.6035,13.992],[100.603,13.991],[100.602,13.992],[100.6015,13.9955],[100.6015,13.995]]],[[[100.603,13.9895],[100.603,13.988],[100.605,13.987],[100.604,13.985],[100.603,13.985],[100.603,13.9835],[100.603,13.9895]]],[[[100.5985,13.66],[100.5985,13.663],[100.598,13.6625],[100.5975,13.6635],[100.6005,13.663],[100.601,13.6635],[100.6015,13.663],[100.6005,13.663],[100.6005,13.662],[100.5985,13.6615],[100.5995,13.6605],[100.5985,13.66]]],[[[100.6035,13.663],[100.603,13.6635],[100.604,13.6635],[100.6035,13.663]]],[[[100.604,13.6635],[100.6045,13.666],[100.606,13.6655],[100.6065,13.665],[100.606,13.663],[100.607,13.664],[100.608,13.6615],[100.609,13.661],[100.607,13.659],[100.605,13.659],[100.6055,13.657],[100.6035,13.6565],[100.603,13.657],[100.6025,13.656],[100.6015,13.6565],[100.601,13.656],[100.6015,13.6555],[100.6005,13.655],[100.601,13.658],[100.602,13.658],[100.6025,13.659],[100.6035,13.6585],[100.604,13.661],[100.6045,13.6605],[100.606,13.6615],[100.6045,13.662],[100.605,13.663],[100.604,13.6635]],[[100.6025,13.6575],[100.602,13.6575],[100.6025,13.6575]],[[100.605,13.6605],[100.604,13.658],[100.6045,13.658],[100.605,13.6605]],[[100.6055,13.66]],[[100.6055,13.661],[100.606,13.661],[100.6055,13.661]]],[[[100.603,13.66],[100.6025,13.6605],[100.603,13.66]]],[[[100.6065,13.573],[100.6055,13.5755],[100.609,13.5765],[100.6075,13.5785],[100.6075,13.58],[100.6065,13.579],[100.607,13.5805],[100.608,13.581],[100.6085,13.5785],[100.609,13.5795],[100.611,13.5785],[100.6115,13.575],[100.61,13.575],[100.6105,13.5745],[100.609,13.5735],[100.608,13.5745],[100.6075,13.573],[100.6065,13.573]],[[100.609,13.575],[100.609,13.5755],[100.609,13.575]]],[[[100.6065,13.579]]],[[[100.6065,13.579]]],[[[100.6065,13.579]]],[[[100.6065,13.579]]],[[[100.612,13.8655],[100.612,13.8665],[100.6125,13.866],[100.6135,13.867],[100.6145,13.865],[100.614,13.8655],[100.615,13.866],[100.614,13.866],[100.6145,13.867],[100.616,13.866],[100.617,13.8675],[100.618,13.8665],[100.619,13.868],[100.6205,13.867],[100.621,13.8685],[100.622,13.868],[100.6215,13.8675],[100.6225,13.8665],[100.6215,13.866],[100.6225,13.865],[100.621,13.8645],[100.6215,13.8635],[100.621,13.863],[100.62,13.8635],[100.6205,13.864],[100.62,13.866],[100.619,13.865],[100.6185,13.8655],[100.616,13.865],[100.616,13.864],[100.612,13.8655]],[[100.6165,13.8655],[100.617,13.8655],[100.6165,13.866],[100.6165,13.8655]],[[100.6175,13.866],[100.618,13.866],[100.617,13.8665],[100.6175,13.866]],[[100.6185,13.8655]],[[100.6195,13.866],[100.619,13.8665],[100.6195,13.866]],[[100.621,13.865],[100.6205,13.8655],[100.621,13.865]],[[100.6195,13.867]]],[[[100.621,13.8615],[100.6215,13.864],[100.622,13.863],[100.623,13.8635],[100.623,13.8625],[100.624,13.862],[100.625,13.8645],[100.6255,13.864],[100.625,13.863],[100.626,13.8625],[100.6275,13.8635],[100.6285,13.8625],[100.6275,13.862],[100.6285,13.8625],[100.6305,13.862],[100.6295,13.8605],[100.6305,13.861],[100.631,13.86],[100.63,13.86],[100.633,13.8595],[100.6325,13.8585],[100.6285,13.8575],[100.628,13.858],[100.6295,13.859],[100.6285,13.859],[100.628,13.8605],[100.6275,13.8595],[100.626,13.862],[100.6255,13.8605],[100.6245,13.861],[100.624,13.86],[100.6225,13.86],[100.623,13.8575],[100.622,13.8585],[100.622,13.86],[100.621,13.859],[100.621,13.8605],[100.6195,13.8615],[100.62,13.862],[100.621,13.8615]],[[100.6215,13.8615],[100.6215,13.862],[100.6215,13.8615]],[[100.6265,13.862],[100.627,13.862],[100.6265,13.862]]],[[[100.629,13.858],[100.6305,13.8575],[100.6325,13.8585],[100.6335,13.8565],[100.634,13.8565],[100.6335,13.8575],[100.6345,13.858],[100.6345,13.857],[100.635,13.8575],[100.6355,13.857],[100.636,13.8555],[100.637,13.855],[100.637,13.8535],[100.6385,13.852],[100.641,13.8545],[100.642,13.853],[100.647,13.8535],[100.647,13.8525],[100.645,13.852],[100.648,13.8525],[100.6485,13.8505],[100.651,13.8505],[100.651,13.8495],[100.6495,13.848],[100.652,13.8485],[100.6525,13.8475],[100.65,13.8465],[100.6485,13.848],[100.648,13.847],[100.647,13.847],[100.648,13.8455],[100.647,13.845],[100.6465,13.846],[100.647,13.8465],[100.646,13.8465],[100.646,13.8455],[100.647,13.845],[100.6465,13.8445],[100.6485,13.844],[100.6495,13.845],[100.649,13.8445],[100.649,13.845],[100.65,13.845],[100.6495,13.8445],[100.6505,13.843],[100.6515,13.844],[100.6535,13.8435],[100.652,13.8455],[100.651,13.8455],[100.653,13.848],[100.654,13.846],[100.6555,13.846],[100.656,13.844],[100.659,13.845],[100.6595,13.844],[100.6575,13.843],[100.657,13.8435],[100.656,13.8425],[100.657,13.8425],[100.656,13.842],[100.657,13.841],[100.654,13.8425],[100.652,13.842],[100.6525,13.841],[100.652,13.8405],[100.6515,13.842],[100.648,13.8415],[100.6465,13.843],[100.6475,13.8435],[100.646,13.843],[100.6435,13.8435],[100.6455,13.8455],[100.644,13.8465],[100.644,13.8475],[100.645,13.8475],[100.644,13.8475],[100.6435,13.8485],[100.643,13.8475],[100.641,13.848],[100.6405,13.8485],[100.641,13.85],[100.6395,13.851],[100.6345,13.8515],[100.6345,13.8505],[100.633,13.8505],[100.6295,13.852],[100.63,13.853],[100.6285,13.8545],[100.629,13.855],[100.6275,13.8555],[100.628,13.857],[100.629,13.8565],[100.6295,13.855],[100.6325,13.8545],[100.6315,13.8535],[100.632,13.8525],[100.633,13.854],[100.6345,13.853],[100.6355,13.8535],[100.6335,13.856],[100.633,13.8555],[100.6325,13.8565],[100.6315,13.856],[100.629,13.858]],[[100.635,13.853]],[[100.634,13.8525]],[[100.635,13.856]],[[100.648,13.8435]],[[100.6415,13.852],[100.6405,13.8525],[100.6405,13.8515],[100.6395,13.852],[100.644,13.848],[100.6455,13.8485],[100.645,13.8515],[100.6425,13.851],[100.6425,13.8525],[100.6415,13.852]],[[100.648,13.842],[100.6485,13.8425],[100.648,13.8425],[100.648,13.842]],[[100.6475,13.844]],[[100.6415,13.849],[100.643,13.8485],[100.642,13.8495],[100.6415,13.849]],[[100.648,13.8495],[100.648,13.849],[100.648,13.8495]],[[100.6405,13.8525],[100.6405,13.853],[100.64,13.853],[100.6405,13.8525]],[[100.6415,13.853],[100.641,13.853],[100.6415,13.8525],[100.6415,13.853]],[[100.651,13.8425]]],[[[100.6575,13.843]]],[[[100.658,13.8425],[100.659,13.843],[100.6595,13.8425],[100.658,13.8425]]],[[[100.6605,13.84],[100.661,13.8415],[100.663,13.843],[100.6635,13.842],[100.663,13.841],[100.6645,13.8415],[100.665,13.841],[100.664,13.8395],[100.665,13.84],[100.6655,13.839],[100.6645,13.839],[100.666,13.8375],[100.6675,13.838],[100.668,13.837],[100.669,13.838],[100.6725,13.8385],[100.673,13.836],[100.672,13.835],[100.6725,13.834],[100.672,13.8335],[100.673,13.8325],[100.672,13.8305],[100.673,13.829],[100.6695,13.8315],[100.6705,13.8315],[100.6695,13.8325],[100.6705,13.8335],[100.67,13.834],[100.6705,13.8365],[100.6675,13.835],[100.667,13.8355],[100.6675,13.836],[100.6665,13.8355],[100.6655,13.8365],[100.6655,13.8355],[100.663,13.837],[100.661,13.836],[100.6615,13.8375],[100.6595,13.8395],[100.66,13.84],[100.662,13.8385],[100.6625,13.839],[100.662,13.84],[100.6605,13.84]],[[100.6715,13.8345]],[[100.6705,13.8335],[100.671,13.8335],[100.6705,13.8335]],[[100.665,13.837]]],[[[100.628,13.8565],[100.624,13.8535],[100.6225,13.854],[100.622,13.855],[100.6225,13.8555],[100.621,13.857],[100.622,13.8575],[100.6235,13.857],[100.624,13.858],[100.6245,13.856],[100.6265,13.857],[100.628,13.8565]],[[100.623,13.856],[100.623,13.855],[100.6235,13.856],[100.623,13.856]]],[[[100.6245,13.8575]]],[[[100.6295,13.856]]],[[[100.6295,13.856]]],[[[100.6125,13.9095],[100.613,13.91],[100.612,13.9105],[100.6125,13.911],[100.6155,13.9115],[100.6165,13.911],[100.62,13.9155],[100.6195,13.9165],[100.621,13.9165],[100.6195,13.913],[100.6225,13.9115],[100.621,13.911],[100.623,13.9105],[100.6225,13.9095],[100.6235,13.9085],[100.622,13.908],[100.6205,13.9085],[100.62,13.9075],[100.6205,13.908],[100.6205,13.907],[100.6185,13.907],[100.619,13.906],[100.6175,13.9065],[100.617,13.9055],[100.6155,13.906],[100.6145,13.905],[100.613,13.907],[100.6135,13.9075],[100.6145,13.907],[100.613,13.908],[100.6125,13.9095]],[[100.6185,13.9085],[100.6205,13.909],[100.619,13.9135],[100.617,13.9115],[100.6155,13.908],[100.6165,13.9085],[100.616,13.908],[100.618,13.907],[100.617,13.908],[100.6185,13.9085]],[[100.616,13.907]],[[100.617,13.907],[100.6165,13.9065],[100.617,13.9065],[100.617,13.907]],[[100.614,13.9105],[100.614,13.91],[100.614,13.9105]],[[100.615,13.9105],[100.6155,13.911],[100.615,13.9105]],[[100.6165,13.9105],[100.6155,13.91],[100.616,13.91],[100.6165,13.9105]],[[100.621,13.91],[100.6215,13.91],[100.621,13.91]]],[[[100.622,13.919],[100.6225,13.9205],[100.6215,13.9205],[100.622,13.921],[100.621,13.923],[100.623,13.9235],[100.6235,13.922],[100.624,13.923],[100.6245,13.922],[100.625,13.9225],[100.6265,13.9215],[100.625,13.919],[100.6235,13.919],[100.6235,13.92],[100.623,13.919],[100.622,13.919]],[[100.623,13.921],[100.623,13.9215],[100.623,13.921]],[[100.625,13.9215],[100.625,13.921],[100.625,13.9215]],[[100.6245,13.92],[100.6245,13.9205],[100.6245,13.92]]],[[[100.6215,13.925],[100.621,13.9245],[100.6205,13.9255],[100.6215,13.927],[100.623,13.926],[100.6225,13.927],[100.6235,13.928],[100.6245,13.927],[100.624,13.9245],[100.623,13.9245],[100.6235,13.924],[100.6215,13.925]]],[[[100.6255,13.927],[100.624,13.927],[100.624,13.9295],[100.6255,13.93],[100.625,13.932],[100.6255,13.9325],[100.6265,13.9305],[100.6295,13.929],[100.629,13.928],[100.6315,13.9285],[100.631,13.927],[100.632,13.9265],[100.629,13.925],[100.629,13.926],[100.6275,13.926],[100.6285,13.927],[100.6275,13.928],[100.6255,13.9285],[100.626,13.9275],[100.6255,13.927]],[[100.625,13.928],[100.625,13.9285],[100.6245,13.9285],[100.6245,13.928],[100.625,13.928]],[[100.6265,13.9295],[100.627,13.9295],[100.6265,13.9295]],[[100.629,13.927],[100.6295,13.927],[100.629,13.927]],[[100.631,13.927],[100.631,13.9265],[100.631,13.927]]],[[[100.629,13.925]]],[[[100.629,13.925]]],[[[100.629,13.925]]],[[[100.6285,13.925],[100.629,13.9245],[100.628,13.923],[100.629,13.922],[100.6285,13.9215],[100.6265,13.9225],[100.626,13.9245],[100.6265,13.925],[100.627,13.9245],[100.6265,13.925],[100.627,13.9255],[100.6285,13.925]],[[100.6275,13.9235],[100.6275,13.924],[100.627,13.9235],[100.6275,13.9235]]],[[[100.6255,13.9235]]],[[[100.627,13.7705],[100.6285,13.7725],[100.6285,13.7715],[100.6295,13.7715],[100.631,13.773],[100.632,13.773],[100.6315,13.774],[100.632,13.7755],[100.63,13.777],[100.63,13.778],[100.6275,13.7775],[100.6265,13.7755],[100.628,13.7745],[100.6265,13.7725],[100.626,13.774],[100.625,13.7745],[100.625,13.7735],[100.6245,13.774],[100.6255,13.776],[100.623,13.778],[100.6245,13.778],[100.6255,13.779],[100.6265,13.778],[100.626,13.779],[100.627,13.7795],[100.627,13.781],[100.629,13.7805],[100.6305,13.7815],[100.632,13.7795],[100.632,13.777],[100.6335,13.7775],[100.634,13.777],[100.6335,13.7755],[100.632,13.776],[100.6335,13.7745],[100.634,13.7725],[100.6355,13.772],[100.635,13.771],[100.634,13.7715],[100.633,13.77],[100.6325,13.7705],[100.6315,13.77],[100.631,13.7705],[100.632,13.771],[100.631,13.771],[100.6295,13.77],[100.6295,13.769],[100.6285,13.7705],[100.627,13.7705]],[[100.6325,13.7715],[100.6325,13.772],[100.6325,13.7715]],[[100.633,13.7735]],[[100.63,13.7805]]],[[[100.645,13.735],[100.641,13.7345],[100.64,13.7355],[100.641,13.7375],[100.6395,13.7385],[100.6415,13.7385],[100.6425,13.7425],[100.643,13.742],[100.6425,13.739],[100.6415,13.738],[100.6445,13.7375],[100.644,13.737],[100.645,13.7365],[100.644,13.735],[100.645,13.735]],[[100.6425,13.7355],[100.643,13.7355],[100.6435,13.736],[100.6425,13.736],[100.6425,13.7355]]],[[[100.643,13.74],[100.6435,13.741],[100.6455,13.741],[100.645,13.7395],[100.643,13.74]]],[[[100.6455,13.7415],[100.6485,13.7435],[100.648,13.742],[100.646,13.741],[100.6455,13.7415]]],[[[100.646,13.7405],[100.6505,13.7395],[100.6495,13.7385],[100.6505,13.7375],[100.648,13.738],[100.6485,13.7385],[100.647,13.739],[100.6475,13.74],[100.6465,13.7395],[100.6455,13.74],[100.646,13.7405]],[[100.6485,13.739]]],[[[100.645,13.7365]]],[[[100.6455,13.9315],[100.645,13.9315],[100.6455,13.9315]]],[[[100.645,13.932],[100.6395,13.9325],[100.6425,13.933],[100.641,13.934],[100.642,13.936],[100.6425,13.9355],[100.642,13.934],[100.643,13.933],[100.6425,13.9325],[100.645,13.932]]],[[[100.645,13.9335]]],[[[100.645,13.9335]]],[[[100.6455,13.933],[100.645,13.9335],[100.6455,13.9335],[100.6455,13.933]]],[[[100.646,13.933],[100.6505,13.9335],[100.652,13.933],[100.6525,13.9315],[100.6485,13.932],[100.649,13.933],[100.646,13.933]],[[100.649,13.933],[100.65,13.933],[100.649,13.933]]],[[[100.6755,13.8225],[100.675,13.823],[100.676,13.8245],[100.675,13.8255],[100.6755,13.826],[100.674,13.829],[100.675,13.8295],[100.6755,13.8285],[100.6775,13.828],[100.68,13.83],[100.681,13.8295],[100.6805,13.8285],[100.6815,13.8285],[100.682,13.827],[100.68,13.8245],[100.6785,13.8245],[100.6805,13.8265],[100.68,13.827],[100.679,13.8265],[100.678,13.8275],[100.6765,13.826],[100.6755,13.8265],[100.6765,13.824],[100.6755,13.8225]],[[100.677,13.8265],[100.6775,13.8265],[100.677,13.827],[100.6765,13.827],[100.677,13.8265]],[[100.679,13.828],[100.6785,13.8275],[100.679,13.828]],[[100.681,13.827],[100.6805,13.8275],[100.681,13.827]]],[[[100.68,13.8245]]],[[[100.6785,13.8235],[100.68,13.8225],[100.679,13.822],[100.6775,13.8235],[100.6785,13.8235]]],[[[100.695,13.732],[100.6945,13.7315],[100.692,13.7325],[100.6935,13.733],[100.6925,13.735],[100.6915,13.734],[100.689,13.7345],[100.6885,13.735],[100.6895,13.7345],[100.689,13.736],[100.691,13.7355],[100.694,13.737],[100.694,13.736],[100.693,13.7355],[100.6935,13.7345],[100.6945,13.734],[100.695,13.7345],[100.6975,13.733],[100.697,13.7325],[100.6955,13.733],[100.695,13.732]]],[[[100.692,13.7325],[100.6885,13.733],[100.6895,13.7335],[100.692,13.7325]]],[[[100.6885,13.733]]],[[[100.6885,13.733]]],[[[100.6885,13.733]]],[[[100.6885,13.733]]],[[[100.688,13.733],[100.685,13.7335],[100.684,13.7355],[100.685,13.735],[100.688,13.7355],[100.687,13.734],[100.688,13.733]]],[[[100.725,13.809],[100.724,13.809],[100.722,13.812],[100.7215,13.8105],[100.721,13.8115],[100.7185,13.8125],[100.7195,13.8135],[100.7205,13.813],[100.72,13.815],[100.7205,13.8155],[100.722,13.813],[100.721,13.8155],[100.7215,13.816],[100.7225,13.8145],[100.724,13.815],[100.7245,13.813],[100.7245,13.8145],[100.726,13.8135],[100.727,13.815],[100.7275,13.8135],[100.728,13.8155],[100.7295,13.814],[100.7295,13.8155],[100.7305,13.815],[100.7305,13.8135],[100.731,13.8145],[100.7325,13.814],[100.7315,13.8115],[100.73,13.811],[100.729,13.809],[100.7265,13.811],[100.7275,13.8105],[100.7285,13.811],[100.729,13.813],[100.7225,13.813],[100.722,13.812],[100.724,13.812],[100.725,13.81],[100.726,13.8105],[100.726,13.8095],[100.725,13.809]],[[100.7305,13.812],[100.73,13.812],[100.7305,13.812]]],[[[100.7,13.8125],[100.6995,13.8135],[100.7005,13.8135],[100.7015,13.815],[100.701,13.8175],[100.7015,13.818],[100.7025,13.816],[100.7035,13.816],[100.704,13.815],[100.7025,13.8155],[100.7025,13.8145],[100.701,13.814],[100.701,13.8125],[100.7,13.8125]]],[[[100.6855,13.818],[100.6855,13.8185],[100.6865,13.819],[100.6855,13.818]]],[[[100.6865,13.819]]],[[[100.6865,13.819]]],[[[100.6865,13.819]]],[[[100.6865,13.819]]],[[[100.6865,13.819]]],[[[100.6865,13.819]]],[[[100.756,13.6855],[100.7525,13.686],[100.7535,13.6905],[100.754,13.69],[100.753,13.6865],[100.756,13.6855]]],[[[100.747,13.6875],[100.743,13.6885],[100.7435,13.689],[100.7455,13.6885],[100.7465,13.6915],[100.7475,13.691],[100.7465,13.688],[100.747,13.6875]]],[[[100.7465,13.6915]]],[[[100.7465,13.6915]]],[[[100.754,13.691],[100.753,13.691],[100.753,13.692],[100.749,13.693],[100.7495,13.6935],[100.7545,13.692],[100.7545,13.693],[100.7535,13.693],[100.754,13.694],[100.7525,13.6945],[100.7525,13.6955],[100.754,13.695],[100.754,13.6965],[100.756,13.6945],[100.755,13.6945],[100.754,13.691]]],[[[100.748,13.6935],[100.747,13.6925],[100.7485,13.6975],[100.75,13.6955],[100.749,13.6945],[100.7485,13.6955],[100.7485,13.6945],[100.7475,13.6945],[100.748,13.6935]]],[[[100.7465,13.724],[100.745,13.726],[100.746,13.727],[100.747,13.7255],[100.748,13.7275],[100.75,13.7275],[100.752,13.7295],[100.756,13.7295],[100.754,13.729],[100.7535,13.727],[100.753,13.728],[100.7495,13.7275],[100.751,13.7255],[100.75,13.725],[100.749,13.7255],[100.7485,13.724],[100.747,13.724],[100.747,13.725],[100.7465,13.724]]],[[[100.7455,13.7285],[100.7415,13.7285],[100.7415,13.7295],[100.7455,13.7285]]],[[[100.4215,13.7105],[100.4215,13.71],[100.4215,13.7105]]],[[[100.4215,13.7105]]],[[[100.4755,13.7125],[100.476,13.7125],[100.4755,13.7125]]],[[[100.505,13.722],[100.5055,13.722],[100.505,13.722]]],[[[100.4935,13.7465]]],[[[100.4955,13.7845]]],[[[100.505,13.747]]],[[[100.5055,13.7945],[100.506,13.7945],[100.5055,13.7945]]],[[[100.508,13.743]]],[[[100.521,13.8595]]],[[[100.531,13.725],[100.531,13.7255],[100.5315,13.725],[100.531,13.725]]],[[[100.5175,13.7395],[100.518,13.7395],[100.5175,13.739],[100.5175,13.7395]]],[[[100.557,13.741]]],[[[100.5285,13.829],[100.529,13.8295],[100.5285,13.829]]],[[[100.531,13.905],[100.5305,13.9055],[100.531,13.9055],[100.531,13.905]]],[[[100.533,13.8205],[100.533,13.82],[100.533,13.8205]]],[[[100.545,13.779]]],[[[100.559,13.814]]],[[[100.5705,13.832]]],[[[100.576,13.798],[100.576,13.7985],[100.576,13.798]]],[[[100.5735,13.7985]]],[[[100.593,13.713]]],[[[100.5775,13.8445]]],[[[100.598,13.609]]]]}},{"type":"Feature","properties":{"class":"10-15","speed_kmh":4.5},"geometry":{"type":"MultiPolygon","coordinates":[[[[100.4075,13.703],[100.407,13.7025],[100.406,13.7035],[100.4055,13.7055],[100.4045,13.705],[100.404,13.7055],[100.407,13.7075],[100.408,13.7075],[100.4085,13.7065],[100.41,13.707],[100.4105,13.7065],[100.407,13.7055],[100.4075,13.703]],[[100.408,13.7065],[100.4075,13.707],[100.407,13.707],[100.407,13.7065],[100.408,13.7065]]],[[[100.406,13.7155],[100.406,13.7165],[100.4075,13.7165],[100.407,13.7185],[100.408,13.72],[100.409,13.7195],[100.4095,13.717],[100.409,13.7175],[100.406,13.7155]],[[100.4085,13.718],[100.408,13.7175],[100.4085,13.7175],[100.4085,13.718]]],[[[100.411,13.715],[100.411,13.7165],[100.41,13.717],[100.411,13.7175],[100.4105,13.7185],[100.4115,13.719],[100.4115,13.717],[100.4125,13.7165],[100.4115,13.7165],[100.411,13.715]]],[[[100.4125,13.716],[100.413,13.7165],[100.415,13.7155],[100.4165,13.717],[100.418,13.7155],[100.4175,13.7125],[100.4165,13.7135],[100.415,13.713],[100.4145,13.714],[100.4135,13.7135],[100.4125,13.716]],[[100.413,13.7155],[100.4135,13.7155],[100.413,13.7155]]],[[[100.4195,13.7165],[100.4175,13.7185],[100.4185,13.72],[100.4195,13.7195],[100.4195,13.7205],[100.421,13.7205],[100.4215,13.7195],[100.4225,13.7195],[100.4225,13.7185],[100.423,13.72],[100.4245,13.7195],[100.425,13.717],[100.4245,13.7175],[100.4235,13.7165],[100.423,13.718],[100.4205,13.7185],[100.4215,13.718],[100.4205,13.718],[100.4205,13.717],[100.4195,13.7165]],[[100.4195,13.7185],[100.42,13.7185],[100.4195,13.719],[100.4195,13.7185]],[[100.42,13.7185],[100.42,13.718],[100.42,13.7185]]],[[[100.425,13.717],[100.426,13.717],[100.4255,13.7165],[100.425,13.717]]],[[[100.426,13.716],[100.426,13.7155],[100.4255,13.715],[100.4255,13.716],[100.426,13.716]]],[[[100.426,13.715],[100.4265,13.7165],[100.4275,13.7165],[100.427,13.7175],[100.428,13.718],[100.4295,13.716],[100.429,13.715],[100.43,13.7155],[100.43,13.7135],[100.4295,13.714],[100.429,13.713],[100.4285,13.7145],[100.4275,13.7145],[100.4275,13.7155],[100.4265,13.714],[100.426,13.715]],[[100.429,13.7145]],[[100.4275,13.715]]],[[[100.431,13.7145],[100.43,13.717],[100.4305,13.718],[100.4315,13.717],[100.432,13.7145],[100.434,13.7155],[100.4345,13.715],[100.433,13.713],[100.4325,13.7135],[100.4315,13.713],[100.431,13.7145]]],[[[100.4355,13.7135],[100.436,13.7145],[100.4355,13.716],[100.4365,13.7165],[100.4375,13.7155],[100.438,13.7175],[100.4385,13.7165],[100.44,13.717],[100.4405,13.7155],[100.4415,13.7165],[100.44,13.7145],[100.44,13.7155],[100.439,13.7155],[100.4365,13.7135],[100.4345,13.713],[100.434,13.7135],[100.4355,13.7135]],[[100.4365,13.7145]],[[100.4375,13.7155],[100.437,13.7145],[100.4375,13.7145],[100.4375,13.715],[100.4375,13.7155]]],[[[100.4415,13.7165],[100.441,13.718],[100.4415,13.7185],[100.4425,13.7175],[100.4415,13.7165]]],[[[100.4415,13.719],[100.442,13.719],[100.4415,13.719]]],[[[100.4415,13.719],[100.441,13.72],[100.4405,13.719],[100.4395,13.72],[100.441,13.7205],[100.44,13.7205],[100.44,13.722],[100.4425,13.7215],[100.443,13.72],[100.4415,13.719]]],[[[100.4435,13.7205],[100.443,13.7215],[100.444,13.722],[100.443,13.7225],[100.444,13.7235],[100.445,13.723],[100.4445,13.722],[100.4455,13.7205],[100.4445,13.72],[100.444,13.721],[100.4435,13.7205]]],[[[100.446,13.7205],[100.446,13.721],[100.4465,13.721],[100.446,13.7205]]],[[[100.4465,13.721],[100.448,13.722],[100.449,13.7215],[100.4495,13.7225],[100.451,13.7215],[100.4505,13.7245],[100.4525,13.724],[100.4515,13.726],[100.4525,13.727],[100.452,13.7295],[100.455,13.7275],[100.4555,13.7295],[100.457,13.728],[100.4595,13.729],[100.4585,13.731],[100.459,13.7315],[100.46,13.731],[100.4605,13.729],[100.4615,13.7295],[100.46,13.7285],[100.4605,13.7275],[100.459,13.7245],[100.458,13.7245],[100.458,13.726],[100.4585,13.7255],[100.458,13.727],[100.457,13.726],[100.4545,13.7275],[100.454,13.7255],[100.4535,13.727],[100.453,13.7265],[100.4535,13.7235],[100.4525,13.722],[100.453,13.722],[100.452,13.722],[100.452,13.7205],[100.452,13.7215],[100.453,13.721],[100.453,13.72],[100.452,13.72],[100.4515,13.7185],[100.4505,13.718],[100.4505,13.7195],[100.4495,13.72],[100.449,13.7195],[100.4485,13.7205],[100.4465,13.721]],[[100.4525,13.7235]],[[100.4495,13.721]],[[100.4505,13.721]],[[100.458,13.727]]],[[[100.4615,13.7295]]],[[[100.4625,13.7295],[100.462,13.7295],[100.463,13.7305],[100.4615,13.7325],[100.462,13.733],[100.4635,13.732],[100.463,13.7315],[100.464,13.73],[100.4635,13.7305],[100.4625,13.7295]]],[[[100.466,13.7265],[100.4655,13.728],[100.468,13.729],[100.4675,13.7275],[100.468,13.7275],[100.466,13.7265]]],[[[100.468,13.7295],[100.467,13.73],[100.4655,13.729],[100.4655,13.73],[100.4675,13.731],[100.4655,13.7325],[100.4675,13.7335],[100.4675,13.7345],[100.469,13.736],[100.47,13.736],[100.469,13.735],[100.47,13.734],[100.468,13.731],[100.4685,13.7305],[100.468,13.7295]],[[100.4675,13.732],[100.4675,13.7315],[100.468,13.7315],[100.4675,13.732]]],[[[100.468,13.7365],[100.4655,13.736],[100.4655,13.737],[100.468,13.7365]]],[[[100.4685,13.737]]],[[[100.4685,13.737]]],[[[100.466,13.738]]],[[[100.466,13.738]]],[[[100.466,13.738]]],[[[100.466,13.738]]],[[[100.466,13.738]]],[[[100.466,13.738],[100.464,13.738],[100.4615,13.7405],[100.463,13.7425],[100.464,13.742],[100.464,13.741],[100.4655,13.742],[100.465,13.741],[100.4655,13.74],[100.4645,13.739],[100.466,13.738]],[[100.463,13.74]],[[100.463,13.741],[100.463,13.7415],[100.463,13.741]],[[100.4645,13.7405],[100.465,13.74],[100.465,13.7405],[100.4645,13.7405]],[[100.4645,13.7385]]],[[[100.466,13.7425],[100.4665,13.743],[100.466,13.7455],[100.467,13.746],[100.4665,13.7465],[100.467,13.747],[100.4675,13.7465],[100.468,13.749],[100.4665,13.7485],[100.466,13.751],[100.464,13.7505],[100.4645,13.751],[100.464,13.752],[100.4625,13.7515],[100.4635,13.7535],[100.4625,13.753],[100.4625,13.752],[100.4615,13.752],[100.4615,13.7535],[100.463,13.754],[100.461,13.7535],[100.46,13.7545],[100.4635,13.7555],[100.463,13.7565],[100.4635,13.7575],[100.4655,13.758],[100.464,13.759],[100.466,13.7615],[100.467,13.7615],[100.466,13.7625],[100.4675,13.765],[100.47,13.764],[100.4685,13.761],[100.469,13.7605],[100.468,13.76],[100.468,13.7605],[100.4675,13.7595],[100.4685,13.7585],[100.466,13.758],[100.4655,13.7565],[100.4665,13.756],[100.4655,13.7565],[100.4655,13.7555],[100.463,13.755],[100.4665,13.752],[100.4645,13.752],[100.4655,13.7515],[100.4675,13.752],[100.467,13.7515],[100.47,13.749],[100.47,13.75],[100.471,13.75],[100.4715,13.751],[100.4705,13.752],[100.4725,13.7525],[100.4725,13.7535],[100.474,13.753],[100.474,13.754],[100.475,13.7545],[100.474,13.755],[100.476,13.756],[100.4755,13.757],[100.475,13.756],[100.475,13.757],[100.4735,13.756],[100.473,13.757],[100.472,13.757],[100.473,13.758],[100.4725,13.7585],[100.472,13.758],[100.473,13.7595],[100.4725,13.7615],[100.476,13.7655],[100.4755,13.765],[100.4775,13.7635],[100.477,13.763],[100.475,13.7635],[100.4755,13.762],[100.474,13.7625],[100.4765,13.761],[100.474,13.76],[100.475,13.759],[100.4745,13.7575],[100.4755,13.757],[100.476,13.7575],[100.479,13.7555],[100.4775,13.755],[100.477,13.754],[100.478,13.754],[100.4775,13.753],[100.4765,13.7535],[100.4745,13.7525],[100.475,13.7515],[100.4735,13.7505],[100.473,13.749],[100.472,13.749],[100.473,13.7485],[100.472,13.748],[100.4725,13.747],[100.474,13.747],[100.475,13.746],[100.474,13.7455],[100.476,13.745],[100.4745,13.744],[100.4765,13.7445],[100.477,13.7435],[100.4765,13.7425],[100.477,13.743],[100.478,13.742],[100.4795,13.7425],[100.48,13.744],[100.479,13.744],[100.4785,13.745],[100.48,13.7455],[100.4795,13.747],[100.4805,13.747],[100.4815,13.7445],[100.483,13.746],[100.4835,13.745],[100.4845,13.7455],[100.485,13.744],[100.486,13.744],[100.485,13.746],[100.4895,13.7445],[100.4895,13.7435],[100.4905,13.743],[100.49,13.7415],[100.491,13.741],[100.4905,13.7395],[100.4915,13.738],[100.49,13.738],[100.4895,13.7365],[100.488,13.737],[100.489,13.7395],[100.4875,13.74],[100.487,13.739],[100.4865,13.7395],[100.4865,13.741],[100.4875,13.741],[100.488,13.7425],[100.4865,13.743],[100.486,13.742],[100.4855,13.7435],[100.4845,13.742],[100.4835,13.743],[100.484,13.7435],[100.4825,13.744],[100.483,13.7435],[100.4825,13.743],[100.481,13.744],[100.4815,13.742],[100.4795,13.741],[100.4805,13.7405],[100.48,13.738],[100.4815,13.738],[100.4825,13.737],[100.4835,13.7385],[100.4835,13.7375],[100.4825,13.737],[100.4815,13.7375],[100.4805,13.7365],[100.4845,13.732],[100.484,13.7315],[100.4845,13.7305],[100.4835,13.731],[100.482,13.73],[100.483,13.729],[100.4845,13.7295],[100.485,13.728],[100.4845,13.7265],[100.4835,13.7265],[100.4835,13.7255],[100.483,13.726],[100.4825,13.725],[100.4815,13.725],[100.482,13.7225],[100.4815,13.723],[100.481,13.7215],[100.482,13.7215],[100.4825,13.72],[100.482,13.721],[100.4805,13.7205],[100.48,13.7195],[100.4815,13.7185],[100.48,13.7185],[100.48,13.717],[100.4785,13.7175],[100.4795,13.718],[100.479,13.7195],[100.4805,13.7205],[100.4785,13.7205],[100.478,13.7195],[100.4785,13.719],[100.477,13.72],[100.477,13.719],[100.476,13.719],[100.4765,13.72],[100.4755,13.721],[100.474,13.72],[100.4745,13.719],[100.474,13.719],[100.475,13.7185],[100.475,13.717],[100.4735,13.7165],[100.474,13.715],[100.4725,13.7155],[100.473,13.716],[100.4725,13.717],[100.4715,13.7165],[100.4705,13.717],[100.4705,13.718],[100.47,13.717],[100.4685,13.7185],[100.4675,13.7175],[100.467,13.718],[100.4665,13.7165],[100.465,13.717],[100.466,13.716],[100.464,13.7165],[100.4625,13.715],[100.463,13.7145],[100.46,13.716],[100.46,13.7165],[100.462,13.715],[100.4625,13.719],[100.4615,13.7195],[100.4665,13.722],[100.4695,13.7215],[100.4695,13.7225],[100.4705,13.7225],[100.4715,13.722],[100.4705,13.7205],[100.4725,13.721],[100.473,13.72],[100.4735,13.7205],[100.473,13.722],[100.474,13.7225],[100.475,13.722],[100.475,13.7235],[100.474,13.7225],[100.4735,13.723],[100.475,13.724],[100.475,13.723],[100.477,13.7225],[100.477,13.724],[100.4795,13.725],[100.479,13.726],[100.4805,13.726],[100.4815,13.7285],[100.481,13.73],[100.4795,13.7295],[100.479,13.73],[100.48,13.73],[100.4795,13.731],[100.48,13.732],[100.479,13.732],[100.4795,13.733],[100.4805,13.732],[100.481,13.733],[100.48,13.7345],[100.4795,13.734],[100.4785,13.735],[100.478,13.734],[100.4765,13.735],[100.4755,13.734],[100.4755,13.735],[100.473,13.736],[100.474,13.7365],[100.4745,13.7355],[100.475,13.736],[100.4735,13.7385],[100.4725,13.738],[100.4755,13.7415],[100.4725,13.7435],[100.473,13.7445],[100.472,13.7455],[100.471,13.745],[100.4705,13.7465],[100.469,13.746],[100.47,13.7455],[100.468,13.7445],[100.468,13.743],[100.466,13.7425]],[[100.4785,13.7395],[100.4755,13.7375],[100.477,13.7365],[100.4775,13.7345],[100.477,13.738],[100.478,13.736],[100.4795,13.7365],[100.4795,13.7375],[100.4785,13.7375],[100.479,13.7385],[100.4785,13.7395]],[[100.48,13.723],[100.4785,13.724],[100.4775,13.7225],[100.48,13.723]],[[100.4705,13.748],[100.471,13.748],[100.4705,13.748]],[[100.471,13.747]],[[100.471,13.747]],[[100.4705,13.7195],[100.471,13.7195],[100.4705,13.7195]],[[100.468,13.7195],[100.468,13.719],[100.469,13.7195],[100.4695,13.7185],[100.4705,13.7195],[100.4695,13.72],[100.468,13.7195]],[[100.465,13.7205],[100.4655,13.72],[100.465,13.7195],[100.4665,13.719],[100.4655,13.72],[100.466,13.721],[100.465,13.7205]],[[100.4635,13.718],[100.4645,13.7175],[100.4635,13.718]],[[100.4645,13.7185],[100.465,13.7185],[100.464,13.7195],[100.4635,13.719],[100.4645,13.7185]],[[100.4665,13.72]],[[100.4695,13.7465],[100.4695,13.747],[100.469,13.747],[100.4695,13.7465]],[[100.4685,13.7475],[100.469,13.748],[100.4685,13.7475]],[[100.4685,13.745]],[[100.47,13.721],[100.4695,13.721],[100.4695,13.7205],[100.47,13.721]],[[100.469,13.763]],[[100.4705,13.749],[100.4705,13.7485],[100.4705,13.749]],[[100.474,13.7625],[100.474,13.763],[100.474,13.7625]],[[100.474,13.759],[100.474,13.7585],[100.474,13.759]],[[100.474,13.7575],[100.474,13.757],[100.4745,13.7575],[100.474,13.7575]],[[100.4735,13.752],[100.473,13.752],[100.474,13.752],[100.4735,13.752]],[[100.474,13.744],[100.4735,13.7435],[100.474,13.744]],[[100.474,13.7385],[100.4745,13.7385],[100.474,13.739],[100.474,13.7385]],[[100.473,13.758]],[[100.472,13.7505],[100.4715,13.751],[100.472,13.7505]],[[100.472,13.7505]],[[100.4735,13.7595],[100.473,13.7595],[100.4735,13.7595]],[[100.4715,13.7175]],[[100.4715,13.7185],[100.472,13.7185],[100.4715,13.7185]],[[100.4735,13.719]],[[100.4735,13.7185],[100.4735,13.719],[100.4735,13.7185]],[[100.4735,13.718],[100.473,13.718],[100.4735,13.718]],[[100.4755,13.741],[100.477,13.7405],[100.4765,13.7395],[100.477,13.74],[100.477,13.741],[100.4755,13.741]],[[100.478,13.7215],[100.4775,13.7215],[100.478,13.7215]],[[100.476,13.7225],[100.476,13.722],[100.476,13.7225]],[[100.4755,13.721],[100.476,13.721],[100.476,13.7215],[100.4755,13.7215],[100.4755,13.721]],[[100.4755,13.7385],[100.475,13.738],[100.4755,13.738],[100.4755,13.7385]],[[100.4775,13.74],[100.4775,13.7395],[100.4775,13.74]],[[100.477,13.741],[100.4775,13.7415],[100.477,13.7415],[100.477,13.741]],[[100.4785,13.7205]],[[100.4755,13.7535],[100.4755,13.754],[100.4755,13.7535]],[[100.475,13.755],[100.475,13.7545],[100.475,13.755]],[[100.4755,13.7545],[100.476,13.7545],[100.4755,13.7545]],[[100.483,13.727],[100.4835,13.727],[100.483,13.727]],[[100.4815,13.734],[100.481,13.7345],[100.4805,13.7345],[100.481,13.734],[100.4815,13.734]],[[100.4815,13.727],[100.482,13.727],[100.482,13.7275],[100.4815,13.727]],[[100.4815,13.7235],[100.4805,13.724],[100.4805,13.7235],[100.4815,13.7235]],[[100.4815,13.721],[100.481,13.7215],[100.481,13.721],[100.4815,13.721]],[[100.48,13.743],[100.4805,13.7435],[100.48,13.7435],[100.48,13.743]],[[100.48,13.7425],[100.4795,13.7425],[100.48,13.7425]],[[100.48,13.74],[100.4795,13.74],[100.48,13.74]],[[100.479,13.735]],[[100.4795,13.736]],[[100.479,13.7405]],[[100.481,13.726],[100.481,13.7265],[100.481,13.726]],[[100.4805,13.7305]],[[100.4805,13.737],[100.4805,13.7375],[100.48,13.7375],[100.4805,13.737]],[[100.4825,13.7325]],[[100.4895,13.74],[100.49,13.7405],[100.4895,13.74]],[[100.488,13.7405],[100.4885,13.74],[100.488,13.7405]]],[[[100.4675,13.7665],[100.465,13.769],[100.4675,13.7675],[100.4685,13.768],[100.468,13.769],[100.469,13.7685],[100.4685,13.7695],[100.4675,13.769],[100.468,13.7715],[100.4705,13.7715],[100.4705,13.7705],[100.4715,13.771],[100.472,13.7705],[100.4705,13.7685],[100.4695,13.7685],[100.47,13.7675],[100.4695,13.766],[100.4675,13.7665]],[[100.4685,13.7665],[100.4685,13.767],[100.4685,13.7665]]],[[[100.471,13.7685],[100.4715,13.77],[100.4725,13.7685],[100.472,13.768],[100.472,13.769],[100.471,13.7685]]],[[[100.474,13.767]]],[[[100.4755,13.7675],[100.475,13.7665],[100.474,13.768],[100.4745,13.7685],[100.474,13.769],[100.473,13.7685],[100.4735,13.77],[100.4725,13.7695],[100.4725,13.7705],[100.473,13.7715],[100.4745,13.7715],[100.475,13.7705],[100.476,13.771],[100.475,13.77],[100.4755,13.769],[100.476,13.7695],[100.477,13.769],[100.4765,13.771],[100.478,13.771],[100.479,13.772],[100.4785,13.773],[100.479,13.7745],[100.4805,13.775],[100.478,13.777],[100.481,13.7785],[100.4815,13.7795],[100.482,13.7815],[100.4815,13.783],[100.4805,13.783],[100.481,13.784],[100.4835,13.7835],[100.483,13.7845],[100.485,13.7845],[100.484,13.785],[100.484,13.786],[100.486,13.7855],[100.486,13.7875],[100.488,13.787],[100.4875,13.788],[100.4885,13.7885],[100.4915,13.788],[100.4915,13.789],[100.4935,13.79],[100.4955,13.789],[100.495,13.7895],[100.497,13.79],[100.4965,13.7905],[100.498,13.792],[100.4965,13.794],[100.4975,13.795],[100.498,13.794],[100.4985,13.7955],[100.5005,13.794],[100.502,13.794],[100.501,13.794],[100.501,13.793],[100.5005,13.7935],[100.499,13.793],[100.5005,13.7905],[100.4995,13.7895],[100.5,13.7875],[100.5045,13.788],[100.5045,13.787],[100.5005,13.7855],[100.5015,13.7845],[100.502,13.781],[100.5,13.7805],[100.4995,13.779],[100.4965,13.7795],[100.4945,13.779],[100.4935,13.7775],[100.4915,13.7775],[100.4925,13.777],[100.4925,13.776],[100.492,13.7755],[100.491,13.776],[100.4895,13.7745],[100.4905,13.774],[100.49,13.7735],[100.4885,13.7735],[100.4885,13.7745],[100.4875,13.7735],[100.486,13.774],[100.4855,13.773],[100.4845,13.773],[100.483,13.7745],[100.485,13.776],[100.4875,13.7765],[100.4885,13.776],[100.4905,13.778],[100.4895,13.7785],[100.4895,13.7805],[100.491,13.7815],[100.492,13.781],[100.491,13.781],[100.492,13.782],[100.493,13.781],[100.494,13.7815],[100.4945,13.7805],[100.497,13.782],[100.4975,13.7815],[100.4995,13.782],[100.4995,13.783],[100.4985,13.7835],[100.4995,13.7845],[100.4985,13.7855],[100.499,13.787],[100.498,13.7875],[100.4985,13.788],[100.4965,13.7885],[100.493,13.7875],[100.4935,13.786],[100.492,13.787],[100.4925,13.7875],[100.491,13.787],[100.4915,13.786],[100.489,13.7865],[100.4885,13.786],[100.4895,13.7855],[100.4875,13.785],[100.487,13.784],[100.488,13.783],[100.487,13.7825],[100.4875,13.7815],[100.4855,13.7825],[100.484,13.7815],[100.4835,13.782],[100.484,13.78],[100.4815,13.778],[100.482,13.7775],[100.4815,13.777],[100.4805,13.7775],[100.48,13.7765],[100.4815,13.7755],[100.482,13.776],[100.4815,13.775],[100.482,13.7745],[100.4805,13.774],[100.4805,13.772],[100.4815,13.7725],[100.483,13.772],[100.4835,13.773],[100.483,13.7735],[100.485,13.772],[100.4855,13.7695],[100.485,13.769],[100.483,13.77],[100.482,13.7695],[100.4805,13.7705],[100.48,13.77],[100.481,13.7695],[100.48,13.7675],[100.4805,13.767],[100.479,13.766],[100.4785,13.767],[100.478,13.7665],[100.479,13.765],[100.4785,13.7645],[100.4775,13.7655],[100.4765,13.765],[100.477,13.7675],[100.478,13.7675],[100.478,13.769],[100.4765,13.7685],[100.475,13.769],[100.4745,13.768],[100.4755,13.7675]],[[100.4775,13.767],[100.4775,13.7675],[100.4775,13.767]],[[100.488,13.7755]],[[100.484,13.7825]],[[100.4835,13.7825],[100.484,13.7825],[100.4835,13.7825]],[[100.482,13.7705],[100.4815,13.771],[100.482,13.7705]],[[100.48,13.773],[100.479,13.773],[100.48,13.772],[100.48,13.773]],[[100.48,13.7675],[100.4795,13.767],[100.48,13.7675]],[[100.479,13.7705],[100.4795,13.771],[100.479,13.7705]],[[100.479,13.7695],[100.4785,13.7685],[100.4795,13.769],[100.479,13.7695]],[[100.481,13.7715],[100.4815,13.7715],[100.481,13.7715]],[[100.484,13.7745],[100.4845,13.7745],[100.484,13.7745]],[[100.4925,13.781],[100.492,13.781],[100.494,13.7805],[100.4925,13.781]],[[100.492,13.7795],[100.4925,13.7795],[100.492,13.7795]],[[100.4905,13.7765],[100.491,13.777],[100.4895,13.777],[100.4905,13.7765]],[[100.4915,13.7765]],[[100.495,13.78]],[[100.4955,13.7805],[100.4955,13.78],[100.4955,13.7805]],[[100.4985,13.792],[100.498,13.7915],[100.4985,13.791],[100.4985,13.792]],[[100.4985,13.78],[100.498,13.78],[100.4985,13.78]],[[100.4975,13.789]],[[100.497,13.789]],[[100.496,13.7885]],[[100.4975,13.79]]],[[[100.502,13.796],[100.501,13.797],[100.5015,13.799],[100.503,13.801],[100.5055,13.8005],[100.5045,13.8015],[100.5055,13.802],[100.5045,13.802],[100.5045,13.803],[100.506,13.8045],[100.5085,13.8045],[100.509,13.8055],[100.511,13.806],[100.5115,13.807],[100.5105,13.8085],[100.5125,13.8085],[100.513,13.8075],[100.5125,13.8065],[100.5145,13.807],[100.5165,13.806],[100.5165,13.805],[100.5145,13.8045],[100.515,13.804],[100.5145,13.803],[100.5155,13.8025],[100.515,13.801],[100.5135,13.801],[100.5145,13.8015],[100.5145,13.8025],[100.5125,13.8055],[100.51,13.804],[100.5105,13.8035],[100.5095,13.8025],[100.506,13.8035],[100.5065,13.8025],[100.5055,13.802],[100.507,13.799],[100.5055,13.799],[100.505,13.797],[100.5035,13.7975],[100.502,13.796]],[[100.5055,13.799],[100.5055,13.7995],[100.5055,13.799]],[[100.502,13.799]],[[100.502,13.7975],[100.502,13.798],[100.502,13.7975]],[[100.505,13.8]],[[100.514,13.8055]],[[100.513,13.805]],[[100.5135,13.8055],[100.5135,13.805],[100.5135,13.8055]]],[[[100.5125,13.8015],[100.512,13.8015],[100.512,13.802],[100.5125,13.8015]]],[[[100.512,13.795]]],[[[100.512,13.795]]],[[[100.512,13.795]]],[[[100.512,13.795]]],[[[100.5115,13.794],[100.512,13.795],[100.512,13.7945],[100.5115,13.794]]],[[[100.5115,13.794]]],[[[100.5115,13.794]]],[[[100.5115,13.794]]],[[[100.5115,13.794]]],[[[100.5115,13.794]]],[[[100.5095,13.795],[100.511,13.794],[100.511,13.793],[100.5095,13.794],[100.51,13.7925],[100.509,13.793],[100.5095,13.795]]],[[[100.509,13.792],[100.509,13.7915],[100.508,13.7925],[100.509,13.792]]],[[[100.4905,13.737]]],[[[100.4905,13.7365],[100.4915,13.736],[100.492,13.737],[100.4935,13.7365],[100.493,13.736],[100.4935,13.7335],[100.4925,13.733],[100.4935,13.732],[100.4925,13.7315],[100.4915,13.7325],[100.4905,13.7315],[100.488,13.7325],[100.4865,13.7305],[100.487,13.734],[100.4875,13.7345],[100.4885,13.7335],[100.489,13.7345],[100.49,13.7335],[100.4905,13.7365]],[[100.488,13.7335]],[[100.4925,13.7355],[100.492,13.7355],[100.4925,13.7355]]],[[[100.486,13.733],[100.4865,13.7325],[100.486,13.732],[100.4845,13.733],[100.486,13.733]]],[[[100.483,13.724],[100.4845,13.725],[100.485,13.7265],[100.487,13.7265],[100.489,13.725],[100.489,13.727],[100.4905,13.727],[100.4915,13.728],[100.492,13.727],[100.4945,13.73],[100.4965,13.728],[100.4975,13.729],[100.498,13.7285],[100.498,13.73],[100.5,13.7305],[100.5,13.731],[100.4985,13.7305],[100.499,13.732],[100.498,13.734],[100.501,13.735],[100.5015,13.736],[100.5025,13.735],[100.503,13.7365],[100.5045,13.735],[100.505,13.736],[100.506,13.7355],[100.5065,13.736],[100.509,13.7345],[100.508,13.733],[100.5075,13.735],[100.507,13.734],[100.5055,13.734],[100.506,13.733],[100.5045,13.7325],[100.5035,13.7335],[100.501,13.7325],[100.5015,13.7315],[100.503,13.731],[100.502,13.73],[100.5025,13.729],[100.501,13.7285],[100.5035,13.7285],[100.504,13.728],[100.5035,13.727],[100.506,13.7265],[100.5055,13.7255],[100.5045,13.7255],[100.5045,13.724],[100.503,13.7245],[100.5035,13.725],[100.5005,13.7245],[100.5005,13.7255],[100.498,13.725],[100.499,13.7255],[100.4965,13.7275],[100.494,13.727],[100.4935,13.7255],[100.493,13.726],[100.492,13.725],[100.4915,13.7255],[100.49,13.7225],[100.4885,13.7235],[100.488,13.723],[100.4885,13.7225],[100.486,13.7215],[100.4855,13.722],[100.4865,13.7225],[100.486,13.723],[100.4855,13.7225],[100.486,13.7235],[100.483,13.724]],[[100.4885,13.724],[100.488,13.724],[100.4875,13.724],[100.4885,13.724]],[[100.49,13.725],[100.4895,13.7245],[100.49,13.725]],[[100.491,13.7245],[100.491,13.725],[100.491,13.7245]],[[100.4945,13.728]],[[100.5015,13.728],[100.502,13.7275],[100.502,13.728],[100.5015,13.728]],[[100.5015,13.7275]],[[100.5015,13.7265],[100.5015,13.726],[100.5015,13.7265]],[[100.498,13.727]],[[100.5,13.7285]],[[100.5,13.73],[100.5,13.7295],[100.5005,13.73],[100.5,13.73]],[[100.503,13.728]],[[100.503,13.727],[100.503,13.726],[100.502,13.7255],[100.503,13.726],[100.503,13.727]],[[100.502,13.7295],[100.5015,13.7295],[100.502,13.7295]],[[100.5025,13.728],[100.502,13.728],[100.5025,13.728]],[[100.505,13.734]],[[100.5065,13.735]]],[[[100.512,13.7225],[100.5115,13.7215],[100.5105,13.7215],[100.51,13.7225],[100.512,13.7225]]],[[[100.5105,13.7215],[100.5115,13.7205],[100.5105,13.7205],[100.5105,13.7215]]],[[[100.5135,13.7225],[100.514,13.724],[100.5135,13.7255],[100.5155,13.728],[100.5145,13.7285],[100.515,13.7295],[100.514,13.729],[100.513,13.7295],[100.5135,13.731],[100.5115,13.7325],[100.5105,13.7355],[100.5085,13.7365],[100.511,13.7365],[100.5115,13.735],[100.514,13.7335],[100.5155,13.731],[100.5175,13.7325],[100.5175,13.731],[100.518,13.732],[100.519,13.7315],[100.52,13.7325],[100.5195,13.7335],[100.5205,13.7325],[100.521,13.7345],[100.522,13.734],[100.5235,13.7345],[100.5225,13.7315],[100.524,13.731],[100.523,13.73],[100.5235,13.729],[100.5245,13.73],[100.525,13.729],[100.524,13.7255],[100.5235,13.725],[100.5215,13.7255],[100.5205,13.725],[100.521,13.724],[100.519,13.7245],[100.5185,13.7235],[100.5165,13.725],[100.5155,13.724],[100.516,13.7225],[100.5145,13.722],[100.5135,13.7225]],[[100.52,13.73],[100.5185,13.728],[100.517,13.729],[100.5165,13.7275],[100.5175,13.7265],[100.519,13.7275],[100.521,13.7275],[100.522,13.729],[100.52,13.73]],[[100.5195,13.724]],[[100.5185,13.731],[100.5185,13.7315],[100.5185,13.731]],[[100.5215,13.7315],[100.5215,13.732],[100.5215,13.7315]],[[100.523,13.728],[100.523,13.7275],[100.523,13.728]]],[[[100.5075,13.738],[100.507,13.738],[100.508,13.7375],[100.5075,13.738]]],[[[100.506,13.738],[100.5025,13.739],[100.501,13.7405],[100.5005,13.7395],[100.4995,13.7395],[100.498,13.736],[100.497,13.736],[100.497,13.737],[100.4955,13.736],[100.4945,13.737],[100.495,13.738],[100.4945,13.739],[100.497,13.739],[100.4975,13.74],[100.498,13.739],[100.4995,13.7395],[100.5005,13.741],[100.5035,13.742],[100.504,13.7415],[100.504,13.7425],[100.5055,13.7415],[100.505,13.739],[100.506,13.738]]],[[[100.49,13.7465],[100.4885,13.7505],[100.4895,13.7515],[100.491,13.751],[100.491,13.752],[100.493,13.753],[100.4935,13.7545],[100.4945,13.7545],[100.4945,13.7535],[100.497,13.753],[100.4975,13.754],[100.5,13.7545],[100.5,13.7555],[100.501,13.7555],[100.5015,13.7565],[100.5025,13.756],[100.505,13.757],[100.5085,13.754],[100.5085,13.7525],[100.5095,13.7525],[100.509,13.751],[100.51,13.7505],[100.5095,13.75],[100.511,13.7495],[100.512,13.7505],[100.515,13.75],[100.5145,13.7495],[100.5175,13.746],[100.5165,13.7435],[100.515,13.7435],[100.5155,13.7445],[100.514,13.746],[100.513,13.745],[100.5125,13.746],[100.513,13.7455],[100.5135,13.7465],[100.512,13.748],[100.5075,13.747],[100.5085,13.748],[100.5075,13.7485],[100.507,13.751],[100.5055,13.752],[100.506,13.7525],[100.505,13.7535],[100.504,13.7535],[100.5035,13.7525],[100.502,13.7535],[100.5015,13.7525],[100.5,13.753],[100.5,13.752],[100.499,13.752],[100.497,13.75],[100.496,13.7505],[100.495,13.75],[100.4955,13.751],[100.495,13.7505],[100.4935,13.7515],[100.493,13.751],[100.4935,13.7495],[100.4915,13.749],[100.4935,13.748],[100.491,13.747],[100.491,13.748],[100.49,13.748],[100.49,13.7465]],[[100.4915,13.752]],[[100.4915,13.749],[100.4915,13.75],[100.49,13.75],[100.4905,13.749],[100.4915,13.749]],[[100.491,13.7475],[100.491,13.747],[100.491,13.7475]],[[100.497,13.751],[100.497,13.7505],[100.497,13.751]],[[100.5025,13.7555]],[[100.5015,13.754],[100.502,13.7535],[100.502,13.754],[100.5015,13.754]],[[100.5045,13.755],[100.5045,13.7545],[100.5045,13.755]],[[100.508,13.7495],[100.5085,13.7495],[100.5085,13.75],[100.508,13.7495]],[[100.5105,13.748]],[[100.509,13.7505],[100.5085,13.7505],[100.509,13.7505]],[[100.5145,13.747],[100.514,13.747],[100.5145,13.747]]],[[[100.5175,13.7435],[100.518,13.7455],[100.5175,13.7475],[100.5195,13.7465],[100.5195,13.7475],[100.518,13.749],[100.5195,13.749],[100.5215,13.7505],[100.522,13.75],[100.5215,13.7495],[100.523,13.7495],[100.5225,13.749],[100.523,13.7485],[100.522,13.7485],[100.5215,13.7475],[100.523,13.7465],[100.524,13.743],[100.526,13.7425],[100.526,13.7415],[100.527,13.7415],[100.5265,13.741],[100.528,13.74],[100.528,13.741],[100.5295,13.7405],[100.5295,13.739],[100.526,13.737],[100.5255,13.7375],[100.5255,13.736],[100.5235,13.7355],[100.5225,13.7365],[100.5235,13.7375],[100.5225,13.738],[100.5225,13.7395],[100.5215,13.7395],[100.522,13.7405],[100.5205,13.742],[100.5205,13.743],[100.5195,13.7435],[100.518,13.742],[100.518,13.743],[100.519,13.7435],[100.5175,13.7435]],[[100.5235,13.7375],[100.5245,13.7375],[100.524,13.7385],[100.5235,13.7375]],[[100.5195,13.7455],[100.52,13.746],[100.5195,13.746],[100.5195,13.7455]],[[100.5185,13.745],[100.519,13.745],[100.5185,13.745]],[[100.5215,13.7485]],[[100.5215,13.7465],[100.521,13.746],[100.522,13.746],[100.5215,13.7465]],[[100.5205,13.7455],[100.522,13.745],[100.521,13.7455],[100.5205,13.7455]],[[100.5205,13.743],[100.521,13.7435],[100.5205,13.7435],[100.5205,13.743]],[[100.5205,13.7485]],[[100.5225,13.7425],[100.5225,13.743],[100.5225,13.7425]],[[100.523,13.7385]],[[100.5265,13.739]],[[100.529,13.7405],[100.5295,13.7405],[100.529,13.7405]]],[[[100.523,13.749],[100.523,13.75],[100.5235,13.75],[100.5235,13.7495],[100.523,13.749]]],[[[100.524,13.75],[100.5225,13.751],[100.5235,13.7515],[100.5225,13.7515],[100.5215,13.753],[100.5235,13.754],[100.522,13.7565],[100.524,13.7575],[100.526,13.756],[100.5255,13.757],[100.527,13.7585],[100.53,13.757],[100.53,13.756],[100.529,13.757],[100.5265,13.7555],[100.5255,13.756],[100.5255,13.755],[100.5265,13.7545],[100.526,13.753],[100.5245,13.753],[100.5255,13.7525],[100.5255,13.7515],[100.5265,13.7515],[100.5265,13.75],[100.5245,13.7495],[100.524,13.75]],[[100.5235,13.7555]],[[100.527,13.7575]],[[100.526,13.751]],[[100.5245,13.7505],[100.524,13.7505],[100.5245,13.7505]]],[[[100.529,13.7585],[100.525,13.7605],[100.5245,13.762],[100.526,13.763],[100.528,13.7615],[100.529,13.765],[100.5275,13.765],[100.5275,13.766],[100.53,13.766],[100.5305,13.767],[100.53,13.769],[100.532,13.7685],[100.5325,13.77],[100.5335,13.7695],[100.533,13.7705],[100.5345,13.77],[100.535,13.771],[100.5365,13.77],[100.537,13.771],[100.538,13.769],[100.5375,13.7675],[100.536,13.7685],[100.535,13.767],[100.5345,13.768],[100.533,13.7675],[100.533,13.7665],[100.532,13.7665],[100.5325,13.7655],[100.532,13.7645],[100.531,13.765],[100.5305,13.7645],[100.5315,13.7635],[100.5305,13.761],[100.5295,13.7615],[100.528,13.7605],[100.529,13.76],[100.5275,13.76],[100.529,13.7585]],[[100.5305,13.7635],[100.53,13.7625],[100.5305,13.7635]],[[100.526,13.761]],[[100.5285,13.7615]],[[100.529,13.7615]],[[100.5335,13.7685],[100.534,13.7685],[100.5345,13.769],[100.534,13.769],[100.5335,13.7685]],[[100.5355,13.769],[100.535,13.7695],[100.5355,13.769]]],[[[100.5375,13.772],[100.5385,13.7745],[100.54,13.7735],[100.539,13.7735],[100.5375,13.772]]],[[[100.5385,13.774],[100.538,13.774],[100.5385,13.7755],[100.5375,13.776],[100.538,13.7765],[100.537,13.7775],[100.5375,13.7785],[100.5365,13.7795],[100.5385,13.78],[100.539,13.781],[100.538,13.7815],[100.538,13.7825],[100.5395,13.784],[100.539,13.7855],[100.541,13.786],[100.541,13.7875],[100.5395,13.7865],[100.539,13.788],[100.5395,13.7885],[100.5385,13.7895],[100.5405,13.79],[100.541,13.789],[100.5415,13.7905],[100.541,13.7915],[100.543,13.7915],[100.543,13.7925],[100.5435,13.792],[100.5455,13.7945],[100.545,13.7945],[100.5455,13.796],[100.546,13.7955],[100.5455,13.7945],[100.547,13.794],[100.546,13.791],[100.545,13.7905],[100.5455,13.7895],[100.544,13.788],[100.543,13.7905],[100.5425,13.789],[100.5415,13.7885],[100.542,13.785],[100.5415,13.7855],[100.541,13.7845],[100.541,13.785],[100.5395,13.7845],[100.5405,13.784],[100.54,13.783],[100.541,13.782],[100.5405,13.7815],[100.5415,13.782],[100.542,13.7815],[100.5405,13.7805],[100.5415,13.78],[100.5395,13.7775],[100.5405,13.7765],[100.5385,13.775],[100.5385,13.774]],[[100.5385,13.7775],[100.539,13.778],[100.5385,13.7775]],[[100.5385,13.776],[100.539,13.7765],[100.5385,13.776]],[[100.539,13.781]],[[100.541,13.788],[100.5405,13.788],[100.541,13.788]],[[100.5465,13.793]]],[[[100.5435,13.7965],[100.5425,13.795],[100.5425,13.797],[100.5465,13.7965],[100.5435,13.7965]]],[[[100.541,13.7975],[100.54,13.7945],[100.539,13.7955],[100.5395,13.7975],[100.539,13.796],[100.5375,13.7975],[100.536,13.7945],[100.535,13.795],[100.5365,13.7975],[100.535,13.7985],[100.537,13.798],[100.536,13.799],[100.537,13.7995],[100.537,13.798],[100.538,13.7975],[100.54,13.7985],[100.5405,13.8],[100.5415,13.7995],[100.5405,13.7975],[100.541,13.7975]],[[100.5405,13.7975]]],[[[100.536,13.799]]],[[[100.536,13.799]]],[[[100.536,13.799]]],[[[100.536,13.799]]],[[[100.536,13.799],[100.534,13.8],[100.5335,13.7995],[100.5345,13.7985],[100.532,13.798],[100.531,13.7985],[100.531,13.7995],[100.5285,13.8],[100.528,13.799],[100.527,13.799],[100.526,13.8],[100.5265,13.801],[100.5255,13.8005],[100.525,13.801],[100.5235,13.7995],[100.523,13.8],[100.522,13.7995],[100.5215,13.7975],[100.52,13.799],[100.521,13.8],[100.5205,13.7995],[100.518,13.8015],[100.5195,13.802],[100.518,13.802],[100.5185,13.803],[100.5195,13.803],[100.5195,13.804],[100.52,13.802],[100.521,13.802],[100.5215,13.801],[100.524,13.804],[100.526,13.804],[100.529,13.8015],[100.5305,13.804],[100.532,13.801],[100.533,13.801],[100.533,13.802],[100.534,13.801],[100.536,13.802],[100.536,13.799]],[[100.524,13.803],[100.5235,13.803],[100.524,13.803]],[[100.531,13.8005],[100.53,13.8005],[100.531,13.8005]],[[100.5255,13.802],[100.525,13.8015],[100.5255,13.8015],[100.5255,13.802]],[[100.5245,13.8025],[100.5245,13.802],[100.5245,13.8025]],[[100.5265,13.802]],[[100.532,13.7995],[100.5325,13.7995],[100.532,13.7995]],[[100.5335,13.799]],[[100.5355,13.8005],[100.535,13.8],[100.5355,13.8],[100.5355,13.8005]]],[[[100.519,13.8075],[100.5185,13.809],[100.5215,13.8105],[100.5215,13.812],[100.5235,13.8095],[100.5255,13.81],[100.525,13.8105],[100.5255,13.812],[100.526,13.8125],[100.5265,13.812],[100.5265,13.814],[100.5275,13.8135],[100.527,13.814],[100.5275,13.815],[100.526,13.8145],[100.5255,13.816],[100.5265,13.8165],[100.5255,13.8165],[100.525,13.818],[100.5265,13.8185],[100.5275,13.818],[100.5275,13.817],[100.529,13.8175],[100.5285,13.816],[100.5295,13.815],[100.53,13.8155],[100.5315,13.8135],[100.5305,13.812],[100.5275,13.8105],[100.527,13.8095],[100.5275,13.8085],[100.526,13.8085],[100.5255,13.807],[100.5245,13.808],[100.5245,13.807],[100.523,13.807],[100.5215,13.8085],[100.521,13.8075],[100.52,13.808],[100.519,13.8075]],[[100.5235,13.8085]],[[100.52,13.8085],[100.5205,13.8085],[100.5205,13.809],[100.52,13.8085]],[[100.5275,13.8135],[100.5295,13.813],[100.529,13.814],[100.5275,13.8135]],[[100.5275,13.811],[100.527,13.811],[100.5275,13.811]],[[100.528,13.8115]]],[[[100.5275,13.819],[100.525,13.8185],[100.526,13.819],[100.5255,13.82],[100.5245,13.8195],[100.524,13.82],[100.524,13.821],[100.528,13.823],[100.527,13.821],[100.5285,13.8205],[100.5265,13.8195],[100.5275,13.819]],[[100.5265,13.821],[100.527,13.8215],[100.5265,13.821]],[[100.526,13.821],[100.5255,13.821],[100.526,13.821]]],[[[100.5295,13.823],[100.5275,13.823],[100.5275,13.824],[100.5225,13.823],[100.522,13.824],[100.523,13.825],[100.5225,13.826],[100.5235,13.826],[100.524,13.827],[100.5225,13.8285],[100.5235,13.829],[100.5255,13.8265],[100.525,13.825],[100.526,13.8255],[100.527,13.825],[100.528,13.826],[100.528,13.825],[100.53,13.8255],[100.5305,13.8245],[100.5315,13.8245],[100.5295,13.823]],[[100.524,13.824],[100.5245,13.824],[100.524,13.8235],[100.524,13.824]],[[100.5255,13.825]],[[100.525,13.8245]]],[[[100.5255,13.827]]],[[[100.5255,13.827]]],[[[100.5255,13.827]]],[[[100.5255,13.827]]],[[[100.5255,13.827],[100.525,13.827],[100.5255,13.827]]],[[[100.525,13.827]]],[[[100.525,13.827]]],[[[100.525,13.827]]],[[[100.525,13.827]]],[[[100.525,13.827]]],[[[100.525,13.827]]],[[[100.525,13.8275],[100.523,13.8295],[100.522,13.829],[100.522,13.828],[100.52,13.8285],[100.5205,13.829],[100.52,13.8305],[100.5215,13.8305],[100.52,13.8325],[100.519,13.8325],[100.519,13.8335],[100.5175,13.834],[100.518,13.835],[100.519,13.8345],[100.5205,13.835],[100.519,13.838],[100.5205,13.8385],[100.5215,13.838],[100.5215,13.836],[100.523,13.8365],[100.524,13.836],[100.524,13.835],[100.526,13.8355],[100.5265,13.8365],[100.5305,13.8335],[100.531,13.8345],[100.532,13.834],[100.532,13.833],[100.531,13.8325],[100.53,13.833],[100.5305,13.8315],[100.53,13.831],[100.529,13.832],[100.5295,13.833],[100.528,13.8335],[100.5285,13.8345],[100.5265,13.834],[100.5235,13.8345],[100.5235,13.8335],[100.523,13.8345],[100.522,13.834],[100.5205,13.832],[100.5215,13.8315],[100.521,13.832],[100.5215,13.8325],[100.5225,13.8305],[100.5245,13.831],[100.524,13.8305],[100.5255,13.829],[100.5245,13.8285],[100.525,13.8275]],[[100.5235,13.835],[100.523,13.835],[100.5235,13.8345],[100.5235,13.835]],[[100.522,13.835],[100.5215,13.835],[100.522,13.835]],[[100.523,13.8305],[100.5225,13.8305],[100.523,13.83],[100.523,13.8305]],[[100.526,13.835],[100.5265,13.835],[100.526,13.835]]],[[[100.5175,13.835],[100.517,13.832],[100.5165,13.8335],[100.5155,13.8325],[100.514,13.8335],[100.514,13.835],[100.513,13.8355],[100.5135,13.836],[100.514,13.835],[100.5145,13.8365],[100.5155,13.8365],[100.517,13.8345],[100.5175,13.835]]],[[[100.513,13.836],[100.5125,13.8345],[100.5105,13.834],[100.509,13.8385],[100.508,13.8385],[100.5075,13.84],[100.508,13.843],[100.507,13.8435],[100.5065,13.843],[100.506,13.844],[100.507,13.8445],[100.507,13.8455],[100.5075,13.845],[100.5085,13.847],[100.509,13.8435],[100.51,13.843],[100.5095,13.841],[100.5105,13.8415],[100.511,13.841],[100.5095,13.839],[100.51,13.838],[100.5105,13.8385],[100.5125,13.838],[100.512,13.837],[100.513,13.836]],[[100.509,13.8425],[100.509,13.843],[100.509,13.8425]],[[100.509,13.8415],[100.509,13.841],[100.509,13.8415]],[[100.508,13.8445]],[[100.508,13.845]],[[100.5095,13.842]],[[100.5115,13.836],[100.5115,13.8355],[100.5115,13.836]]],[[[100.5095,13.846]]],[[[100.5095,13.846]]],[[[100.5095,13.846]]],[[[100.5095,13.846]]],[[[100.51,13.847],[100.5095,13.8475],[100.5085,13.8465],[100.507,13.847],[100.507,13.848],[100.507,13.8475],[100.506,13.848],[100.5065,13.849],[100.5055,13.849],[100.5045,13.851],[100.5055,13.851],[100.506,13.8525],[100.509,13.8515],[100.509,13.8505],[100.508,13.8505],[100.509,13.8495],[100.5095,13.85],[100.509,13.8485],[100.51,13.847]],[[100.5075,13.848],[100.508,13.848],[100.508,13.849],[100.5075,13.849],[100.5075,13.848]]],[[[100.51,13.8515],[100.509,13.855],[100.5075,13.8555],[100.5085,13.8565],[100.5095,13.8565],[100.5105,13.855],[100.5115,13.8565],[100.511,13.8545],[100.512,13.854],[100.513,13.8545],[100.5125,13.857],[100.513,13.858],[100.5135,13.8565],[100.518,13.8575],[100.519,13.8565],[100.5195,13.8575],[100.52,13.856],[100.5205,13.8565],[100.5215,13.856],[100.522,13.857],[100.5235,13.857],[100.5225,13.857],[100.522,13.858],[100.523,13.8585],[100.5245,13.8575],[100.525,13.8585],[100.5225,13.861],[100.523,13.8615],[100.5225,13.865],[100.524,13.8655],[100.5225,13.8655],[100.523,13.866],[100.52,13.868],[100.5215,13.868],[100.5225,13.869],[100.5195,13.868],[100.5195,13.869],[100.5185,13.8695],[100.519,13.871],[100.5185,13.8715],[100.5195,13.8715],[100.5195,13.87],[100.52,13.8725],[100.5215,13.8705],[100.5215,13.872],[100.5225,13.872],[100.5225,13.873],[100.5215,13.873],[100.5215,13.8745],[100.5205,13.875],[100.52,13.8765],[100.5205,13.877],[100.5195,13.8775],[100.5195,13.8795],[100.5205,13.8795],[100.5215,13.8775],[100.5225,13.8775],[100.5245,13.875],[100.524,13.8725],[100.5265,13.8725],[100.524,13.87],[100.523,13.87],[100.523,13.869],[100.5245,13.868],[100.523,13.867],[100.525,13.8655],[100.5245,13.862],[100.526,13.8615],[100.529,13.8585],[100.5275,13.858],[100.527,13.8565],[100.5245,13.856],[100.524,13.8565],[100.524,13.855],[100.5225,13.8545],[100.5235,13.8545],[100.5235,13.8535],[100.522,13.8535],[100.522,13.8525],[100.5205,13.8535],[100.52,13.8515],[100.5185,13.851],[100.518,13.849],[100.52,13.8505],[100.5205,13.85],[100.5195,13.8485],[100.5205,13.849],[100.5205,13.848],[100.521,13.8485],[100.521,13.847],[100.519,13.845],[100.52,13.844],[100.5195,13.8425],[100.5205,13.843],[100.521,13.8425],[100.52,13.842],[100.521,13.8405],[100.5205,13.8395],[100.518,13.839],[100.5185,13.8395],[100.5175,13.8405],[100.518,13.841],[100.5165,13.842],[100.515,13.8415],[100.5125,13.842],[100.514,13.8435],[100.513,13.845],[100.514,13.846],[100.515,13.8425],[100.5185,13.843],[100.519,13.8455],[100.518,13.8475],[100.517,13.8475],[100.518,13.849],[100.518,13.8515],[100.52,13.854],[100.5195,13.8555],[100.518,13.856],[100.5185,13.855],[100.5165,13.8545],[100.5175,13.854],[100.5175,13.853],[100.515,13.8535],[100.5145,13.852],[100.513,13.853],[100.5125,13.852],[100.5115,13.8525],[100.511,13.8515],[100.51,13.8515]],[[100.5155,13.8565],[100.516,13.8565],[100.5155,13.8565]],[[100.5145,13.8535],[100.5145,13.854],[100.5145,13.8535]],[[100.514,13.8445]],[[100.5145,13.8425]],[[100.5135,13.8535],[100.5135,13.854],[100.5135,13.8535]],[[100.5205,13.855],[100.521,13.855],[100.521,13.8555],[100.5205,13.855]],[[100.5165,13.857],[100.517,13.8565],[100.517,13.857],[100.5165,13.857]],[[100.5165,13.8545],[100.5165,13.855],[100.5165,13.8545]],[[100.5165,13.856]],[[100.5195,13.8475],[100.519,13.848],[100.519,13.8475],[100.5195,13.8475]],[[100.5185,13.847]],[[100.5185,13.8435],[100.519,13.844],[100.5185,13.8435]],[[100.5185,13.841]],[[100.5175,13.8475]],[[100.518,13.856],[100.5175,13.8565],[100.518,13.856]],[[100.5175,13.855],[100.5175,13.8555],[100.5175,13.855]],[[100.5185,13.842],[100.518,13.842],[100.5185,13.842]],[[100.522,13.8765],[100.522,13.876],[100.5225,13.876],[100.522,13.8765]],[[100.5225,13.87]],[[100.5205,13.869],[100.521,13.8695],[100.5205,13.8695],[100.5205,13.869]],[[100.52,13.8695]],[[100.5215,13.876]],[[100.5235,13.8565],[100.523,13.8565],[100.5235,13.8565]],[[100.5225,13.8565]],[[100.5235,13.862]],[[100.5275,13.859]],[[100.5255,13.859],[100.5255,13.8595],[100.5255,13.859]],[[100.526,13.8605],[100.526,13.86],[100.526,13.8605]]],[[[100.5025,13.859],[100.501,13.859],[100.502,13.86],[100.5025,13.859]]],[[[100.5005,13.859],[100.4995,13.859],[100.4995,13.858],[100.4985,13.8575],[100.498,13.86],[100.4965,13.8595],[100.496,13.8605],[100.496,13.8595],[100.4945,13.86],[100.495,13.861],[100.4985,13.8625],[100.499,13.861],[100.5,13.8615],[100.4995,13.86],[100.5005,13.859]],[[100.4985,13.861]],[[100.4995,13.86],[100.499,13.86],[100.4995,13.86]]],[[[100.4945,13.861],[100.494,13.8595],[100.4955,13.858],[100.495,13.8575],[100.494,13.858],[100.4935,13.856],[100.4915,13.8565],[100.4905,13.859],[100.4935,13.86],[100.493,13.861],[100.494,13.8625],[100.4935,13.8615],[100.4945,13.861]],[[100.4925,13.8575],[100.4925,13.857],[100.4925,13.8565],[100.493,13.8565],[100.4925,13.8575]],[[100.4935,13.858]]],[[[100.4905,13.863],[100.49,13.861],[100.4885,13.861],[100.489,13.8605],[100.488,13.86],[100.488,13.8615],[100.487,13.861],[100.487,13.863],[100.486,13.8625],[100.485,13.8635],[100.4855,13.8645],[100.4865,13.8645],[100.486,13.8655],[100.487,13.8655],[100.487,13.8665],[100.4885,13.866],[100.488,13.868],[100.4895,13.8675],[100.489,13.8655],[100.4895,13.865],[100.4885,13.864],[100.49,13.8625],[100.4905,13.863]],[[100.4895,13.862],[100.489,13.862],[100.4895,13.862]]],[[[100.488,13.868]]],[[[100.487,13.869],[100.4855,13.869],[100.486,13.8695],[100.487,13.869]]],[[[100.4855,13.869],[100.4865,13.868],[100.486,13.8675],[100.484,13.8675],[100.4845,13.869],[100.485,13.8685],[100.4855,13.869]]],[[[100.484,13.8675],[100.4855,13.866],[100.4845,13.8655],[100.484,13.864],[100.4825,13.864],[100.483,13.863],[100.482,13.862],[100.482,13.8635],[100.479,13.865],[100.4795,13.8665],[100.48,13.8675],[100.481,13.8675],[100.482,13.8655],[100.484,13.8675]],[[100.481,13.866],[100.4805,13.866],[100.481,13.866]],[[100.4815,13.865],[100.481,13.865],[100.4815,13.865]],[[100.48,13.8645]],[[100.4835,13.8655]]],[[[100.479,13.869],[100.479,13.8695],[100.479,13.869]]],[[[100.475,13.87],[100.4745,13.8685],[100.4735,13.8685],[100.4735,13.8695],[100.472,13.869],[100.4735,13.8685],[100.4725,13.8685],[100.4725,13.867],[100.4705,13.866],[100.4695,13.866],[100.4695,13.867],[100.4685,13.8675],[100.47,13.868],[100.4675,13.8685],[100.474,13.87],[100.4735,13.8715],[100.472,13.871],[100.4725,13.8715],[100.472,13.8725],[100.4715,13.8715],[100.4705,13.8715],[100.4705,13.874],[100.4715,13.875],[100.473,13.875],[100.4735,13.8735],[100.474,13.874],[100.4745,13.8735],[100.4745,13.8705],[100.4775,13.871],[100.4745,13.8705],[100.475,13.87]],[[100.471,13.8685],[100.471,13.868],[100.471,13.8685]],[[100.4735,13.8715]]],[[[100.4655,13.869],[100.462,13.8685],[100.461,13.8705],[100.4595,13.8695],[100.46,13.871],[100.459,13.8705],[100.459,13.871],[100.46,13.8715],[100.4585,13.872],[100.4605,13.8725],[100.4645,13.8705],[100.464,13.8695],[100.4655,13.869]],[[100.463,13.87],[100.4625,13.87],[100.463,13.87]]],[[[100.4575,13.873],[100.458,13.8715],[100.456,13.8725],[100.4555,13.8715],[100.4555,13.873],[100.4545,13.8725],[100.454,13.8735],[100.455,13.8745],[100.4525,13.8755],[100.4515,13.875],[100.451,13.871],[100.45,13.8745],[100.4505,13.875],[100.451,13.8745],[100.451,13.8755],[100.452,13.876],[100.4575,13.873]],[[100.452,13.8755],[100.4515,13.8755],[100.452,13.8755]],[[100.4565,13.873],[100.4565,13.8735],[100.4565,13.873]]],[[[100.448,13.8735],[100.4485,13.873],[100.447,13.8715],[100.4475,13.871],[100.445,13.871],[100.4445,13.872],[100.4435,13.8715],[100.443,13.8725],[100.4435,13.873],[100.4425,13.874],[100.444,13.8735],[100.444,13.8745],[100.445,13.875],[100.4455,13.874],[100.4445,13.873],[100.446,13.8735],[100.447,13.8725],[100.448,13.8735]],[[100.4465,13.8725],[100.447,13.8725],[100.4465,13.8725]],[[100.4455,13.872]],[[100.4465,13.872],[100.4465,13.8715],[100.4465,13.872]]],[[[100.4395,13.8745],[100.4395,13.8735],[100.438,13.8735],[100.4395,13.8745]]],[[[100.437,13.8705],[100.4395,13.871],[100.4405,13.87],[100.4375,13.869],[100.438,13.866],[100.437,13.8665],[100.4365,13.869],[100.4375,13.8695],[100.437,13.8705]]],[[[100.4335,13.871],[100.434,13.87],[100.4325,13.8705],[100.433,13.8695],[100.432,13.8685],[100.4295,13.871],[100.431,13.8715],[100.43,13.872],[100.431,13.8735],[100.4325,13.8735],[100.432,13.8745],[100.4335,13.873],[100.4325,13.8735],[100.432,13.872],[100.433,13.8705],[100.4335,13.871]],[[100.4315,13.8715]]],[[[100.4335,13.873]]],[[[100.4295,13.874],[100.4285,13.872],[100.428,13.874],[100.4265,13.8745],[100.4275,13.8725],[100.4265,13.872],[100.4265,13.871],[100.425,13.8705],[100.4245,13.8715],[100.424,13.871],[100.4255,13.8695],[100.424,13.8685],[100.424,13.869],[100.422,13.8685],[100.4225,13.869],[100.4215,13.8695],[100.4225,13.87],[100.4205,13.8715],[100.422,13.8715],[100.421,13.8715],[100.421,13.873],[100.422,13.8735],[100.423,13.8715],[100.424,13.8715],[100.4255,13.8745],[100.4295,13.874]],[[100.425,13.873],[100.4255,13.8725],[100.426,13.8725],[100.4255,13.873],[100.425,13.873]],[[100.425,13.872]],[[100.424,13.8695],[100.424,13.87],[100.424,13.8695]]],[[[100.418,13.8705],[100.4165,13.8695],[100.4145,13.8695],[100.414,13.8705],[100.4145,13.8725],[100.415,13.871],[100.416,13.8705],[100.417,13.871],[100.4175,13.87],[100.418,13.8705]]],[[[100.4125,13.8735],[100.41,13.871],[100.4095,13.872],[100.4085,13.8715],[100.408,13.872],[100.408,13.8735],[100.4035,13.875],[100.404,13.876],[100.4025,13.877],[100.403,13.8775],[100.401,13.88],[100.4015,13.881],[100.401,13.8825],[100.4,13.8825],[100.4005,13.8835],[100.3995,13.884],[100.4005,13.884],[100.4015,13.8855],[100.4035,13.8855],[100.4025,13.886],[100.403,13.8865],[100.4045,13.8865],[100.403,13.8875],[100.4035,13.888],[100.404,13.8875],[100.404,13.8885],[100.402,13.8895],[100.4035,13.89],[100.403,13.891],[100.402,13.8905],[100.4025,13.8935],[100.4015,13.895],[100.4035,13.8945],[100.404,13.8935],[100.407,13.894],[100.406,13.892],[100.4055,13.8925],[100.406,13.893],[100.404,13.893],[100.4045,13.891],[100.4055,13.8915],[100.405,13.89],[100.406,13.8895],[100.406,13.8885],[100.4065,13.888],[100.4075,13.8885],[100.4075,13.8875],[100.408,13.888],[100.4075,13.8875],[100.408,13.8865],[100.407,13.885],[100.406,13.886],[100.405,13.8845],[100.4055,13.8835],[100.4045,13.884],[100.4045,13.883],[100.404,13.8835],[100.403,13.882],[100.4045,13.881],[100.4035,13.8805],[100.4045,13.8805],[100.406,13.8765],[100.4065,13.877],[100.407,13.876],[100.409,13.876],[100.4075,13.876],[100.408,13.874],[100.4085,13.875],[100.41,13.874],[100.41,13.876],[100.4105,13.875],[100.4115,13.876],[100.411,13.8765],[100.413,13.8755],[100.4125,13.8775],[100.4115,13.878],[100.412,13.8785],[100.4105,13.879],[100.412,13.8795],[100.412,13.8805],[100.4105,13.88],[100.4115,13.8805],[100.411,13.8815],[100.4125,13.884],[100.4095,13.886],[100.4105,13.887],[100.412,13.887],[100.4115,13.8875],[100.412,13.889],[100.4115,13.8885],[100.4105,13.891],[100.412,13.8905],[100.4125,13.8915],[100.4135,13.8915],[100.414,13.89],[100.4135,13.889],[100.4155,13.888],[100.414,13.887],[100.4135,13.8855],[100.4125,13.8865],[100.412,13.8855],[100.413,13.884],[100.414,13.8845],[100.415,13.882],[100.4145,13.8815],[100.4155,13.8815],[100.415,13.8805],[100.416,13.88],[100.412,13.879],[100.4135,13.8775],[100.4145,13.878],[100.416,13.8775],[100.417,13.8785],[100.416,13.879],[100.416,13.88],[100.4205,13.881],[100.421,13.878],[100.4225,13.8785],[100.423,13.877],[100.425,13.8765],[100.424,13.876],[100.4245,13.8765],[100.423,13.877],[100.423,13.8755],[100.42,13.876],[100.418,13.8785],[100.4165,13.876],[100.416,13.8765],[100.4145,13.8745],[100.4125,13.8745],[100.4125,13.8735]],[[100.412,13.8835]],[[100.4045,13.878],[100.4045,13.8785],[100.4045,13.878]],[[100.402,13.885],[100.402,13.8845],[100.402,13.885]],[[100.406,13.8865],[100.4065,13.887],[100.406,13.8865]],[[100.4065,13.886],[100.4065,13.8855],[100.4065,13.886]],[[100.409,13.873]],[[100.4115,13.8735],[100.411,13.8735],[100.4115,13.8735]],[[100.4145,13.875],[100.4145,13.8755],[100.414,13.875],[100.4145,13.875]],[[100.4215,13.876]],[[100.4145,13.881],[100.415,13.8805],[100.4145,13.881]],[[100.414,13.887],[100.414,13.8875],[100.413,13.8875],[100.414,13.887]],[[100.414,13.8885],[100.4125,13.889],[100.4125,13.8885],[100.414,13.8885]]],[[[100.4075,13.895],[100.4065,13.8945],[100.4065,13.8955],[100.4075,13.895]]],[[[100.4065,13.8965],[100.407,13.8985],[100.4055,13.897],[100.4065,13.899],[100.405,13.899],[100.4045,13.9],[100.407,13.9015],[100.4075,13.9],[100.407,13.902],[100.408,13.902],[100.4085,13.901],[100.408,13.8995],[100.4105,13.899],[100.4115,13.898],[100.4095,13.898],[100.411,13.8975],[100.4115,13.894],[100.4105,13.894],[100.4105,13.896],[100.4085,13.8975],[100.409,13.8985],[100.4085,13.899],[100.4075,13.899],[100.4075,13.8965],[100.407,13.897],[100.4065,13.8965]]],[[[100.425,13.8755],[100.426,13.8765],[100.4255,13.8775],[100.426,13.879],[100.427,13.8765],[100.427,13.877],[100.429,13.8765],[100.425,13.8755]],[[100.426,13.8765]]],[[[100.429,13.8775],[100.4285,13.878],[100.4295,13.879],[100.428,13.879],[100.4285,13.88],[100.43,13.8795],[100.429,13.8805],[100.4295,13.881],[100.429,13.882],[100.431,13.88],[100.432,13.8805],[100.4305,13.8815],[100.4325,13.883],[100.433,13.8855],[100.434,13.882],[100.4335,13.8825],[100.431,13.8795],[100.432,13.8785],[100.431,13.878],[100.43,13.8785],[100.43,13.877],[100.429,13.8775]]],[[[100.435,13.8815],[100.4355,13.8835],[100.4365,13.8835],[100.436,13.884],[100.437,13.884],[100.437,13.883],[100.4385,13.8825],[100.4375,13.8805],[100.4385,13.8805],[100.438,13.8815],[100.44,13.8815],[100.4385,13.8785],[100.437,13.8785],[100.436,13.8815],[100.4355,13.881],[100.435,13.8815]],[[100.438,13.8795],[100.438,13.879],[100.438,13.8795]]],[[[100.4385,13.8785],[100.4385,13.878],[100.4385,13.8785]]],[[[100.439,13.877],[100.4405,13.8775],[100.4395,13.878],[100.44,13.8785],[100.442,13.8795],[100.4425,13.879],[100.4425,13.88],[100.446,13.881],[100.4455,13.882],[100.4445,13.8815],[100.445,13.884],[100.4465,13.8825],[100.447,13.8835],[100.448,13.883],[100.4485,13.8815],[100.4515,13.882],[100.452,13.8805],[100.453,13.8805],[100.4535,13.8795],[100.452,13.878],[100.4515,13.8785],[100.452,13.879],[100.451,13.8795],[100.451,13.8785],[100.45,13.8785],[100.451,13.8775],[100.45,13.878],[100.4485,13.8775],[100.4495,13.8805],[100.448,13.879],[100.4465,13.881],[100.444,13.879],[100.4455,13.8775],[100.444,13.878],[100.4425,13.8765],[100.439,13.877]],[[100.4415,13.877],[100.4415,13.8775],[100.4415,13.877]],[[100.4425,13.8775],[100.442,13.877],[100.4425,13.877],[100.4425,13.8775]],[[100.4475,13.881],[100.448,13.881],[100.4475,13.881]],[[100.45,13.881]],[[100.4515,13.881]],[[100.452,13.879],[100.4525,13.8795],[100.452,13.88],[100.452,13.879]]],[[[100.453,13.878],[100.453,13.879],[100.454,13.879],[100.453,13.878]]],[[[100.454,13.8785],[100.456,13.8785],[100.4565,13.877],[100.454,13.877],[100.4545,13.8775],[100.454,13.8785]]],[[[100.4585,13.876],[100.459,13.8765],[100.4575,13.877],[100.4585,13.8775],[100.459,13.879],[100.4605,13.8775],[100.46,13.8765],[100.4615,13.876],[100.4595,13.8755],[100.4625,13.874],[100.462,13.8735],[100.461,13.874],[100.461,13.873],[100.4595,13.8755],[100.458,13.875],[100.4585,13.876]]],[[[100.4625,13.8735],[100.4625,13.8755],[100.464,13.877],[100.465,13.876],[100.466,13.8775],[100.4665,13.8755],[100.4665,13.8765],[100.469,13.8755],[100.4695,13.877],[100.4705,13.8755],[100.4695,13.8735],[100.466,13.874],[100.465,13.8735],[100.465,13.8725],[100.4645,13.8745],[100.4635,13.874],[100.464,13.8735],[100.463,13.872],[100.4625,13.8735]],[[100.4655,13.8755]]],[[[100.4785,13.8715],[100.479,13.873],[100.478,13.873],[100.478,13.8745],[100.4795,13.8745],[100.4785,13.8765],[100.48,13.876],[100.4805,13.877],[100.4825,13.8765],[100.4815,13.8775],[100.4835,13.8775],[100.484,13.8785],[100.485,13.8765],[100.484,13.876],[100.4845,13.875],[100.487,13.8745],[100.4855,13.874],[100.486,13.8725],[100.484,13.873],[100.483,13.872],[100.4845,13.8735],[100.483,13.8745],[100.4825,13.876],[100.481,13.874],[100.4795,13.8735],[100.48,13.873],[100.4785,13.8715]],[[100.481,13.876]],[[100.484,13.8765],[100.4845,13.8765],[100.484,13.8765]],[[100.4835,13.876],[100.4835,13.8755],[100.4835,13.876]],[[100.484,13.876]],[[100.4835,13.875]]],[[[100.486,13.8715],[100.487,13.874],[100.4875,13.8725],[100.4865,13.871],[100.486,13.8715]]],[[[100.4865,13.871]]],[[[100.4865,13.8705],[100.487,13.871],[100.488,13.8695],[100.489,13.8705],[100.4885,13.872],[100.49,13.8725],[100.4905,13.8695],[100.491,13.8705],[100.492,13.87],[100.4905,13.8685],[100.491,13.869],[100.4905,13.8695],[100.4885,13.869],[100.4865,13.8705]]],[[[100.4905,13.8685]]],[[[100.4905,13.8685]]],[[[100.4905,13.8685]]],[[[100.4905,13.8685]]],[[[100.4905,13.8685]]],[[[100.4905,13.8685]]],[[[100.491,13.868],[100.492,13.869],[100.4945,13.868],[100.494,13.867],[100.4955,13.869],[100.4975,13.8675],[100.4995,13.8685],[100.5005,13.865],[100.5015,13.865],[100.5015,13.8635],[100.5005,13.8645],[100.4995,13.864],[100.5,13.865],[100.498,13.865],[100.4985,13.8665],[100.4965,13.867],[100.495,13.8655],[100.491,13.868]],[[100.4925,13.8675]],[[100.4955,13.8665],[100.4955,13.867],[100.4955,13.8665]]],[[[100.502,13.8655],[100.5015,13.866],[100.502,13.868],[100.503,13.8685],[100.5035,13.868],[100.5025,13.866],[100.5045,13.867],[100.505,13.866],[100.5045,13.8645],[100.5055,13.865],[100.506,13.864],[100.5075,13.8645],[100.5075,13.8635],[100.5085,13.8635],[100.5085,13.8645],[100.5095,13.8645],[100.5095,13.8655],[100.5105,13.866],[100.5115,13.864],[100.512,13.865],[100.513,13.8645],[100.514,13.8655],[100.5135,13.8665],[100.515,13.8675],[100.5135,13.868],[100.5135,13.8695],[100.5125,13.869],[100.5125,13.8705],[100.5135,13.8715],[100.5125,13.872],[100.513,13.8735],[100.512,13.874],[100.513,13.874],[100.512,13.875],[100.511,13.8745],[100.5105,13.8765],[100.5115,13.8765],[100.5105,13.8765],[100.51,13.8785],[100.509,13.878],[100.5095,13.8795],[100.511,13.879],[100.512,13.8795],[100.5115,13.88],[100.512,13.881],[100.513,13.881],[100.5115,13.8815],[100.513,13.882],[100.5115,13.8825],[100.509,13.882],[100.5085,13.8835],[100.509,13.884],[100.507,13.8845],[100.5065,13.8855],[100.5075,13.8875],[100.506,13.8875],[100.5065,13.8885],[100.505,13.8895],[100.506,13.8895],[100.5065,13.8905],[100.507,13.8895],[100.5075,13.89],[100.506,13.8905],[100.505,13.892],[100.503,13.8925],[100.5015,13.8945],[100.5005,13.8945],[100.5005,13.8955],[100.499,13.8955],[100.4995,13.8975],[100.4985,13.897],[100.4975,13.8975],[100.5,13.898],[100.498,13.8985],[100.4985,13.8995],[100.4995,13.8995],[100.499,13.9005],[100.5,13.901],[100.4995,13.9015],[100.5015,13.902],[100.501,13.9035],[100.502,13.904],[100.5005,13.9055],[100.5,13.9045],[100.499,13.9045],[100.499,13.9055],[100.498,13.905],[100.5,13.909],[100.499,13.9085],[100.498,13.911],[100.5,13.911],[100.5005,13.9105],[100.5,13.91],[100.501,13.9095],[100.501,13.9115],[100.503,13.912],[100.5035,13.9115],[100.5025,13.91],[100.5045,13.9095],[100.501,13.909],[100.5015,13.906],[100.502,13.9055],[100.5025,13.906],[100.5025,13.905],[100.5045,13.9045],[100.505,13.9035],[100.5025,13.901],[100.503,13.899],[100.5035,13.8995],[100.5015,13.899],[100.5005,13.8975],[100.5025,13.8965],[100.5025,13.8955],[100.504,13.8955],[100.5045,13.894],[100.51,13.8895],[100.5095,13.8885],[100.5095,13.8895],[100.508,13.889],[100.509,13.888],[100.508,13.8865],[100.509,13.886],[100.509,13.885],[100.51,13.886],[100.511,13.884],[100.512,13.884],[100.512,13.883],[100.5135,13.883],[100.5135,13.8845],[100.5145,13.8845],[100.515,13.8855],[100.5145,13.8855],[100.516,13.8865],[100.5145,13.8875],[100.515,13.8885],[100.5135,13.889],[100.513,13.89],[100.5145,13.8915],[100.5165,13.891],[100.517,13.89],[100.5155,13.8885],[100.518,13.888],[100.5195,13.886],[100.5175,13.885],[100.5155,13.8865],[100.515,13.8845],[100.5155,13.884],[100.514,13.8835],[100.516,13.8825],[100.517,13.8805],[100.516,13.8805],[100.5155,13.879],[100.515,13.88],[100.5135,13.88],[100.513,13.8785],[100.512,13.879],[100.5135,13.877],[100.5125,13.8765],[100.5135,13.876],[100.5135,13.875],[100.514,13.876],[100.515,13.876],[100.5145,13.8735],[100.5155,13.8715],[100.515,13.87],[100.518,13.8685],[100.5175,13.8675],[100.516,13.8675],[100.516,13.8665],[100.517,13.8665],[100.5165,13.865],[100.5175,13.865],[100.518,13.863],[100.5175,13.8645],[100.5165,13.8635],[100.5155,13.864],[100.515,13.8625],[100.5135,13.863],[100.513,13.861],[100.5105,13.861],[100.51,13.8625],[100.5095,13.8615],[100.509,13.8625],[100.5085,13.8615],[100.5075,13.863],[100.5075,13.8615],[100.5065,13.8615],[100.5035,13.8625],[100.5035,13.864],[100.5025,13.864],[100.503,13.8655],[100.5025,13.865],[100.502,13.8655]],[[100.506,13.8635],[100.506,13.863],[100.506,13.8635]],[[100.506,13.8625],[100.5065,13.8625],[100.5065,13.863],[100.506,13.863],[100.506,13.8625]],[[100.5025,13.866]],[[100.505,13.863],[100.505,13.8635],[100.505,13.863]],[[100.501,13.9]],[[100.4995,13.899]],[[100.502,13.9]],[[100.504,13.904],[100.504,13.9045],[100.504,13.904]],[[100.5115,13.8625],[100.5115,13.863],[100.5115,13.8625]],[[100.5115,13.883],[100.5115,13.8835],[100.5115,13.883]],[[100.509,13.89]],[[100.5075,13.888],[100.508,13.888],[100.5075,13.8885],[100.5075,13.888]],[[100.5095,13.8825],[100.51,13.8835],[100.5095,13.8825]],[[100.511,13.884],[100.5105,13.8835],[100.511,13.884]],[[100.5135,13.864]],[[100.513,13.8635]],[[100.513,13.8625],[100.5135,13.863],[100.513,13.8635],[100.513,13.8625]],[[100.5145,13.8825],[100.514,13.8825],[100.5145,13.8825]],[[100.5145,13.8815],[100.514,13.8815],[100.514,13.881],[100.5145,13.8815]],[[100.5125,13.8755]],[[100.512,13.8795]],[[100.5135,13.8725],[100.514,13.8725],[100.5135,13.8725]],[[100.515,13.866],[100.5145,13.8655],[100.515,13.865],[100.515,13.866]],[[100.515,13.869]]],[[[100.505,13.909],[100.5035,13.9105],[100.5045,13.912],[100.507,13.911],[100.507,13.912],[100.508,13.9125],[100.5095,13.913],[100.51,13.9125],[100.5095,13.9105],[100.51,13.91],[100.509,13.9095],[100.5085,13.91],[100.508,13.9085],[100.507,13.909],[100.5075,13.9105],[100.505,13.91],[100.505,13.909]],[[100.5055,13.9105],[100.5045,13.911],[100.5055,13.9105]],[[100.5085,13.91]]],[[[100.509,13.908],[100.5085,13.908],[100.51,13.9085],[100.5095,13.9075],[100.509,13.9085],[100.509,13.908]]],[[[100.51,13.9085],[100.51,13.91],[100.5115,13.9095],[100.512,13.9105],[100.5115,13.9115],[100.513,13.9105],[100.515,13.911],[100.515,13.9095],[100.5135,13.9105],[100.514,13.9085],[100.5125,13.91],[100.511,13.9095],[100.511,13.9085],[100.5105,13.909],[100.51,13.9085]]],[[[100.515,13.911]]],[[[100.516,13.911],[100.515,13.911],[100.5155,13.9115],[100.5145,13.9125],[100.5155,13.913],[100.5165,13.9125],[100.517,13.9145],[100.5185,13.9145],[100.52,13.913],[100.5225,13.914],[100.5225,13.911],[100.521,13.91],[100.523,13.9095],[100.523,13.9065],[100.522,13.9065],[100.5225,13.9075],[100.522,13.907],[100.5205,13.909],[100.52,13.908],[100.519,13.908],[100.5195,13.907],[100.5175,13.9075],[100.518,13.909],[100.5195,13.9085],[100.52,13.9095],[100.519,13.9095],[100.5195,13.911],[100.5185,13.9115],[100.5185,13.9125],[100.517,13.911],[100.5165,13.9115],[100.516,13.911]],[[100.519,13.913],[100.5195,13.913],[100.519,13.913]],[[100.5195,13.912]],[[100.5205,13.912],[100.521,13.9115],[100.5205,13.912]],[[100.5205,13.91],[100.521,13.91],[100.5205,13.91]],[[100.5205,13.9095]]],[[[100.523,13.9065],[100.525,13.9095],[100.5245,13.9105],[100.526,13.911],[100.527,13.9095],[100.5275,13.912],[100.5285,13.912],[100.529,13.913],[100.5315,13.9125],[100.5325,13.9105],[100.5325,13.9115],[100.5335,13.9115],[100.533,13.9085],[100.5355,13.908],[100.536,13.907],[100.5365,13.908],[100.5375,13.908],[100.535,13.9105],[100.5355,13.912],[100.5345,13.9125],[100.535,13.913],[100.537,13.9125],[100.5355,13.9135],[100.536,13.914],[100.5385,13.9135],[100.539,13.915],[100.538,13.9155],[100.539,13.917],[100.5385,13.9185],[100.539,13.921],[100.541,13.9195],[100.542,13.9205],[100.543,13.92],[100.543,13.919],[100.54,13.9185],[100.54,13.9175],[100.5425,13.9165],[100.542,13.9135],[100.54,13.914],[100.54,13.9125],[100.5395,13.9135],[100.5375,13.9115],[100.539,13.909],[100.5405,13.909],[100.541,13.908],[100.54,13.9075],[100.543,13.907],[100.5425,13.905],[100.5415,13.905],[100.541,13.906],[100.5395,13.906],[100.5385,13.905],[100.538,13.906],[100.5365,13.9045],[100.5365,13.9035],[100.5345,13.904],[100.5335,13.9065],[100.531,13.908],[100.5315,13.9095],[100.53,13.9105],[100.5275,13.9085],[100.5255,13.909],[100.526,13.9075],[100.5245,13.9075],[100.525,13.9065],[100.523,13.9065]],[[100.5385,13.909],[100.5385,13.9085],[100.539,13.9085],[100.5385,13.909]],[[100.5395,13.908],[100.539,13.908],[100.5395,13.908]],[[100.5285,13.91],[100.5285,13.911],[100.5285,13.91]],[[100.532,13.911]],[[100.5325,13.91]],[[100.534,13.907],[100.5345,13.907],[100.534,13.907]],[[100.5335,13.908]],[[100.5365,13.912],[100.536,13.911],[100.5365,13.911],[100.5365,13.912]],[[100.5395,13.9085]]],[[[100.5435,13.925],[100.5415,13.9255],[100.5435,13.926],[100.5425,13.9275],[100.5445,13.928],[100.546,13.9275],[100.5455,13.9265],[100.5465,13.925],[100.548,13.927],[100.5485,13.9265],[100.547,13.9245],[100.547,13.925],[100.546,13.9245],[100.545,13.926],[100.546,13.9245],[100.5445,13.925],[100.5445,13.924],[100.5435,13.925]]],[[[100.547,13.9245]]],[[[100.547,13.9245]]],[[[100.547,13.9235],[100.548,13.9225],[100.549,13.9235],[100.5485,13.922],[100.5495,13.923],[100.551,13.92],[100.55,13.9195],[100.552,13.9185],[100.5525,13.919],[100.552,13.917],[100.554,13.916],[100.5515,13.9135],[100.5535,13.9095],[100.5545,13.9095],[100.552,13.907],[100.551,13.907],[100.5505,13.9085],[100.55,13.908],[100.5485,13.9085],[100.551,13.91],[100.549,13.912],[100.5505,13.917],[100.549,13.917],[100.5485,13.9195],[100.5495,13.921],[100.5475,13.9195],[100.5465,13.921],[100.547,13.9235]],[[100.5495,13.9195]],[[100.552,13.9105]],[[100.55,13.912]],[[100.55,13.919],[100.55,13.9185],[100.55,13.919]],[[100.55,13.9175],[100.5495,13.918],[100.5495,13.9175],[100.55,13.9175]],[[100.553,13.91],[100.553,13.9095],[100.553,13.91]],[[100.5525,13.909],[100.5525,13.9085],[100.5525,13.909]]],[[[100.544,13.9055],[100.547,13.904],[100.546,13.9035],[100.547,13.903],[100.547,13.902],[100.549,13.9015],[100.549,13.9025],[100.55,13.903],[100.55,13.902],[100.5515,13.902],[100.5525,13.9],[100.554,13.9005],[100.5545,13.8995],[100.5565,13.899],[100.557,13.898],[100.5565,13.897],[100.5555,13.8975],[100.555,13.8955],[100.554,13.897],[100.5545,13.899],[100.5515,13.8995],[100.5515,13.901],[100.55,13.8995],[100.547,13.899],[100.546,13.9],[100.5465,13.9005],[100.5455,13.9],[100.5455,13.9025],[100.544,13.9005],[100.5435,13.9035],[100.541,13.9025],[100.541,13.904],[100.544,13.904],[100.544,13.907],[100.544,13.9055]],[[100.545,13.904]],[[100.545,13.904],[100.5455,13.904],[100.545,13.904]],[[100.5475,13.9005],[100.548,13.901],[100.5475,13.901],[100.5475,13.9005]],[[100.547,13.9]]],[[[100.5575,13.898]]],[[[100.5575,13.898],[100.559,13.8975],[100.559,13.8965],[100.5575,13.896],[100.558,13.897],[100.5575,13.898]]],[[[100.561,13.8985],[100.559,13.899],[100.559,13.9005],[100.5595,13.8995],[100.5605,13.902],[100.564,13.901],[100.564,13.899],[100.565,13.8995],[100.565,13.8985],[100.566,13.898],[100.5655,13.8965],[100.567,13.8965],[100.567,13.8955],[100.569,13.895],[100.5715,13.8955],[100.572,13.8945],[100.574,13.895],[100.575,13.894],[100.5745,13.8925],[100.5745,13.8935],[100.575,13.8925],[100.576,13.893],[100.5775,13.8925],[100.577,13.8915],[100.5765,13.8925],[100.575,13.892],[100.5745,13.8925],[100.5745,13.8915],[100.5735,13.891],[100.5705,13.891],[100.572,13.893],[100.57,13.895],[100.5655,13.895],[100.5625,13.899],[100.561,13.8985]],[[100.566,13.8955]],[[100.573,13.8925],[100.5725,13.892],[100.5725,13.8915],[100.573,13.8915],[100.573,13.8925]]],[[[100.577,13.891],[100.578,13.893],[100.5795,13.893],[100.5815,13.895],[100.582,13.8945],[100.5825,13.896],[100.581,13.897],[100.5815,13.898],[100.5825,13.898],[100.5805,13.8995],[100.58,13.901],[100.5835,13.904],[100.5855,13.903],[100.584,13.9045],[100.586,13.9055],[100.586,13.9045],[100.588,13.904],[100.587,13.9035],[100.5875,13.9025],[100.5865,13.901],[100.5835,13.9015],[100.584,13.8995],[100.583,13.8995],[100.585,13.8975],[100.584,13.8965],[100.585,13.896],[100.585,13.8935],[100.5845,13.894],[100.584,13.8925],[100.5835,13.893],[100.583,13.8915],[100.5825,13.8925],[100.5815,13.8915],[100.581,13.892],[100.58,13.8915],[100.58,13.8905],[100.5775,13.8895],[100.5765,13.89],[100.577,13.891]]],[[[100.5885,13.9035],[100.5905,13.906],[100.592,13.9065],[100.5915,13.909],[100.5925,13.9095],[100.592,13.91],[100.5925,13.9105],[100.5905,13.9115],[100.591,13.912],[100.59,13.913],[100.5905,13.915],[100.595,13.914],[100.5945,13.913],[100.594,13.9135],[100.5925,13.913],[100.5945,13.909],[100.596,13.9105],[100.5935,13.9065],[100.5945,13.9055],[100.593,13.905],[100.591,13.9015],[100.592,13.9045],[100.5915,13.905],[100.591,13.904],[100.59,13.9045],[100.5895,13.903],[100.5885,13.9035]],[[100.5925,13.9125],[100.5925,13.913],[100.5925,13.9125]],[[100.5925,13.908]],[[100.5935,13.9085],[100.593,13.909],[100.5935,13.9085]]],[[[100.593,13.9145]]],[[[100.593,13.9145]]],[[[100.5925,13.9145],[100.589,13.916],[100.5885,13.9175],[100.5925,13.9165],[100.592,13.9155],[100.593,13.915],[100.5925,13.9145]]],[[[100.5945,13.916],[100.5905,13.9175],[100.593,13.918],[100.5955,13.917],[100.5945,13.916]]],[[[100.5955,13.9175],[100.591,13.9195],[100.5915,13.92],[100.5955,13.9175]]],[[[100.5925,13.9195],[100.5925,13.92],[100.594,13.9195],[100.5935,13.9205],[100.5945,13.921],[100.596,13.9205],[100.5965,13.9215],[100.5975,13.921],[100.5975,13.922],[100.5985,13.9215],[100.598,13.9225],[100.6015,13.9235],[100.6025,13.9235],[100.603,13.9225],[100.6015,13.9185],[100.601,13.919],[100.6015,13.92],[100.601,13.9195],[100.601,13.9205],[100.6,13.921],[100.596,13.9185],[100.5925,13.9195]],[[100.6005,13.9225],[100.5995,13.921],[100.6005,13.921],[100.601,13.922],[100.6005,13.9225]]],[[[100.6005,13.9185],[100.5995,13.9155],[100.598,13.914],[100.6005,13.9185]]],[[[100.588,13.896],[100.588,13.8935],[100.5865,13.8915],[100.589,13.89],[100.588,13.889],[100.59,13.8895],[100.5905,13.8875],[100.5895,13.8875],[100.5895,13.8855],[100.588,13.8855],[100.589,13.885],[100.59,13.887],[100.591,13.886],[100.5905,13.885],[100.5915,13.8845],[100.593,13.8865],[100.5935,13.886],[100.595,13.887],[100.596,13.8865],[100.5955,13.8875],[100.5965,13.8885],[100.596,13.889],[100.597,13.889],[100.597,13.8905],[100.5985,13.8895],[100.599,13.89],[100.598,13.8905],[100.599,13.891],[100.6005,13.8895],[100.601,13.891],[100.6005,13.8915],[100.6015,13.8925],[100.602,13.8915],[100.6025,13.892],[100.6025,13.893],[100.602,13.8925],[100.6015,13.893],[100.605,13.8955],[100.6045,13.895],[100.605,13.893],[100.606,13.892],[100.6055,13.8915],[100.6035,13.8935],[100.6055,13.8915],[100.6045,13.89],[100.6035,13.89],[100.604,13.889],[100.603,13.8885],[100.6015,13.8895],[100.601,13.889],[100.6015,13.888],[100.5995,13.8885],[100.5985,13.8875],[100.5995,13.886],[100.599,13.8855],[100.598,13.8865],[100.597,13.8855],[100.5955,13.886],[100.595,13.8845],[100.596,13.8845],[100.5955,13.884],[100.5965,13.8835],[100.5955,13.883],[100.5965,13.882],[100.5955,13.8825],[100.5955,13.882],[100.597,13.8815],[100.5955,13.881],[100.5945,13.8795],[100.5945,13.8815],[100.5915,13.8825],[100.5935,13.883],[100.594,13.882],[100.5945,13.8825],[100.5925,13.8845],[100.5915,13.883],[100.591,13.8845],[100.5905,13.8835],[100.5895,13.884],[100.588,13.8835],[100.5875,13.885],[100.5855,13.885],[100.5865,13.885],[100.587,13.8885],[100.5855,13.8915],[100.588,13.896]],[[100.589,13.887],[100.589,13.8865],[100.589,13.887]],[[100.5905,13.8845],[100.591,13.884],[100.591,13.8845],[100.5905,13.8845]],[[100.5965,13.8875],[100.5975,13.8875],[100.597,13.888],[100.5965,13.8875]],[[100.5965,13.886],[100.597,13.8865],[100.5965,13.8865],[100.5965,13.886]],[[100.6045,13.8935],[100.6045,13.894],[100.6045,13.8935]]],[[[100.6055,13.896],[100.606,13.8985],[100.6075,13.898],[100.607,13.8975],[100.609,13.898],[100.6075,13.897],[100.608,13.8965],[100.6055,13.896]]],[[[100.61,13.8985],[100.6125,13.9015],[100.612,13.9005],[100.6135,13.8995],[100.613,13.899],[100.6135,13.8985],[100.6125,13.898],[100.6145,13.897],[100.614,13.896],[100.6145,13.8955],[100.613,13.8925],[100.612,13.892],[100.611,13.893],[100.611,13.8955],[100.61,13.895],[100.6115,13.896],[100.6115,13.897],[100.61,13.8985]],[[100.6125,13.8935],[100.612,13.893],[100.6125,13.893],[100.6125,13.8935]],[[100.6135,13.8955],[100.614,13.8955],[100.6135,13.8955]]],[[[100.6095,13.8925],[100.611,13.893],[100.6115,13.892],[100.61,13.8905],[100.6105,13.891],[100.612,13.8905],[100.613,13.887],[100.6095,13.8875],[100.609,13.8885],[100.61,13.889],[100.6085,13.891],[100.6095,13.8925]],[[100.61,13.89]]],[[[100.6075,13.888],[100.608,13.8875],[100.609,13.8885],[100.6095,13.887],[100.6085,13.886],[100.6085,13.8835],[100.6095,13.883],[100.6085,13.883],[100.6085,13.882],[100.6055,13.8805],[100.606,13.8795],[100.6045,13.88],[100.604,13.8795],[100.604,13.8785],[100.605,13.878],[100.6045,13.876],[100.6035,13.8765],[100.6015,13.876],[100.602,13.88],[100.606,13.8815],[100.6065,13.8825],[100.6055,13.883],[100.6055,13.884],[100.6065,13.8835],[100.607,13.8845],[100.606,13.885],[100.6075,13.8855],[100.607,13.887],[100.606,13.8875],[100.6075,13.888]],[[100.602,13.88],[100.6025,13.88],[100.602,13.88]],[[100.6025,13.8775],[100.602,13.878],[100.602,13.8775],[100.6025,13.8775]],[[100.603,13.8795]],[[100.6075,13.883]]],[[[100.6045,13.876],[100.606,13.877],[100.606,13.8755],[100.608,13.8755],[100.608,13.8745],[100.6095,13.874],[100.6095,13.8725],[100.6075,13.872],[100.608,13.8725],[100.606,13.873],[100.6055,13.8745],[100.6045,13.8735],[100.605,13.8755],[100.6045,13.876]],[[100.609,13.873],[100.6085,13.873],[100.608,13.873],[100.609,13.873]]],[[[100.608,13.8715],[100.6085,13.872],[100.6095,13.8715],[100.61,13.873],[100.612,13.871],[100.612,13.87],[100.61,13.8695],[100.6105,13.8675],[100.6135,13.868],[100.6135,13.87],[100.6145,13.8685],[100.6175,13.868],[100.6175,13.87],[100.619,13.8705],[100.622,13.87],[100.6235,13.8715],[100.6235,13.87],[100.6245,13.8695],[100.623,13.8685],[100.6245,13.8675],[100.6245,13.8655],[100.625,13.8675],[100.6265,13.8665],[100.626,13.866],[100.6275,13.867],[100.6285,13.8655],[100.628,13.8645],[100.63,13.8645],[100.631,13.863],[100.63,13.863],[100.63,13.862],[100.629,13.8625],[100.6275,13.862],[100.6285,13.8625],[100.6275,13.8635],[100.626,13.8625],[100.625,13.863],[100.6255,13.864],[100.625,13.8645],[100.6235,13.862],[100.623,13.8635],[100.622,13.863],[100.622,13.864],[100.621,13.864],[100.6225,13.865],[100.6215,13.866],[100.6225,13.8665],[100.6215,13.8675],[100.622,13.868],[100.621,13.8685],[100.6205,13.8675],[100.618,13.868],[100.6185,13.8665],[100.617,13.8675],[100.615,13.8675],[100.6165,13.8665],[100.616,13.866],[100.615,13.867],[100.6145,13.865],[100.6135,13.867],[100.6125,13.866],[100.612,13.8665],[100.612,13.8655],[100.6075,13.868],[100.608,13.8685],[100.6075,13.87],[100.609,13.87],[100.608,13.8715]],[[100.6215,13.8685]],[[100.6095,13.868],[100.609,13.8685],[100.609,13.868],[100.6095,13.868]],[[100.6125,13.8665],[100.612,13.867],[100.612,13.8665],[100.6125,13.8665]],[[100.6195,13.8685],[100.619,13.869],[100.6195,13.8685]],[[100.6185,13.8685],[100.619,13.868],[100.6185,13.8685]],[[100.6205,13.868]],[[100.616,13.8675],[100.616,13.868],[100.616,13.8675]],[[100.62,13.8695],[100.619,13.87],[100.619,13.8695],[100.62,13.8695]],[[100.626,13.8655],[100.6255,13.8655],[100.626,13.8655]],[[100.626,13.8645]],[[100.622,13.864],[100.6225,13.864],[100.622,13.864]],[[100.6235,13.864]],[[100.623,13.8695]],[[100.622,13.868],[100.6235,13.8675],[100.622,13.868]],[[100.626,13.864],[100.627,13.8635],[100.627,13.864],[100.626,13.864]],[[100.628,13.8635],[100.6275,13.8635],[100.628,13.8635]],[[100.629,13.8635]],[[100.6285,13.863]],[[100.627,13.8645]],[[100.6275,13.8645],[100.628,13.8645],[100.6275,13.8645]]],[[[100.63,13.862],[100.6335,13.8625],[100.633,13.861],[100.63,13.861],[100.6305,13.8615],[100.63,13.862]]],[[[100.631,13.8605],[100.633,13.8605],[100.633,13.8595],[100.63,13.86],[100.631,13.8605]]],[[[100.633,13.8595],[100.637,13.859],[100.6365,13.8585],[100.638,13.857],[100.637,13.856],[100.638,13.856],[100.638,13.855],[100.639,13.856],[100.64,13.8555],[100.6395,13.856],[100.6405,13.8565],[100.641,13.8585],[100.6415,13.8545],[100.6395,13.8535],[100.6385,13.852],[100.638,13.8535],[100.637,13.8535],[100.637,13.855],[100.636,13.8555],[100.6355,13.8575],[100.6345,13.857],[100.634,13.858],[100.6335,13.857],[100.6325,13.8585],[100.6305,13.8575],[100.6295,13.858],[100.6325,13.8585],[100.633,13.8595]],[[100.6385,13.8535],[100.6385,13.854],[100.6385,13.8535]]],[[[100.6465,13.8535],[100.65,13.854],[100.65,13.853],[100.651,13.853],[100.6515,13.8515],[100.652,13.8525],[100.652,13.8515],[100.653,13.852],[100.653,13.851],[100.6545,13.851],[100.6545,13.8495],[100.6575,13.848],[100.657,13.847],[100.659,13.8475],[100.6585,13.8465],[100.659,13.845],[100.656,13.844],[100.6555,13.846],[100.654,13.846],[100.6535,13.847],[100.655,13.8475],[100.6545,13.8485],[100.6515,13.8465],[100.6525,13.8475],[100.65,13.848],[100.6525,13.849],[100.652,13.85],[100.651,13.8495],[100.651,13.8505],[100.6485,13.8505],[100.648,13.8525],[100.645,13.852],[100.647,13.853],[100.6465,13.8535]],[[100.653,13.8485],[100.6535,13.8485],[100.653,13.8485]],[[100.6515,13.8505]],[[100.6535,13.8485],[100.654,13.848],[100.6535,13.8485]]],[[[100.6605,13.841],[100.66,13.8425],[100.6625,13.843],[100.661,13.8435],[100.664,13.8465],[100.665,13.843],[100.665,13.844],[100.6665,13.8435],[100.666,13.8415],[100.668,13.8385],[100.6715,13.84],[100.671,13.8405],[100.672,13.842],[100.673,13.838],[100.675,13.8365],[100.674,13.8355],[100.673,13.837],[100.6725,13.8365],[100.6725,13.8385],[100.671,13.839],[100.668,13.8375],[100.665,13.838],[100.6645,13.839],[100.6655,13.8395],[100.665,13.84],[100.664,13.8395],[100.665,13.841],[100.6645,13.8415],[100.663,13.841],[100.6635,13.842],[100.663,13.843],[100.6605,13.841]],[[100.667,13.838],[100.6675,13.8385],[100.667,13.838]],[[100.6665,13.84]],[[100.6645,13.8425]]],[[[100.673,13.8365],[100.674,13.832],[100.6725,13.83],[100.672,13.831],[100.673,13.8325],[100.672,13.8345],[100.673,13.8365]]],[[[100.673,13.8295],[100.6745,13.831],[100.6745,13.8325],[100.677,13.832],[100.6765,13.831],[100.6785,13.8315],[100.677,13.829],[100.679,13.831],[100.68,13.831],[100.6795,13.8295],[100.6775,13.828],[100.6755,13.8285],[100.675,13.8295],[100.674,13.829],[100.6755,13.826],[100.675,13.8255],[100.6705,13.8305],[100.6725,13.829],[100.673,13.8295]],[[100.6735,13.829],[100.6745,13.8295],[100.6745,13.83],[100.674,13.8295],[100.6735,13.829]]],[[[100.68,13.83],[100.6805,13.83],[100.681,13.8295],[100.68,13.83]]],[[[100.681,13.8295]]],[[[100.681,13.8295]]],[[[100.681,13.8295]]],[[[100.681,13.8295]]],[[[100.681,13.8295]]],[[[100.681,13.8295]]],[[[100.681,13.8295]]],[[[100.681,13.8295]]],[[[100.681,13.8295]]],[[[100.681,13.8295]]],[[[100.681,13.829],[100.681,13.8295],[100.681,13.829]]],[[[100.681,13.829]]],[[[100.681,13.829]]],[[[100.681,13.829]]],[[[100.681,13.829]]],[[[100.6815,13.8285],[100.682,13.828],[100.6815,13.8275],[100.6815,13.8285]]],[[[100.676,13.8225],[100.6755,13.822],[100.675,13.8225],[100.676,13.8225]]],[[[100.6665,13.8345],[100.666,13.834],[100.6655,13.835],[100.665,13.8345],[100.664,13.8355],[100.6625,13.8355],[100.6605,13.833],[100.6595,13.833],[100.659,13.8355],[100.6575,13.8355],[100.6585,13.8365],[100.658,13.838],[100.6565,13.838],[100.6565,13.839],[100.6575,13.8395],[100.657,13.841],[100.6555,13.8415],[100.66,13.84],[100.66,13.8385],[100.661,13.8385],[100.6615,13.8375],[100.661,13.836],[100.662,13.836],[100.662,13.837],[100.6635,13.837],[100.6665,13.8345]],[[100.66,13.8385],[100.6595,13.8385],[100.66,13.8385]],[[100.66,13.8355]],[[100.659,13.8375],[100.66,13.837],[100.66,13.8365],[100.66,13.837],[100.659,13.8375]],[[100.658,13.8405]],[[100.659,13.8395]]],[[[100.655,13.842]]],[[[100.655,13.842]]],[[[100.655,13.842],[100.6535,13.842],[100.653,13.8425],[100.654,13.8425],[100.655,13.842]]],[[[100.6525,13.8415],[100.653,13.8415],[100.6525,13.84],[100.6485,13.8385],[100.6465,13.8395],[100.6485,13.8405],[100.648,13.841],[100.6465,13.8395],[100.6455,13.8415],[100.644,13.8405],[100.645,13.8425],[100.6425,13.841],[100.641,13.842],[100.6435,13.844],[100.6455,13.843],[100.6475,13.8435],[100.6465,13.843],[100.648,13.8415],[100.6515,13.842],[100.652,13.8405],[100.6525,13.8415]],[[100.647,13.8415],[100.6465,13.8415],[100.647,13.8415]]],[[[100.6435,13.8445],[100.6425,13.844],[100.642,13.845],[100.644,13.8465],[100.6455,13.8455],[100.6435,13.8445]]],[[[100.643,13.8465],[100.6405,13.846],[100.641,13.847],[100.6445,13.8475],[100.644,13.8465],[100.643,13.8465]]],[[[100.644,13.8475],[100.6395,13.8465],[100.639,13.8475],[100.6385,13.847],[100.639,13.8485],[100.6365,13.8485],[100.6355,13.8495],[100.6355,13.8505],[100.637,13.851],[100.636,13.8505],[100.6355,13.851],[100.638,13.8515],[100.6405,13.8505],[100.6405,13.8485],[100.6395,13.848],[100.644,13.8475]],[[100.638,13.8495],[100.6385,13.8495],[100.638,13.8495]]],[[[100.634,13.8505],[100.634,13.85],[100.633,13.8505],[100.634,13.8505]]],[[[100.631,13.8515],[100.6315,13.85],[100.6305,13.8495],[100.6265,13.8505],[100.627,13.8535],[100.625,13.854],[100.626,13.8555],[100.629,13.855],[100.6285,13.8545],[100.63,13.853],[100.6295,13.852],[100.631,13.8515]]],[[[100.6245,13.8535],[100.6215,13.851],[100.6195,13.852],[100.621,13.8535],[100.62,13.855],[100.619,13.855],[100.62,13.8555],[100.618,13.8555],[100.618,13.8565],[100.6205,13.8575],[100.62,13.861],[100.621,13.8605],[100.621,13.859],[100.622,13.86],[100.622,13.858],[100.621,13.8565],[100.6225,13.8555],[100.622,13.855],[100.6225,13.854],[100.6245,13.8535]],[[100.6215,13.8585]],[[100.6205,13.855]],[[100.622,13.855]]],[[[100.62,13.861],[100.6195,13.86],[100.619,13.861],[100.6175,13.8605],[100.618,13.8625],[100.6165,13.863],[100.62,13.861]]],[[[100.6045,13.8695],[100.604,13.869],[100.601,13.871],[100.6045,13.8695]]],[[[100.598,13.873],[100.5985,13.872],[100.598,13.871],[100.599,13.8705],[100.598,13.8695],[100.599,13.869],[100.5985,13.8675],[100.5995,13.8665],[100.599,13.866],[100.598,13.867],[100.5975,13.866],[100.5955,13.867],[100.596,13.866],[100.5945,13.866],[100.593,13.8645],[100.5935,13.864],[100.592,13.8625],[100.593,13.8615],[100.5925,13.86],[100.591,13.8605],[100.589,13.858],[100.59,13.856],[100.5895,13.8555],[100.5875,13.8585],[100.588,13.8595],[100.589,13.8585],[100.5875,13.8595],[100.5895,13.8625],[100.588,13.8605],[100.5895,13.8595],[100.5905,13.861],[100.5895,13.862],[100.5905,13.8625],[100.59,13.8635],[100.5905,13.864],[100.591,13.8635],[100.5915,13.8645],[100.5925,13.864],[100.594,13.868],[100.595,13.8675],[100.5955,13.8685],[100.5965,13.868],[100.596,13.869],[100.5965,13.871],[100.598,13.873]],[[100.591,13.862],[100.591,13.8625],[100.5905,13.8615],[100.591,13.862]],[[100.5915,13.863],[100.592,13.8635],[100.5915,13.863]],[[100.597,13.8685],[100.5965,13.869],[100.5965,13.8685],[100.597,13.8685]],[[100.596,13.8675],[100.596,13.868],[100.596,13.8675]],[[100.5975,13.8695],[100.598,13.8705],[100.5975,13.8705],[100.5975,13.87],[100.5975,13.8695]],[[100.5975,13.868],[100.598,13.8685],[100.5975,13.868]]],[[[100.5875,13.855],[100.589,13.854],[100.589,13.853],[100.5875,13.8525],[100.5885,13.848],[100.5865,13.8475],[100.587,13.846],[100.5865,13.8455],[100.5855,13.849],[100.5865,13.849],[100.586,13.8505],[100.587,13.851],[100.5855,13.8515],[100.587,13.8515],[100.586,13.853],[100.5865,13.855],[100.5875,13.8545],[100.5875,13.855]],[[100.5865,13.85],[100.587,13.85],[100.5865,13.85]],[[100.5865,13.8485],[100.5865,13.848],[100.587,13.848],[100.587,13.8485],[100.5865,13.8485]]],[[[100.5835,13.8485],[100.5855,13.848],[100.586,13.847],[100.585,13.845],[100.584,13.8445],[100.583,13.845],[100.583,13.844],[100.5825,13.845],[100.5815,13.8445],[100.5825,13.843],[100.582,13.8415],[100.5805,13.8425],[100.5795,13.8415],[100.579,13.8425],[100.579,13.841],[100.5825,13.8405],[100.5815,13.8395],[100.581,13.84],[100.5805,13.838],[100.5825,13.839],[100.584,13.837],[100.5825,13.8365],[100.583,13.836],[100.5815,13.835],[100.58,13.8355],[100.581,13.8345],[100.5795,13.834],[100.579,13.8325],[100.5785,13.8335],[100.578,13.8325],[100.579,13.832],[100.5785,13.8315],[100.577,13.831],[100.576,13.8315],[100.576,13.8305],[100.578,13.831],[100.5785,13.83],[100.577,13.8295],[100.5775,13.8285],[100.575,13.8285],[100.575,13.8275],[100.574,13.8275],[100.5745,13.825],[100.5735,13.825],[100.5735,13.824],[100.5745,13.8235],[100.5735,13.8225],[100.573,13.8235],[100.5725,13.823],[100.5735,13.823],[100.5725,13.821],[100.5715,13.821],[100.572,13.82],[100.5715,13.8195],[100.5705,13.8195],[100.57,13.8205],[100.569,13.819],[100.57,13.8165],[100.5685,13.816],[100.5685,13.815],[100.5695,13.8145],[100.5705,13.8155],[100.571,13.8145],[100.572,13.8145],[100.5715,13.8155],[100.5725,13.816],[100.574,13.8135],[100.5745,13.815],[100.5755,13.815],[100.576,13.8115],[100.5785,13.812],[100.577,13.8105],[100.5775,13.809],[100.5785,13.8095],[100.579,13.809],[100.58,13.803],[100.5775,13.806],[100.578,13.807],[100.575,13.8115],[100.574,13.811],[100.5745,13.81],[100.574,13.809],[100.5725,13.8095],[100.5735,13.81],[100.5735,13.811],[100.572,13.813],[100.5705,13.812],[100.57,13.813],[100.569,13.811],[100.5685,13.8115],[100.5675,13.811],[100.5655,13.8135],[100.566,13.8145],[100.5655,13.8165],[100.5665,13.8165],[100.5655,13.817],[100.5675,13.8175],[100.5675,13.8185],[100.567,13.818],[100.5665,13.8185],[100.567,13.82],[100.568,13.8195],[100.569,13.8205],[100.5685,13.8215],[100.57,13.822],[100.571,13.8235],[100.5695,13.8245],[100.57,13.8255],[100.5715,13.825],[100.5705,13.827],[100.5715,13.8275],[100.57,13.8275],[100.57,13.8285],[100.5705,13.828],[100.573,13.829],[100.574,13.8275],[100.574,13.829],[100.575,13.8295],[100.574,13.8315],[100.5735,13.8305],[100.572,13.832],[100.5735,13.832],[100.573,13.8315],[100.576,13.832],[100.5775,13.8345],[100.5765,13.8345],[100.5765,13.836],[100.577,13.835],[100.5795,13.835],[100.579,13.835],[100.5795,13.8365],[100.5805,13.8365],[100.5795,13.838],[100.5775,13.8375],[100.5775,13.839],[100.5785,13.839],[100.579,13.8405],[100.578,13.8415],[100.5775,13.8405],[100.577,13.8415],[100.579,13.8445],[100.58,13.8445],[100.5805,13.8455],[100.581,13.845],[100.5815,13.846],[100.582,13.8455],[100.583,13.8475],[100.5825,13.8485],[100.5835,13.8485]],[[100.5705,13.8225]],[[100.5685,13.812],[100.569,13.8115],[100.569,13.812],[100.5685,13.812]],[[100.567,13.816],[100.5675,13.815],[100.567,13.816]],[[100.569,13.82]],[[100.5795,13.844],[100.5785,13.844],[100.5785,13.8435],[100.5795,13.844]],[[100.5725,13.827],[100.5725,13.8275],[100.5725,13.827]],[[100.5725,13.826],[100.573,13.826],[100.5735,13.8255],[100.5735,13.826],[100.5725,13.826]],[[100.5725,13.824]],[[100.572,13.824]],[[100.572,13.8225],[100.5715,13.8225],[100.572,13.8225]],[[100.5725,13.825]],[[100.5755,13.831],[100.576,13.8305],[100.575,13.8315],[100.5755,13.831]],[[100.581,13.8445],[100.5805,13.8445],[100.581,13.8445]],[[100.581,13.843]],[[100.583,13.847],[100.5835,13.847],[100.583,13.847]],[[100.584,13.8455],[100.584,13.846],[100.584,13.8455]],[[100.572,13.814],[100.572,13.8135],[100.572,13.814]],[[100.571,13.814]],[[100.571,13.814],[100.5705,13.814],[100.571,13.814]],[[100.578,13.8065],[100.578,13.807],[100.578,13.8065]]],[[[100.58,13.802],[100.58,13.8045],[100.581,13.8045],[100.583,13.801],[100.5815,13.8],[100.581,13.8015],[100.581,13.8],[100.5795,13.8015],[100.5785,13.801],[100.5785,13.7965],[100.58,13.7955],[100.577,13.795],[100.577,13.794],[100.5775,13.795],[100.578,13.7945],[100.5805,13.795],[100.581,13.7945],[100.58,13.794],[100.582,13.7925],[100.581,13.7915],[100.5825,13.7915],[100.5845,13.7895],[100.583,13.789],[100.5825,13.7875],[100.5805,13.788],[100.5815,13.786],[100.58,13.7855],[100.5795,13.7835],[100.577,13.784],[100.5765,13.782],[100.5765,13.783],[100.5755,13.7825],[100.576,13.7835],[100.575,13.784],[100.577,13.785],[100.577,13.786],[100.578,13.7865],[100.5785,13.786],[100.5795,13.789],[100.581,13.7895],[100.5795,13.791],[100.5785,13.791],[100.579,13.7935],[100.578,13.7945],[100.577,13.7945],[100.577,13.7935],[100.576,13.794],[100.577,13.7955],[100.576,13.7955],[100.5755,13.797],[100.578,13.797],[100.577,13.7975],[100.577,13.8],[100.576,13.8],[100.5765,13.8005],[100.576,13.801],[100.5775,13.8015],[100.5785,13.801],[100.5795,13.8025],[100.58,13.802]],[[100.5795,13.802]],[[100.578,13.796]],[[100.578,13.7855]],[[100.5785,13.7845],[100.578,13.7845],[100.5785,13.7845]],[[100.5785,13.8015]],[[100.58,13.787],[100.58,13.7875],[100.58,13.787]]],[[[100.577,13.7825],[100.5775,13.7835],[100.581,13.783],[100.5815,13.781],[100.5805,13.779],[100.582,13.7795],[100.5835,13.777],[100.582,13.777],[100.5805,13.7755],[100.581,13.775],[100.579,13.7745],[100.5785,13.7735],[100.578,13.7745],[100.5775,13.773],[100.577,13.774],[100.576,13.7735],[100.5765,13.773],[100.576,13.77],[100.5795,13.767],[100.577,13.7665],[100.5765,13.7645],[100.573,13.7655],[100.5735,13.7665],[100.5745,13.766],[100.576,13.7675],[100.5755,13.7695],[100.574,13.769],[100.5745,13.7705],[100.574,13.772],[100.576,13.773],[100.5755,13.7755],[100.577,13.7755],[100.577,13.7765],[100.5785,13.776],[100.579,13.777],[100.58,13.777],[100.5795,13.7755],[100.5805,13.7755],[100.5805,13.7775],[100.58,13.777],[100.579,13.778],[100.5795,13.779],[100.578,13.7805],[100.5785,13.782],[100.577,13.7825]]],[[[100.573,13.7635],[100.5735,13.763],[100.5755,13.764],[100.575,13.7645],[100.576,13.7645],[100.5745,13.7615],[100.5765,13.762],[100.5775,13.761],[100.576,13.76],[100.576,13.7585],[100.574,13.7575],[100.5735,13.76],[100.573,13.7595],[100.574,13.7565],[100.5735,13.756],[100.5725,13.758],[100.571,13.7555],[100.5725,13.755],[100.571,13.7545],[100.572,13.754],[100.5715,13.7535],[100.573,13.7535],[100.572,13.754],[100.573,13.7545],[100.573,13.7535],[100.574,13.754],[100.5745,13.753],[100.5765,13.7535],[100.577,13.7525],[100.5765,13.751],[100.5755,13.7515],[100.576,13.751],[100.575,13.7505],[100.574,13.7525],[100.573,13.751],[100.5725,13.752],[100.572,13.7515],[100.571,13.752],[100.571,13.753],[100.57,13.753],[100.5695,13.752],[100.569,13.753],[100.566,13.7535],[100.5705,13.7555],[100.568,13.7585],[100.5685,13.76],[100.568,13.7605],[100.5695,13.761],[100.569,13.7615],[100.57,13.762],[100.57,13.763],[100.571,13.763],[100.5705,13.762],[100.572,13.762],[100.571,13.761],[100.573,13.7605],[100.5735,13.7625],[100.573,13.7635]],[[100.5695,13.76],[100.5685,13.76],[100.5695,13.76]],[[100.568,13.759],[100.5685,13.7585],[100.569,13.759],[100.568,13.759]],[[100.573,13.762],[100.5735,13.762],[100.5735,13.7625],[100.573,13.762]],[[100.571,13.7595],[100.571,13.758],[100.572,13.76],[100.571,13.7595]],[[100.572,13.758],[100.5725,13.7575],[100.572,13.7585],[100.572,13.758]],[[100.5715,13.7605]],[[100.574,13.7535]],[[100.5755,13.752]],[[100.575,13.7605],[100.5755,13.7605],[100.575,13.7605]]],[[[100.5795,13.761],[100.5825,13.7615],[100.581,13.7595],[100.5795,13.761]]],[[[100.583,13.758],[100.583,13.7585],[100.584,13.758],[100.5845,13.759],[100.586,13.7565],[100.5855,13.7545],[100.587,13.755],[100.5885,13.753],[100.5855,13.7535],[100.585,13.7525],[100.5825,13.7535],[100.5855,13.7545],[100.5845,13.755],[100.585,13.7565],[100.5845,13.755],[100.583,13.758]]],[[[100.582,13.7535]]],[[[100.582,13.7535],[100.5815,13.7535],[100.5815,13.754],[100.581,13.754],[100.5815,13.754],[100.582,13.754],[100.582,13.7535]]],[[[100.581,13.753],[100.581,13.7515],[100.5785,13.748],[100.577,13.7495],[100.5785,13.7505],[100.5785,13.7515],[100.579,13.751],[100.5795,13.752],[100.5805,13.7515],[100.581,13.753]],[[100.5785,13.7495],[100.578,13.749],[100.5785,13.749],[100.5785,13.7495]]],[[[100.579,13.752],[100.577,13.7505],[100.5775,13.7525],[100.579,13.752]]],[[[100.566,13.753],[100.5685,13.752],[100.5675,13.7505],[100.5655,13.751],[100.5655,13.75],[100.568,13.7495],[100.569,13.7505],[100.569,13.749],[100.57,13.748],[100.569,13.748],[100.568,13.7465],[100.566,13.747],[100.5665,13.746],[100.5655,13.745],[100.5645,13.7465],[100.565,13.7455],[100.5645,13.7445],[100.5655,13.7445],[100.5655,13.742],[100.567,13.741],[100.5665,13.7405],[100.568,13.739],[100.5675,13.738],[100.568,13.739],[100.5685,13.738],[100.5705,13.7385],[100.5705,13.7375],[100.5725,13.739],[100.5735,13.7385],[100.573,13.737],[100.5745,13.738],[100.5745,13.737],[100.5755,13.737],[100.575,13.7345],[100.5775,13.7335],[100.577,13.7325],[100.5775,13.7315],[100.578,13.7335],[100.5795,13.733],[100.5785,13.732],[100.58,13.7335],[100.5805,13.7335],[100.58,13.732],[100.5815,13.732],[100.5815,13.733],[100.5825,13.733],[100.5825,13.732],[100.5835,13.7315],[100.582,13.73],[100.5825,13.7295],[100.582,13.7285],[100.581,13.73],[100.58,13.7295],[100.58,13.7305],[100.5785,13.7295],[100.579,13.7315],[100.5785,13.731],[100.578,13.7315],[100.5775,13.7305],[100.5755,13.731],[100.5755,13.73],[100.574,13.7305],[100.574,13.7315],[100.573,13.731],[100.5735,13.733],[100.5745,13.7335],[100.5735,13.7345],[100.572,13.7345],[100.573,13.735],[100.572,13.7355],[100.572,13.7365],[100.57,13.736],[100.5695,13.737],[100.5675,13.737],[100.565,13.736],[100.565,13.7375],[100.5635,13.737],[100.566,13.738],[100.5655,13.739],[100.5645,13.7385],[100.5655,13.74],[100.5645,13.741],[100.564,13.7405],[100.5645,13.7435],[100.564,13.742],[100.563,13.742],[100.5635,13.743],[100.5625,13.7445],[100.56,13.743],[100.5595,13.7445],[100.5605,13.746],[100.5595,13.746],[100.559,13.743],[100.558,13.7425],[100.5585,13.7455],[100.5585,13.745],[100.556,13.746],[100.5555,13.745],[100.5545,13.745],[100.555,13.746],[100.5525,13.747],[100.552,13.7485],[100.5505,13.7475],[100.55,13.7485],[100.549,13.748],[100.5485,13.7495],[100.546,13.749],[100.5465,13.748],[100.545,13.7485],[100.5455,13.7495],[100.5445,13.75],[100.544,13.7495],[100.5445,13.749],[100.543,13.749],[100.543,13.748],[100.542,13.7485],[100.5425,13.75],[100.5415,13.7505],[100.543,13.75],[100.5425,13.751],[100.543,13.751],[100.544,13.75],[100.5445,13.7515],[100.546,13.7515],[100.547,13.753],[100.5485,13.752],[100.547,13.75],[100.5485,13.75],[100.549,13.7515],[100.5495,13.75],[100.553,13.7505],[100.5535,13.7525],[100.555,13.7525],[100.5595,13.751],[100.5565,13.7515],[100.555,13.7505],[100.5545,13.75],[100.555,13.7485],[100.556,13.7485],[100.556,13.7475],[100.558,13.7485],[100.5585,13.748],[100.5595,13.749],[100.562,13.7475],[100.5615,13.7465],[100.563,13.7455],[100.5635,13.7475],[100.5665,13.7485],[100.5645,13.7515],[100.565,13.753],[100.566,13.753]],[[100.554,13.749],[100.549,13.749],[100.5495,13.7485],[100.554,13.749]],[[100.546,13.75],[100.5465,13.7505],[100.546,13.7505],[100.546,13.75]],[[100.56,13.748],[100.5595,13.7465],[100.5615,13.7465],[100.56,13.748]],[[100.5615,13.746]],[[100.5615,13.745],[100.561,13.7435],[100.562,13.7445],[100.5615,13.745]],[[100.555,13.747],[100.5545,13.747],[100.555,13.747]],[[100.5585,13.747]],[[100.5585,13.7465]],[[100.566,13.739],[100.5655,13.739],[100.566,13.739]],[[100.563,13.7455],[100.5635,13.7455],[100.563,13.7455]],[[100.5635,13.7445],[100.563,13.744],[100.5635,13.744],[100.5635,13.7445]],[[100.565,13.7415],[100.565,13.741],[100.5655,13.7405],[100.5655,13.7415],[100.565,13.7415]],[[100.5645,13.747],[100.565,13.747],[100.5645,13.747]],[[100.5675,13.7375],[100.5675,13.737],[100.5675,13.7375]],[[100.568,13.748],[100.568,13.7475],[100.568,13.748]],[[100.574,13.7345],[100.5735,13.7345],[100.574,13.7345]],[[100.5735,13.736],[100.574,13.736],[100.5735,13.736]],[[100.5755,13.7325]],[[100.575,13.731],[100.575,13.7315],[100.575,13.731]],[[100.575,13.7305]]],[[[100.5825,13.728],[100.5845,13.729],[100.585,13.727],[100.584,13.7265],[100.5845,13.726],[100.584,13.7255],[100.5835,13.726],[100.5825,13.725],[100.5815,13.7265],[100.582,13.7275],[100.583,13.7275],[100.5825,13.728]],[[100.5825,13.7255],[100.5835,13.726],[100.5835,13.727],[100.5825,13.7255]],[[100.583,13.728],[100.583,13.727],[100.5835,13.7275],[100.583,13.728]]],[[[100.585,13.7265],[100.5845,13.729],[100.5855,13.729],[100.586,13.73],[100.587,13.729],[100.586,13.728],[100.587,13.728],[100.587,13.727],[100.586,13.7265],[100.5885,13.727],[100.589,13.724],[100.5885,13.723],[100.589,13.7235],[100.592,13.722],[100.593,13.7195],[100.5915,13.72],[100.591,13.719],[100.588,13.7205],[100.587,13.7225],[100.5875,13.7235],[100.587,13.7245],[100.586,13.7245],[100.5865,13.725],[100.586,13.7255],[100.587,13.726],[100.586,13.7255],[100.585,13.7265]],[[100.589,13.7205],[100.589,13.721],[100.589,13.7205]],[[100.5875,13.7225]],[[100.588,13.725],[100.588,13.724],[100.588,13.725]],[[100.588,13.7255],[100.588,13.726],[100.588,13.7255]],[[100.59,13.72]],[[100.59,13.721]]],[[[100.593,13.719],[100.5935,13.7185],[100.5955,13.7195],[100.595,13.7205],[100.596,13.721],[100.597,13.7205],[100.596,13.7195],[100.598,13.719],[100.598,13.7175],[100.5965,13.718],[100.5965,13.7175],[100.5995,13.7175],[100.599,13.7145],[100.6,13.7145],[100.6,13.7135],[100.603,13.7115],[100.6035,13.7125],[100.6025,13.713],[100.6035,13.7135],[100.6065,13.712],[100.605,13.7115],[100.604,13.71],[100.603,13.71],[100.603,13.711],[100.6015,13.711],[100.6015,13.712],[100.6,13.7125],[100.598,13.7115],[100.597,13.712],[100.598,13.713],[100.5975,13.7125],[100.5965,13.714],[100.597,13.716],[100.5955,13.718],[100.595,13.7175],[100.5955,13.718],[100.594,13.718],[100.5945,13.717],[100.5935,13.7165],[100.593,13.7175],[100.5935,13.718],[100.5925,13.718],[100.593,13.719]],[[100.598,13.7155]],[[100.5985,13.715]],[[100.5975,13.716],[100.5975,13.7165],[100.597,13.716],[100.5975,13.716]],[[100.597,13.7135],[100.5975,13.7135],[100.597,13.714],[100.597,13.7135]]],[[[100.6045,13.709],[100.6075,13.7095],[100.608,13.7105],[100.6095,13.7085],[100.609,13.7085],[100.6095,13.706],[100.608,13.7055],[100.609,13.7055],[100.6115,13.702],[100.612,13.7025],[100.6135,13.7015],[100.6095,13.6995],[100.61,13.701],[100.609,13.701],[100.609,13.703],[100.607,13.701],[100.6075,13.7025],[100.6055,13.7015],[100.605,13.702],[100.606,13.7025],[100.605,13.703],[100.606,13.7035],[100.6055,13.7045],[100.607,13.705],[100.606,13.706],[100.607,13.706],[100.606,13.709],[100.605,13.709],[100.6055,13.7075],[100.6045,13.709]],[[100.6075,13.706]],[[100.608,13.7055]],[[100.6075,13.704],[100.6075,13.703],[100.608,13.7035],[100.6075,13.704]],[[100.607,13.704],[100.6065,13.704],[100.607,13.704]],[[100.6085,13.7035],[100.609,13.7035],[100.6085,13.7045],[100.6085,13.7035]]],[[[100.611,13.6995],[100.6135,13.7],[100.614,13.701],[100.615,13.699],[100.614,13.6985],[100.6145,13.6975],[100.613,13.6985],[100.613,13.6975],[100.6105,13.6965],[100.6125,13.699],[100.611,13.6995]]],[[[100.609,13.694],[100.61,13.6935],[100.6115,13.6945],[100.6115,13.6955],[100.6125,13.6955],[100.616,13.692],[100.616,13.6925],[100.6175,13.692],[100.6165,13.69],[100.6155,13.6905],[100.615,13.6875],[100.614,13.688],[100.6155,13.6845],[100.6165,13.6845],[100.6145,13.683],[100.6145,13.682],[100.614,13.683],[100.6135,13.6825],[100.614,13.6815],[100.6135,13.681],[100.613,13.682],[100.6115,13.681],[100.6115,13.683],[100.613,13.6845],[100.612,13.685],[100.613,13.686],[100.6125,13.688],[100.614,13.688],[100.613,13.69],[100.6135,13.6895],[100.6145,13.6915],[100.6135,13.692],[100.6125,13.6915],[100.611,13.693],[100.6105,13.692],[100.609,13.694]],[[100.6145,13.6855],[100.6135,13.686],[100.6135,13.6855],[100.614,13.6855],[100.6145,13.685],[100.6145,13.6855]],[[100.614,13.684]],[[100.612,13.6835],[100.6125,13.6825],[100.6125,13.6835],[100.612,13.6835]]],[[[100.6145,13.68],[100.6175,13.681],[100.6175,13.679],[100.6185,13.68],[100.6185,13.679],[100.6195,13.6785],[100.618,13.677],[100.6175,13.678],[100.6165,13.677],[100.6155,13.678],[100.6155,13.677],[100.6145,13.677],[100.6155,13.676],[100.615,13.6755],[100.614,13.6765],[100.614,13.6755],[100.612,13.674],[100.6105,13.674],[100.6105,13.675],[100.6085,13.6755],[100.6095,13.676],[100.6125,13.6755],[100.6155,13.678],[100.6145,13.68]],[[100.6155,13.68],[100.616,13.679],[100.616,13.68],[100.6155,13.68]],[[100.617,13.679]]],[[[100.608,13.674],[100.6105,13.673],[100.6085,13.672],[100.608,13.6705],[100.6075,13.671],[100.608,13.6725],[100.607,13.6725],[100.608,13.674]]],[[[100.601,13.6715],[100.6005,13.6715],[100.601,13.674],[100.5995,13.6745],[100.601,13.6745],[100.6015,13.6755],[100.602,13.6745],[100.6025,13.6755],[100.6035,13.6755],[100.603,13.677],[100.604,13.677],[100.6055,13.674],[100.6035,13.674],[100.604,13.673],[100.603,13.671],[100.6025,13.6735],[100.601,13.6715]],[[100.6035,13.6745]]],[[[100.6055,13.674]]],[[[100.6055,13.674]]],[[[100.6055,13.674]]],[[[100.6055,13.674]]],[[[100.604,13.677]]],[[[100.604,13.677]]],[[[100.604,13.677]]],[[[100.604,13.677]]],[[[100.604,13.677]]],[[[100.604,13.677]]],[[[100.604,13.6775],[100.6035,13.681],[100.605,13.681],[100.6055,13.682],[100.6045,13.6815],[100.604,13.6825],[100.603,13.6825],[100.605,13.6835],[100.604,13.6845],[100.6025,13.684],[100.6035,13.686],[100.602,13.687],[100.604,13.6885],[100.603,13.69],[100.605,13.6905],[100.6035,13.69],[100.603,13.6905],[100.602,13.6895],[100.5995,13.6925],[100.597,13.6925],[100.5965,13.694],[100.598,13.694],[100.597,13.6945],[100.597,13.6955],[100.598,13.6955],[100.5985,13.6965],[100.5985,13.696],[100.6005,13.6965],[100.6005,13.6955],[100.5995,13.695],[100.6,13.693],[100.6015,13.6935],[100.6025,13.693],[100.6025,13.692],[100.6035,13.6925],[100.604,13.692],[100.6025,13.691],[100.605,13.692],[100.606,13.6905],[100.607,13.691],[100.6055,13.688],[100.6065,13.6875],[100.605,13.6865],[100.6055,13.687],[100.6075,13.685],[100.608,13.6855],[100.6085,13.685],[100.6075,13.6845],[100.6085,13.684],[100.606,13.682],[100.6065,13.681],[100.605,13.6805],[100.606,13.6795],[100.605,13.6775],[100.604,13.6775]],[[100.598,13.694]],[[100.6015,13.6925],[100.601,13.692],[100.6015,13.6925]],[[100.5995,13.694],[100.5995,13.6935],[100.5995,13.694]],[[100.599,13.6935],[100.5985,13.6935],[100.599,13.6935]],[[100.6025,13.692],[100.602,13.692],[100.6025,13.692]],[[100.6045,13.68],[100.6045,13.6805],[100.6045,13.68]],[[100.6055,13.69]],[[100.605,13.6855],[100.605,13.686],[100.605,13.6855]],[[100.6055,13.6845],[100.6055,13.684],[100.606,13.6845],[100.6055,13.6845]],[[100.605,13.6895]]],[[[100.6,13.697],[100.5995,13.6975],[100.6005,13.6995],[100.6025,13.6985],[100.6,13.697]]],[[[100.601,13.7],[100.5985,13.698],[100.598,13.6995],[100.5975,13.6985],[100.596,13.6985],[100.5955,13.699],[100.5965,13.7005],[100.5955,13.7025],[100.595,13.7015],[100.5935,13.7025],[100.593,13.702],[100.5925,13.7025],[100.5935,13.704],[100.591,13.703],[100.5915,13.704],[100.5925,13.704],[100.5915,13.7045],[100.592,13.706],[100.593,13.705],[100.5935,13.7055],[100.5925,13.707],[100.5935,13.7075],[100.593,13.708],[100.594,13.709],[100.593,13.7095],[100.5935,13.71],[100.5945,13.7095],[100.5945,13.7105],[100.597,13.7105],[100.5955,13.709],[100.596,13.708],[100.5965,13.709],[100.5975,13.709],[100.5965,13.708],[100.5975,13.706],[100.5965,13.7055],[100.595,13.707],[100.5955,13.7055],[100.595,13.705],[100.5945,13.7055],[100.594,13.7045],[100.5955,13.7045],[100.597,13.703],[100.5975,13.7035],[100.5975,13.7025],[100.5995,13.702],[100.5985,13.702],[100.599,13.7],[100.6005,13.7005],[100.601,13.7]],[[100.5985,13.701]],[[100.594,13.705],[100.5935,13.7055],[100.594,13.705]],[[100.5955,13.7035]],[[100.5935,13.7045]],[[100.597,13.703],[100.5965,13.7025],[100.597,13.7025],[100.597,13.703]],[[100.597,13.702],[100.597,13.701],[100.5975,13.7015],[100.597,13.702]],[[100.594,13.707],[100.5945,13.7065],[100.594,13.707]],[[100.5965,13.707],[100.5965,13.7075],[100.596,13.707],[100.5965,13.707]],[[100.5975,13.7005],[100.597,13.7],[100.5975,13.7],[100.5975,13.7005]],[[100.5985,13.6995],[100.5985,13.7],[100.5985,13.6995]]],[[[100.593,13.709],[100.593,13.7075],[100.592,13.7075],[100.5915,13.709],[100.5905,13.707],[100.5895,13.7085],[100.5905,13.7095],[100.5895,13.711],[100.589,13.71],[100.5885,13.711],[100.586,13.7105],[100.585,13.711],[100.584,13.7095],[100.583,13.7105],[100.582,13.71],[100.5815,13.7105],[100.5825,13.7115],[100.582,13.712],[100.5815,13.7115],[100.58,13.7145],[100.579,13.7145],[100.5805,13.7165],[100.58,13.716],[100.5765,13.7165],[100.576,13.715],[100.576,13.716],[100.575,13.716],[100.575,13.7175],[100.573,13.7185],[100.5715,13.721],[100.5745,13.7215],[100.574,13.7205],[100.576,13.7185],[100.5775,13.72],[100.5785,13.7195],[100.5785,13.718],[100.582,13.7165],[100.582,13.7155],[100.581,13.715],[100.583,13.715],[100.5825,13.7145],[100.584,13.7125],[100.5845,13.7135],[100.586,13.7135],[100.5855,13.714],[100.5865,13.715],[100.586,13.7145],[100.5885,13.7115],[100.589,13.712],[100.5915,13.71],[100.5915,13.709],[100.593,13.709]],[[100.574,13.7205]],[[100.574,13.72],[100.574,13.7195],[100.574,13.72]],[[100.573,13.7195],[100.5735,13.7195],[100.573,13.72],[100.573,13.7195]],[[100.5765,13.7175]],[[100.575,13.72],[100.575,13.7195],[100.575,13.72]],[[100.575,13.7185]],[[100.5785,13.7175],[100.5785,13.717],[100.5785,13.7175]],[[100.5785,13.7165]],[[100.5775,13.717],[100.5775,13.7175],[100.5775,13.717]],[[100.582,13.7125],[100.582,13.712],[100.582,13.7125]],[[100.5835,13.712]],[[100.5825,13.7135]],[[100.5865,13.7115]],[[100.5875,13.7115]]],[[[100.5735,13.7215],[100.5705,13.722],[100.57,13.723],[100.571,13.724],[100.5705,13.7245],[100.569,13.7215],[100.5665,13.7225],[100.5665,13.7205],[100.567,13.721],[100.5675,13.7205],[100.567,13.718],[100.5675,13.7175],[100.566,13.7165],[100.5645,13.7175],[100.565,13.7165],[100.5645,13.7155],[100.5635,13.715],[100.5615,13.7155],[100.562,13.715],[100.5615,13.7145],[100.559,13.7155],[100.5615,13.714],[100.561,13.7135],[100.559,13.7145],[100.5595,13.713],[100.559,13.712],[100.5575,13.713],[100.5585,13.714],[100.5565,13.713],[100.556,13.7145],[100.5545,13.713],[100.5535,13.713],[100.552,13.717],[100.5515,13.716],[100.55,13.7185],[100.5495,13.7175],[100.549,13.718],[100.548,13.7175],[100.5475,13.718],[100.548,13.7185],[100.544,13.7175],[100.543,13.7205],[100.542,13.7195],[100.5395,13.72],[100.5395,13.721],[100.541,13.7215],[100.5405,13.723],[100.541,13.723],[100.5415,13.722],[100.543,13.7225],[100.5435,13.722],[100.5425,13.7215],[100.543,13.721],[100.5455,13.7205],[100.5465,13.721],[100.5475,13.7205],[100.548,13.7215],[100.5485,13.7215],[100.548,13.7205],[100.549,13.721],[100.5495,13.7205],[100.5505,13.7215],[100.5505,13.72],[100.5525,13.719],[100.5525,13.717],[100.5535,13.7165],[100.5555,13.7175],[100.555,13.7185],[100.556,13.719],[100.556,13.718],[100.557,13.7175],[100.556,13.717],[100.558,13.715],[100.5585,13.7165],[100.5595,13.716],[100.559,13.717],[100.56,13.7165],[100.563,13.7175],[100.5635,13.718],[100.563,13.7185],[100.5645,13.719],[100.565,13.7205],[100.564,13.721],[100.565,13.722],[100.5655,13.7215],[100.565,13.7225],[100.565,13.722],[100.5635,13.7225],[100.565,13.724],[100.564,13.7255],[100.5625,13.726],[100.5635,13.727],[100.5605,13.7275],[100.56,13.7305],[100.5595,13.7275],[100.559,13.7325],[100.5595,13.7305],[100.5605,13.7315],[100.561,13.73],[100.5625,13.7315],[100.563,13.731],[100.5645,13.732],[100.564,13.731],[100.5645,13.7295],[100.5635,13.7285],[100.5665,13.727],[100.566,13.7265],[100.567,13.7255],[100.567,13.724],[100.568,13.725],[100.57,13.7245],[100.573,13.726],[100.572,13.7235],[100.5735,13.7225],[100.573,13.7225],[100.5735,13.7215]],[[100.569,13.723]],[[100.5615,13.728],[100.562,13.728],[100.5615,13.7295],[100.5615,13.728]],[[100.556,13.716]],[[100.561,13.716],[100.5605,13.716],[100.56,13.716],[100.561,13.7155],[100.561,13.716]],[[100.5655,13.723],[100.566,13.723],[100.5655,13.723]],[[100.565,13.719],[100.566,13.7185],[100.566,13.719],[100.565,13.719]],[[100.566,13.718]],[[100.5635,13.7295]],[[100.563,13.728],[100.5635,13.7275],[100.5635,13.728],[100.563,13.728]],[[100.5625,13.73],[100.5625,13.729],[100.5625,13.73]],[[100.5625,13.7275]],[[100.5625,13.717],[100.5625,13.716],[100.5635,13.716],[100.5625,13.717]],[[100.5645,13.7265]],[[100.5665,13.7195]],[[100.5665,13.7185]],[[100.5685,13.7245],[100.568,13.724],[100.5675,13.724],[100.5685,13.724],[100.5685,13.7245]],[[100.5715,13.7235],[100.5715,13.724],[100.5715,13.7235]]],[[[100.5405,13.723],[100.5395,13.7225],[100.54,13.722],[100.5395,13.721],[100.5385,13.7215],[100.538,13.72],[100.536,13.7185],[100.537,13.718],[100.5345,13.713],[100.534,13.7135],[100.533,13.713],[100.5325,13.714],[100.533,13.7145],[100.5315,13.7135],[100.53,13.715],[100.529,13.7145],[100.5295,13.713],[100.529,13.712],[100.5265,13.712],[100.525,13.7135],[100.527,13.715],[100.528,13.7145],[100.5285,13.717],[100.5295,13.7175],[100.53,13.7165],[100.532,13.717],[100.532,13.716],[100.5335,13.716],[100.534,13.717],[100.5335,13.7175],[100.5345,13.7185],[100.534,13.719],[100.5365,13.7205],[100.535,13.722],[100.5385,13.724],[100.539,13.7225],[100.539,13.724],[100.5395,13.723],[100.5405,13.723]],[[100.529,13.7165],[100.5295,13.7165],[100.529,13.7165]],[[100.5285,13.716],[100.529,13.716],[100.529,13.7165],[100.5285,13.716]],[[100.5295,13.715],[100.529,13.715],[100.5295,13.715]],[[100.53,13.716]],[[100.5355,13.718],[100.5355,13.7185],[100.5355,13.718]],[[100.5355,13.7165],[100.535,13.716],[100.5355,13.716],[100.5355,13.7165]],[[100.537,13.7195],[100.5365,13.7195],[100.537,13.7195]]],[[[100.5265,13.715],[100.526,13.715],[100.5255,13.715],[100.5265,13.715]]],[[[100.5255,13.715]]],[[[100.5255,13.715]]],[[[100.525,13.7155],[100.5235,13.716],[100.5245,13.7165],[100.525,13.7155]]],[[[100.5235,13.7155],[100.524,13.7145],[100.5235,13.7135],[100.5245,13.7125],[100.521,13.71],[100.521,13.711],[100.5195,13.7105],[100.519,13.7115],[100.518,13.711],[100.518,13.712],[100.5165,13.7125],[100.5165,13.711],[100.5155,13.7105],[100.515,13.711],[100.513,13.71],[100.512,13.711],[100.5125,13.7105],[100.512,13.7095],[100.5105,13.71],[100.5105,13.711],[100.5115,13.7115],[100.5105,13.712],[100.5115,13.714],[100.511,13.7135],[100.5105,13.714],[100.512,13.7155],[100.5125,13.7125],[100.517,13.7145],[100.517,13.7155],[100.518,13.7155],[100.518,13.714],[100.5195,13.714],[100.52,13.713],[100.521,13.7135],[100.5205,13.7145],[100.5215,13.7135],[100.5235,13.7155]],[[100.518,13.7135],[100.518,13.713],[100.5185,13.713],[100.5185,13.7135],[100.518,13.7135]],[[100.523,13.7125],[100.523,13.713],[100.522,13.713],[100.523,13.7125]],[[100.522,13.712],[100.5225,13.712],[100.522,13.712]],[[100.5205,13.713],[100.5205,13.7125],[100.521,13.7125],[100.521,13.713],[100.5205,13.713]],[[100.5205,13.7115],[100.5205,13.712],[100.5205,13.7115]],[[100.5195,13.713]]],[[[100.5105,13.7185],[100.5095,13.718],[100.51,13.717],[100.509,13.717],[100.51,13.716],[100.509,13.7165],[100.509,13.7155],[100.507,13.7145],[100.5065,13.715],[100.506,13.714],[100.504,13.714],[100.5035,13.715],[100.5045,13.715],[100.504,13.716],[100.5035,13.7145],[100.5025,13.714],[100.502,13.715],[100.5015,13.7135],[100.5,13.715],[100.498,13.7155],[100.4945,13.713],[100.4935,13.714],[100.4935,13.713],[100.4925,13.713],[100.492,13.715],[100.489,13.7135],[100.488,13.7115],[100.4875,13.712],[100.488,13.713],[100.4855,13.7115],[100.4855,13.7125],[100.4845,13.712],[100.4835,13.7135],[100.4815,13.7125],[100.4805,13.714],[100.479,13.714],[100.4795,13.713],[100.479,13.7125],[100.4785,13.715],[100.479,13.7165],[100.481,13.7155],[100.482,13.7165],[100.4825,13.7155],[100.481,13.7145],[100.484,13.7155],[100.4855,13.714],[100.486,13.715],[100.4885,13.714],[100.489,13.715],[100.488,13.715],[100.4895,13.717],[100.4875,13.717],[100.4885,13.7175],[100.488,13.718],[100.4885,13.7185],[100.49,13.719],[100.489,13.718],[100.49,13.717],[100.493,13.7185],[100.4915,13.7155],[100.4925,13.7155],[100.4925,13.7165],[100.494,13.7155],[100.496,13.718],[100.4975,13.7175],[100.497,13.717],[100.498,13.717],[100.4985,13.7155],[100.5005,13.7155],[100.501,13.7165],[100.5035,13.716],[100.5035,13.7165],[100.505,13.716],[100.506,13.717],[100.5065,13.7165],[100.507,13.718],[100.508,13.7175],[100.509,13.719],[100.5105,13.7185]],[[100.48,13.715],[100.479,13.7145],[100.4805,13.7145],[100.48,13.715]],[[100.496,13.7155],[100.4945,13.7155],[100.4955,13.7145],[100.496,13.7155]],[[100.49,13.7155]],[[100.4905,13.7145]],[[100.484,13.7135],[100.4835,13.7135],[100.484,13.7135]],[[100.4865,13.714],[100.486,13.714],[100.4865,13.714]],[[100.49,13.7165],[100.491,13.7165],[100.491,13.717],[100.49,13.7165]],[[100.4945,13.7155]],[[100.4975,13.717]],[[100.4965,13.716],[100.4965,13.7165],[100.497,13.7165],[100.4965,13.716]],[[100.51,13.7185],[100.5095,13.719],[100.5095,13.7185],[100.51,13.7185]]],[[[100.48,13.7095],[100.4825,13.707],[100.48,13.7065],[100.479,13.7075],[100.48,13.706],[100.479,13.7055],[100.4795,13.705],[100.479,13.704],[100.4785,13.705],[100.4775,13.705],[100.4775,13.707],[100.477,13.7055],[100.476,13.7065],[100.4745,13.7065],[100.4745,13.7075],[100.4765,13.708],[100.4765,13.709],[100.478,13.7075],[100.479,13.7085],[100.478,13.709],[100.48,13.7095]],[[100.48,13.7085],[100.4795,13.7085],[100.48,13.7085]]],[[[100.477,13.71],[100.4755,13.709],[100.476,13.71],[100.4755,13.71],[100.477,13.71]]],[[[100.475,13.709],[100.4735,13.706],[100.4725,13.707],[100.473,13.708],[100.472,13.708],[100.472,13.707],[100.4705,13.707],[100.4715,13.707],[100.471,13.706],[100.4695,13.7065],[100.468,13.7045],[100.467,13.705],[100.468,13.706],[100.466,13.707],[100.467,13.7075],[100.465,13.707],[100.465,13.7085],[100.464,13.709],[100.465,13.7105],[100.466,13.708],[100.466,13.709],[100.467,13.7085],[100.4675,13.7095],[100.469,13.7085],[100.469,13.7075],[100.4695,13.7085],[100.471,13.7085],[100.4705,13.709],[100.471,13.7095],[100.472,13.709],[100.473,13.71],[100.475,13.709]],[[100.4705,13.707]],[[100.474,13.709],[100.474,13.7095],[100.474,13.709]],[[100.474,13.709]]],[[[100.465,13.7105]]],[[[100.465,13.7105]]],[[[100.465,13.7105]]],[[[100.465,13.7105]]],[[[100.465,13.7105]]],[[[100.465,13.7105]]],[[[100.465,13.7105]]],[[[100.4635,13.713],[100.4645,13.7125],[100.462,13.71],[100.4615,13.711],[100.4605,13.711],[100.4605,13.7125],[100.462,13.7125],[100.464,13.714],[100.4635,13.713]]],[[[100.4555,13.717],[100.4565,13.718],[100.457,13.717],[100.459,13.7175],[100.4575,13.7165],[100.4575,13.715],[100.457,13.7165],[100.4565,13.7155],[100.4555,13.716],[100.4555,13.717]]],[[[100.455,13.7155],[100.4555,13.715],[100.455,13.7115],[100.4525,13.7135],[100.453,13.715],[100.452,13.714],[100.451,13.715],[100.4505,13.7135],[100.4515,13.7135],[100.4485,13.712],[100.4495,13.7145],[100.4485,13.7145],[100.4485,13.7155],[100.4505,13.715],[100.4505,13.716],[100.452,13.716],[100.4525,13.717],[100.453,13.716],[100.454,13.716],[100.454,13.715],[100.455,13.7155]],[[100.454,13.714]],[[100.4545,13.713],[100.454,13.713],[100.4545,13.713]]],[[[100.446,13.7105],[100.4475,13.71],[100.4475,13.7085],[100.445,13.71],[100.446,13.7105]]],[[[100.445,13.71]]],[[[100.445,13.71]]],[[[100.445,13.71]]],[[[100.445,13.71]]],[[[100.445,13.71]]],[[[100.445,13.71]]],[[[100.445,13.71]]],[[[100.445,13.7105]]],[[[100.445,13.7105]]],[[[100.445,13.7105],[100.445,13.711],[100.4455,13.711],[100.445,13.7105]]],[[[100.4415,13.712],[100.4415,13.7105],[100.4405,13.7105],[100.4415,13.7095],[100.439,13.7095],[100.439,13.7085],[100.4375,13.709],[100.4385,13.711],[100.438,13.7115],[100.4395,13.711],[100.4395,13.712],[100.4405,13.7125],[100.4415,13.712]],[[100.439,13.7105],[100.4395,13.7105],[100.439,13.7105]]],[[[100.4315,13.709],[100.4285,13.708],[100.429,13.7095],[100.428,13.7105],[100.4285,13.712],[100.429,13.711],[100.431,13.711],[100.4315,13.709]],[[100.43,13.711],[100.4305,13.7105],[100.4305,13.711],[100.43,13.711]],[[100.4305,13.7105]]],[[[100.428,13.7105]]],[[[100.428,13.7105]]],[[[100.428,13.7105]]],[[[100.4275,13.71],[100.427,13.7075],[100.426,13.708],[100.4255,13.707],[100.424,13.707],[100.424,13.7085],[100.4255,13.7075],[100.4275,13.71]]],[[[100.4225,13.7065],[100.422,13.706],[100.4215,13.706],[100.4225,13.7065]]],[[[100.4215,13.706]]],[[[100.421,13.706],[100.423,13.704],[100.4215,13.702],[100.4205,13.7025],[100.421,13.7035],[100.4195,13.703],[100.419,13.7045],[100.4175,13.7045],[100.4195,13.7055],[100.4195,13.7065],[100.4205,13.705],[100.421,13.706]],[[100.42,13.7045],[100.42,13.705],[100.42,13.7045]]],[[[100.418,13.7085],[100.418,13.7075],[100.417,13.708],[100.4165,13.706],[100.416,13.707],[100.4165,13.7075],[100.4155,13.708],[100.416,13.7095],[100.4165,13.71],[100.4165,13.709],[100.4175,13.7095],[100.418,13.7085]]],[[[100.416,13.7095]]],[[[100.416,13.7095]]],[[[100.416,13.7095]]],[[[100.416,13.7095]]],[[[100.416,13.7095]]],[[[100.4155,13.7095]]],[[[100.4155,13.7095]]],[[[100.4155,13.7095],[100.4155,13.71],[100.4155,13.7095]]],[[[100.4155,13.7095],[100.415,13.7075],[100.416,13.7075],[100.415,13.7065],[100.414,13.707],[100.414,13.709],[100.4155,13.7095]]],[[[100.538,13.7535],[100.5375,13.7525],[100.539,13.7515],[100.5385,13.7505],[100.54,13.75],[100.54,13.749],[100.539,13.7485],[100.538,13.7495],[100.5365,13.7495],[100.536,13.751],[100.5375,13.7515],[100.536,13.753],[100.538,13.7535]],[[100.537,13.75],[100.5375,13.7505],[100.537,13.75]]],[[[100.5375,13.7415],[100.535,13.737],[100.5355,13.7355],[100.537,13.7345],[100.5365,13.735],[100.536,13.734],[100.535,13.7345],[100.5345,13.7335],[100.5345,13.7345],[100.532,13.7355],[100.533,13.736],[100.531,13.738],[100.531,13.739],[100.531,13.7385],[100.53,13.739],[100.5305,13.741],[100.532,13.741],[100.5325,13.742],[100.5345,13.7385],[100.536,13.7395],[100.5355,13.741],[100.536,13.742],[100.537,13.7425],[100.5375,13.7415]],[[100.532,13.7405],[100.5325,13.7405],[100.532,13.7405]],[[100.5325,13.738]],[[100.535,13.736]]],[[[100.504,13.7175],[100.5045,13.718],[100.505,13.7175],[100.504,13.7175]]],[[[100.431,13.712],[100.4305,13.712],[100.431,13.712]]],[[[100.443,13.7155],[100.4425,13.717],[100.4435,13.7165],[100.443,13.7155]]],[[[100.442,13.7125],[100.4425,13.7135],[100.443,13.713],[100.442,13.7125]]],[[[100.445,13.718]]],[[[100.4495,13.7185],[100.449,13.719],[100.4495,13.719],[100.4495,13.7185]]],[[[100.4525,13.7215]]],[[[100.471,13.7255],[100.47,13.7245],[100.4705,13.7235],[100.469,13.724],[100.4695,13.7245],[100.469,13.7255],[100.4695,13.725],[100.471,13.7255]],[[100.47,13.724]]],[[[100.4725,13.724],[100.472,13.723],[100.4705,13.723],[100.472,13.7245],[100.4725,13.724]]],[[[100.466,13.7155]]],[[[100.4615,13.7255]]],[[[100.466,13.722],[100.4665,13.722],[100.466,13.722]]],[[[100.468,13.758]]],[[[100.468,13.758]]],[[[100.468,13.7575]]],[[[100.468,13.758]]],[[[100.4685,13.743]]],[[[100.4685,13.743]]],[[[100.469,13.717],[100.4695,13.717],[100.4695,13.7165],[100.4695,13.716],[100.469,13.717]]],[[[100.4695,13.716]]],[[[100.4695,13.7625]]],[[[100.47,13.752]]],[[[100.474,13.756]]],[[[100.474,13.756]]],[[[100.473,13.7355],[100.473,13.735],[100.473,13.7355]]],[[[100.473,13.7355]]],[[[100.472,13.7435]]],[[[100.472,13.7435]]],[[[100.473,13.741],[100.4735,13.7405],[100.473,13.741]]],[[[100.473,13.767],[100.4735,13.767],[100.473,13.767]]],[[[100.473,13.7105],[100.473,13.71],[100.473,13.7105]]],[[[100.472,13.71],[100.4725,13.7105],[100.472,13.71]]],[[[100.478,13.71]]],[[[100.475,13.725],[100.475,13.7245],[100.475,13.725]]],[[[100.4795,13.733]]],[[[100.4925,13.7165]]],[[[100.4925,13.7165]]],[[[100.4895,13.7355]]],[[[100.499,13.717]]],[[[100.5045,13.733]]],[[[100.5045,13.7325],[100.5045,13.733],[100.5045,13.7325]]],[[[100.5045,13.7325]]],[[[100.5045,13.7325]]],[[[100.5045,13.7325]]],[[[100.5045,13.7325]]],[[[100.5045,13.7325]]],[[[100.5045,13.7325]]],[[[100.5045,13.7325]]],[[[100.5045,13.7325]]],[[[100.5045,13.7325]]],[[[100.5045,13.7325]]],[[[100.4935,13.7835],[100.495,13.7825],[100.4945,13.782],[100.493,13.7825],[100.4935,13.7835]]],[[[100.497,13.788]]],[[[100.497,13.788]]],[[[100.497,13.788],[100.4975,13.788],[100.4975,13.7875],[100.497,13.7875],[100.497,13.788]]],[[[100.495,13.7495],[100.4955,13.7495],[100.495,13.7495]]],[[[100.5195,13.7155],[100.519,13.715],[100.519,13.716],[100.5195,13.7155]]],[[[100.5185,13.7145],[100.5185,13.714],[100.5185,13.7145]]],[[[100.5185,13.7145]]],[[[100.5185,13.7145]]],[[[100.5215,13.7415]]],[[[100.5215,13.7415]]],[[[100.5215,13.7415]]],[[[100.531,13.7615],[100.5315,13.763],[100.5315,13.762],[100.5325,13.762],[100.532,13.761],[100.531,13.7615]]],[[[100.531,13.7385]]],[[[100.531,13.738]]],[[[100.531,13.738]]],[[[100.527,13.7365]]],[[[100.526,13.7445],[100.526,13.746],[100.526,13.7445]]],[[[100.526,13.746]]],[[[100.526,13.746]]],[[[100.5255,13.716],[100.525,13.7165],[100.5255,13.716]]],[[[100.525,13.7235],[100.525,13.722],[100.524,13.7235],[100.525,13.7235]]],[[[100.534,13.7655],[100.534,13.765],[100.5335,13.765],[100.534,13.7655]]],[[[100.5335,13.7595],[100.532,13.76],[100.5325,13.7605],[100.5335,13.7595]]],[[[100.534,13.7495],[100.5345,13.75],[100.534,13.7495]]],[[[100.5335,13.7195],[100.534,13.719],[100.5335,13.719],[100.5335,13.7195]]],[[[100.532,13.7335]]],[[[100.532,13.7335]]],[[[100.532,13.7335]]],[[[100.532,13.7335]]],[[[100.532,13.7335]]],[[[100.532,13.7335]]],[[[100.532,13.7335],[100.532,13.734],[100.5325,13.734],[100.532,13.7335]]],[[[100.5365,13.7685]]],[[[100.5365,13.7685]]],[[[100.5375,13.7425]]],[[[100.5095,13.795]]],[[[100.5135,13.8035]]],[[[100.536,13.8975],[100.5355,13.8955],[100.535,13.896],[100.5355,13.8975],[100.5335,13.8975],[100.5335,13.899],[100.532,13.8995],[100.534,13.9],[100.5325,13.9],[100.532,13.901],[100.5335,13.9015],[100.534,13.9005],[100.5355,13.9005],[100.5355,13.899],[100.537,13.9],[100.5375,13.8985],[100.537,13.8975],[100.536,13.8975]]],[[[100.531,13.8995],[100.531,13.8955],[100.5285,13.897],[100.5275,13.896],[100.5265,13.897],[100.528,13.8975],[100.5265,13.8975],[100.5255,13.9],[100.5245,13.8985],[100.523,13.899],[100.523,13.9],[100.522,13.9005],[100.523,13.901],[100.522,13.902],[100.522,13.9035],[100.5205,13.9035],[100.5195,13.905],[100.5205,13.9045],[100.5225,13.9055],[100.5235,13.905],[100.5235,13.904],[100.525,13.904],[100.5245,13.9015],[100.5265,13.902],[100.5265,13.9],[100.5275,13.9],[100.528,13.8995],[100.5275,13.899],[100.529,13.899],[100.529,13.898],[100.53,13.8985],[100.5305,13.897],[100.53,13.899],[100.531,13.8995]],[[100.524,13.9015]]],[[[100.5195,13.904],[100.52,13.9035],[100.5195,13.903],[100.5185,13.9035],[100.5195,13.904]]],[[[100.518,13.903],[100.52,13.9015],[100.516,13.9005],[100.516,13.8985],[100.514,13.899],[100.513,13.898],[100.5125,13.899],[100.5115,13.899],[100.512,13.8995],[100.5115,13.9],[100.512,13.9005],[100.511,13.901],[100.512,13.902],[100.5115,13.903],[100.5135,13.905],[100.516,13.9015],[100.518,13.903]],[[100.514,13.9015]],[[100.5135,13.901],[100.513,13.901],[100.5135,13.901]],[[100.513,13.9005],[100.513,13.8995],[100.514,13.8995],[100.514,13.9005],[100.513,13.9005]],[[100.512,13.901],[100.5125,13.901],[100.512,13.901]],[[100.515,13.902],[100.515,13.9015],[100.5155,13.9015],[100.515,13.902]],[[100.5155,13.9005]]],[[[100.512,13.8965],[100.512,13.897],[100.5125,13.897],[100.5125,13.8965],[100.512,13.8965]]],[[[100.5125,13.8965]]],[[[100.5125,13.8965]]],[[[100.5125,13.8965],[100.5125,13.896],[100.5125,13.8965]]],[[[100.5125,13.896]]],[[[100.512,13.8955],[100.5135,13.8955],[100.514,13.8935],[100.513,13.895],[100.5115,13.8955],[100.512,13.8955]]],[[[100.5115,13.8955],[100.511,13.8955],[100.5115,13.8955]]],[[[100.511,13.8955]]],[[[100.511,13.8955]]],[[[100.5105,13.894],[100.511,13.895],[100.5115,13.894],[100.5105,13.894]]],[[[100.531,13.8315],[100.5325,13.8315],[100.532,13.832],[100.5325,13.833],[100.536,13.831],[100.535,13.83],[100.5355,13.8295],[100.535,13.828],[100.5375,13.8265],[100.5355,13.825],[100.5315,13.8265],[100.5325,13.831],[100.531,13.8315]],[[100.533,13.828],[100.5345,13.828],[100.534,13.8285],[100.533,13.828]],[[100.5335,13.83],[100.5335,13.8305],[100.533,13.8305],[100.5335,13.83]],[[100.5335,13.827]],[[100.5335,13.826],[100.534,13.8265],[100.5335,13.826]],[[100.535,13.8265],[100.5345,13.8265],[100.535,13.8265]]],[[[100.5355,13.8245],[100.537,13.825],[100.537,13.826],[100.538,13.826],[100.539,13.8245],[100.539,13.8235],[100.538,13.823],[100.54,13.821],[100.5375,13.8215],[100.5375,13.8225],[100.535,13.822],[100.536,13.8225],[100.5355,13.8245]],[[100.536,13.8225],[100.5365,13.8225],[100.536,13.8225]]],[[[100.5365,13.819],[100.5375,13.816],[100.5355,13.8145],[100.534,13.8165],[100.534,13.818],[100.5365,13.819]]],[[[100.5335,13.815],[100.5345,13.814],[100.534,13.8135],[100.5355,13.814],[100.5355,13.813],[100.5375,13.8115],[100.537,13.811],[100.5385,13.8105],[100.5385,13.809],[100.539,13.8105],[100.5415,13.811],[100.5425,13.813],[100.5435,13.8115],[100.5425,13.8115],[100.5415,13.8085],[100.54,13.808],[100.54,13.81],[100.54,13.8085],[100.5385,13.808],[100.539,13.807],[100.5365,13.807],[100.537,13.808],[100.5355,13.8085],[100.5345,13.8105],[100.5325,13.8095],[100.5325,13.8105],[100.534,13.8105],[100.532,13.8135],[100.5335,13.815]]],[[[100.5415,13.8085],[100.5425,13.808],[100.541,13.8045],[100.5405,13.805],[100.54,13.804],[100.5415,13.8085]]],[[[100.5415,13.8005],[100.543,13.804],[100.544,13.8045],[100.5425,13.8],[100.5415,13.8005]]],[[[100.5425,13.7995],[100.542,13.7985],[100.5435,13.798],[100.544,13.799],[100.545,13.798],[100.5415,13.798],[100.5425,13.7995]]],[[[100.5475,13.8025],[100.5475,13.804],[100.547,13.8025],[100.5465,13.803],[100.5465,13.8065],[100.5475,13.806],[100.548,13.8075],[100.549,13.807],[100.5485,13.808],[100.5505,13.8115],[100.552,13.809],[100.552,13.811],[100.554,13.8115],[100.5545,13.811],[100.553,13.8085],[100.5525,13.809],[100.551,13.808],[100.552,13.807],[100.5515,13.8055],[100.552,13.804],[100.551,13.8045],[100.5495,13.8045],[100.549,13.8035],[100.5475,13.804],[100.5475,13.8025]],[[100.55,13.8075],[100.549,13.807],[100.5495,13.8065],[100.55,13.8075]],[[100.5495,13.8055]],[[100.5475,13.8055],[100.547,13.805],[100.547,13.8045],[100.5475,13.8045],[100.5475,13.8055]],[[100.551,13.8075]],[[100.55,13.808],[100.5505,13.808],[100.55,13.8085],[100.55,13.808]],[[100.5505,13.807]],[[100.5505,13.806],[100.55,13.806],[100.5505,13.806]],[[100.551,13.8045],[100.5505,13.8045],[100.551,13.8045]]],[[[100.5535,13.809],[100.5555,13.8115],[100.5545,13.8115],[100.554,13.813],[100.556,13.815],[100.556,13.817],[100.555,13.817],[100.5545,13.815],[100.5545,13.816],[100.553,13.8155],[100.5525,13.818],[100.554,13.8195],[100.556,13.82],[100.5555,13.821],[100.5565,13.8215],[100.5575,13.821],[100.558,13.825],[100.559,13.8245],[100.5585,13.827],[100.56,13.826],[100.5595,13.8275],[100.5605,13.828],[100.563,13.8265],[100.563,13.8285],[100.561,13.8305],[100.563,13.8305],[100.564,13.833],[100.5665,13.835],[100.566,13.835],[100.5665,13.8365],[100.5685,13.8355],[100.5685,13.8365],[100.5695,13.837],[100.5705,13.8365],[100.57,13.838],[100.573,13.8385],[100.5725,13.8365],[100.571,13.837],[100.572,13.835],[100.5705,13.835],[100.5695,13.834],[100.569,13.835],[100.5685,13.834],[100.5675,13.834],[100.567,13.8325],[100.568,13.832],[100.565,13.831],[100.5645,13.83],[100.565,13.8275],[100.5645,13.8265],[100.564,13.828],[100.5635,13.8265],[100.5655,13.827],[100.566,13.8265],[100.5625,13.8255],[100.5615,13.826],[100.5605,13.8255],[100.561,13.8245],[100.5595,13.824],[100.561,13.824],[100.5605,13.823],[100.562,13.823],[100.5615,13.822],[100.562,13.822],[100.5605,13.822],[100.5615,13.821],[100.5615,13.8195],[100.559,13.8195],[100.5575,13.8185],[100.5575,13.8175],[100.5565,13.8175],[100.556,13.816],[100.558,13.816],[100.558,13.8145],[100.5565,13.812],[100.557,13.811],[100.5565,13.8115],[100.556,13.811],[100.557,13.81],[100.554,13.8085],[100.5535,13.809]],[[100.5575,13.819],[100.558,13.819],[100.5575,13.819]],[[100.557,13.815],[100.5555,13.8135],[100.5555,13.8125],[100.5565,13.8125],[100.5575,13.815],[100.557,13.815]],[[100.555,13.8175],[100.554,13.818],[100.5535,13.8175],[100.555,13.8175]],[[100.5565,13.8195],[100.557,13.8195],[100.5565,13.8195]],[[100.559,13.822],[100.5595,13.822],[100.559,13.822]],[[100.56,13.8195],[100.5595,13.82],[100.5595,13.8205],[100.5595,13.8195],[100.56,13.8195]]],[[[100.5725,13.8385]]],[[[100.5725,13.8385]]],[[[100.5725,13.8385]]],[[[100.5725,13.8385],[100.5725,13.839],[100.5725,13.8385]]],[[[100.5725,13.839]]],[[[100.5725,13.839]]],[[[100.5725,13.839]]],[[[100.5725,13.839]]],[[[100.5725,13.839]]],[[[100.5725,13.839]]],[[[100.5725,13.839]]],[[[100.5725,13.839],[100.572,13.84],[100.572,13.839],[100.571,13.8395],[100.5705,13.841],[100.5715,13.841],[100.5695,13.842],[100.5685,13.844],[100.569,13.8445],[100.57,13.844],[100.572,13.846],[100.57,13.8455],[100.5695,13.847],[100.572,13.848],[100.572,13.849],[100.576,13.8495],[100.5755,13.851],[100.575,13.8505],[100.5745,13.851],[100.5745,13.852],[100.5755,13.8515],[100.5735,13.8525],[100.575,13.8535],[100.576,13.8555],[100.5775,13.854],[100.5775,13.856],[100.579,13.8555],[100.5775,13.857],[100.576,13.8565],[100.576,13.8575],[100.58,13.858],[100.5795,13.857],[100.581,13.8565],[100.5805,13.8555],[100.581,13.855],[100.58,13.8545],[100.5795,13.8555],[100.5795,13.854],[100.5775,13.8535],[100.5775,13.8525],[100.576,13.8515],[100.5765,13.8495],[100.577,13.85],[100.5775,13.849],[100.577,13.8475],[100.578,13.847],[100.577,13.847],[100.5765,13.846],[100.5755,13.8465],[100.576,13.8475],[100.575,13.8485],[100.574,13.847],[100.573,13.847],[100.5735,13.845],[100.5745,13.8445],[100.572,13.843],[100.572,13.842],[100.5735,13.8415],[100.5725,13.839]],[[100.58,13.856]],[[100.5715,13.844],[100.5715,13.8435],[100.572,13.844],[100.5715,13.844]],[[100.573,13.844]],[[100.5775,13.854],[100.577,13.8535],[100.577,13.853],[100.5775,13.853],[100.5775,13.854]],[[100.5755,13.8535],[100.5755,13.853],[100.576,13.853],[100.5755,13.8535]]],[[[100.5815,13.858],[100.5805,13.8625],[100.581,13.863],[100.5815,13.862],[100.5825,13.8625],[100.584,13.861],[100.582,13.86],[100.5835,13.8595],[100.583,13.858],[100.5815,13.858]]],[[[100.5865,13.8615],[100.587,13.865],[100.588,13.8645],[100.588,13.8625],[100.5875,13.8615],[100.5865,13.8615]]],[[[100.589,13.8685],[100.587,13.8675],[100.5865,13.872],[100.5875,13.873],[100.5885,13.8725],[100.588,13.873],[100.5895,13.874],[100.5885,13.8765],[100.589,13.877],[100.5895,13.8765],[100.59,13.878],[100.5905,13.8775],[100.5905,13.879],[100.589,13.878],[100.5885,13.8795],[100.588,13.8775],[100.587,13.878],[100.5865,13.877],[100.584,13.877],[100.5835,13.8775],[100.5845,13.8785],[100.5835,13.878],[100.584,13.879],[100.5825,13.88],[100.584,13.879],[100.5875,13.8805],[100.593,13.8775],[100.5915,13.878],[100.591,13.8775],[100.5925,13.8755],[100.5915,13.875],[100.5925,13.8735],[100.5915,13.8725],[100.592,13.872],[100.59,13.8735],[100.5895,13.873],[100.5905,13.873],[100.59,13.872],[100.588,13.871],[100.589,13.8685]],[[100.59,13.875],[100.59,13.8745],[100.5905,13.8745],[100.5905,13.875],[100.59,13.875]],[[100.588,13.8695],[100.588,13.87],[100.588,13.8695]],[[100.588,13.8685],[100.588,13.869],[100.588,13.8685]],[[100.588,13.872]],[[100.5875,13.879],[100.5875,13.8785],[100.588,13.8795],[100.5875,13.879]],[[100.5915,13.874],[100.591,13.8745],[100.591,13.874],[100.5915,13.874]]],[[[100.582,13.88],[100.5815,13.8805],[100.5815,13.881],[100.582,13.8805],[100.582,13.88]]],[[[100.5815,13.88],[100.581,13.879],[100.5815,13.8785],[100.5795,13.877],[100.5785,13.8775],[100.578,13.8765],[100.5765,13.8775],[100.577,13.8785],[100.5755,13.879],[100.576,13.88],[100.575,13.8805],[100.5755,13.881],[100.575,13.882],[100.5735,13.8825],[100.5715,13.8815],[100.571,13.8835],[100.572,13.8845],[100.571,13.884],[100.57,13.885],[100.57,13.884],[100.569,13.8835],[100.5685,13.885],[100.569,13.883],[100.567,13.8825],[100.5665,13.884],[100.5635,13.885],[100.5625,13.8845],[100.5625,13.8865],[100.5615,13.887],[100.5605,13.8855],[100.5585,13.886],[100.5585,13.885],[100.5575,13.885],[100.5555,13.8865],[100.5565,13.889],[100.5535,13.8905],[100.554,13.892],[100.5525,13.8915],[100.5535,13.895],[100.5545,13.8945],[100.554,13.8935],[100.555,13.8935],[100.556,13.8915],[100.5575,13.8915],[100.5565,13.8895],[100.5575,13.889],[100.5575,13.888],[100.5595,13.8885],[100.559,13.8895],[100.5595,13.8905],[100.5605,13.8905],[100.56,13.8895],[100.561,13.8885],[100.5615,13.89],[100.5625,13.8895],[100.564,13.8865],[100.565,13.887],[100.5655,13.886],[100.5665,13.886],[100.5665,13.8875],[100.5675,13.8875],[100.568,13.886],[100.5695,13.886],[100.5705,13.888],[100.57,13.8875],[100.5715,13.8865],[100.573,13.887],[100.5715,13.886],[100.573,13.8845],[100.5735,13.8855],[100.573,13.8845],[100.5735,13.8835],[100.5745,13.883],[100.575,13.885],[100.5755,13.884],[100.577,13.884],[100.5765,13.8835],[100.577,13.882],[100.578,13.883],[100.5775,13.882],[100.5785,13.881],[100.578,13.8795],[100.579,13.8805],[100.5795,13.8795],[100.5815,13.88]],[[100.5705,13.8855]],[[100.555,13.8915],[100.5545,13.8915],[100.555,13.8915]],[[100.557,13.891],[100.5565,13.891],[100.557,13.891]],[[100.5605,13.888],[100.5595,13.888],[100.5595,13.887],[100.5605,13.888]],[[100.5665,13.8845],[100.567,13.884],[100.567,13.8845],[100.5665,13.8845]],[[100.5645,13.886],[100.565,13.8865],[100.5645,13.886]],[[100.562,13.889],[100.5625,13.889],[100.562,13.889]],[[100.5635,13.8865],[100.5635,13.886],[100.564,13.8865],[100.5635,13.8865]],[[100.57,13.8865],[100.57,13.887],[100.5695,13.8865],[100.57,13.8865]],[[100.5805,13.879],[100.58,13.879],[100.5805,13.879]],[[100.579,13.8785],[100.5795,13.878],[100.58,13.878],[100.5795,13.8785],[100.579,13.8785]],[[100.58,13.878]],[[100.5715,13.885],[100.572,13.8845],[100.5725,13.885],[100.5715,13.885]],[[100.5775,13.88],[100.5775,13.879],[100.5775,13.8795],[100.5775,13.88]],[[100.5755,13.884],[100.5755,13.8835],[100.5755,13.884]],[[100.576,13.8825],[100.5765,13.8825],[100.576,13.8825]],[[100.576,13.881],[100.5765,13.881],[100.576,13.8815],[100.576,13.881]]],[[[100.5525,13.8935],[100.5515,13.893],[100.552,13.8945],[100.5525,13.8935]]],[[[100.5495,13.8935],[100.5495,13.8945],[100.551,13.894],[100.5495,13.8935]]],[[[100.5505,13.8945],[100.549,13.8945],[100.5495,13.896],[100.5505,13.8945]]],[[[100.547,13.894]]],[[[100.5455,13.8935],[100.544,13.893],[100.543,13.8915],[100.543,13.893],[100.541,13.894],[100.5415,13.8975],[100.544,13.897],[100.5435,13.896],[100.5445,13.8945],[100.546,13.895],[100.545,13.894],[100.5455,13.8935]],[[100.5425,13.8955],[100.542,13.8945],[100.543,13.8955],[100.5425,13.8955]],[[100.5435,13.8945],[100.5435,13.894],[100.5435,13.8945]]],[[[100.5395,13.8065],[100.5405,13.807],[100.54,13.806],[100.5395,13.8065]],[[100.54,13.8065]]],[[[100.5385,13.7985],[100.5375,13.798],[100.538,13.7985],[100.5385,13.7985]]],[[[100.5405,13.8]]],[[[100.4105,13.8875]]],[[[100.4105,13.8875]]],[[[100.4105,13.8875],[100.41,13.8875],[100.41,13.888],[100.4105,13.8875]]],[[[100.4105,13.8875]]],[[[100.4105,13.8875]]],[[[100.4105,13.8875]]],[[[100.416,13.873],[100.4165,13.872],[100.4155,13.8725],[100.416,13.873]]],[[[100.424,13.873]]],[[[100.448,13.8785]]],[[[100.448,13.8785],[100.4485,13.878],[100.4485,13.8775],[100.448,13.8785]]],[[[100.431,13.878]]],[[[100.4305,13.8785]]],[[[100.4655,13.8725]]],[[[100.491,13.8655],[100.4905,13.8655],[100.491,13.866],[100.491,13.8655]]],[[[100.4935,13.86]]],[[[100.4935,13.86]]],[[[100.4935,13.86]]],[[[100.4935,13.86],[100.493,13.86],[100.4935,13.86]]],[[[100.493,13.86]]],[[[100.4985,13.8625]]],[[[100.4985,13.8625]]],[[[100.4985,13.8625]]],[[[100.5025,13.8605],[100.503,13.86],[100.5025,13.86],[100.5025,13.8605]]],[[[100.506,13.904],[100.5065,13.906],[100.509,13.905],[100.5095,13.9055],[100.5085,13.904],[100.5105,13.906],[100.5105,13.9045],[100.512,13.9045],[100.511,13.9035],[100.51,13.904],[100.509,13.9015],[100.506,13.904]],[[100.509,13.9035],[100.508,13.9035],[100.508,13.905],[100.5075,13.9035],[100.509,13.9035]]],[[[100.507,13.9015],[100.5065,13.9015],[100.5065,13.902],[100.507,13.902],[100.507,13.9015]]],[[[100.5045,13.8985],[100.505,13.8985],[100.5045,13.8985]]],[[[100.503,13.8985],[100.5035,13.8985],[100.503,13.8985]]],[[[100.5155,13.8425]]],[[[100.511,13.858],[100.5115,13.858],[100.5115,13.8575],[100.511,13.8575],[100.511,13.858]]],[[[100.5185,13.8435]]],[[[100.5185,13.8435]]],[[[100.52,13.868]]],[[[100.52,13.868]]],[[[100.5185,13.9115]]],[[[100.5185,13.9115],[100.5185,13.911],[100.518,13.911],[100.5185,13.911],[100.5185,13.9115]]],[[[100.5235,13.806],[100.5255,13.8045],[100.523,13.8045],[100.5235,13.806]]],[[[100.5315,13.828]]],[[[100.5285,13.8305],[100.5275,13.831],[100.529,13.831],[100.5285,13.8305]]],[[[100.529,13.831]]],[[[100.529,13.831]]],[[[100.5295,13.8105]]],[[[100.5295,13.8105]]],[[[100.535,13.904]]],[[[100.535,13.904]]],[[[100.535,13.904]]],[[[100.535,13.904]]],[[[100.535,13.904]]],[[[100.535,13.904]]],[[[100.5325,13.9065],[100.5325,13.906],[100.5325,13.9065]]],[[[100.5315,13.9065],[100.532,13.9065],[100.5315,13.9065]]],[[[100.5375,13.902],[100.5375,13.9025],[100.537,13.903],[100.5375,13.903],[100.5375,13.902]]],[[[100.537,13.9005],[100.537,13.9],[100.537,13.9005]]],[[[100.548,13.916],[100.549,13.915],[100.5495,13.916],[100.549,13.9145],[100.548,13.916]]],[[[100.5435,13.913],[100.5435,13.9135],[100.544,13.913],[100.5435,13.913]]],[[[100.547,13.896]]],[[[100.547,13.896],[100.5475,13.896],[100.547,13.896]]],[[[100.5475,13.896],[100.548,13.896],[100.5475,13.8955],[100.5475,13.896]]],[[[100.547,13.896]]],[[[100.565,13.895]]],[[[100.5635,13.8905]]],[[[100.5675,13.887]]],[[[100.5675,13.887]]],[[[100.57,13.827]]],[[[100.57,13.8275],[100.57,13.827],[100.57,13.8275]]],[[[100.57,13.8275]]],[[[100.57,13.8275]]],[[[100.5705,13.8275]]],[[[100.5705,13.8035],[100.5705,13.8045],[100.572,13.804],[100.5705,13.8025],[100.5705,13.8015],[100.568,13.8015],[100.5675,13.8025],[100.568,13.803],[100.5675,13.8025],[100.567,13.8035],[100.567,13.806],[100.5705,13.8035]]],[[[100.567,13.806]]],[[[100.5665,13.808],[100.5655,13.8065],[100.563,13.806],[100.561,13.8045],[100.5605,13.802],[100.5595,13.803],[100.5595,13.8015],[100.558,13.8],[100.556,13.8],[100.557,13.797],[100.5565,13.7955],[100.5555,13.7955],[100.555,13.7935],[100.554,13.795],[100.5545,13.7955],[100.553,13.7955],[100.555,13.797],[100.555,13.799],[100.556,13.8015],[100.557,13.802],[100.557,13.8035],[100.5585,13.8035],[100.559,13.8045],[100.558,13.8045],[100.5595,13.8055],[100.5575,13.806],[100.558,13.8075],[100.5585,13.8065],[100.559,13.8075],[100.559,13.8085],[100.5585,13.808],[100.559,13.809],[100.561,13.8065],[100.5615,13.8085],[100.5625,13.808],[100.5635,13.8085],[100.5635,13.8075],[100.565,13.8085],[100.5665,13.808]],[[100.5615,13.808],[100.562,13.807],[100.5615,13.808]],[[100.562,13.806],[100.5615,13.806],[100.562,13.806]],[[100.557,13.802],[100.557,13.8015],[100.557,13.802]],[[100.557,13.801],[100.5575,13.8005],[100.5575,13.801],[100.557,13.801]],[[100.5645,13.8075],[100.564,13.807],[100.5645,13.807],[100.5645,13.8075]]],[[[100.5525,13.7955],[100.553,13.7945],[100.5525,13.794],[100.551,13.795],[100.551,13.796],[100.5525,13.7955]]],[[[100.5525,13.794]]],[[[100.5525,13.794]]],[[[100.5525,13.794]]],[[[100.5525,13.794]]],[[[100.5525,13.7935],[100.5525,13.792],[100.552,13.792],[100.552,13.7935],[100.5525,13.7935]]],[[[100.552,13.7905],[100.5535,13.791],[100.5555,13.789],[100.5545,13.7875],[100.554,13.788],[100.5535,13.7875],[100.5555,13.786],[100.554,13.7855],[100.554,13.783],[100.5515,13.782],[100.5525,13.78],[100.55,13.78],[100.5495,13.779],[100.55,13.7785],[100.549,13.7785],[100.549,13.777],[100.55,13.7765],[100.549,13.776],[100.5495,13.7745],[100.548,13.7725],[100.5495,13.772],[100.548,13.77],[100.547,13.77],[100.5465,13.7705],[100.547,13.776],[100.546,13.7755],[100.5465,13.779],[100.547,13.7785],[100.5485,13.779],[100.55,13.782],[100.549,13.7845],[100.5505,13.784],[100.5515,13.7845],[100.5515,13.7855],[100.5525,13.7855],[100.551,13.7885],[100.552,13.789],[100.5515,13.79],[100.552,13.7905]],[[100.5525,13.787],[100.5525,13.7875],[100.5525,13.787]],[[100.547,13.7765]],[[100.547,13.7765],[100.547,13.777],[100.547,13.7765]],[[100.548,13.7745],[100.5475,13.7745],[100.548,13.7745]],[[100.551,13.783],[100.5515,13.783],[100.5515,13.7835],[100.551,13.783]],[[100.5525,13.7895],[100.552,13.7895],[100.5525,13.7895]],[[100.552,13.7835],[100.5515,13.7835],[100.552,13.7835]],[[100.5535,13.787],[100.5535,13.7865],[100.5535,13.787]],[[100.5535,13.7845],[100.5535,13.784],[100.5535,13.7845]]],[[[100.5435,13.7675],[100.5445,13.7675],[100.545,13.765],[100.5455,13.7655],[100.547,13.7635],[100.546,13.763],[100.548,13.7625],[100.547,13.761],[100.5485,13.759],[100.5495,13.7595],[100.549,13.7585],[100.55,13.7575],[100.5485,13.758],[100.548,13.757],[100.547,13.757],[100.547,13.759],[100.546,13.759],[100.5465,13.76],[100.5425,13.762],[100.5435,13.7625],[100.5425,13.7635],[100.543,13.7655],[100.541,13.765],[100.5405,13.7665],[100.543,13.767],[100.5425,13.7675],[100.543,13.768],[100.5435,13.7675]],[[100.5435,13.7625],[100.5435,13.762],[100.5435,13.7625]],[[100.543,13.7675],[100.543,13.767],[100.543,13.7675]],[[100.5455,13.761],[100.5455,13.7605],[100.5455,13.761]],[[100.5465,13.76],[100.5465,13.7595],[100.5465,13.76]]],[[[100.545,13.756]]],[[[100.5475,13.7565],[100.551,13.755],[100.5495,13.754],[100.552,13.7535],[100.552,13.752],[100.5495,13.7515],[100.549,13.7525],[100.548,13.7525],[100.549,13.753],[100.5485,13.7535],[100.549,13.755],[100.547,13.7545],[100.5475,13.7565]]],[[[100.5555,13.754]]],[[[100.5555,13.754]]],[[[100.5555,13.754]]],[[[100.5555,13.754]]],[[[100.555,13.754]]],[[[100.555,13.754]]],[[[100.555,13.754]]],[[[100.555,13.754]]],[[[100.555,13.7545],[100.555,13.754],[100.556,13.755],[100.555,13.7545]]],[[[100.558,13.7545],[100.559,13.7555],[100.5575,13.755],[100.557,13.756],[100.5575,13.757],[100.5565,13.7575],[100.5565,13.7585],[100.56,13.7595],[100.561,13.7585],[100.561,13.757],[100.5595,13.7565],[100.5605,13.755],[100.562,13.755],[100.5625,13.7535],[100.558,13.7545]],[[100.56,13.755]],[[100.5595,13.7585]]],[[[100.5615,13.7585],[100.562,13.76],[100.561,13.761],[100.5615,13.7625],[100.5605,13.764],[100.561,13.7645],[100.562,13.764],[100.5625,13.7655],[100.5635,13.765],[100.564,13.766],[100.563,13.7665],[100.565,13.7675],[100.5645,13.7675],[100.565,13.7685],[100.566,13.7685],[100.5665,13.77],[100.566,13.7705],[100.565,13.77],[100.5655,13.772],[100.5665,13.7715],[100.5665,13.7725],[100.5675,13.7725],[100.568,13.772],[100.5675,13.7715],[100.569,13.7715],[100.567,13.7745],[100.5655,13.775],[100.566,13.7765],[100.565,13.776],[100.5635,13.7785],[100.5655,13.7805],[100.567,13.78],[100.567,13.7815],[100.5685,13.783],[100.5695,13.7825],[100.569,13.783],[100.57,13.784],[100.5705,13.7835],[100.5705,13.785],[100.5685,13.7845],[100.5675,13.785],[100.5685,13.786],[100.567,13.786],[100.564,13.7895],[100.565,13.79],[100.565,13.791],[100.566,13.791],[100.566,13.792],[100.5665,13.791],[100.567,13.7925],[100.5685,13.7925],[100.5665,13.7965],[100.565,13.797],[100.567,13.797],[100.5675,13.7975],[100.567,13.799],[100.568,13.799],[100.568,13.8],[100.57,13.8005],[100.5705,13.8015],[100.5715,13.7995],[100.57,13.8],[100.57,13.7975],[100.5685,13.797],[100.57,13.7965],[100.5695,13.795],[100.5715,13.794],[100.572,13.7945],[100.5725,13.793],[100.5735,13.793],[100.5735,13.791],[100.572,13.791],[100.571,13.7925],[100.57,13.7925],[100.569,13.792],[100.5695,13.79],[100.568,13.7905],[100.5675,13.7895],[100.569,13.788],[100.5695,13.789],[100.57,13.7885],[100.5695,13.787],[100.5705,13.787],[100.57,13.786],[100.573,13.7855],[100.5715,13.785],[100.5725,13.784],[100.572,13.7835],[100.573,13.7835],[100.5735,13.7825],[100.572,13.782],[100.572,13.783],[100.571,13.783],[100.5705,13.7805],[100.57,13.781],[100.5695,13.78],[100.5665,13.7785],[100.569,13.776],[100.569,13.775],[100.5715,13.774],[100.57,13.7745],[100.572,13.775],[100.573,13.773],[100.572,13.7735],[100.5715,13.7725],[100.5705,13.7725],[100.5705,13.7715],[100.5695,13.7715],[100.5695,13.7705],[100.568,13.77],[100.567,13.7655],[100.566,13.7665],[100.5655,13.765],[100.5645,13.7655],[100.5645,13.7635],[100.563,13.76],[100.5635,13.759],[100.563,13.7595],[100.5615,13.7585]],[[100.5655,13.778],[100.565,13.778],[100.5655,13.778]],[[100.5675,13.7805],[100.568,13.7805],[100.5675,13.7805]],[[100.568,13.7805],[100.5685,13.7805],[100.568,13.7805]],[[100.5665,13.776]],[[100.5705,13.786],[100.57,13.786],[100.5705,13.786]],[[100.568,13.788]],[[100.568,13.787],[100.568,13.7875],[100.568,13.787]],[[100.5665,13.7905]],[[100.568,13.796],[100.5685,13.796],[100.568,13.796]],[[100.5695,13.786],[100.569,13.786],[100.5695,13.786]],[[100.572,13.7735],[100.5725,13.774],[100.572,13.7735]],[[100.571,13.7835]],[[100.573,13.7925],[100.573,13.7915],[100.573,13.7925]]],[[[100.5695,13.7555],[100.5695,13.755],[100.5695,13.7555]]],[[[100.5695,13.755]]],[[[100.5695,13.755]]],[[[100.569,13.7365],[100.569,13.736],[100.568,13.736],[100.5685,13.7365],[100.569,13.7365]]],[[[100.569,13.735],[100.5685,13.734],[100.5685,13.735],[100.569,13.735]]],[[[100.5535,13.7325],[100.5515,13.7335],[100.551,13.737],[100.551,13.7355],[100.5495,13.7355],[100.55,13.7345],[100.548,13.733],[100.5485,13.7335],[100.55,13.7325],[100.548,13.732],[100.5475,13.7295],[100.548,13.731],[100.546,13.733],[100.545,13.733],[100.5445,13.731],[100.544,13.732],[100.544,13.731],[100.543,13.7305],[100.5425,13.731],[100.544,13.7315],[100.544,13.7325],[100.5425,13.732],[100.5415,13.7335],[100.5425,13.7335],[100.541,13.734],[100.5405,13.7355],[100.5395,13.735],[100.5395,13.7355],[100.54,13.7365],[100.5415,13.7365],[100.542,13.7355],[100.543,13.7365],[100.5435,13.736],[100.545,13.7395],[100.545,13.738],[100.548,13.738],[100.5485,13.7365],[100.5485,13.7375],[100.549,13.737],[100.5505,13.7385],[100.5515,13.7375],[100.5515,13.7385],[100.553,13.7355],[100.554,13.7365],[100.5535,13.7375],[100.555,13.7385],[100.5555,13.734],[100.5575,13.7345],[100.5565,13.734],[100.557,13.7335],[100.5565,13.733],[100.558,13.732],[100.5585,13.728],[100.5575,13.7285],[100.557,13.7265],[100.556,13.7275],[100.5555,13.727],[100.5555,13.726],[100.5565,13.7255],[100.5555,13.7255],[100.5555,13.7265],[100.555,13.727],[100.5545,13.7265],[100.5545,13.7275],[100.5525,13.729],[100.5525,13.725],[100.5505,13.7275],[100.5485,13.728],[100.5495,13.729],[100.5485,13.7295],[100.55,13.7295],[100.55,13.731],[100.5505,13.7295],[100.552,13.7295],[100.5515,13.7315],[100.552,13.732],[100.5535,13.7305],[100.5545,13.7305],[100.5545,13.7295],[100.5555,13.73],[100.554,13.733],[100.5535,13.7325]],[[100.545,13.737]],[[100.545,13.736],[100.5455,13.736],[100.545,13.736]],[[100.5445,13.735],[100.5455,13.735],[100.5445,13.7355],[100.5445,13.735]],[[100.543,13.7355],[100.5425,13.7345],[100.5435,13.7345],[100.543,13.7355]],[[100.547,13.7365],[100.5475,13.7365],[100.547,13.7365]],[[100.547,13.736],[100.5465,13.7355],[100.5475,13.735],[100.548,13.7355],[100.547,13.736]],[[100.5465,13.733],[100.546,13.733],[100.5475,13.733],[100.5465,13.733]],[[100.55,13.7285],[100.55,13.728],[100.55,13.7285]],[[100.555,13.7285],[100.5545,13.729],[100.5545,13.7285],[100.555,13.7285]]],[[[100.5455,13.7895],[100.546,13.7895],[100.5455,13.7895]]],[[[100.545,13.759],[100.5455,13.7595],[100.545,13.759]]],[[[100.5415,13.76],[100.5415,13.7595],[100.5415,13.76]]],[[[100.5415,13.7335]]],[[[100.5415,13.7335]]],[[[100.543,13.7225],[100.543,13.723],[100.5435,13.723],[100.543,13.7225]]],[[[100.5405,13.7335]]],[[[100.539,13.756],[100.5395,13.7555],[100.539,13.7555],[100.539,13.756]]],[[[100.54,13.7515],[100.5405,13.7515],[100.5405,13.751],[100.54,13.7515]]],[[[100.5385,13.7525]]],[[[100.547,13.753]]],[[[100.547,13.722],[100.5475,13.722],[100.5475,13.721],[100.547,13.7215],[100.547,13.722]]],[[[100.5515,13.725]]],[[[100.55,13.727]]],[[[100.5505,13.7255],[100.551,13.725],[100.5505,13.725],[100.5505,13.7255]]],[[[100.5525,13.7235],[100.5525,13.7245],[100.5525,13.7235]]],[[[100.5505,13.7465],[100.551,13.746],[100.551,13.7455],[100.5505,13.7465]]],[[[100.546,13.759],[100.5465,13.7585],[100.546,13.759]]],[[[100.551,13.804]]],[[[100.551,13.804]]],[[[100.551,13.804]]],[[[100.5515,13.8025],[100.55,13.8025],[100.5515,13.8025]]],[[[100.5615,13.75],[100.561,13.7505],[100.5615,13.7505],[100.5615,13.75]]],[[[100.562,13.732],[100.562,13.7315],[100.562,13.732]]],[[[100.562,13.7315]]],[[[100.562,13.7315]]],[[[100.562,13.7315]]],[[[100.562,13.7315]]],[[[100.557,13.726]]],[[[100.557,13.726]]],[[[100.557,13.726]]],[[[100.556,13.7235],[100.556,13.724],[100.556,13.7235]]],[[[100.556,13.724]]],[[[100.5565,13.7235],[100.556,13.7235],[100.5565,13.7235]]],[[[100.559,13.743]]],[[[100.559,13.743]]],[[[100.559,13.743]]],[[[100.559,13.743]]],[[[100.559,13.743]]],[[[100.5595,13.743],[100.559,13.743],[100.5595,13.743]]],[[[100.5595,13.743]]],[[[100.5595,13.743]]],[[[100.5595,13.743]]],[[[100.566,13.7355]]],[[[100.5655,13.728]]],[[[100.5655,13.728]]],[[[100.564,13.7405]]],[[[100.564,13.739],[100.5635,13.739],[100.564,13.739]]],[[[100.563,13.825],[100.563,13.8245],[100.563,13.825]]],[[[100.5575,13.8175]]],[[[100.5575,13.8175]]],[[[100.558,13.8045]]],[[[100.558,13.8045]]],[[[100.556,13.809],[100.5565,13.809],[100.556,13.809]]],[[[100.556,13.805],[100.556,13.804],[100.556,13.8045],[100.556,13.805]]],[[[100.561,13.824]]],[[[100.566,13.82]]],[[[100.566,13.82]]],[[[100.566,13.82]]],[[[100.566,13.82]]],[[[100.566,13.82]]],[[[100.566,13.82]]],[[[100.566,13.82]]],[[[100.566,13.82]]],[[[100.566,13.82]]],[[[100.566,13.82]]],[[[100.5665,13.82]]],[[[100.5665,13.82],[100.5665,13.8205],[100.567,13.821],[100.567,13.82],[100.5665,13.82]]],[[[100.566,13.8095],[100.565,13.8095],[100.5655,13.81],[100.566,13.8095]]],[[[100.565,13.813]]],[[[100.5685,13.8105],[100.5685,13.811],[100.5685,13.8105]]],[[[100.598,13.9175],[100.5985,13.917],[100.5975,13.9175],[100.5985,13.918],[100.598,13.9175]]],[[[100.577,13.8845],[100.5775,13.8845],[100.577,13.8845]]],[[[100.573,13.843],[100.573,13.8435],[100.573,13.843]]],[[[100.573,13.8435]]],[[[100.573,13.8435]]],[[[100.573,13.8435]]],[[[100.573,13.8435]]],[[[100.577,13.8375],[100.577,13.838],[100.577,13.8375]]],[[[100.5905,13.873]]],[[[100.5905,13.873]]],[[[100.5905,13.873]]],[[[100.5905,13.873]]],[[[100.5905,13.873]]],[[[100.584,13.853],[100.584,13.8535],[100.5855,13.8535],[100.585,13.853],[100.584,13.853]]],[[[100.588,13.8635]]],[[[100.588,13.8635]]],[[[100.588,13.8635]]],[[[100.588,13.8635]]],[[[100.588,13.8635]]],[[[100.589,13.871]]],[[[100.59,13.8815],[100.5895,13.881],[100.589,13.8805],[100.5895,13.8815],[100.59,13.8815]]],[[[100.5845,13.893],[100.5855,13.893],[100.585,13.8925],[100.5845,13.893]]],[[[100.5855,13.893]]],[[[100.585,13.8935]]],[[[100.585,13.8935]]],[[[100.585,13.8935]]],[[[100.587,13.882],[100.5865,13.8825],[100.587,13.8825],[100.587,13.882]]],[[[100.586,13.881],[100.5855,13.8805],[100.5855,13.881],[100.586,13.881]]],[[[100.589,13.8835],[100.59,13.883],[100.5895,13.883],[100.589,13.8835]]],[[[100.5925,13.88],[100.5935,13.8805],[100.592,13.8795],[100.5925,13.88]]],[[[100.593,13.879],[100.5925,13.879],[100.593,13.879]]],[[[100.6215,13.8615]]],[[[100.6215,13.857]]],[[[100.6005,13.8795],[100.601,13.8805],[100.601,13.8795],[100.6005,13.8795]]],[[[100.611,13.897]]],[[[100.611,13.897]]],[[[100.623,13.856],[100.6235,13.8555],[100.623,13.855],[100.623,13.856]]],[[[100.635,13.856]]],[[[100.634,13.857]]],[[[100.634,13.857]]],[[[100.64,13.852],[100.6405,13.8515],[100.6405,13.852],[100.6405,13.851],[100.64,13.852]]],[[[100.6405,13.8515],[100.6415,13.8525],[100.641,13.851],[100.6405,13.8515]]],[[[100.6405,13.8525]]],[[[100.6405,13.852]]],[[[100.6415,13.853],[100.6415,13.8525],[100.6415,13.853]]],[[[100.671,13.8385],[100.671,13.838],[100.6705,13.8385],[100.671,13.8385]]],[[[100.664,13.8365]]],[[[100.6805,13.8265],[100.6805,13.826],[100.68,13.826],[100.6805,13.8265]]],[[[100.5995,13.7115]]],[[[100.5995,13.7115]]],[[[100.5995,13.7115]]],[[[100.5995,13.7115]]],[[[100.5995,13.7115]]],[[[100.5995,13.7115]]],[[[100.5995,13.7115]]],[[[100.5995,13.7115]]],[[[100.5995,13.7115]]],[[[100.5995,13.7115]]],[[[100.5995,13.7115]]],[[[100.6,13.7115],[100.6,13.711],[100.5995,13.711],[100.6,13.7115]]],[[[100.575,13.726],[100.5745,13.7255],[100.5745,13.726],[100.575,13.726]]],[[[100.5715,13.726]]],[[[100.578,13.7205]]],[[[100.5825,13.725]]],[[[100.5825,13.725]]],[[[100.582,13.718],[100.581,13.7185],[100.582,13.7185],[100.582,13.718]]],[[[100.585,13.714]]],[[[100.585,13.7135],[100.585,13.714],[100.585,13.7135]]],[[[100.585,13.7135]]],[[[100.595,13.717],[100.595,13.7175],[100.595,13.717]]],[[[100.593,13.716],[100.593,13.7165],[100.5935,13.7165],[100.5935,13.716],[100.593,13.716]]],[[[100.5965,13.709]]],[[[100.6,13.696]]],[[[100.6,13.696],[100.5995,13.696],[100.6,13.696]]],[[[100.5995,13.696]]],[[[100.6005,13.6965]]],[[[100.6005,13.6965]]],[[[100.6005,13.6965]]],[[[100.6005,13.6965],[100.601,13.6965],[100.6005,13.6965]]],[[[100.601,13.6965]]],[[[100.601,13.6965]]],[[[100.601,13.6965]]],[[[100.601,13.6965]]],[[[100.601,13.6965]]],[[[100.601,13.696]]],[[[100.601,13.696]]],[[[100.601,13.696]]],[[[100.601,13.696]]],[[[100.605,13.6775]]],[[[100.605,13.6775]]],[[[100.605,13.6775]]],[[[100.6075,13.689],[100.607,13.689],[100.6075,13.689]]],[[[100.608,13.6865]]],[[[100.606,13.6915],[100.6065,13.691],[100.606,13.6915]]],[[[100.6085,13.6765],[100.6085,13.676],[100.6085,13.6765]]],[[[100.6085,13.676]]],[[[100.6115,13.687],[100.6105,13.6865],[100.6105,13.687],[100.6115,13.687]]],[[[100.5745,13.7765],[100.5745,13.776],[100.5745,13.7765]]],[[[100.5735,13.767],[100.5735,13.7675],[100.5745,13.767],[100.5735,13.767]]],[[[100.5725,13.8],[100.572,13.8015],[100.5725,13.8015],[100.5725,13.8]]],[[[100.572,13.787],[100.572,13.788],[100.5725,13.788],[100.5725,13.787],[100.572,13.787]]],[[[100.5725,13.7665]]],[[[100.5725,13.7665]]],[[[100.5725,13.7665]]],[[[100.5725,13.7665]]],[[[100.5725,13.7665]]],[[[100.572,13.7665],[100.5725,13.7665],[100.572,13.7665]]],[[[100.572,13.7665]]],[[[100.572,13.7665]]],[[[100.572,13.7665]]],[[[100.572,13.7665],[100.5725,13.7675],[100.572,13.7665]]],[[[100.572,13.762]]],[[[100.572,13.762]]],[[[100.577,13.8075],[100.577,13.807],[100.577,13.8075]]],[[[100.577,13.791],[100.577,13.7915],[100.5775,13.7915],[100.5775,13.791],[100.577,13.791]]],[[[100.578,13.7585],[100.577,13.759],[100.578,13.7595],[100.578,13.7585]]],[[[100.544,13.8195],[100.5435,13.821],[100.5445,13.8215],[100.5455,13.8235],[100.545,13.824],[100.547,13.825],[100.545,13.822],[100.547,13.821],[100.545,13.818],[100.5445,13.818],[100.545,13.82],[100.544,13.8195]],[[100.5455,13.821],[100.546,13.8205],[100.546,13.8215],[100.5455,13.821]]],[[[100.548,13.8265],[100.547,13.8265],[100.5485,13.829],[100.547,13.828],[100.5465,13.8295],[100.5455,13.8295],[100.5465,13.8325],[100.548,13.831],[100.5485,13.8315],[100.5495,13.831],[100.548,13.8335],[100.5495,13.8325],[100.5525,13.8335],[100.5515,13.835],[100.553,13.837],[100.5515,13.8365],[100.551,13.8375],[100.5515,13.8385],[100.5495,13.839],[100.549,13.841],[100.55,13.8405],[100.5505,13.8415],[100.551,13.84],[100.5525,13.843],[100.5535,13.8435],[100.5545,13.843],[100.555,13.8395],[100.554,13.8395],[100.5535,13.8405],[100.5525,13.84],[100.5545,13.8355],[100.555,13.8365],[100.5575,13.8365],[100.5575,13.8385],[100.5585,13.8385],[100.558,13.8415],[100.557,13.84],[100.5605,13.846],[100.565,13.8455],[100.5645,13.8465],[100.565,13.8465],[100.568,13.845],[100.5675,13.8435],[100.566,13.8445],[100.566,13.8435],[100.5635,13.8425],[100.5625,13.844],[100.5625,13.845],[100.5635,13.8445],[100.5635,13.846],[100.561,13.8435],[100.56,13.8435],[100.5595,13.8425],[100.562,13.8405],[100.5615,13.8395],[100.5605,13.8395],[100.561,13.838],[100.56,13.8385],[100.559,13.838],[100.5585,13.836],[100.557,13.8355],[100.557,13.8325],[100.5555,13.834],[100.556,13.8355],[100.555,13.8355],[100.553,13.832],[100.552,13.833],[100.552,13.832],[100.5505,13.832],[100.55,13.8305],[100.549,13.831],[100.548,13.8265]],[[100.553,13.838],[100.5535,13.838],[100.553,13.838]],[[100.5465,13.831],[100.5465,13.8305],[100.547,13.8305],[100.5465,13.831]],[[100.559,13.839],[100.5595,13.839],[100.559,13.8395],[100.559,13.839]],[[100.5595,13.8415]],[[100.565,13.8445],[100.565,13.845],[100.5645,13.8455],[100.5645,13.8445],[100.565,13.8445]],[[100.5655,13.8445],[100.566,13.8445],[100.5655,13.8445]]],[[[100.555,13.841],[100.5565,13.8425],[100.556,13.841],[100.555,13.841]]],[[[100.556,13.85],[100.557,13.8495],[100.5565,13.8485],[100.5555,13.8495],[100.5555,13.8485],[100.554,13.849],[100.555,13.8495],[100.5535,13.851],[100.554,13.853],[100.5555,13.8535],[100.5565,13.852],[100.5575,13.852],[100.5565,13.8525],[100.557,13.854],[100.5585,13.8545],[100.5595,13.854],[100.561,13.855],[100.5615,13.8545],[100.565,13.8585],[100.563,13.855],[100.5615,13.8535],[100.5605,13.854],[100.5595,13.853],[100.5595,13.851],[100.558,13.8515],[100.556,13.8505],[100.557,13.8495],[100.556,13.85]],[[100.555,13.8505]],[[100.558,13.8525],[100.5585,13.8525],[100.5585,13.853],[100.558,13.853],[100.558,13.8525]],[[100.5595,13.8535]]],[[[100.565,13.86],[100.5605,13.86],[100.5615,13.8605],[100.561,13.8635],[100.562,13.864],[100.5625,13.8635],[100.5635,13.8655],[100.5635,13.8635],[100.565,13.864],[100.5665,13.8635],[100.5655,13.864],[100.5655,13.863],[100.564,13.863],[100.564,13.8615],[100.563,13.861],[100.5635,13.8605],[100.566,13.8615],[100.565,13.86]]],[[[100.568,13.865],[100.5675,13.8655],[100.568,13.8665],[100.567,13.8665],[100.5685,13.867],[100.5685,13.8685],[100.569,13.8675],[100.5725,13.8685],[100.571,13.865],[100.5695,13.8645],[100.569,13.866],[100.568,13.865]],[[100.5705,13.868],[100.5705,13.8675],[100.571,13.8675],[100.5705,13.868]],[[100.5695,13.866],[100.57,13.866],[100.57,13.8665],[100.5695,13.866]]],[[[100.5665,13.8575],[100.5665,13.856],[100.5675,13.8555],[100.566,13.8545],[100.5665,13.8535],[100.5655,13.853],[100.567,13.8525],[100.565,13.8505],[100.564,13.851],[100.564,13.8505],[100.564,13.853],[100.5655,13.853],[100.565,13.8545],[100.5665,13.8575]]],[[[100.564,13.8505]]],[[[100.563,13.854]]],[[[100.5845,13.6225],[100.5835,13.624],[100.584,13.6255],[100.585,13.625],[100.5845,13.6225]]],[[[100.588,13.628],[100.589,13.63],[100.5905,13.6295],[100.589,13.628],[100.5895,13.6275],[100.588,13.628]]],[[[100.5895,13.6275]]],[[[100.5895,13.6275]]],[[[100.5895,13.6275]]],[[[100.5895,13.6275]]],[[[100.59,13.6275]]],[[[100.59,13.6275],[100.5915,13.6265],[100.5895,13.6255],[100.589,13.627],[100.59,13.6275]]],[[[100.5915,13.6265],[100.593,13.6265],[100.593,13.6275],[100.595,13.6265],[100.594,13.626],[100.597,13.6245],[100.598,13.625],[100.5975,13.623],[100.597,13.6235],[100.5965,13.623],[100.598,13.6215],[100.5975,13.619],[100.595,13.619],[100.5955,13.6195],[100.594,13.6205],[100.5955,13.622],[100.5955,13.623],[100.5915,13.6265]]],[[[100.5885,13.6175],[100.59,13.618],[100.5915,13.6175],[100.5895,13.6165],[100.59,13.6145],[100.589,13.616],[100.588,13.6165],[100.587,13.616],[100.5865,13.617],[100.5875,13.617],[100.5875,13.618],[100.5885,13.6175]],[[100.5895,13.6175]]],[[[100.593,13.621],[100.5925,13.622],[100.593,13.6225],[100.5945,13.622],[100.5935,13.622],[100.593,13.621]]],[[[100.593,13.653],[100.596,13.65],[100.596,13.6485],[100.593,13.649],[100.593,13.653]],[[100.594,13.65]],[[100.594,13.6505],[100.5935,13.651],[100.5935,13.6505],[100.594,13.6505]]],[[[100.594,13.6465],[100.593,13.646],[100.5925,13.643],[100.5915,13.6425],[100.5925,13.646],[100.5935,13.646],[100.593,13.647],[100.594,13.6465]]],[[[100.591,13.63],[100.5905,13.6315],[100.5915,13.633],[100.5925,13.6325],[100.5945,13.6335],[100.596,13.633],[100.598,13.635],[100.599,13.635],[100.597,13.6375],[100.599,13.64],[100.5995,13.637],[100.5985,13.6365],[100.599,13.636],[100.6005,13.6375],[100.6005,13.6365],[100.598,13.6315],[100.5955,13.6305],[100.595,13.632],[100.594,13.6305],[100.593,13.6315],[100.594,13.632],[100.5935,13.6325],[100.591,13.63]],[[100.5975,13.632],[100.598,13.632],[100.5975,13.6325],[100.5975,13.632]],[[100.596,13.633],[100.596,13.6325],[100.596,13.633]]],[[[100.593,13.6335],[100.591,13.635],[100.593,13.6345],[100.593,13.6335]]],[[[100.5955,13.639],[100.596,13.6395],[100.5965,13.639],[100.5955,13.639]]],[[[100.5965,13.639],[100.597,13.6385],[100.5965,13.6385],[100.5965,13.639]]],[[[100.596,13.6385],[100.596,13.639],[100.596,13.6385]]],[[[100.593,13.742],[100.5925,13.743],[100.593,13.7435],[100.592,13.744],[100.593,13.744],[100.5935,13.745],[100.5955,13.7445],[100.5945,13.7445],[100.594,13.7455],[100.5955,13.7455],[100.5955,13.7465],[100.5975,13.7465],[100.598,13.748],[100.599,13.748],[100.5985,13.747],[100.5995,13.7465],[100.5985,13.7435],[100.598,13.745],[100.596,13.7445],[100.597,13.7445],[100.5965,13.7435],[100.595,13.7435],[100.597,13.7415],[100.5955,13.7385],[100.5945,13.7395],[100.595,13.741],[100.5935,13.741],[100.5945,13.742],[100.593,13.742]],[[100.5955,13.742],[100.596,13.7415],[100.5955,13.742]],[[100.596,13.744]]],[[[100.5995,13.7465]]],[[[100.5995,13.7465],[100.602,13.7495],[100.6025,13.749],[100.6015,13.748],[100.6025,13.7475],[100.603,13.7495],[100.605,13.749],[100.6055,13.75],[100.607,13.7495],[100.608,13.7505],[100.6085,13.75],[100.607,13.7485],[100.6075,13.747],[100.609,13.746],[100.608,13.745],[100.6095,13.7435],[100.6075,13.7425],[100.607,13.7435],[100.6065,13.7425],[100.6105,13.742],[100.611,13.741],[100.6065,13.7415],[100.608,13.738],[100.607,13.738],[100.606,13.7365],[100.6045,13.738],[100.6045,13.739],[100.604,13.738],[100.603,13.738],[100.603,13.739],[100.6035,13.7385],[100.605,13.739],[100.605,13.741],[100.606,13.7415],[100.6055,13.743],[100.6045,13.7425],[100.605,13.744],[100.6075,13.746],[100.6065,13.7455],[100.6055,13.746],[100.6055,13.748],[100.6045,13.747],[100.602,13.7465],[100.6,13.7475],[100.5995,13.7465]],[[100.606,13.74]]],[[[100.601,13.738],[100.5995,13.738],[100.6,13.7385],[100.601,13.738]]],[[[100.599,13.738],[100.5995,13.737],[100.5975,13.735],[100.596,13.737],[100.5965,13.738],[100.5975,13.738],[100.5975,13.739],[100.599,13.738]]],[[[100.5985,13.7435]]],[[[100.5985,13.7435]]],[[[100.605,13.742],[100.604,13.74],[100.6035,13.7415],[100.605,13.742]]],[[[100.6035,13.741],[100.603,13.741],[100.6035,13.741]]],[[[100.604,13.7425],[100.604,13.743],[100.604,13.7425]]],[[[100.6025,13.9945],[100.6015,13.9945],[100.6015,13.9955],[100.6025,13.9945]]],[[[100.6035,13.991],[100.604,13.989],[100.606,13.9895],[100.6065,13.9875],[100.6085,13.987],[100.6065,13.986],[100.606,13.985],[100.6065,13.984],[100.6045,13.983],[100.605,13.9825],[100.6045,13.982],[100.6035,13.9825],[100.6035,13.9805],[100.603,13.985],[100.604,13.985],[100.604,13.986],[100.605,13.9865],[100.603,13.9885],[100.6035,13.991]],[[100.6055,13.986],[100.606,13.986],[100.6055,13.986]]],[[[100.5995,13.61],[100.5995,13.612],[100.6005,13.6115],[100.6015,13.613],[100.6025,13.612],[100.603,13.613],[100.604,13.6125],[100.604,13.6115],[100.603,13.6115],[100.604,13.6095],[100.603,13.6095],[100.604,13.6085],[100.6015,13.606],[100.6015,13.6055],[100.6025,13.606],[100.602,13.604],[100.601,13.6055],[100.599,13.605],[100.5995,13.6065],[100.6005,13.606],[100.6,13.6075],[100.6005,13.608],[100.6015,13.607],[100.6005,13.609],[100.6015,13.6095],[100.601,13.6105],[100.5995,13.61]],[[100.6005,13.6065],[100.601,13.606],[100.6005,13.6065]],[[100.603,13.6085],[100.6025,13.6085],[100.603,13.6085]]],[[[100.5965,13.6035],[100.596,13.604],[100.597,13.6045],[100.5975,13.604],[100.5965,13.6035]]],[[[100.5995,13.6065]]],[[[100.596,13.662],[100.5955,13.6635],[100.596,13.664],[100.5945,13.665],[100.596,13.665],[100.597,13.666],[100.597,13.664],[100.5985,13.665],[100.5985,13.6635],[100.597,13.6635],[100.598,13.6625],[100.5985,13.663],[100.5985,13.6605],[100.5965,13.6605],[100.596,13.662]],[[100.5975,13.6625],[100.5975,13.661],[100.5975,13.6625]]],[[[100.606,13.6655],[100.6065,13.6655],[100.6065,13.6645],[100.606,13.6655]]],[[[100.6065,13.664],[100.607,13.6655],[100.609,13.665],[100.6095,13.663],[100.609,13.6615],[100.6095,13.661],[100.6095,13.662],[100.6105,13.662],[100.61,13.661],[100.611,13.6625],[100.6115,13.662],[100.611,13.661],[100.612,13.661],[100.6125,13.66],[100.611,13.6595],[100.6105,13.66],[100.6105,13.658],[100.6085,13.6585],[100.608,13.6565],[100.6085,13.6555],[100.607,13.656],[100.607,13.655],[100.605,13.655],[100.6035,13.6535],[100.603,13.6545],[100.602,13.653],[100.6015,13.654],[100.601,13.6525],[100.6,13.6525],[100.6005,13.6535],[100.5995,13.654],[100.6,13.6545],[100.601,13.654],[100.6005,13.655],[100.6015,13.655],[100.602,13.6565],[100.6025,13.6555],[100.603,13.657],[100.604,13.657],[100.603,13.655],[100.6035,13.655],[100.6045,13.657],[100.6055,13.657],[100.605,13.659],[100.607,13.659],[100.609,13.661],[100.6065,13.664]],[[100.6045,13.6555]],[[100.608,13.6595]],[[100.6075,13.658],[100.6075,13.659],[100.6075,13.658]],[[100.606,13.657]],[[100.6095,13.659],[100.6095,13.6595],[100.6095,13.659]]],[[[100.6005,13.655],[100.599,13.656],[100.6005,13.656],[100.6005,13.655]]],[[[100.6045,13.658]]],[[[100.6045,13.658]]],[[[100.6045,13.658]]],[[[100.604,13.976],[100.6045,13.9715],[100.6045,13.972],[100.604,13.976]]],[[[100.605,13.969],[100.606,13.969],[100.6055,13.968],[100.609,13.968],[100.6095,13.9675],[100.609,13.967],[100.61,13.9675],[100.61,13.9665],[100.608,13.966],[100.607,13.9675],[100.605,13.9675],[100.605,13.969]]],[[[100.607,13.967]]],[[[100.607,13.967]]],[[[100.607,13.967]]],[[[100.6065,13.967]]],[[[100.6065,13.967],[100.606,13.967],[100.6055,13.967],[100.6065,13.967]]],[[[100.606,13.959],[100.6065,13.9565],[100.6065,13.956],[100.606,13.959]]],[[[100.6085,13.579]]],[[[100.6085,13.579]]],[[[100.6085,13.579]]],[[[100.6085,13.579]]],[[[100.6085,13.579],[100.609,13.58],[100.6095,13.58],[100.6095,13.5795],[100.609,13.5795],[100.6085,13.579]]],[[[100.61,13.5785],[100.6105,13.579],[100.61,13.5785]]],[[[100.6105,13.579]]],[[[100.611,13.5785],[100.6115,13.58],[100.613,13.58],[100.614,13.5785],[100.6125,13.5785],[100.612,13.5775],[100.6125,13.5765],[100.6135,13.577],[100.6145,13.575],[100.6115,13.5745],[100.6125,13.576],[100.6115,13.5765],[100.611,13.5785]],[[100.6115,13.5785],[100.612,13.5785],[100.6115,13.5785]]],[[[100.6105,13.575],[100.6115,13.571],[100.609,13.572],[100.6085,13.5705],[100.6075,13.5705],[100.608,13.571],[100.607,13.573],[100.608,13.5745],[100.609,13.5735],[100.6105,13.575]]],[[[100.6115,13.905],[100.6115,13.906],[100.6125,13.9055],[100.613,13.906],[100.6105,13.907],[100.61,13.91],[100.612,13.9115],[100.6135,13.914],[100.614,13.913],[100.6155,13.9145],[100.6175,13.9135],[100.618,13.914],[100.6175,13.9145],[100.6185,13.915],[100.617,13.9155],[100.617,13.9165],[100.618,13.9165],[100.6165,13.9175],[100.6175,13.9185],[100.6175,13.9175],[100.6185,13.9175],[100.618,13.918],[100.6185,13.9185],[100.6195,13.918],[100.619,13.917],[100.62,13.919],[100.6195,13.919],[100.62,13.9205],[100.619,13.921],[100.62,13.9225],[100.621,13.9225],[100.6195,13.925],[100.621,13.9275],[100.621,13.9295],[100.624,13.93],[100.6245,13.927],[100.6235,13.928],[100.6225,13.927],[100.623,13.929],[100.622,13.9275],[100.6225,13.9265],[100.6215,13.927],[100.6205,13.9255],[100.621,13.9245],[100.6215,13.925],[100.6235,13.924],[100.6215,13.924],[100.621,13.923],[100.622,13.921],[100.6215,13.9205],[100.6225,13.9205],[100.622,13.9195],[100.625,13.919],[100.625,13.92],[100.6265,13.9215],[100.626,13.922],[100.627,13.922],[100.626,13.9225],[100.629,13.9215],[100.628,13.923],[100.629,13.9245],[100.6305,13.923],[100.6295,13.9215],[100.631,13.923],[100.632,13.923],[100.631,13.9205],[100.6325,13.919],[100.6285,13.921],[100.629,13.9205],[100.628,13.92],[100.627,13.9175],[100.625,13.919],[100.6265,13.9175],[100.626,13.917],[100.6235,13.918],[100.624,13.917],[100.6225,13.915],[100.6245,13.9135],[100.6235,13.9105],[100.6245,13.91],[100.624,13.909],[100.6255,13.908],[100.625,13.907],[100.6215,13.906],[100.623,13.9055],[100.6225,13.9045],[100.6215,13.9045],[100.621,13.906],[100.6205,13.905],[100.6175,13.9045],[100.6155,13.903],[100.6165,13.9045],[100.616,13.904],[100.615,13.9045],[100.615,13.9025],[100.6135,13.903],[100.6125,13.9015],[100.6115,13.903],[100.6125,13.9035],[100.6115,13.904],[100.6115,13.905]],[[100.6155,13.913],[100.616,13.9125],[100.6155,13.913]],[[100.6155,13.912],[100.6135,13.911],[100.614,13.912],[100.6135,13.9125],[100.612,13.911],[100.613,13.91],[100.6125,13.9095],[100.6135,13.9055],[100.6145,13.905],[100.615,13.9055],[100.616,13.905],[100.615,13.9055],[100.6155,13.906],[100.617,13.9055],[100.6175,13.906],[100.619,13.905],[100.6185,13.906],[100.62,13.9065],[100.619,13.907],[100.621,13.907],[100.6235,13.9085],[100.6225,13.9095],[100.6225,13.91],[100.6235,13.9095],[100.623,13.9105],[100.6215,13.911],[100.6225,13.911],[100.622,13.9115],[100.6235,13.9135],[100.6215,13.912],[100.6225,13.914],[100.621,13.912],[100.6205,13.9125],[100.6215,13.9145],[100.62,13.913],[100.621,13.9165],[100.6195,13.9165],[100.62,13.9155],[100.618,13.9125],[100.6165,13.9125],[100.617,13.9115],[100.6155,13.912]],[[100.6115,13.9095],[100.6115,13.909],[100.6115,13.9095]],[[100.612,13.9075],[100.613,13.9065],[100.613,13.907],[100.612,13.9075]],[[100.6115,13.9075],[100.6115,13.908],[100.6115,13.9075]],[[100.6125,13.905],[100.612,13.905],[100.6125,13.905]],[[100.6305,13.921],[100.63,13.921],[100.6305,13.921]],[[100.627,13.9205],[100.6265,13.921],[100.6265,13.919],[100.627,13.9205]],[[100.622,13.92],[100.622,13.9205],[100.622,13.92]],[[100.6215,13.92],[100.621,13.9195],[100.6215,13.92]],[[100.621,13.9155],[100.6225,13.9175],[100.622,13.9175],[100.621,13.9155]],[[100.6215,13.919],[100.6205,13.917],[100.621,13.9175],[100.622,13.917],[100.6225,13.918],[100.6215,13.919]],[[100.618,13.916],[100.6185,13.9155],[100.619,13.916],[100.618,13.916]],[[100.621,13.921],[100.6205,13.9215],[100.62,13.921],[100.621,13.921]],[[100.6205,13.9255]],[[100.624,13.908],[100.6245,13.908],[100.624,13.908]],[[100.6235,13.908],[100.623,13.908],[100.6235,13.908]],[[100.623,13.919],[100.623,13.918],[100.623,13.9185],[100.623,13.919]],[[100.623,13.917],[100.622,13.915],[100.623,13.917]],[[100.6295,13.923],[100.6295,13.9225],[100.6295,13.923]]],[[[100.625,13.9315],[100.6245,13.93],[100.622,13.9325],[100.624,13.9335],[100.625,13.9325],[100.625,13.9345],[100.624,13.935],[100.625,13.9355],[100.627,13.935],[100.6265,13.9335],[100.6285,13.9335],[100.6275,13.9325],[100.6295,13.9325],[100.6315,13.931],[100.632,13.93],[100.63,13.9295],[100.632,13.9295],[100.6365,13.932],[100.6405,13.933],[100.6395,13.9325],[100.64,13.932],[100.6375,13.9315],[100.632,13.9285],[100.633,13.928],[100.631,13.927],[100.6315,13.9285],[100.629,13.928],[100.6295,13.929],[100.628,13.9295],[100.6285,13.93],[100.6265,13.9305],[100.6255,13.9325],[100.625,13.9315]],[[100.631,13.9305]],[[100.63,13.9305],[100.6305,13.9305],[100.63,13.9305]],[[100.626,13.933],[100.626,13.9335],[100.626,13.933]],[[100.627,13.9315],[100.6265,13.932],[100.6265,13.9315],[100.627,13.9315]],[[100.629,13.9315]],[[100.6285,13.9305]],[[100.627,13.9325],[100.627,13.933],[100.6265,13.933],[100.627,13.9325]]],[[[100.6415,13.934]]],[[[100.6415,13.934]]],[[[100.641,13.9345]]],[[[100.6415,13.935],[100.6405,13.9355],[100.641,13.9365],[100.64,13.937],[100.6415,13.9375],[100.642,13.9395],[100.644,13.9375],[100.644,13.936],[100.642,13.9355],[100.642,13.936],[100.6415,13.935]]],[[[100.645,13.935],[100.6455,13.9345],[100.645,13.9335],[100.642,13.934],[100.642,13.935],[100.645,13.935]]],[[[100.651,13.9335],[100.6515,13.934],[100.6515,13.9335],[100.651,13.9335]]],[[[100.6515,13.9335],[100.6555,13.9335],[100.6565,13.932],[100.654,13.9315],[100.6535,13.9305],[100.652,13.931],[100.6515,13.932],[100.6525,13.9315],[100.6525,13.9325],[100.6515,13.9335]],[[100.6525,13.9325],[100.653,13.933],[100.6525,13.933],[100.6525,13.9325]]],[[[100.649,13.932],[100.6495,13.9315],[100.649,13.931],[100.648,13.932],[100.648,13.931],[100.647,13.931],[100.6475,13.932],[100.6505,13.932],[100.649,13.932]]],[[[100.632,13.927]]],[[[100.632,13.927]]],[[[100.632,13.927]]],[[[100.632,13.927]]],[[[100.632,13.927]]],[[[100.632,13.927],[100.634,13.9275],[100.6295,13.924],[100.629,13.925],[100.632,13.927]]],[[[100.6215,13.91],[100.621,13.91],[100.6215,13.91]]],[[[100.62,13.908],[100.6205,13.908],[100.621,13.9075],[100.6205,13.908],[100.62,13.908]]],[[[100.6165,13.9075],[100.617,13.9075],[100.6175,13.9075],[100.617,13.9075],[100.6165,13.9075]]],[[[100.6165,13.9075]]],[[[100.617,13.907]]],[[[100.6225,13.927]]],[[[100.6225,13.927]]],[[[100.6225,13.927]]],[[[100.618,13.9125]]],[[[100.6235,13.9235]]],[[[100.6235,13.9235]]],[[[100.6235,13.923]]],[[[100.6215,13.779],[100.62,13.7795],[100.622,13.7795],[100.623,13.7805],[100.625,13.78],[100.6265,13.781],[100.627,13.7805],[100.6265,13.78],[100.627,13.7795],[100.626,13.7795],[100.6265,13.778],[100.6255,13.779],[100.6245,13.778],[100.623,13.778],[100.6255,13.776],[100.6245,13.774],[100.625,13.7735],[100.625,13.7745],[100.626,13.774],[100.6265,13.7725],[100.6285,13.773],[100.6285,13.772],[100.627,13.771],[100.6285,13.769],[100.628,13.768],[100.629,13.768],[100.629,13.7695],[100.6315,13.771],[100.631,13.7705],[100.632,13.77],[100.632,13.769],[100.6325,13.7705],[100.633,13.77],[100.634,13.7715],[100.635,13.771],[100.6355,13.772],[100.634,13.7725],[100.6325,13.7755],[100.634,13.7755],[100.634,13.777],[100.6335,13.7775],[100.632,13.777],[100.633,13.7775],[100.632,13.7775],[100.632,13.7795],[100.6305,13.7815],[100.629,13.7805],[100.628,13.781],[100.627,13.7805],[100.6265,13.7835],[100.627,13.784],[100.6275,13.781],[100.6305,13.785],[100.632,13.7835],[100.6315,13.7825],[100.6325,13.7815],[100.632,13.7795],[100.6335,13.7795],[100.634,13.7805],[100.634,13.7795],[100.635,13.7795],[100.636,13.7775],[100.6375,13.778],[100.6355,13.7765],[100.6365,13.7765],[100.636,13.776],[100.637,13.7725],[100.6375,13.7735],[100.6385,13.773],[100.638,13.7725],[100.639,13.7725],[100.638,13.771],[100.6385,13.7695],[100.6355,13.77],[100.633,13.766],[100.6325,13.767],[100.6305,13.767],[100.6295,13.766],[100.6295,13.767],[100.6265,13.768],[100.6245,13.772],[100.624,13.7715],[100.622,13.774],[100.621,13.777],[100.622,13.778],[100.6215,13.779]],[[100.6295,13.781]],[[100.6305,13.7685],[100.63,13.77],[100.6305,13.7675],[100.6305,13.7685]],[[100.631,13.77],[100.6315,13.7675],[100.6315,13.768],[100.631,13.77]],[[100.625,13.7795]],[[100.625,13.7735],[100.6255,13.773],[100.625,13.7735]],[[100.6255,13.7705],[100.6255,13.771],[100.6255,13.772],[100.6255,13.7705]],[[100.626,13.7725]],[[100.627,13.7725]],[[100.627,13.7715]],[[100.6305,13.781],[100.6315,13.781],[100.6305,13.781]],[[100.6345,13.778],[100.635,13.778],[100.635,13.7785],[100.6345,13.778]],[[100.6345,13.779],[100.634,13.779],[100.6345,13.779]]],[[[100.627,13.773]]],[[[100.627,13.773]]],[[[100.627,13.773]]],[[[100.627,13.773]]],[[[100.627,13.773]]],[[[100.627,13.773]]],[[[100.627,13.773]]],[[[100.627,13.773]]],[[[100.627,13.773]]],[[[100.6415,13.7315],[100.64,13.7315],[100.6395,13.7325],[100.6395,13.7335],[100.6405,13.733],[100.6405,13.735],[100.6445,13.7345],[100.645,13.735],[100.644,13.7355],[100.646,13.7375],[100.646,13.736],[100.6475,13.736],[100.6475,13.734],[100.6465,13.734],[100.6475,13.733],[100.644,13.734],[100.6415,13.7325],[100.6415,13.7315]],[[100.642,13.735]]],[[[100.6405,13.735],[100.639,13.7355],[100.6385,13.7345],[100.6365,13.7365],[100.6385,13.737],[100.6375,13.7375],[100.6385,13.7385],[100.6375,13.739],[100.639,13.7395],[100.6385,13.7405],[100.6395,13.742],[100.6415,13.7395],[100.642,13.7415],[100.6415,13.742],[100.6425,13.742],[100.6435,13.746],[100.6445,13.7445],[100.644,13.744],[100.6455,13.7425],[100.6445,13.7415],[100.6455,13.741],[100.6435,13.7405],[100.643,13.741],[100.6435,13.742],[100.6425,13.742],[100.6415,13.7385],[100.6395,13.738],[100.641,13.7375],[100.64,13.736],[100.6405,13.735]],[[100.6385,13.737]],[[100.6395,13.7375],[100.64,13.7375],[100.6395,13.7375]],[[100.6395,13.7405],[100.64,13.7405],[100.6395,13.741],[100.6395,13.7405]]],[[[100.648,13.7435],[100.647,13.7455],[100.6485,13.7465],[100.649,13.746],[100.6485,13.7445],[100.65,13.744],[100.6495,13.743],[100.6515,13.742],[100.65,13.7415],[100.648,13.7435]]],[[[100.6505,13.7395],[100.655,13.7385],[100.654,13.738],[100.655,13.737],[100.6535,13.737],[100.6545,13.7365],[100.6545,13.7355],[100.6535,13.736],[100.6515,13.7355],[100.6515,13.7365],[100.6525,13.737],[100.6475,13.7375],[100.652,13.7375],[100.65,13.7385],[100.6505,13.7395]],[[100.6525,13.7385],[100.653,13.7385],[100.6525,13.7385]],[[100.6515,13.7385],[100.652,13.7385],[100.6515,13.7385]],[[100.6535,13.738],[100.6535,13.7385],[100.6535,13.738]]],[[[100.6425,13.7355],[100.6435,13.736],[100.643,13.7355],[100.6425,13.7355]]],[[[100.6915,13.729],[100.6915,13.73],[100.6925,13.73],[100.694,13.732],[100.6945,13.7315],[100.6915,13.729]]],[[[100.686,13.7335]]],[[[100.6805,13.7345],[100.68,13.735],[100.682,13.7365],[100.682,13.7355],[100.685,13.7355],[100.684,13.735],[100.6845,13.734],[100.6805,13.7345]]],[[[100.685,13.7355]]],[[[100.685,13.7355]]],[[[100.685,13.7355]]],[[[100.685,13.7355]]],[[[100.685,13.735],[100.685,13.7355],[100.685,13.735]]],[[[100.685,13.735]]],[[[100.6875,13.7355],[100.688,13.7395],[100.6885,13.7395],[100.688,13.7385],[100.689,13.738],[100.688,13.7375],[100.688,13.7365],[100.69,13.738],[100.693,13.7365],[100.689,13.7355],[100.6895,13.7345],[100.6875,13.7355]]],[[[100.693,13.7365],[100.6935,13.7365],[100.693,13.7365]]],[[[100.694,13.7365],[100.6935,13.738],[100.694,13.7385],[100.695,13.738],[100.6955,13.736],[100.697,13.736],[100.6965,13.735],[100.6975,13.734],[100.6995,13.7335],[100.696,13.7335],[100.695,13.7345],[100.6945,13.734],[100.6935,13.7345],[100.6955,13.735],[100.6935,13.736],[100.694,13.7365]],[[100.697,13.734],[100.6965,13.734],[100.697,13.734]]],[[[100.697,13.733],[100.6995,13.733],[100.7005,13.732],[100.699,13.732],[100.6985,13.7305],[100.698,13.7315],[100.6985,13.732],[100.697,13.732],[100.6975,13.733],[100.697,13.733]]],[[[100.6955,13.7325],[100.6955,13.733],[100.6955,13.7325]]],[[[100.7275,13.807],[100.7275,13.808],[100.7285,13.8085],[100.728,13.809],[100.73,13.8105],[100.732,13.8095],[100.731,13.808],[100.73,13.8085],[100.7275,13.807]],[[100.729,13.809]],[[100.73,13.809],[100.7295,13.8095],[100.73,13.809]],[[100.7305,13.8095]]],[[[100.728,13.8095],[100.7275,13.81],[100.723,13.8075],[100.719,13.8105],[100.717,13.81],[100.7165,13.812],[100.718,13.8135],[100.719,13.813],[100.719,13.814],[100.72,13.813],[100.719,13.8135],[100.7185,13.8125],[100.721,13.8115],[100.7215,13.8105],[100.722,13.811],[100.7235,13.809],[100.7255,13.809],[100.7275,13.8105],[100.728,13.8095]],[[100.721,13.8105],[100.7205,13.811],[100.721,13.8105]],[[100.7235,13.808],[100.724,13.8085],[100.7235,13.8085],[100.7235,13.808]]],[[[100.72,13.8145],[100.72,13.815],[100.7205,13.8145],[100.7205,13.814],[100.72,13.8145]]],[[[100.7235,13.815],[100.7225,13.8155],[100.723,13.816],[100.7225,13.8165],[100.724,13.8175],[100.725,13.8155],[100.7255,13.8175],[100.727,13.8155],[100.728,13.816],[100.7295,13.8155],[100.729,13.8185],[100.7295,13.819],[100.73,13.8185],[100.7305,13.815],[100.7295,13.8155],[100.7295,13.814],[100.7275,13.8155],[100.7275,13.814],[100.7265,13.815],[100.726,13.8135],[100.7245,13.8145],[100.7245,13.8135],[100.7235,13.815]]],[[[100.7305,13.814],[100.732,13.815],[100.7315,13.816],[100.7335,13.815],[100.733,13.8165],[100.7355,13.8155],[100.7355,13.8145],[100.7345,13.8145],[100.735,13.814],[100.7345,13.813],[100.7315,13.8115],[100.7325,13.8135],[100.731,13.8145],[100.7305,13.8135],[100.7305,13.814]],[[100.733,13.8135],[100.734,13.814],[100.733,13.814],[100.733,13.8135]]],[[[100.7435,13.688],[100.742,13.6855],[100.7415,13.686],[100.743,13.6915],[100.744,13.6915],[100.7435,13.688]]],[[[100.746,13.6915],[100.7455,13.693],[100.7465,13.6915],[100.745,13.6885],[100.746,13.6915]]],[[[100.754,13.69],[100.755,13.6905],[100.7575,13.6895],[100.7555,13.6825],[100.755,13.683],[100.7565,13.6895],[100.7545,13.6895],[100.753,13.6865],[100.754,13.69]]],[[[100.748,13.697],[100.7455,13.698],[100.7475,13.698],[100.7485,13.699],[100.749,13.6975],[100.751,13.7],[100.7515,13.698],[100.7535,13.698],[100.754,13.699],[100.755,13.696],[100.7575,13.695],[100.757,13.6945],[100.756,13.695],[100.7545,13.691],[100.755,13.6945],[100.756,13.6945],[100.755,13.696],[100.754,13.6965],[100.754,13.695],[100.7525,13.6945],[100.75,13.695],[100.75,13.694],[100.749,13.6945],[100.7505,13.6975],[100.7495,13.6965],[100.749,13.6975],[100.748,13.697]],[[100.752,13.696],[100.7515,13.6965],[100.751,13.696],[100.752,13.696]],[[100.7515,13.697],[100.752,13.697],[100.7525,13.697],[100.7515,13.697]],[[100.7535,13.697]]],[[[100.7485,13.694],[100.7485,13.6945],[100.7485,13.695],[100.749,13.6945],[100.7485,13.694]]],[[[100.753,13.724],[100.753,13.7255],[100.752,13.725],[100.7525,13.7245],[100.752,13.724],[100.7515,13.7245],[100.749,13.724],[100.749,13.7255],[100.75,13.725],[100.751,13.726],[100.7495,13.7275],[100.753,13.728],[100.7535,13.727],[100.754,13.728],[100.7545,13.7265],[100.7555,13.727],[100.7555,13.7255],[100.7545,13.7255],[100.7545,13.7245],[100.753,13.724]],[[100.7515,13.7265],[100.753,13.726],[100.753,13.7265],[100.7515,13.7265]],[[100.7515,13.727],[100.7515,13.7275],[100.7515,13.727]]],[[[100.7455,13.7255],[100.7415,13.726],[100.7425,13.7275],[100.743,13.7265],[100.7455,13.7265],[100.745,13.726],[100.7455,13.7255]]],[[[100.7415,13.729],[100.7415,13.7275],[100.741,13.7285],[100.74,13.7275],[100.7375,13.729],[100.738,13.7295],[100.7415,13.729]]],[[[100.7545,13.73],[100.7585,13.73],[100.7595,13.729],[100.7545,13.728],[100.7545,13.729],[100.756,13.7295],[100.7545,13.73]]],[[[100.4235,13.7085]]],[[[100.445,13.7175],[100.4455,13.7165],[100.4445,13.7165],[100.445,13.7175]]],[[[100.4545,13.726],[100.456,13.7245],[100.4565,13.7235],[100.456,13.7235],[100.4545,13.726]]],[[[100.4605,13.7255]]],[[[100.473,13.7385]]],[[[100.4775,13.7265],[100.478,13.7255],[100.4775,13.7255],[100.4775,13.7265]]],[[[100.477,13.7265]]],[[[100.407,13.8895]]],[[[100.4155,13.8715],[100.416,13.8715],[100.4155,13.8715]]],[[[100.4355,13.8795]]],[[[100.4985,13.717],[100.4985,13.7175],[100.4985,13.717]]],[[[100.4905,13.723]]],[[[100.4995,13.725]]],[[[100.508,13.72],[100.507,13.7205],[100.508,13.72]]],[[[100.5065,13.72]]],[[[100.507,13.733]]],[[[100.5025,13.7415],[100.502,13.742],[100.5025,13.742],[100.5025,13.7415]]],[[[100.5115,13.739],[100.5115,13.7385],[100.5115,13.739]]],[[[100.512,13.7365],[100.5115,13.737],[100.512,13.737],[100.512,13.7365]]],[[[100.512,13.737]]],[[[100.5215,13.738]]],[[[100.521,13.7225]]],[[[100.5265,13.7425],[100.5265,13.743],[100.5265,13.7425]]],[[[100.5335,13.734],[100.533,13.734],[100.5335,13.734]]],[[[100.5045,13.8995],[100.504,13.8995],[100.5045,13.8995]]],[[[100.502,13.897],[100.5025,13.897],[100.502,13.897]]],[[[100.5255,13.828]]],[[[100.5285,13.8215],[100.528,13.8215],[100.5285,13.822],[100.5285,13.8215]]],[[[100.5365,13.805]]],[[[100.541,13.7605],[100.542,13.762],[100.542,13.761],[100.541,13.7605]]],[[[100.539,13.7255],[100.5395,13.7255],[100.539,13.725],[100.539,13.7255]]],[[[100.541,13.7835]]],[[[100.541,13.783],[100.5405,13.783],[100.541,13.7835],[100.541,13.783]]],[[[100.543,13.768]]],[[[100.5455,13.7705],[100.5455,13.771],[100.546,13.7705],[100.5455,13.7705]]],[[[100.5665,13.8185]]],[[[100.559,13.7345],[100.5595,13.734],[100.559,13.734],[100.559,13.7345]]],[[[100.5565,13.735]]],[[[100.547,13.8945],[100.547,13.894],[100.547,13.8945]]],[[[100.5475,13.895]]],[[[100.551,13.8955]]],[[[100.5605,13.7505]]],[[[100.569,13.7785],[100.569,13.779],[100.569,13.7785]]],[[[100.5735,13.886],[100.574,13.886],[100.5735,13.886]]],[[[100.5715,13.832],[100.572,13.832],[100.5715,13.832]]],[[[100.5745,13.8435],[100.5745,13.843],[100.5745,13.8435]]],[[[100.5845,13.851],[100.5855,13.85],[100.584,13.85],[100.5845,13.851]]],[[[100.58,13.853],[100.579,13.853],[100.58,13.853]]],[[[100.5855,13.8965],[100.5855,13.897],[100.5855,13.8965]]],[[[100.5895,13.871],[100.5895,13.8705],[100.5895,13.871]]],[[[100.59,13.7195]]],[[[100.604,13.7015]]],[[[100.6075,13.6865],[100.6075,13.686],[100.6075,13.6865]]],[[[100.572,13.7625],[100.5715,13.7625],[100.5715,13.763],[100.572,13.763],[100.572,13.7625]]],[[[100.573,13.7725]]],[[[100.572,13.7795]]],[[[100.571,13.7875]]],[[[100.5755,13.787],[100.576,13.787],[100.5755,13.787]]],[[[100.575,13.796]]],[[[100.5785,13.779],[100.577,13.779],[100.5775,13.78],[100.5785,13.779]]],[[[100.5695,13.8225]]],[[[100.4705,13.7655],[100.47,13.7655],[100.4705,13.7655]]],[[[100.4885,13.735],[100.4885,13.7355],[100.4885,13.735]]],[[[100.497,13.787]]],[[[100.505,13.7965]]],[[[100.5045,13.796],[100.5035,13.7965],[100.504,13.7965],[100.5045,13.796]]],[[[100.5435,13.9155],[100.5435,13.9165],[100.5435,13.916],[100.5435,13.9155]]],[[[100.543,13.9135],[100.5435,13.915],[100.5435,13.914],[100.543,13.9135]]],[[[100.564,13.8545],[100.564,13.855],[100.5645,13.855],[100.564,13.8545]]],[[[100.5975,13.6355]]],[[[100.5995,13.6615]]],[[[100.6,13.6615],[100.6005,13.662],[100.6005,13.6615],[100.6,13.6615]]],[[[100.6095,13.575],[100.609,13.575],[100.609,13.5755],[100.609,13.575],[100.6095,13.575]]],[[[100.627,13.862],[100.6265,13.862],[100.627,13.862]]],[[[100.6485,13.8425],[100.648,13.8425],[100.6485,13.8425]]],[[[100.6475,13.844]]],[[[100.6405,13.8525],[100.64,13.853],[100.6405,13.853],[100.6405,13.8525]]],[[[100.665,13.837]]],[[[100.651,13.8455]]],[[[100.631,13.927]]]]}},{"type":"Feature","properties":{"class":">15","speed_kmh":4.5},"geometry":{"type":"MultiPolygon","coordinates":[[[[100.464,13.606],[100.4575,13.6045],[100.454,13.606],[100.451,13.5945],[100.4465,13.587],[100.4445,13.553],[100.4535,13.502],[100.443,13.5005],[100.437,13.497],[100.435,13.498],[100.435,13.4965],[100.4305,13.496],[100.426,13.4975],[100.4235,13.496],[100.423,13.497],[100.4215,13.4945],[100.409,13.4935],[100.407,13.502],[100.4065,13.536],[100.414,13.536],[100.415,13.539],[100.4185,13.5405],[100.42,13.545],[100.4145,13.5515],[100.415,13.557],[100.4125,13.557],[100.412,13.5555],[100.4085,13.5545],[100.4045,13.555],[100.401,13.553],[100.396,13.5535],[100.3945,13.555],[100.393,13.5615],[100.3915,13.5635],[100.3915,13.569],[100.3895,13.57],[100.388,13.5745],[100.3865,13.5745],[100.3865,13.578],[100.385,13.579],[100.386,13.585],[100.3845,13.5895],[100.3785,13.5945],[100.3765,13.6195],[100.372,13.6225],[100.366,13.6335],[100.359,13.633],[100.3585,13.6375],[100.3555,13.6365],[100.3545,13.641],[100.35,13.6405],[100.3485,13.641],[100.3485,13.6435],[100.3475,13.6435],[100.347,13.645],[100.3455,13.6445],[100.3445,13.649],[100.3465,13.649],[100.347,13.6555],[100.3395,13.655],[100.341,13.6615],[100.3375,13.6775],[100.336,13.677],[100.3335,13.6815],[100.3305,13.699],[100.3325,13.7],[100.3335,13.7065],[100.3325,13.7125],[100.334,13.713],[100.336,13.711],[100.339,13.713],[100.333,13.721],[100.3305,13.7195],[100.33,13.721],[100.3355,13.723],[100.335,13.7285],[100.3365,13.73],[100.335,13.7335],[100.3375,13.734],[100.3375,13.736],[100.335,13.747],[100.3355,13.7535],[100.3345,13.755],[100.333,13.7555],[100.333,13.7595],[100.33,13.763],[100.331,13.7775],[100.332,13.7775],[100.332,13.7815],[100.334,13.782],[100.3305,13.798],[100.328,13.804],[100.411,13.8015],[100.464,13.7975],[100.4695,13.795],[100.466,13.789],[100.5005,13.8005],[100.5155,13.8135],[100.5075,13.816],[100.5025,13.8195],[100.4915,13.8095],[100.4885,13.8135],[100.4875,13.8195],[100.4855,13.819],[100.4855,13.821],[100.4815,13.821],[100.482,13.8225],[100.4795,13.825],[100.48,13.828],[100.4775,13.828],[100.4775,13.8315],[100.4735,13.8325],[100.466,13.8255],[100.4565,13.831],[100.44,13.828],[100.4275,13.834],[100.4255,13.8365],[100.425,13.8355],[100.4235,13.836],[100.4145,13.829],[100.403,13.824],[100.3995,13.8305],[100.393,13.8265],[100.3845,13.8245],[100.368,13.8155],[100.3595,13.817],[100.3495,13.817],[100.348,13.825],[100.328,13.8255],[100.319,13.8225],[100.297,13.8695],[100.2995,13.872],[100.302,13.879],[100.3115,13.8765],[100.3225,13.8775],[100.322,13.885],[100.3265,13.8855],[100.328,13.8825],[100.331,13.8815],[100.342,13.8835],[100.3415,13.89],[100.3325,13.912],[100.3305,13.9215],[100.341,13.9305],[100.356,13.95],[100.35,13.954],[100.355,13.962],[100.356,13.975],[100.3555,13.985],[100.3495,13.9965],[100.356,14.0005],[100.3645,13.9925],[100.3805,13.989],[100.3815,13.9945],[100.4345,13.9815],[100.4535,13.9675],[100.4565,13.971],[100.458,13.9775],[100.4585,13.9765],[100.4605,13.9765],[100.4625,13.9715],[100.467,13.9705],[100.467,13.9685],[100.486,13.95],[100.489,13.9425],[100.502,13.9365],[100.5045,13.9405],[100.5095,13.9435],[100.526,13.9435],[100.5315,13.945],[100.537,13.95],[100.539,13.9555],[100.542,13.9555],[100.542,13.9535],[100.544,13.9545],[100.5445,13.953],[100.554,13.9505],[100.555,13.9515],[100.557,13.95],[100.56,13.9505],[100.5615,13.9495],[100.5675,13.951],[100.574,13.9545],[100.592,13.9505],[100.6055,13.944],[100.604,13.9545],[100.6065,13.9545],[100.6055,13.9665],[100.6075,13.967],[100.6085,13.966],[100.61,13.9675],[100.609,13.967],[100.6095,13.9675],[100.609,13.968],[100.6055,13.968],[100.606,13.969],[100.605,13.969],[100.6035,13.9825],[100.6045,13.982],[100.605,13.9825],[100.6045,13.983],[100.6065,13.984],[100.606,13.985],[100.6065,13.986],[100.6075,13.986],[100.6085,13.9875],[100.6065,13.9875],[100.606,13.9895],[100.604,13.989],[100.604,13.991],[100.6025,13.992],[100.6015,13.9955],[100.653,14.0075],[100.679,14.0095],[100.704,14.021],[100.7215,14.031],[100.7315,14.0315],[100.7315,14.0335],[100.7555,14.045],[100.914,14.0995],[100.915,14.068],[100.914,13.9465],[100.907,13.8855],[100.906,13.855],[100.904,13.8485],[100.9125,13.847],[100.9075,13.838],[100.9385,13.8145],[100.9285,13.8015],[100.91,13.7905],[100.879,13.738],[100.855,13.6995],[100.861,13.697],[100.8595,13.6895],[100.7945,13.7145],[100.7835,13.7165],[100.781,13.71],[100.7855,13.7065],[100.778,13.7005],[100.763,13.675],[100.7725,13.6735],[100.7905,13.677],[100.792,13.671],[100.7905,13.668],[100.7935,13.665],[100.787,13.6565],[100.7855,13.6505],[100.782,13.6475],[100.7835,13.647],[100.7805,13.6375],[100.7835,13.637],[100.7825,13.6315],[100.7845,13.631],[100.784,13.623],[100.7865,13.615],[100.7825,13.602],[100.7795,13.5995],[100.7795,13.595],[100.775,13.5965],[100.77,13.5885],[100.77,13.583],[100.768,13.5805],[100.7625,13.559],[100.763,13.556],[100.772,13.5535],[100.771,13.5455],[100.764,13.5275],[100.767,13.5235],[100.766,13.522],[100.777,13.5205],[100.78,13.5155],[100.7835,13.5165],[100.7845,13.5135],[100.787,13.513],[100.783,13.511],[100.785,13.509],[100.781,13.4995],[100.7805,13.492],[100.7765,13.4905],[100.7295,13.5005],[100.708,13.5015],[100.708,13.5045],[100.7055,13.5055],[100.681,13.506],[100.654,13.5165],[100.631,13.5205],[100.623,13.527],[100.622,13.5295],[100.612,13.539],[100.5975,13.539],[100.5955,13.542],[100.58,13.5535],[100.576,13.563],[100.5775,13.572],[100.592,13.5945],[100.5925,13.6],[100.591,13.6065],[100.585,13.61],[100.5625,13.6125],[100.5515,13.6185],[100.5525,13.621],[100.558,13.623],[100.5645,13.634],[100.569,13.6375],[100.573,13.634],[100.5735,13.635],[100.577,13.634],[100.5815,13.6305],[100.587,13.629],[100.591,13.6425],[100.5925,13.643],[100.593,13.646],[100.5945,13.647],[100.5955,13.646],[100.5985,13.6465],[100.597,13.6475],[100.5965,13.647],[100.596,13.648],[100.5945,13.6475],[100.594,13.6485],[100.5935,13.648],[100.5955,13.6485],[100.596,13.65],[100.593,13.653],[100.5935,13.6495],[100.592,13.664],[100.5795,13.669],[100.589,13.683],[100.5885,13.69],[100.584,13.696],[100.5775,13.7],[100.567,13.7045],[100.56,13.706],[100.555,13.7055],[100.5515,13.7],[100.5525,13.688],[100.5515,13.68],[100.5475,13.6725],[100.542,13.6695],[100.5365,13.6695],[100.531,13.6715],[100.5235,13.678],[100.5205,13.6755],[100.522,13.6735],[100.5205,13.671],[100.521,13.669],[100.5175,13.6675],[100.5175,13.6615],[100.516,13.6515],[100.517,13.6455],[100.5155,13.645],[100.515,13.6395],[100.518,13.635],[100.514,13.6285],[100.5165,13.6125],[100.5205,13.609],[100.521,13.605],[100.5135,13.6025],[100.5115,13.597],[100.505,13.5975],[100.4995,13.5955],[100.499,13.592],[100.4965,13.589],[100.491,13.586],[100.4885,13.5895],[100.482,13.5925],[100.4805,13.598],[100.477,13.5995],[100.477,13.603],[100.473,13.599],[100.4735,13.594],[100.4695,13.5925],[100.467,13.597],[100.466,13.604],[100.464,13.606]],[[100.4075,13.703],[100.407,13.7055],[100.4115,13.7065],[100.412,13.7055],[100.412,13.707],[100.4135,13.707],[100.4135,13.709],[100.4135,13.708],[100.4155,13.7065],[100.416,13.7075],[100.415,13.7075],[100.4155,13.71],[100.416,13.7095],[100.4155,13.708],[100.4165,13.7075],[100.416,13.707],[100.4165,13.7065],[100.417,13.708],[100.4185,13.7075],[100.4195,13.709],[100.419,13.707],[100.4205,13.707],[100.4195,13.7065],[100.4195,13.7055],[100.4175,13.7045],[100.419,13.7045],[100.4195,13.703],[100.421,13.7035],[100.4205,13.7025],[100.4215,13.702],[100.423,13.704],[100.4215,13.706],[100.4245,13.7075],[100.4255,13.707],[100.426,13.708],[100.427,13.7075],[100.4275,13.7105],[100.429,13.71],[100.428,13.708],[100.4285,13.708],[100.4315,13.709],[100.4315,13.711],[100.4325,13.7095],[100.4375,13.7115],[100.4385,13.711],[100.4375,13.7095],[100.4385,13.7085],[100.439,13.7095],[100.4415,13.7095],[100.4405,13.7105],[100.443,13.712],[100.443,13.711],[100.445,13.711],[100.445,13.71],[100.4475,13.7085],[100.4475,13.71],[100.446,13.7105],[100.4455,13.712],[100.4465,13.7125],[100.4475,13.711],[100.4475,13.713],[100.449,13.713],[100.4495,13.712],[100.4515,13.7135],[100.4505,13.7135],[100.451,13.715],[100.452,13.714],[100.453,13.715],[100.4525,13.7135],[100.455,13.7115],[100.4555,13.714],[100.455,13.716],[100.456,13.7155],[100.457,13.7165],[100.4575,13.715],[100.4575,13.7165],[100.459,13.717],[100.457,13.717],[100.4565,13.718],[100.4555,13.717],[100.455,13.7175],[100.456,13.718],[100.4555,13.7185],[100.457,13.718],[100.457,13.7195],[100.458,13.7185],[100.4615,13.7195],[100.4625,13.719],[100.462,13.715],[100.46,13.7165],[100.461,13.715],[100.463,13.7145],[100.462,13.7125],[100.4605,13.7125],[100.4605,13.7115],[100.462,13.71],[100.464,13.7115],[100.465,13.7135],[100.466,13.712],[100.465,13.7115],[100.464,13.709],[100.465,13.7085],[100.4645,13.707],[100.467,13.7075],[100.466,13.707],[100.468,13.706],[100.467,13.7055],[100.468,13.7045],[100.4695,13.7065],[100.471,13.706],[100.4715,13.707],[100.4705,13.707],[100.472,13.707],[100.472,13.708],[100.473,13.708],[100.4725,13.707],[100.4735,13.706],[100.474,13.708],[100.477,13.71],[100.4775,13.7095],[100.4765,13.709],[100.4765,13.708],[100.4745,13.708],[100.4745,13.707],[100.477,13.7055],[100.4775,13.707],[100.4775,13.705],[100.4785,13.705],[100.4785,13.704],[100.4795,13.705],[100.479,13.7055],[100.48,13.706],[100.479,13.7075],[100.48,13.7065],[100.4805,13.707],[100.482,13.7065],[100.4825,13.707],[100.48,13.71],[100.479,13.714],[100.4805,13.714],[100.481,13.7125],[100.4835,13.7135],[100.4845,13.712],[100.4855,13.7125],[100.4855,13.7115],[100.4875,13.713],[100.488,13.7115],[100.489,13.7135],[100.492,13.715],[100.4925,13.713],[100.4935,13.713],[100.4935,13.714],[100.4945,13.713],[100.498,13.7155],[100.5015,13.7135],[100.5015,13.7145],[100.502,13.714],[100.502,13.715],[100.5025,13.714],[100.5035,13.7145],[100.504,13.716],[100.504,13.714],[100.5065,13.714],[100.5065,13.715],[100.507,13.7145],[100.509,13.7155],[100.509,13.7165],[100.51,13.716],[100.509,13.717],[100.51,13.717],[100.5095,13.718],[100.5105,13.718],[100.511,13.719],[100.5125,13.7185],[100.512,13.7155],[100.5105,13.714],[100.511,13.7135],[100.5115,13.714],[100.5105,13.712],[100.5115,13.7115],[100.5105,13.7105],[100.511,13.7095],[100.512,13.7095],[100.5125,13.7105],[100.512,13.711],[100.513,13.71],[100.5165,13.711],[100.5165,13.7125],[100.518,13.712],[100.518,13.711],[100.519,13.7115],[100.5195,13.7105],[100.521,13.711],[100.521,13.71],[100.5245,13.7125],[100.5235,13.7135],[100.524,13.7145],[100.5235,13.7155],[100.527,13.715],[100.525,13.7135],[100.5265,13.712],[100.529,13.712],[100.5295,13.7135],[100.529,13.7145],[100.53,13.715],[100.5315,13.7135],[100.533,13.7145],[100.5325,13.714],[100.533,13.713],[100.534,13.7135],[100.5345,13.713],[100.537,13.718],[100.536,13.7185],[100.538,13.72],[100.5385,13.7215],[100.5395,13.721],[100.54,13.722],[100.5395,13.7225],[100.5405,13.723],[100.541,13.7215],[100.5395,13.72],[100.542,13.7195],[100.543,13.7205],[100.544,13.7175],[100.546,13.7185],[100.546,13.718],[100.548,13.7185],[100.5475,13.718],[100.548,13.7175],[100.549,13.718],[100.5495,13.7175],[100.55,13.7185],[100.5515,13.716],[100.552,13.717],[100.5535,13.713],[100.5545,13.713],[100.556,13.7145],[100.5565,13.713],[100.5585,13.714],[100.5575,13.713],[100.559,13.712],[100.5595,13.713],[100.559,13.7145],[100.561,13.7135],[100.5615,13.714],[100.559,13.7155],[100.5615,13.7145],[100.562,13.715],[100.5615,13.7155],[100.5635,13.715],[100.5645,13.7155],[100.565,13.7165],[100.5645,13.7175],[100.5655,13.7165],[100.5675,13.7175],[100.567,13.718],[100.568,13.719],[100.5675,13.7205],[100.567,13.721],[100.5665,13.7205],[100.5665,13.7225],[100.569,13.7215],[100.5705,13.7245],[100.57,13.722],[100.574,13.7215],[100.5715,13.7205],[100.573,13.7185],[100.575,13.7175],[100.575,13.716],[100.576,13.716],[100.576,13.715],[100.5765,13.7165],[100.578,13.716],[100.5805,13.7165],[100.579,13.7145],[100.58,13.7145],[100.5815,13.7115],[100.582,13.712],[100.5825,13.7115],[100.582,13.71],[100.583,13.7105],[100.584,13.7095],[100.585,13.711],[100.5855,13.7105],[100.5885,13.711],[100.589,13.71],[100.5895,13.711],[100.5905,13.7095],[100.5895,13.7085],[100.5905,13.707],[100.5915,13.709],[100.5925,13.7075],[100.593,13.7095],[100.5935,13.709],[100.594,13.7095],[100.593,13.708],[100.5935,13.7075],[100.5925,13.707],[100.5935,13.7055],[100.593,13.705],[100.592,13.706],[100.5915,13.7045],[100.5925,13.704],[100.591,13.7035],[100.5915,13.703],[100.5935,13.704],[100.5925,13.7025],[100.5945,13.7015],[100.5955,13.7025],[100.5965,13.7005],[100.5955,13.6985],[100.5975,13.6985],[100.598,13.6995],[100.5985,13.698],[100.601,13.7],[100.6015,13.699],[100.6005,13.699],[100.5995,13.6975],[100.6,13.697],[100.597,13.6955],[100.597,13.6945],[100.598,13.694],[100.5965,13.6935],[100.597,13.6925],[100.5995,13.6925],[100.602,13.6895],[100.603,13.6905],[100.6035,13.69],[100.605,13.6905],[100.603,13.69],[100.604,13.6885],[100.602,13.6865],[100.6035,13.686],[100.6025,13.684],[100.604,13.6845],[100.605,13.6835],[100.603,13.6825],[100.604,13.6825],[100.6045,13.6815],[100.6055,13.682],[100.605,13.681],[100.6035,13.681],[100.604,13.677],[100.605,13.677],[100.606,13.6745],[100.607,13.675],[100.6065,13.674],[100.6055,13.674],[100.6035,13.677],[100.603,13.6765],[100.6035,13.6755],[100.6025,13.6755],[100.602,13.6745],[100.6015,13.6755],[100.601,13.6745],[100.6,13.675],[100.5995,13.6745],[100.601,13.674],[100.6005,13.6715],[100.6015,13.67],[100.6045,13.6695],[100.604,13.667],[100.6045,13.667],[100.607,13.6725],[100.608,13.6725],[100.6075,13.671],[100.608,13.6705],[100.6085,13.672],[100.6105,13.673],[100.608,13.674],[100.608,13.6755],[100.6105,13.675],[100.6105,13.674],[100.612,13.674],[100.614,13.6755],[100.614,13.6765],[100.615,13.6755],[100.6155,13.676],[100.6145,13.677],[100.6155,13.677],[100.6155,13.678],[100.6165,13.677],[100.6175,13.678],[100.618,13.677],[100.6195,13.6785],[100.6185,13.679],[100.6185,13.68],[100.6175,13.679],[100.6175,13.681],[100.614,13.68],[100.6125,13.682],[100.6135,13.681],[100.6135,13.6825],[100.614,13.683],[100.6145,13.682],[100.6145,13.683],[100.6165,13.684],[100.6155,13.6845],[100.614,13.688],[100.615,13.6875],[100.6155,13.6905],[100.6165,13.69],[100.6175,13.692],[100.6165,13.693],[100.616,13.692],[100.6125,13.6955],[100.6115,13.6955],[100.6115,13.6945],[100.61,13.6935],[100.608,13.694],[100.6085,13.695],[100.611,13.6955],[100.6095,13.696],[100.613,13.6975],[100.613,13.6985],[100.6145,13.6975],[100.614,13.6985],[100.615,13.6995],[100.6135,13.701],[100.6135,13.7],[100.6095,13.699],[100.6135,13.702],[100.612,13.7025],[100.6115,13.702],[100.609,13.7055],[100.608,13.7055],[100.6095,13.706],[100.609,13.71],[100.608,13.7105],[100.606,13.709],[100.6055,13.7095],[100.6045,13.709],[100.6035,13.71],[100.6045,13.71],[100.605,13.7115],[100.6065,13.7125],[100.6035,13.7135],[100.6025,13.713],[100.6035,13.7125],[100.603,13.7115],[100.6,13.7135],[100.6,13.7145],[100.599,13.7145],[100.5995,13.7175],[100.5965,13.7175],[100.5965,13.718],[100.598,13.7175],[100.598,13.719],[100.596,13.7195],[100.597,13.7205],[100.596,13.721],[100.595,13.7205],[100.5955,13.7195],[100.5935,13.719],[100.592,13.722],[100.589,13.7235],[100.5885,13.723],[100.589,13.724],[100.5885,13.727],[100.586,13.7265],[100.587,13.727],[100.587,13.728],[100.586,13.728],[100.587,13.729],[100.586,13.73],[100.5855,13.729],[100.5845,13.729],[100.5845,13.726],[100.584,13.7265],[100.585,13.727],[100.5845,13.729],[100.5815,13.7285],[100.5825,13.7285],[100.582,13.73],[100.5835,13.7315],[100.5825,13.732],[100.5825,13.733],[100.5815,13.733],[100.5815,13.732],[100.58,13.732],[100.5805,13.7335],[100.58,13.7335],[100.5785,13.732],[100.5795,13.733],[100.578,13.7335],[100.5775,13.7315],[100.577,13.7325],[100.5775,13.7335],[100.575,13.7345],[100.5755,13.737],[100.5745,13.737],[100.5745,13.738],[100.573,13.737],[100.5735,13.7385],[100.5725,13.739],[100.571,13.7375],[100.5705,13.7385],[100.5685,13.738],[100.568,13.739],[100.5675,13.738],[100.568,13.739],[100.5665,13.7405],[100.567,13.741],[100.5655,13.742],[100.5655,13.7445],[100.5645,13.7445],[100.565,13.7455],[100.5645,13.7465],[100.5655,13.745],[100.5665,13.746],[100.566,13.747],[100.568,13.7465],[100.569,13.748],[100.57,13.748],[100.569,13.749],[100.569,13.7505],[100.568,13.7495],[100.5655,13.75],[100.5655,13.751],[100.5675,13.7505],[100.5685,13.752],[100.566,13.753],[100.569,13.753],[100.569,13.752],[100.571,13.753],[100.571,13.752],[100.572,13.7515],[100.5725,13.752],[100.573,13.751],[100.574,13.7525],[100.5755,13.7505],[100.5755,13.7515],[100.577,13.751],[100.5765,13.7535],[100.579,13.754],[100.577,13.751],[100.5775,13.7505],[100.5785,13.7515],[100.5785,13.7505],[100.577,13.7495],[100.5785,13.748],[100.581,13.7515],[100.5805,13.7535],[100.581,13.754],[100.58,13.754],[100.585,13.7525],[100.5855,13.7535],[100.5885,13.753],[100.587,13.755],[100.5855,13.7545],[100.586,13.7565],[100.5845,13.759],[100.584,13.758],[100.583,13.758],[100.582,13.756],[100.581,13.7555],[100.58,13.7565],[100.581,13.758],[100.579,13.7585],[100.5785,13.76],[100.5805,13.7605],[100.5815,13.7595],[100.5825,13.7615],[100.578,13.7605],[100.577,13.762],[100.5745,13.7615],[100.576,13.7645],[100.5735,13.763],[100.573,13.7635],[100.574,13.765],[100.5735,13.7655],[100.577,13.7645],[100.577,13.7665],[100.5795,13.767],[100.576,13.77],[100.5765,13.771],[100.576,13.7735],[100.577,13.774],[100.5775,13.773],[100.578,13.7745],[100.5785,13.7735],[100.579,13.7745],[100.581,13.775],[100.5805,13.7755],[100.582,13.777],[100.5835,13.777],[100.582,13.7795],[100.5805,13.779],[100.5815,13.781],[100.581,13.783],[100.5775,13.7835],[100.5765,13.782],[100.577,13.7825],[100.5765,13.7835],[100.577,13.784],[100.5795,13.7835],[100.58,13.7855],[100.5815,13.7865],[100.5805,13.788],[100.5825,13.7875],[100.583,13.789],[100.5845,13.7895],[100.5825,13.7915],[100.581,13.7915],[100.582,13.7925],[100.58,13.794],[100.581,13.7945],[100.5805,13.795],[100.578,13.7945],[100.5775,13.795],[100.577,13.794],[100.577,13.795],[100.58,13.7955],[100.5785,13.7965],[100.5785,13.801],[100.5795,13.8015],[100.581,13.8],[100.581,13.8015],[100.5815,13.8],[100.583,13.8005],[100.583,13.802],[100.581,13.8035],[100.581,13.805],[100.58,13.8045],[100.58,13.803],[100.579,13.809],[100.5785,13.8095],[100.5775,13.809],[100.577,13.811],[100.5785,13.8115],[100.5755,13.812],[100.5755,13.815],[100.5745,13.815],[100.5745,13.8135],[100.573,13.8145],[100.5725,13.816],[100.5715,13.8155],[100.572,13.8145],[100.571,13.8145],[100.5705,13.8155],[100.5695,13.8145],[100.5685,13.815],[100.5685,13.816],[100.57,13.8165],[100.569,13.819],[100.57,13.8205],[100.5705,13.8195],[100.5715,13.8195],[100.572,13.82],[100.5715,13.821],[100.5725,13.821],[100.5735,13.823],[100.5725,13.823],[100.573,13.8235],[100.5735,13.8225],[100.5745,13.8235],[100.5735,13.824],[100.5735,13.825],[100.5745,13.825],[100.574,13.8275],[100.575,13.8275],[100.575,13.8285],[100.5775,13.8285],[100.577,13.8295],[100.5785,13.83],[100.578,13.831],[100.576,13.8305],[100.576,13.8315],[100.577,13.831],[100.5785,13.8315],[100.579,13.832],[100.578,13.8325],[100.5785,13.8335],[100.579,13.8325],[100.5795,13.834],[100.581,13.8345],[100.58,13.8355],[100.5815,13.835],[100.583,13.836],[100.5825,13.8365],[100.584,13.837],[100.5825,13.839],[100.5805,13.838],[100.581,13.84],[100.5815,13.8395],[100.5825,13.8405],[100.579,13.841],[100.579,13.8425],[100.5795,13.8415],[100.58,13.8425],[100.582,13.8415],[100.5825,13.843],[100.5815,13.8445],[100.5825,13.845],[100.583,13.844],[100.583,13.845],[100.584,13.8445],[100.585,13.845],[100.586,13.847],[100.5855,13.848],[100.5835,13.8485],[100.5855,13.849],[100.5865,13.8455],[100.587,13.846],[100.5865,13.8475],[100.5885,13.848],[100.5875,13.8525],[100.589,13.853],[100.589,13.854],[100.5875,13.855],[100.587,13.858],[100.5875,13.8585],[100.5895,13.8555],[100.59,13.856],[100.589,13.858],[100.591,13.8605],[100.5925,13.86],[100.593,13.8615],[100.592,13.8625],[100.5935,13.864],[100.593,13.8645],[100.5945,13.866],[100.596,13.866],[100.5955,13.867],[100.597,13.866],[100.598,13.867],[100.599,13.866],[100.5995,13.8665],[100.5985,13.8675],[100.599,13.869],[100.598,13.8695],[100.599,13.8705],[100.598,13.871],[100.5985,13.872],[100.598,13.8725],[100.6165,13.8625],[100.618,13.8625],[100.6175,13.8605],[100.619,13.861],[100.6195,13.86],[100.62,13.861],[100.6205,13.8575],[100.619,13.8565],[100.6185,13.857],[100.618,13.8555],[100.62,13.8555],[100.619,13.855],[100.62,13.855],[100.621,13.8535],[100.6195,13.852],[100.6205,13.852],[100.621,13.851],[100.622,13.851],[100.625,13.8545],[100.627,13.8535],[100.6265,13.8525],[100.627,13.85],[100.6305,13.8495],[100.6315,13.85],[100.631,13.8515],[100.634,13.85],[100.6345,13.8515],[100.636,13.8505],[100.637,13.851],[100.6355,13.8505],[100.6355,13.849],[100.639,13.8485],[100.6385,13.8475],[100.639,13.847],[100.645,13.8475],[100.6405,13.8465],[100.6405,13.846],[100.644,13.8465],[100.642,13.845],[100.6425,13.844],[100.644,13.8445],[100.641,13.842],[100.6425,13.841],[100.644,13.8425],[100.645,13.8425],[100.644,13.8405],[100.6455,13.8415],[100.6465,13.8395],[100.648,13.841],[100.6485,13.8405],[100.6465,13.8395],[100.6485,13.8385],[100.6525,13.84],[100.653,13.841],[100.652,13.842],[100.653,13.8425],[100.657,13.841],[100.6575,13.8395],[100.6565,13.839],[100.6565,13.838],[100.658,13.838],[100.6585,13.8365],[100.6575,13.8355],[100.659,13.8355],[100.6595,13.833],[100.66,13.8325],[100.6625,13.8355],[100.6665,13.8345],[100.676,13.8245],[100.675,13.8235],[100.6755,13.822],[100.6765,13.824],[100.6795,13.822],[100.68,13.8225],[100.6785,13.8235],[100.682,13.827],[100.682,13.828],[100.6805,13.8285],[100.681,13.8295],[100.6805,13.83],[100.6795,13.8295],[100.68,13.8305],[100.6795,13.831],[100.677,13.829],[100.6785,13.831],[100.6785,13.8315],[100.6765,13.831],[100.677,13.832],[100.6745,13.8325],[100.6745,13.831],[100.673,13.8295],[100.6725,13.83],[100.674,13.832],[100.673,13.8365],[100.6745,13.8355],[100.675,13.837],[100.673,13.838],[100.672,13.8415],[100.671,13.8405],[100.6715,13.84],[100.668,13.8385],[100.666,13.8415],[100.6665,13.8435],[100.665,13.844],[100.665,13.843],[100.664,13.8465],[100.661,13.8435],[100.6625,13.843],[100.66,13.8425],[100.6605,13.84],[100.6575,13.842],[100.6595,13.8425],[100.659,13.843],[100.6575,13.8425],[100.6595,13.844],[100.6585,13.8465],[100.659,13.8475],[100.657,13.847],[100.6575,13.848],[100.6545,13.8495],[100.654,13.851],[100.653,13.851],[100.653,13.852],[100.652,13.8515],[100.6515,13.8525],[100.6515,13.8515],[100.651,13.853],[100.65,13.853],[100.6495,13.854],[100.646,13.853],[100.642,13.853],[100.641,13.8585],[100.6405,13.8565],[100.6395,13.856],[100.64,13.8555],[100.639,13.856],[100.638,13.855],[100.638,13.856],[100.637,13.856],[100.638,13.857],[100.637,13.8575],[100.6365,13.8585],[100.637,13.859],[100.6345,13.8595],[100.6335,13.859],[100.6325,13.861],[100.6295,13.8605],[100.6295,13.8615],[100.633,13.861],[100.6335,13.8625],[100.63,13.862],[100.63,13.863],[100.631,13.863],[100.63,13.8645],[100.628,13.8645],[100.6285,13.8655],[100.6275,13.867],[100.626,13.866],[100.6265,13.8665],[100.625,13.8675],[100.6245,13.8655],[100.6245,13.8675],[100.623,13.8685],[100.6245,13.8695],[100.6235,13.87],[100.6235,13.8715],[100.622,13.87],[100.62,13.8705],[100.6175,13.87],[100.6175,13.868],[100.6145,13.8685],[100.6135,13.87],[100.6135,13.868],[100.6105,13.8675],[100.61,13.8695],[100.612,13.87],[100.612,13.871],[100.61,13.873],[100.6095,13.8715],[100.6085,13.872],[100.6075,13.8715],[100.6095,13.8725],[100.61,13.874],[100.608,13.8745],[100.608,13.8755],[100.606,13.8755],[100.6065,13.877],[100.6045,13.876],[100.605,13.878],[100.604,13.8785],[100.604,13.8795],[100.6045,13.88],[100.606,13.8795],[100.6055,13.8805],[100.6085,13.882],[100.6085,13.883],[100.6095,13.883],[100.6085,13.8835],[100.6085,13.886],[100.6095,13.887],[100.609,13.8885],[100.608,13.8875],[100.6075,13.888],[100.6085,13.889],[100.6105,13.887],[100.613,13.8875],[100.612,13.8905],[100.6105,13.891],[100.61,13.8905],[100.6115,13.892],[100.611,13.893],[100.61,13.893],[100.6105,13.8935],[100.6115,13.8925],[100.613,13.8925],[100.6135,13.8945],[100.6145,13.895],[100.614,13.896],[100.6145,13.897],[100.6125,13.898],[100.6135,13.8985],[100.613,13.899],[100.6135,13.9],[100.612,13.9005],[100.6125,13.901],[100.612,13.9015],[100.609,13.8975],[100.6085,13.8985],[100.607,13.8975],[100.6075,13.898],[100.6055,13.8985],[100.606,13.8965],[100.6015,13.893],[100.602,13.8925],[100.6025,13.893],[100.602,13.8915],[100.601,13.8925],[100.6005,13.8895],[100.599,13.891],[100.598,13.8905],[100.599,13.89],[100.5985,13.8895],[100.597,13.8905],[100.597,13.889],[100.596,13.889],[100.5965,13.8885],[100.5955,13.8875],[100.596,13.8865],[100.595,13.887],[100.5935,13.886],[100.593,13.8865],[100.5915,13.8845],[100.5905,13.885],[100.591,13.886],[100.59,13.887],[100.589,13.885],[100.588,13.8855],[100.589,13.8855],[100.5895,13.8875],[100.5905,13.888],[100.59,13.889],[100.588,13.889],[100.589,13.89],[100.5865,13.8915],[100.588,13.8935],[100.588,13.896],[100.593,13.905],[100.5945,13.9055],[100.5935,13.9065],[100.5995,13.9155],[100.601,13.92],[100.601,13.9185],[100.602,13.919],[100.6035,13.922],[100.6025,13.9235],[100.598,13.9225],[100.5985,13.9215],[100.5975,13.922],[100.5975,13.921],[100.5965,13.9215],[100.596,13.9205],[100.5945,13.921],[100.5935,13.9205],[100.594,13.9195],[100.5925,13.92],[100.597,13.9175],[100.5915,13.92],[100.591,13.9195],[100.5965,13.917],[100.596,13.9165],[100.593,13.918],[100.5905,13.918],[100.591,13.917],[100.5945,13.9155],[100.5885,13.9175],[100.589,13.916],[100.593,13.9145],[100.591,13.915],[100.59,13.913],[100.591,13.912],[100.5905,13.9115],[100.5925,13.9105],[100.592,13.91],[100.5925,13.9095],[100.5915,13.909],[100.592,13.9065],[100.5905,13.906],[100.589,13.9035],[100.586,13.9045],[100.5855,13.9055],[100.585,13.9045],[100.584,13.9045],[100.5855,13.903],[100.5835,13.904],[100.583,13.903],[100.581,13.9025],[100.58,13.901],[100.5805,13.8995],[100.5825,13.898],[100.5815,13.898],[100.581,13.897],[100.5825,13.896],[100.5825,13.8945],[100.582,13.894],[100.5815,13.895],[100.58,13.8945],[100.5795,13.893],[100.578,13.893],[100.5775,13.891],[100.577,13.893],[100.575,13.8925],[100.5745,13.8935],[100.5745,13.8925],[100.575,13.894],[100.574,13.895],[100.572,13.8945],[100.5715,13.8955],[100.569,13.895],[100.567,13.8955],[100.567,13.8965],[100.5655,13.8965],[100.566,13.898],[100.565,13.8985],[100.565,13.8995],[100.564,13.899],[100.564,13.901],[100.5605,13.902],[100.56,13.9],[100.5595,13.8995],[100.559,13.9005],[100.559,13.8995],[100.5615,13.8985],[100.557,13.8975],[100.5555,13.8995],[100.5545,13.8995],[100.5545,13.9005],[100.5525,13.9],[100.5525,13.901],[100.5515,13.902],[100.55,13.902],[100.55,13.903],[100.549,13.9025],[100.549,13.9015],[100.546,13.903],[100.547,13.904],[100.544,13.9055],[100.5445,13.9105],[100.5465,13.91],[100.548,13.908],[100.5505,13.9085],[100.551,13.907],[100.552,13.907],[100.5545,13.9095],[100.5535,13.9095],[100.5515,13.9135],[100.554,13.916],[100.552,13.917],[100.5525,13.919],[100.552,13.9185],[100.55,13.9195],[100.551,13.92],[100.5495,13.923],[100.5485,13.922],[100.549,13.9235],[100.548,13.9225],[100.5465,13.924],[100.5485,13.926],[100.5485,13.927],[100.5465,13.925],[100.5455,13.9265],[100.546,13.9275],[100.544,13.928],[100.5425,13.9275],[100.5435,13.926],[100.5415,13.926],[100.5435,13.925],[100.545,13.923],[100.5435,13.923],[100.544,13.921],[100.5435,13.918],[100.542,13.9185],[100.543,13.919],[100.542,13.9205],[100.541,13.9195],[100.539,13.9215],[100.5385,13.92],[100.539,13.917],[100.538,13.9155],[100.539,13.915],[100.5385,13.9135],[100.536,13.914],[100.5355,13.9135],[100.537,13.9125],[100.535,13.913],[100.5345,13.9125],[100.5355,13.912],[100.535,13.9105],[100.5375,13.908],[100.5365,13.908],[100.536,13.907],[100.5355,13.908],[100.533,13.9085],[100.5335,13.9115],[100.5325,13.9115],[100.5325,13.9105],[100.5315,13.9125],[100.529,13.913],[100.5285,13.912],[100.5275,13.912],[100.527,13.9095],[100.526,13.911],[100.5245,13.9105],[100.525,13.9095],[100.523,13.9065],[100.523,13.9095],[100.521,13.91],[100.5225,13.911],[100.5225,13.9135],[100.522,13.914],[100.52,13.913],[100.5185,13.9145],[100.517,13.914],[100.5165,13.9125],[100.5145,13.913],[100.5155,13.9115],[100.5145,13.9105],[100.5115,13.9115],[100.512,13.9105],[100.5115,13.9095],[100.51,13.91],[100.51,13.9085],[100.509,13.9085],[100.5085,13.9075],[100.507,13.908],[100.507,13.909],[100.508,13.9085],[100.5085,13.91],[100.509,13.9095],[100.51,13.91],[100.5095,13.9125],[100.508,13.9125],[100.507,13.911],[100.5045,13.912],[100.5035,13.9105],[100.505,13.909],[100.5025,13.91],[100.5035,13.9115],[100.503,13.912],[100.501,13.9115],[100.501,13.9095],[100.5,13.91],[100.5005,13.911],[100.4985,13.911],[100.498,13.91],[100.499,13.9085],[100.5,13.909],[100.498,13.905],[100.499,13.9055],[100.499,13.9045],[100.5,13.9045],[100.5005,13.9055],[100.502,13.904],[100.501,13.9035],[100.5015,13.902],[100.4995,13.9015],[100.5,13.901],[100.499,13.9005],[100.4995,13.8995],[100.4985,13.8995],[100.498,13.8985],[100.5,13.898],[100.4975,13.8975],[100.4985,13.897],[100.4995,13.8975],[100.499,13.8955],[100.5005,13.8955],[100.5005,13.8945],[100.5015,13.8945],[100.503,13.8925],[100.505,13.892],[100.506,13.8905],[100.5075,13.89],[100.507,13.8895],[100.5065,13.8905],[100.506,13.8895],[100.505,13.8895],[100.5065,13.8885],[100.506,13.8875],[100.5075,13.8875],[100.5065,13.8855],[100.507,13.8845],[100.509,13.884],[100.5085,13.8835],[100.509,13.882],[100.5115,13.8825],[100.513,13.882],[100.5115,13.8815],[100.513,13.881],[100.512,13.881],[100.5115,13.88],[100.512,13.8795],[100.511,13.879],[100.5095,13.8795],[100.509,13.878],[100.51,13.8785],[100.5105,13.8765],[100.5115,13.8765],[100.5105,13.8765],[100.511,13.8745],[100.512,13.875],[100.513,13.874],[100.512,13.874],[100.513,13.8735],[100.5125,13.872],[100.5135,13.8715],[100.5125,13.8705],[100.5125,13.869],[100.5135,13.8695],[100.5135,13.868],[100.515,13.8675],[100.5135,13.8665],[100.514,13.8655],[100.513,13.8645],[100.512,13.865],[100.5115,13.864],[100.5105,13.866],[100.5095,13.8655],[100.5095,13.8645],[100.5085,13.8645],[100.5085,13.8635],[100.5075,13.8635],[100.5075,13.8645],[100.506,13.864],[100.5055,13.865],[100.5045,13.8645],[100.505,13.866],[100.5045,13.867],[100.5025,13.866],[100.5035,13.868],[100.503,13.8685],[100.5015,13.867],[100.502,13.866],[100.5015,13.865],[100.5005,13.865],[100.4995,13.8685],[100.4975,13.8675],[100.4955,13.869],[100.494,13.867],[100.4945,13.868],[100.492,13.869],[100.4905,13.8685],[100.492,13.87],[100.491,13.8705],[100.4905,13.8695],[100.49,13.8725],[100.4885,13.872],[100.489,13.8705],[100.488,13.8695],[100.487,13.871],[100.4865,13.8705],[100.4875,13.8725],[100.487,13.874],[100.486,13.871],[100.485,13.871],[100.486,13.8725],[100.4855,13.874],[100.487,13.8745],[100.4845,13.875],[100.484,13.876],[100.485,13.8765],[100.485,13.878],[100.484,13.8785],[100.4835,13.8775],[100.4815,13.8775],[100.4825,13.8765],[100.4805,13.877],[100.48,13.876],[100.4785,13.8765],[100.4795,13.8745],[100.4775,13.8745],[100.478,13.873],[100.479,13.873],[100.4785,13.872],[100.479,13.871],[100.4745,13.8705],[100.4745,13.8735],[100.4735,13.8735],[100.473,13.875],[100.471,13.875],[100.4705,13.874],[100.47,13.8765],[100.469,13.8765],[100.469,13.8755],[100.467,13.8765],[100.4665,13.8755],[100.466,13.8775],[100.465,13.876],[100.464,13.877],[100.4625,13.8755],[100.463,13.8735],[100.461,13.8735],[100.4625,13.874],[100.4595,13.8755],[100.4615,13.8755],[100.46,13.8765],[100.4605,13.8775],[100.4595,13.8785],[100.4575,13.877],[100.459,13.8765],[100.4585,13.876],[100.4575,13.8765],[100.457,13.8755],[100.456,13.876],[100.4565,13.877],[100.456,13.8785],[100.4535,13.879],[100.453,13.8785],[100.4535,13.878],[100.452,13.878],[100.4535,13.8795],[100.453,13.8805],[100.452,13.8805],[100.452,13.882],[100.4485,13.8815],[100.448,13.883],[100.447,13.8835],[100.4465,13.8825],[100.4455,13.884],[100.4445,13.8815],[100.4455,13.882],[100.446,13.881],[100.4425,13.88],[100.4425,13.879],[100.442,13.8795],[100.4395,13.8785],[100.4405,13.8775],[100.438,13.877],[100.44,13.8815],[100.4385,13.8815],[100.438,13.881],[100.4385,13.8805],[100.4375,13.8805],[100.4385,13.8825],[100.437,13.883],[100.437,13.884],[100.4355,13.8835],[100.435,13.8815],[100.434,13.8815],[100.433,13.886],[100.4325,13.883],[100.4305,13.8815],[100.432,13.8805],[100.431,13.88],[100.4295,13.882],[100.429,13.8805],[100.43,13.8795],[100.4285,13.88],[100.428,13.8795],[100.4295,13.879],[100.4285,13.8775],[100.43,13.877],[100.43,13.876],[100.428,13.877],[100.427,13.8765],[100.4265,13.879],[100.4255,13.8775],[100.426,13.8765],[100.424,13.8755],[100.425,13.876],[100.425,13.877],[100.424,13.8765],[100.423,13.877],[100.4225,13.8785],[100.421,13.878],[100.4205,13.881],[100.416,13.88],[100.417,13.878],[100.4135,13.8775],[100.412,13.879],[100.414,13.879],[100.415,13.88],[100.4155,13.8795],[100.4155,13.8815],[100.4145,13.8815],[100.415,13.882],[100.414,13.8845],[100.413,13.884],[100.412,13.8855],[100.4125,13.8865],[100.4135,13.8855],[100.4155,13.888],[100.4135,13.889],[100.414,13.89],[100.4135,13.8915],[100.4125,13.8915],[100.412,13.8905],[100.4105,13.891],[100.4115,13.8885],[100.409,13.8895],[100.4115,13.893],[100.411,13.8975],[100.4095,13.898],[100.4115,13.898],[100.4105,13.899],[100.408,13.8995],[100.4085,13.901],[100.4075,13.902],[100.407,13.901],[100.4075,13.9],[100.407,13.9015],[100.4045,13.9],[100.405,13.899],[100.4065,13.899],[100.4055,13.897],[100.407,13.8985],[100.406,13.8965],[100.407,13.8955],[100.4065,13.8945],[100.4075,13.895],[100.407,13.8935],[100.407,13.894],[100.404,13.8935],[100.4035,13.8945],[100.4015,13.895],[100.4025,13.8935],[100.402,13.8905],[100.403,13.891],[100.4035,13.89],[100.402,13.8895],[100.404,13.8885],[100.404,13.8875],[100.4035,13.888],[100.403,13.8875],[100.4045,13.8865],[100.403,13.8865],[100.4025,13.886],[100.4035,13.8855],[100.4015,13.8855],[100.4005,13.884],[100.3995,13.884],[100.4005,13.8835],[100.4,13.8825],[100.401,13.8825],[100.402,13.878],[100.403,13.8775],[100.4025,13.877],[100.404,13.876],[100.4035,13.875],[100.4045,13.875],[100.4045,13.874],[100.405,13.8745],[100.408,13.8735],[100.4085,13.8715],[100.4095,13.872],[100.41,13.871],[100.411,13.8715],[100.411,13.8725],[100.415,13.8735],[100.414,13.8705],[100.4145,13.8695],[100.4205,13.871],[100.4225,13.87],[100.4215,13.8695],[100.4225,13.869],[100.422,13.8685],[100.423,13.869],[100.424,13.8685],[100.4255,13.8695],[100.424,13.871],[100.4245,13.8715],[100.425,13.8705],[100.4265,13.871],[100.4265,13.872],[100.4275,13.8725],[100.4265,13.8745],[100.428,13.874],[100.4285,13.872],[100.4305,13.875],[100.431,13.875],[100.4305,13.874],[100.4335,13.875],[100.435,13.873],[100.434,13.8725],[100.432,13.8745],[100.4325,13.8735],[100.431,13.8735],[100.43,13.8725],[100.431,13.8715],[100.4295,13.871],[100.432,13.8685],[100.433,13.8695],[100.4325,13.8705],[100.4335,13.8695],[100.434,13.87],[100.4335,13.871],[100.4355,13.872],[100.437,13.8685],[100.437,13.8665],[100.438,13.866],[100.4375,13.869],[100.4405,13.87],[100.4395,13.871],[100.437,13.8705],[100.436,13.872],[100.4365,13.8745],[100.435,13.8745],[100.4345,13.8755],[100.4375,13.875],[100.439,13.873],[100.4395,13.8745],[100.441,13.875],[100.441,13.876],[100.4455,13.876],[100.446,13.875],[100.447,13.8755],[100.447,13.8745],[100.445,13.875],[100.444,13.8745],[100.444,13.8735],[100.443,13.874],[100.4425,13.8735],[100.4435,13.873],[100.443,13.8725],[100.4435,13.8715],[100.4445,13.872],[100.445,13.871],[100.447,13.871],[100.4485,13.873],[100.448,13.8735],[100.4495,13.874],[100.448,13.875],[100.4485,13.8765],[100.4485,13.8755],[100.4495,13.876],[100.4505,13.875],[100.45,13.8745],[100.451,13.871],[100.4515,13.875],[100.4525,13.8755],[100.455,13.8745],[100.454,13.8735],[100.4545,13.8725],[100.4555,13.873],[100.4555,13.8715],[100.456,13.8725],[100.458,13.8715],[100.4575,13.873],[100.459,13.8715],[100.4595,13.872],[100.46,13.8715],[100.459,13.871],[100.4595,13.8705],[100.46,13.871],[100.4595,13.87],[100.461,13.8705],[100.462,13.8685],[100.4655,13.869],[100.47,13.868],[100.4685,13.8675],[100.4695,13.867],[100.4695,13.866],[100.4725,13.867],[100.4725,13.8685],[100.4735,13.8685],[100.472,13.869],[100.4725,13.8695],[100.4735,13.8695],[100.4735,13.8685],[100.4745,13.8685],[100.475,13.87],[100.4775,13.87],[100.478,13.869],[100.479,13.8695],[100.4785,13.8685],[100.479,13.868],[100.481,13.868],[100.4805,13.867],[100.48,13.8675],[100.479,13.865],[100.482,13.8635],[100.482,13.862],[100.483,13.863],[100.4825,13.864],[100.484,13.864],[100.4845,13.8655],[100.4855,13.866],[100.4835,13.8675],[100.486,13.8675],[100.4865,13.868],[100.4855,13.869],[100.487,13.869],[100.488,13.8685],[100.4885,13.866],[100.487,13.8665],[100.487,13.8655],[100.486,13.8655],[100.4865,13.8645],[100.4855,13.8645],[100.485,13.8635],[100.486,13.8625],[100.487,13.863],[100.487,13.861],[100.488,13.8615],[100.488,13.86],[100.489,13.8605],[100.4885,13.861],[100.49,13.861],[100.4905,13.863],[100.4915,13.8625],[100.491,13.8605],[100.492,13.861],[100.4925,13.86],[100.4905,13.8585],[100.4925,13.856],[100.4935,13.856],[100.494,13.858],[100.495,13.8575],[100.4955,13.858],[100.494,13.8595],[100.4945,13.861],[100.495,13.8595],[100.496,13.8595],[100.496,13.8605],[100.4965,13.8595],[100.498,13.86],[100.4985,13.8575],[100.4995,13.858],[100.4995,13.859],[100.5055,13.8585],[100.506,13.86],[100.5065,13.8585],[100.5095,13.8585],[100.5095,13.8565],[100.5085,13.8565],[100.5075,13.855],[100.509,13.855],[100.5095,13.8525],[100.5105,13.8515],[100.506,13.8525],[100.5055,13.851],[100.5045,13.8515],[100.5055,13.849],[100.5065,13.849],[100.506,13.848],[100.507,13.8475],[100.507,13.848],[100.507,13.847],[100.5085,13.8465],[100.509,13.8475],[100.51,13.847],[100.5095,13.846],[100.509,13.847],[100.506,13.844],[100.5065,13.843],[100.507,13.8435],[100.508,13.843],[100.5075,13.839],[100.509,13.8385],[100.5105,13.834],[100.5125,13.8345],[100.5135,13.836],[100.513,13.8355],[100.514,13.835],[100.514,13.834],[100.5155,13.8325],[100.5165,13.8335],[100.517,13.832],[100.5175,13.835],[100.5175,13.834],[100.519,13.8335],[100.519,13.8325],[100.52,13.8325],[100.5215,13.8305],[100.52,13.8305],[100.5205,13.8295],[100.52,13.8285],[100.522,13.828],[100.522,13.829],[100.523,13.8295],[100.526,13.8265],[100.5235,13.829],[100.5225,13.829],[100.524,13.827],[100.5235,13.826],[100.5225,13.826],[100.523,13.825],[100.522,13.824],[100.5225,13.823],[100.526,13.824],[100.5275,13.824],[100.528,13.823],[100.524,13.821],[100.524,13.82],[100.5245,13.8195],[100.5255,13.82],[100.526,13.819],[100.525,13.8185],[100.5275,13.819],[100.525,13.818],[100.5255,13.8165],[100.5265,13.8165],[100.5255,13.816],[100.526,13.8145],[100.5275,13.815],[100.527,13.814],[100.5275,13.8135],[100.5265,13.814],[100.527,13.812],[100.526,13.8125],[100.525,13.8105],[100.5255,13.81],[100.5235,13.8095],[100.5225,13.81],[100.522,13.812],[100.5215,13.8105],[100.5185,13.809],[100.519,13.8075],[100.5185,13.804],[100.5195,13.803],[100.5185,13.803],[100.518,13.802],[100.5195,13.802],[100.518,13.802],[100.518,13.801],[100.521,13.8],[100.52,13.799],[100.5215,13.7975],[100.522,13.7995],[100.523,13.8],[100.5235,13.7995],[100.525,13.801],[100.5255,13.8005],[100.5265,13.801],[100.526,13.8],[100.527,13.799],[100.528,13.799],[100.5285,13.8],[100.531,13.7995],[100.531,13.7985],[100.532,13.798],[100.5345,13.7985],[100.5335,13.7995],[100.534,13.8],[100.537,13.7985],[100.537,13.798],[100.535,13.7985],[100.5365,13.7975],[100.535,13.795],[100.5355,13.7945],[100.5375,13.7975],[100.539,13.796],[100.5395,13.7975],[100.539,13.7955],[100.5395,13.7945],[100.5405,13.795],[100.54,13.796],[100.541,13.7975],[100.5425,13.797],[100.543,13.795],[100.5435,13.7965],[100.546,13.7965],[100.546,13.7955],[100.545,13.796],[100.5455,13.7945],[100.5435,13.792],[100.543,13.7925],[100.543,13.7915],[100.541,13.7915],[100.5415,13.7905],[100.541,13.789],[100.5405,13.79],[100.5385,13.7895],[100.5395,13.7885],[100.539,13.788],[100.5395,13.7865],[100.541,13.7875],[100.541,13.786],[100.539,13.7855],[100.5395,13.784],[100.538,13.7825],[100.538,13.7815],[100.539,13.781],[100.5385,13.78],[100.5365,13.7795],[100.5375,13.7785],[100.537,13.7775],[100.538,13.7765],[100.5375,13.776],[100.5385,13.7755],[100.5365,13.77],[100.5355,13.771],[100.5345,13.77],[100.5335,13.7705],[100.533,13.77],[100.5335,13.7695],[100.5325,13.77],[100.532,13.7685],[100.53,13.769],[100.5305,13.768],[100.53,13.766],[100.5275,13.766],[100.5275,13.765],[100.529,13.765],[100.528,13.7615],[100.526,13.763],[100.5245,13.762],[100.525,13.7605],[100.529,13.7585],[100.526,13.758],[100.5255,13.757],[100.526,13.756],[100.524,13.7575],[100.522,13.7565],[100.5235,13.754],[100.5215,13.753],[100.5225,13.7515],[100.5235,13.7515],[100.5225,13.751],[100.524,13.75],[100.523,13.749],[100.5215,13.7495],[100.522,13.75],[100.5215,13.7505],[100.5195,13.749],[100.518,13.749],[100.5195,13.7475],[100.5195,13.7465],[100.5175,13.7475],[100.518,13.7455],[100.517,13.74],[100.5165,13.7425],[100.5175,13.7465],[100.514,13.7505],[100.514,13.75],[100.512,13.7505],[100.511,13.7495],[100.5095,13.75],[100.51,13.7505],[100.509,13.751],[100.5095,13.7525],[100.5085,13.7525],[100.509,13.7535],[100.506,13.7565],[100.5045,13.757],[100.5025,13.756],[100.5015,13.7565],[100.501,13.7555],[100.5,13.7555],[100.5,13.7545],[100.4975,13.754],[100.497,13.753],[100.4945,13.7535],[100.494,13.7545],[100.493,13.753],[100.491,13.752],[100.491,13.751],[100.4895,13.7515],[100.4885,13.7505],[100.49,13.7465],[100.4895,13.746],[100.491,13.744],[100.493,13.7435],[100.4925,13.743],[100.494,13.741],[100.4975,13.74],[100.497,13.739],[100.4945,13.7395],[100.495,13.738],[100.4945,13.737],[100.4955,13.7365],[100.497,13.737],[100.497,13.736],[100.498,13.736],[100.4995,13.7395],[100.5005,13.7395],[100.501,13.7405],[100.502,13.74],[100.502,13.739],[100.507,13.738],[100.5105,13.7355],[100.5115,13.7325],[100.5135,13.731],[100.513,13.7295],[100.514,13.729],[100.515,13.7295],[100.5145,13.7285],[100.5155,13.728],[100.5135,13.7255],[100.514,13.7245],[100.5135,13.72],[100.5115,13.72],[100.5115,13.721],[100.5105,13.7215],[100.512,13.7215],[100.511,13.7235],[100.512,13.724],[100.512,13.725],[100.511,13.7255],[100.512,13.7255],[100.512,13.729],[100.511,13.7305],[100.508,13.731],[100.5105,13.7325],[100.5095,13.733],[100.5085,13.7355],[100.5075,13.735],[100.5075,13.736],[100.506,13.7355],[100.505,13.736],[100.5045,13.735],[100.5035,13.7365],[100.5025,13.735],[100.5015,13.736],[100.501,13.735],[100.498,13.734],[100.499,13.732],[100.4985,13.7305],[100.4995,13.731],[100.5,13.7305],[100.498,13.73],[100.498,13.7285],[100.4975,13.729],[100.497,13.728],[100.4945,13.73],[100.492,13.727],[100.4915,13.728],[100.4905,13.727],[100.489,13.727],[100.489,13.725],[100.487,13.7265],[100.485,13.7265],[100.4845,13.725],[100.482,13.724],[100.4815,13.725],[100.4825,13.725],[100.483,13.726],[100.4835,13.7255],[100.4835,13.7265],[100.4845,13.7265],[100.485,13.728],[100.4845,13.7295],[100.483,13.729],[100.482,13.73],[100.4835,13.731],[100.4845,13.7305],[100.484,13.733],[100.4845,13.7335],[100.486,13.732],[100.4865,13.7335],[100.4865,13.7305],[100.488,13.7325],[100.4905,13.7315],[100.4915,13.7325],[100.493,13.7315],[100.4935,13.732],[100.4925,13.733],[100.4935,13.7335],[100.493,13.7345],[100.4935,13.7365],[100.492,13.737],[100.4915,13.736],[100.4895,13.7375],[100.4915,13.738],[100.4905,13.7395],[100.491,13.741],[100.49,13.7415],[100.4905,13.743],[100.489,13.7445],[100.4855,13.746],[100.485,13.7455],[100.486,13.744],[100.4845,13.744],[100.4845,13.7455],[100.4835,13.745],[100.483,13.746],[100.4815,13.7445],[100.481,13.745],[100.4815,13.7455],[100.48,13.747],[100.4795,13.7465],[100.48,13.7455],[100.4785,13.7455],[100.479,13.744],[100.48,13.744],[100.4795,13.7425],[100.4775,13.742],[100.477,13.743],[100.4765,13.7425],[100.477,13.7435],[100.4765,13.7445],[100.4745,13.744],[100.476,13.745],[100.4755,13.7455],[100.4745,13.745],[100.474,13.7455],[100.475,13.746],[100.474,13.747],[100.4725,13.747],[100.472,13.748],[100.473,13.7485],[100.472,13.749],[100.473,13.749],[100.4735,13.7505],[100.475,13.7515],[100.4745,13.7525],[100.4765,13.7535],[100.4775,13.753],[100.478,13.754],[100.477,13.754],[100.4775,13.755],[100.479,13.7555],[100.476,13.7575],[100.4755,13.757],[100.4745,13.7575],[100.475,13.759],[100.474,13.76],[100.4765,13.761],[100.474,13.7625],[100.4755,13.762],[100.475,13.7635],[100.4755,13.763],[100.4775,13.7635],[100.4755,13.765],[100.4775,13.7655],[100.479,13.7645],[100.478,13.7665],[100.4785,13.767],[100.479,13.766],[100.4805,13.767],[100.48,13.7675],[100.481,13.7695],[100.48,13.77],[100.4805,13.7705],[100.482,13.7695],[100.483,13.77],[100.485,13.769],[100.4855,13.7695],[100.485,13.771],[100.4855,13.772],[100.483,13.774],[100.4835,13.7745],[100.4845,13.773],[100.4855,13.773],[100.486,13.774],[100.4875,13.7735],[100.4885,13.7745],[100.4885,13.7735],[100.49,13.7735],[100.4905,13.774],[100.4895,13.7745],[100.49,13.775],[100.491,13.776],[100.492,13.7755],[100.4925,13.776],[100.4925,13.777],[100.4915,13.7775],[100.4935,13.7775],[100.4945,13.779],[100.4965,13.7795],[100.4995,13.779],[100.5,13.7805],[100.502,13.7815],[100.5015,13.7845],[100.5005,13.7855],[100.5045,13.787],[100.5045,13.788],[100.5055,13.7875],[100.5055,13.7885],[100.5065,13.7885],[100.507,13.7895],[100.5045,13.791],[100.505,13.792],[100.5075,13.79],[100.508,13.791],[100.507,13.7925],[100.508,13.793],[100.508,13.792],[100.509,13.7915],[100.5095,13.7925],[100.509,13.793],[100.51,13.7925],[100.5095,13.794],[100.511,13.793],[100.5105,13.794],[100.512,13.7945],[100.5105,13.796],[100.513,13.796],[100.5125,13.797],[100.5135,13.797],[100.512,13.7985],[100.514,13.798],[100.515,13.8],[100.5125,13.801],[100.515,13.801],[100.5155,13.8025],[100.5145,13.803],[100.515,13.804],[100.5145,13.8045],[100.5165,13.8055],[100.514,13.807],[100.5125,13.8065],[100.513,13.808],[100.5105,13.8085],[100.5115,13.807],[100.5105,13.806],[100.5085,13.8045],[100.506,13.8045],[100.5045,13.803],[100.5055,13.802],[100.5045,13.8015],[100.5055,13.8005],[100.503,13.801],[100.5025,13.7995],[100.501,13.7985],[100.501,13.7965],[100.5035,13.7945],[100.5025,13.795],[100.502,13.7945],[100.501,13.7955],[100.5005,13.794],[100.4985,13.7955],[100.498,13.794],[100.498,13.795],[100.4965,13.794],[100.498,13.792],[100.4965,13.7905],[100.497,13.79],[100.495,13.7895],[100.4955,13.789],[100.4935,13.79],[100.4915,13.789],[100.4915,13.788],[100.4885,13.7885],[100.4875,13.788],[100.488,13.787],[100.486,13.7875],[100.486,13.7855],[100.484,13.786],[100.484,13.785],[100.485,13.7845],[100.483,13.7845],[100.4835,13.7835],[100.481,13.784],[100.4805,13.783],[100.4815,13.783],[100.482,13.7815],[100.4815,13.7795],[100.481,13.7785],[100.478,13.777],[100.4805,13.775],[100.479,13.7745],[100.4785,13.773],[100.479,13.772],[100.478,13.771],[100.4765,13.771],[100.477,13.769],[100.476,13.7695],[100.4755,13.769],[100.475,13.77],[100.476,13.771],[100.475,13.7705],[100.4745,13.7715],[100.473,13.7715],[100.4725,13.7705],[100.4725,13.7695],[100.4735,13.77],[100.473,13.7685],[100.474,13.769],[100.4745,13.7685],[100.474,13.768],[100.475,13.7665],[100.4755,13.7665],[100.475,13.7675],[100.476,13.767],[100.475,13.766],[100.472,13.7695],[100.4705,13.7685],[100.4715,13.7705],[100.4715,13.771],[100.4705,13.7705],[100.4705,13.7715],[100.468,13.7715],[100.4675,13.769],[100.4685,13.7695],[100.469,13.7685],[100.468,13.769],[100.4685,13.768],[100.4675,13.7675],[100.465,13.769],[100.467,13.767],[100.467,13.766],[100.4675,13.7665],[100.47,13.764],[100.4675,13.765],[100.4665,13.764],[100.466,13.7625],[100.467,13.7615],[100.466,13.7615],[100.464,13.759],[100.4655,13.758],[100.4635,13.7575],[100.463,13.7565],[100.4635,13.7555],[100.46,13.754],[100.463,13.754],[100.4615,13.7535],[100.4615,13.752],[100.4625,13.752],[100.4625,13.753],[100.4635,13.7535],[100.4625,13.7515],[100.464,13.752],[100.4645,13.751],[100.464,13.7505],[100.466,13.751],[100.4665,13.7485],[100.468,13.749],[100.4675,13.7465],[100.467,13.747],[100.4665,13.7465],[100.467,13.746],[100.466,13.7455],[100.4665,13.744],[100.466,13.742],[100.464,13.741],[100.464,13.742],[100.463,13.7425],[100.4615,13.741],[100.465,13.7375],[100.47,13.7375],[100.469,13.7365],[100.4655,13.737],[100.4655,13.736],[100.4705,13.736],[100.469,13.736],[100.4675,13.7345],[100.4675,13.7335],[100.4655,13.7325],[100.4675,13.7315],[100.4655,13.73],[100.4655,13.729],[100.467,13.73],[100.469,13.729],[100.4655,13.728],[100.466,13.7265],[100.4645,13.729],[100.465,13.7295],[100.463,13.7315],[100.4635,13.732],[100.462,13.733],[100.4615,13.7325],[100.463,13.73],[100.461,13.729],[100.4595,13.7315],[100.4585,13.731],[100.4595,13.729],[100.458,13.728],[100.4575,13.7285],[100.457,13.728],[100.4555,13.7295],[100.455,13.7275],[100.452,13.7295],[100.4525,13.727],[100.4515,13.726],[100.4525,13.724],[100.4505,13.7245],[100.451,13.7215],[100.4495,13.7225],[100.449,13.7215],[100.448,13.722],[100.4455,13.7205],[100.4445,13.722],[100.445,13.723],[100.444,13.7235],[100.443,13.7225],[100.444,13.722],[100.443,13.7215],[100.4435,13.7205],[100.443,13.72],[100.4425,13.7215],[100.44,13.722],[100.44,13.7205],[100.441,13.7205],[100.4395,13.72],[100.4405,13.719],[100.441,13.72],[100.4415,13.7195],[100.441,13.718],[100.442,13.7165],[100.441,13.7165],[100.4405,13.7155],[100.44,13.717],[100.4385,13.7165],[100.438,13.7175],[100.4375,13.7155],[100.4365,13.7165],[100.4355,13.716],[100.436,13.7145],[100.4355,13.7135],[100.434,13.7135],[100.4345,13.715],[100.434,13.7155],[100.432,13.7145],[100.4315,13.717],[100.4305,13.718],[100.43,13.717],[100.431,13.7145],[100.4305,13.713],[100.428,13.718],[100.427,13.7175],[100.4275,13.7165],[100.4265,13.7165],[100.426,13.7145],[100.4255,13.7165],[100.426,13.717],[100.425,13.717],[100.4245,13.72],[100.423,13.72],[100.4225,13.7185],[100.4225,13.7195],[100.4215,13.7195],[100.421,13.7205],[100.4195,13.7205],[100.4195,13.7195],[100.4185,13.72],[100.4175,13.7185],[100.42,13.7165],[100.4205,13.715],[100.4205,13.7135],[100.42,13.7155],[100.4195,13.714],[100.418,13.7135],[100.4175,13.714],[100.418,13.7155],[100.4165,13.717],[100.415,13.7155],[100.413,13.7165],[100.4125,13.716],[100.4115,13.717],[100.4115,13.719],[100.4105,13.7185],[100.411,13.7175],[100.41,13.717],[100.411,13.716],[100.4095,13.7165],[100.409,13.7195],[100.408,13.72],[100.407,13.7185],[100.4075,13.7165],[100.406,13.7165],[100.407,13.7135],[100.4065,13.715],[100.406,13.714],[100.408,13.7115],[100.406,13.71],[100.4055,13.706],[100.404,13.706],[100.4045,13.705],[100.4055,13.7055],[100.407,13.7025],[100.4075,13.703]],[[100.585,13.622],[100.588,13.619],[100.5875,13.617],[100.5865,13.617],[100.589,13.616],[100.59,13.6145],[100.5895,13.6165],[100.5915,13.6175],[100.589,13.618],[100.588,13.6205],[100.5895,13.6215],[100.591,13.6195],[100.594,13.6205],[100.5955,13.619],[100.5975,13.619],[100.598,13.6215],[100.5965,13.623],[100.597,13.6235],[100.5975,13.623],[100.598,13.6245],[100.594,13.626],[100.595,13.6265],[100.593,13.6275],[100.593,13.6265],[100.5905,13.627],[100.589,13.628],[100.5905,13.6295],[100.589,13.63],[100.588,13.6275],[100.589,13.623],[100.5875,13.6235],[100.5855,13.6225],[100.585,13.625],[100.584,13.6255],[100.5835,13.624],[100.585,13.622]],[[100.5905,13.6315],[100.591,13.63],[100.5935,13.6325],[100.594,13.632],[100.593,13.6315],[100.594,13.6305],[100.595,13.632],[100.5955,13.6305],[100.598,13.6315],[100.6005,13.6365],[100.6005,13.6375],[100.599,13.636],[100.5985,13.6365],[100.5995,13.637],[100.5995,13.6395],[100.5985,13.64],[100.5965,13.638],[100.597,13.639],[100.5955,13.639],[100.595,13.64],[100.594,13.637],[100.592,13.6375],[100.594,13.6365],[100.593,13.6345],[100.5905,13.635],[100.593,13.6335],[100.5925,13.6325],[100.5915,13.633],[100.5905,13.6315]],[[100.5935,13.742],[100.5945,13.742],[100.5935,13.7415],[100.5935,13.7405],[100.595,13.741],[100.5945,13.7395],[100.595,13.7385],[100.596,13.739],[100.596,13.7405],[100.599,13.7405],[100.598,13.7385],[100.5975,13.739],[100.5975,13.738],[100.5965,13.738],[100.596,13.737],[100.598,13.7345],[100.5985,13.7365],[100.5995,13.737],[100.599,13.738],[100.601,13.7385],[100.6025,13.738],[100.603,13.739],[100.6035,13.738],[100.6045,13.739],[100.6045,13.738],[100.606,13.7365],[100.607,13.738],[100.608,13.738],[100.6065,13.7415],[100.6085,13.7415],[100.608,13.741],[100.611,13.7415],[100.6065,13.7425],[100.607,13.7435],[100.6075,13.7425],[100.6095,13.7435],[100.608,13.745],[100.609,13.746],[100.6075,13.747],[100.607,13.7485],[100.6085,13.75],[100.608,13.7505],[100.607,13.7495],[100.6055,13.75],[100.605,13.749],[100.603,13.7495],[100.6025,13.7475],[100.6015,13.748],[100.6025,13.749],[100.602,13.7495],[100.5995,13.7465],[100.5985,13.747],[100.599,13.748],[100.5985,13.748],[100.5975,13.7465],[100.5955,13.7465],[100.5955,13.7455],[100.594,13.746],[100.5945,13.7445],[100.5955,13.7445],[100.5935,13.745],[100.593,13.744],[100.592,13.744],[100.5935,13.742]],[[100.596,13.607],[100.596,13.6075],[100.5975,13.605],[100.5965,13.6035],[100.6,13.6055],[100.601,13.6055],[100.602,13.604],[100.6025,13.606],[100.6015,13.6055],[100.6015,13.606],[100.604,13.6085],[100.603,13.6095],[100.604,13.6095],[100.603,13.6105],[100.604,13.6125],[100.603,13.613],[100.6025,13.612],[100.6015,13.613],[100.6005,13.6115],[100.5995,13.612],[100.6,13.61],[100.595,13.609],[100.595,13.607],[100.596,13.607]],[[100.596,13.662],[100.5965,13.6605],[100.5995,13.66],[100.5995,13.661],[100.6005,13.661],[100.6015,13.66],[100.6005,13.659],[100.601,13.6585],[100.6005,13.656],[100.599,13.656],[100.601,13.654],[100.6,13.6545],[100.5995,13.654],[100.6005,13.6535],[100.6,13.6525],[100.6015,13.654],[100.602,13.653],[100.603,13.6545],[100.6035,13.6535],[100.605,13.655],[100.607,13.655],[100.607,13.656],[100.6085,13.6555],[100.608,13.6565],[100.6085,13.6585],[100.6105,13.658],[100.6105,13.66],[100.6105,13.6595],[100.6125,13.66],[100.612,13.661],[100.611,13.661],[100.6115,13.662],[100.611,13.6625],[100.61,13.661],[100.6105,13.662],[100.6095,13.662],[100.6095,13.661],[100.609,13.6615],[100.6095,13.663],[100.609,13.665],[100.607,13.6655],[100.606,13.663],[100.6065,13.6655],[100.605,13.666],[100.604,13.665],[100.6045,13.6645],[100.604,13.6635],[100.603,13.6635],[100.6035,13.6625],[100.5985,13.6635],[100.5985,13.665],[100.597,13.664],[100.5965,13.666],[100.596,13.665],[100.5945,13.665],[100.596,13.664],[100.5955,13.6635],[100.596,13.662]],[[100.5965,13.6015],[100.5975,13.602],[100.5965,13.603],[100.596,13.6025],[100.5965,13.6015]],[[100.6055,13.575],[100.608,13.571],[100.6075,13.5705],[100.6085,13.5705],[100.609,13.572],[100.6115,13.571],[100.611,13.572],[100.6115,13.5725],[100.6105,13.5735],[100.611,13.574],[100.61,13.575],[100.6115,13.575],[100.612,13.574],[100.613,13.575],[100.6145,13.575],[100.6145,13.576],[100.6135,13.576],[100.6135,13.577],[100.6125,13.5765],[100.612,13.5775],[100.614,13.579],[100.613,13.58],[100.6115,13.58],[100.611,13.5785],[100.609,13.58],[100.6085,13.5785],[100.608,13.579],[100.6085,13.58],[100.607,13.5805],[100.6065,13.578],[100.605,13.578],[100.606,13.577],[100.6055,13.575]],[[100.608,13.5665],[100.6085,13.567],[100.6075,13.568],[100.607,13.5675],[100.608,13.5665]],[[100.6075,13.5835],[100.6085,13.585],[100.608,13.5855],[100.6075,13.5835]],[[100.608,13.592],[100.6085,13.592],[100.609,13.5925],[100.6085,13.5925],[100.608,13.592]],[[100.6115,13.9045],[100.613,13.9015],[100.6135,13.903],[100.615,13.9025],[100.615,13.9045],[100.616,13.904],[100.6165,13.9045],[100.6155,13.9035],[100.616,13.903],[100.6175,13.9045],[100.6205,13.905],[100.621,13.906],[100.6215,13.9045],[100.6225,13.9045],[100.623,13.9055],[100.6215,13.906],[100.6255,13.9075],[100.624,13.909],[100.6245,13.91],[100.6235,13.9105],[100.6245,13.9135],[100.6225,13.915],[100.624,13.918],[100.626,13.917],[100.6265,13.9175],[100.6245,13.9185],[100.625,13.919],[100.6275,13.9175],[100.627,13.9185],[100.629,13.9205],[100.6285,13.921],[100.6325,13.919],[100.631,13.9205],[100.632,13.923],[100.631,13.923],[100.6295,13.9215],[100.6305,13.923],[100.629,13.9245],[100.634,13.927],[100.634,13.9275],[100.632,13.9265],[100.6335,13.928],[100.632,13.9285],[100.6395,13.932],[100.645,13.9315],[100.6475,13.932],[100.6475,13.931],[100.648,13.932],[100.649,13.931],[100.6495,13.9315],[100.649,13.932],[100.651,13.9315],[100.6515,13.932],[100.6535,13.9305],[100.656,13.9325],[100.6535,13.934],[100.6455,13.933],[100.645,13.9335],[100.6455,13.935],[100.642,13.935],[100.6425,13.936],[100.644,13.936],[100.644,13.9375],[100.642,13.9395],[100.6415,13.9375],[100.6405,13.9375],[100.64,13.9365],[100.641,13.9365],[100.6405,13.9355],[100.6425,13.933],[100.6365,13.932],[100.632,13.9295],[100.63,13.9295],[100.632,13.93],[100.6315,13.931],[100.6295,13.9325],[100.6275,13.9325],[100.6285,13.9335],[100.6265,13.9335],[100.627,13.935],[100.625,13.9355],[100.624,13.9345],[100.625,13.9345],[100.625,13.9325],[100.6245,13.9335],[100.622,13.9325],[100.6245,13.93],[100.6255,13.9315],[100.6255,13.93],[100.621,13.9295],[100.621,13.9275],[100.6195,13.925],[100.621,13.9225],[100.62,13.9225],[100.619,13.921],[100.62,13.9205],[100.6195,13.919],[100.62,13.919],[100.619,13.917],[100.6195,13.918],[100.6185,13.9185],[100.618,13.918],[100.6185,13.9175],[100.6175,13.9175],[100.6175,13.9185],[100.6165,13.9175],[100.618,13.9165],[100.617,13.9165],[100.6185,13.915],[100.6175,13.9145],[100.618,13.914],[100.6175,13.9135],[100.6155,13.9145],[100.614,13.913],[100.6135,13.914],[100.612,13.9115],[100.61,13.91],[100.6105,13.907],[100.613,13.906],[100.6125,13.9055],[100.6115,13.906],[100.6115,13.9045]],[[100.62,13.7795],[100.622,13.778],[100.621,13.777],[100.622,13.774],[100.624,13.7715],[100.6245,13.772],[100.6265,13.768],[100.6295,13.767],[100.6295,13.766],[100.6305,13.767],[100.6325,13.767],[100.633,13.766],[100.6355,13.77],[100.6385,13.7695],[100.638,13.771],[100.639,13.7725],[100.638,13.7725],[100.6385,13.773],[100.6375,13.7735],[100.637,13.7725],[100.636,13.776],[100.6365,13.7765],[100.6355,13.7765],[100.6375,13.778],[100.636,13.7775],[100.635,13.7795],[100.634,13.7795],[100.634,13.7805],[100.6335,13.7795],[100.632,13.7795],[100.6325,13.7815],[100.6315,13.7825],[100.632,13.7835],[100.6305,13.785],[100.6275,13.781],[100.6265,13.784],[100.627,13.7795],[100.6265,13.78],[100.627,13.7805],[100.626,13.781],[100.625,13.78],[100.623,13.7805],[100.622,13.7795],[100.62,13.7795]],[[100.6415,13.7315],[100.642,13.7315],[100.6415,13.7325],[100.644,13.734],[100.6475,13.733],[100.6465,13.734],[100.6475,13.734],[100.647,13.736],[100.646,13.736],[100.646,13.737],[100.645,13.7375],[100.6525,13.737],[100.6515,13.7365],[100.6515,13.7355],[100.6535,13.736],[100.654,13.735],[100.6545,13.7355],[100.6535,13.737],[100.6555,13.737],[100.654,13.738],[100.655,13.738],[100.654,13.739],[100.646,13.7405],[100.6465,13.742],[100.6485,13.7425],[100.65,13.742],[100.6495,13.7415],[100.6515,13.742],[100.6495,13.743],[100.65,13.744],[100.6495,13.7445],[100.6485,13.7445],[100.649,13.746],[100.6485,13.7465],[100.647,13.7455],[100.648,13.7435],[100.6455,13.7415],[100.6445,13.7415],[100.6455,13.7425],[100.644,13.744],[100.6445,13.745],[100.6435,13.746],[100.6425,13.742],[100.6415,13.742],[100.642,13.7415],[100.6415,13.7395],[100.6395,13.742],[100.6385,13.7405],[100.639,13.7395],[100.6375,13.739],[100.6385,13.7385],[100.6375,13.7375],[100.6385,13.737],[100.638,13.7365],[100.637,13.737],[100.637,13.736],[100.6385,13.7345],[100.639,13.7355],[100.6405,13.735],[100.6405,13.733],[100.6395,13.7335],[100.6395,13.7325],[100.64,13.7315],[100.6415,13.7315]],[[100.692,13.729],[100.6955,13.733],[100.6985,13.732],[100.698,13.7315],[100.6985,13.7305],[100.699,13.732],[100.7005,13.732],[100.6995,13.733],[100.6965,13.7335],[100.6995,13.733],[100.6965,13.735],[100.697,13.736],[100.6955,13.736],[100.695,13.738],[100.6935,13.738],[100.694,13.737],[100.6935,13.7365],[100.692,13.7365],[100.691,13.738],[100.688,13.7365],[100.688,13.7375],[100.689,13.738],[100.688,13.7385],[100.6885,13.7395],[100.688,13.7395],[100.6875,13.735],[100.682,13.7355],[100.682,13.7365],[100.68,13.735],[100.694,13.732],[100.6925,13.73],[100.6915,13.73],[100.692,13.729]],[[100.6865,13.8155],[100.687,13.8155],[100.6865,13.819],[100.6855,13.8185],[100.6855,13.8165],[100.6865,13.8155]],[[100.7275,13.807],[100.73,13.8085],[100.731,13.808],[100.732,13.81],[100.7305,13.81],[100.73,13.811],[100.734,13.813],[100.735,13.814],[100.7345,13.8145],[100.7355,13.814],[100.7355,13.816],[100.733,13.8165],[100.7335,13.815],[100.7315,13.816],[100.732,13.815],[100.7305,13.814],[100.7295,13.819],[100.729,13.8185],[100.7295,13.8155],[100.728,13.816],[100.727,13.8155],[100.7255,13.8175],[100.725,13.8155],[100.7245,13.8175],[100.723,13.8175],[100.7225,13.8165],[100.723,13.816],[100.7225,13.8155],[100.7235,13.815],[100.723,13.8145],[100.721,13.816],[100.722,13.813],[100.7205,13.8155],[100.72,13.8145],[100.7205,13.813],[100.719,13.814],[100.719,13.813],[100.718,13.8135],[100.7165,13.811],[100.717,13.81],[100.719,13.8105],[100.721,13.8095],[100.721,13.8085],[100.723,13.8075],[100.7275,13.81],[100.7285,13.8095],[100.7275,13.807]],[[100.7,13.8125],[100.7045,13.813],[100.7035,13.816],[100.7025,13.816],[100.7015,13.818],[100.701,13.8175],[100.7015,13.815],[100.7005,13.8135],[100.6995,13.8135],[100.7,13.8125]],[[100.743,13.688],[100.7555,13.685],[100.755,13.683],[100.7555,13.6825],[100.757,13.69],[100.755,13.6905],[100.754,13.69],[100.753,13.691],[100.748,13.692],[100.7465,13.6915],[100.7455,13.693],[100.746,13.6915],[100.745,13.6885],[100.7435,13.689],[100.744,13.6915],[100.743,13.6915],[100.7415,13.686],[100.742,13.6855],[100.743,13.688]],[[100.754,13.6905],[100.755,13.691],[100.756,13.695],[100.757,13.6945],[100.7575,13.695],[100.755,13.696],[100.7545,13.699],[100.7535,13.699],[100.7535,13.6975],[100.751,13.6985],[100.751,13.7],[100.749,13.6975],[100.7485,13.699],[100.7475,13.698],[100.746,13.698],[100.748,13.697],[100.747,13.6925],[100.748,13.6935],[100.753,13.692],[100.753,13.691],[100.754,13.6905]],[[100.753,13.724],[100.7545,13.7245],[100.7545,13.7255],[100.7555,13.7255],[100.7555,13.727],[100.7545,13.7265],[100.754,13.729],[100.755,13.728],[100.758,13.7285],[100.759,13.7295],[100.7585,13.73],[100.751,13.7295],[100.7485,13.7285],[100.741,13.7295],[100.7375,13.729],[100.74,13.7275],[100.741,13.7285],[100.741,13.7275],[100.7415,13.7285],[100.7455,13.7285],[100.746,13.7265],[100.743,13.7265],[100.7425,13.7275],[100.7415,13.726],[100.746,13.7255],[100.7465,13.724],[100.747,13.725],[100.7475,13.724],[100.7515,13.7245],[100.752,13.724],[100.7525,13.7245],[100.752,13.725],[100.753,13.7255],[100.753,13.724]]],[[[100.538,13.767]]],[[[100.538,13.765],[100.5385,13.765],[100.538,13.7645],[100.538,13.765]]],[[[100.538,13.7635],[100.538,13.763],[100.538,13.7635]]],[[[100.5375,13.763],[100.5375,13.7625],[100.5375,13.763]]],[[[100.538,13.7615]]],[[[100.538,13.76],[100.538,13.7595],[100.5375,13.7595],[100.538,13.76]]],[[[100.538,13.7565],[100.538,13.7555],[100.537,13.756],[100.538,13.7565]]],[[[100.5385,13.7545],[100.5385,13.755],[100.5385,13.7545]]],[[[100.5375,13.7525],[100.538,13.753],[100.5375,13.7525]]],[[[100.538,13.7495],[100.5355,13.7495],[100.536,13.7515],[100.5365,13.7495],[100.538,13.7495]]],[[[100.537,13.748],[100.5375,13.7485],[100.5375,13.748],[100.537,13.748]]],[[[100.538,13.7455],[100.539,13.746],[100.5385,13.748],[100.54,13.747],[100.5395,13.745],[100.538,13.7455]]],[[[100.538,13.7415],[100.5385,13.7385],[100.5365,13.739],[100.537,13.741],[100.538,13.7415]]],[[[100.5365,13.738],[100.538,13.738],[100.538,13.7365],[100.5365,13.7365],[100.5365,13.738]]],[[[100.538,13.7355],[100.5385,13.7355],[100.538,13.7355]]],[[[100.538,13.7315],[100.538,13.732],[100.5385,13.731],[100.538,13.7315]]],[[[100.537,13.7285],[100.538,13.728],[100.5375,13.728],[100.537,13.7285]]],[[[100.507,13.799],[100.506,13.8005],[100.509,13.799],[100.5075,13.7975],[100.5075,13.7985],[100.5065,13.799],[100.507,13.799]]],[[[100.5055,13.7995],[100.5055,13.799],[100.5055,13.7995]]],[[[100.506,13.733]]],[[[100.5045,13.73],[100.5055,13.73],[100.505,13.7295],[100.504,13.7305],[100.5045,13.73]]],[[[100.5045,13.7285],[100.506,13.7285],[100.5055,13.728],[100.5045,13.7285]]],[[[100.5045,13.7255],[100.505,13.7255],[100.505,13.725],[100.5045,13.725],[100.5045,13.7255]]],[[[100.504,13.724],[100.505,13.724],[100.504,13.724]]],[[[100.505,13.7195],[100.5045,13.7195],[100.505,13.72],[100.505,13.7195]]],[[[100.5055,13.7195]]],[[[100.504,13.7185],[100.5055,13.718],[100.504,13.7175],[100.5035,13.718],[100.504,13.7185]]],[[[100.4775,13.7385],[100.4785,13.7395],[100.479,13.7385],[100.4785,13.7375],[100.4795,13.7375],[100.4795,13.7365],[100.478,13.736],[100.477,13.738],[100.478,13.7345],[100.477,13.735],[100.477,13.7365],[100.4755,13.7375],[100.477,13.739],[100.4775,13.7385]]],[[[100.4775,13.7335],[100.478,13.733],[100.4775,13.7325],[100.4775,13.7335]]],[[[100.4785,13.73],[100.4785,13.731],[100.479,13.7305],[100.4785,13.73]]],[[[100.479,13.7255],[100.4795,13.725],[100.479,13.725],[100.479,13.7255]]],[[[100.479,13.7235],[100.48,13.723],[100.4775,13.7225],[100.4785,13.724],[100.479,13.7235]]],[[[100.479,13.7205],[100.4805,13.7205],[100.479,13.7195],[100.4795,13.718],[100.4785,13.7175],[100.478,13.7195],[100.4785,13.7205],[100.4795,13.72],[100.479,13.7205]]],[[[100.48,13.7195],[100.4805,13.72],[100.48,13.7195]]],[[[100.48,13.7175],[100.48,13.7185],[100.4805,13.719],[100.4805,13.7175],[100.48,13.7175]]],[[[100.479,13.7145],[100.48,13.715],[100.4805,13.7145],[100.479,13.7145]]],[[[100.4795,13.7085],[100.48,13.7085],[100.4795,13.7085]]],[[[100.4585,13.7255],[100.458,13.726],[100.458,13.727],[100.4585,13.7265],[100.4585,13.7255]]],[[[100.4585,13.7225],[100.459,13.722],[100.4585,13.7215],[100.4585,13.7225]]],[[[100.4315,13.7135],[100.4315,13.713],[100.4315,13.7135]]],[[[100.411,13.7155],[100.411,13.715],[100.411,13.7155]]],[[[100.412,13.7125],[100.4125,13.713],[100.4125,13.7125],[100.412,13.7125]]],[[[100.4135,13.712],[100.414,13.7135],[100.4135,13.712]]],[[[100.416,13.7125],[100.416,13.713],[100.416,13.7125]]],[[[100.4175,13.7125],[100.4175,13.7135],[100.418,13.7135],[100.4175,13.7125]]],[[[100.419,13.7125],[100.4185,13.7125],[100.4185,13.713],[100.419,13.713],[100.419,13.7125]]],[[[100.419,13.7095],[100.4195,13.7095],[100.4195,13.709],[100.4195,13.7095],[100.419,13.7095]]],[[[100.407,13.7075]]],[[[100.4075,13.7065],[100.407,13.7065],[100.407,13.707],[100.4075,13.707],[100.4075,13.7065]]],[[[100.409,13.7095],[100.41,13.707],[100.4085,13.7065],[100.408,13.7075],[100.409,13.7095]]],[[[100.408,13.7085],[100.4075,13.709],[100.408,13.709],[100.408,13.7085]]],[[[100.4105,13.709]]],[[[100.408,13.7125],[100.4075,13.714],[100.4075,13.715],[100.408,13.715],[100.408,13.7125]]],[[[100.411,13.7115]]],[[[100.4075,13.716],[100.4075,13.7155],[100.4075,13.716]]],[[[100.4085,13.718],[100.4085,13.7175],[100.408,13.7175],[100.4085,13.718]]],[[[100.412,13.708],[100.412,13.7085],[100.412,13.708]]],[[[100.418,13.7105],[100.4175,13.71],[100.4175,13.7105],[100.418,13.7105]]],[[[100.417,13.7095],[100.4165,13.709],[100.4165,13.71],[100.417,13.7095]]],[[[100.4175,13.7095],[100.418,13.71],[100.418,13.7085],[100.4175,13.7095]]],[[[100.4115,13.71]]],[[[100.4125,13.7115],[100.412,13.7115],[100.4125,13.7115]]],[[[100.4175,13.712]]],[[[100.413,13.712]]],[[[100.413,13.715]]],[[[100.413,13.7155],[100.4135,13.7155],[100.413,13.7155]]],[[[100.424,13.711],[100.424,13.7115],[100.424,13.7105],[100.424,13.711]]],[[[100.42,13.705],[100.42,13.7045],[100.42,13.705]]],[[[100.4205,13.709],[100.42,13.7095],[100.4205,13.7105],[100.4205,13.709]]],[[[100.422,13.7075],[100.421,13.7085],[100.422,13.7085],[100.422,13.7075]]],[[[100.422,13.709]]],[[[100.423,13.717],[100.424,13.7165],[100.424,13.7155],[100.4225,13.716],[100.423,13.717]]],[[[100.421,13.716]]],[[[100.424,13.7125]]],[[[100.42,13.7185],[100.4195,13.719],[100.42,13.7185]]],[[[100.42,13.7185],[100.42,13.718],[100.42,13.7185]]],[[[100.421,13.7185],[100.421,13.718],[100.4205,13.7185],[100.421,13.7185]]],[[[100.4205,13.7165],[100.4205,13.7175],[100.4205,13.7165]]],[[[100.4215,13.717]]],[[[100.425,13.713],[100.4255,13.715],[100.4255,13.7125],[100.425,13.713]]],[[[100.4255,13.7115],[100.425,13.7115],[100.426,13.711],[100.4255,13.7115]]],[[[100.4285,13.712]]],[[[100.429,13.712]]],[[[100.4305,13.7105],[100.43,13.711],[100.4305,13.711],[100.4305,13.7105]]],[[[100.431,13.712],[100.4305,13.712],[100.431,13.712]]],[[[100.4265,13.7095],[100.426,13.71],[100.4265,13.71],[100.4265,13.7095]]],[[[100.427,13.71]]],[[[100.4305,13.7105]]],[[[100.427,13.711]]],[[[100.427,13.712]]],[[[100.429,13.7145]]],[[[100.4265,13.714]]],[[[100.4275,13.715]]],[[[100.4465,13.715],[100.447,13.7145],[100.448,13.715],[100.448,13.714],[100.4475,13.7145],[100.446,13.713],[100.4455,13.7135],[100.4465,13.7145],[100.4455,13.715],[100.4465,13.715]]],[[[100.4395,13.7105],[100.439,13.7105],[100.4395,13.7105]]],[[[100.434,13.7115],[100.433,13.711],[100.4335,13.7125],[100.435,13.7125],[100.435,13.711],[100.434,13.7115]]],[[[100.4365,13.7145],[100.436,13.7145],[100.4365,13.7145]]],[[[100.4375,13.7145],[100.4375,13.7155],[100.4375,13.715],[100.4375,13.7145]]],[[[100.4425,13.7155],[100.4425,13.716],[100.4425,13.7155]]],[[[100.4405,13.7125],[100.4405,13.712],[100.44,13.712],[100.44,13.7125],[100.4405,13.7125]]],[[[100.4395,13.711],[100.4395,13.7115],[100.4395,13.711]]],[[[100.4445,13.7145],[100.4445,13.713],[100.4435,13.7135],[100.4445,13.7145]]],[[[100.441,13.7125],[100.4415,13.7135],[100.4425,13.713],[100.441,13.7125]]],[[[100.4435,13.7135],[100.443,13.713],[100.443,13.7135],[100.4435,13.7135]]],[[[100.4395,13.713]]],[[[100.4415,13.716],[100.4415,13.7155],[100.441,13.7155],[100.4415,13.716]]],[[[100.4435,13.716]]],[[[100.445,13.718]]],[[[100.4425,13.7175],[100.4425,13.717],[100.4425,13.7175]]],[[[100.446,13.718]]],[[[100.446,13.7185]]],[[[100.4445,13.7205],[100.444,13.721],[100.4445,13.7205]]],[[[100.453,13.7265],[100.4535,13.727],[100.4545,13.7245],[100.4535,13.7235],[100.453,13.7265]]],[[[100.4535,13.721],[100.454,13.7205],[100.4535,13.7205],[100.4535,13.721]]],[[[100.4535,13.719]]],[[[100.4525,13.7235]]],[[[100.453,13.717],[100.454,13.717],[100.454,13.716],[100.453,13.716],[100.453,13.717]]],[[[100.4495,13.7175]]],[[[100.4515,13.717],[100.452,13.716],[100.451,13.716],[100.4515,13.717]]],[[[100.4485,13.715]]],[[[100.4485,13.7155],[100.45,13.7165],[100.4505,13.7155],[100.4495,13.715],[100.4485,13.7155]]],[[[100.449,13.714],[100.449,13.7135],[100.4485,13.714],[100.449,13.714]]],[[[100.451,13.7165],[100.4505,13.716],[100.4505,13.7165],[100.451,13.7165]]],[[[100.448,13.7155],[100.448,13.716],[100.448,13.7155]]],[[[100.449,13.7185],[100.4495,13.7185],[100.449,13.7185]]],[[[100.4515,13.718]]],[[[100.447,13.7185]]],[[[100.4485,13.719],[100.448,13.719],[100.4485,13.719]]],[[[100.4495,13.721]]],[[[100.4525,13.722],[100.452,13.7205],[100.452,13.722],[100.4525,13.722]]],[[[100.4505,13.721]]],[[[100.454,13.714]]],[[[100.454,13.713],[100.4545,13.713],[100.454,13.713]]],[[[100.4555,13.721],[100.4555,13.722],[100.4555,13.721]]],[[[100.456,13.722]]],[[[100.457,13.722]]],[[[100.4585,13.723]]],[[[100.457,13.726]]],[[[100.458,13.7245]]],[[[100.458,13.727]]],[[[100.461,13.7205],[100.461,13.721],[100.462,13.7205],[100.461,13.7205]]],[[[100.463,13.7155],[100.4635,13.7155],[100.464,13.7155],[100.463,13.7155]]],[[[100.4705,13.7635],[100.471,13.7635],[100.471,13.763],[100.4705,13.7635]]],[[[100.4705,13.7545],[100.472,13.7545],[100.4705,13.7545]]],[[[100.471,13.748],[100.4705,13.748],[100.471,13.748]]],[[[100.471,13.747]]],[[[100.471,13.747]]],[[[100.4715,13.7415]]],[[[100.4715,13.739],[100.4715,13.7395],[100.4715,13.739]]],[[[100.472,13.7295],[100.4715,13.73],[100.472,13.73],[100.472,13.7295]]],[[[100.471,13.7255]]],[[[100.4705,13.7245],[100.4705,13.725],[100.4705,13.7245]]],[[[100.4705,13.724],[100.4705,13.723],[100.4715,13.723],[100.474,13.725],[100.4735,13.723],[100.475,13.7235],[100.475,13.722],[100.474,13.7225],[100.473,13.722],[100.4735,13.721],[100.473,13.72],[100.4725,13.721],[100.471,13.7205],[100.4705,13.721],[100.471,13.7205],[100.4715,13.722],[100.4695,13.7225],[100.4705,13.724]]],[[[100.4705,13.7195],[100.471,13.7195],[100.4705,13.7195]]],[[[100.471,13.7095],[100.4705,13.7105],[100.471,13.71],[100.471,13.7095]]],[[[100.4705,13.709]]],[[[100.4685,13.727],[100.4685,13.7275],[100.4685,13.727]]],[[[100.4675,13.725],[100.469,13.7255],[100.4695,13.7245],[100.469,13.7235],[100.467,13.725],[100.4675,13.725]]],[[[100.468,13.7195],[100.4695,13.72],[100.4705,13.7195],[100.4695,13.7185],[100.469,13.7195],[100.468,13.719],[100.468,13.7195]]],[[[100.469,13.714],[100.469,13.7145],[100.4695,13.714],[100.469,13.714]]],[[[100.4675,13.712],[100.4675,13.7115],[100.4665,13.7115],[100.4675,13.712]]],[[[100.468,13.7115],[100.4685,13.711],[100.468,13.7115]]],[[[100.4675,13.71],[100.468,13.71],[100.4675,13.71]]],[[[100.4685,13.709]]],[[[100.4635,13.725]]],[[[100.466,13.723],[100.467,13.7235],[100.4665,13.723],[100.466,13.723]]],[[[100.465,13.7205],[100.466,13.721],[100.4655,13.72],[100.4665,13.719],[100.465,13.7195],[100.4655,13.72],[100.465,13.7205]]],[[[100.466,13.717]]],[[[100.4665,13.7155],[100.466,13.7155],[100.467,13.716],[100.4665,13.7155]]],[[[100.463,13.723]]],[[[100.461,13.726],[100.4615,13.7255],[100.461,13.726]]],[[[100.4625,13.7225],[100.4625,13.722],[100.462,13.7225],[100.4625,13.7225]]],[[[100.4595,13.7255],[100.46,13.7255],[100.4595,13.7255]]],[[[100.4625,13.725]]],[[[100.4605,13.728],[100.46,13.7285],[100.4605,13.7285],[100.4605,13.728]]],[[[100.46,13.7265]]],[[[100.4645,13.7175],[100.4635,13.718],[100.4645,13.7175]]],[[[100.465,13.717],[100.465,13.7175],[100.466,13.717],[100.4655,13.717],[100.465,13.717]]],[[[100.4645,13.7185],[100.4635,13.719],[100.464,13.7195],[100.465,13.7185],[100.4645,13.7185]]],[[[100.466,13.7235],[100.4655,13.7235],[100.466,13.7235]]],[[[100.466,13.7105],[100.4665,13.7105],[100.466,13.7105]]],[[[100.4655,13.71],[100.466,13.7095],[100.466,13.709],[100.466,13.708],[100.4655,13.7085],[100.4655,13.7095],[100.4655,13.71]]],[[[100.4665,13.7265],[100.466,13.7265],[100.4665,13.7265]]],[[[100.466,13.726],[100.4665,13.726],[100.466,13.726]]],[[[100.4675,13.7165],[100.4665,13.7165],[100.4665,13.717],[100.4675,13.7165]]],[[[100.4665,13.72]]],[[[100.467,13.7265]]],[[[100.4665,13.722]]],[[[100.4675,13.727],[100.468,13.7265],[100.4675,13.727]]],[[[100.4675,13.74],[100.468,13.7405],[100.468,13.74],[100.4675,13.74]]],[[[100.4625,13.74],[100.463,13.74],[100.4625,13.74]]],[[[100.463,13.7415],[100.463,13.741],[100.463,13.7415]]],[[[100.465,13.74],[100.4645,13.7405],[100.465,13.7405],[100.465,13.74]]],[[[100.4645,13.7385]]],[[[100.466,13.756],[100.467,13.756],[100.4655,13.7555],[100.4655,13.7565],[100.466,13.756]]],[[[100.4655,13.7535],[100.4665,13.754],[100.467,13.7535],[100.4655,13.7535]]],[[[100.466,13.752],[100.4675,13.7525],[100.4655,13.7515],[100.4645,13.7525],[100.466,13.752]]],[[[100.4675,13.732],[100.468,13.7315],[100.4675,13.7315],[100.4675,13.732]]],[[[100.4685,13.73],[100.469,13.7305],[100.4695,13.73],[100.4685,13.73]]],[[[100.468,13.758],[100.4685,13.758],[100.4685,13.7575],[100.468,13.7575],[100.468,13.758]]],[[[100.47,13.7575],[100.4695,13.7575],[100.47,13.7575]]],[[[100.4695,13.747],[100.4695,13.7465],[100.469,13.747],[100.4695,13.747]]],[[[100.4695,13.743],[100.47,13.7435],[100.47,13.743],[100.4695,13.743]]],[[[100.469,13.7475],[100.4685,13.7475],[100.469,13.748],[100.469,13.7475]]],[[[100.4685,13.745]]],[[[100.4685,13.743],[100.469,13.743],[100.4685,13.743]]],[[[100.4675,13.743],[100.468,13.743],[100.4675,13.7425],[100.4675,13.743]]],[[[100.468,13.7565],[100.468,13.757],[100.468,13.756],[100.467,13.756],[100.467,13.7565],[100.468,13.7565]]],[[[100.468,13.756],[100.469,13.7555],[100.468,13.756]]],[[[100.469,13.751],[100.469,13.752],[100.469,13.751]]],[[[100.468,13.7605],[100.468,13.76],[100.468,13.7605]]],[[[100.467,13.758],[100.4665,13.758],[100.467,13.758]]],[[[100.469,13.7405]]],[[[100.469,13.7175],[100.47,13.717],[100.469,13.7165],[100.469,13.7175]]],[[[100.469,13.7165],[100.4695,13.716],[100.4685,13.716],[100.469,13.7165]]],[[[100.469,13.715],[100.469,13.7155],[100.469,13.715]]],[[[100.4705,13.712],[100.4695,13.712],[100.47,13.712],[100.4705,13.712]]],[[[100.4695,13.7115]]],[[[100.4695,13.7105]]],[[[100.469,13.709],[100.469,13.7095],[100.4695,13.7095],[100.469,13.709]]],[[[100.47,13.7085],[100.47,13.708],[100.4695,13.7085],[100.47,13.7085]]],[[[100.4685,13.71]]],[[[100.4695,13.728],[100.469,13.728],[100.4695,13.728]]],[[[100.469,13.7265],[100.4695,13.7265],[100.4695,13.726],[100.469,13.7265]]],[[[100.47,13.724]]],[[[100.4695,13.721],[100.47,13.721],[100.4695,13.7205],[100.4695,13.721]]],[[[100.47,13.7335],[100.47,13.734],[100.47,13.7335]]],[[[100.4705,13.7615],[100.4695,13.7625],[100.4705,13.7615]]],[[[100.469,13.763]]],[[[100.4705,13.749],[100.4705,13.7485],[100.4705,13.749]]],[[[100.47,13.752]]],[[[100.4705,13.707]]],[[[100.469,13.766],[100.4695,13.766],[100.469,13.766]]],[[[100.4685,13.767],[100.4685,13.7665],[100.4685,13.767]]],[[[100.474,13.7625],[100.474,13.763],[100.474,13.7625]]],[[[100.474,13.7585],[100.474,13.759],[100.474,13.7585]]],[[[100.474,13.757],[100.4745,13.7575],[100.474,13.757]]],[[[100.4735,13.756],[100.474,13.756],[100.4735,13.7555],[100.4735,13.756]]],[[[100.473,13.752],[100.474,13.752],[100.473,13.752]]],[[[100.4735,13.7435],[100.474,13.744],[100.4735,13.7435]]],[[[100.474,13.7385],[100.474,13.739],[100.4745,13.7385],[100.474,13.7385]]],[[[100.474,13.737],[100.475,13.736],[100.4745,13.7355],[100.474,13.737]]],[[[100.474,13.727],[100.474,13.7275],[100.474,13.727]]],[[[100.4745,13.7255],[100.474,13.7255],[100.474,13.726],[100.4745,13.726],[100.4745,13.7255]]],[[[100.4725,13.764]]],[[[100.4725,13.762],[100.4725,13.7615],[100.4725,13.762]]],[[[100.472,13.7605],[100.4725,13.761],[100.473,13.76],[100.472,13.7605]]],[[[100.4725,13.7585],[100.472,13.758],[100.4725,13.7585]]],[[[100.473,13.758]]],[[[100.4725,13.7525],[100.472,13.753],[100.4725,13.7535],[100.4725,13.7525]]],[[[100.4725,13.738]]],[[[100.4725,13.7365],[100.4725,13.737],[100.4725,13.7365]]],[[[100.4725,13.735],[100.473,13.7355],[100.473,13.735],[100.4725,13.735]]],[[[100.4725,13.726],[100.473,13.727],[100.473,13.7265],[100.4725,13.726]]],[[[100.4715,13.724],[100.472,13.724],[100.4715,13.7235],[100.4715,13.724]]],[[[100.4715,13.7265]]],[[[100.472,13.7555],[100.4725,13.7555],[100.472,13.7555]]],[[[100.472,13.738],[100.4715,13.738],[100.472,13.738]]],[[[100.472,13.736],[100.4715,13.736],[100.4715,13.7365],[100.472,13.7365],[100.472,13.736]]],[[[100.472,13.7435],[100.4715,13.743],[100.472,13.7435]]],[[[100.472,13.751],[100.472,13.7505],[100.4715,13.751],[100.472,13.751]]],[[[100.472,13.7505]]],[[[100.472,13.768],[100.472,13.7675],[100.472,13.768]]],[[[100.473,13.7275],[100.4735,13.7275],[100.473,13.7275]]],[[[100.4735,13.736]]],[[[100.4735,13.741],[100.4735,13.7405],[100.473,13.741],[100.4735,13.741]]],[[[100.473,13.7595],[100.4735,13.7595],[100.473,13.7595]]],[[[100.473,13.767]]],[[[100.476,13.719],[100.476,13.7195],[100.476,13.719]]],[[[100.475,13.7195],[100.476,13.7165],[100.474,13.716],[100.4745,13.7155],[100.474,13.715],[100.4735,13.7165],[100.475,13.717],[100.475,13.7185],[100.474,13.719],[100.475,13.7195]]],[[[100.475,13.7155],[100.4755,13.7155],[100.475,13.7155]]],[[[100.4755,13.715],[100.476,13.715],[100.4755,13.715]]],[[[100.476,13.7125],[100.4765,13.713],[100.4765,13.7125],[100.476,13.7125]]],[[[100.4755,13.7115],[100.476,13.711],[100.475,13.711],[100.4755,13.7115]]],[[[100.4725,13.7115]]],[[[100.473,13.711]]],[[[100.473,13.7105],[100.474,13.71],[100.473,13.71],[100.473,13.7105]]],[[[100.474,13.709],[100.474,13.7095],[100.474,13.709]]],[[[100.474,13.709]]],[[[100.472,13.71]]],[[[100.472,13.709],[100.4725,13.7095],[100.4725,13.709],[100.472,13.709]]],[[[100.4715,13.7175]]],[[[100.472,13.7185],[100.4715,13.7185],[100.472,13.7185]]],[[[100.4735,13.719]]],[[[100.4735,13.7185],[100.4735,13.719],[100.4735,13.7185]]],[[[100.4735,13.714],[100.4745,13.7135],[100.473,13.713],[100.4735,13.714]]],[[[100.4735,13.718],[100.473,13.718],[100.4735,13.718]]],[[[100.4745,13.712],[100.474,13.7125],[100.4745,13.712]]],[[[100.4755,13.741],[100.477,13.741],[100.477,13.74],[100.4765,13.7395],[100.477,13.7405],[100.4755,13.741]]],[[[100.476,13.735]]],[[[100.4755,13.734],[100.476,13.7335],[100.475,13.733],[100.4755,13.734]]],[[[100.4765,13.732],[100.476,13.7315],[100.476,13.7325],[100.4765,13.732]]],[[[100.4775,13.7215],[100.478,13.7215],[100.4775,13.7215]]],[[[100.4775,13.716],[100.4765,13.716],[100.477,13.716],[100.4775,13.716]]],[[[100.4775,13.7145],[100.478,13.7145],[100.4775,13.7145]]],[[[100.478,13.713]]],[[[100.479,13.7105],[100.4775,13.7115],[100.4785,13.712],[100.479,13.7105]]],[[[100.478,13.71]]],[[[100.4775,13.7085],[100.4775,13.708],[100.4775,13.7085]]],[[[100.476,13.722],[100.476,13.7225],[100.476,13.722]]],[[[100.476,13.721],[100.4755,13.7215],[100.476,13.7215],[100.476,13.721]]],[[[100.475,13.7255]]],[[[100.4755,13.73]]],[[[100.475,13.7305]]],[[[100.475,13.738],[100.4755,13.738],[100.475,13.738]]],[[[100.4755,13.7415],[100.475,13.7415],[100.475,13.742],[100.4755,13.7415]]],[[[100.4745,13.741]]],[[[100.4765,13.711]]],[[[100.476,13.7225],[100.4765,13.7225],[100.476,13.7225]]],[[[100.4765,13.7335]]],[[[100.478,13.73]]],[[[100.4775,13.74],[100.4775,13.7395],[100.4775,13.74]]],[[[100.4775,13.7415],[100.477,13.7415],[100.4775,13.7415]]],[[[100.479,13.717],[100.4785,13.717],[100.479,13.717]]],[[[100.4785,13.7205]]],[[[100.4755,13.757],[100.476,13.756],[100.475,13.756],[100.4755,13.757]]],[[[100.4755,13.754],[100.4755,13.7535],[100.4755,13.754]]],[[[100.475,13.755],[100.475,13.7545],[100.475,13.755]]],[[[100.476,13.7545],[100.4755,13.7545],[100.476,13.7545]]],[[[100.476,13.768],[100.4765,13.768],[100.476,13.768]]],[[[100.4775,13.7675],[100.4775,13.767],[100.4775,13.7675]]],[[[100.4945,13.7185],[100.4955,13.7185],[100.4955,13.718],[100.495,13.718],[100.4945,13.7185]]],[[[100.495,13.7175],[100.496,13.7175],[100.495,13.7175]]],[[[100.4945,13.7155],[100.496,13.7155],[100.4955,13.7145],[100.4945,13.7155]]],[[[100.486,13.74],[100.488,13.7385],[100.486,13.739],[100.486,13.74]]],[[[100.488,13.737],[100.4885,13.738],[100.489,13.739],[100.4885,13.7375],[100.488,13.737]]],[[[100.4885,13.736],[100.488,13.7365],[100.4885,13.736]]],[[[100.4875,13.7355],[100.487,13.7355],[100.487,13.736],[100.4875,13.7355]]],[[[100.488,13.7335]]],[[[100.488,13.724],[100.4885,13.724],[100.4875,13.724],[100.488,13.724]]],[[[100.486,13.7215],[100.4885,13.7225],[100.487,13.722],[100.487,13.721],[100.486,13.7205],[100.485,13.721],[100.486,13.7215]]],[[[100.49,13.7155]]],[[[100.4905,13.7145]]],[[[100.4825,13.744],[100.483,13.744],[100.4835,13.7435],[100.483,13.7435],[100.4825,13.744]]],[[[100.4835,13.7375],[100.4835,13.7385],[100.485,13.738],[100.4835,13.7375]]],[[[100.4835,13.7355],[100.4835,13.736],[100.4835,13.7355]]],[[[100.483,13.734],[100.4835,13.734],[100.4835,13.7335],[100.483,13.734]]],[[[100.483,13.727],[100.4835,13.727],[100.483,13.727]]],[[[100.483,13.7215],[100.4835,13.7215],[100.4825,13.72],[100.482,13.7215],[100.483,13.7215]]],[[[100.4835,13.719],[100.484,13.7195],[100.4845,13.7195],[100.4835,13.719]]],[[[100.4815,13.742],[100.482,13.7425],[100.4815,13.742]]],[[[100.482,13.7415]]],[[[100.481,13.7415],[100.4815,13.7415],[100.481,13.7415]]],[[[100.481,13.7385],[100.48,13.738],[100.48,13.7395],[100.481,13.7385]]],[[[100.482,13.737],[100.4815,13.737],[100.4815,13.7375],[100.482,13.7375],[100.482,13.737]]],[[[100.4815,13.736],[100.4815,13.7355],[100.4815,13.736]]],[[[100.481,13.7345],[100.4815,13.734],[100.4805,13.7345],[100.481,13.7345]]],[[[100.481,13.733],[100.48,13.7325],[100.4795,13.7335],[100.48,13.7345],[100.481,13.733]]],[[[100.482,13.727],[100.4815,13.727],[100.482,13.7275],[100.482,13.727]]],[[[100.481,13.724],[100.4815,13.7235],[100.4805,13.723],[100.481,13.724]]],[[[100.4815,13.721],[100.481,13.721],[100.481,13.7215],[100.4815,13.721]]],[[[100.4815,13.718],[100.4815,13.7185],[100.4815,13.718]]],[[[100.4815,13.7155]]],[[[100.4825,13.7145],[100.481,13.7145],[100.4825,13.7155],[100.483,13.715],[100.4825,13.7145]]],[[[100.4805,13.7435],[100.48,13.743],[100.48,13.7435],[100.4805,13.7435]]],[[[100.4795,13.7425],[100.48,13.7425],[100.4795,13.7425]]],[[[100.48,13.74],[100.4795,13.74],[100.48,13.74]]],[[[100.479,13.732]]],[[[100.479,13.735]]],[[[100.4795,13.736]]],[[[100.479,13.7405]]],[[[100.481,13.7265],[100.481,13.726],[100.481,13.7265]]],[[[100.4805,13.7305]]],[[[100.4805,13.7375],[100.4805,13.737],[100.48,13.7375],[100.4805,13.7375]]],[[[100.482,13.7185],[100.4825,13.719],[100.483,13.7185],[100.482,13.7185]]],[[[100.482,13.723],[100.482,13.7225],[100.482,13.723]]],[[[100.4825,13.7325]]],[[[100.482,13.736]]],[[[100.483,13.7395],[100.483,13.74],[100.483,13.7395]]],[[[100.4825,13.7405],[100.482,13.7405],[100.482,13.741],[100.4825,13.7405]]],[[[100.482,13.7435],[100.4825,13.743],[100.482,13.7435]]],[[[100.484,13.718],[100.4855,13.7185],[100.4845,13.718],[100.4845,13.717],[100.484,13.718]]],[[[100.486,13.717],[100.4855,13.717],[100.4855,13.7175],[100.486,13.717]]],[[[100.4855,13.7155],[100.486,13.7165],[100.4865,13.716],[100.4855,13.7155]]],[[[100.484,13.7135],[100.4835,13.7135],[100.484,13.7135]]],[[[100.488,13.7205],[100.488,13.721],[100.4885,13.7205],[100.488,13.7205]]],[[[100.4865,13.7175],[100.4885,13.718],[100.487,13.7165],[100.4875,13.7175],[100.4865,13.7175]]],[[[100.486,13.714],[100.4865,13.714],[100.486,13.714]]],[[[100.487,13.72],[100.4875,13.7205],[100.487,13.72]]],[[[100.489,13.7155],[100.488,13.7155],[100.489,13.716],[100.489,13.7155]]],[[[100.4855,13.736],[100.485,13.7355],[100.4855,13.736]]],[[[100.484,13.7365],[100.484,13.737],[100.484,13.7365]]],[[[100.484,13.741]]],[[[100.4845,13.7405]]],[[[100.4845,13.7415]]],[[[100.487,13.734],[100.4865,13.734],[100.4865,13.7345],[100.487,13.735],[100.487,13.734]]],[[[100.4865,13.736]]],[[[100.4865,13.741],[100.486,13.741],[100.4865,13.741]]],[[[100.486,13.742]]],[[[100.493,13.7185]]],[[[100.4925,13.7185],[100.493,13.7185],[100.4925,13.7185]]],[[[100.4925,13.7175],[100.493,13.718],[100.493,13.7175],[100.4925,13.7175]]],[[[100.4915,13.725],[100.4915,13.7255],[100.492,13.725],[100.4915,13.725]]],[[[100.4915,13.72],[100.492,13.72],[100.4915,13.72]]],[[[100.4905,13.7175],[100.4905,13.718],[100.492,13.718],[100.492,13.7175],[100.4905,13.7175]]],[[[100.4915,13.7155],[100.4925,13.717],[100.4925,13.7155],[100.4915,13.7155]]],[[[100.4895,13.725],[100.49,13.725],[100.4895,13.7245],[100.4895,13.725]]],[[[100.4905,13.7235]]],[[[100.49,13.7225],[100.4895,13.723],[100.49,13.7225]]],[[[100.491,13.7165],[100.49,13.7165],[100.491,13.717],[100.491,13.7165]]],[[[100.491,13.722]]],[[[100.491,13.7245],[100.491,13.725],[100.491,13.7245]]],[[[100.4925,13.7215],[100.4925,13.7225],[100.493,13.7215],[100.4925,13.7215]]],[[[100.4925,13.719]]],[[[100.4945,13.728]]],[[[100.4945,13.722],[100.494,13.7225],[100.4945,13.7225],[100.4945,13.722]]],[[[100.4945,13.7155]]],[[[100.4935,13.7185]]],[[[100.495,13.7245],[100.4945,13.7245],[100.495,13.725],[100.495,13.7245]]],[[[100.49,13.74],[100.4895,13.74],[100.49,13.74]]],[[[100.4895,13.7335],[100.49,13.734],[100.49,13.7335],[100.4895,13.7335]]],[[[100.4885,13.7345],[100.489,13.7345],[100.4885,13.7345]]],[[[100.4895,13.7355],[100.4895,13.736],[100.4895,13.7355]]],[[[100.4895,13.737],[100.489,13.737],[100.4895,13.737]]],[[[100.4885,13.74],[100.488,13.7405],[100.4885,13.74]]],[[[100.489,13.7395]]],[[[100.4925,13.7355],[100.492,13.7355],[100.4925,13.7355]]],[[[100.502,13.7275],[100.5015,13.728],[100.502,13.728],[100.502,13.7275]]],[[[100.5015,13.7275]]],[[[100.5015,13.726],[100.5015,13.7265],[100.5015,13.726]]],[[[100.501,13.7245],[100.5035,13.725],[100.503,13.724],[100.501,13.7245]]],[[[100.501,13.7225],[100.5005,13.7225],[100.501,13.7225]]],[[[100.5005,13.7205],[100.5015,13.72],[100.5005,13.7205]]],[[[100.501,13.7175]]],[[[100.5,13.716],[100.501,13.7165],[100.5005,13.7155],[100.5,13.716]]],[[[100.498,13.727]]],[[[100.4975,13.72],[100.499,13.72],[100.499,13.719],[100.4975,13.72]]],[[[100.499,13.718],[100.499,13.7185],[100.499,13.718]]],[[[100.499,13.717]]],[[[100.497,13.722]]],[[[100.497,13.72],[100.4975,13.72],[100.497,13.72]]],[[[100.497,13.718],[100.4975,13.7175],[100.497,13.718]]],[[[100.4975,13.717]]],[[[100.497,13.7165],[100.4965,13.716],[100.4965,13.7165],[100.497,13.7165]]],[[[100.496,13.718]]],[[[100.496,13.7245]]],[[[100.4985,13.716],[100.498,13.7165],[100.4985,13.7165],[100.4985,13.716]]],[[[100.499,13.725],[100.499,13.7255],[100.499,13.725]]],[[[100.499,13.7235]]],[[[100.5,13.723],[100.4995,13.7225],[100.4995,13.722],[100.5,13.723]]],[[[100.5,13.7285]]],[[[100.5,13.7295],[100.5,13.73],[100.5005,13.73],[100.5,13.7295]]],[[[100.502,13.7165],[100.5035,13.7165],[100.5035,13.716],[100.502,13.7165]]],[[[100.502,13.7225]]],[[[100.503,13.733]]],[[[100.503,13.733],[100.503,13.7325],[100.503,13.733]]],[[[100.503,13.728]]],[[[100.503,13.7265],[100.503,13.726],[100.502,13.7255],[100.503,13.726],[100.503,13.7265]]],[[[100.5025,13.7295],[100.503,13.7295],[100.5025,13.7295]]],[[[100.5015,13.7295],[100.502,13.7295],[100.5015,13.7295]]],[[[100.5025,13.728],[100.502,13.728],[100.5025,13.728]]],[[[100.5045,13.732],[100.5045,13.733],[100.505,13.7325],[100.5045,13.732]]],[[[100.5035,13.7285],[100.504,13.728],[100.5035,13.7285]]],[[[100.5035,13.723]]],[[[100.505,13.734]]],[[[100.4945,13.7875]]],[[[100.4945,13.783],[100.495,13.7825],[100.4945,13.783]]],[[[100.4955,13.7815],[100.4955,13.782],[100.496,13.782],[100.4955,13.7815]]],[[[100.488,13.783],[100.489,13.7825],[100.488,13.7825],[100.488,13.783]]],[[[100.487,13.7815],[100.4875,13.7815],[100.4885,13.7815],[100.488,13.781],[100.487,13.7815]]],[[[100.488,13.7755]]],[[[100.484,13.7825]]],[[[100.484,13.7825],[100.4835,13.7825],[100.484,13.7825]]],[[[100.4835,13.7785],[100.4835,13.778],[100.4835,13.7785]]],[[[100.48,13.7765],[100.48,13.777],[100.4805,13.7775],[100.4805,13.777],[100.48,13.7765]]],[[[100.482,13.7755],[100.4825,13.7755],[100.4815,13.775],[100.482,13.7755]]],[[[100.482,13.7745],[100.482,13.774],[100.482,13.7745]]],[[[100.482,13.772]]],[[[100.482,13.771],[100.4815,13.771],[100.482,13.771]]],[[[100.479,13.773],[100.48,13.773],[100.48,13.772],[100.479,13.773]]],[[[100.48,13.7675],[100.4795,13.767],[100.48,13.7675]]],[[[100.479,13.7705],[100.4795,13.771],[100.479,13.7705]]],[[[100.4785,13.7685],[100.479,13.7695],[100.4795,13.769],[100.4785,13.7685]]],[[[100.481,13.7715],[100.4815,13.7715],[100.481,13.7715]]],[[[100.482,13.778],[100.4815,13.778],[100.483,13.779],[100.482,13.778]]],[[[100.4815,13.777]]],[[[100.485,13.7795],[100.486,13.779],[100.4855,13.7795],[100.485,13.779],[100.4855,13.778],[100.4845,13.779],[100.485,13.7795]]],[[[100.4845,13.7745]]],[[[100.484,13.78]]],[[[100.4845,13.7805]]],[[[100.4875,13.776],[100.4875,13.7765],[100.4875,13.776]]],[[[100.4865,13.777],[100.487,13.777],[100.4865,13.777]]],[[[100.487,13.785],[100.4875,13.7845],[100.487,13.785]]],[[[100.492,13.785],[100.4935,13.7845],[100.4925,13.784],[100.4915,13.7845],[100.492,13.785]]],[[[100.492,13.781],[100.4925,13.781],[100.494,13.7805],[100.492,13.781]]],[[[100.492,13.7795],[100.4925,13.7795],[100.492,13.7795]]],[[[100.489,13.7805],[100.4895,13.7805],[100.489,13.7805]]],[[[100.491,13.777],[100.4905,13.777],[100.4895,13.777],[100.491,13.777]]],[[[100.49,13.783],[100.4895,13.783],[100.4895,13.7835],[100.49,13.783]]],[[[100.4885,13.776],[100.4885,13.7765],[100.489,13.776],[100.4885,13.776]]],[[[100.4915,13.7765]]],[[[100.4905,13.7835]]],[[[100.491,13.7815],[100.4915,13.781],[100.492,13.781],[100.491,13.7815]]],[[[100.4935,13.7835],[100.493,13.783],[100.4935,13.7835]]],[[[100.494,13.787]]],[[[100.495,13.78]]],[[[100.4955,13.7805],[100.4955,13.78],[100.4955,13.7805]]],[[[100.498,13.7915],[100.499,13.792],[100.4985,13.791],[100.498,13.7915]]],[[[100.497,13.7885],[100.4985,13.788],[100.4975,13.7875],[100.497,13.7885]]],[[[100.4975,13.782],[100.4985,13.7825],[100.498,13.7815],[100.4965,13.7825],[100.4975,13.782]]],[[[100.4985,13.78],[100.498,13.78],[100.4985,13.78]]],[[[100.4975,13.789]]],[[[100.497,13.789]]],[[[100.4965,13.787],[100.496,13.786],[100.4965,13.787]]],[[[100.4955,13.7885],[100.496,13.7885],[100.4955,13.7885]]],[[[100.4975,13.79]]],[[[100.5,13.791]]],[[[100.501,13.7935]]],[[[100.501,13.793]]],[[[100.501,13.788]]],[[[100.5025,13.788],[100.502,13.788],[100.502,13.7885],[100.5025,13.788]]],[[[100.502,13.799]]],[[[100.502,13.7975],[100.502,13.798],[100.502,13.7975]]],[[[100.505,13.7995],[100.505,13.8],[100.505,13.7995]]],[[[100.5045,13.795]]],[[[100.5045,13.7945],[100.504,13.794],[100.505,13.793],[100.504,13.794],[100.5045,13.7945]]],[[[100.5035,13.7935]]],[[[100.505,13.789],[100.505,13.7895],[100.505,13.789]]],[[[100.506,13.7515],[100.5055,13.752],[100.506,13.752],[100.506,13.7515]]],[[[100.5055,13.745],[100.5055,13.7445],[100.5055,13.745],[100.5065,13.7445],[100.5055,13.745]]],[[[100.505,13.7415],[100.505,13.742],[100.5055,13.7415],[100.505,13.7415]]],[[[100.495,13.7505],[100.4955,13.751],[100.4955,13.75],[100.495,13.7505]]],[[[100.4915,13.752]]],[[[100.4915,13.749],[100.4905,13.749],[100.49,13.75],[100.4915,13.75],[100.4915,13.749]]],[[[100.491,13.7475],[100.491,13.747],[100.491,13.7475]]],[[[100.495,13.7495],[100.4945,13.7495],[100.495,13.7495]]],[[[100.495,13.744]]],[[[100.4985,13.745]]],[[[100.498,13.7395],[100.4985,13.7395],[100.498,13.739],[100.498,13.7395]]],[[[100.497,13.7505],[100.497,13.751],[100.497,13.7505]]],[[[100.4975,13.743],[100.4975,13.7435],[100.4975,13.743]]],[[[100.5,13.7455],[100.5,13.746],[100.5005,13.746],[100.5,13.7455]]],[[[100.5,13.7425],[100.4995,13.743],[100.5,13.743],[100.5,13.7425]]],[[[100.4995,13.749]]],[[[100.4995,13.7505]]],[[[100.5025,13.749],[100.503,13.749],[100.5025,13.7485],[100.5025,13.749]]],[[[100.5035,13.742],[100.5035,13.7415],[100.503,13.7415],[100.5035,13.742]]],[[[100.5015,13.7525],[100.5015,13.753],[100.5015,13.7525]]],[[[100.5025,13.751],[100.5025,13.7505],[100.5025,13.751]]],[[[100.5015,13.741],[100.5015,13.7415],[100.502,13.7415],[100.5015,13.741]]],[[[100.502,13.745]]],[[[100.5025,13.7555]]],[[[100.5015,13.754],[100.502,13.7535],[100.5015,13.7535],[100.5015,13.754]]],[[[100.5045,13.755],[100.5045,13.7545],[100.5045,13.755]]],[[[100.504,13.745],[100.505,13.7455],[100.5045,13.7445],[100.504,13.745]]],[[[100.5035,13.744],[100.504,13.744],[100.5035,13.744]]],[[[100.506,13.8035],[100.5095,13.802],[100.507,13.803],[100.5065,13.8025],[100.506,13.8035]]],[[[100.523,13.747]]],[[[100.523,13.7465]]],[[[100.5235,13.7375],[100.524,13.7385],[100.5245,13.7375],[100.5235,13.7375]]],[[[100.5245,13.7255],[100.524,13.726],[100.5245,13.726],[100.5245,13.7255]]],[[[100.524,13.724],[100.5235,13.724],[100.524,13.7245],[100.524,13.724]]],[[[100.523,13.7205],[100.524,13.721],[100.524,13.7205],[100.523,13.7205]]],[[[100.524,13.7185],[100.5245,13.719],[100.5245,13.7185],[100.524,13.7185]]],[[[100.524,13.717]]],[[[100.5155,13.7225],[100.516,13.7225],[100.516,13.722],[100.5155,13.7225]]],[[[100.515,13.7225],[100.515,13.722],[100.5145,13.722],[100.515,13.7225]]],[[[100.516,13.7175],[100.5155,13.718],[100.516,13.718],[100.516,13.7175]]],[[[100.516,13.7155],[100.5155,13.7155],[100.516,13.7155]]],[[[100.508,13.733],[100.5085,13.7335],[100.508,13.733]]],[[[100.5095,13.7295],[100.5095,13.729],[100.509,13.7295],[100.5095,13.7295]]],[[[100.5095,13.72],[100.5105,13.7195],[100.509,13.72],[100.5095,13.72]]],[[[100.5085,13.718]]],[[[100.5065,13.735]]],[[[100.5065,13.732]]],[[[100.507,13.73],[100.5065,13.73],[100.5065,13.7305],[100.507,13.73]]],[[[100.5065,13.729],[100.506,13.729],[100.5065,13.729]]],[[[100.506,13.7245],[100.5065,13.7255],[100.5065,13.7245],[100.506,13.7245]]],[[[100.506,13.724],[100.5065,13.724],[100.506,13.724]]],[[[100.5075,13.7185],[100.507,13.7185],[100.5075,13.7185]]],[[[100.5065,13.7165],[100.506,13.717],[100.507,13.717],[100.5065,13.7165]]],[[[100.506,13.7205]]],[[[100.506,13.726],[100.506,13.7265],[100.506,13.726]]],[[[100.507,13.718]]],[[[100.507,13.727],[100.5075,13.727],[100.507,13.7265],[100.507,13.727]]],[[[100.507,13.7315],[100.5075,13.7315],[100.507,13.7315]]],[[[100.5095,13.727],[100.511,13.726],[100.5095,13.726],[100.5095,13.727]]],[[[100.5095,13.719],[100.51,13.7185],[100.5095,13.7185],[100.5095,13.719]]],[[[100.5125,13.715],[100.513,13.7155],[100.513,13.715],[100.5125,13.715]]],[[[100.514,13.7165],[100.5135,13.7165],[100.514,13.7165]]],[[[100.514,13.7225]]],[[[100.515,13.7435],[100.5155,13.7435],[100.5155,13.743],[100.515,13.743],[100.515,13.7435]]],[[[100.515,13.741],[100.5145,13.741],[100.515,13.741]]],[[[100.5115,13.7405],[100.5115,13.74],[100.5115,13.7405]]],[[[100.508,13.7495],[100.5085,13.75],[100.5085,13.7495],[100.508,13.7495]]],[[[100.5075,13.747],[100.508,13.7465],[100.5075,13.747]]],[[[100.508,13.7455]]],[[[100.5085,13.739]]],[[[100.507,13.744]]],[[[100.507,13.739]]],[[[100.5075,13.7435]]],[[[100.5105,13.748]]],[[[100.51,13.746],[100.51,13.7455],[100.51,13.746]]],[[[100.51,13.743]]],[[[100.5095,13.745]]],[[[100.509,13.7405],[100.5085,13.7405],[100.509,13.7405]]],[[[100.5085,13.7415]]],[[[100.509,13.7505],[100.5085,13.7505],[100.509,13.7505]]],[[[100.511,13.744]]],[[[100.513,13.745],[100.513,13.7455],[100.513,13.745]]],[[[100.5135,13.744]]],[[[100.512,13.742],[100.5125,13.742],[100.512,13.742]]],[[[100.514,13.747],[100.5145,13.747],[100.514,13.747]]],[[[100.514,13.744]]],[[[100.52,13.7455],[100.5195,13.7455],[100.5195,13.746],[100.52,13.746],[100.52,13.7455]]],[[[100.52,13.7375],[100.5195,13.737],[100.5195,13.7375],[100.52,13.7375]]],[[[100.5195,13.7355]]],[[[100.5195,13.7295],[100.5215,13.7295],[100.522,13.7285],[100.52,13.727],[100.519,13.7275],[100.5175,13.7265],[100.5165,13.7275],[100.517,13.729],[100.5185,13.728],[100.5195,13.7295]]],[[[100.5195,13.724]]],[[[100.519,13.716],[100.5195,13.7165],[100.5195,13.7155],[100.519,13.716]]],[[[100.5165,13.7215],[100.517,13.7215],[100.517,13.721],[100.5165,13.7215]]],[[[100.5175,13.72],[100.5165,13.7205],[100.5175,13.72]]],[[[100.5175,13.7185],[100.517,13.719],[100.5175,13.719],[100.5175,13.7185]]],[[[100.5165,13.732],[100.516,13.732],[100.5165,13.732]]],[[[100.516,13.719]]],[[[100.5185,13.745],[100.519,13.745],[100.5185,13.745]]],[[[100.518,13.7425],[100.518,13.742],[100.518,13.7425]]],[[[100.5185,13.7355]]],[[[100.5185,13.735]]],[[[100.5175,13.7335],[100.518,13.7335],[100.518,13.733],[100.518,13.7335],[100.5175,13.7335]]],[[[100.5185,13.7315],[100.5185,13.731],[100.5185,13.7315]]],[[[100.517,13.739],[100.5165,13.7395],[100.5165,13.74],[100.517,13.739]]],[[[100.518,13.732],[100.5175,13.731],[100.5175,13.732],[100.518,13.732]]],[[[100.519,13.7335],[100.519,13.733],[100.519,13.7335]]],[[[100.518,13.721],[100.518,13.722],[100.518,13.721]]],[[[100.5185,13.719]]],[[[100.5175,13.717],[100.5185,13.7165],[100.518,13.7165],[100.5175,13.7165],[100.5175,13.717]]],[[[100.5185,13.714],[100.5185,13.7145],[100.5185,13.714]]],[[[100.518,13.7135],[100.5185,13.7135],[100.5185,13.713],[100.518,13.713],[100.518,13.7135]]],[[[100.5175,13.7175]]],[[[100.5175,13.7155]]],[[[100.5225,13.7225]]],[[[100.5215,13.7175],[100.523,13.719],[100.5225,13.717],[100.5215,13.7175]]],[[[100.5225,13.7145],[100.522,13.7145],[100.5225,13.7145]]],[[[100.523,13.7125],[100.522,13.713],[100.523,13.713],[100.523,13.7125]]],[[[100.522,13.712],[100.5225,13.712],[100.522,13.712]]],[[[100.5205,13.721],[100.5205,13.7215],[100.5205,13.721]]],[[[100.5205,13.713],[100.521,13.713],[100.521,13.7125],[100.5205,13.7125],[100.5205,13.713]]],[[[100.521,13.7115],[100.5205,13.712],[100.521,13.7115]]],[[[100.5195,13.713]]],[[[100.5205,13.714],[100.5205,13.7145],[100.5205,13.714]]],[[[100.5215,13.7215],[100.5215,13.722],[100.522,13.7215],[100.5215,13.7215]]],[[[100.5215,13.718],[100.521,13.718],[100.5215,13.718]]],[[[100.5205,13.7195],[100.5205,13.72],[100.521,13.7195],[100.5205,13.7195]]],[[[100.5215,13.7485]]],[[[100.5215,13.7465],[100.522,13.746],[100.521,13.746],[100.5215,13.7465]]],[[[100.522,13.745],[100.5205,13.7455],[100.521,13.7455],[100.522,13.745]]],[[[100.5205,13.743],[100.5205,13.7435],[100.521,13.7435],[100.5205,13.743]]],[[[100.5215,13.7415]]],[[[100.5215,13.732],[100.5215,13.7315],[100.5215,13.732]]],[[[100.5205,13.7485]]],[[[100.52,13.734]]],[[[100.521,13.737]]],[[[100.5225,13.743],[100.5225,13.7425],[100.5225,13.743]]],[[[100.523,13.7275],[100.523,13.728],[100.523,13.7275]]],[[[100.5215,13.7395],[100.5215,13.74],[100.5215,13.7395]]],[[[100.523,13.7385]]],[[[100.5235,13.7555]]],[[[100.5305,13.7635],[100.53,13.7625],[100.5305,13.7635]]],[[[100.531,13.7615],[100.5315,13.764],[100.532,13.7635],[100.531,13.7615]]],[[[100.5305,13.7545],[100.5305,13.754],[100.5305,13.7545]]],[[[100.531,13.7435],[100.531,13.744],[100.5315,13.744],[100.5315,13.7435],[100.531,13.7435]]],[[[100.5315,13.742],[100.531,13.742],[100.531,13.7425],[100.5315,13.742]]],[[[100.531,13.739],[100.531,13.738],[100.531,13.739]]],[[[100.53,13.733],[100.531,13.733],[100.531,13.7325],[100.53,13.733]]],[[[100.5305,13.7265],[100.53,13.7265],[100.5305,13.7265]]],[[[100.53,13.725]]],[[[100.5305,13.72],[100.5305,13.7195],[100.5305,13.72]]],[[[100.5315,13.7185],[100.531,13.718],[100.5305,13.7175],[100.5315,13.7185]]],[[[100.5305,13.7165]]],[[[100.527,13.7575]]],[[[100.5275,13.7555],[100.5275,13.756],[100.528,13.755],[100.5275,13.7555]]],[[[100.5265,13.752]]],[[[100.527,13.75],[100.5255,13.7495],[100.527,13.75]]],[[[100.5265,13.7485],[100.5265,13.7475],[100.526,13.7485],[100.5265,13.7485]]],[[[100.527,13.746],[100.528,13.746],[100.528,13.745],[100.527,13.746]]],[[[100.5265,13.739]]],[[[100.527,13.736],[100.528,13.7365],[100.528,13.736],[100.527,13.736]]],[[[100.5275,13.725],[100.528,13.7255],[100.528,13.725],[100.5275,13.725]]],[[[100.5275,13.7215]]],[[[100.526,13.751]]],[[[100.525,13.7445],[100.5255,13.7465],[100.526,13.7445],[100.525,13.7445]]],[[[100.5255,13.737],[100.5255,13.7375],[100.526,13.738],[100.526,13.737],[100.5255,13.737]]],[[[100.525,13.719],[100.5255,13.7195],[100.525,13.719]]],[[[100.525,13.7165]]],[[[100.524,13.7505],[100.5245,13.7505],[100.524,13.7505]]],[[[100.525,13.7235]]],[[[100.5245,13.721],[100.525,13.721],[100.5245,13.721]]],[[[100.5265,13.749]]],[[[100.5265,13.725],[100.527,13.725],[100.5265,13.725]]],[[[100.5265,13.7185],[100.5265,13.718],[100.5265,13.7185]]],[[[100.5265,13.7175]]],[[[100.527,13.717]]],[[[100.5275,13.72]]],[[[100.5265,13.7445]]],[[[100.5265,13.751]]],[[[100.526,13.761]]],[[[100.529,13.745],[100.5285,13.7445],[100.5285,13.745],[100.529,13.745]]],[[[100.528,13.7405],[100.528,13.74],[100.5275,13.7405],[100.528,13.7405]]],[[[100.529,13.7385],[100.5285,13.739],[100.529,13.739],[100.529,13.7385]]],[[[100.529,13.7285],[100.5295,13.729],[100.529,13.7285]]],[[[100.5295,13.7225],[100.5285,13.7225],[100.529,13.7225],[100.5295,13.7225]]],[[[100.5295,13.72],[100.529,13.721],[100.5295,13.72]]],[[[100.5295,13.719],[100.529,13.719],[100.5295,13.7195],[100.5295,13.719]]],[[[100.529,13.7185],[100.5295,13.718],[100.5285,13.7175],[100.529,13.7185]]],[[[100.5295,13.7165],[100.529,13.7165],[100.5295,13.7165]]],[[[100.529,13.716],[100.5285,13.716],[100.529,13.7165],[100.529,13.716]]],[[[100.529,13.7155],[100.529,13.715],[100.529,13.7155]]],[[[100.5285,13.7245],[100.528,13.7245],[100.5285,13.7245]]],[[[100.5285,13.734],[100.528,13.7345],[100.5285,13.7345],[100.5285,13.734]]],[[[100.5275,13.75],[100.528,13.75],[100.5275,13.75]]],[[[100.528,13.749]]],[[[100.5285,13.7615],[100.529,13.7615],[100.5285,13.7615]]],[[[100.5275,13.76],[100.5285,13.76],[100.5285,13.7595],[100.528,13.7595],[100.528,13.76],[100.5275,13.76]]],[[[100.529,13.7615]]],[[[100.5295,13.755],[100.5295,13.7545],[100.5295,13.755]]],[[[100.5305,13.7525],[100.53,13.7525],[100.5305,13.7525]]],[[[100.53,13.7515],[100.5305,13.7505],[100.53,13.7505],[100.53,13.7515]]],[[[100.53,13.75]]],[[[100.53,13.7435],[100.53,13.7445],[100.53,13.7455],[100.53,13.7435]]],[[[100.5295,13.7305],[100.5295,13.73],[100.5295,13.7305]]],[[[100.53,13.7275]]],[[[100.529,13.7405],[100.5295,13.7405],[100.529,13.7405]]],[[[100.529,13.75]]],[[[100.529,13.7455]]],[[[100.53,13.716]]],[[[100.5295,13.7575],[100.53,13.7575],[100.53,13.757],[100.5295,13.7575]]],[[[100.5305,13.7555]]],[[[100.534,13.7685],[100.534,13.769],[100.5345,13.769],[100.534,13.7685]]],[[[100.534,13.7655]]],[[[100.5335,13.7645],[100.533,13.764],[100.5335,13.765],[100.5345,13.765],[100.5335,13.7645]]],[[[100.5335,13.7595],[100.534,13.7595],[100.5335,13.759],[100.5335,13.7595]]],[[[100.5345,13.755],[100.535,13.755],[100.535,13.754],[100.5345,13.7545],[100.5345,13.755]]],[[[100.534,13.751]]],[[[100.534,13.7505],[100.534,13.751],[100.534,13.7505]]],[[[100.5335,13.749],[100.5345,13.75],[100.535,13.7495],[100.534,13.748],[100.5315,13.7485],[100.5335,13.749]]],[[[100.5335,13.747]]],[[[100.5335,13.745],[100.534,13.745],[100.5335,13.745]]],[[[100.534,13.7415],[100.5335,13.7415],[100.534,13.7415]]],[[[100.534,13.74],[100.5335,13.7405],[100.534,13.7405],[100.534,13.74]]],[[[100.5335,13.735],[100.5335,13.7345],[100.5335,13.735]]],[[[100.5345,13.7315]]],[[[100.535,13.7295]]],[[[100.5355,13.726],[100.5345,13.726],[100.5355,13.7265],[100.5355,13.726]]],[[[100.534,13.722],[100.5345,13.722],[100.534,13.722]]],[[[100.5345,13.72],[100.5365,13.721],[100.534,13.719],[100.5345,13.72]]],[[[100.534,13.7175]]],[[[100.532,13.741]]],[[[100.5325,13.7405],[100.532,13.7405],[100.5325,13.7405]]],[[[100.5315,13.7335],[100.5315,13.7345],[100.532,13.734],[100.5315,13.7335]]],[[[100.532,13.722],[100.532,13.7215],[100.532,13.722]]],[[[100.5315,13.728],[100.5315,13.7285],[100.5315,13.728]]],[[[100.5325,13.7525],[100.532,13.7525],[100.5325,13.7525]]],[[[100.533,13.747],[100.5315,13.7475],[100.533,13.7475],[100.533,13.747]]],[[[100.531,13.754],[100.5315,13.754],[100.531,13.754]]],[[[100.5315,13.7465]]],[[[100.531,13.7455],[100.531,13.745],[100.531,13.7455]]],[[[100.532,13.766],[100.533,13.7665],[100.5325,13.7655],[100.532,13.766]]],[[[100.5325,13.762],[100.532,13.7615],[100.5325,13.762]]],[[[100.532,13.758],[100.533,13.758],[100.533,13.7575],[100.532,13.758]]],[[[100.5325,13.738]]],[[[100.533,13.7295],[100.5325,13.7295],[100.533,13.7295]]],[[[100.5335,13.7265],[100.5335,13.726],[100.5335,13.7265]]],[[[100.533,13.72],[100.5335,13.7195],[100.5325,13.7195],[100.533,13.72]]],[[[100.5335,13.719],[100.533,13.719],[100.5335,13.719]]],[[[100.5335,13.729],[100.533,13.729],[100.5335,13.729]]],[[[100.533,13.7595]]],[[[100.5325,13.7595]]],[[[100.5365,13.768],[100.5365,13.7685],[100.537,13.7685],[100.5365,13.768]]],[[[100.536,13.765],[100.537,13.765],[100.5365,13.763],[100.536,13.7645],[100.535,13.7635],[100.536,13.765]]],[[[100.5365,13.7585],[100.536,13.758],[100.5365,13.7585]]],[[[100.535,13.7555],[100.536,13.7555],[100.535,13.7555]]],[[[100.536,13.7525]]],[[[100.5375,13.7465],[100.536,13.7465],[100.536,13.747],[100.537,13.747],[100.5375,13.747],[100.5375,13.7465]]],[[[100.5355,13.7405],[100.536,13.7425],[100.5365,13.7425],[100.536,13.742],[100.536,13.7405],[100.5355,13.7405]]],[[[100.536,13.732],[100.536,13.7325],[100.536,13.732]]],[[[100.536,13.725]]],[[[100.536,13.7245]]],[[[100.536,13.7245]]],[[[100.534,13.76],[100.5345,13.76],[100.534,13.76]]],[[[100.5345,13.753],[100.534,13.754],[100.5345,13.7535],[100.5345,13.753]]],[[[100.535,13.7485],[100.5355,13.749],[100.5355,13.748],[100.535,13.7485]]],[[[100.5345,13.7475],[100.5355,13.7475],[100.5355,13.746],[100.5345,13.746],[100.5345,13.7475]]],[[[100.5355,13.7365],[100.5355,13.736],[100.5355,13.7365]]],[[[100.535,13.736]]],[[[100.5345,13.7335],[100.535,13.7345],[100.5355,13.7345],[100.535,13.7335],[100.5345,13.7335]]],[[[100.5345,13.7405]]],[[[100.535,13.7695],[100.5355,13.769],[100.535,13.7695]]],[[[100.5345,13.768]]],[[[100.5355,13.7225]]],[[[100.535,13.721]]],[[[100.5345,13.728],[100.5355,13.7285],[100.535,13.728],[100.5345,13.728]]],[[[100.5355,13.754],[100.5355,13.7535],[100.5355,13.754]]],[[[100.5355,13.7675],[100.535,13.767],[100.5355,13.7675]]],[[[100.5355,13.718],[100.5355,13.7185],[100.5355,13.718]]],[[[100.535,13.716],[100.5355,13.7165],[100.5355,13.716],[100.535,13.716]]],[[[100.537,13.7345],[100.537,13.735],[100.5375,13.735],[100.537,13.7345]]],[[[100.537,13.7325],[100.537,13.732],[100.537,13.7315],[100.537,13.7325]]],[[[100.537,13.7195],[100.5365,13.7195],[100.537,13.7195]]],[[[100.537,13.7425],[100.5375,13.7425],[100.537,13.7425]]],[[[100.5375,13.7695],[100.5375,13.769],[100.5375,13.7695]]],[[[100.537,13.7615]]],[[[100.5375,13.759],[100.537,13.759],[100.5375,13.759]]],[[[100.5375,13.755]]],[[[100.537,13.75],[100.5375,13.7505],[100.537,13.75]]],[[[100.512,13.8015]]],[[[100.5115,13.7995]]],[[[100.5065,13.8015],[100.507,13.801],[100.5065,13.801],[100.5065,13.8015]]],[[[100.506,13.793],[100.5065,13.7925],[100.506,13.793]]],[[[100.508,13.7975],[100.508,13.797],[100.508,13.7975]]],[[[100.509,13.797],[100.5095,13.7965],[100.509,13.797]]],[[[100.5095,13.795],[100.509,13.795],[100.5095,13.7945],[100.5095,13.795]]],[[[100.5095,13.8025],[100.51,13.803],[100.51,13.8025],[100.5095,13.8025]]],[[[100.514,13.8055]]],[[[100.5135,13.8035]]],[[[100.514,13.799],[100.5135,13.7985],[100.514,13.799]]],[[[100.513,13.805]]],[[[100.513,13.803],[100.5125,13.8035],[100.513,13.8035],[100.513,13.803]]],[[[100.5135,13.805],[100.5135,13.8055],[100.5135,13.805]]],[[[100.539,13.9095]]],[[[100.5385,13.909],[100.539,13.9085],[100.5385,13.9085],[100.5385,13.909]]],[[[100.5395,13.908],[100.539,13.908],[100.5395,13.908]]],[[[100.5385,13.9035],[100.539,13.9035],[100.5385,13.9035]]],[[[100.539,13.901],[100.5395,13.9015],[100.539,13.901]]],[[[100.5395,13.898],[100.5395,13.9],[100.5395,13.8985],[100.542,13.898],[100.541,13.894],[100.5425,13.8935],[100.543,13.8915],[100.544,13.893],[100.549,13.894],[100.548,13.8945],[100.5525,13.893],[100.5535,13.894],[100.5525,13.8915],[100.554,13.892],[100.5535,13.8905],[100.5565,13.889],[100.5555,13.8865],[100.5575,13.885],[100.5585,13.885],[100.5585,13.886],[100.5605,13.8855],[100.5615,13.887],[100.5625,13.8865],[100.5625,13.8845],[100.5635,13.885],[100.5665,13.884],[100.567,13.8825],[100.569,13.883],[100.5685,13.885],[100.569,13.8835],[100.57,13.884],[100.57,13.885],[100.571,13.884],[100.572,13.8845],[100.571,13.8835],[100.5715,13.8815],[100.5735,13.8825],[100.575,13.882],[100.5755,13.881],[100.575,13.8805],[100.576,13.88],[100.5755,13.879],[100.577,13.8785],[100.5765,13.8775],[100.578,13.8765],[100.5785,13.8775],[100.5795,13.877],[100.5815,13.8785],[100.581,13.879],[100.582,13.88],[100.581,13.88],[100.5815,13.881],[100.5825,13.8795],[100.584,13.879],[100.5835,13.878],[100.5845,13.8785],[100.5835,13.8775],[100.584,13.877],[100.5865,13.877],[100.587,13.878],[100.588,13.8775],[100.5885,13.8795],[100.589,13.878],[100.59,13.879],[100.5905,13.878],[100.5895,13.8775],[100.59,13.877],[100.5895,13.8765],[100.589,13.877],[100.5885,13.8765],[100.5895,13.874],[100.588,13.873],[100.5885,13.8725],[100.5875,13.873],[100.5865,13.872],[100.587,13.8675],[100.588,13.868],[100.5885,13.866],[100.5875,13.867],[100.586,13.86],[100.5855,13.8605],[100.584,13.86],[100.5835,13.862],[100.581,13.8625],[100.5815,13.858],[100.576,13.8575],[100.576,13.8565],[100.5775,13.857],[100.579,13.856],[100.579,13.8555],[100.5775,13.856],[100.5775,13.854],[100.576,13.8555],[100.575,13.8535],[100.5735,13.8525],[100.5755,13.8515],[100.5745,13.852],[100.5745,13.851],[100.575,13.8505],[100.5755,13.851],[100.576,13.8495],[100.572,13.849],[100.572,13.848],[100.5695,13.847],[100.57,13.8455],[100.572,13.846],[100.571,13.8455],[100.5715,13.845],[100.5685,13.844],[100.5695,13.842],[100.5715,13.841],[100.5705,13.841],[100.571,13.8395],[100.572,13.839],[100.572,13.84],[100.5725,13.8385],[100.57,13.838],[100.5705,13.8365],[100.5695,13.837],[100.5685,13.8365],[100.5685,13.8355],[100.5665,13.8365],[100.566,13.835],[100.5665,13.835],[100.564,13.833],[100.563,13.8305],[100.561,13.8305],[100.563,13.8285],[100.563,13.8265],[100.5605,13.828],[100.5595,13.8275],[100.56,13.826],[100.5585,13.827],[100.559,13.8245],[100.558,13.825],[100.5575,13.821],[100.5565,13.8215],[100.5555,13.821],[100.556,13.82],[100.554,13.8195],[100.5525,13.818],[100.553,13.816],[100.5535,13.8155],[100.5545,13.816],[100.5545,13.815],[100.555,13.817],[100.556,13.817],[100.556,13.815],[100.554,13.813],[100.5545,13.8115],[100.5555,13.8115],[100.553,13.8085],[100.5545,13.8115],[100.553,13.811],[100.552,13.8115],[100.552,13.809],[100.5505,13.8115],[100.5485,13.808],[100.549,13.807],[100.548,13.8075],[100.5475,13.806],[100.5465,13.8065],[100.5465,13.803],[100.547,13.8025],[100.5475,13.804],[100.5475,13.802],[100.546,13.8015],[100.546,13.798],[100.5445,13.798],[100.544,13.799],[100.5435,13.798],[100.542,13.7985],[100.544,13.8045],[100.543,13.804],[100.5415,13.8005],[100.5405,13.8015],[100.542,13.802],[100.5405,13.803],[100.5425,13.808],[100.5415,13.8085],[100.542,13.8105],[100.5425,13.8115],[100.5435,13.8115],[100.543,13.8125],[100.542,13.8125],[100.5415,13.811],[100.539,13.8105],[100.5385,13.809],[100.5385,13.8105],[100.537,13.811],[100.5375,13.8115],[100.535,13.814],[100.534,13.8135],[100.5345,13.814],[100.5335,13.815],[100.534,13.816],[100.5355,13.8145],[100.5375,13.8155],[100.5375,13.817],[100.5365,13.8175],[100.5375,13.8215],[100.54,13.821],[100.538,13.823],[100.539,13.8235],[100.538,13.826],[100.537,13.826],[100.537,13.825],[100.5355,13.8245],[100.536,13.826],[100.5375,13.8265],[100.535,13.828],[100.5355,13.8295],[100.535,13.83],[100.536,13.831],[100.5325,13.833],[100.532,13.832],[100.5325,13.8315],[100.531,13.8315],[100.53,13.833],[100.531,13.832],[100.532,13.833],[100.5315,13.8345],[100.5305,13.8335],[100.5265,13.8365],[100.5245,13.835],[100.523,13.8365],[100.5215,13.836],[100.5215,13.838],[100.5195,13.8395],[100.5205,13.8395],[100.521,13.8405],[100.52,13.8415],[100.521,13.8425],[100.5205,13.843],[100.5195,13.8425],[100.52,13.844],[100.519,13.845],[100.521,13.847],[100.521,13.8485],[100.5205,13.848],[100.5205,13.849],[100.5195,13.8485],[100.5205,13.85],[100.52,13.8505],[100.518,13.849],[100.5185,13.851],[100.52,13.8515],[100.5205,13.8535],[100.5215,13.8525],[100.522,13.8535],[100.5235,13.8535],[100.5235,13.8545],[100.5225,13.8545],[100.524,13.855],[100.524,13.8565],[100.5245,13.856],[100.527,13.8565],[100.5275,13.858],[100.529,13.8585],[100.526,13.8615],[100.5245,13.862],[100.525,13.8655],[100.523,13.867],[100.5245,13.8675],[100.523,13.869],[100.523,13.87],[100.524,13.87],[100.5265,13.8725],[100.524,13.8725],[100.5245,13.875],[100.5225,13.8775],[100.5215,13.8775],[100.5205,13.8795],[100.5195,13.8795],[100.5195,13.8775],[100.5175,13.878],[100.517,13.879],[100.5155,13.879],[100.516,13.8805],[100.517,13.8805],[100.516,13.8825],[100.515,13.8825],[100.516,13.883],[100.514,13.884],[100.5155,13.884],[100.515,13.8845],[100.5155,13.8865],[100.5175,13.885],[100.519,13.8855],[100.5195,13.8865],[100.5185,13.8865],[100.519,13.887],[100.518,13.888],[100.5155,13.8885],[100.516,13.8895],[100.517,13.8895],[100.5155,13.8915],[100.515,13.891],[100.514,13.8915],[100.513,13.89],[100.512,13.89],[100.512,13.893],[100.511,13.895],[100.51,13.894],[100.508,13.897],[100.5095,13.897],[100.5115,13.895],[100.513,13.895],[100.514,13.8935],[100.514,13.895],[100.512,13.8955],[100.5125,13.897],[100.5115,13.8965],[100.511,13.898],[100.5115,13.899],[100.5125,13.899],[100.5125,13.898],[100.514,13.899],[100.516,13.8985],[100.516,13.9005],[100.52,13.9015],[100.517,13.904],[100.518,13.9035],[100.5185,13.9045],[100.5185,13.9035],[100.52,13.904],[100.5195,13.9045],[100.5205,13.9035],[100.522,13.9035],[100.522,13.902],[100.523,13.901],[100.522,13.9005],[100.523,13.9],[100.523,13.899],[100.5245,13.8985],[100.5255,13.9],[100.5265,13.8975],[100.528,13.8975],[100.5265,13.8975],[100.528,13.896],[100.5285,13.897],[100.5305,13.8955],[100.5315,13.896],[100.531,13.9],[100.534,13.9],[100.5315,13.8995],[100.5335,13.899],[100.5335,13.8975],[100.5355,13.8975],[100.535,13.896],[100.5355,13.8955],[100.536,13.8975],[100.538,13.897],[100.5395,13.898]],[[100.544,13.8195],[100.545,13.82],[100.5445,13.818],[100.545,13.818],[100.555,13.8355],[100.556,13.8355],[100.5555,13.834],[100.557,13.8325],[100.557,13.8355],[100.5585,13.836],[100.559,13.838],[100.56,13.8385],[100.561,13.838],[100.5605,13.8395],[100.5615,13.8395],[100.562,13.8405],[100.5595,13.8425],[100.56,13.8435],[100.561,13.8435],[100.5635,13.846],[100.5635,13.8445],[100.563,13.845],[100.5625,13.8445],[100.5635,13.8425],[100.566,13.8435],[100.566,13.8445],[100.567,13.8435],[100.5675,13.844],[100.568,13.845],[100.567,13.846],[100.5625,13.8475],[100.564,13.851],[100.565,13.8505],[100.5665,13.8525],[100.5655,13.853],[100.5665,13.8535],[100.566,13.8545],[100.5675,13.8555],[100.5665,13.856],[100.5665,13.8575],[100.5705,13.865],[100.573,13.868],[100.5725,13.8685],[100.569,13.8675],[100.5685,13.8685],[100.5685,13.867],[100.567,13.8665],[100.568,13.8665],[100.5675,13.8635],[100.568,13.865],[100.567,13.865],[100.5665,13.8635],[100.566,13.864],[100.5635,13.8635],[100.5635,13.8655],[100.5625,13.8635],[100.562,13.864],[100.561,13.8635],[100.561,13.8595],[100.5655,13.86],[100.5625,13.855],[100.557,13.854],[100.5565,13.8525],[100.5575,13.852],[100.5565,13.852],[100.5555,13.8535],[100.5535,13.8525],[100.554,13.851],[100.5535,13.851],[100.555,13.8495],[100.554,13.849],[100.5555,13.8485],[100.5555,13.8495],[100.5565,13.8485],[100.557,13.8495],[100.556,13.85],[100.56,13.8475],[100.559,13.845],[100.558,13.8445],[100.5585,13.844],[100.556,13.8425],[100.555,13.8405],[100.5535,13.8435],[100.5525,13.843],[100.551,13.84],[100.55,13.842],[100.5495,13.8415],[100.55,13.8405],[100.549,13.8405],[100.5495,13.839],[100.5515,13.8385],[100.551,13.8375],[100.5515,13.8365],[100.553,13.837],[100.5515,13.835],[100.5525,13.8335],[100.5495,13.8325],[100.548,13.8335],[100.5495,13.831],[100.5485,13.8315],[100.548,13.831],[100.5465,13.8325],[100.5455,13.8295],[100.5465,13.8295],[100.547,13.828],[100.5485,13.829],[100.547,13.8265],[100.549,13.826],[100.545,13.824],[100.5455,13.8235],[100.5435,13.821],[100.544,13.8195]]],[[[100.538,13.8075],[100.5395,13.8065],[100.5375,13.807],[100.538,13.8075]]],[[[100.538,13.8055]]],[[[100.5385,13.7995],[100.539,13.8005],[100.539,13.801],[100.5395,13.801],[100.5385,13.7995]]],[[[100.5375,13.7975],[100.5405,13.8],[100.54,13.7985],[100.5375,13.7975]]],[[[100.506,13.8635],[100.506,13.863],[100.506,13.8635]]],[[[100.506,13.863],[100.5065,13.863],[100.506,13.8625],[100.506,13.863]]],[[[100.4605,13.8745],[100.46,13.8745],[100.4605,13.8745]]],[[[100.4255,13.874]]],[[[100.425,13.873],[100.4255,13.873],[100.426,13.8725],[100.4255,13.8725],[100.425,13.873]]],[[[100.412,13.8835]]],[[[100.4105,13.88],[100.412,13.8805],[100.412,13.8795],[100.4105,13.88]]],[[[100.4105,13.878],[100.4125,13.8775],[100.413,13.8755],[100.4115,13.876],[100.4105,13.878]]],[[[100.408,13.886],[100.408,13.8865],[100.408,13.886]]],[[[100.408,13.885]]],[[[100.408,13.8835]]],[[[100.4075,13.882],[100.4085,13.8815],[100.4085,13.881],[100.408,13.8815],[100.4075,13.882]]],[[[100.4075,13.8805],[100.4085,13.88],[100.407,13.881],[100.4075,13.8805]]],[[[100.408,13.877]]],[[[100.409,13.8765],[100.409,13.876],[100.4085,13.8765],[100.409,13.8765]]],[[[100.4075,13.876],[100.409,13.8745],[100.4085,13.875],[100.408,13.874],[100.4075,13.876]]],[[[100.4075,13.885],[100.407,13.885],[100.4075,13.8855],[100.408,13.885],[100.4075,13.885]]],[[[100.4035,13.8805],[100.4045,13.8805],[100.4035,13.8805]]],[[[100.4045,13.878],[100.4045,13.8785],[100.4045,13.878]]],[[[100.4055,13.878]]],[[[100.407,13.878],[100.4065,13.878],[100.407,13.878]]],[[[100.405,13.8825],[100.4045,13.884],[100.4055,13.8835],[100.405,13.8825]]],[[[100.4055,13.884]]],[[[100.4045,13.8815],[100.404,13.8815],[100.4045,13.8815]]],[[[100.402,13.885],[100.402,13.8845],[100.402,13.885]]],[[[100.4075,13.888],[100.407,13.8875],[100.4075,13.888]]],[[[100.4065,13.887],[100.406,13.8865],[100.4065,13.887]]],[[[100.4065,13.886],[100.4065,13.8855],[100.4065,13.886]]],[[[100.4065,13.888],[100.4065,13.8885],[100.407,13.888],[100.4065,13.888]]],[[[100.407,13.892]]],[[[100.4075,13.8925]]],[[[100.407,13.8965],[100.407,13.897],[100.407,13.8965]]],[[[100.409,13.873]]],[[[100.4115,13.8735],[100.411,13.8735],[100.4115,13.8735]]],[[[100.4105,13.884]]],[[[100.41,13.8825],[100.4095,13.8825],[100.41,13.8825]]],[[[100.4105,13.8845],[100.41,13.8855],[100.4115,13.8845],[100.4105,13.8845]]],[[[100.4115,13.887],[100.41,13.888],[100.412,13.887],[100.4115,13.887]]],[[[100.4095,13.8915],[100.4085,13.8975],[100.4105,13.896],[100.4105,13.8935],[100.4095,13.8915]]],[[[100.4195,13.874],[100.421,13.8745],[100.4225,13.8735],[100.423,13.8745],[100.423,13.872],[100.4225,13.8735],[100.4195,13.873],[100.4195,13.874]]],[[[100.4145,13.8755],[100.414,13.875],[100.4145,13.8755]]],[[[100.416,13.873],[100.4155,13.8725],[100.416,13.874],[100.4165,13.8735],[100.416,13.873]]],[[[100.417,13.876],[100.4165,13.876],[100.4175,13.8775],[100.417,13.876]]],[[[100.416,13.8755],[100.4155,13.8755],[100.416,13.8755]]],[[[100.418,13.8755],[100.418,13.875],[100.418,13.8755]]],[[[100.425,13.872]]],[[[100.4205,13.8715]]],[[[100.4215,13.8715],[100.421,13.8715],[100.422,13.8715],[100.4215,13.8715]]],[[[100.424,13.8715],[100.4235,13.872],[100.424,13.872],[100.424,13.8715]]],[[[100.424,13.8695],[100.424,13.87],[100.424,13.8695]]],[[[100.421,13.8755],[100.42,13.876],[100.4205,13.876],[100.421,13.876],[100.421,13.8755]]],[[[100.4215,13.876]]],[[[100.4235,13.8745],[100.424,13.874],[100.4235,13.874],[100.4235,13.8745]]],[[[100.424,13.873],[100.4235,13.873],[100.424,13.8735],[100.424,13.873]]],[[[100.422,13.8755],[100.4225,13.8755],[100.422,13.8755]]],[[[100.4145,13.881],[100.415,13.8805],[100.4145,13.881]]],[[[100.414,13.887],[100.413,13.8875],[100.414,13.8875],[100.414,13.887]]],[[[100.414,13.8885],[100.4125,13.889],[100.414,13.8885]]],[[[100.4325,13.8715],[100.432,13.872],[100.4325,13.8735],[100.433,13.872],[100.4325,13.8715]]],[[[100.4315,13.8715]]],[[[100.447,13.8795],[100.4485,13.879],[100.4495,13.8805],[100.449,13.8775],[100.4465,13.879],[100.447,13.8795]]],[[[100.4365,13.8785],[100.436,13.8785],[100.4365,13.8785]]],[[[100.438,13.879],[100.438,13.8795],[100.438,13.879]]],[[[100.432,13.8785],[100.4325,13.878],[100.432,13.8785]]],[[[100.431,13.8775],[100.433,13.8765],[100.4305,13.877],[100.431,13.8775]]],[[[100.431,13.8785],[100.4305,13.8785],[100.431,13.8785]]],[[[100.4285,13.8745]]],[[[100.4295,13.875],[100.43,13.8745],[100.4295,13.875]]],[[[100.426,13.8765]]],[[[100.431,13.876]]],[[[100.435,13.877],[100.435,13.8765],[100.435,13.877]]],[[[100.4385,13.875],[100.4375,13.8755],[100.438,13.8755],[100.4385,13.875]]],[[[100.436,13.877],[100.4355,13.877],[100.436,13.877]]],[[[100.437,13.877],[100.4365,13.8765],[100.4365,13.878],[100.4375,13.878],[100.437,13.877]]],[[[100.4335,13.878],[100.433,13.878],[100.4335,13.878]]],[[[100.4345,13.8805]]],[[[100.4455,13.873],[100.4445,13.8735],[100.446,13.874],[100.445,13.8735],[100.4455,13.873]]],[[[100.4465,13.8725],[100.447,13.8725],[100.4465,13.8725]]],[[[100.4455,13.872]]],[[[100.4465,13.8715],[100.4465,13.872],[100.4465,13.8715]]],[[[100.4435,13.8775],[100.446,13.878],[100.4455,13.877],[100.4435,13.8775]]],[[[100.4415,13.8775],[100.4415,13.877],[100.4415,13.8775]]],[[[100.442,13.8775],[100.4425,13.877],[100.442,13.877],[100.442,13.8775]]],[[[100.447,13.8775]]],[[[100.446,13.8795]]],[[[100.455,13.876],[100.453,13.877],[100.4555,13.877],[100.455,13.876]]],[[[100.4475,13.881],[100.448,13.881],[100.4475,13.881]]],[[[100.45,13.878],[100.4505,13.8775],[100.45,13.8775],[100.45,13.878]]],[[[100.452,13.8755],[100.4515,13.8755],[100.452,13.8755]]],[[[100.45,13.881]]],[[[100.4515,13.881]]],[[[100.452,13.8795],[100.452,13.88],[100.4525,13.8795],[100.452,13.8795]]],[[[100.4595,13.8725],[100.459,13.8725],[100.459,13.873],[100.4595,13.8725]]],[[[100.4565,13.873],[100.4565,13.8735],[100.4565,13.873]]],[[[100.458,13.875],[100.4575,13.875],[100.458,13.875]]],[[[100.4585,13.875],[100.459,13.875],[100.4585,13.875]]],[[[100.4705,13.8715],[100.4705,13.8725],[100.4705,13.8715]]],[[[100.471,13.8705],[100.471,13.871],[100.471,13.8705]]],[[[100.4705,13.869]]],[[[100.471,13.868],[100.471,13.8685],[100.471,13.868]]],[[[100.466,13.874],[100.467,13.8735],[100.4665,13.8725],[100.466,13.874]]],[[[100.4675,13.872],[100.468,13.8735],[100.469,13.873],[100.468,13.871],[100.4675,13.872]]],[[[100.467,13.8715]]],[[[100.4635,13.8735],[100.464,13.8735],[100.4635,13.8735]]],[[[100.4625,13.87],[100.463,13.87],[100.4625,13.87]]],[[[100.466,13.872],[100.4655,13.8725],[100.4665,13.872],[100.466,13.872]]],[[[100.4655,13.8755]]],[[[100.47,13.8735],[100.4695,13.8735],[100.47,13.8735]]],[[[100.4695,13.8715],[100.4695,13.871],[100.4695,13.872],[100.4695,13.8715]]],[[[100.4685,13.8695]]],[[[100.4735,13.8715]]],[[[100.473,13.871],[100.4735,13.8715],[100.4735,13.871],[100.473,13.871]]],[[[100.472,13.8705],[100.472,13.871],[100.472,13.8705]]],[[[100.495,13.864],[100.495,13.8645],[100.495,13.865],[100.495,13.864]]],[[[100.4825,13.8715],[100.4825,13.872],[100.4825,13.8715]]],[[[100.483,13.87],[100.4825,13.8705],[100.483,13.87]]],[[[100.4805,13.866],[100.481,13.866],[100.4805,13.866]]],[[[100.481,13.865],[100.4815,13.865],[100.481,13.865]]],[[[100.48,13.8645]]],[[[100.481,13.876]]],[[[100.4805,13.8745]]],[[[100.481,13.874]]],[[[100.481,13.8715],[100.4805,13.8715],[100.481,13.8715]]],[[[100.482,13.875],[100.4815,13.875],[100.482,13.8755],[100.482,13.875]]],[[[100.484,13.8765],[100.4845,13.8765],[100.484,13.8765]]],[[[100.4845,13.8725]]],[[[100.4845,13.8715]]],[[[100.4835,13.87],[100.484,13.87],[100.4835,13.87]]],[[[100.483,13.874],[100.4835,13.8745],[100.4835,13.874],[100.483,13.874]]],[[[100.4835,13.8655]]],[[[100.4835,13.873],[100.483,13.873],[100.4835,13.873]]],[[[100.483,13.872],[100.483,13.8725],[100.483,13.872]]],[[[100.4835,13.876],[100.4835,13.8755],[100.4835,13.876]]],[[[100.484,13.876]]],[[[100.4835,13.875]]],[[[100.4925,13.8675]]],[[[100.492,13.8665],[100.4925,13.866],[100.492,13.865],[100.491,13.8655],[100.492,13.8665]]],[[[100.4925,13.864],[100.4925,13.8645],[100.4925,13.864]]],[[[100.4895,13.862]]],[[[100.4895,13.865],[100.4895,13.8645],[100.489,13.8645],[100.489,13.865],[100.4895,13.865]]],[[[100.49,13.8675],[100.489,13.8675],[100.49,13.8675]]],[[[100.4915,13.863],[100.4915,13.8635],[100.4915,13.863]]],[[[100.4925,13.8565],[100.4925,13.8575],[100.493,13.8565],[100.4925,13.8565]]],[[[100.494,13.863],[100.494,13.8625],[100.494,13.863]]],[[[100.4935,13.858]]],[[[100.4935,13.86],[100.493,13.86],[100.4935,13.86]]],[[[100.4995,13.864],[100.499,13.865],[100.5,13.865],[100.4995,13.864]]],[[[100.498,13.8635],[100.4985,13.862],[100.4975,13.8625],[100.498,13.8635]]],[[[100.4985,13.861]]],[[[100.496,13.866],[100.4965,13.867],[100.4985,13.8665],[100.498,13.865],[100.496,13.866]]],[[[100.496,13.863],[100.4955,13.8635],[100.496,13.8645],[100.496,13.863]]],[[[100.4955,13.8665],[100.4955,13.867],[100.4955,13.8665]]],[[[100.5,13.8615]]],[[[100.4995,13.86],[100.499,13.86],[100.4995,13.86]]],[[[100.5005,13.8595]]],[[[100.5025,13.866]]],[[[100.503,13.8655],[100.503,13.8645],[100.5025,13.8645],[100.502,13.8635],[100.5025,13.865],[100.503,13.8655]]],[[[100.503,13.8605],[100.503,13.861],[100.503,13.8605]]],[[[100.503,13.86],[100.503,13.8605],[100.503,13.86]]],[[[100.5015,13.8615]]],[[[100.505,13.8635],[100.505,13.863],[100.505,13.8635]]],[[[100.5035,13.8605],[100.5035,13.861],[100.5035,13.8605]]],[[[100.5055,13.905],[100.5065,13.906],[100.506,13.9045],[100.5055,13.905]]],[[[100.506,13.902],[100.5065,13.902],[100.507,13.9015],[100.5065,13.9015],[100.506,13.902]]],[[[100.506,13.9],[100.506,13.8995],[100.506,13.9]]],[[[100.5065,13.8985],[100.506,13.8985],[100.5065,13.8985]]],[[[100.5065,13.897],[100.5065,13.8975],[100.507,13.8975],[100.507,13.897],[100.5065,13.897]]],[[[100.5065,13.896]]],[[[100.501,13.9]]],[[[100.501,13.897]]],[[[100.4995,13.899]]],[[[100.5035,13.9015]]],[[[100.503,13.9005],[100.5035,13.9005],[100.503,13.899],[100.503,13.9005]]],[[[100.503,13.898],[100.503,13.8985],[100.5045,13.8985],[100.5045,13.898],[100.503,13.898]]],[[[100.503,13.8975]]],[[[100.502,13.9]]],[[[100.5015,13.899],[100.502,13.8995],[100.5025,13.8995],[100.5015,13.899]]],[[[100.502,13.909]]],[[[100.5025,13.9075]]],[[[100.505,13.8975],[100.505,13.8965],[100.5045,13.8965],[100.5045,13.8975],[100.505,13.8975]]],[[[100.5035,13.8975]]],[[[100.504,13.904],[100.504,13.9045],[100.504,13.904]]],[[[100.5035,13.905]]],[[[100.505,13.911],[100.5055,13.9105],[100.5045,13.911],[100.505,13.911]]],[[[100.505,13.9025]]],[[[100.505,13.906]]],[[[100.5085,13.91]]],[[[100.5245,13.903],[100.525,13.905],[100.5265,13.9045],[100.5245,13.903]]],[[[100.524,13.9015]]],[[[100.5245,13.8575],[100.5245,13.858],[100.5245,13.8575]]],[[[100.523,13.835],[100.5235,13.835],[100.5235,13.8345],[100.523,13.835]]],[[[100.5235,13.8345],[100.524,13.8345],[100.5235,13.8345]]],[[[100.5235,13.8335]]],[[[100.524,13.831],[100.524,13.8315],[100.5245,13.831],[100.524,13.831]]],[[[100.5155,13.909],[100.517,13.9095],[100.5165,13.9085],[100.5155,13.9085],[100.516,13.908],[100.5155,13.907],[100.514,13.907],[100.5135,13.9105],[100.5155,13.909]]],[[[100.516,13.905],[100.516,13.9055],[100.516,13.905]]],[[[100.516,13.873]]],[[[100.5155,13.8635],[100.5175,13.8645],[100.518,13.863],[100.5155,13.8635]]],[[[100.5155,13.861],[100.516,13.861],[100.5155,13.861]]],[[[100.5155,13.859],[100.5165,13.859],[100.5165,13.858],[100.5145,13.8585],[100.5155,13.859]]],[[[100.5135,13.858],[100.5165,13.8575],[100.5135,13.8565],[100.5135,13.858]]],[[[100.5155,13.8565],[100.516,13.8565],[100.5155,13.8565]]],[[[100.515,13.8535],[100.515,13.853],[100.515,13.8535]]],[[[100.515,13.8525],[100.5165,13.8515],[100.5135,13.85],[100.5125,13.851],[100.512,13.85],[100.5115,13.851],[100.513,13.853],[100.515,13.8525]]],[[[100.516,13.849]]],[[[100.515,13.848],[100.5155,13.8485],[100.5155,13.848],[100.515,13.848]]],[[[100.5155,13.8465],[100.5155,13.846],[100.5155,13.8465]]],[[[100.5155,13.8425],[100.515,13.843],[100.5155,13.8435],[100.5155,13.8425]]],[[[100.5145,13.8415],[100.515,13.842],[100.5145,13.8415]]],[[[100.516,13.8375]]],[[[100.5155,13.836],[100.516,13.8365],[100.516,13.836],[100.5155,13.836]]],[[[100.5115,13.863]]],[[[100.511,13.8585]]],[[[100.511,13.848],[100.511,13.8475],[100.511,13.848]]],[[[100.5105,13.847],[100.511,13.847],[100.5105,13.8465],[100.511,13.846],[100.5105,13.846],[100.5105,13.847]]],[[[100.511,13.8445],[100.51,13.845],[100.511,13.845],[100.511,13.8445]]],[[[100.511,13.8415],[100.5105,13.8415],[100.511,13.842],[100.511,13.8415]]],[[[100.509,13.843],[100.509,13.8425],[100.509,13.843]]],[[[100.509,13.8415],[100.509,13.841],[100.509,13.8415]]],[[[100.508,13.8445]]],[[[100.508,13.845]]],[[[100.5075,13.848],[100.5075,13.849],[100.508,13.849],[100.508,13.848],[100.5075,13.848]]],[[[100.509,13.862],[100.509,13.8625],[100.509,13.8615],[100.5075,13.8615],[100.5075,13.863],[100.5085,13.8615],[100.509,13.862]]],[[[100.5095,13.843],[100.51,13.8425],[100.5095,13.8425],[100.5095,13.843]]],[[[100.5095,13.842]]],[[[100.51,13.8395],[100.5105,13.838],[100.5095,13.839],[100.51,13.8395]]],[[[100.5095,13.849],[100.5095,13.8495],[100.51,13.8495],[100.5095,13.849]]],[[[100.5105,13.8395],[100.5105,13.84],[100.511,13.8395],[100.5105,13.8395]]],[[[100.5115,13.8355],[100.5115,13.836],[100.5115,13.8355]]],[[[100.511,13.9075],[100.511,13.9085],[100.511,13.9075]]],[[[100.511,13.9035],[100.512,13.904],[100.5115,13.901],[100.5095,13.9015],[100.51,13.904],[100.511,13.9035]]],[[[100.5115,13.883],[100.5115,13.8835],[100.5115,13.883]]],[[[100.5085,13.906],[100.509,13.906],[100.5085,13.906]]],[[[100.5085,13.904],[100.5095,13.9055],[100.51,13.905],[100.5085,13.904]]],[[[100.508,13.9035],[100.509,13.903],[100.5075,13.9035],[100.508,13.905],[100.508,13.9035]]],[[[100.509,13.9015]]],[[[100.509,13.901],[100.508,13.9005],[100.508,13.901],[100.509,13.901]]],[[[100.508,13.899],[100.509,13.899],[100.508,13.899]]],[[[100.509,13.8905]]],[[[100.509,13.89]]],[[[100.5075,13.888],[100.5075,13.8885],[100.5075,13.888]]],[[[100.507,13.906],[100.5075,13.9065],[100.5075,13.906],[100.507,13.906]]],[[[100.507,13.8995]]],[[[100.507,13.9005]]],[[[100.51,13.8895],[100.5095,13.889],[100.51,13.8895]]],[[[100.5095,13.8865],[100.51,13.8875],[100.511,13.8875],[100.5095,13.8865]]],[[[100.5095,13.8825],[100.51,13.8835],[100.5095,13.8825]]],[[[100.511,13.884],[100.5105,13.8835],[100.5105,13.884],[100.511,13.884]]],[[[100.5105,13.885],[100.5105,13.8855],[100.511,13.885],[100.5105,13.885]]],[[[100.51,13.901]]],[[[100.5105,13.9]]],[[[100.5105,13.906],[100.51,13.906],[100.5105,13.906]]],[[[100.5095,13.908],[100.51,13.9075],[100.5095,13.9075],[100.5095,13.908]]],[[[100.5145,13.861]]],[[[100.5145,13.854],[100.5145,13.8535],[100.5145,13.854]]],[[[100.5145,13.8495],[100.5145,13.85],[100.515,13.8495],[100.5145,13.8495]]],[[[100.5145,13.8475],[100.5145,13.847],[100.5145,13.8475]]],[[[100.514,13.8445]]],[[[100.5145,13.8425]]],[[[100.5135,13.8375],[100.514,13.8375],[100.5135,13.8375]]],[[[100.5135,13.8585],[100.513,13.8585],[100.5135,13.8585]]],[[[100.5135,13.8535],[100.5135,13.854],[100.5135,13.8535]]],[[[100.513,13.845]]],[[[100.513,13.839],[100.513,13.8385],[100.513,13.839]]],[[[100.512,13.8435],[100.512,13.8425],[100.5115,13.843],[100.512,13.8435]]],[[[100.5115,13.858],[100.5115,13.8575],[100.5115,13.858]]],[[[100.513,13.8375],[100.5125,13.8375],[100.513,13.8375]]],[[[100.5125,13.857]]],[[[100.5135,13.864]]],[[[100.513,13.8635]]],[[[100.5135,13.863],[100.513,13.8625],[100.513,13.8635],[100.5135,13.863]]],[[[100.513,13.862],[100.513,13.8615],[100.513,13.861],[100.513,13.862]]],[[[100.5145,13.8885],[100.515,13.8885],[100.5145,13.8875],[100.5145,13.8885]]],[[[100.514,13.8825],[100.5145,13.8825],[100.514,13.8825]]],[[[100.5145,13.8815],[100.514,13.881],[100.514,13.8815],[100.5145,13.8815]]],[[[100.514,13.879]]],[[[100.514,13.8785]]],[[[100.514,13.8775],[100.5145,13.8775],[100.514,13.8775]]],[[[100.5125,13.8755]]],[[[100.512,13.8795]]],[[[100.5135,13.889]]],[[[100.5135,13.8875]]],[[[100.513,13.8785],[100.5135,13.879],[100.513,13.8785]]],[[[100.5135,13.877]]],[[[100.5135,13.8725],[100.514,13.8725],[100.5135,13.8725]]],[[[100.5145,13.8365]]],[[[100.515,13.845],[100.5145,13.845],[100.515,13.845]]],[[[100.515,13.8445]]],[[[100.5145,13.8655],[100.515,13.8655],[100.515,13.865],[100.5145,13.8655]]],[[[100.5155,13.8745],[100.515,13.872],[100.5155,13.8745]]],[[[100.515,13.869]]],[[[100.515,13.88],[100.515,13.8795],[100.5145,13.8795],[100.515,13.88]]],[[[100.5135,13.905],[100.515,13.9045],[100.5155,13.9035],[100.514,13.904],[100.5135,13.905]]],[[[100.514,13.9015]]],[[[100.513,13.901],[100.5135,13.901],[100.513,13.901]]],[[[100.513,13.8995],[100.513,13.9005],[100.514,13.9005],[100.514,13.8995],[100.513,13.8995]]],[[[100.5125,13.908],[100.5125,13.907],[100.5125,13.908]]],[[[100.513,13.9055]]],[[[100.5125,13.901],[100.512,13.901],[100.5125,13.901]]],[[[100.5115,13.9055],[100.512,13.9055],[100.5115,13.9055]]],[[[100.512,13.909],[100.512,13.9095],[100.512,13.909]]],[[[100.512,13.9075],[100.512,13.9085],[100.512,13.9075]]],[[[100.515,13.9015],[100.515,13.902],[100.5155,13.9015],[100.515,13.9015]]],[[[100.515,13.9055],[100.5145,13.906],[100.515,13.906],[100.515,13.9055]]],[[[100.5155,13.9005]]],[[[100.5185,13.8715],[100.52,13.8725],[100.5195,13.87],[100.5195,13.8715],[100.5185,13.8715]]],[[[100.5185,13.8695],[100.519,13.8695],[100.5185,13.869],[100.5185,13.8695]]],[[[100.519,13.866],[100.5185,13.866],[100.519,13.866]]],[[[100.5205,13.8645]]],[[[100.52,13.8575],[100.519,13.8565],[100.518,13.8575],[100.5185,13.8585],[100.52,13.8575]]],[[[100.5205,13.8555],[100.521,13.8555],[100.521,13.855],[100.5205,13.855],[100.5205,13.8555]]],[[[100.516,13.8605],[100.5165,13.861],[100.517,13.8605],[100.516,13.8605]]],[[[100.5175,13.859],[100.517,13.859],[100.5175,13.859]]],[[[100.5165,13.8565],[100.517,13.857],[100.517,13.8565],[100.5165,13.8565]]],[[[100.5165,13.855],[100.5165,13.8545],[100.5165,13.855]]],[[[100.5165,13.847],[100.5175,13.8485],[100.5165,13.847]]],[[[100.517,13.844],[100.517,13.8445],[100.5175,13.8445],[100.517,13.844]]],[[[100.516,13.8435],[100.5185,13.843],[100.517,13.8425],[100.516,13.8435]]],[[[100.517,13.84],[100.5165,13.84],[100.517,13.84]]],[[[100.5165,13.836]]],[[[100.5165,13.8445],[100.516,13.8445],[100.5165,13.8445]]],[[[100.5165,13.842]]],[[[100.5165,13.841]]],[[[100.5165,13.856]]],[[[100.516,13.8535],[100.516,13.853],[100.516,13.8535]]],[[[100.5165,13.8765],[100.517,13.877],[100.517,13.876],[100.5165,13.8765]]],[[[100.5185,13.8745],[100.5175,13.8745],[100.5175,13.875],[100.5185,13.8745]]],[[[100.5165,13.8705],[100.5165,13.8715],[100.517,13.8705],[100.5165,13.8705]]],[[[100.516,13.8675],[100.5175,13.867],[100.516,13.8665],[100.516,13.8675]]],[[[100.5165,13.875],[100.5165,13.8745],[100.5165,13.875]]],[[[100.5185,13.861],[100.519,13.8625],[100.5185,13.861]]],[[[100.5195,13.8605],[100.5195,13.86],[100.5195,13.8605]]],[[[100.519,13.848],[100.519,13.8475],[100.519,13.848]]],[[[100.5185,13.847]]],[[[100.519,13.8435],[100.5185,13.8435],[100.519,13.844],[100.519,13.8435]]],[[[100.5185,13.841]]],[[[100.519,13.837],[100.5185,13.837],[100.519,13.837]]],[[[100.5185,13.836],[100.5185,13.835],[100.518,13.8355],[100.5185,13.836]]],[[[100.5175,13.8405],[100.518,13.84],[100.5175,13.84],[100.5175,13.8405]]],[[[100.518,13.8385],[100.5185,13.839],[100.5185,13.8385],[100.518,13.8385]]],[[[100.5175,13.841]]],[[[100.5175,13.8475]]],[[[100.518,13.8465],[100.518,13.847],[100.518,13.8465]]],[[[100.518,13.8445]]],[[[100.518,13.8565],[100.5175,13.8565],[100.518,13.8565]]],[[[100.5185,13.8555],[100.518,13.856],[100.5185,13.8555]]],[[[100.5175,13.855],[100.5175,13.8555],[100.5175,13.855]]],[[[100.5175,13.855]]],[[[100.5175,13.851]]],[[[100.5175,13.8535],[100.5175,13.854],[100.518,13.854],[100.5175,13.8535]]],[[[100.518,13.842],[100.5185,13.842],[100.518,13.842]]],[[[100.518,13.86],[100.5185,13.8605],[100.5185,13.86],[100.518,13.86]]],[[[100.518,13.871]]],[[[100.5185,13.877],[100.518,13.877],[100.518,13.8775],[100.5185,13.877]]],[[[100.522,13.876],[100.522,13.8765],[100.5225,13.876],[100.522,13.876]]],[[[100.5225,13.87]]],[[[100.521,13.868],[100.5215,13.869],[100.5225,13.869],[100.5215,13.868],[100.52,13.8685],[100.521,13.868]]],[[[100.5215,13.8665],[100.5225,13.866],[100.5215,13.8665]]],[[[100.5215,13.8625],[100.522,13.863],[100.522,13.8625],[100.5215,13.8625]]],[[[100.5215,13.862],[100.522,13.862],[100.522,13.8615],[100.5215,13.862]]],[[[100.5225,13.8605],[100.5225,13.861],[100.5225,13.8605]]],[[[100.522,13.858],[100.522,13.8585],[100.5225,13.8585],[100.5225,13.858],[100.522,13.858]]],[[[100.5215,13.858]]],[[[100.5205,13.872],[100.5215,13.872],[100.5215,13.8705],[100.5205,13.871],[100.5205,13.872]]],[[[100.5205,13.869],[100.5205,13.8695],[100.521,13.8695],[100.5205,13.869]]],[[[100.5205,13.8565],[100.521,13.8565],[100.521,13.856],[100.5205,13.8565]]],[[[100.52,13.8695]]],[[[100.5215,13.876]]],[[[100.5235,13.86]]],[[[100.523,13.858],[100.523,13.8585],[100.523,13.858]]],[[[100.5225,13.857],[100.5235,13.857],[100.5225,13.857]]],[[[100.5235,13.8565],[100.523,13.8565],[100.5235,13.8565]]],[[[100.5225,13.8565]]],[[[100.5235,13.862]]],[[[100.522,13.835],[100.5215,13.835],[100.522,13.835]]],[[[100.5215,13.8335],[100.521,13.832],[100.5215,13.8315],[100.5205,13.832],[100.5215,13.8335]]],[[[100.5225,13.8345],[100.523,13.8345],[100.5225,13.8345]]],[[[100.5225,13.8305],[100.523,13.8305],[100.523,13.83],[100.5225,13.8305]]],[[[100.5195,13.913],[100.519,13.913],[100.5195,13.913]]],[[[100.5195,13.912]]],[[[100.5195,13.9105]]],[[[100.518,13.9095],[100.52,13.9095],[100.5195,13.9085],[100.5185,13.909],[100.5175,13.9085],[100.518,13.9095]]],[[[100.5185,13.9075],[100.5195,13.907],[100.519,13.907],[100.5185,13.907],[100.5185,13.9075]]],[[[100.52,13.9055]]],[[[100.5195,13.905]]],[[[100.5175,13.9075]]],[[[100.5175,13.907],[100.5175,13.9075],[100.5175,13.907]]],[[[100.517,13.9095]]],[[[100.519,13.9055]]],[[[100.5185,13.9115],[100.5185,13.911],[100.5185,13.9115]]],[[[100.522,13.9065],[100.522,13.9075],[100.5225,13.9075],[100.5225,13.9065],[100.522,13.9065]]],[[[100.5205,13.912],[100.521,13.9115],[100.5205,13.9115],[100.5205,13.912]]],[[[100.5205,13.91],[100.521,13.91],[100.5205,13.91]]],[[[100.5205,13.9095]]],[[[100.5235,13.8085]]],[[[100.5235,13.8055],[100.524,13.806],[100.524,13.8055],[100.5235,13.8055]]],[[[100.524,13.8045],[100.526,13.805],[100.526,13.804],[100.524,13.8045]]],[[[100.524,13.803],[100.5235,13.803],[100.524,13.803]]],[[[100.5195,13.8085],[100.5205,13.809],[100.5205,13.8085],[100.52,13.8085],[100.5195,13.8085]]],[[[100.522,13.8055]]],[[[100.521,13.8015]]],[[[100.523,13.8045]]],[[[100.524,13.824],[100.524,13.8235],[100.5245,13.824],[100.524,13.824]]],[[[100.5315,13.828],[100.53,13.8275],[100.5315,13.828]]],[[[100.5305,13.8155],[100.531,13.816],[100.5305,13.8155]]],[[[100.5315,13.805],[100.531,13.8055],[100.5315,13.805]]],[[[100.531,13.8005],[100.53,13.8005],[100.531,13.8005]]],[[[100.5275,13.8135],[100.529,13.814],[100.5295,13.813],[100.5275,13.8135]]],[[[100.527,13.811],[100.5275,13.811],[100.527,13.811]]],[[[100.527,13.806],[100.5275,13.806],[100.527,13.806]]],[[[100.525,13.8015],[100.5255,13.8015],[100.525,13.8015]]],[[[100.5245,13.8025],[100.5245,13.802],[100.524,13.8025],[100.5245,13.8025]]],[[[100.5265,13.802]]],[[[100.5265,13.8195],[100.5275,13.8195],[100.5265,13.8195]]],[[[100.527,13.8215],[100.5265,13.8215],[100.527,13.8215]]],[[[100.5255,13.821],[100.526,13.821],[100.5255,13.821]]],[[[100.5275,13.831],[100.528,13.8305],[100.5275,13.831]]],[[[100.5255,13.825]]],[[[100.525,13.8245]]],[[[100.525,13.833],[100.525,13.8325],[100.525,13.833]]],[[[100.5265,13.8305]]],[[[100.5265,13.835],[100.526,13.835],[100.5265,13.835]]],[[[100.529,13.805]]],[[[100.528,13.8115]]],[[[100.529,13.831],[100.529,13.8305],[100.528,13.8305],[100.529,13.831]]],[[[100.5285,13.823]]],[[[100.5295,13.822],[100.529,13.822],[100.5295,13.822]]],[[[100.529,13.817],[100.529,13.8165],[100.529,13.817]]],[[[100.5285,13.8265]]],[[[100.5295,13.815],[100.53,13.816],[100.53,13.8155],[100.5295,13.815]]],[[[100.5295,13.8105]]],[[[100.53,13.8035],[100.5305,13.804],[100.53,13.8035]]],[[[100.53,13.803]]],[[[100.53,13.809]]],[[[100.5335,13.828],[100.534,13.8285],[100.5345,13.828],[100.5335,13.828]]],[[[100.534,13.8245],[100.5345,13.825],[100.5345,13.824],[100.534,13.8245]]],[[[100.534,13.822],[100.5345,13.822],[100.535,13.822],[100.534,13.822]]],[[[100.5335,13.8045],[100.534,13.8045],[100.5335,13.8045]]],[[[100.533,13.812],[100.5325,13.812],[100.533,13.812]]],[[[100.5325,13.8115],[100.533,13.8115],[100.5325,13.8115]]],[[[100.532,13.8065],[100.5325,13.8065],[100.532,13.8065]]],[[[100.532,13.8055],[100.5325,13.805],[100.532,13.805],[100.532,13.8055]]],[[[100.5325,13.7995],[100.532,13.7995],[100.5325,13.7995]]],[[[100.531,13.82],[100.5315,13.8205],[100.5315,13.8195],[100.531,13.82]]],[[[100.5315,13.818],[100.532,13.818],[100.5315,13.818]]],[[[100.5305,13.809]]],[[[100.532,13.83]]],[[[100.532,13.819]]],[[[100.533,13.8085]]],[[[100.5335,13.83],[100.5335,13.8305],[100.5335,13.83]]],[[[100.5335,13.827]]],[[[100.5335,13.826]]],[[[100.5335,13.826]]],[[[100.533,13.823],[100.5335,13.823],[100.533,13.823]]],[[[100.533,13.8215],[100.5335,13.8215],[100.533,13.821],[100.533,13.8215]]],[[[100.533,13.826]]],[[[100.5335,13.799]]],[[[100.535,13.806],[100.5355,13.8055],[100.5345,13.806],[100.535,13.806]]],[[[100.535,13.804],[100.5345,13.8045],[100.5355,13.8045],[100.535,13.804]]],[[[100.535,13.801],[100.5355,13.8015],[100.535,13.801]]],[[[100.5355,13.8005],[100.5355,13.8],[100.535,13.8],[100.5355,13.8005]]],[[[100.538,13.802],[100.537,13.8025],[100.538,13.8025],[100.538,13.802]]],[[[100.5375,13.8]]],[[[100.5375,13.7995],[100.5375,13.799],[100.5375,13.7995]]],[[[100.5365,13.807]]],[[[100.537,13.8005]]],[[[100.5355,13.8245],[100.5355,13.824],[100.5355,13.8245]]],[[[100.536,13.8225]]],[[[100.535,13.821],[100.5355,13.821],[100.535,13.821]]],[[[100.5345,13.8265],[100.535,13.8265],[100.5345,13.8265]]],[[[100.5365,13.8225],[100.536,13.8225],[100.5365,13.8225]]],[[[100.5275,13.859]]],[[[100.5255,13.859],[100.5255,13.8595],[100.5255,13.859]]],[[[100.526,13.86],[100.526,13.8605],[100.526,13.86]]],[[[100.532,13.9075],[100.531,13.908],[100.532,13.9075]]],[[[100.531,13.907],[100.531,13.906],[100.531,13.907]]],[[[100.531,13.903]]],[[[100.5305,13.9015],[100.5305,13.902],[100.5315,13.902],[100.5315,13.9015],[100.5305,13.9015]]],[[[100.5285,13.911],[100.5285,13.91],[100.5285,13.911]]],[[[100.528,13.9095]]],[[[100.5265,13.908],[100.5295,13.907],[100.5285,13.905],[100.528,13.907],[100.526,13.9075],[100.5255,13.909],[100.5275,13.909],[100.5265,13.908]]],[[[100.5275,13.9035],[100.5275,13.904],[100.5285,13.904],[100.5285,13.9035],[100.5275,13.9035]]],[[[100.528,13.9015],[100.528,13.9],[100.528,13.8995],[100.5275,13.8995],[100.528,13.9015]]],[[[100.5285,13.899],[100.5275,13.899],[100.529,13.899],[100.5285,13.899]]],[[[100.5255,13.902]]],[[[100.527,13.9055],[100.526,13.906],[100.527,13.907],[100.527,13.9055]]],[[[100.5295,13.9025]]],[[[100.5295,13.901],[100.5295,13.9015],[100.5295,13.901]]],[[[100.5295,13.8985],[100.5305,13.8985],[100.5305,13.897],[100.5295,13.8985]]],[[[100.53,13.9085],[100.5305,13.909],[100.531,13.909],[100.5305,13.9085],[100.53,13.9085]]],[[[100.53,13.908]]],[[[100.53,13.907],[100.53,13.9065],[100.53,13.907]]],[[[100.53,13.905]]],[[[100.5345,13.903],[100.535,13.904],[100.535,13.9025],[100.5345,13.903]]],[[[100.534,13.9015],[100.5345,13.902],[100.535,13.9015],[100.534,13.9015]]],[[[100.5325,13.906],[100.5335,13.9065],[100.5335,13.906],[100.5325,13.906]]],[[[100.533,13.9015],[100.5325,13.9015],[100.533,13.9015]]],[[[100.532,13.9065],[100.5315,13.9065],[100.5315,13.907],[100.532,13.9065]]],[[[100.5315,13.9045],[100.5315,13.905],[100.5315,13.9045]]],[[[100.532,13.911]]],[[[100.5325,13.91]]],[[[100.534,13.907],[100.5345,13.907],[100.534,13.907]]],[[[100.5335,13.908]]],[[[100.536,13.9025],[100.536,13.902],[100.536,13.9025]]],[[[100.536,13.911],[100.5365,13.912],[100.5365,13.911],[100.536,13.911]]],[[[100.5375,13.902]]],[[[100.537,13.901],[100.538,13.9],[100.537,13.9],[100.537,13.901]]],[[[100.538,13.9115],[100.5375,13.9115],[100.538,13.9115]]],[[[100.538,13.9035],[100.5375,13.9035],[100.538,13.9035]]],[[[100.5385,13.903]]],[[[100.5385,13.777],[100.5385,13.7775],[100.539,13.778],[100.5385,13.777]]],[[[100.5385,13.776],[100.539,13.7765],[100.5385,13.776]]],[[[100.5695,13.8925],[100.57,13.8925],[100.5695,13.8925]]],[[[100.5705,13.8905]]],[[[100.5705,13.888],[100.571,13.888],[100.571,13.8875],[100.5705,13.888]]],[[[100.5705,13.8855]]],[[[100.5515,13.8995],[100.5545,13.899],[100.5535,13.8965],[100.5515,13.8995]]],[[[100.5535,13.895]]],[[[100.546,13.9175],[100.546,13.918],[100.546,13.9185],[100.546,13.9175]]],[[[100.548,13.9155],[100.5465,13.9155],[100.547,13.9165],[100.548,13.9155]]],[[[100.546,13.914],[100.5465,13.915],[100.548,13.9145],[100.5465,13.911],[100.545,13.9115],[100.546,13.914]]],[[[100.546,13.9],[100.546,13.9005],[100.5465,13.9005],[100.5465,13.9],[100.546,13.9]]],[[[100.545,13.8995],[100.5455,13.899],[100.545,13.899],[100.545,13.8995]]],[[[100.546,13.896]]],[[[100.542,13.9125]]],[[[100.543,13.91],[100.5425,13.911],[100.544,13.9105],[100.5435,13.904],[100.5405,13.9035],[100.5405,13.9045],[100.5425,13.905],[100.543,13.9065],[100.541,13.907],[100.5425,13.9075],[100.542,13.9085],[100.543,13.91]]],[[[100.543,13.903],[100.542,13.903],[100.543,13.903]]],[[[100.5415,13.9005],[100.543,13.901],[100.5435,13.902],[100.544,13.8995],[100.543,13.9005],[100.5415,13.9005]]],[[[100.5405,13.913],[100.541,13.913],[100.5405,13.913]]],[[[100.5405,13.908],[100.5405,13.909],[100.5415,13.909],[100.5415,13.908],[100.54,13.9075],[100.5405,13.908]]],[[[100.54,13.901],[100.541,13.901],[100.54,13.901]]],[[[100.541,13.899],[100.5415,13.899],[100.5415,13.8985],[100.541,13.899]]],[[[100.54,13.912],[100.54,13.9125],[100.5405,13.912],[100.54,13.912]]],[[[100.5395,13.9085]]],[[[100.541,13.9025]]],[[[100.5415,13.9025]]],[[[100.5415,13.9185]]],[[[100.542,13.8945],[100.5425,13.8955],[100.543,13.8955],[100.5425,13.8945],[100.542,13.8945]]],[[[100.5445,13.918],[100.5445,13.9205],[100.5455,13.9205],[100.5445,13.918]]],[[[100.5435,13.913],[100.5445,13.913],[100.544,13.912],[100.543,13.9125],[100.5435,13.913]]],[[[100.545,13.904]]],[[[100.5445,13.902],[100.5455,13.9025],[100.5455,13.901],[100.5445,13.902]]],[[[100.5425,13.8975],[100.5425,13.898],[100.5425,13.8975]]],[[[100.543,13.8985],[100.5435,13.8985],[100.543,13.8985]]],[[[100.5435,13.8975],[100.5435,13.898],[100.544,13.8975],[100.5435,13.8975]]],[[[100.543,13.894],[100.5435,13.8945],[100.5435,13.894],[100.543,13.894]]],[[[100.545,13.926],[100.546,13.9245],[100.545,13.926]]],[[[100.5455,13.9005],[100.5455,13.9],[100.5455,13.9005]]],[[[100.5455,13.8975],[100.545,13.8965],[100.545,13.8975],[100.5455,13.8975]]],[[[100.5455,13.8955]]],[[[100.545,13.894],[100.5455,13.894],[100.545,13.894]]],[[[100.5455,13.904],[100.545,13.904],[100.5455,13.904]]],[[[100.549,13.898],[100.549,13.8975],[100.549,13.898]]],[[[100.5495,13.8965],[100.5505,13.896],[100.55,13.8955],[100.5495,13.8965]]],[[[100.549,13.8955],[100.549,13.896],[100.549,13.8955]]],[[[100.548,13.901],[100.5475,13.9005],[100.5475,13.901],[100.548,13.901]]],[[[100.5465,13.8995],[100.5475,13.8985],[100.5465,13.8985],[100.5465,13.8995]]],[[[100.548,13.896],[100.547,13.8965],[100.548,13.8965],[100.548,13.896]]],[[[100.547,13.9]]],[[[100.552,13.894],[100.552,13.8945],[100.552,13.894]]],[[[100.5505,13.898],[100.55,13.898],[100.5505,13.898]]],[[[100.5485,13.919],[100.5475,13.9195],[100.5495,13.921],[100.5485,13.919]]],[[[100.5495,13.92],[100.5495,13.9195],[100.5495,13.92]]],[[[100.5485,13.917],[100.549,13.917],[100.5485,13.917]]],[[[100.5475,13.9115],[100.5495,13.916],[100.5505,13.916],[100.5485,13.911],[100.5475,13.9115]]],[[[100.547,13.9185],[100.5475,13.9185],[100.5475,13.917],[100.547,13.9175],[100.547,13.9185]]],[[[100.5485,13.918]]],[[[100.552,13.9105]]],[[[100.55,13.912]]],[[[100.55,13.9095],[100.5495,13.9095],[100.55,13.9095]]],[[[100.55,13.919],[100.55,13.9185],[100.55,13.919]]],[[[100.55,13.918],[100.5495,13.9175],[100.5495,13.918],[100.55,13.918]]],[[[100.553,13.91],[100.553,13.9095],[100.5525,13.9095],[100.553,13.91]]],[[[100.5525,13.909],[100.5525,13.9085],[100.5525,13.909]]],[[[100.562,13.896],[100.5615,13.896],[100.562,13.896]]],[[[100.5615,13.8945]]],[[[100.5615,13.894]]],[[[100.561,13.892],[100.561,13.8925],[100.561,13.892]]],[[[100.561,13.8905]]],[[[100.5615,13.889],[100.5615,13.89],[100.5615,13.889]]],[[[100.557,13.893],[100.557,13.8935],[100.5575,13.8935],[100.558,13.893],[100.557,13.893]]],[[[100.556,13.897],[100.5555,13.8955],[100.5555,13.8975],[100.556,13.897]]],[[[100.5545,13.8935],[100.555,13.8945],[100.5555,13.894],[100.5545,13.8935]]],[[[100.5545,13.8915],[100.555,13.8915],[100.5545,13.8915]]],[[[100.5565,13.8955],[100.556,13.8965],[100.5565,13.8965],[100.5565,13.8955]]],[[[100.557,13.891],[100.5565,13.891],[100.5565,13.8915],[100.557,13.891]]],[[[100.5565,13.894],[100.556,13.894],[100.5565,13.894]]],[[[100.559,13.8965],[100.56,13.896],[100.559,13.896],[100.559,13.8965]]],[[[100.5605,13.888],[100.5595,13.887],[100.5595,13.888],[100.5605,13.888]]],[[[100.559,13.892],[100.559,13.8925],[100.559,13.892]]],[[[100.559,13.892]]],[[[100.56,13.896],[100.5605,13.8965],[100.561,13.896],[100.56,13.896]]],[[[100.56,13.89],[100.5605,13.8905],[100.561,13.89],[100.56,13.89]]],[[[100.5605,13.889]]],[[[100.56,13.894]]],[[[100.5645,13.8925],[100.5665,13.8925],[100.566,13.892],[100.5645,13.8925]]],[[[100.567,13.8875],[100.5665,13.8875],[100.567,13.8875]]],[[[100.567,13.884],[100.5665,13.8845],[100.567,13.8845],[100.567,13.884]]],[[[100.5645,13.895],[100.565,13.8945],[100.564,13.8945],[100.5645,13.895]]],[[[100.5635,13.894],[100.5645,13.894],[100.565,13.893],[100.564,13.893],[100.5635,13.894]]],[[[100.565,13.891]]],[[[100.564,13.889],[100.5645,13.89],[100.5655,13.8895],[100.565,13.8885],[100.564,13.889]]],[[[100.565,13.8865],[100.5645,13.886],[100.565,13.8865]]],[[[100.563,13.894],[100.5625,13.894],[100.563,13.894]]],[[[100.5625,13.8935]]],[[[100.563,13.8915],[100.563,13.891],[100.563,13.8915]]],[[[100.562,13.889],[100.5625,13.889],[100.562,13.889]]],[[[100.5635,13.8865],[100.564,13.8865],[100.5635,13.886],[100.5635,13.8865]]],[[[100.5635,13.8905],[100.5635,13.891],[100.5635,13.8905]]],[[[100.563,13.8945],[100.563,13.895],[100.563,13.8945]]],[[[100.5655,13.893]]],[[[100.566,13.8955]]],[[[100.567,13.895],[100.5685,13.8945],[100.567,13.8945],[100.567,13.895]]],[[[100.568,13.888],[100.5685,13.888],[100.568,13.888]]],[[[100.5675,13.893],[100.567,13.8935],[100.5675,13.8935],[100.5675,13.893]]],[[[100.567,13.89]]],[[[100.5675,13.887],[100.5675,13.8865],[100.5675,13.887]]],[[[100.569,13.891]]],[[[100.5705,13.8865],[100.5695,13.8865],[100.57,13.887],[100.5705,13.8865]]],[[[100.5705,13.835],[100.5705,13.8345],[100.5705,13.835]]],[[[100.57,13.8335],[100.5695,13.833],[100.57,13.8345],[100.57,13.8335]]],[[[100.5695,13.8275],[100.5715,13.8275],[100.569,13.827],[100.5695,13.8275]]],[[[100.5675,13.824],[100.57,13.8245],[100.5675,13.824]]],[[[100.5705,13.8225]]],[[[100.5705,13.809],[100.5705,13.8085],[100.57,13.8085],[100.5705,13.809]]],[[[100.5705,13.8035],[100.5705,13.804],[100.5705,13.8035]]],[[[100.568,13.8015],[100.571,13.801],[100.5705,13.8015],[100.568,13.799],[100.567,13.799],[100.5675,13.7975],[100.566,13.7975],[100.565,13.7965],[100.5665,13.7965],[100.5685,13.7925],[100.567,13.7925],[100.5665,13.791],[100.566,13.792],[100.566,13.791],[100.565,13.791],[100.565,13.79],[100.564,13.7895],[100.567,13.786],[100.5685,13.786],[100.5675,13.785],[100.5685,13.7845],[100.5705,13.785],[100.5705,13.7835],[100.57,13.784],[100.569,13.783],[100.5695,13.7825],[100.5685,13.783],[100.5675,13.782],[100.567,13.78],[100.5655,13.7805],[100.5635,13.7785],[100.565,13.776],[100.566,13.7765],[100.5655,13.7755],[100.566,13.7745],[100.567,13.7745],[100.5675,13.773],[100.5685,13.773],[100.569,13.7715],[100.5675,13.7715],[100.568,13.7725],[100.5665,13.7725],[100.5665,13.7715],[100.5655,13.772],[100.565,13.77],[100.566,13.7705],[100.5665,13.77],[100.566,13.7685],[100.565,13.7685],[100.5645,13.7675],[100.565,13.7675],[100.563,13.7665],[100.564,13.766],[100.5635,13.765],[100.5625,13.7655],[100.562,13.764],[100.561,13.7645],[100.5605,13.764],[100.562,13.7595],[100.561,13.757],[100.561,13.7585],[100.56,13.7595],[100.5565,13.7585],[100.5565,13.7575],[100.5575,13.757],[100.557,13.756],[100.5575,13.755],[100.559,13.755],[100.555,13.7545],[100.559,13.7535],[100.559,13.753],[100.556,13.7535],[100.556,13.7525],[100.5585,13.7515],[100.554,13.7525],[100.553,13.7505],[100.5495,13.75],[100.549,13.7515],[100.5485,13.75],[100.547,13.75],[100.5485,13.752],[100.548,13.7525],[100.549,13.7525],[100.5495,13.7515],[100.552,13.752],[100.552,13.7535],[100.5495,13.754],[100.551,13.755],[100.548,13.7565],[100.545,13.756],[100.546,13.7575],[100.548,13.757],[100.5485,13.758],[100.55,13.758],[100.549,13.7585],[100.5495,13.7595],[100.5485,13.759],[100.547,13.761],[100.548,13.7625],[100.546,13.763],[100.547,13.7635],[100.5455,13.7655],[100.545,13.765],[100.5445,13.7675],[100.5435,13.7675],[100.5465,13.7695],[100.5465,13.7705],[100.548,13.77],[100.5495,13.7715],[100.548,13.7725],[100.5495,13.7745],[100.549,13.776],[100.55,13.7765],[100.549,13.777],[100.549,13.7785],[100.55,13.7785],[100.5495,13.779],[100.55,13.78],[100.5525,13.78],[100.5515,13.782],[100.554,13.783],[100.554,13.7855],[100.555,13.786],[100.5535,13.7875],[100.554,13.788],[100.5545,13.7875],[100.5555,13.789],[100.5535,13.791],[100.5515,13.7905],[100.553,13.794],[100.5525,13.7955],[100.5545,13.7955],[100.554,13.795],[100.5555,13.7935],[100.5555,13.7955],[100.5565,13.7955],[100.557,13.797],[100.556,13.8],[100.558,13.8],[100.5595,13.8015],[100.5595,13.803],[100.5605,13.802],[100.5605,13.804],[100.564,13.8065],[100.5655,13.8065],[100.5665,13.8075],[100.566,13.808],[100.567,13.807],[100.5675,13.805],[100.567,13.803],[100.568,13.803],[100.5675,13.8025],[100.568,13.8015]]],[[[100.5705,13.7795],[100.5705,13.78],[100.5705,13.7795]]],[[[100.5695,13.778],[100.5695,13.7775],[100.569,13.7775],[100.5695,13.778]]],[[[100.5715,13.774],[100.57,13.7745],[100.5715,13.7745],[100.5715,13.774]]],[[[100.571,13.768],[100.57,13.7685],[100.57,13.769],[100.571,13.768]]],[[[100.5695,13.766],[100.5695,13.7665],[100.5695,13.766]]],[[[100.5695,13.764],[100.57,13.7655],[100.571,13.763],[100.57,13.763],[100.5695,13.762],[100.5695,13.764]]],[[[100.569,13.7615],[100.5695,13.761],[100.5685,13.761],[100.569,13.7615]]],[[[100.5685,13.76],[100.5695,13.76],[100.5685,13.76]]],[[[100.5695,13.757],[100.569,13.7565],[100.569,13.757],[100.5695,13.757]]],[[[100.5695,13.755],[100.5695,13.7555],[100.5695,13.755]]],[[[100.5695,13.737],[100.57,13.7365],[100.569,13.734],[100.5695,13.7355],[100.5685,13.736],[100.5695,13.7365],[100.5685,13.737],[100.5695,13.737]]],[[[100.57,13.7325],[100.5695,13.732],[100.57,13.7325]]],[[[100.569,13.7315],[100.5695,13.7315],[100.569,13.7315]]],[[[100.5695,13.728],[100.57,13.728],[100.5695,13.728]]],[[[100.5695,13.728],[100.569,13.726],[100.568,13.726],[100.569,13.7265],[100.5685,13.7275],[100.5695,13.728]]],[[[100.569,13.723]]],[[[100.553,13.803],[100.553,13.804],[100.5535,13.804],[100.553,13.803]]],[[[100.553,13.799],[100.5535,13.7985],[100.553,13.799]]],[[[100.5525,13.7875],[100.5525,13.787],[100.5525,13.7875]]],[[[100.552,13.749],[100.554,13.749],[100.5535,13.7485],[100.549,13.749],[100.552,13.749]]],[[[100.5525,13.7455]]],[[[100.552,13.744],[100.5525,13.744],[100.552,13.7435],[100.552,13.744]]],[[[100.5535,13.7385]]],[[[100.552,13.733],[100.5535,13.7325],[100.554,13.733],[100.5555,13.73],[100.5545,13.7295],[100.5545,13.7305],[100.5535,13.7305],[100.552,13.732],[100.5515,13.7315],[100.552,13.7295],[100.5505,13.7295],[100.5505,13.731],[100.55,13.7295],[100.548,13.73],[100.548,13.732],[100.55,13.7325],[100.5485,13.7335],[100.548,13.733],[100.55,13.7345],[100.5495,13.7355],[100.551,13.7355],[100.551,13.737],[100.552,13.733]]],[[[100.5535,13.723],[100.553,13.725],[100.554,13.725],[100.5535,13.724],[100.555,13.7235],[100.555,13.7225],[100.5535,13.723]]],[[[100.5455,13.7895],[100.5455,13.79],[100.5455,13.7895]]],[[[100.5445,13.788],[100.5455,13.788],[100.5445,13.788]]],[[[100.545,13.787],[100.5445,13.787],[100.545,13.787]]],[[[100.544,13.7855],[100.544,13.786],[100.545,13.786],[100.544,13.7855]]],[[[100.5445,13.7825],[100.545,13.783],[100.545,13.782],[100.5445,13.7825]]],[[[100.545,13.7795],[100.545,13.78],[100.5455,13.78],[100.545,13.7795]]],[[[100.5445,13.773],[100.5455,13.772],[100.545,13.772],[100.5445,13.7725],[100.5445,13.773]]],[[[100.545,13.759]]],[[[100.544,13.7555],[100.5445,13.755],[100.5435,13.7555],[100.544,13.7555]]],[[[100.545,13.755]]],[[[100.5445,13.7455],[100.545,13.746],[100.545,13.7455],[100.5445,13.7455]]],[[[100.545,13.745]]],[[[100.545,13.738],[100.545,13.74],[100.5465,13.7405],[100.5465,13.739],[100.5455,13.7385],[100.546,13.7375],[100.545,13.738]]],[[[100.545,13.737]]],[[[100.5455,13.736],[100.545,13.736],[100.5455,13.736]]],[[[100.5445,13.735],[100.5445,13.7355],[100.5455,13.735],[100.5445,13.735]]],[[[100.5465,13.7265],[100.546,13.7275],[100.5465,13.7275],[100.5465,13.7265]]],[[[100.546,13.725],[100.546,13.7245],[100.545,13.7245],[100.545,13.725],[100.546,13.725]]],[[[100.541,13.785],[100.541,13.7845],[100.541,13.785]]],[[[100.541,13.782],[100.5415,13.782],[100.5405,13.7815],[100.541,13.782]]],[[[100.542,13.7815],[100.5415,13.781],[100.542,13.7815]]],[[[100.5405,13.779],[100.5415,13.78],[100.542,13.7805],[100.5425,13.7805],[100.541,13.779],[100.5405,13.779]]],[[[100.5405,13.775],[100.5415,13.775],[100.541,13.7745],[100.5405,13.775]]],[[[100.5415,13.7735],[100.5415,13.774],[100.5415,13.7735]]],[[[100.5405,13.771],[100.54,13.7715],[100.5405,13.772],[100.5405,13.7715],[100.5405,13.771]]],[[[100.5415,13.7685],[100.541,13.7685],[100.5415,13.7685]]],[[[100.541,13.7685]]],[[[100.541,13.7685]]],[[[100.542,13.765],[100.5415,13.765],[100.542,13.765]]],[[[100.5415,13.7595],[100.542,13.7595],[100.5415,13.7595]]],[[[100.542,13.7585]]],[[[100.5415,13.757],[100.541,13.757],[100.5415,13.7575],[100.5415,13.757]]],[[[100.5415,13.7505],[100.543,13.751],[100.543,13.75],[100.5415,13.7505]]],[[[100.542,13.745],[100.543,13.747],[100.544,13.746],[100.543,13.746],[100.5425,13.7445],[100.542,13.745]]],[[[100.543,13.742],[100.5425,13.743],[100.543,13.7425],[100.543,13.742]]],[[[100.5405,13.742],[100.542,13.7415],[100.5405,13.742]]],[[[100.5415,13.7405],[100.542,13.741],[100.542,13.7405],[100.5415,13.7405]]],[[[100.5415,13.7365]]],[[[100.5425,13.7335],[100.5415,13.7335],[100.5425,13.7335]]],[[[100.542,13.732],[100.5425,13.733],[100.5425,13.732],[100.542,13.732]]],[[[100.542,13.729],[100.5425,13.7295],[100.542,13.729]]],[[[100.5415,13.728],[100.541,13.7285],[100.5415,13.728]]],[[[100.542,13.7235],[100.5435,13.7235],[100.5435,13.722],[100.5425,13.7225],[100.5415,13.722],[100.541,13.723],[100.542,13.7235]]],[[[100.5395,13.7415],[100.5395,13.742],[100.5395,13.7415]]],[[[100.54,13.738],[100.54,13.7385],[100.5405,13.7385],[100.54,13.738]]],[[[100.5395,13.737],[100.54,13.737],[100.5395,13.737]]],[[[100.5395,13.7335],[100.5405,13.7335],[100.539,13.733],[100.539,13.732],[100.5395,13.7335]]],[[[100.5395,13.7315],[100.541,13.733],[100.541,13.732],[100.539,13.731],[100.5395,13.7315]]],[[[100.5405,13.7295],[100.54,13.7305],[100.5405,13.7295]]],[[[100.539,13.73],[100.54,13.7285],[100.5385,13.7295],[100.539,13.73]]],[[[100.539,13.723],[100.5385,13.7235],[100.539,13.724],[100.539,13.723]]],[[[100.539,13.7275],[100.5385,13.7275],[100.539,13.7275]]],[[[100.5385,13.744],[100.539,13.7435],[100.5385,13.7435],[100.5385,13.744]]],[[[100.5385,13.7425]]],[[[100.5395,13.735],[100.5395,13.7355],[100.5395,13.735]]],[[[100.54,13.778]]],[[[100.5395,13.7625]]],[[[100.5405,13.7625]]],[[[100.54,13.7615],[100.5395,13.7615],[100.54,13.7615]]],[[[100.5395,13.7565],[100.5395,13.756],[100.539,13.756],[100.5395,13.7565]]],[[[100.5395,13.753]]],[[[100.54,13.7515]]],[[[100.5385,13.763],[100.5385,13.762],[100.5385,13.763]]],[[[100.5385,13.761]]],[[[100.5385,13.7525]]],[[[100.539,13.781]]],[[[100.5395,13.7755]]],[[[100.5405,13.7535],[100.5415,13.7535],[100.5415,13.753],[100.5405,13.7535]]],[[[100.54,13.7515],[100.5405,13.752],[100.541,13.752],[100.5405,13.7515],[100.54,13.7515]]],[[[100.5415,13.744],[100.5415,13.743],[100.5415,13.744]]],[[[100.5415,13.7405]]],[[[100.541,13.737],[100.541,13.7375],[100.541,13.737]]],[[[100.5405,13.741],[100.5405,13.7405],[100.54,13.7405],[100.5405,13.741]]],[[[100.5405,13.7765],[100.54,13.7765],[100.54,13.777],[100.5405,13.7765]]],[[[100.5405,13.774],[100.54,13.7745],[100.5405,13.774]]],[[[100.5405,13.772],[100.5405,13.7725],[100.5405,13.772]]],[[[100.5405,13.77]]],[[[100.54,13.767]]],[[[100.54,13.7635]]],[[[100.541,13.788],[100.5405,13.788],[100.541,13.788]]],[[[100.541,13.7305],[100.5405,13.7305],[100.541,13.7305]]],[[[100.541,13.7755],[100.541,13.776],[100.541,13.7755]]],[[[100.543,13.7905],[100.5435,13.79],[100.5435,13.789],[100.543,13.7895],[100.543,13.7905]]],[[[100.543,13.786],[100.5435,13.786],[100.5435,13.7855],[100.5435,13.786],[100.543,13.786]]],[[[100.543,13.7845],[100.5435,13.7845],[100.5435,13.784],[100.543,13.7845]]],[[[100.5435,13.7745],[100.544,13.774],[100.5425,13.7715],[100.5435,13.7745]]],[[[100.5435,13.762],[100.5435,13.7625],[100.5435,13.762]]],[[[100.544,13.75],[100.5445,13.7515],[100.544,13.75]]],[[[100.543,13.748]]],[[[100.543,13.7765],[100.5425,13.7765],[100.543,13.7765]]],[[[100.5425,13.775],[100.5425,13.7755],[100.5425,13.775]]],[[[100.543,13.77],[100.5435,13.77],[100.543,13.77]]],[[[100.543,13.767],[100.543,13.7675],[100.543,13.767]]],[[[100.543,13.758],[100.543,13.7575],[100.543,13.758]]],[[[100.543,13.754],[100.5425,13.7545],[100.543,13.7545],[100.543,13.754]]],[[[100.542,13.7705]]],[[[100.5425,13.7695]]],[[[100.542,13.789]]],[[[100.542,13.7875],[100.5425,13.7875],[100.542,13.7875]]],[[[100.5425,13.785]]],[[[100.5425,13.784],[100.5425,13.7835],[100.5425,13.784]]],[[[100.543,13.781],[100.543,13.7815],[100.543,13.781]]],[[[100.5425,13.7825],[100.5425,13.782],[100.5425,13.7825]]],[[[100.5435,13.7405]]],[[[100.543,13.7365],[100.5435,13.738],[100.544,13.7375],[100.5435,13.736],[100.543,13.7365]]],[[[100.543,13.7355],[100.5435,13.7345],[100.5425,13.7345],[100.543,13.7355]]],[[[100.543,13.7315]]],[[[100.543,13.7295],[100.5445,13.729],[100.544,13.728],[100.543,13.7295]]],[[[100.5425,13.725],[100.543,13.7245],[100.5425,13.725]]],[[[100.5425,13.731],[100.543,13.7305],[100.5425,13.731]]],[[[100.542,13.73]]],[[[100.544,13.725],[100.544,13.7255],[100.544,13.725]]],[[[100.544,13.724]]],[[[100.5445,13.731],[100.544,13.7315],[100.544,13.732],[100.5445,13.731]]],[[[100.5445,13.7445]]],[[[100.544,13.742],[100.544,13.7425],[100.5445,13.7425],[100.544,13.742]]],[[[100.5445,13.74],[100.5445,13.7405],[100.5445,13.74]]],[[[100.544,13.7715],[100.5445,13.7715],[100.544,13.7715]]],[[[100.541,13.799],[100.5415,13.7995],[100.541,13.799]]],[[[100.54,13.8015],[100.54,13.802],[100.5405,13.8015],[100.54,13.8015]]],[[[100.54,13.8],[100.5395,13.8],[100.54,13.8]]],[[[100.54,13.81],[100.54,13.808],[100.5395,13.8085],[100.54,13.81]]],[[[100.5405,13.7975]]],[[[100.54,13.8065]]],[[[100.5485,13.754],[100.5475,13.755],[100.549,13.755],[100.5485,13.754]]],[[[100.549,13.748],[100.55,13.748],[100.55,13.747],[100.549,13.748]]],[[[100.5485,13.7465],[100.549,13.7465],[100.5485,13.746],[100.5485,13.7465]]],[[[100.5485,13.728],[100.549,13.728],[100.549,13.7275],[100.5485,13.728]]],[[[100.549,13.725],[100.549,13.7255],[100.5495,13.7255],[100.5495,13.725],[100.549,13.725]]],[[[100.548,13.7205],[100.549,13.722],[100.549,13.7205],[100.5485,13.721],[100.548,13.7205]]],[[[100.547,13.753],[100.5475,13.753],[100.5475,13.7525],[100.547,13.753]]],[[[100.546,13.749],[100.548,13.749],[100.547,13.747],[100.546,13.749]]],[[[100.546,13.7455],[100.5475,13.7455],[100.547,13.745],[100.546,13.7455]]],[[[100.5475,13.7365],[100.547,13.7365],[100.5475,13.7365]]],[[[100.5465,13.7355],[100.548,13.7355],[100.5475,13.735],[100.5465,13.7355]]],[[[100.5465,13.733],[100.5475,13.733],[100.546,13.733],[100.5465,13.733]]],[[[100.5475,13.729],[100.5475,13.7295],[100.5475,13.729]]],[[[100.5475,13.728],[100.546,13.7285],[100.5475,13.728]]],[[[100.547,13.726],[100.548,13.726],[100.548,13.7255],[100.547,13.726]]],[[[100.5465,13.724],[100.547,13.724],[100.547,13.7235],[100.5465,13.724]]],[[[100.547,13.722],[100.5475,13.7225],[100.5475,13.722],[100.547,13.722]]],[[[100.5475,13.7215],[100.5475,13.721],[100.5475,13.7215]]],[[[100.5465,13.7295],[100.5465,13.729],[100.5465,13.7295]]],[[[100.546,13.755],[100.5455,13.755],[100.546,13.755]]],[[[100.5455,13.7535]]],[[[100.5455,13.7465]]],[[[100.5455,13.746]]],[[[100.5465,13.741],[100.5465,13.7415],[100.5465,13.741]]],[[[100.5455,13.7405]]],[[[100.546,13.7505],[100.5465,13.7505],[100.546,13.75],[100.546,13.7505]]],[[[100.548,13.742],[100.5475,13.742],[100.548,13.742]]],[[[100.548,13.739],[100.5485,13.7395],[100.5485,13.739],[100.548,13.739]]],[[[100.548,13.738],[100.5485,13.738],[100.5485,13.7365],[100.5485,13.7375],[100.548,13.738]]],[[[100.5525,13.725],[100.5515,13.7255],[100.5525,13.7255],[100.5525,13.725]]],[[[100.55,13.728],[100.55,13.7285],[100.55,13.728]]],[[[100.55,13.727]]],[[[100.5495,13.7235]]],[[[100.551,13.72]]],[[[100.549,13.7225]]],[[[100.5505,13.7255],[100.551,13.7255],[100.5505,13.7255]]],[[[100.551,13.7205]]],[[[100.551,13.721],[100.551,13.7205],[100.551,13.721]]],[[[100.5525,13.724],[100.5525,13.7235],[100.5525,13.724]]],[[[100.5505,13.7475],[100.551,13.748],[100.5505,13.7465],[100.5505,13.7475]]],[[[100.551,13.7455],[100.551,13.745],[100.551,13.7445],[100.551,13.7455]]],[[[100.55,13.7465]]],[[[100.55,13.7455],[100.55,13.746],[100.55,13.7455]]],[[[100.55,13.7435],[100.55,13.744],[100.55,13.7445],[100.55,13.7435]]],[[[100.5455,13.7605],[100.5455,13.761],[100.5455,13.7605]]],[[[100.5455,13.7585],[100.546,13.758],[100.5455,13.758],[100.5455,13.7585]]],[[[100.5465,13.7595],[100.5465,13.76],[100.5465,13.7595]]],[[[100.546,13.759],[100.5465,13.759],[100.546,13.759]]],[[[100.549,13.807],[100.55,13.8075],[100.5495,13.8065],[100.549,13.807]]],[[[100.5495,13.8055]]],[[[100.5495,13.804],[100.5495,13.8045],[100.55,13.8045],[100.5495,13.804]]],[[[100.549,13.802],[100.5495,13.802],[100.549,13.802]]],[[[100.5485,13.7965],[100.5495,13.7965],[100.5485,13.7955],[100.549,13.796],[100.5485,13.7965]]],[[[100.5495,13.7915],[100.549,13.791],[100.5495,13.7915]]],[[[100.55,13.79],[100.5495,13.79],[100.55,13.79]]],[[[100.5495,13.7835],[100.549,13.7835],[100.5495,13.7835]]],[[[100.5495,13.783]]],[[[100.547,13.801]]],[[[100.547,13.8]]],[[[100.5465,13.7945],[100.547,13.7945],[100.547,13.794],[100.5465,13.794],[100.5465,13.7945]]],[[[100.5465,13.793]]],[[[100.5465,13.7875]]],[[[100.5455,13.787],[100.5465,13.7865],[100.5455,13.7865],[100.5455,13.787]]],[[[100.5465,13.783]]],[[[100.546,13.781]]],[[[100.547,13.7765],[100.5465,13.7765],[100.547,13.7765]]],[[[100.547,13.7765],[100.547,13.777],[100.547,13.7765]]],[[[100.5475,13.799],[100.548,13.7995],[100.548,13.799],[100.5475,13.799]]],[[[100.5475,13.7855],[100.548,13.7855],[100.548,13.785],[100.5475,13.7855]]],[[[100.5485,13.7845],[100.548,13.7845],[100.5485,13.7845]]],[[[100.548,13.783],[100.548,13.7835],[100.5485,13.7835],[100.548,13.783]]],[[[100.5485,13.7815],[100.5485,13.7825],[100.549,13.782],[100.5485,13.7815]]],[[[100.5475,13.7825]]],[[[100.548,13.7745],[100.5475,13.7745],[100.548,13.7745]]],[[[100.547,13.8045],[100.5475,13.8055],[100.5475,13.8045],[100.547,13.8045]]],[[[100.549,13.7835]]],[[[100.549,13.793],[100.549,13.7935],[100.549,13.793]]],[[[100.551,13.8075]]],[[[100.5505,13.8035],[100.5515,13.804],[100.551,13.8035],[100.5505,13.8035]]],[[[100.5505,13.8015],[100.55,13.8025],[100.551,13.8025],[100.5505,13.8015]]],[[[100.551,13.7955],[100.551,13.796],[100.551,13.795],[100.551,13.7955]]],[[[100.55,13.793],[100.5505,13.792],[100.5505,13.793],[100.5495,13.7925],[100.55,13.793]]],[[[100.5515,13.783],[100.5515,13.7835],[100.5515,13.783]]],[[[100.5505,13.787]]],[[[100.5505,13.808],[100.55,13.8085],[100.5505,13.808]]],[[[100.5505,13.807]]],[[[100.55,13.806],[100.5505,13.806],[100.55,13.806]]],[[[100.5505,13.805],[100.551,13.8045],[100.5505,13.8045],[100.5505,13.805]]],[[[100.552,13.7895],[100.5525,13.7895],[100.552,13.7895]]],[[[100.552,13.787]]],[[[100.552,13.786],[100.552,13.7865],[100.552,13.786]]],[[[100.552,13.7835],[100.5515,13.7835],[100.552,13.7835]]],[[[100.5515,13.8065],[100.5515,13.806],[100.5515,13.8065]]],[[[100.5515,13.8075],[100.5515,13.807],[100.5515,13.8075]]],[[[100.5625,13.755],[100.5625,13.7545],[100.562,13.7545],[100.562,13.755],[100.5625,13.755]]],[[[100.5635,13.753],[100.561,13.754],[100.564,13.753],[100.5635,13.753]]],[[[100.5595,13.753],[100.5625,13.752],[100.5595,13.7525],[100.5595,13.753]]],[[[100.561,13.75],[100.5615,13.75],[100.561,13.75]]],[[[100.561,13.748],[100.5615,13.7465],[100.5595,13.7465],[100.56,13.748],[100.561,13.748]]],[[[100.5615,13.746]]],[[[100.5615,13.745],[100.562,13.7445],[100.561,13.7435],[100.5615,13.745]]],[[[100.561,13.742],[100.5605,13.742],[100.561,13.7425],[100.561,13.742]]],[[[100.5615,13.741]]],[[[100.5605,13.74],[100.5615,13.74],[100.5615,13.7395],[100.561,13.74],[100.5605,13.74]]],[[[100.562,13.7355],[100.5615,13.7355],[100.562,13.7355]]],[[[100.5615,13.7345]]],[[[100.5615,13.734]]],[[[100.5615,13.7335]]],[[[100.5615,13.7325],[100.5625,13.7325],[100.5625,13.731],[100.5615,13.7325]]],[[[100.5615,13.728],[100.5615,13.7295],[100.562,13.728],[100.5615,13.728]]],[[[100.5615,13.7265],[100.5615,13.7275],[100.5615,13.727],[100.5615,13.7265]]],[[[100.561,13.7275],[100.561,13.7255],[100.5605,13.7275],[100.561,13.7275]]],[[[100.562,13.7235],[100.561,13.7235],[100.562,13.7235]]],[[[100.561,13.7225]]],[[[100.5615,13.7195],[100.5615,13.72],[100.5615,13.7195]]],[[[100.557,13.7455]]],[[[100.557,13.744],[100.557,13.7445],[100.5575,13.7445],[100.557,13.744]]],[[[100.5575,13.743],[100.557,13.743],[100.5575,13.7435],[100.5575,13.743]]],[[[100.557,13.7425],[100.5575,13.7425],[100.5575,13.742],[100.557,13.7425]]],[[[100.557,13.7385],[100.557,13.738],[100.557,13.7385]]],[[[100.5565,13.7375]]],[[[100.5565,13.727],[100.557,13.7265],[100.5555,13.726],[100.5555,13.727],[100.5565,13.727]]],[[[100.557,13.716],[100.558,13.7165],[100.558,13.715],[100.557,13.716]]],[[[100.555,13.747]]],[[[100.555,13.738]]],[[[100.5555,13.734],[100.5555,13.7345],[100.5555,13.734]]],[[[100.5545,13.745],[100.5545,13.7455],[100.5545,13.745]]],[[[100.5535,13.741],[100.554,13.741],[100.5535,13.741]]],[[[100.5545,13.7385]]],[[[100.5545,13.742]]],[[[100.555,13.721],[100.555,13.7215],[100.555,13.721]]],[[[100.555,13.72]]],[[[100.5545,13.7175],[100.555,13.7175],[100.554,13.717],[100.5545,13.7175]]],[[[100.554,13.7215]]],[[[100.554,13.72]]],[[[100.5535,13.7215]]],[[[100.5545,13.729],[100.555,13.7285],[100.5545,13.7285],[100.5545,13.729]]],[[[100.5545,13.726],[100.5545,13.727],[100.5545,13.726]]],[[[100.556,13.724],[100.556,13.7235],[100.556,13.724]]],[[[100.556,13.719]]],[[[100.5555,13.718],[100.555,13.718],[100.5555,13.718]]],[[[100.556,13.716]]],[[[100.556,13.7445]]],[[[100.556,13.7425],[100.5555,13.7425],[100.556,13.7425]]],[[[100.5555,13.7375],[100.5555,13.738],[100.5555,13.7375]]],[[[100.5555,13.742]]],[[[100.5595,13.7515]]],[[[100.56,13.75],[100.5595,13.75],[100.56,13.75]]],[[[100.559,13.749],[100.5595,13.749],[100.559,13.749]]],[[[100.5595,13.745],[100.5595,13.746],[100.5605,13.746],[100.5595,13.7445],[100.56,13.7435],[100.559,13.743],[100.5595,13.745]]],[[[100.559,13.742],[100.5595,13.7415],[100.559,13.7415],[100.559,13.742]]],[[[100.5595,13.7405],[100.559,13.7405],[100.5595,13.7405]]],[[[100.559,13.739],[100.559,13.7395],[100.559,13.739]]],[[[100.5585,13.7375],[100.5595,13.737],[100.559,13.737],[100.5585,13.7375]]],[[[100.558,13.7325],[100.559,13.7325],[100.5595,13.727],[100.5585,13.727],[100.558,13.7325]]],[[[100.558,13.725],[100.5595,13.725],[100.5595,13.7235],[100.558,13.7235],[100.558,13.725]]],[[[100.559,13.7165],[100.5595,13.716],[100.5585,13.716],[100.559,13.7165]]],[[[100.558,13.74],[100.558,13.741],[100.558,13.7415],[100.558,13.7405],[100.558,13.74]]],[[[100.5575,13.736]]],[[[100.5585,13.7225]]],[[[100.5585,13.747]]],[[[100.5585,13.7465]]],[[[100.5585,13.7445],[100.5585,13.745],[100.5585,13.7455],[100.5585,13.7445]]],[[[100.5585,13.744],[100.558,13.7435],[100.558,13.744],[100.5585,13.744]]],[[[100.558,13.7425],[100.5585,13.743],[100.558,13.7425]]],[[[100.56,13.755]]],[[[100.5595,13.7585]]],[[[100.5605,13.7325],[100.5605,13.732],[100.5605,13.7325]]],[[[100.5605,13.731],[100.5605,13.7315],[100.5605,13.731]]],[[[100.561,13.7155],[100.56,13.716],[100.5605,13.716],[100.561,13.716],[100.561,13.7155]]],[[[100.561,13.7205],[100.5605,13.721],[100.561,13.721],[100.561,13.7205]]],[[[100.566,13.758],[100.566,13.7595],[100.5665,13.759],[100.566,13.758]]],[[[100.566,13.754],[100.566,13.7535],[100.566,13.754]]],[[[100.566,13.739],[100.5655,13.739],[100.566,13.739]]],[[[100.566,13.7355],[100.566,13.735],[100.566,13.7355]]],[[[100.566,13.732],[100.566,13.7325],[100.567,13.7315],[100.566,13.732]]],[[[100.566,13.731],[100.5665,13.731],[100.566,13.731]]],[[[100.566,13.729],[100.567,13.7285],[100.5655,13.727],[100.5655,13.728],[100.5665,13.7285],[100.5655,13.729],[100.566,13.729]]],[[[100.566,13.7265],[100.5665,13.7265],[100.5665,13.726],[100.566,13.7265]]],[[[100.566,13.723],[100.5655,13.723],[100.566,13.723]]],[[[100.5655,13.719],[100.566,13.7185],[100.565,13.719],[100.5655,13.719]]],[[[100.566,13.718]]],[[[100.5635,13.752],[100.5635,13.7525],[100.5635,13.752]]],[[[100.5635,13.747],[100.5635,13.7475],[100.564,13.7475],[100.5635,13.747]]],[[[100.5635,13.7455],[100.563,13.7455],[100.5635,13.7455]]],[[[100.563,13.744],[100.5635,13.7445],[100.5635,13.744],[100.563,13.744]]],[[[100.5635,13.743],[100.5625,13.7405],[100.5625,13.7425],[100.5635,13.743]]],[[[100.5635,13.7405],[100.564,13.7415],[100.564,13.7435],[100.5645,13.7435],[100.564,13.7405],[100.5635,13.7405]]],[[[100.564,13.739],[100.5635,13.7385],[100.5635,13.739],[100.564,13.739]]],[[[100.5635,13.738],[100.563,13.737],[100.5635,13.738]]],[[[100.563,13.734],[100.563,13.7335],[100.563,13.734]]],[[[100.5635,13.733],[100.563,13.733],[100.563,13.7335],[100.5635,13.733]]],[[[100.5635,13.7315],[100.5635,13.732],[100.5635,13.7315]]],[[[100.5635,13.7295]]],[[[100.5635,13.7285],[100.5635,13.729],[100.5635,13.7285]]],[[[100.5635,13.7275],[100.5635,13.728],[100.5635,13.7275]]],[[[100.5635,13.723]]],[[[100.5635,13.7225]]],[[[100.564,13.721]]],[[[100.565,13.7205]]],[[[100.5625,13.73],[100.5625,13.729],[100.5625,13.73]]],[[[100.5625,13.7275]]],[[[100.5625,13.717],[100.5635,13.716],[100.5625,13.716],[100.5625,13.717]]],[[[100.5625,13.751]]],[[[100.563,13.751]]],[[[100.5625,13.7495],[100.5625,13.75],[100.5625,13.7495]]],[[[100.5625,13.7375]]],[[[100.5625,13.7365],[100.562,13.7365],[100.5625,13.7365]]],[[[100.562,13.7345],[100.562,13.735],[100.562,13.7345]]],[[[100.562,13.7475]]],[[[100.563,13.7215],[100.5635,13.7215],[100.563,13.7215]]],[[[100.563,13.7225],[100.563,13.722],[100.563,13.7225]]],[[[100.563,13.7355]]],[[[100.565,13.7415],[100.5655,13.7415],[100.5655,13.7405],[100.565,13.741],[100.565,13.7415]]],[[[100.565,13.736],[100.5655,13.7365],[100.5645,13.7355],[100.565,13.736]]],[[[100.5655,13.731],[100.566,13.731],[100.5655,13.731]]],[[[100.565,13.7225],[100.5655,13.7215],[100.565,13.722],[100.565,13.7225]]],[[[100.5645,13.7385]]],[[[100.565,13.738],[100.5645,13.7375],[100.5645,13.738],[100.565,13.738]]],[[[100.5645,13.7335]]],[[[100.5645,13.7315],[100.5645,13.7325],[100.565,13.7325],[100.5645,13.7315]]],[[[100.5645,13.73]]],[[[100.5645,13.7265]]],[[[100.5645,13.747],[100.565,13.747],[100.5645,13.747]]],[[[100.564,13.7555]]],[[[100.5655,13.778],[100.565,13.778],[100.5655,13.778]]],[[[100.5675,13.7665],[100.5675,13.767],[100.568,13.7665],[100.5675,13.7665]]],[[[100.568,13.766],[100.568,13.7655],[100.568,13.766]]],[[[100.568,13.761]]],[[[100.568,13.759],[100.569,13.759],[100.5685,13.7585],[100.568,13.759]]],[[[100.5675,13.78],[100.5675,13.7805],[100.568,13.7805],[100.5675,13.78]]],[[[100.5685,13.78],[100.568,13.7805],[100.5685,13.7805],[100.5685,13.78]]],[[[100.5665,13.776]]],[[[100.568,13.7555],[100.5685,13.7555],[100.568,13.7555]]],[[[100.5665,13.72],[100.5665,13.7195],[100.5665,13.72]]],[[[100.5665,13.7185]]],[[[100.567,13.7365],[100.5675,13.736],[100.567,13.736],[100.567,13.7365]]],[[[100.5685,13.735],[100.568,13.735],[100.5685,13.735]]],[[[100.567,13.7305],[100.5675,13.7305],[100.567,13.73],[100.567,13.7305]]],[[[100.568,13.729]]],[[[100.5675,13.727],[100.567,13.7275],[100.5675,13.728],[100.568,13.7275],[100.5675,13.727]]],[[[100.5685,13.725],[100.5675,13.725],[100.568,13.7255],[100.5685,13.725]]],[[[100.5685,13.7245]]],[[[100.568,13.724],[100.5685,13.724],[100.5675,13.724],[100.568,13.724]]],[[[100.5675,13.7375]]],[[[100.5665,13.734],[100.567,13.7355],[100.567,13.7345],[100.5665,13.734]]],[[[100.5675,13.7265],[100.567,13.726],[100.5675,13.7265]]],[[[100.569,13.7325],[100.569,13.733],[100.569,13.7325]]],[[[100.5685,13.73],[100.569,13.7305],[100.569,13.73],[100.5685,13.73]]],[[[100.5685,13.7255],[100.569,13.7255],[100.5685,13.7255]]],[[[100.568,13.7475],[100.568,13.748],[100.568,13.7475]]],[[[100.5535,13.7865],[100.5535,13.787],[100.5535,13.7865]]],[[[100.5535,13.784],[100.5535,13.7845],[100.5535,13.784]]],[[[100.5625,13.825],[100.5645,13.8255],[100.563,13.8245],[100.5625,13.825]]],[[[100.562,13.8245]]],[[[100.5615,13.8235]]],[[[100.5605,13.822],[100.5645,13.8215],[100.564,13.8205],[100.563,13.821],[100.5615,13.8205],[100.5605,13.822]]],[[[100.5615,13.8195],[100.5625,13.8195],[100.5615,13.8195]]],[[[100.5625,13.8185],[100.562,13.819],[100.563,13.819],[100.5625,13.8185]]],[[[100.562,13.8155]]],[[[100.562,13.814],[100.562,13.813],[100.5615,13.814],[100.562,13.814]]],[[[100.5615,13.812],[100.562,13.812],[100.5615,13.812]]],[[[100.5615,13.8115]]],[[[100.5615,13.811]]],[[[100.5625,13.808],[100.5615,13.809],[100.564,13.8085],[100.5625,13.808]]],[[[100.562,13.807],[100.5615,13.808],[100.562,13.807]]],[[[100.5615,13.806],[100.562,13.806],[100.5615,13.806]]],[[[100.5575,13.819],[100.558,13.819],[100.5575,13.819]]],[[[100.558,13.817],[100.557,13.8175],[100.5575,13.8175],[100.558,13.817]]],[[[100.557,13.815],[100.5575,13.815],[100.5565,13.8125],[100.5555,13.8125],[100.5555,13.8135],[100.557,13.815]]],[[[100.557,13.8105],[100.5575,13.81],[100.557,13.81],[100.557,13.8105]]],[[[100.5575,13.805],[100.5595,13.8055],[100.5585,13.8055],[100.558,13.804],[100.557,13.8045],[100.5575,13.805]]],[[[100.5565,13.8015],[100.557,13.8015],[100.5565,13.8015]]],[[[100.557,13.8005],[100.5575,13.801],[100.5575,13.8005],[100.557,13.8005]]],[[[100.556,13.808],[100.5555,13.8085],[100.5565,13.809],[100.556,13.808]]],[[[100.554,13.801],[100.5555,13.8035],[100.555,13.8005],[100.554,13.801]]],[[[100.555,13.799]]],[[[100.555,13.8065],[100.5545,13.8065],[100.555,13.8065]]],[[[100.554,13.8055],[100.554,13.806],[100.554,13.8055]]],[[[100.554,13.818],[100.555,13.8175],[100.5535,13.8175],[100.554,13.818]]],[[[100.557,13.8195],[100.5565,13.8195],[100.557,13.8195]]],[[[100.5565,13.816],[100.557,13.816],[100.5565,13.816]]],[[[100.556,13.805],[100.5565,13.805],[100.556,13.805]]],[[[100.5565,13.803],[100.557,13.803],[100.5565,13.803]]],[[[100.561,13.824],[100.5595,13.824],[100.561,13.8245],[100.561,13.824]]],[[[100.559,13.822],[100.5595,13.822],[100.559,13.822]]],[[[100.559,13.8085],[100.559,13.808],[100.559,13.8085]]],[[[100.559,13.8075],[100.5585,13.8065],[100.5585,13.8075],[100.559,13.8075]]],[[[100.558,13.8155],[100.558,13.816],[100.558,13.8155]]],[[[100.5585,13.814]]],[[[100.558,13.8125],[100.558,13.813],[100.5585,13.813],[100.558,13.8125]]],[[[100.558,13.8085],[100.5575,13.8085],[100.558,13.8085]]],[[[100.5595,13.8195],[100.5595,13.8205],[100.5595,13.82],[100.5595,13.8195]]],[[[100.56,13.818],[100.5595,13.8185],[100.56,13.818]]],[[[100.56,13.817],[100.5605,13.817],[100.561,13.8175],[100.5605,13.817],[100.56,13.817]]],[[[100.56,13.816],[100.5615,13.8175],[100.561,13.8155],[100.56,13.816]]],[[[100.5605,13.8095],[100.561,13.8085],[100.5605,13.8085],[100.5605,13.8095]]],[[[100.561,13.8065],[100.5605,13.8075],[100.561,13.8075],[100.561,13.8065]]],[[[100.5605,13.813]]],[[[100.5645,13.8265],[100.565,13.8275],[100.566,13.827],[100.5635,13.8265],[100.564,13.828],[100.5635,13.827],[100.5645,13.8265]]],[[[100.5655,13.8235],[100.565,13.824],[100.566,13.824],[100.5655,13.8235]]],[[[100.566,13.8225],[100.567,13.8225],[100.567,13.822],[100.5665,13.822],[100.566,13.8225]]],[[[100.565,13.821],[100.567,13.8215],[100.5675,13.821],[100.566,13.8195],[100.5645,13.8205],[100.565,13.821]]],[[[100.566,13.81]]],[[[100.565,13.8085],[100.566,13.8085],[100.565,13.8085]]],[[[100.563,13.823],[100.563,13.8225],[100.563,13.823]]],[[[100.5645,13.807],[100.564,13.807],[100.5645,13.8075],[100.5645,13.807]]],[[[100.5645,13.818],[100.5645,13.8175],[100.5635,13.818],[100.5645,13.818]]],[[[100.5645,13.8095],[100.565,13.8095],[100.5645,13.8095]]],[[[100.563,13.8195],[100.5635,13.8195],[100.563,13.8195]]],[[[100.563,13.8145]]],[[[100.563,13.814]]],[[[100.563,13.8125]]],[[[100.5635,13.811],[100.5625,13.811],[100.5635,13.811]]],[[[100.5625,13.812],[100.563,13.8115],[100.5625,13.8115],[100.5625,13.812]]],[[[100.5625,13.817]]],[[[100.5645,13.8155],[100.565,13.816],[100.565,13.8145],[100.5645,13.8155]]],[[[100.565,13.813],[100.5645,13.813],[100.565,13.813]]],[[[100.5645,13.8115],[100.5655,13.812],[100.5655,13.811],[100.5645,13.8115]]],[[[100.5655,13.814]]],[[[100.5645,13.8295]]],[[[100.569,13.8115],[100.5685,13.812],[100.569,13.812],[100.569,13.8115]]],[[[100.569,13.81],[100.5695,13.8105],[100.5685,13.8105],[100.569,13.81]]],[[[100.5675,13.815],[100.567,13.815],[100.567,13.816],[100.5675,13.815]]],[[[100.568,13.8315],[100.568,13.831],[100.568,13.8315]]],[[[100.568,13.826],[100.5685,13.826],[100.568,13.826]]],[[[100.5675,13.8235],[100.567,13.8235],[100.5675,13.8235]]],[[[100.5685,13.823]]],[[[100.569,13.82]]],[[[100.5685,13.8335],[100.569,13.8335],[100.5685,13.8325],[100.5685,13.8335]]],[[[100.569,13.8315],[100.5695,13.8315],[100.569,13.8315]]],[[[100.5695,13.8305],[100.5695,13.83],[100.5695,13.8305]]],[[[100.5685,13.8295],[100.569,13.8295],[100.5685,13.8295]]],[[[100.5695,13.8285]]],[[[100.5685,13.8285]]],[[[100.568,13.8275]]],[[[100.5685,13.834],[100.568,13.834],[100.5685,13.834]]],[[[100.569,13.8045]]],[[[100.5695,13.8075],[100.5695,13.808],[100.5695,13.8075]]],[[[100.5695,13.787],[100.57,13.7875],[100.5705,13.787],[100.5695,13.787]]],[[[100.57,13.786],[100.5705,13.786],[100.57,13.786]]],[[[100.568,13.788]]],[[[100.568,13.787],[100.568,13.7875],[100.568,13.787]]],[[[100.5665,13.7905]]],[[[100.568,13.796],[100.5685,13.796],[100.568,13.796]]],[[[100.569,13.7915],[100.569,13.792],[100.569,13.7915]]],[[[100.569,13.789],[100.5685,13.7885],[100.5685,13.789],[100.569,13.789]]],[[[100.5695,13.786],[100.569,13.786],[100.5695,13.786]]],[[[100.598,13.919],[100.5985,13.919],[100.598,13.919]]],[[[100.5985,13.918],[100.5985,13.9175],[100.598,13.9175],[100.5985,13.918]]],[[[100.599,13.8845],[100.5985,13.8845],[100.598,13.885],[100.599,13.8845]]],[[[100.598,13.8835]]],[[[100.5975,13.882],[100.597,13.881],[100.5955,13.8825],[100.5975,13.882]]],[[[100.598,13.8805],[100.5975,13.8805],[100.598,13.8805]]],[[[100.5805,13.879],[100.58,13.879],[100.5805,13.879]]],[[[100.579,13.8785],[100.5795,13.8785],[100.58,13.878],[100.5795,13.878],[100.579,13.8785]]],[[[100.58,13.878]]],[[[100.5745,13.8915],[100.5745,13.892],[100.5745,13.8915]]],[[[100.5745,13.889],[100.5745,13.891],[100.575,13.89],[100.5745,13.889]]],[[[100.5745,13.889]]],[[[100.5745,13.8875],[100.574,13.8865],[100.5745,13.8875]]],[[[100.5745,13.884],[100.5745,13.8845],[100.5745,13.884]]],[[[100.573,13.8925],[100.573,13.8915],[100.5725,13.8915],[100.5725,13.892],[100.573,13.8925]]],[[[100.573,13.891],[100.5735,13.891],[100.5735,13.8905],[100.573,13.891]]],[[[100.573,13.8875],[100.5735,13.8875],[100.573,13.887],[100.573,13.8875]]],[[[100.5715,13.8865],[100.573,13.8865],[100.5725,13.8855],[100.5715,13.8865]]],[[[100.572,13.8845],[100.5715,13.885],[100.5725,13.885],[100.572,13.8845]]],[[[100.5715,13.891]]],[[[100.572,13.89],[100.5715,13.89],[100.572,13.89]]],[[[100.5735,13.8895],[100.574,13.8895],[100.5735,13.8895]]],[[[100.573,13.8835],[100.5735,13.884],[100.5735,13.8835],[100.573,13.8835]]],[[[100.573,13.89],[100.5735,13.89],[100.573,13.89]]],[[[100.5765,13.892],[100.576,13.8925],[100.5765,13.8925],[100.5765,13.892]]],[[[100.577,13.886],[100.5765,13.8865],[100.577,13.886]]],[[[100.577,13.8845],[100.5775,13.8845],[100.5765,13.8835],[100.577,13.8845]]],[[[100.5775,13.8795],[100.5775,13.879],[100.5775,13.88],[100.5775,13.8795]]],[[[100.575,13.8915],[100.5755,13.892],[100.575,13.8915]]],[[[100.575,13.885],[100.576,13.885],[100.575,13.885]]],[[[100.5755,13.884],[100.5755,13.8835],[100.5755,13.884]]],[[[100.576,13.8825],[100.5765,13.8825],[100.576,13.8825]]],[[[100.5765,13.881],[100.576,13.881],[100.576,13.8815],[100.5765,13.881]]],[[[100.579,13.89],[100.5785,13.8895],[100.5785,13.89],[100.579,13.89]]],[[[100.579,13.8845],[100.5785,13.8845],[100.579,13.885],[100.579,13.8845]]],[[[100.579,13.8825]]],[[[100.5775,13.89]]],[[[100.5775,13.8885],[100.5775,13.889],[100.578,13.8885],[100.5775,13.8885]]],[[[100.578,13.8835],[100.578,13.883],[100.578,13.8835]]],[[[100.5795,13.856],[100.58,13.856],[100.5795,13.856]]],[[[100.58,13.8545]]],[[[100.5785,13.844],[100.5795,13.844],[100.5785,13.8435],[100.5785,13.844]]],[[[100.5795,13.836],[100.579,13.836],[100.5795,13.8365],[100.5795,13.836]]],[[[100.5795,13.835],[100.579,13.835],[100.5795,13.8355],[100.5795,13.835]]],[[[100.5735,13.8455],[100.575,13.8455],[100.575,13.8445],[100.574,13.8445],[100.5735,13.8455]]],[[[100.5745,13.8365],[100.574,13.8365],[100.5745,13.8365]]],[[[100.574,13.833]]],[[[100.573,13.8315],[100.574,13.832],[100.573,13.8315]]],[[[100.574,13.8305]]],[[[100.572,13.835],[100.572,13.8355],[100.572,13.835]]],[[[100.5725,13.833],[100.5725,13.8335],[100.573,13.833],[100.5725,13.833]]],[[[100.572,13.829],[100.5725,13.829],[100.573,13.829],[100.572,13.829]]],[[[100.5725,13.827],[100.5725,13.8275],[100.5725,13.827]]],[[[100.5725,13.826],[100.5735,13.826],[100.5735,13.8255],[100.573,13.826],[100.5725,13.826]]],[[[100.5725,13.824]]],[[[100.572,13.824]]],[[[100.5715,13.8225],[100.572,13.8225],[100.5715,13.8225]]],[[[100.572,13.8365],[100.571,13.8365],[100.571,13.837],[100.5715,13.8365],[100.572,13.8365]]],[[[100.5725,13.843],[100.573,13.8435],[100.5725,13.843]]],[[[100.5715,13.8435],[100.5715,13.844],[100.572,13.844],[100.5715,13.8435]]],[[[100.5725,13.825]]],[[[100.5735,13.83],[100.573,13.831],[100.5735,13.831],[100.5735,13.83]]],[[[100.573,13.847],[100.573,13.8465],[100.573,13.847]]],[[[100.573,13.8415]]],[[[100.5725,13.8365]]],[[[100.573,13.844]]],[[[100.5775,13.8535],[100.5775,13.853],[100.577,13.853],[100.577,13.8535],[100.5775,13.8535]]],[[[100.577,13.8475],[100.577,13.8485],[100.5775,13.8475],[100.577,13.8475]]],[[[100.5765,13.846],[100.5765,13.8465],[100.577,13.8465],[100.5765,13.846]]],[[[100.577,13.8415]]],[[[100.5775,13.8405],[100.577,13.841],[100.5775,13.841],[100.5775,13.8405]]],[[[100.5765,13.8375],[100.5765,13.8385],[100.577,13.8375],[100.5765,13.8375]]],[[[100.577,13.833],[100.577,13.834],[100.577,13.833]]],[[[100.5755,13.8465]]],[[[100.5765,13.839]]],[[[100.576,13.8365],[100.576,13.8375],[100.576,13.8365]]],[[[100.576,13.835],[100.576,13.8355],[100.5765,13.835],[100.576,13.835]]],[[[100.5765,13.8335],[100.576,13.833],[100.576,13.8335],[100.5765,13.8335]]],[[[100.575,13.837],[100.5745,13.837],[100.5745,13.8375],[100.575,13.837]]],[[[100.5755,13.8345],[100.575,13.8355],[100.5755,13.8355],[100.5755,13.835],[100.5755,13.8345]]],[[[100.5755,13.8305],[100.575,13.8315],[100.576,13.8305],[100.5755,13.8305]]],[[[100.576,13.853],[100.5755,13.853],[100.5755,13.8535],[100.576,13.853]]],[[[100.5785,13.8505],[100.579,13.8505],[100.579,13.85],[100.5785,13.85],[100.5785,13.8505]]],[[[100.5785,13.8485],[100.5785,13.848],[100.578,13.848],[100.5785,13.8485]]],[[[100.5785,13.847],[100.579,13.8475],[100.5785,13.846],[100.5785,13.847]]],[[[100.578,13.8375]]],[[[100.5785,13.835]]],[[[100.578,13.847],[100.578,13.8465],[100.5775,13.847],[100.578,13.847]]],[[[100.579,13.848],[100.5785,13.848],[100.579,13.848]]],[[[100.579,13.8485]]],[[[100.579,13.8515]]],[[[100.579,13.854],[100.5795,13.854],[100.579,13.854]]],[[[100.5905,13.8745],[100.59,13.875],[100.5905,13.875],[100.5905,13.8745]]],[[[100.5895,13.873],[100.59,13.8735],[100.591,13.8725],[100.5895,13.873]]],[[[100.59,13.8675]]],[[[100.5905,13.867]]],[[[100.5905,13.863],[100.59,13.863],[100.59,13.8635],[100.59,13.863],[100.5905,13.863]]],[[[100.588,13.86],[100.5895,13.8625],[100.5905,13.861],[100.5895,13.8595],[100.588,13.86]]],[[[100.585,13.8585],[100.585,13.859],[100.585,13.858],[100.584,13.858],[100.585,13.8585]]],[[[100.585,13.857],[100.5845,13.857],[100.585,13.857]]],[[[100.581,13.856],[100.5805,13.857],[100.581,13.857],[100.581,13.856]]],[[[100.5815,13.855],[100.581,13.8555],[100.5815,13.8555],[100.5815,13.855]]],[[[100.5815,13.8535],[100.581,13.854],[100.5815,13.854],[100.5815,13.8535]]],[[[100.581,13.848],[100.5815,13.8475],[100.581,13.8475],[100.581,13.848]]],[[[100.581,13.8445],[100.5805,13.8445],[100.581,13.8445]]],[[[100.581,13.843]]],[[[100.58,13.845],[100.5805,13.845],[100.58,13.845]]],[[[100.5825,13.858],[100.583,13.858],[100.5825,13.858]]],[[[100.582,13.8565],[100.5825,13.8565],[100.5825,13.856],[100.582,13.856],[100.582,13.8565]]],[[[100.5825,13.8535]]],[[[100.582,13.8455],[100.582,13.846],[100.582,13.8455]]],[[[100.5815,13.8515]]],[[[100.5815,13.8515]]],[[[100.5835,13.847],[100.583,13.847],[100.5835,13.847]]],[[[100.584,13.8455],[100.584,13.846],[100.584,13.8455]]],[[[100.5835,13.8505],[100.584,13.8515],[100.5835,13.8505]]],[[[100.5835,13.8545],[100.583,13.855],[100.5835,13.857],[100.5835,13.8545]]],[[[100.5845,13.8565],[100.585,13.856],[100.5845,13.8565]]],[[[100.5845,13.853],[100.584,13.8525],[100.584,13.853],[100.5845,13.853]]],[[[100.587,13.86]]],[[[100.586,13.8505],[100.587,13.851],[100.586,13.8505]]],[[[100.587,13.85],[100.5865,13.85],[100.587,13.85]]],[[[100.5865,13.8485],[100.587,13.8485],[100.587,13.848],[100.5865,13.848],[100.5865,13.8485]]],[[[100.586,13.8515],[100.5855,13.8515],[100.586,13.8515]]],[[[100.586,13.8525],[100.5855,13.8525],[100.586,13.853],[100.586,13.8525]]],[[[100.586,13.8585],[100.5855,13.8585],[100.5855,13.859],[100.586,13.8585]]],[[[100.5865,13.859]]],[[[100.588,13.8695],[100.588,13.87],[100.588,13.8695]]],[[[100.589,13.8585],[100.588,13.8595],[100.589,13.859],[100.589,13.8585]]],[[[100.588,13.8645]]],[[[100.589,13.8645]]],[[[100.588,13.863],[100.5885,13.864],[100.5895,13.864],[100.588,13.863]]],[[[100.588,13.865]]],[[[100.589,13.865],[100.5895,13.865],[100.589,13.865]]],[[[100.5895,13.8675]]],[[[100.588,13.869],[100.588,13.8685],[100.588,13.869]]],[[[100.588,13.872]]],[[[100.589,13.8715],[100.5885,13.871],[100.588,13.871],[100.589,13.8715]]],[[[100.587,13.898],[100.5875,13.899],[100.5885,13.8985],[100.588,13.8975],[100.587,13.898]]],[[[100.5865,13.8975],[100.5875,13.897],[100.587,13.896],[100.586,13.896],[100.5865,13.8975]]],[[[100.5905,13.8835],[100.59,13.884],[100.5905,13.8835]]],[[[100.5895,13.881],[100.5905,13.882],[100.591,13.8815],[100.5895,13.881]]],[[[100.583,13.8915],[100.5825,13.892],[100.583,13.8915]]],[[[100.583,13.8905],[100.5835,13.891],[100.5835,13.89],[100.583,13.8905]]],[[[100.5825,13.889],[100.5825,13.89],[100.5825,13.889]]],[[[100.583,13.882],[100.583,13.883],[100.584,13.8825],[100.5835,13.8815],[100.583,13.882]]],[[[100.581,13.8855],[100.5815,13.887],[100.581,13.8855]]],[[[100.58,13.88],[100.581,13.88],[100.58,13.88]]],[[[100.5805,13.888],[100.5805,13.8885],[100.5805,13.888]]],[[[100.5815,13.888],[100.582,13.8885],[100.5825,13.888],[100.582,13.8875],[100.5815,13.888]]],[[[100.5855,13.895],[100.5855,13.8955],[100.586,13.895],[100.5855,13.895]]],[[[100.585,13.8935],[100.5855,13.893],[100.584,13.893],[100.585,13.8935]]],[[[100.585,13.888],[100.5855,13.888],[100.585,13.888]]],[[[100.585,13.886]]],[[[100.5855,13.8845],[100.585,13.8845],[100.585,13.885],[100.5855,13.885],[100.5855,13.8845]]],[[[100.585,13.883],[100.585,13.8835],[100.5855,13.8835],[100.5855,13.883],[100.585,13.883]]],[[[100.5845,13.881],[100.5855,13.8815],[100.5855,13.881],[100.5845,13.881]]],[[[100.5855,13.88],[100.585,13.8795],[100.5845,13.8795],[100.585,13.88],[100.5855,13.88]]],[[[100.584,13.8805]]],[[[100.584,13.885],[100.584,13.8835],[100.5835,13.884],[100.584,13.885]]],[[[100.5835,13.8855]]],[[[100.5845,13.886],[100.5845,13.8855],[100.584,13.8855],[100.5845,13.886]]],[[[100.5845,13.8875]]],[[[100.585,13.9005],[100.585,13.901],[100.585,13.9005]]],[[[100.584,13.9005],[100.5835,13.9015],[100.5845,13.901],[100.584,13.9005]]],[[[100.5865,13.882],[100.587,13.8825],[100.5875,13.8825],[100.587,13.882],[100.5865,13.882]]],[[[100.586,13.881]]],[[[100.586,13.89]]],[[[100.5875,13.8785],[100.5875,13.879],[100.588,13.8795],[100.5875,13.8785]]],[[[100.5885,13.8815],[100.588,13.8815],[100.5885,13.882],[100.5885,13.8815]]],[[[100.589,13.8835],[100.5895,13.8835],[100.589,13.8835]]],[[[100.589,13.8865],[100.589,13.887],[100.589,13.8865]]],[[[100.5925,13.9125],[100.5925,13.913],[100.5925,13.9125]]],[[[100.5925,13.908]]],[[[100.5905,13.903],[100.59,13.9025],[100.5905,13.903]]],[[[100.589,13.9005],[100.5895,13.9005],[100.589,13.9005]]],[[[100.5885,13.8995],[100.5885,13.9],[100.589,13.8995],[100.5885,13.8995]]],[[[100.592,13.9045],[100.591,13.904],[100.5915,13.905],[100.592,13.9045]]],[[[100.595,13.914],[100.594,13.914],[100.595,13.914]]],[[[100.5935,13.911]]],[[[100.5935,13.909],[100.5935,13.9085],[100.5935,13.909]]],[[[100.5945,13.913],[100.594,13.913],[100.5945,13.913]]],[[[100.594,13.912]]],[[[100.5955,13.9135]]],[[[100.596,13.9155],[100.5955,13.915],[100.5955,13.9155],[100.596,13.9155]]],[[[100.596,13.9145]]],[[[100.5945,13.8795],[100.5955,13.881],[100.5955,13.8805],[100.595,13.8795],[100.5945,13.8795]]],[[[100.595,13.875],[100.595,13.8755],[100.5955,13.876],[100.5955,13.8755],[100.595,13.875]]],[[[100.595,13.8685],[100.5945,13.8685],[100.595,13.869],[100.595,13.8685]]],[[[100.5925,13.883],[100.5915,13.883],[100.5925,13.8845],[100.5945,13.8825],[100.594,13.882],[100.5935,13.883],[100.5925,13.883]]],[[[100.5925,13.88],[100.5915,13.881],[100.5925,13.881],[100.5925,13.88]]],[[[100.5925,13.8785],[100.593,13.879],[100.5925,13.8785]]],[[[100.593,13.8775],[100.591,13.8775],[100.5915,13.878],[100.593,13.8775]]],[[[100.593,13.8735],[100.5925,13.8735],[100.593,13.8735]]],[[[100.593,13.8725],[100.5935,13.872],[100.593,13.8725]]],[[[100.591,13.8635],[100.5905,13.864],[100.5935,13.8695],[100.594,13.867],[100.5925,13.864],[100.5915,13.8645],[100.591,13.8635]]],[[[100.591,13.862],[100.5905,13.8615],[100.591,13.8625],[100.591,13.862]]],[[[100.5915,13.863],[100.592,13.8635],[100.5915,13.863]]],[[[100.5915,13.872],[100.5915,13.8725],[100.592,13.872],[100.5915,13.872]]],[[[100.592,13.8705],[100.5915,13.871],[100.592,13.871],[100.592,13.8705]]],[[[100.5915,13.874],[100.591,13.874],[100.591,13.8745],[100.5915,13.874]]],[[[100.5905,13.8845],[100.591,13.8845],[100.591,13.884],[100.5905,13.8845]]],[[[100.591,13.8825]]],[[[100.5945,13.8705]]],[[[100.594,13.876],[100.593,13.8765],[100.5935,13.8765],[100.594,13.876]]],[[[100.5935,13.8785],[100.594,13.8785],[100.594,13.878],[100.5935,13.8785]]],[[[100.5935,13.8805],[100.593,13.88],[100.593,13.8805],[100.5935,13.8805]]],[[[100.5965,13.8835],[100.5955,13.884],[100.597,13.884],[100.5965,13.8835]]],[[[100.596,13.8805],[100.596,13.88],[100.596,13.8805]]],[[[100.5965,13.878],[100.596,13.8795],[100.5965,13.879],[100.5965,13.878]]],[[[100.597,13.8735],[100.5965,13.874],[100.597,13.874],[100.597,13.8735]]],[[[100.5965,13.872],[100.597,13.873],[100.5965,13.872]]],[[[100.5965,13.869],[100.597,13.8685],[100.5965,13.8685],[100.5965,13.869]]],[[[100.596,13.8675],[100.596,13.868],[100.5965,13.868],[100.596,13.8675]]],[[[100.596,13.872]]],[[[100.5975,13.8875],[100.5965,13.8875],[100.597,13.888],[100.5975,13.8875]]],[[[100.5975,13.8705],[100.598,13.8705],[100.5975,13.8695],[100.5975,13.8705]]],[[[100.598,13.8685],[100.5975,13.868],[100.598,13.8685]]],[[[100.597,13.8755]]],[[[100.597,13.877]]],[[[100.5985,13.8735],[100.599,13.874],[100.5985,13.8735]]],[[[100.5965,13.886],[100.5965,13.8865],[100.597,13.8865],[100.5965,13.886]]],[[[100.6215,13.8685]]],[[[100.6215,13.8675],[100.622,13.8675],[100.6215,13.8675]]],[[[100.6215,13.866]]],[[[100.6215,13.865]]],[[[100.6215,13.864],[100.621,13.8615],[100.6195,13.8635],[100.621,13.863],[100.6215,13.864]]],[[[100.6215,13.8615],[100.6215,13.862],[100.6215,13.8615]]],[[[100.6215,13.8585],[100.621,13.8585],[100.6215,13.8585]]],[[[100.6215,13.857],[100.6225,13.858],[100.623,13.8575],[100.623,13.8595],[100.6235,13.857],[100.622,13.8575],[100.6215,13.857]]],[[[100.6045,13.894],[100.6045,13.8935],[100.6045,13.894]]],[[[100.6035,13.8935],[100.6055,13.8915],[100.6035,13.8935]]],[[[100.606,13.8885],[100.605,13.8885],[100.605,13.889],[100.606,13.8885]]],[[[100.605,13.8815],[100.6055,13.8815],[100.605,13.8815]]],[[[100.6025,13.887],[100.603,13.887],[100.6025,13.887]]],[[[100.602,13.8795],[100.602,13.88],[100.6025,13.88],[100.602,13.8795]]],[[[100.602,13.878],[100.6025,13.8775],[100.602,13.8775],[100.602,13.878]]],[[[100.602,13.872]]],[[[100.599,13.8855],[100.5985,13.8855],[100.599,13.8855]]],[[[100.6,13.8845],[100.6005,13.884],[100.6,13.884],[100.6,13.8845]]],[[[100.6,13.882],[100.5995,13.883],[100.6005,13.8825],[100.6,13.882]]],[[[100.599,13.878]]],[[[100.5995,13.8775]]],[[[100.599,13.877]]],[[[100.5985,13.8775]]],[[[100.5985,13.8815],[100.599,13.882],[100.599,13.8815],[100.5985,13.8815]]],[[[100.6015,13.885],[100.601,13.8845],[100.6015,13.885]]],[[[100.6005,13.879],[100.6,13.88],[100.601,13.8795],[100.6005,13.879]]],[[[100.6005,13.8805]]],[[[100.6005,13.885],[100.6,13.8855],[100.6005,13.885]]],[[[100.6015,13.8735],[100.6015,13.873],[100.6015,13.8735]]],[[[100.604,13.889],[100.604,13.8895],[100.604,13.889]]],[[[100.6035,13.876],[100.6035,13.8765],[100.604,13.876],[100.6035,13.876]]],[[[100.604,13.8725],[100.6035,13.873],[100.604,13.873],[100.604,13.8725]]],[[[100.6035,13.8795],[100.603,13.8795],[100.6035,13.8795]]],[[[100.603,13.8875]]],[[[100.6035,13.872],[100.604,13.872],[100.6035,13.872]]],[[[100.604,13.871]]],[[[100.604,13.882],[100.6045,13.8815],[100.604,13.8815],[100.604,13.882]]],[[[100.6085,13.873],[100.609,13.873],[100.608,13.873],[100.6085,13.873]]],[[[100.6065,13.8705],[100.609,13.87],[100.606,13.8695],[100.6065,13.8705]]],[[[100.609,13.8685],[100.6095,13.868],[100.609,13.868],[100.609,13.8685]]],[[[100.6065,13.8725],[100.6075,13.873],[100.6075,13.8725],[100.6065,13.8725]]],[[[100.606,13.8715]]],[[[100.606,13.8695]]],[[[100.6075,13.869]]],[[[100.607,13.872]]],[[[100.615,13.8675],[100.6165,13.8665],[100.615,13.8675]]],[[[100.615,13.866],[100.6145,13.866],[100.615,13.866]]],[[[100.6145,13.865]]],[[[100.6125,13.8665],[100.612,13.8665],[100.612,13.867],[100.6125,13.8665]]],[[[100.6185,13.864],[100.618,13.8645],[100.6185,13.864]]],[[[100.6205,13.864]]],[[[100.6205,13.855]]],[[[100.6195,13.8625]]],[[[100.6185,13.863]]],[[[100.618,13.8675],[100.6185,13.8675],[100.618,13.8675]]],[[[100.6205,13.8675],[100.62,13.8675],[100.6205,13.8675]]],[[[100.6165,13.865],[100.616,13.865],[100.6165,13.865]]],[[[100.619,13.8645],[100.618,13.865],[100.619,13.8645]]],[[[100.6205,13.8655],[100.621,13.865],[100.6205,13.8655]]],[[[100.6195,13.8645],[100.6195,13.864],[100.6195,13.8645]]],[[[100.616,13.866],[100.6155,13.8665],[100.616,13.866]]],[[[100.6165,13.866],[100.617,13.8655],[100.6165,13.8655],[100.6165,13.866]]],[[[100.617,13.8665],[100.618,13.866],[100.6175,13.866],[100.617,13.8665]]],[[[100.6195,13.866],[100.619,13.8665],[100.6195,13.866]]],[[[100.6185,13.8655]]],[[[100.6175,13.867],[100.618,13.8665],[100.6175,13.867]]],[[[100.6195,13.867]]],[[[100.6195,13.8685],[100.619,13.869],[100.6195,13.8685]]],[[[100.6185,13.8685],[100.619,13.868],[100.6185,13.8685]]],[[[100.6205,13.868]]],[[[100.6165,13.868],[100.616,13.868],[100.6165,13.868]]],[[[100.619,13.87],[100.62,13.8695],[100.619,13.8695],[100.619,13.87]]],[[[100.6065,13.895],[100.6075,13.8945],[100.607,13.894],[100.6065,13.895]]],[[[100.606,13.8815],[100.606,13.882],[100.606,13.8815]]],[[[100.6065,13.891]]],[[[100.606,13.892]]],[[[100.6075,13.883]]],[[[100.608,13.8965],[100.6075,13.897],[100.608,13.897],[100.608,13.8965]]],[[[100.61,13.89]]],[[[100.611,13.897]]],[[[100.612,13.8935],[100.6125,13.893],[100.612,13.893],[100.612,13.8935]]],[[[100.6135,13.8955],[100.614,13.8955],[100.6135,13.8955]]],[[[100.6295,13.858],[100.629,13.858],[100.63,13.858],[100.6295,13.858]]],[[[100.6295,13.856],[100.6295,13.8555],[100.629,13.8555],[100.629,13.856],[100.6295,13.856]]],[[[100.6305,13.8545],[100.63,13.8545],[100.6295,13.855],[100.6305,13.8545]]],[[[100.626,13.8655],[100.6255,13.8655],[100.626,13.8655]]],[[[100.626,13.8645]]],[[[100.6255,13.8565],[100.625,13.8565],[100.625,13.857],[100.6255,13.8565]]],[[[100.6235,13.856],[100.623,13.856],[100.6235,13.856]]],[[[100.622,13.855]]],[[[100.6245,13.8575],[100.6245,13.858],[100.6245,13.8575]]],[[[100.625,13.8585],[100.6245,13.8585],[100.625,13.8585]]],[[[100.622,13.8585],[100.622,13.858],[100.622,13.8585]]],[[[100.6225,13.864],[100.622,13.864],[100.6225,13.864]]],[[[100.6235,13.864]]],[[[100.623,13.8695]]],[[[100.6235,13.8675],[100.622,13.868],[100.6235,13.8675]]],[[[100.6265,13.8575],[100.6265,13.857],[100.6265,13.8575]]],[[[100.627,13.8555],[100.628,13.8565],[100.6275,13.8555],[100.627,13.8555]]],[[[100.628,13.858]]],[[[100.6285,13.8585],[100.6285,13.858],[100.628,13.858],[100.6285,13.8585]]],[[[100.627,13.8635],[100.626,13.864],[100.627,13.864],[100.627,13.8635]]],[[[100.6275,13.8635],[100.628,13.8635],[100.6275,13.8635]]],[[[100.6295,13.8635],[100.629,13.8635],[100.6295,13.8635]]],[[[100.6285,13.863]]],[[[100.6275,13.863],[100.628,13.863],[100.6275,13.863]]],[[[100.627,13.8645]]],[[[100.6275,13.8645],[100.628,13.8645],[100.6275,13.8645]]],[[[100.635,13.853]]],[[[100.634,13.8525]]],[[[100.633,13.8555]]],[[[100.635,13.856],[100.635,13.8555],[100.635,13.856]]],[[[100.636,13.8555],[100.6365,13.8555],[100.636,13.8555]]],[[[100.631,13.855]]],[[[100.6335,13.8565],[100.633,13.8575],[100.634,13.8565],[100.6335,13.8565]]],[[[100.6345,13.857],[100.6345,13.8575],[100.6345,13.857]]],[[[100.631,13.856]]],[[[100.6305,13.8575]]],[[[100.6385,13.854],[100.6385,13.8535],[100.6385,13.854]]],[[[100.638,13.8495],[100.6385,13.8495],[100.638,13.8495]]],[[[100.6405,13.8485],[100.6405,13.85],[100.641,13.8495],[100.6405,13.8485]]],[[[100.641,13.848],[100.6395,13.848],[100.64,13.8485],[100.64,13.848],[100.6405,13.8485],[100.641,13.848]]],[[[100.642,13.8495],[100.643,13.8485],[100.6415,13.849],[100.642,13.8495]]],[[[100.6435,13.8485],[100.6435,13.848],[100.6435,13.8485]]],[[[100.6395,13.852],[100.64,13.852],[100.64,13.8515],[100.6395,13.852]]],[[[100.641,13.852],[100.6405,13.851],[100.6405,13.8525],[100.641,13.852]]],[[[100.6385,13.852]]],[[[100.6415,13.853],[100.6415,13.8525],[100.6415,13.853]]],[[[100.6445,13.845],[100.645,13.845],[100.6445,13.8445],[100.6445,13.845]]],[[[100.6705,13.8385],[100.671,13.839],[100.672,13.8385],[100.6705,13.8385]]],[[[100.671,13.8335],[100.6705,13.8335],[100.671,13.8335]]],[[[100.6535,13.8485],[100.653,13.8485],[100.6535,13.8485]]],[[[100.6535,13.847],[100.6545,13.8485],[100.655,13.8475],[100.6535,13.847]]],[[[100.648,13.847],[100.648,13.8475],[100.648,13.847]]],[[[100.6495,13.8465],[100.6495,13.847],[100.65,13.847],[100.65,13.8465],[100.6495,13.8465]]],[[[100.649,13.8445],[100.6495,13.845],[100.649,13.8445]]],[[[100.651,13.8425]]],[[[100.647,13.842],[100.6465,13.8415],[100.647,13.842]]],[[[100.648,13.8435]]],[[[100.6465,13.8455],[100.646,13.8465],[100.6465,13.847],[100.647,13.845],[100.6465,13.8455]]],[[[100.648,13.8455],[100.6475,13.846],[100.648,13.846],[100.648,13.8455]]],[[[100.6495,13.846],[100.649,13.8465],[100.6495,13.8465],[100.6495,13.846]]],[[[100.6515,13.8505]]],[[[100.65,13.848],[100.65,13.849],[100.652,13.85],[100.6525,13.849],[100.65,13.848]]],[[[100.648,13.8495],[100.648,13.849],[100.648,13.8495]]],[[[100.66,13.8385],[100.6595,13.8385],[100.66,13.8385]]],[[[100.6675,13.8385],[100.667,13.838],[100.6675,13.8385]]],[[[100.667,13.8355],[100.6675,13.836],[100.667,13.8355]]],[[[100.6695,13.8335],[100.6695,13.834],[100.669,13.833],[100.6695,13.8335]]],[[[100.6695,13.8325],[100.67,13.8325],[100.6695,13.8325]]],[[[100.66,13.8355]]],[[[100.659,13.837],[100.659,13.8375],[100.66,13.8365],[100.659,13.837]]],[[[100.661,13.837],[100.6615,13.8375],[100.661,13.837]]],[[[100.668,13.837],[100.668,13.8375],[100.669,13.838],[100.668,13.837]]],[[[100.664,13.8365]]],[[[100.6655,13.8365]]],[[[100.666,13.8375],[100.6665,13.8375],[100.666,13.8375]]],[[[100.657,13.8425],[100.656,13.8425],[100.657,13.843],[100.657,13.8425]]],[[[100.658,13.8405]]],[[[100.665,13.8405],[100.6645,13.8405],[100.665,13.841],[100.665,13.8405]]],[[[100.659,13.8395]]],[[[100.6665,13.84]]],[[[100.654,13.8425]]],[[[100.661,13.8415]]],[[[100.6615,13.8415],[100.662,13.842],[100.6615,13.8415]]],[[[100.6645,13.8425]]],[[[100.654,13.8485],[100.6535,13.8485],[100.654,13.848],[100.654,13.8485]]],[[[100.6745,13.8275],[100.674,13.828],[100.6745,13.8285],[100.6745,13.8275]]],[[[100.679,13.828],[100.6785,13.8275],[100.679,13.8285],[100.679,13.828]]],[[[100.6805,13.8265],[100.6785,13.8245],[100.678,13.825],[100.679,13.827],[100.6805,13.8265]]],[[[100.677,13.827],[100.677,13.8265],[100.6765,13.827],[100.677,13.827]]],[[[100.6805,13.8275],[100.681,13.827],[100.6805,13.8275]]],[[[100.6725,13.8365]]],[[[100.6745,13.8295],[100.6735,13.829],[100.6745,13.83],[100.6745,13.8295]]],[[[100.6755,13.8285]]],[[[100.672,13.8305],[100.6725,13.831],[100.672,13.8305]]],[[[100.6725,13.835],[100.672,13.835],[100.6725,13.8355],[100.6725,13.835]]],[[[100.6715,13.8345],[100.6715,13.834],[100.6715,13.8345]]],[[[100.5995,13.921],[100.6005,13.9225],[100.601,13.922],[100.6005,13.921],[100.5995,13.921]]],[[[100.598,13.7155]]],[[[100.5985,13.715]]],[[[100.5975,13.712],[100.598,13.713],[100.5975,13.712]]],[[[100.598,13.7115],[100.5995,13.7125],[100.6015,13.712],[100.6015,13.711],[100.598,13.7115]]],[[[100.598,13.709],[100.598,13.7085],[100.5975,13.7085],[100.5975,13.709],[100.598,13.709]]],[[[100.598,13.705],[100.5985,13.7055],[100.599,13.7045],[100.598,13.705]]],[[[100.5975,13.703],[100.5985,13.703],[100.5975,13.7025],[100.5975,13.703]]],[[[100.5985,13.701]]],[[[100.58,13.7305],[100.58,13.73],[100.58,13.7295],[100.58,13.73],[100.58,13.7305]]],[[[100.58,13.727]]],[[[100.5805,13.725],[100.5805,13.7245],[100.5805,13.725]]],[[[100.5795,13.721]]],[[[100.58,13.72],[100.5805,13.72],[100.5805,13.7195],[100.58,13.7195],[100.58,13.72]]],[[[100.58,13.7185],[100.58,13.719],[100.5805,13.719],[100.5805,13.7185],[100.58,13.7185]]],[[[100.58,13.7175],[100.5805,13.7175],[100.58,13.717],[100.58,13.7175]]],[[[100.5735,13.7345],[100.574,13.7345],[100.5735,13.7345]]],[[[100.574,13.7315],[100.574,13.731],[100.574,13.7315]]],[[[100.5735,13.7295],[100.574,13.7305],[100.574,13.7285],[100.5735,13.7295]]],[[[100.575,13.7295],[100.5745,13.7295],[100.575,13.7295]]],[[[100.5745,13.7275],[100.575,13.727],[100.5745,13.7275]]],[[[100.575,13.7265],[100.575,13.726],[100.5745,13.726],[100.575,13.7265]]],[[[100.5745,13.7255],[100.5745,13.725],[100.5745,13.7255]]],[[[100.5745,13.724],[100.5735,13.7245],[100.575,13.7245],[100.5745,13.724]]],[[[100.5745,13.721],[100.575,13.7215],[100.575,13.721],[100.5745,13.721]]],[[[100.574,13.7205]]],[[[100.574,13.7195],[100.574,13.72],[100.574,13.7195]]],[[[100.572,13.7355],[100.573,13.7355],[100.5725,13.7345],[100.572,13.7355]]],[[[100.572,13.7345]]],[[[100.5715,13.733],[100.5725,13.7335],[100.572,13.7325],[100.5715,13.733]]],[[[100.573,13.731],[100.573,13.7315],[100.573,13.731]]],[[[100.5725,13.73],[100.5725,13.7295],[100.5725,13.73]]],[[[100.5725,13.726],[100.573,13.7265],[100.573,13.7255],[100.5725,13.726]]],[[[100.571,13.7365],[100.5715,13.7355],[100.57,13.736],[100.571,13.7365]]],[[[100.5715,13.732],[100.572,13.7315],[100.571,13.7305],[100.5715,13.732]]],[[[100.5715,13.7275],[100.571,13.729],[100.572,13.7285],[100.5705,13.727],[100.5715,13.7275]]],[[[100.5705,13.726],[100.571,13.726],[100.5705,13.726]]],[[[100.5715,13.724],[100.5715,13.7235],[100.5715,13.724]]],[[[100.5705,13.7345],[100.571,13.735],[100.5705,13.7345]]],[[[100.57,13.734],[100.5705,13.734],[100.57,13.7335],[100.57,13.734]]],[[[100.571,13.725]]],[[[100.5715,13.726],[100.572,13.7275],[100.572,13.727],[100.5715,13.726]]],[[[100.5735,13.7195],[100.573,13.7195],[100.573,13.72],[100.5735,13.7195]]],[[[100.573,13.7225],[100.573,13.723],[100.574,13.723],[100.573,13.7225]]],[[[100.574,13.736],[100.5735,13.736],[100.574,13.736]]],[[[100.574,13.734],[100.5735,13.734],[100.574,13.734]]],[[[100.573,13.733],[100.574,13.733],[100.5735,13.732],[100.573,13.733]]],[[[100.576,13.729],[100.576,13.7295],[100.5765,13.7295],[100.576,13.729]]],[[[100.576,13.727],[100.576,13.728],[100.576,13.727]]],[[[100.576,13.7265],[100.576,13.727],[100.576,13.7265]]],[[[100.576,13.7245],[100.5765,13.7245],[100.576,13.7245]]],[[[100.5765,13.7175]]],[[[100.575,13.7195],[100.575,13.72],[100.575,13.7195]]],[[[100.575,13.7185]]],[[[100.575,13.7285]]],[[[100.5755,13.7325]]],[[[100.575,13.731],[100.575,13.7315],[100.575,13.731]]],[[[100.575,13.73]]],[[[100.575,13.7305]]],[[[100.5755,13.73]]],[[[100.5775,13.7305],[100.5775,13.73],[100.5775,13.7305]]],[[[100.577,13.729],[100.577,13.73],[100.5775,13.73],[100.5775,13.729],[100.577,13.729]]],[[[100.5775,13.728],[100.5775,13.7285],[100.5775,13.728]]],[[[100.5775,13.726],[100.577,13.7265],[100.577,13.7275],[100.5775,13.7275],[100.577,13.727],[100.5775,13.7265],[100.5775,13.726]]],[[[100.5785,13.719],[100.5785,13.7195],[100.579,13.7195],[100.5785,13.719]]],[[[100.5785,13.7185],[100.5785,13.719],[100.579,13.7185],[100.5785,13.7185]]],[[[100.5785,13.718],[100.579,13.718],[100.5785,13.718]]],[[[100.5785,13.717],[100.5785,13.7175],[100.5785,13.717]]],[[[100.5785,13.7165]]],[[[100.5775,13.7175],[100.5775,13.717],[100.5775,13.7175]]],[[[100.579,13.73],[100.5785,13.7305],[100.5785,13.7315],[100.579,13.7315],[100.579,13.73]]],[[[100.5785,13.728],[100.58,13.728],[100.579,13.7275],[100.5785,13.728]]],[[[100.5785,13.7265],[100.5785,13.727],[100.5785,13.7265]]],[[[100.579,13.722],[100.5785,13.7225],[100.579,13.722]]],[[[100.5785,13.7205]]],[[[100.5785,13.724],[100.578,13.7235],[100.5785,13.724]]],[[[100.5795,13.7265]]],[[[100.589,13.7205],[100.589,13.721],[100.589,13.7205]]],[[[100.5885,13.7175],[100.589,13.7185],[100.589,13.718],[100.5885,13.7175]]],[[[100.5885,13.716]]],[[[100.5885,13.7155]]],[[[100.5885,13.715]]],[[[100.588,13.714],[100.5885,13.7145],[100.589,13.7135],[100.588,13.714]]],[[[100.5895,13.712],[100.589,13.712],[100.589,13.7125],[100.5895,13.712]]],[[[100.584,13.7255]]],[[[100.584,13.7165]]],[[[100.583,13.715],[100.5835,13.7155],[100.584,13.715],[100.581,13.7155],[100.583,13.715]]],[[[100.582,13.727],[100.582,13.7275],[100.582,13.727],[100.5805,13.7265],[100.581,13.727],[100.582,13.727]]],[[[100.5815,13.726],[100.581,13.7255],[100.5805,13.7255],[100.5805,13.726],[100.5815,13.726]]],[[[100.5825,13.724],[100.582,13.725],[100.5825,13.7255],[100.5825,13.724]]],[[[100.5825,13.723],[100.583,13.723],[100.5825,13.7225],[100.5825,13.723]]],[[[100.5815,13.7205]]],[[[100.581,13.719],[100.581,13.72],[100.582,13.72],[100.581,13.719]]],[[[100.582,13.718],[100.5825,13.7185],[100.583,13.718],[100.5835,13.719],[100.5825,13.7195],[100.583,13.7205],[100.5835,13.7175],[100.582,13.718],[100.581,13.7175],[100.581,13.7185],[100.582,13.718]]],[[[100.5815,13.7165],[100.5835,13.7165],[100.583,13.7165],[100.5815,13.7165]]],[[[100.582,13.7125],[100.582,13.712],[100.582,13.7125]]],[[[100.5835,13.712]]],[[[100.5825,13.7135]]],[[[100.5835,13.7235]]],[[[100.5835,13.726],[100.5825,13.7255],[100.583,13.727],[100.5835,13.726]]],[[[100.583,13.727],[100.583,13.728],[100.5835,13.7275],[100.583,13.727]]],[[[100.586,13.7255],[100.5865,13.726],[100.587,13.726],[100.587,13.7255],[100.586,13.7255]]],[[[100.586,13.7245],[100.586,13.725],[100.586,13.7245]]],[[[100.5865,13.7235],[100.5865,13.724],[100.5865,13.7235]]],[[[100.5865,13.722],[100.586,13.7225],[100.587,13.723],[100.5865,13.722]]],[[[100.5855,13.721]]],[[[100.5865,13.718],[100.586,13.718],[100.5865,13.718]]],[[[100.586,13.718],[100.588,13.7165],[100.5865,13.7165],[100.586,13.718]]],[[[100.5855,13.715],[100.5845,13.715],[100.5875,13.7155],[100.5855,13.715]]],[[[100.585,13.714],[100.586,13.714],[100.586,13.7135],[100.5855,13.7135],[100.585,13.714]]],[[[100.585,13.7165],[100.5855,13.7165],[100.585,13.7165]]],[[[100.5855,13.7185],[100.5855,13.719],[100.5855,13.7185]]],[[[100.5855,13.72],[100.585,13.72],[100.5855,13.72]]],[[[100.585,13.723]]],[[[100.5855,13.722],[100.5855,13.7215],[100.5855,13.722]]],[[[100.5855,13.7215],[100.585,13.7215],[100.5855,13.7215]]],[[[100.5855,13.7235],[100.5855,13.724],[100.5855,13.7235]]],[[[100.5855,13.726]]],[[[100.5875,13.7225],[100.587,13.7225],[100.5875,13.7225]]],[[[100.5875,13.7225]]],[[[100.5865,13.7115]]],[[[100.5875,13.7115]]],[[[100.5875,13.7135],[100.587,13.714],[100.5875,13.714],[100.5875,13.7135]]],[[[100.5885,13.7185],[100.588,13.7185],[100.5885,13.719],[100.5885,13.7185]]],[[[100.587,13.72],[100.5875,13.7205],[100.588,13.7205],[100.588,13.72],[100.587,13.72]]],[[[100.587,13.721],[100.587,13.7215],[100.587,13.721]]],[[[100.588,13.724],[100.588,13.725],[100.588,13.724]]],[[[100.588,13.726],[100.588,13.7255],[100.588,13.726]]],[[[100.594,13.7175],[100.5955,13.718],[100.5945,13.717],[100.594,13.7175]]],[[[100.591,13.719]]],[[[100.591,13.7185]]],[[[100.592,13.7175],[100.592,13.718],[100.592,13.7175]]],[[[100.591,13.7175],[100.5915,13.717],[100.5905,13.717],[100.591,13.7175]]],[[[100.5915,13.716],[100.5915,13.7165],[100.5915,13.716]]],[[[100.5905,13.711],[100.5915,13.712],[100.591,13.71],[100.5905,13.711]]],[[[100.59,13.7135],[100.5895,13.714],[100.5895,13.715],[100.59,13.7135]]],[[[100.5905,13.7145],[100.591,13.7135],[100.5905,13.7145]]],[[[100.59,13.7175]]],[[[100.591,13.7185]]],[[[100.59,13.72],[100.59,13.7205],[100.59,13.72]]],[[[100.59,13.721]]],[[[100.5925,13.7115]]],[[[100.593,13.7175],[100.593,13.717],[100.593,13.7175]]],[[[100.5925,13.716],[100.593,13.716],[100.5925,13.716]]],[[[100.5935,13.7055],[100.594,13.705],[100.5935,13.7055]]],[[[100.5955,13.7035]]],[[[100.5935,13.7045],[100.593,13.7045],[100.5935,13.7045]]],[[[100.5975,13.716],[100.597,13.716],[100.5975,13.7165],[100.5975,13.716]]],[[[100.597,13.715]]],[[[100.597,13.7135],[100.597,13.714],[100.5975,13.7135],[100.597,13.7135]]],[[[100.5955,13.7095],[100.5975,13.71],[100.596,13.708],[100.5955,13.7095]]],[[[100.597,13.708]]],[[[100.597,13.7075],[100.5975,13.7075],[100.597,13.7075]]],[[[100.5965,13.7055],[100.597,13.7055],[100.5965,13.7055]]],[[[100.596,13.7035],[100.5965,13.7035],[100.596,13.7035]]],[[[100.5965,13.7025],[100.597,13.703],[100.597,13.7025],[100.5965,13.7025]]],[[[100.5965,13.7015],[100.597,13.702],[100.5975,13.7015],[100.5965,13.7015]]],[[[100.596,13.711],[100.5955,13.7115],[100.596,13.711]]],[[[100.594,13.707],[100.5945,13.7065],[100.594,13.707]]],[[[100.5945,13.705],[100.5945,13.7055],[100.5945,13.705]]],[[[100.596,13.704],[100.5955,13.704],[100.5955,13.7045],[100.596,13.7045],[100.596,13.704]]],[[[100.5965,13.7075],[100.5965,13.707],[100.596,13.707],[100.5965,13.7075]]],[[[100.597,13.7],[100.5975,13.7],[100.597,13.7]]],[[[100.5975,13.705],[100.5975,13.7045],[100.5975,13.705]]],[[[100.598,13.694]]],[[[100.605,13.7065],[100.6035,13.706],[100.604,13.706],[100.605,13.7065]]],[[[100.6035,13.7045],[100.6055,13.705],[100.6055,13.704],[100.603,13.704],[100.603,13.705],[100.6035,13.7045]]],[[[100.604,13.7035],[100.6035,13.7035],[100.604,13.7035]]],[[[100.6035,13.702],[100.6045,13.703],[100.6045,13.7025],[100.604,13.702],[100.6035,13.702]]],[[[100.6035,13.699],[100.603,13.699],[100.6035,13.6995],[100.6035,13.699]]],[[[100.6045,13.6975],[100.6045,13.697],[100.6035,13.6975],[100.6045,13.6975]]],[[[100.604,13.6935],[100.6035,13.6935],[100.604,13.6935]]],[[[100.604,13.693],[100.603,13.692],[100.604,13.693]]],[[[100.605,13.692],[100.6025,13.691],[100.605,13.692]]],[[[100.5995,13.696],[100.601,13.6965],[100.6015,13.697],[100.6015,13.6965],[100.5995,13.696]]],[[[100.6015,13.6955],[100.602,13.6955],[100.6015,13.6955]]],[[[100.601,13.6945],[100.6005,13.694],[100.601,13.6945]]],[[[100.6015,13.693]]],[[[100.601,13.6925],[100.601,13.692],[100.601,13.6925]]],[[[100.6005,13.695],[100.6,13.695],[100.5995,13.695],[100.6005,13.6955],[100.6005,13.695]]],[[[100.5995,13.6935],[100.5995,13.694],[100.5995,13.6935]]],[[[100.599,13.6935],[100.5985,13.6935],[100.599,13.6935]]],[[[100.603,13.7065],[100.601,13.7065],[100.6025,13.7075],[100.603,13.7065]]],[[[100.6005,13.702],[100.6015,13.7035],[100.601,13.7025],[100.6005,13.702]]],[[[100.5995,13.71],[100.5995,13.7105],[100.5995,13.71]]],[[[100.5985,13.707],[100.5995,13.7075],[100.6,13.707],[100.5985,13.707]]],[[[100.5995,13.7045]]],[[[100.599,13.702],[100.6,13.703],[100.5995,13.702],[100.599,13.702]]],[[[100.599,13.7],[100.599,13.7005],[100.5995,13.7005],[100.599,13.7]]],[[[100.599,13.6995],[100.5985,13.7],[100.599,13.6995]]],[[[100.599,13.703]]],[[[100.6025,13.7035]]],[[[100.6025,13.701],[100.6015,13.7],[100.6015,13.7005],[100.6025,13.701]]],[[[100.6025,13.6985],[100.603,13.698],[100.6025,13.6985]]],[[[100.6025,13.6955],[100.6025,13.696],[100.603,13.696],[100.603,13.6955],[100.6025,13.6955]]],[[[100.6025,13.693],[100.602,13.6925],[100.603,13.693],[100.6025,13.693]]],[[[100.6025,13.692],[100.602,13.692],[100.6025,13.692]]],[[[100.602,13.695],[100.602,13.6945],[100.602,13.695]]],[[[100.602,13.7015]]],[[[100.602,13.7015]]],[[[100.602,13.7085],[100.602,13.708],[100.602,13.7085]]],[[[100.603,13.694],[100.6035,13.694],[100.603,13.694]]],[[[100.603,13.6945]]],[[[100.603,13.7],[100.6025,13.7],[100.603,13.7]]],[[[100.603,13.703]]],[[[100.603,13.708],[100.603,13.7085],[100.603,13.708]]],[[[100.6035,13.673],[100.6035,13.6735],[100.604,13.6735],[100.604,13.673],[100.6035,13.673]]],[[[100.603,13.6715],[100.6035,13.672],[100.604,13.6715],[100.603,13.6715]]],[[[100.6015,13.673],[100.602,13.673],[100.6015,13.673]]],[[[100.6035,13.6745]]],[[[100.6075,13.706]]],[[[100.608,13.7055]]],[[[100.6075,13.704],[100.608,13.7035],[100.6075,13.703],[100.6075,13.704]]],[[[100.608,13.7025],[100.609,13.703],[100.6085,13.702],[100.6055,13.7005],[100.608,13.7025]]],[[[100.6085,13.701]]],[[[100.6065,13.7],[100.6075,13.7005],[100.608,13.7005],[100.6065,13.7]]],[[[100.6075,13.696],[100.608,13.6965],[100.6085,13.6965],[100.6075,13.696]]],[[[100.608,13.6925],[100.608,13.693],[100.608,13.6925]]],[[[100.6075,13.6915],[100.6075,13.6905],[100.607,13.69],[100.607,13.6905],[100.6075,13.6915]]],[[[100.6095,13.69],[100.609,13.69],[100.6095,13.69]]],[[[100.61,13.688],[100.6095,13.689],[100.61,13.688]]],[[[100.6095,13.685],[100.61,13.6855],[100.6095,13.6835],[100.608,13.683],[100.609,13.682],[100.607,13.683],[100.6095,13.685]]],[[[100.61,13.683]]],[[[100.609,13.678],[100.6095,13.6785],[100.6105,13.6785],[100.6105,13.678],[100.609,13.678]]],[[[100.61,13.6775],[100.609,13.6775],[100.61,13.6775]]],[[[100.607,13.6815]]],[[[100.6075,13.6795],[100.607,13.679],[100.608,13.68],[100.6075,13.6795]]],[[[100.6075,13.6775]]],[[[100.606,13.677],[100.607,13.677],[100.6075,13.677],[100.606,13.677]]],[[[100.605,13.673],[100.6055,13.673],[100.605,13.673]]],[[[100.605,13.672],[100.606,13.672],[100.6055,13.6705],[100.605,13.672]]],[[[100.6045,13.67],[100.605,13.67],[100.6045,13.67]]],[[[100.605,13.6805],[100.6065,13.681],[100.606,13.6795],[100.605,13.6805]]],[[[100.6055,13.6775],[100.6055,13.678],[100.6055,13.6775]]],[[[100.605,13.6775],[100.605,13.678],[100.605,13.6775]]],[[[100.6045,13.6805],[100.6045,13.68],[100.6045,13.6805]]],[[[100.606,13.7015],[100.6055,13.7015],[100.606,13.702],[100.606,13.7015]]],[[[100.605,13.6995],[100.606,13.6995],[100.605,13.6995]]],[[[100.605,13.695],[100.606,13.694],[100.605,13.694],[100.605,13.695]]],[[[100.6055,13.69]]],[[[100.605,13.6865],[100.6065,13.6875],[100.605,13.6865]]],[[[100.606,13.686],[100.606,13.6865],[100.606,13.686]]],[[[100.605,13.6855],[100.605,13.686],[100.605,13.6855]]],[[[100.6055,13.684],[100.6055,13.6845],[100.606,13.6845],[100.6055,13.684]]],[[[100.605,13.6895]]],[[[100.605,13.696],[100.6045,13.696],[100.605,13.6965],[100.605,13.696]]],[[[100.605,13.7075],[100.6055,13.7075],[100.605,13.7075]]],[[[100.604,13.707]]],[[[100.6075,13.689],[100.608,13.6885],[100.6075,13.6885],[100.6075,13.689]]],[[[100.608,13.6865],[100.6085,13.6865],[100.608,13.6865]]],[[[100.607,13.687]]],[[[100.606,13.6915],[100.6065,13.6915],[100.606,13.6915]]],[[[100.6065,13.691]]],[[[100.606,13.697],[100.6065,13.6975],[100.606,13.697]]],[[[100.608,13.6775]]],[[[100.6085,13.6765],[100.6085,13.676],[100.6085,13.6765]]],[[[100.6085,13.679]]],[[[100.6095,13.687],[100.609,13.688],[100.6095,13.687]]],[[[100.609,13.6855],[100.609,13.686],[100.609,13.6855]]],[[[100.6095,13.6865]]],[[[100.609,13.6885],[100.6085,13.689],[100.609,13.6885]]],[[[100.607,13.7025],[100.6075,13.7025],[100.607,13.702],[100.607,13.7025]]],[[[100.6065,13.7055]]],[[[100.6065,13.704],[100.607,13.704],[100.6065,13.704]]],[[[100.606,13.706],[100.6065,13.7065],[100.606,13.706]]],[[[100.606,13.708],[100.6065,13.708],[100.606,13.708]]],[[[100.6135,13.6895],[100.6135,13.69],[100.6135,13.6895]]],[[[100.6135,13.688],[100.6135,13.6885],[100.614,13.688],[100.6135,13.688]]],[[[100.6135,13.686],[100.6145,13.6855],[100.6145,13.685],[100.614,13.6855],[100.6135,13.6855],[100.6135,13.686]]],[[[100.614,13.684]]],[[[100.6145,13.6775],[100.614,13.6775],[100.6145,13.6775]]],[[[100.614,13.677]]],[[[100.609,13.6915],[100.609,13.691],[100.609,13.6915]]],[[[100.611,13.677]]],[[[100.6135,13.6765],[100.613,13.6765],[100.6135,13.6765]]],[[[100.612,13.679]]],[[[100.611,13.6855],[100.6115,13.686],[100.611,13.6855]]],[[[100.6115,13.6825],[100.611,13.683],[100.612,13.6825],[100.6115,13.6815],[100.611,13.682],[100.6115,13.6825]]],[[[100.6125,13.6825],[100.612,13.6835],[100.6125,13.6835],[100.6125,13.6825]]],[[[100.6125,13.686]]],[[[100.6125,13.687],[100.6125,13.6875],[100.613,13.688],[100.613,13.687],[100.6125,13.687]]],[[[100.6115,13.687],[100.611,13.6865],[100.6115,13.687]]],[[[100.614,13.679],[100.614,13.6795],[100.614,13.679]]],[[[100.616,13.679],[100.6155,13.68],[100.616,13.68],[100.616,13.679]]],[[[100.617,13.679]]],[[[100.61,13.698]]],[[[100.609,13.7035],[100.6085,13.7035],[100.6085,13.7045],[100.609,13.7035]]],[[[100.5795,13.802]]],[[[100.5795,13.777],[100.579,13.7765],[100.5795,13.777]]],[[[100.5745,13.8095],[100.574,13.8105],[100.5745,13.8105],[100.5745,13.8095]]],[[[100.574,13.809],[100.574,13.8095],[100.574,13.808],[100.574,13.809]]],[[[100.575,13.7965],[100.5765,13.797],[100.5765,13.798],[100.578,13.797],[100.575,13.7965]]],[[[100.5745,13.786]]],[[[100.575,13.785],[100.575,13.7845],[100.575,13.785]]],[[[100.5745,13.7815]]],[[[100.575,13.779]]],[[[100.574,13.7775],[100.5745,13.7775],[100.5745,13.776],[100.574,13.7775]]],[[[100.5745,13.7755]]],[[[100.575,13.7735]]],[[[100.5745,13.769],[100.5755,13.7695],[100.576,13.768],[100.574,13.7685],[100.5745,13.769]]],[[[100.5735,13.7665],[100.574,13.767],[100.5745,13.766],[100.5735,13.7665]]],[[[100.5735,13.758],[100.576,13.7585],[100.576,13.7575],[100.5745,13.7575],[100.574,13.7565],[100.573,13.7595],[100.5735,13.76],[100.574,13.7595],[100.5735,13.758]]],[[[100.572,13.8135],[100.572,13.814],[100.572,13.8135]]],[[[100.572,13.8125],[100.572,13.813],[100.572,13.8125]]],[[[100.5725,13.811],[100.572,13.811],[100.5725,13.811]]],[[[100.5725,13.81]]],[[[100.572,13.8075]]],[[[100.572,13.8055],[100.572,13.806],[100.572,13.8055]]],[[[100.572,13.8015]]],[[[100.572,13.799],[100.572,13.7985],[100.5715,13.799],[100.572,13.799]]],[[[100.572,13.797],[100.572,13.7965],[100.572,13.797]]],[[[100.5725,13.794],[100.572,13.7955],[100.5725,13.794]]],[[[100.572,13.7885]]],[[[100.572,13.787]]],[[[100.5715,13.7855],[100.572,13.786],[100.5725,13.786],[100.5715,13.7855]]],[[[100.5715,13.785]]],[[[100.572,13.782],[100.572,13.7825],[100.5735,13.7825],[100.572,13.782]]],[[[100.572,13.7815]]],[[[100.5715,13.7785],[100.572,13.7785],[100.5715,13.7785]]],[[[100.5725,13.777],[100.572,13.777],[100.5725,13.777]]],[[[100.572,13.7765]]],[[[100.572,13.7735],[100.5725,13.774],[100.572,13.7735]]],[[[100.572,13.77],[100.5725,13.7705],[100.572,13.77]]],[[[100.571,13.7695],[100.5715,13.769],[100.571,13.7695]]],[[[100.572,13.7675],[100.5725,13.7675],[100.572,13.7645],[100.571,13.766],[100.572,13.7675]]],[[[100.573,13.762],[100.5735,13.7625],[100.5735,13.762],[100.573,13.762]]],[[[100.572,13.7545],[100.573,13.755],[100.572,13.754],[100.573,13.7535],[100.5715,13.7535],[100.572,13.754],[100.571,13.7545],[100.5715,13.755],[100.572,13.7545]]],[[[100.571,13.7595],[100.572,13.76],[100.571,13.758],[100.571,13.7595]]],[[[100.5725,13.7575],[100.572,13.758],[100.572,13.7585],[100.5725,13.7575]]],[[[100.571,13.7835]]],[[[100.5705,13.781],[100.5705,13.7805],[100.5705,13.781]]],[[[100.571,13.814]]],[[[100.5705,13.8115],[100.571,13.8115],[100.5705,13.8115]]],[[[100.571,13.808]]],[[[100.571,13.8055],[100.571,13.8065],[100.571,13.8055]]],[[[100.5705,13.814],[100.571,13.814],[100.5705,13.814]]],[[[100.572,13.762],[100.5715,13.762],[100.572,13.762]]],[[[100.5715,13.7605]]],[[[100.5725,13.757]]],[[[100.5715,13.7905],[100.5715,13.79],[100.5715,13.7905]]],[[[100.5715,13.8095]]],[[[100.573,13.779]]],[[[100.573,13.7765],[100.573,13.776],[100.5725,13.776],[100.573,13.7765]]],[[[100.5735,13.8095]]],[[[100.5725,13.805],[100.573,13.8055],[100.573,13.805],[100.5725,13.805]]],[[[100.573,13.7935],[100.5735,13.793],[100.573,13.793],[100.573,13.7935]]],[[[100.573,13.7915],[100.573,13.7925],[100.573,13.7915]]],[[[100.5735,13.7895],[100.573,13.7895],[100.5735,13.7895]]],[[[100.5725,13.784]]],[[[100.5725,13.8035],[100.5725,13.804],[100.5725,13.8035]]],[[[100.574,13.8045],[100.574,13.804],[100.574,13.8045]]],[[[100.5735,13.7975],[100.5735,13.797],[100.5735,13.7975]]],[[[100.5735,13.795],[100.5735,13.7945],[100.5735,13.795]]],[[[100.5735,13.8055]]],[[[100.574,13.7535]]],[[[100.574,13.755],[100.574,13.7545],[100.574,13.755]]],[[[100.5765,13.809]]],[[[100.576,13.807],[100.577,13.8075],[100.577,13.807],[100.576,13.807]]],[[[100.5765,13.804],[100.5765,13.8035],[100.5765,13.804]]],[[[100.576,13.8085],[100.576,13.808],[100.576,13.8085]]],[[[100.576,13.807]]],[[[100.577,13.791]]],[[[100.577,13.7905],[100.5775,13.79],[100.577,13.79],[100.577,13.7905]]],[[[100.5765,13.778],[100.5765,13.7775],[100.5765,13.778]]],[[[100.575,13.767],[100.5755,13.767],[100.575,13.767]]],[[[100.576,13.785]]],[[[100.5755,13.78]]],[[[100.5755,13.773]]],[[[100.578,13.796]]],[[[100.578,13.7855]]],[[[100.5785,13.7845]]],[[[100.578,13.807]]],[[[100.5775,13.8015],[100.5775,13.802],[100.5775,13.8015]]],[[[100.5785,13.7875],[100.5785,13.787],[100.5785,13.7875]]],[[[100.5785,13.8015]]],[[[100.5785,13.803],[100.5785,13.8025],[100.5785,13.803]]],[[[100.577,13.759]]],[[[100.577,13.7565],[100.5765,13.7565],[100.5765,13.757],[100.577,13.7565]]],[[[100.5765,13.7545],[100.5765,13.754],[100.5765,13.7545]]],[[[100.5755,13.7565]]],[[[100.5755,13.752]]],[[[100.575,13.7605],[100.5755,13.7605],[100.575,13.7605]]],[[[100.5775,13.759],[100.578,13.759],[100.578,13.7585],[100.578,13.758],[100.578,13.7575],[100.5775,13.7575],[100.578,13.7585],[100.5775,13.759]]],[[[100.578,13.7495],[100.5785,13.749],[100.578,13.749],[100.578,13.7495]]],[[[100.5845,13.7555],[100.5845,13.755],[100.585,13.7565],[100.5845,13.7555]]],[[[100.58,13.7535]]],[[[100.5795,13.7755],[100.5805,13.7775],[100.5805,13.7755],[100.5795,13.7755]]],[[[100.58,13.7875],[100.58,13.787],[100.58,13.7875]]],[[[100.5705,13.868],[100.571,13.8675],[100.5705,13.8675],[100.5705,13.868]]],[[[100.553,13.838],[100.5535,13.838],[100.553,13.838]]],[[[100.5455,13.821],[100.546,13.8215],[100.546,13.8205],[100.5455,13.821]]],[[[100.5495,13.8275],[100.549,13.827],[100.548,13.827],[100.5485,13.8275],[100.5495,13.8275]]],[[[100.547,13.8235],[100.5465,13.823],[100.547,13.8245],[100.5475,13.824],[100.547,13.8235]]],[[[100.5465,13.831],[100.547,13.8305],[100.5465,13.8305],[100.5465,13.831]]],[[[100.55,13.831]]],[[[100.5505,13.83]]],[[[100.5615,13.8535],[100.562,13.854],[100.562,13.8535],[100.5615,13.8535]]],[[[100.561,13.852],[100.561,13.8525],[100.561,13.852]]],[[[100.5605,13.849],[100.561,13.8505],[100.5615,13.8495],[100.5605,13.849]]],[[[100.5575,13.8405],[100.557,13.839],[100.5565,13.839],[100.5575,13.8405]]],[[[100.556,13.836],[100.5555,13.836],[100.556,13.837],[100.556,13.836]]],[[[100.5565,13.8415],[100.5565,13.842],[100.5565,13.8415]]],[[[100.556,13.841],[100.5565,13.841],[100.5565,13.8405],[100.556,13.8405],[100.556,13.841]]],[[[100.5565,13.8375],[100.556,13.837],[100.5565,13.838],[100.5565,13.8375]]],[[[100.5575,13.851],[100.557,13.851],[100.5575,13.851]]],[[[100.5575,13.85]]],[[[100.555,13.8505]]],[[[100.558,13.8525],[100.558,13.853],[100.5585,13.853],[100.5585,13.8525],[100.558,13.8525]]],[[[100.5585,13.839],[100.559,13.8395],[100.5595,13.839],[100.559,13.839],[100.5585,13.839]]],[[[100.5595,13.8535]]],[[[100.5595,13.8525],[100.5595,13.8515],[100.5595,13.8525]]],[[[100.5585,13.85],[100.5585,13.8495],[100.5585,13.85]]],[[[100.5595,13.8415]]],[[[100.5605,13.851],[100.56,13.851],[100.5605,13.851]]],[[[100.5595,13.8495]]],[[[100.565,13.8445],[100.5645,13.8445],[100.5645,13.8455],[100.565,13.845],[100.565,13.8445]]],[[[100.5625,13.853]]],[[[100.562,13.852],[100.5625,13.852],[100.562,13.852]]],[[[100.562,13.847]]],[[[100.563,13.854]]],[[[100.5655,13.8445],[100.566,13.8445],[100.5655,13.8445]]],[[[100.5675,13.8625],[100.5675,13.862],[100.5675,13.8625]]],[[[100.5695,13.866],[100.57,13.8665],[100.57,13.866],[100.5695,13.866]]],[[[100.569,13.8655],[100.5695,13.865],[100.568,13.8635],[100.569,13.8655]]],[[[100.5875,13.621],[100.586,13.622],[100.5885,13.6215],[100.5875,13.621]]],[[[100.5895,13.6175]]],[[[100.591,13.623],[100.592,13.623],[100.591,13.623]]],[[[100.593,13.621],[100.591,13.6205],[100.5905,13.6215],[100.593,13.622],[100.593,13.621]]],[[[100.593,13.6225],[100.5935,13.6225],[100.5935,13.622],[100.593,13.6225]]],[[[100.5915,13.6245],[100.592,13.6245],[100.5915,13.6245]]],[[[100.592,13.6245]]],[[[100.594,13.6465],[100.593,13.647],[100.5935,13.6475],[100.594,13.6465]]],[[[100.594,13.65]]],[[[100.5935,13.651],[100.594,13.6505],[100.5935,13.6505],[100.5935,13.651]]],[[[100.5975,13.632],[100.5975,13.6325],[100.598,13.632],[100.5975,13.632]]],[[[100.595,13.6355],[100.595,13.635],[100.595,13.6355]]],[[[100.594,13.6335],[100.595,13.6345],[100.5945,13.6335],[100.594,13.6335]]],[[[100.596,13.635],[100.5955,13.6335],[100.595,13.633],[100.596,13.635]]],[[[100.596,13.6365],[100.5965,13.6375],[100.5965,13.638],[100.596,13.6365]]],[[[100.596,13.633],[100.596,13.6325],[100.596,13.633]]],[[[100.5955,13.637],[100.5955,13.6375],[100.5955,13.6365],[100.5955,13.637]]],[[[100.596,13.6385],[100.5955,13.638],[100.596,13.6385]]],[[[100.598,13.7445],[100.5985,13.7435],[100.5975,13.7435],[100.598,13.7445]]],[[[100.5975,13.7425],[100.598,13.7425],[100.5975,13.7425]]],[[[100.5985,13.741]]],[[[100.595,13.7415],[100.5955,13.742],[100.596,13.7415],[100.595,13.7415]]],[[[100.597,13.7445],[100.5965,13.7445],[100.597,13.7445]]],[[[100.5965,13.7425],[100.596,13.7425],[100.5965,13.7425]]],[[[100.596,13.744]]],[[[100.604,13.747]]],[[[100.604,13.745]]],[[[100.6055,13.743],[100.605,13.7425],[100.605,13.743],[100.6055,13.743]]],[[[100.605,13.7395],[100.605,13.742],[100.6055,13.742],[100.605,13.7395]]],[[[100.602,13.742],[100.604,13.742],[100.6035,13.7415],[100.602,13.742]]],[[[100.601,13.745],[100.6,13.7455],[100.601,13.745]]],[[[100.6005,13.744],[100.601,13.7435],[100.5995,13.744],[100.6,13.745],[100.6005,13.744]]],[[[100.6015,13.741],[100.602,13.741],[100.6015,13.741]]],[[[100.6,13.7425],[100.5995,13.7425],[100.6,13.7425]]],[[[100.6025,13.7455],[100.603,13.746],[100.6025,13.7455]]],[[[100.6035,13.741],[100.603,13.741],[100.6035,13.741]]],[[[100.602,13.743],[100.602,13.7435],[100.602,13.743]]],[[[100.6035,13.7425],[100.604,13.743],[100.604,13.7425],[100.6035,13.7425]]],[[[100.6045,13.746],[100.6055,13.747],[100.6055,13.746],[100.607,13.7455],[100.6075,13.746],[100.6065,13.745],[100.6045,13.746]]],[[[100.6045,13.747]]],[[[100.606,13.74]]],[[[100.6055,13.986],[100.606,13.986],[100.6055,13.9855],[100.6055,13.986]]],[[[100.6015,13.607],[100.601,13.608],[100.6005,13.608],[100.6015,13.6075],[100.6015,13.607]]],[[[100.601,13.606],[100.6005,13.6065],[100.601,13.606]]],[[[100.5985,13.6065],[100.599,13.6065],[100.5985,13.6065]]],[[[100.5985,13.6055],[100.599,13.606],[100.599,13.6055],[100.5985,13.6055]]],[[[100.5995,13.6065],[100.5995,13.606],[100.5995,13.6065]]],[[[100.603,13.6085],[100.6025,13.6085],[100.603,13.6085]]],[[[100.5975,13.6625],[100.5975,13.661],[100.5975,13.6625]]],[[[100.6055,13.66]]],[[[100.605,13.659],[100.605,13.6585],[100.605,13.659]]],[[[100.602,13.659],[100.6025,13.6615],[100.6025,13.6605],[100.604,13.66],[100.6035,13.6585],[100.602,13.659]]],[[[100.602,13.6575],[100.6025,13.6575],[100.602,13.6575]]],[[[100.602,13.6565],[100.601,13.656],[100.6015,13.6565],[100.602,13.6565]]],[[[100.6035,13.6555],[100.603,13.655],[100.6045,13.657],[100.6035,13.6555]]],[[[100.603,13.657],[100.6025,13.6555],[100.6025,13.656],[100.603,13.657]]],[[[100.6045,13.6555]]],[[[100.604,13.661],[100.604,13.6615],[100.604,13.661]]],[[[100.604,13.658],[100.605,13.6605],[100.6045,13.658],[100.604,13.658]]],[[[100.608,13.6615],[100.608,13.662],[100.6085,13.662],[100.608,13.6615]]],[[[100.608,13.6595]]],[[[100.6075,13.658],[100.6075,13.659],[100.6075,13.658]]],[[[100.606,13.657]]],[[[100.606,13.661],[100.6055,13.661],[100.606,13.661]]],[[[100.6095,13.659],[100.6095,13.6595],[100.6095,13.659]]],[[[100.608,13.66],[100.608,13.6605],[100.608,13.66]]],[[[100.6115,13.575],[100.6115,13.5765],[100.6125,13.576],[100.6115,13.575]]],[[[100.6115,13.5785],[100.612,13.5785],[100.6115,13.5785]]],[[[100.616,13.9125],[100.6155,13.913],[100.616,13.9125]]],[[[100.6155,13.912],[100.6155,13.9115],[100.6155,13.912]]],[[[100.615,13.9105],[100.6155,13.911],[100.615,13.9105]]],[[[100.616,13.91],[100.616,13.9105],[100.6165,13.9105],[100.616,13.91]]],[[[100.619,13.9105],[100.6195,13.91],[100.619,13.9105]]],[[[100.621,13.91]]],[[[100.6205,13.9085],[100.6225,13.9075],[100.621,13.9075],[100.6205,13.9085],[100.62,13.9075],[100.6205,13.9085]]],[[[100.6115,13.9095],[100.6115,13.909],[100.6115,13.9095]]],[[[100.612,13.907],[100.613,13.907],[100.613,13.9065],[100.612,13.907]]],[[[100.6115,13.908],[100.6115,13.9075],[100.6115,13.908]]],[[[100.616,13.905],[100.615,13.9055],[100.616,13.905]]],[[[100.614,13.9075],[100.6145,13.907],[100.613,13.9075],[100.614,13.9075]]],[[[100.6125,13.905],[100.612,13.905],[100.6125,13.905]]],[[[100.6135,13.9065]]],[[[100.614,13.9105],[100.614,13.91],[100.614,13.9105]]],[[[100.6125,13.911],[100.6135,13.9125],[100.614,13.912],[100.6135,13.911],[100.6125,13.911]]],[[[100.618,13.907],[100.616,13.908],[100.6165,13.9085],[100.618,13.907]]],[[[100.616,13.907]]],[[[100.617,13.9065],[100.617,13.907],[100.617,13.9065]]],[[[100.6185,13.907],[100.62,13.9065],[100.6195,13.906],[100.6185,13.907]]],[[[100.619,13.9055],[100.6175,13.906],[100.6175,13.9065],[100.6185,13.906],[100.619,13.9055]]],[[[100.6165,13.9055],[100.6155,13.906],[100.6165,13.9055]]],[[[100.6205,13.907],[100.621,13.907],[100.6205,13.907]]],[[[100.618,13.909],[100.6185,13.9095],[100.619,13.9095],[100.619,13.909],[100.618,13.909]]],[[[100.617,13.909]]],[[[100.631,13.9305]]],[[[100.6305,13.9305],[100.63,13.9305],[100.6305,13.9305]]],[[[100.6305,13.921],[100.63,13.921],[100.6305,13.921]]],[[[100.6225,13.926],[100.622,13.9275],[100.623,13.929],[100.6225,13.926]]],[[[100.6245,13.927],[100.626,13.927],[100.626,13.9265],[100.6245,13.927]]],[[[100.625,13.9225],[100.625,13.923],[100.627,13.922],[100.625,13.9225]]],[[[100.6265,13.919],[100.6265,13.921],[100.627,13.9205],[100.6265,13.919]]],[[[100.6215,13.923],[100.6215,13.924],[100.6225,13.9235],[100.6215,13.923]]],[[[100.6215,13.922]]],[[[100.622,13.92],[100.622,13.9205],[100.622,13.92]]],[[[100.6215,13.92],[100.621,13.9195],[100.6215,13.92]]],[[[100.621,13.9155],[100.6225,13.9175],[100.6215,13.9155],[100.621,13.9155]]],[[[100.6205,13.913],[100.6215,13.9145],[100.6205,13.9125],[100.6205,13.913]]],[[[100.621,13.912],[100.6225,13.914],[100.6215,13.912],[100.621,13.912]]],[[[100.621,13.911],[100.6215,13.911],[100.621,13.911]]],[[[100.6215,13.919],[100.6205,13.917],[100.6215,13.919]]],[[[100.616,13.9115],[100.617,13.9115],[100.6165,13.911],[100.616,13.9115]]],[[[100.618,13.911]]],[[[100.618,13.9125],[100.6185,13.9135],[100.618,13.9125]]],[[[100.62,13.913],[100.621,13.915],[100.62,13.913]]],[[[100.6165,13.9125],[100.617,13.912],[100.6165,13.9125]]],[[[100.6195,13.912],[100.62,13.912],[100.6195,13.912]]],[[[100.619,13.9125]]],[[[100.618,13.916],[100.619,13.916],[100.6185,13.9155],[100.618,13.916]]],[[[100.621,13.921],[100.62,13.921],[100.6205,13.9215],[100.621,13.921]]],[[[100.6205,13.9255]]],[[[100.621,13.926],[100.6215,13.927],[100.621,13.927],[100.621,13.926]]],[[[100.6235,13.92],[100.623,13.9195],[100.6235,13.92]]],[[[100.624,13.919],[100.624,13.9195],[100.6245,13.9195],[100.624,13.919]]],[[[100.623,13.91],[100.6235,13.9095],[100.6225,13.91],[100.623,13.91]]],[[[100.624,13.908],[100.6245,13.908],[100.624,13.908]]],[[[100.6235,13.908],[100.623,13.908],[100.6235,13.908]]],[[[100.623,13.9125],[100.622,13.912],[100.6235,13.9135],[100.623,13.9125]]],[[[100.622,13.911],[100.622,13.9105],[100.622,13.911]]],[[[100.623,13.919],[100.623,13.918],[100.6225,13.918],[100.623,13.919]]],[[[100.623,13.917],[100.622,13.915],[100.623,13.917]]],[[[100.6235,13.9225],[100.623,13.924],[100.6245,13.9235],[100.6235,13.9225]]],[[[100.625,13.921],[100.625,13.9215],[100.625,13.921]]],[[[100.6245,13.92],[100.6245,13.9205],[100.6245,13.92]]],[[[100.623,13.9215],[100.623,13.921],[100.623,13.9215]]],[[[100.6255,13.9235]]],[[[100.626,13.9335],[100.626,13.933],[100.626,13.9335]]],[[[100.625,13.928],[100.6245,13.928],[100.6245,13.9285],[100.625,13.9285],[100.625,13.928]]],[[[100.6275,13.924],[100.6275,13.9235],[100.627,13.9235],[100.6275,13.924]]],[[[100.628,13.923]]],[[[100.629,13.9225],[100.6295,13.923],[100.6295,13.9225],[100.629,13.9225]]],[[[100.6285,13.9235],[100.6285,13.924],[100.6285,13.9235]]],[[[100.629,13.927],[100.6295,13.927],[100.629,13.927]]],[[[100.627,13.9255]]],[[[100.6285,13.926],[100.628,13.926],[100.6285,13.926]]],[[[100.6265,13.925],[100.6265,13.9245],[100.6265,13.925]]],[[[100.6265,13.932],[100.627,13.9315],[100.6265,13.9315],[100.6265,13.932]]],[[[100.629,13.9315]]],[[[100.627,13.9295],[100.6265,13.9295],[100.627,13.9295]]],[[[100.6285,13.9295],[100.628,13.9295],[100.6285,13.9295]]],[[[100.6285,13.9295]]],[[[100.6265,13.9305],[100.627,13.9305],[100.6265,13.9305]]],[[[100.6285,13.9305]]],[[[100.6275,13.9305]]],[[[100.6265,13.933],[100.627,13.933],[100.627,13.9325],[100.6265,13.9325],[100.6265,13.933]]],[[[100.6445,13.9335],[100.6435,13.933],[100.643,13.9335],[100.6445,13.9335]]],[[[100.653,13.933],[100.6525,13.9325],[100.6525,13.933],[100.653,13.933]]],[[[100.65,13.933],[100.649,13.933],[100.65,13.933]]],[[[100.6295,13.781]]],[[[100.6295,13.7735],[100.6295,13.774],[100.6295,13.7735]]],[[[100.6295,13.7715],[100.6295,13.7725],[100.6295,13.7715]]],[[[100.6285,13.7705],[100.629,13.768],[100.628,13.768],[100.6285,13.7685],[100.6275,13.7705],[100.6285,13.7705]]],[[[100.6305,13.769],[100.6305,13.7675],[100.63,13.77],[100.6305,13.769]]],[[[100.631,13.77],[100.6315,13.768],[100.6315,13.7675],[100.631,13.77]]],[[[100.625,13.7795],[100.6245,13.7795],[100.625,13.7795]]],[[[100.625,13.7735],[100.6255,13.773],[100.625,13.7735]]],[[[100.6255,13.7705],[100.6255,13.772],[100.6255,13.7705]]],[[[100.626,13.774],[100.626,13.773],[100.626,13.774]]],[[[100.627,13.773],[100.6275,13.774],[100.6285,13.773],[100.627,13.773]]],[[[100.626,13.7725]]],[[[100.627,13.7725]]],[[[100.627,13.7715]]],[[[100.633,13.776],[100.632,13.776],[100.633,13.776]]],[[[100.6325,13.7715],[100.6325,13.772],[100.6325,13.7715]]],[[[100.631,13.7705],[100.632,13.771],[100.631,13.7705]]],[[[100.632,13.769],[100.632,13.77],[100.632,13.769]]],[[[100.633,13.7735]]],[[[100.6315,13.781],[100.6305,13.781],[100.6315,13.781]]],[[[100.635,13.7785],[100.6345,13.778],[100.635,13.7785]]],[[[100.632,13.7775],[100.633,13.7775],[100.632,13.7775]]],[[[100.634,13.779],[100.6345,13.779],[100.634,13.779]]],[[[100.63,13.7805]]],[[[100.6525,13.7385],[100.653,13.7385],[100.6525,13.7385]]],[[[100.6425,13.736],[100.6425,13.7355],[100.6425,13.736]]],[[[100.642,13.735]]],[[[100.644,13.741]]],[[[100.6435,13.7405],[100.6425,13.7395],[100.643,13.742],[100.6435,13.7405]]],[[[100.6435,13.739],[100.643,13.7385],[100.6425,13.7385],[100.6435,13.739]]],[[[100.6385,13.737]]],[[[100.6395,13.7375],[100.64,13.7375],[100.6395,13.7375]]],[[[100.6405,13.7375],[100.64,13.7375],[100.6405,13.7375]]],[[[100.6395,13.7405],[100.6395,13.741],[100.64,13.7405],[100.6395,13.7405]]],[[[100.6445,13.7355],[100.644,13.736],[100.6445,13.7365],[100.6445,13.7355]]],[[[100.645,13.7395],[100.6435,13.7395],[100.644,13.74],[100.645,13.7395]]],[[[100.6465,13.739],[100.6455,13.7395],[100.6455,13.74],[100.646,13.7395],[100.6465,13.739]]],[[[100.6485,13.738],[100.648,13.738],[100.6485,13.738]]],[[[100.6505,13.7375],[100.6495,13.739],[100.652,13.738],[100.6505,13.7375]]],[[[100.652,13.7385],[100.6515,13.7385],[100.652,13.7385]]],[[[100.6485,13.739]]],[[[100.645,13.74]]],[[[100.6535,13.7385],[100.6535,13.738],[100.6535,13.7385]]],[[[100.694,13.735],[100.6935,13.7345],[100.693,13.7355],[100.6935,13.736],[100.6955,13.735],[100.694,13.735]]],[[[100.6895,13.7335]]],[[[100.689,13.7355]]],[[[100.6895,13.7345],[100.689,13.7345],[100.6895,13.7345]]],[[[100.691,13.7355],[100.6905,13.7355],[100.691,13.7355]]],[[[100.6915,13.7345]]],[[[100.6925,13.735],[100.6925,13.7345],[100.6925,13.735]]],[[[100.69,13.7355]]],[[[100.694,13.7365],[100.694,13.737],[100.694,13.7365]]],[[[100.6965,13.734],[100.697,13.734],[100.6965,13.734]]],[[[100.7205,13.811],[100.721,13.8105],[100.7205,13.811]]],[[[100.723,13.8105],[100.7235,13.809],[100.722,13.812],[100.723,13.8105]]],[[[100.725,13.811],[100.7245,13.812],[100.725,13.811]]],[[[100.727,13.8105],[100.7265,13.811],[100.727,13.8105]]],[[[100.727,13.8105],[100.7275,13.8105],[100.727,13.8105]]],[[[100.728,13.811]]],[[[100.729,13.809]]],[[[100.73,13.8095],[100.73,13.809],[100.7295,13.8095],[100.73,13.8095]]],[[[100.7235,13.808],[100.7235,13.8085],[100.724,13.8085],[100.7235,13.808]]],[[[100.7295,13.81]]],[[[100.7305,13.8095]]],[[[100.726,13.81],[100.7265,13.81],[100.726,13.81]]],[[[100.7305,13.812],[100.73,13.812],[100.7305,13.812]]],[[[100.7245,13.8135],[100.7245,13.813],[100.7245,13.8135]]],[[[100.7275,13.814],[100.7275,13.8135],[100.727,13.814],[100.7275,13.814]]],[[[100.7305,13.8135]]],[[[100.734,13.814],[100.733,13.8135],[100.733,13.814],[100.734,13.814]]],[[[100.724,13.8145]]],[[[100.75,13.6905],[100.7485,13.6875],[100.7465,13.688],[100.7475,13.6915],[100.75,13.6905]]],[[[100.75,13.687],[100.7505,13.691],[100.753,13.69],[100.7525,13.6865],[100.75,13.687]]],[[[100.755,13.6895],[100.7565,13.6895],[100.7555,13.686],[100.7535,13.6865],[100.755,13.6895]]],[[[100.7505,13.6975],[100.7495,13.696],[100.7495,13.697],[100.7505,13.6975]]],[[[100.752,13.696],[100.751,13.696],[100.7515,13.6965],[100.752,13.696]]],[[[100.7485,13.6955],[100.7485,13.694],[100.7485,13.6945],[100.7485,13.6955]]],[[[100.75,13.694],[100.75,13.695],[100.754,13.694],[100.7535,13.693],[100.75,13.694]]],[[[100.754,13.695]]],[[[100.7525,13.697],[100.7515,13.697],[100.7525,13.697]]],[[[100.7535,13.697]]],[[[100.753,13.7265],[100.7515,13.7265],[100.753,13.7265]]],[[[100.749,13.725],[100.749,13.7245],[100.749,13.7255],[100.749,13.725]]],[[[100.7505,13.7285],[100.751,13.728],[100.75,13.728],[100.7505,13.7285]]],[[[100.753,13.728]]],[[[100.7515,13.727],[100.7515,13.7275],[100.7515,13.727]]]]}}]}