{"type":"FeatureCollection","features":[{"type":"Feature","properties":{"class":"<5","speed_kmh":3.6},"geometry":{"type":"MultiPolygon","coordinates":[[[[100.382,13.689],[100.3805,13.6925],[100.3795,13.693],[100.38,13.694],[100.383,13.693],[100.382,13.6925],[100.382,13.689]]],[[[100.3895,13.6945],[100.391,13.6955],[100.3905,13.697],[100.3915,13.698],[100.393,13.6975],[100.393,13.696],[100.395,13.6965],[100.393,13.695],[100.39,13.694],[100.3895,13.6945]],[[100.392,13.6965]]],[[[100.405,13.6995],[100.4045,13.7],[100.407,13.7005],[100.405,13.6995]]],[[[100.421,13.705],[100.4195,13.7055],[100.4195,13.7065],[100.4205,13.707],[100.42,13.7075],[100.421,13.708],[100.421,13.705]]],[[[100.408,13.709],[100.4075,13.71],[100.406,13.71],[100.4065,13.711],[100.408,13.7115],[100.407,13.713],[100.4085,13.712],[100.4085,13.713],[100.4095,13.7135],[100.4105,13.713],[100.4105,13.712],[100.412,13.7125],[100.412,13.7115],[100.413,13.7115],[100.4115,13.71],[100.412,13.7095],[100.408,13.709]],[[100.411,13.7115]],[[100.411,13.7115]]],[[[100.42,13.7105],[100.419,13.711],[100.419,13.7125],[100.4205,13.713],[100.4205,13.714],[100.423,13.715],[100.4235,13.7135],[100.4245,13.714],[100.425,13.713],[100.4245,13.7105],[100.4235,13.7115],[100.423,13.7095],[100.4215,13.7105],[100.4205,13.7095],[100.42,13.7105]],[[100.4215,13.7105]],[[100.424,13.7125]]],[[[100.4185,13.873],[100.418,13.874],[100.4165,13.8745],[100.4225,13.875],[100.4185,13.873]]],[[[100.4095,13.878],[100.408,13.8795],[100.4085,13.8805],[100.4065,13.8815],[100.407,13.882],[100.4085,13.881],[100.4075,13.8825],[100.4085,13.884],[100.41,13.883],[100.409,13.8825],[100.4095,13.878]]],[[[100.409,13.8895],[100.4075,13.8905],[100.408,13.8915],[100.4075,13.8935],[100.4085,13.8945],[100.41,13.8905],[100.409,13.8895]]],[[[100.426,13.707],[100.428,13.7085],[100.4275,13.71],[100.4285,13.709],[100.429,13.7095],[100.4285,13.7105],[100.4295,13.7115],[100.4305,13.709],[100.4295,13.708],[100.426,13.707]]],[[[100.431,13.709],[100.431,13.7115],[100.432,13.712],[100.431,13.709]]],[[[100.4385,13.7095],[100.438,13.7115],[100.4385,13.7135],[100.4395,13.7135],[100.4395,13.7125],[100.4405,13.712],[100.441,13.7125],[100.4415,13.7115],[100.439,13.7105],[100.4385,13.7095]],[[100.4395,13.7115],[100.4395,13.711],[100.4395,13.7115]]],[[[100.4325,13.7095],[100.432,13.7095],[100.4325,13.713],[100.434,13.7135],[100.438,13.713],[100.4355,13.7115],[100.435,13.71],[100.4345,13.7105],[100.435,13.7125],[100.4335,13.7125],[100.4325,13.7095]]],[[[100.4355,13.8735],[100.4335,13.875],[100.4315,13.8745],[100.431,13.875],[100.4315,13.8765],[100.433,13.8765],[100.432,13.8775],[100.4345,13.878],[100.435,13.877],[100.434,13.8765],[100.435,13.8765],[100.4355,13.8775],[100.4355,13.8765],[100.4365,13.8765],[100.4365,13.8755],[100.4355,13.875],[100.4345,13.8755],[100.435,13.8745],[100.436,13.8745],[100.4355,13.8735]]],[[[100.4445,13.7125],[100.4445,13.7145],[100.4435,13.714],[100.4425,13.715],[100.4435,13.7165],[100.4455,13.7165],[100.446,13.718],[100.4485,13.716],[100.4475,13.715],[100.4465,13.7155],[100.4455,13.715],[100.4465,13.714],[100.4455,13.7135],[100.446,13.713],[100.447,13.7135],[100.447,13.7125],[100.445,13.712],[100.4445,13.7125]]],[[[100.4545,13.715],[100.4535,13.7155],[100.453,13.7185],[100.4545,13.7195],[100.4545,13.7205],[100.4555,13.7205],[100.4555,13.722],[100.4575,13.721],[100.456,13.7225],[100.457,13.7245],[100.4585,13.7215],[100.4605,13.722],[100.4595,13.7205],[100.4595,13.7195],[100.4605,13.72],[100.4605,13.7195],[100.458,13.7185],[100.457,13.7195],[100.457,13.7185],[100.455,13.718],[100.455,13.7185],[100.4545,13.7175],[100.4555,13.7175],[100.4555,13.7165],[100.4545,13.715]]],[[[100.4505,13.738],[100.449,13.739],[100.449,13.7405],[100.451,13.741],[100.4515,13.7395],[100.4505,13.738]]],[[[100.4545,13.775],[100.454,13.7775],[100.4565,13.778],[100.457,13.7755],[100.4545,13.775]]],[[[100.458,13.874],[100.458,13.8735],[100.4535,13.8755],[100.453,13.8765],[100.455,13.876],[100.456,13.877],[100.4565,13.875],[100.458,13.874]]],[[[100.446,13.8755],[100.443,13.8765],[100.448,13.877],[100.4475,13.876],[100.446,13.8755]]],[[[100.463,13.7185],[100.463,13.72],[100.461,13.7225],[100.463,13.722],[100.4635,13.7205],[100.464,13.721],[100.4635,13.7215],[100.465,13.7225],[100.462,13.723],[100.4625,13.724],[100.462,13.726],[100.468,13.7265],[100.467,13.725],[100.469,13.724],[100.4685,13.7235],[100.47,13.724],[100.4695,13.721],[100.469,13.7215],[100.468,13.721],[100.467,13.719],[100.466,13.7195],[100.4665,13.72],[100.466,13.721],[100.465,13.7205],[100.4655,13.72],[100.465,13.7195],[100.463,13.7185]],[[100.4635,13.725]],[[100.4665,13.7235],[100.4655,13.7235],[100.465,13.7225],[100.4665,13.722],[100.4675,13.7225],[100.4665,13.723],[100.467,13.724],[100.4665,13.7235]]],[[[100.4635,13.7305],[100.462,13.7315],[100.4615,13.7305],[100.4605,13.732],[100.461,13.7325],[100.46,13.7325],[100.461,13.7345],[100.462,13.7345],[100.463,13.7325],[100.4635,13.733],[100.465,13.7325],[100.4645,13.7315],[100.4635,13.7315],[100.4635,13.7305]],[[100.461,13.7335],[100.4615,13.7335],[100.461,13.7335]]],[[[100.464,13.871],[100.4645,13.872],[100.4655,13.872],[100.466,13.871],[100.469,13.8715],[100.47,13.8705],[100.4685,13.87],[100.464,13.871]]],[[[100.468,13.712],[100.4685,13.713],[100.4665,13.713],[100.4675,13.715],[100.469,13.714],[100.4705,13.7145],[100.472,13.7125],[100.471,13.7115],[100.4695,13.712],[100.469,13.7105],[100.468,13.712]]],[[[100.4685,13.739],[100.468,13.7405],[100.4695,13.7405],[100.469,13.7415],[100.4705,13.743],[100.4715,13.742],[100.471,13.7395],[100.472,13.738],[100.471,13.737],[100.4695,13.739],[100.4685,13.739]]],[[[100.4685,13.754],[100.4675,13.7555],[100.469,13.7555],[100.469,13.757],[100.4705,13.7555],[100.4715,13.7555],[100.47,13.7545],[100.4695,13.753],[100.4685,13.754]]],[[[100.4705,13.728],[100.4725,13.7295],[100.472,13.7315],[100.473,13.7325],[100.4745,13.7315],[100.475,13.732],[100.4755,13.731],[100.4775,13.7315],[100.4765,13.7305],[100.4775,13.7285],[100.476,13.7265],[100.474,13.726],[100.474,13.7275],[100.4735,13.7265],[100.473,13.727],[100.4735,13.7275],[100.4725,13.727],[100.472,13.728],[100.471,13.7275],[100.4705,13.728]],[[100.474,13.7305],[100.475,13.7305],[100.4745,13.731],[100.474,13.7305]],[[100.4755,13.73]]],[[[100.4715,13.761],[100.471,13.7615],[100.472,13.7625],[100.471,13.763],[100.471,13.764],[100.4725,13.764],[100.472,13.7655],[100.474,13.766],[100.474,13.765],[100.475,13.7655],[100.4715,13.761]]],[[[100.4755,13.7125],[100.474,13.713],[100.476,13.715],[100.4755,13.7155],[100.4765,13.717],[100.477,13.7155],[100.4785,13.7155],[100.4785,13.714],[100.4775,13.7145],[100.4775,13.7115],[100.4765,13.713],[100.4755,13.7125]]],[[[100.476,13.7215],[100.475,13.7215],[100.475,13.7225],[100.476,13.722],[100.4765,13.7225],[100.4755,13.723],[100.4765,13.7245],[100.4775,13.7225],[100.4785,13.723],[100.4795,13.7225],[100.4775,13.7195],[100.476,13.7205],[100.476,13.7215]],[[100.478,13.7215]]],[[[100.474,13.87],[100.4765,13.871],[100.481,13.871],[100.482,13.872],[100.4825,13.871],[100.4825,13.8695],[100.4815,13.8705],[100.481,13.8695],[100.478,13.8695],[100.478,13.8705],[100.474,13.87]]],[[[100.483,13.7185],[100.4845,13.7195],[100.484,13.72],[100.4845,13.7215],[100.485,13.7205],[100.4865,13.721],[100.487,13.72],[100.488,13.7205],[100.4885,13.7195],[100.488,13.718],[100.4865,13.7175],[100.4865,13.7165],[100.4845,13.7175],[100.4855,13.7185],[100.4835,13.7175],[100.483,13.7185]]],[[[100.481,13.7215],[100.4795,13.7225],[100.48,13.7235],[100.483,13.724],[100.4845,13.7235],[100.484,13.7215],[100.481,13.7215]],[[100.4825,13.723],[100.4815,13.7225],[100.4825,13.723]]],[[[100.483,13.7275],[100.4825,13.7285],[100.484,13.7295],[100.486,13.7295],[100.4855,13.727],[100.483,13.7275]]],[[[100.4835,13.74],[100.4835,13.741],[100.485,13.7395],[100.486,13.74],[100.487,13.7365],[100.4845,13.7365],[100.484,13.7375],[100.485,13.738],[100.484,13.7385],[100.4835,13.74]]],[[[100.483,13.7615],[100.482,13.762],[100.484,13.7625],[100.4835,13.763],[100.4845,13.764],[100.4855,13.7635],[100.486,13.762],[100.4845,13.762],[100.4845,13.761],[100.483,13.762],[100.483,13.7615]]],[[[100.484,13.775],[100.483,13.7755],[100.484,13.778],[100.4835,13.779],[100.484,13.7795],[100.4855,13.778],[100.485,13.7795],[100.486,13.779],[100.487,13.7795],[100.484,13.775]]],[[[100.483,13.9115],[100.4825,13.912],[100.483,13.913],[100.481,13.915],[100.491,13.9135],[100.4915,13.9105],[100.4905,13.91],[100.4905,13.911],[100.489,13.911],[100.4885,13.912],[100.4895,13.9125],[100.487,13.913],[100.486,13.9115],[100.4855,13.913],[100.484,13.9135],[100.483,13.9115]],[[100.49,13.912]],[[100.489,13.9115]]],[[[100.4845,13.915],[100.484,13.9165],[100.486,13.918],[100.4865,13.917],[100.4855,13.915],[100.4845,13.915]]],[[[100.486,13.7515],[100.485,13.7515],[100.484,13.753],[100.486,13.7535],[100.4855,13.754],[100.486,13.7545],[100.484,13.756],[100.485,13.758],[100.486,13.758],[100.485,13.76],[100.487,13.761],[100.488,13.7605],[100.488,13.759],[100.4865,13.759],[100.487,13.7525],[100.486,13.7515]],[[100.485,13.7565],[100.4855,13.7565],[100.485,13.7565]],[[100.486,13.7555]]],[[[100.4865,13.881],[100.485,13.883],[100.486,13.8845],[100.4875,13.885],[100.4875,13.8835],[100.4865,13.8825],[100.4875,13.883],[100.488,13.882],[100.4865,13.881]],[[100.487,13.8835],[100.486,13.883],[100.487,13.8835]]],[[[100.488,13.7025],[100.488,13.7035],[100.489,13.704],[100.489,13.703],[100.491,13.7015],[100.4895,13.702],[100.489,13.7015],[100.488,13.7025]]],[[[100.4875,13.743],[100.4865,13.7435],[100.4865,13.745],[100.487,13.7445],[100.489,13.7455],[100.4905,13.744],[100.49,13.743],[100.4875,13.743]]],[[[100.488,13.752],[100.4885,13.7565],[100.49,13.7585],[100.491,13.7575],[100.4905,13.7565],[100.4915,13.756],[100.49,13.7545],[100.4915,13.754],[100.49,13.753],[100.4905,13.752],[100.4895,13.7505],[100.489,13.752],[100.488,13.752]]],[[[100.4875,13.764],[100.49,13.7655],[100.491,13.765],[100.4905,13.7645],[100.4915,13.7635],[100.491,13.7625],[100.4915,13.7615],[100.496,13.765],[100.496,13.766],[100.497,13.766],[100.4975,13.765],[100.4975,13.7675],[100.4985,13.7685],[100.5,13.768],[100.4995,13.767],[100.5,13.7655],[100.4985,13.7665],[100.498,13.7645],[100.4965,13.764],[100.4985,13.7635],[100.4995,13.7645],[100.5,13.761],[100.4985,13.7605],[100.497,13.7605],[100.4965,13.761],[100.497,13.762],[100.495,13.7625],[100.4935,13.7615],[100.494,13.761],[100.4935,13.7605],[100.4925,13.761],[100.4935,13.759],[100.4905,13.759],[100.49,13.7595],[100.491,13.761],[100.4875,13.764]],[[100.489,13.7645]],[[100.497,13.762],[100.4975,13.762],[100.497,13.7625],[100.497,13.762]],[[100.4985,13.7615],[100.498,13.7615],[100.4985,13.7615]],[[100.4985,13.7675]]],[[[100.489,13.842],[100.4895,13.842],[100.4895,13.841],[100.4895,13.8405],[100.489,13.8405],[100.489,13.842]]],[[[100.489,13.903],[100.4885,13.904],[100.4895,13.9045],[100.4875,13.9055],[100.488,13.906],[100.49,13.905],[100.4895,13.907],[100.4905,13.907],[100.49,13.903],[100.489,13.903]]],[[[100.491,13.7405],[100.49,13.74],[100.4915,13.7415],[100.497,13.7385],[100.496,13.738],[100.4945,13.739],[100.495,13.7375],[100.4945,13.737],[100.494,13.738],[100.4925,13.738],[100.4925,13.739],[100.492,13.7385],[100.491,13.7405]],[[100.4925,13.7395],[100.4925,13.74],[100.4925,13.7395]]],[[[100.4905,13.745],[100.4895,13.746],[100.49,13.748],[100.491,13.748],[100.491,13.747],[100.4925,13.7465],[100.492,13.7455],[100.494,13.7465],[100.494,13.7475],[100.495,13.7475],[100.4955,13.746],[100.4965,13.7465],[100.4975,13.7445],[100.4975,13.742],[100.4995,13.742],[100.5005,13.741],[100.5005,13.7395],[100.496,13.74],[100.494,13.741],[100.4925,13.743],[100.493,13.7435],[100.4915,13.7435],[100.4905,13.745]],[[100.4935,13.745],[100.493,13.7445],[100.494,13.745],[100.4935,13.745]],[[100.495,13.744]]],[[[100.4915,13.8975],[100.491,13.899],[100.492,13.9],[100.4935,13.8995],[100.494,13.898],[100.4915,13.8975]]],[[[100.4915,13.7645],[100.491,13.7645],[100.492,13.7665],[100.4915,13.7675],[100.492,13.768],[100.4925,13.767],[100.494,13.7675],[100.4935,13.765],[100.493,13.7655],[100.4915,13.7645]],[[100.4925,13.766]]],[[[100.491,13.7825],[100.4935,13.7845],[100.493,13.785],[100.496,13.7845],[100.4955,13.7835],[100.495,13.784],[100.491,13.7825]]],[[[100.4925,13.8305],[100.492,13.831],[100.4925,13.833],[100.494,13.8325],[100.494,13.8315],[100.4955,13.83],[100.4935,13.831],[100.4925,13.8305]]],[[[100.492,13.8395],[100.491,13.8425],[100.4915,13.8445],[100.4945,13.843],[100.4935,13.8425],[100.493,13.8415],[100.4935,13.841],[100.492,13.8395]]],[[[100.4925,13.864],[100.492,13.865],[100.4925,13.866],[100.4915,13.8665],[100.4915,13.8675],[100.496,13.865],[100.4955,13.864],[100.495,13.865],[100.493,13.863],[100.4925,13.864]]],[[[100.4925,13.9035],[100.4915,13.9035],[100.491,13.9055],[100.4915,13.906],[100.491,13.9065],[100.4925,13.9075],[100.4945,13.9045],[100.4935,13.904],[100.4935,13.903],[100.4925,13.9035]],[[100.4925,13.906],[100.493,13.906],[100.4925,13.906]]],[[[100.4935,13.9125],[100.4915,13.9125],[100.4915,13.914],[100.495,13.916],[100.496,13.9155],[100.498,13.9165],[100.4965,13.9145],[100.497,13.913],[100.4935,13.914],[100.4935,13.9125]],[[100.4955,13.915]]],[[[100.493,13.719],[100.4915,13.7205],[100.4915,13.7215],[100.4945,13.722],[100.495,13.7225],[100.4945,13.7235],[100.4955,13.7245],[100.4985,13.722],[100.4985,13.721],[100.4995,13.721],[100.501,13.7225],[100.5015,13.722],[100.5045,13.723],[100.5065,13.721],[100.5055,13.7205],[100.506,13.7195],[100.5055,13.72],[100.5045,13.719],[100.5025,13.7195],[100.5015,13.7185],[100.5015,13.72],[100.4985,13.7205],[100.4965,13.72],[100.496,13.7185],[100.4955,13.7195],[100.493,13.719]],[[100.497,13.722]],[[100.5055,13.721]]],[[[100.493,13.9175],[100.493,13.919],[100.4955,13.92],[100.496,13.919],[100.495,13.9175],[100.4945,13.918],[100.494,13.917],[100.493,13.9175]],[[100.495,13.919]]],[[[100.495,13.7715],[100.494,13.7735],[100.4955,13.7735],[100.4955,13.7755],[100.4975,13.776],[100.4985,13.774],[100.4965,13.7745],[100.497,13.772],[100.496,13.77],[100.496,13.772],[100.495,13.7715]]],[[[100.495,13.8265],[100.4945,13.828],[100.495,13.8285],[100.4955,13.828],[100.496,13.8295],[100.4975,13.827],[100.497,13.8265],[100.4965,13.8275],[100.495,13.8265]]],[[[100.495,13.835],[100.4965,13.835],[100.4965,13.834],[100.4975,13.834],[100.498,13.835],[100.499,13.833],[100.497,13.8325],[100.496,13.833],[100.495,13.835]]],[[[100.497,13.8255],[100.499,13.8245],[100.498,13.8225],[100.497,13.8255]]],[[[100.4985,13.782],[100.4985,13.783],[100.5,13.7835],[100.502,13.7815],[100.4995,13.7805],[100.4985,13.782]]],[[[100.5005,13.704],[100.5025,13.706],[100.504,13.7045],[100.504,13.703],[100.5035,13.7025],[100.5005,13.704]]],[[[100.501,13.7445],[100.4995,13.747],[100.4995,13.7485],[100.5015,13.7495],[100.5025,13.7495],[100.5025,13.7485],[100.504,13.7495],[100.504,13.7485],[100.505,13.7485],[100.5055,13.7455],[100.5045,13.746],[100.503,13.7445],[100.501,13.7445]],[[100.5045,13.746]]],[[[100.501,13.7705],[100.5015,13.771],[100.4995,13.772],[100.5005,13.773],[100.502,13.773],[100.5025,13.772],[100.503,13.7725],[100.509,13.7645],[100.51,13.7655],[100.511,13.7645],[100.5105,13.7635],[100.512,13.7615],[100.515,13.7615],[100.514,13.7605],[100.515,13.758],[100.5105,13.7585],[100.5115,13.761],[100.51,13.7625],[100.5085,13.761],[100.508,13.7625],[100.5085,13.7635],[100.5055,13.7645],[100.506,13.766],[100.5035,13.7665],[100.5025,13.77],[100.5015,13.7695],[100.501,13.7705]],[[100.5045,13.767],[100.5045,13.7675],[100.5045,13.767]],[[100.504,13.7675]],[[100.5055,13.767],[100.5055,13.7665],[100.5055,13.767]],[[100.5095,13.7635],[100.509,13.7635],[100.5095,13.7635]]],[[[100.501,13.7845],[100.5,13.784],[100.4995,13.7855],[100.501,13.7855],[100.5025,13.784],[100.502,13.7835],[100.501,13.7845]]],[[[100.5015,13.7855],[100.501,13.7865],[100.5025,13.7875],[100.5045,13.7865],[100.5035,13.7855],[100.5015,13.7855]],[[100.503,13.7865]]],[[[100.502,13.8625],[100.507,13.8615],[100.5075,13.8605],[100.5045,13.859],[100.5035,13.861],[100.503,13.86],[100.503,13.8615],[100.5015,13.862],[100.502,13.8625]]],[[[100.504,13.9315],[100.5015,13.933],[100.5045,13.9325],[100.504,13.9315]]],[[[100.503,13.734],[100.502,13.735],[100.503,13.7365],[100.5015,13.7375],[100.505,13.7365],[100.503,13.734]]],[[[100.503,13.79],[100.5025,13.7905],[100.503,13.792],[100.5025,13.793],[100.5035,13.7935],[100.503,13.794],[100.5035,13.7945],[100.505,13.793],[100.504,13.794],[100.5045,13.7945],[100.506,13.794],[100.5065,13.7915],[100.5055,13.791],[100.505,13.792],[100.505,13.791],[100.504,13.7905],[100.5045,13.79],[100.503,13.79]]],[[[100.5045,13.8215],[100.503,13.821],[100.5015,13.824],[100.502,13.825],[100.503,13.824],[100.5025,13.8225],[100.503,13.823],[100.5035,13.8225],[100.504,13.8235],[100.505,13.8225],[100.5045,13.8215]]],[[[100.5045,13.705],[100.5035,13.706],[100.504,13.707],[100.5065,13.7055],[100.5055,13.7045],[100.505,13.7055],[100.5045,13.705]]],[[[100.5045,13.738],[100.5035,13.7405],[100.505,13.741],[100.5065,13.739],[100.5045,13.738]]],[[[100.505,13.7545],[100.504,13.7555],[100.505,13.758],[100.5075,13.7575],[100.508,13.7555],[100.509,13.755],[100.508,13.7545],[100.507,13.755],[100.506,13.753],[100.505,13.7545]]],[[[100.5045,13.7905],[100.5055,13.791],[100.507,13.7895],[100.506,13.7885],[100.5045,13.7895],[100.5045,13.7905]]],[[[100.504,13.8185],[100.504,13.8195],[100.505,13.819],[100.506,13.821],[100.506,13.8175],[100.5055,13.8185],[100.504,13.8185]]],[[[100.505,13.8975],[100.5055,13.8985],[100.505,13.8995],[100.506,13.8995],[100.506,13.9005],[100.507,13.8995],[100.5075,13.9],[100.508,13.8995],[100.5075,13.8985],[100.509,13.8985],[100.5095,13.8975],[100.509,13.897],[100.508,13.8975],[100.5085,13.896],[100.5065,13.8965],[100.507,13.8975],[100.5065,13.8965],[100.505,13.8975]],[[100.506,13.8985],[100.5065,13.8985],[100.5065,13.899],[100.506,13.8985]]],[[[100.5055,13.9055],[100.505,13.906],[100.5055,13.907],[100.5045,13.9075],[100.5075,13.9075],[100.5055,13.9055]]],[[[100.5055,13.713],[100.505,13.7145],[100.5075,13.7125],[100.506,13.7135],[100.5055,13.713]]],[[[100.506,13.729],[100.505,13.7295],[100.5065,13.7305],[100.505,13.7315],[100.506,13.732],[100.508,13.732],[100.5085,13.7315],[100.508,13.731],[100.5115,13.73],[100.512,13.7265],[100.5115,13.728],[100.5105,13.728],[100.5095,13.726],[100.5125,13.726],[100.51,13.7245],[100.512,13.724],[100.509,13.7235],[100.508,13.725],[100.5085,13.727],[100.5075,13.727],[100.5085,13.7285],[100.5075,13.7295],[100.5075,13.7285],[100.506,13.729]],[[100.51,13.7285],[100.511,13.7285],[100.51,13.7285]],[[100.5065,13.73],[100.507,13.73],[100.5065,13.7305],[100.5065,13.73]],[[100.5095,13.729],[100.5095,13.7295],[100.5095,13.729]]],[[[100.5085,13.708],[100.509,13.7075],[100.508,13.707],[100.5065,13.7095],[100.5085,13.708]]],[[[100.5075,13.7325],[100.507,13.733],[100.506,13.7325],[100.5065,13.735],[100.506,13.7355],[100.5075,13.735],[100.5085,13.7355],[100.509,13.7345],[100.5075,13.7325]]],[[[100.508,13.7365],[100.508,13.738],[100.509,13.739],[100.51,13.7385],[100.5105,13.739],[100.5115,13.738],[100.5115,13.7355],[100.508,13.7365]]],[[[100.508,13.7405],[100.5085,13.742],[100.5075,13.744],[100.509,13.7435],[100.5095,13.7445],[100.5105,13.7445],[100.5125,13.7425],[100.512,13.742],[100.5125,13.74],[100.5115,13.7405],[100.5105,13.7395],[100.5095,13.74],[100.509,13.7395],[100.5085,13.74],[100.509,13.7405],[100.508,13.7405]],[[100.51,13.743]]],[[[100.508,13.785],[100.508,13.7875],[100.509,13.788],[100.511,13.787],[100.5105,13.7865],[100.511,13.786],[100.509,13.786],[100.508,13.785]]],[[[100.508,13.7965],[100.5075,13.798],[100.5085,13.798],[100.509,13.799],[100.5075,13.7995],[100.508,13.8005],[100.5115,13.8015],[100.5125,13.7975],[100.51,13.7975],[100.508,13.7965]],[[100.511,13.798]]],[[[100.5085,13.7205],[100.509,13.721],[100.513,13.7195],[100.514,13.721],[100.515,13.7205],[100.516,13.721],[100.517,13.7195],[100.516,13.719],[100.5175,13.718],[100.517,13.7175],[100.5155,13.718],[100.516,13.717],[100.5145,13.7165],[100.5135,13.717],[100.514,13.718],[100.5135,13.7185],[100.5125,13.718],[100.511,13.719],[100.5105,13.7185],[100.5105,13.72],[100.5085,13.7205]]],[[[100.5095,13.789],[100.51,13.7885],[100.509,13.7885],[100.5095,13.789]]],[[[100.511,13.8865],[100.5095,13.892],[100.5115,13.891],[100.5105,13.89],[100.5125,13.888],[100.511,13.8865]]],[[[100.5115,13.734],[100.511,13.7345],[100.5115,13.735],[100.514,13.7335],[100.5145,13.7325],[100.514,13.7305],[100.515,13.731],[100.5155,13.7305],[100.515,13.7295],[100.516,13.729],[100.515,13.728],[100.516,13.7285],[100.5165,13.728],[100.5155,13.727],[100.5165,13.726],[100.5155,13.7255],[100.5135,13.726],[100.5145,13.728],[100.5125,13.7285],[100.5125,13.7305],[100.513,13.731],[100.5135,13.7305],[100.5135,13.7315],[100.5115,13.7325],[100.5115,13.734]]],[[[100.5115,13.7905],[100.512,13.7915],[100.5145,13.7895],[100.5115,13.7905]]],[[[100.514,13.8125],[100.5145,13.8115],[100.5135,13.811],[100.514,13.8125]]],[[[100.5125,13.845],[100.5115,13.847],[100.5125,13.847],[100.5135,13.849],[100.5125,13.849],[100.512,13.85],[100.5165,13.851],[100.518,13.849],[100.5165,13.848],[100.516,13.849],[100.515,13.848],[100.516,13.848],[100.5165,13.8465],[100.5125,13.845]],[[100.5145,13.8495],[100.515,13.8495],[100.5145,13.85],[100.5145,13.8495]],[[100.5145,13.847]]],[[[100.512,13.8575],[100.5115,13.86],[100.5105,13.8605],[100.517,13.86],[100.5175,13.862],[100.5185,13.862],[100.5185,13.861],[100.5195,13.8625],[100.5185,13.8625],[100.518,13.8635],[100.519,13.865],[100.52,13.865],[100.5205,13.864],[100.5215,13.8645],[100.522,13.861],[100.5205,13.8585],[100.519,13.859],[100.518,13.8585],[100.516,13.8595],[100.512,13.8575]],[[100.513,13.8585],[100.5135,13.8585],[100.513,13.8585]],[[100.5195,13.86],[100.5195,13.8605],[100.52,13.8605],[100.5195,13.8605],[100.5195,13.86]],[[100.5185,13.86],[100.518,13.86],[100.5185,13.86]],[[100.52,13.861]]],[[[100.5135,13.905],[100.5125,13.907],[100.5135,13.9075],[100.5155,13.907],[100.517,13.9085],[100.5185,13.9065],[100.5175,13.9055],[100.5145,13.906],[100.5135,13.905]]],[[[100.5145,13.838],[100.5125,13.8415],[100.517,13.8385],[100.517,13.8375],[100.5155,13.8375],[100.515,13.8385],[100.5145,13.838]]],[[[100.514,13.7225],[100.5135,13.7235],[100.5155,13.725],[100.5155,13.724],[100.5165,13.7235],[100.5155,13.7225],[100.514,13.7225]]],[[[100.5145,13.7375],[100.514,13.739],[100.515,13.74],[100.516,13.7445],[100.515,13.744],[100.515,13.7455],[100.514,13.746],[100.516,13.7465],[100.516,13.748],[100.5145,13.75],[100.5165,13.7505],[100.5165,13.7525],[100.5145,13.7535],[100.514,13.7525],[100.514,13.7535],[100.513,13.754],[100.5155,13.756],[100.5155,13.757],[100.5175,13.757],[100.5175,13.756],[100.518,13.7565],[100.519,13.7555],[100.5185,13.7545],[100.519,13.754],[100.518,13.7535],[100.5185,13.753],[100.5175,13.752],[100.518,13.7515],[100.5175,13.751],[100.5185,13.7505],[100.518,13.749],[100.52,13.748],[100.5175,13.7475],[100.516,13.7415],[100.5165,13.739],[100.517,13.74],[100.5175,13.739],[100.519,13.7395],[100.52,13.7365],[100.5175,13.735],[100.5165,13.736],[100.516,13.735],[100.5145,13.7365],[100.515,13.7375],[100.5145,13.7375]],[[100.5155,13.754],[100.5145,13.7545],[100.5145,13.754],[100.5155,13.754]],[[100.5175,13.7475]],[[100.518,13.7535]]],[[[100.516,13.872],[100.515,13.8765],[100.5155,13.877],[100.517,13.876],[100.5175,13.8765],[100.5175,13.8745],[100.518,13.8735],[100.519,13.8735],[100.518,13.873],[100.518,13.872],[100.517,13.8715],[100.516,13.872]],[[100.5165,13.8745],[100.5165,13.875],[100.5165,13.8745]]],[[[100.5165,13.799],[100.518,13.8005],[100.5195,13.798],[100.5185,13.7975],[100.5165,13.799]],[[100.5185,13.799]]],[[[100.5185,13.806],[100.519,13.8075],[100.52,13.8075],[100.521,13.8065],[100.521,13.8045],[100.52,13.804],[100.5195,13.806],[100.5185,13.806]],[[100.5205,13.806]]],[[[100.5195,13.811],[100.5185,13.81],[100.518,13.8105],[100.517,13.814],[100.5185,13.814],[100.5195,13.811]]],[[[100.5215,13.673],[100.5215,13.6735],[100.522,13.674],[100.522,13.6735],[100.5215,13.673]]],[[[100.522,13.6765],[100.522,13.677],[100.522,13.6765]]],[[[100.5215,13.7175],[100.5195,13.717],[100.5185,13.719],[100.5195,13.7205],[100.5205,13.7205],[100.521,13.7195],[100.5205,13.7205],[100.522,13.722],[100.5235,13.721],[100.523,13.7205],[100.524,13.7205],[100.524,13.7215],[100.525,13.721],[100.5245,13.722],[100.5255,13.7235],[100.527,13.7225],[100.5275,13.723],[100.527,13.7245],[100.5285,13.7245],[100.5275,13.7265],[100.529,13.727],[100.5295,13.726],[100.532,13.725],[100.533,13.7225],[100.532,13.722],[100.5325,13.721],[100.5315,13.7195],[100.5285,13.721],[100.527,13.7185],[100.524,13.7195],[100.5235,13.718],[100.523,13.719],[100.5225,13.718],[100.521,13.718],[100.5215,13.7175]],[[100.5295,13.7225],[100.5285,13.7225],[100.529,13.7225],[100.5295,13.7225]],[[100.5275,13.7215],[100.527,13.7215],[100.5275,13.7215]],[[100.53,13.725]]],[[[100.522,13.7485],[100.524,13.75],[100.5225,13.751],[100.5245,13.7505],[100.526,13.752],[100.5265,13.7505],[100.525,13.75],[100.526,13.749],[100.5245,13.749],[100.5255,13.748],[100.5245,13.748],[100.524,13.747],[100.5235,13.7485],[100.522,13.7485]]],[[[100.527,13.731],[100.5265,13.732],[100.527,13.734],[100.5285,13.734],[100.529,13.7355],[100.53,13.735],[100.5295,13.734],[100.531,13.7335],[100.53,13.733],[100.533,13.731],[100.531,13.7305],[100.531,13.7295],[100.53,13.7305],[100.529,13.73],[100.5285,13.731],[100.528,13.7305],[100.527,13.731]]],[[[100.528,13.746],[100.5255,13.7465],[100.5255,13.7475],[100.5265,13.7475],[100.528,13.7495],[100.53,13.7495],[100.5305,13.7505],[100.529,13.752],[100.5305,13.7525],[100.5295,13.7545],[100.5315,13.754],[100.5315,13.756],[100.5305,13.7565],[100.531,13.7575],[100.533,13.7575],[100.5315,13.758],[100.5315,13.759],[100.534,13.759],[100.5345,13.76],[100.535,13.7595],[100.5355,13.7615],[100.5345,13.7625],[100.535,13.7635],[100.5365,13.763],[100.537,13.7655],[100.538,13.7645],[100.5395,13.765],[100.54,13.7645],[100.5375,13.7625],[100.5385,13.7605],[100.537,13.7605],[100.536,13.7595],[100.536,13.758],[100.538,13.757],[100.537,13.757],[100.5365,13.756],[100.5355,13.7565],[100.5345,13.7545],[100.5325,13.7535],[100.5335,13.7525],[100.532,13.7525],[100.5315,13.749],[100.5325,13.748],[100.5315,13.7475],[100.5325,13.747],[100.5315,13.7465],[100.533,13.746],[100.5345,13.748],[100.5345,13.746],[100.5355,13.746],[100.5355,13.7475],[100.5365,13.7475],[100.536,13.746],[100.5375,13.746],[100.5385,13.745],[100.535,13.7425],[100.534,13.744],[100.5325,13.7435],[100.5315,13.745],[100.531,13.744],[100.53,13.744],[100.53,13.7455],[100.5295,13.744],[100.5285,13.744],[100.529,13.745],[100.528,13.744],[100.528,13.746]],[[100.531,13.7455],[100.531,13.745],[100.531,13.7455]],[[100.529,13.7455]],[[100.529,13.7485],[100.5295,13.7485],[100.529,13.749],[100.529,13.7485]],[[100.537,13.7615]],[[100.534,13.745],[100.5335,13.745],[100.534,13.745]],[[100.534,13.7565],[100.535,13.7565],[100.535,13.757],[100.534,13.7565]],[[100.5365,13.744]]],[[[100.528,13.8285],[100.5245,13.8305],[100.525,13.832],[100.526,13.832],[100.526,13.8305],[100.529,13.8305],[100.528,13.829],[100.529,13.828],[100.528,13.8285]]],[[[100.5275,13.904],[100.5265,13.9045],[100.5265,13.9055],[100.5275,13.906],[100.5285,13.905],[100.5295,13.9065],[100.53,13.9055],[100.5305,13.906],[100.5305,13.905],[100.5315,13.905],[100.5325,13.903],[100.5315,13.9025],[100.5305,13.903],[100.5305,13.902],[100.5295,13.9025],[100.529,13.9015],[100.529,13.9025],[100.5275,13.903],[100.5285,13.904],[100.5275,13.904]],[[100.53,13.905]]],[[[100.527,13.677],[100.527,13.678],[100.529,13.6795],[100.5295,13.678],[100.529,13.677],[100.527,13.677]]],[[[100.5305,13.805],[100.528,13.8055],[100.5275,13.8065],[100.531,13.8095],[100.5315,13.8085],[100.533,13.808],[100.533,13.807],[100.532,13.8065],[100.534,13.8055],[100.533,13.8045],[100.532,13.8055],[100.5305,13.805]]],[[[100.532,13.818],[100.5305,13.819],[100.531,13.82],[100.5315,13.8195],[100.5315,13.8205],[100.5305,13.821],[100.5325,13.823],[100.5335,13.823],[100.533,13.822],[100.5345,13.822],[100.535,13.821],[100.533,13.8205],[100.533,13.8195],[100.534,13.819],[100.533,13.819],[100.5325,13.8175],[100.532,13.818]],[[100.5335,13.8215],[100.533,13.8215],[100.533,13.821],[100.5335,13.8215]],[[100.532,13.819]]],[[[100.532,13.727],[100.531,13.728],[100.532,13.7295],[100.5335,13.729],[100.5325,13.7305],[100.533,13.731],[100.535,13.7305],[100.5375,13.732],[100.538,13.731],[100.5385,13.732],[100.539,13.731],[100.5395,13.7315],[100.54,13.731],[100.54,13.729],[100.539,13.73],[100.5385,13.7295],[100.54,13.7285],[100.5395,13.728],[100.536,13.727],[100.535,13.7275],[100.5355,13.7285],[100.5335,13.7265],[100.5325,13.7275],[100.532,13.727]],[[100.537,13.729],[100.5375,13.728],[100.538,13.728],[100.537,13.729]],[[100.535,13.7295]],[[100.534,13.7305],[100.534,13.73],[100.534,13.7305]]],[[[100.5375,13.803],[100.5365,13.8045],[100.5375,13.804],[100.538,13.805],[100.5395,13.805],[100.5405,13.806],[100.5395,13.803],[100.542,13.802],[100.5405,13.8015],[100.5395,13.8025],[100.539,13.801],[100.5375,13.803]]],[[[100.5385,13.9],[100.5375,13.9015],[100.5385,13.902],[100.539,13.901],[100.539,13.902],[100.54,13.9025],[100.54,13.901],[100.5415,13.901],[100.5425,13.9],[100.542,13.899],[100.5385,13.9]]],[[[100.539,13.7365],[100.538,13.7385],[100.539,13.7395],[100.54,13.743],[100.54,13.7405],[100.5415,13.7405],[100.541,13.739],[100.542,13.7385],[100.5415,13.738],[100.54,13.7385],[100.541,13.737],[100.5395,13.737],[100.5395,13.736],[100.539,13.7365]]],[[[100.5385,13.67],[100.538,13.6705],[100.5385,13.6735],[100.5395,13.6725],[100.5385,13.67]]],[[[100.541,13.7425],[100.539,13.745],[100.5395,13.7455],[100.54,13.745],[100.54,13.746],[100.5425,13.746],[100.542,13.745],[100.5425,13.7445],[100.5445,13.746],[100.545,13.7445],[100.547,13.744],[100.548,13.749],[100.5455,13.749],[100.5445,13.748],[100.5425,13.749],[100.5425,13.748],[100.5405,13.747],[100.5395,13.751],[100.541,13.7515],[100.5415,13.7505],[100.544,13.75],[100.545,13.751],[100.546,13.75],[100.549,13.7505],[100.55,13.75],[100.549,13.749],[100.55,13.7485],[100.549,13.748],[100.55,13.747],[100.5485,13.7465],[100.5485,13.745],[100.55,13.745],[100.55,13.7435],[100.5515,13.7445],[100.5525,13.7425],[100.5555,13.744],[100.556,13.743],[100.5555,13.7425],[100.5575,13.7415],[100.557,13.741],[100.559,13.739],[100.5605,13.739],[100.562,13.7405],[100.562,13.7375],[100.563,13.737],[100.562,13.7365],[100.563,13.736],[100.563,13.735],[100.5615,13.7355],[100.5605,13.734],[100.5595,13.734],[100.559,13.7365],[100.5595,13.737],[100.5575,13.7385],[100.556,13.7375],[100.5555,13.7385],[100.5545,13.7385],[100.554,13.741],[100.553,13.741],[100.5525,13.742],[100.5505,13.742],[100.549,13.741],[100.5465,13.7415],[100.546,13.743],[100.5435,13.742],[100.5435,13.743],[100.542,13.742],[100.541,13.7425]],[[100.5415,13.744],[100.5415,13.743],[100.5415,13.744]],[[100.5445,13.7445]],[[100.5475,13.742],[100.548,13.742],[100.5475,13.742]],[[100.5545,13.743]],[[100.5545,13.742]],[[100.5555,13.742]]],[[[100.5405,13.7695],[100.54,13.771],[100.541,13.771],[100.5405,13.7715],[100.542,13.7745],[100.5415,13.775],[100.5435,13.776],[100.5435,13.7735],[100.5425,13.772],[100.5425,13.7715],[100.5435,13.7725],[100.5435,13.7705],[100.5405,13.7695]],[[100.542,13.7705]]],[[[100.5415,13.7525],[100.541,13.7525],[100.5415,13.754],[100.54,13.7555],[100.541,13.756],[100.5405,13.757],[100.5425,13.758],[100.5435,13.7565],[100.5445,13.7565],[100.5435,13.7555],[100.545,13.7545],[100.5445,13.754],[100.5425,13.7545],[100.5435,13.7535],[100.5415,13.7525]]],[[[100.542,13.911],[100.5425,13.912],[100.543,13.9115],[100.5445,13.912],[100.546,13.9105],[100.5445,13.9105],[100.544,13.9075],[100.5435,13.908],[100.544,13.9105],[100.542,13.911]]],[[[100.544,13.724],[100.5425,13.725],[100.542,13.727],[100.543,13.727],[100.545,13.729],[100.5465,13.7265],[100.548,13.7255],[100.5485,13.726],[100.549,13.724],[100.548,13.7235],[100.546,13.725],[100.544,13.724]],[[100.544,13.725],[100.544,13.7255],[100.544,13.725]]],[[[100.544,13.7765],[100.543,13.7765],[100.542,13.7785],[100.5435,13.781],[100.543,13.7825],[100.545,13.782],[100.546,13.783],[100.547,13.7815],[100.5465,13.7805],[100.5475,13.78],[100.545,13.78],[100.5455,13.7775],[100.544,13.7765]],[[100.546,13.781]]],[[[100.545,13.7845],[100.5445,13.7855],[100.545,13.786],[100.544,13.7865],[100.5465,13.7865],[100.545,13.7875],[100.5465,13.7875],[100.5465,13.7885],[100.548,13.789],[100.548,13.787],[100.549,13.7865],[100.5475,13.786],[100.548,13.7855],[100.547,13.7845],[100.5475,13.784],[100.5455,13.7835],[100.5455,13.785],[100.545,13.7845]]],[[[100.545,13.797],[100.5465,13.7995],[100.5475,13.7985],[100.548,13.8],[100.5495,13.8005],[100.5515,13.7985],[100.5505,13.7975],[100.551,13.793],[100.5495,13.7925],[100.551,13.7915],[100.5495,13.7915],[100.5485,13.7905],[100.548,13.793],[100.549,13.7935],[100.5475,13.795],[100.548,13.796],[100.549,13.7955],[100.5495,13.7965],[100.545,13.797]],[[100.55,13.7965]]],[[[100.5445,13.9165],[100.5455,13.9195],[100.545,13.921],[100.546,13.922],[100.5465,13.917],[100.5445,13.9165]]],[[[100.5465,13.896],[100.5465,13.8975],[100.5455,13.8975],[100.546,13.8985],[100.55,13.897],[100.5505,13.8975],[100.551,13.8965],[100.5495,13.8965],[100.549,13.895],[100.548,13.8945],[100.5475,13.895],[100.548,13.8965],[100.5465,13.896]]],[[[100.5475,13.6795],[100.5485,13.682],[100.5505,13.6805],[100.5475,13.6795]]],[[[100.5475,13.6905],[100.548,13.6915],[100.5505,13.691],[100.5475,13.6905]]],[[[100.548,13.825],[100.549,13.8265],[100.548,13.827],[100.549,13.827],[100.5495,13.8285],[100.551,13.829],[100.5485,13.8245],[100.548,13.825]]],[[[100.5535,13.7205],[100.5515,13.722],[100.551,13.7235],[100.552,13.724],[100.555,13.7225],[100.5555,13.7235],[100.5565,13.722],[100.5575,13.7225],[100.5585,13.722],[100.5585,13.723],[100.5575,13.7235],[100.5595,13.7235],[100.5595,13.726],[100.5605,13.726],[100.561,13.7235],[100.562,13.7235],[100.562,13.7225],[100.561,13.7225],[100.5615,13.721],[100.5605,13.721],[100.5605,13.7195],[100.559,13.719],[100.5575,13.721],[100.556,13.7205],[100.555,13.7215],[100.555,13.7195],[100.5535,13.7205]],[[100.5535,13.7215]],[[100.554,13.7215]]],[[[100.553,13.7465],[100.553,13.7475],[100.5525,13.747],[100.5525,13.748],[100.551,13.7485],[100.554,13.7485],[100.554,13.7495],[100.553,13.749],[100.5535,13.7505],[100.5545,13.75],[100.5555,13.7505],[100.5555,13.7485],[100.5595,13.7485],[100.559,13.75],[100.562,13.7505],[100.5625,13.7495],[100.5635,13.751],[100.5645,13.7505],[100.564,13.7495],[100.5645,13.749],[100.5665,13.749],[100.5675,13.7485],[100.5665,13.7475],[100.5685,13.747],[100.568,13.7465],[100.566,13.747],[100.5665,13.7465],[100.5655,13.745],[100.564,13.746],[100.5645,13.747],[100.5635,13.7475],[100.564,13.7465],[100.5625,13.7455],[100.5615,13.7465],[100.562,13.7475],[100.5605,13.748],[100.559,13.7455],[100.558,13.7465],[100.5585,13.748],[100.558,13.747],[100.557,13.748],[100.5545,13.748],[100.5555,13.7475],[100.5535,13.746],[100.553,13.7465]],[[100.561,13.7485],[100.561,13.749],[100.561,13.7485]],[[100.562,13.7485],[100.5615,13.7485],[100.562,13.7485]],[[100.5545,13.75]],[[100.565,13.748],[100.5655,13.748],[100.565,13.748]],[[100.565,13.7465],[100.565,13.746],[100.565,13.7465]],[[100.5655,13.7475]]],[[[100.552,13.7995],[100.551,13.801],[100.552,13.804],[100.5535,13.805],[100.553,13.806],[100.554,13.8065],[100.555,13.8065],[100.555,13.8055],[100.556,13.806],[100.556,13.8045],[100.5535,13.8005],[100.554,13.8],[100.552,13.799],[100.552,13.7995]],[[100.554,13.806],[100.554,13.8055],[100.554,13.806]],[[100.553,13.803],[100.5535,13.804],[100.5525,13.8035],[100.553,13.803]]],[[[100.5565,13.839],[100.5555,13.8395],[100.5555,13.8405],[100.5565,13.841],[100.556,13.8425],[100.5585,13.8435],[100.5565,13.839]]],[[[100.559,13.751],[100.5585,13.7515],[100.5595,13.754],[100.56,13.7535],[100.5595,13.7525],[100.5635,13.7515],[100.562,13.7505],[100.5595,13.7515],[100.559,13.751]]],[[[100.5595,13.8115],[100.559,13.812],[100.5595,13.8125],[100.5585,13.813],[100.559,13.816],[100.561,13.8155],[100.5625,13.8185],[100.5635,13.819],[100.564,13.816],[100.5625,13.816],[100.5615,13.8145],[100.5645,13.811],[100.5625,13.811],[100.562,13.81],[100.561,13.8115],[100.562,13.812],[100.5615,13.8125],[100.56,13.812],[100.56,13.811],[100.5595,13.8115]],[[100.5605,13.813]],[[100.56,13.815]],[[100.5625,13.812],[100.5625,13.8115],[100.563,13.8115],[100.5625,13.812]],[[100.5625,13.817]]],[[[100.5595,13.8915],[100.5575,13.8945],[100.5615,13.8955],[100.5625,13.8925],[100.5595,13.8915]],[[100.56,13.894]]],[[[100.5615,13.847],[100.5605,13.847],[100.5595,13.8485],[100.5615,13.8495],[100.561,13.851],[100.563,13.852],[100.5615,13.847]]],[[[100.5635,13.707],[100.5625,13.7075],[100.5635,13.7095],[100.5655,13.709],[100.5655,13.708],[100.565,13.7075],[100.564,13.708],[100.5635,13.707]]],[[[100.5645,13.7555],[100.5635,13.7565],[100.5645,13.757],[100.565,13.7595],[100.5665,13.7605],[100.5655,13.757],[100.566,13.756],[100.5645,13.7555]]],[[[100.5655,13.8215],[100.5645,13.824],[100.564,13.8235],[100.5635,13.8245],[100.567,13.8255],[100.567,13.8265],[100.568,13.827],[100.5665,13.824],[100.567,13.823],[100.5655,13.8215]],[[100.565,13.824],[100.5655,13.8235],[100.566,13.824],[100.565,13.824]]],[[[100.5655,13.8905],[100.565,13.891],[100.567,13.893],[100.569,13.8925],[100.57,13.8915],[100.5685,13.891],[100.57,13.891],[100.5705,13.89],[100.5695,13.8895],[100.567,13.89],[100.5665,13.889],[100.5655,13.8895],[100.5655,13.8905]]],[[[100.5685,13.7285],[100.566,13.73],[100.567,13.7315],[100.566,13.733],[100.57,13.734],[100.5705,13.733],[100.5695,13.732],[100.5715,13.7325],[100.571,13.7305],[100.572,13.73],[100.5725,13.7285],[100.572,13.728],[100.571,13.729],[100.5715,13.728],[100.5705,13.7275],[100.57,13.7285],[100.568,13.728],[100.5685,13.7285]],[[100.567,13.7305],[100.5675,13.73],[100.5675,13.7305],[100.567,13.7305]],[[100.5695,13.7315],[100.569,13.7315],[100.5695,13.7315]],[[100.569,13.7305],[100.5685,13.73],[100.569,13.73],[100.569,13.7305]],[[100.569,13.733],[100.569,13.7325],[100.569,13.733]]],[[[100.5685,13.7625],[100.5665,13.765],[100.568,13.7655],[100.568,13.767],[100.5695,13.7685],[100.571,13.768],[100.5725,13.7695],[100.573,13.768],[100.571,13.766],[100.5725,13.7645],[100.5715,13.764],[100.57,13.7655],[100.57,13.7635],[100.5685,13.7625]],[[100.5695,13.7665],[100.5695,13.766],[100.5695,13.7665]]],[[[100.5685,13.8275],[100.5675,13.829],[100.569,13.8295],[100.5685,13.8305],[100.5695,13.83],[100.569,13.831],[100.5715,13.8325],[100.571,13.8285],[100.5695,13.8285],[100.5695,13.8275],[100.5685,13.8275]],[[100.5685,13.8285]]],[[[100.566,13.858],[100.5655,13.859],[100.567,13.86],[100.566,13.8605],[100.567,13.8615],[100.5665,13.862],[100.567,13.8625],[100.5675,13.862],[100.568,13.863],[100.5685,13.8615],[100.566,13.858]]],[[[100.5695,13.807],[100.5695,13.8085],[100.571,13.809],[100.571,13.808],[100.5725,13.809],[100.573,13.808],[100.5745,13.8085],[100.5755,13.807],[100.5765,13.804],[100.5755,13.8045],[100.575,13.8005],[100.577,13.8],[100.576,13.7985],[100.5765,13.797],[100.575,13.797],[100.5745,13.7955],[100.5735,13.7975],[100.573,13.797],[100.5735,13.7985],[100.5725,13.8],[100.574,13.801],[100.574,13.8045],[100.5715,13.807],[100.5695,13.807]],[[100.5735,13.8055]],[[100.572,13.8075]],[[100.5745,13.806]]],[[[100.576,13.745],[100.572,13.7465],[100.576,13.746],[100.576,13.745]]],[[[100.5735,13.775],[100.573,13.7765],[100.571,13.778],[100.572,13.7785],[100.5715,13.779],[100.5725,13.7795],[100.572,13.78],[100.573,13.78],[100.573,13.781],[100.574,13.7815],[100.5765,13.7785],[100.574,13.7775],[100.5735,13.775]],[[100.573,13.779]],[[100.575,13.779]]],[[[100.5735,13.786],[100.5735,13.7895],[100.5725,13.789],[100.5715,13.79],[100.5735,13.7905],[100.5745,13.7935],[100.576,13.792],[100.5755,13.7905],[100.577,13.7895],[100.5735,13.786]]],[[[100.5735,13.834],[100.572,13.834],[100.575,13.839],[100.5755,13.838],[100.5745,13.837],[100.5765,13.836],[100.576,13.835],[100.575,13.8355],[100.574,13.8345],[100.573,13.835],[100.5735,13.834]],[[100.574,13.8365],[100.5745,13.8365],[100.574,13.8365]]],[[[100.574,13.8885],[100.576,13.889],[100.578,13.888],[100.5775,13.887],[100.5785,13.8865],[100.5775,13.886],[100.5755,13.8875],[100.575,13.887],[100.574,13.8885]]],[[[100.581,13.7215],[100.5765,13.7225],[100.576,13.7235],[100.5765,13.7245],[100.575,13.725],[100.5755,13.7255],[100.575,13.727],[100.576,13.7265],[100.5765,13.727],[100.5775,13.7255],[100.5775,13.727],[100.5805,13.7255],[100.5805,13.724],[100.582,13.722],[100.581,13.7215]],[[100.578,13.7235],[100.5785,13.7235],[100.5785,13.724],[100.578,13.7235]]],[[[100.5795,13.7445],[100.58,13.745],[100.5845,13.7435],[100.5815,13.7435],[100.582,13.742],[100.5805,13.7415],[100.58,13.742],[100.5805,13.7435],[100.5795,13.7445]]],[[[100.5765,13.7545],[100.577,13.755],[100.5755,13.755],[100.5755,13.756],[100.577,13.7565],[100.578,13.756],[100.5785,13.7575],[100.5795,13.7555],[100.581,13.7555],[100.5805,13.7545],[100.5775,13.754],[100.5765,13.7545]]],[[[100.5765,13.841],[100.5755,13.842],[100.5765,13.8425],[100.576,13.845],[100.5785,13.844],[100.5765,13.841]]],[[[100.58,13.8485],[100.5805,13.8495],[100.5795,13.85],[100.5795,13.851],[100.5805,13.8515],[100.5805,13.8525],[100.5815,13.8515],[100.582,13.853],[100.5835,13.853],[100.582,13.8485],[100.58,13.8485]]],[[[100.581,13.8835],[100.5795,13.8835],[100.579,13.8855],[100.5825,13.888],[100.5815,13.889],[100.584,13.89],[100.5845,13.889],[100.584,13.887],[100.585,13.8865],[100.5835,13.884],[100.5845,13.884],[100.585,13.8825],[100.583,13.883],[100.5825,13.8815],[100.5825,13.8825],[100.581,13.8835]],[[100.581,13.8855],[100.5815,13.887],[100.581,13.8855]],[[100.583,13.885]],[[100.5825,13.883],[100.5825,13.8825],[100.5825,13.883]],[[100.5835,13.8855]]],[[[100.5835,13.718],[100.5835,13.72],[100.582,13.7215],[100.5845,13.7225],[100.5855,13.721],[100.5865,13.7215],[100.586,13.7205],[100.587,13.719],[100.588,13.719],[100.5885,13.7175],[100.59,13.7175],[100.59,13.7165],[100.591,13.7175],[100.592,13.717],[100.594,13.715],[100.5945,13.713],[100.5905,13.713],[100.5895,13.715],[100.5885,13.715],[100.589,13.7165],[100.586,13.718],[100.5845,13.717],[100.5835,13.718]],[[100.5855,13.72],[100.585,13.72],[100.5855,13.72]],[[100.5855,13.7185],[100.5855,13.719],[100.585,13.7185],[100.5855,13.7185]],[[100.586,13.718],[100.5865,13.718],[100.586,13.718]],[[100.5905,13.7135],[100.591,13.714],[100.5905,13.7145],[100.5905,13.7135]],[[100.5915,13.716],[100.5915,13.7165],[100.5915,13.716]]],[[[100.584,13.854],[100.5835,13.8545],[100.5845,13.8555],[100.584,13.8565],[100.585,13.857],[100.5835,13.8575],[100.585,13.858],[100.585,13.859],[100.5865,13.8585],[100.585,13.854],[100.584,13.854]],[[100.5845,13.8565],[100.585,13.856],[100.5845,13.8565]]],[[[100.5875,13.6745],[100.587,13.677],[100.5885,13.677],[100.589,13.678],[100.5895,13.676],[100.5875,13.6745]],[[100.588,13.6765],[100.588,13.676],[100.588,13.6765]]],[[[100.586,13.741],[100.5845,13.741],[100.5855,13.7435],[100.5845,13.7445],[100.585,13.745],[100.588,13.744],[100.586,13.743],[100.5865,13.7415],[100.586,13.741]]],[[[100.5885,13.7425],[100.588,13.743],[100.5885,13.744],[100.5895,13.744],[100.59,13.7435],[100.5895,13.743],[100.5905,13.7425],[100.5885,13.7425]]],[[[100.591,13.8785],[100.5875,13.881],[100.589,13.8805],[100.591,13.8815],[100.5915,13.881],[100.591,13.88],[100.592,13.8795],[100.592,13.8785],[100.591,13.8785]]],[[[100.588,13.8965],[100.587,13.898],[100.588,13.8975],[100.5885,13.8985],[100.587,13.8995],[100.5895,13.902],[100.5905,13.901],[100.588,13.8965]],[[100.589,13.8995],[100.5885,13.8995],[100.589,13.8995]],[[100.5895,13.9005],[100.589,13.9005],[100.5895,13.9005]]],[[[100.591,13.6195],[100.5895,13.6215],[100.5885,13.621],[100.588,13.622],[100.5895,13.6245],[100.59,13.6235],[100.593,13.6225],[100.5905,13.6215],[100.5915,13.62],[100.591,13.6195]]],[[[100.5945,13.636],[100.592,13.6375],[100.595,13.6365],[100.5945,13.636]]],[[[100.5925,13.739],[100.592,13.741],[100.5935,13.741],[100.591,13.7415],[100.591,13.7425],[100.596,13.7415],[100.5955,13.7425],[100.5965,13.7425],[100.597,13.7435],[100.598,13.7425],[100.5995,13.746],[100.603,13.7445],[100.602,13.743],[100.603,13.743],[100.602,13.7425],[100.6025,13.7415],[100.602,13.741],[100.5985,13.741],[100.596,13.74],[100.5945,13.741],[100.5935,13.739],[100.5925,13.739]],[[100.599,13.742],[100.5995,13.7425],[100.6,13.7425],[100.599,13.7425],[100.599,13.742]],[[100.6005,13.7425]],[[100.601,13.7435],[100.6005,13.744],[100.601,13.7445],[100.6,13.745],[100.5995,13.744],[100.601,13.7435]]],[[[100.59,13.8645],[100.5905,13.8655],[100.5895,13.8685],[100.5905,13.8695],[100.591,13.869],[100.5935,13.8695],[100.59,13.8645]],[[100.5905,13.867]]],[[[100.595,13.872],[100.5955,13.874],[100.5945,13.875],[100.5955,13.8755],[100.595,13.8765],[100.596,13.878],[100.598,13.878],[100.598,13.877],[100.599,13.8765],[100.5985,13.873],[100.5975,13.8725],[100.597,13.874],[100.595,13.872]],[[100.597,13.8755]],[[100.597,13.877]]],[[[100.5955,13.914],[100.596,13.9165],[100.597,13.916],[100.599,13.917],[100.5965,13.9125],[100.5955,13.914]]],[[[100.597,13.593],[100.5955,13.5935],[100.596,13.597],[100.597,13.597],[100.5965,13.596],[100.5985,13.5955],[100.597,13.593]]],[[[100.5965,13.6015],[100.596,13.6025],[100.5965,13.603],[100.5975,13.602],[100.5965,13.6015]]],[[[100.5965,13.6075],[100.5955,13.6075],[100.595,13.609],[100.5975,13.6095],[100.5975,13.608],[100.5965,13.6075]]],[[[100.597,13.646],[100.5955,13.646],[100.5955,13.648],[100.5965,13.647],[100.597,13.6475],[100.598,13.647],[100.598,13.646],[100.597,13.646]]],[[[100.6015,13.66],[100.6,13.661],[100.601,13.663],[100.605,13.662],[100.6035,13.6605],[100.6025,13.6615],[100.6015,13.658],[100.601,13.6585],[100.6015,13.66]]],[[[100.601,13.703],[100.598,13.706],[100.6,13.707],[100.599,13.708],[100.5995,13.709],[100.6025,13.708],[100.601,13.7065],[100.6035,13.7065],[100.604,13.7055],[100.603,13.705],[100.6025,13.703],[100.6015,13.7035],[100.601,13.703]],[[100.601,13.705],[100.6005,13.705],[100.6005,13.7045],[100.601,13.705]],[[100.6025,13.7045],[100.602,13.7045],[100.6025,13.7045]]],[[[100.6005,13.872],[100.6035,13.8735],[100.6055,13.87],[100.604,13.87],[100.6005,13.872]],[[100.602,13.872]],[[100.604,13.871]],[[100.604,13.872]]],[[[100.5995,13.88],[100.599,13.8825],[100.6,13.882],[100.6005,13.8825],[100.599,13.8825],[100.599,13.8835],[100.602,13.885],[100.6025,13.8835],[100.5995,13.88]]],[[[100.605,13.9685],[100.6055,13.9665],[100.6055,13.9635],[100.6055,13.963],[100.605,13.9685]]],[[[100.602,13.992],[100.602,13.9905],[100.603,13.9905],[100.6025,13.9875],[100.602,13.992]]],[[[100.6045,13.6695],[100.6025,13.6705],[100.604,13.67],[100.6045,13.6715],[100.606,13.67],[100.604,13.667],[100.6045,13.6695]],[[100.6045,13.67],[100.605,13.67],[100.6045,13.67]]],[[[100.6025,13.696],[100.602,13.696],[100.603,13.697],[100.6025,13.698],[100.604,13.6985],[100.6035,13.7005],[100.6075,13.699],[100.608,13.6975],[100.606,13.697],[100.608,13.697],[100.6075,13.696],[100.608,13.6945],[100.607,13.6945],[100.607,13.6935],[100.606,13.6935],[100.606,13.6945],[100.605,13.695],[100.6035,13.6945],[100.604,13.6955],[100.6025,13.696]],[[100.6045,13.697],[100.6045,13.6975],[100.6035,13.6975],[100.604,13.697],[100.6045,13.697]],[[100.6045,13.696],[100.605,13.696],[100.605,13.6965],[100.6045,13.696]]],[[[100.603,13.8855],[100.6025,13.887],[100.606,13.891],[100.6055,13.8885],[100.605,13.889],[100.606,13.8875],[100.605,13.8865],[100.604,13.887],[100.604,13.886],[100.603,13.8855]]],[[[100.608,13.5665],[100.607,13.5675],[100.6075,13.568],[100.6085,13.567],[100.608,13.5665]]],[[[100.606,13.576],[100.605,13.578],[100.6065,13.578],[100.6065,13.579],[100.6075,13.579],[100.607,13.578],[100.6085,13.5765],[100.6065,13.577],[100.606,13.576]]],[[[100.6075,13.5835],[100.608,13.5855],[100.6085,13.585],[100.6075,13.5835]]],[[[100.608,13.592],[100.6085,13.5925],[100.609,13.5925],[100.609,13.592],[100.608,13.592]]],[[[100.608,13.677],[100.608,13.6785],[100.609,13.6795],[100.6085,13.68],[100.6105,13.6825],[100.611,13.6815],[100.6105,13.6795],[100.6115,13.6795],[100.612,13.6785],[100.6095,13.6785],[100.608,13.677]]],[[[100.6105,13.686],[100.6085,13.689],[100.608,13.6885],[100.6075,13.689],[100.607,13.6925],[100.609,13.6905],[100.6095,13.6915],[100.6105,13.6905],[100.6095,13.689],[100.61,13.688],[100.611,13.688],[100.6105,13.686]],[[100.609,13.69],[100.6095,13.69],[100.609,13.69]]],[[[100.6065,13.7535],[100.614,13.761],[100.6175,13.762],[100.6175,13.763],[100.6185,13.762],[100.6235,13.7625],[100.623,13.7635],[100.624,13.764],[100.6245,13.7625],[100.6265,13.7625],[100.6245,13.762],[100.6255,13.7615],[100.6245,13.76],[100.623,13.7615],[100.619,13.761],[100.62,13.7595],[100.618,13.7595],[100.6185,13.76],[100.618,13.761],[100.615,13.7605],[100.6155,13.759],[100.615,13.758],[100.6135,13.759],[100.612,13.7575],[100.613,13.7575],[100.614,13.756],[100.6135,13.7555],[100.6105,13.7565],[100.61,13.755],[100.6095,13.7555],[100.607,13.753],[100.6065,13.7535]],[[100.615,13.7595]]],[[[100.6085,13.894],[100.607,13.896],[100.61,13.898],[100.6085,13.894]]],[[[100.627,13.775],[100.627,13.7765],[100.6275,13.776],[100.6295,13.7775],[100.632,13.7735],[100.629,13.772],[100.6275,13.774],[100.628,13.7755],[100.627,13.775]],[[100.6295,13.774],[100.6295,13.7735],[100.6295,13.774]]],[[[100.6255,13.856],[100.6245,13.8565],[100.6235,13.8595],[100.6255,13.861],[100.6275,13.86],[100.6275,13.859],[100.628,13.8595],[100.629,13.859],[100.628,13.858],[100.6325,13.8555],[100.6335,13.856],[100.6345,13.854],[100.634,13.8535],[100.631,13.8555],[100.6305,13.855],[100.63,13.856],[100.6265,13.8575],[100.6255,13.856]],[[100.6245,13.8585],[100.625,13.8585],[100.6245,13.8585]]],[[[100.62,13.863],[100.6195,13.8615],[100.6165,13.8635],[100.617,13.8645],[100.6185,13.864],[100.618,13.865],[100.619,13.8645],[100.62,13.865],[100.6195,13.864],[100.6205,13.8635],[100.6195,13.8635],[100.62,13.863]],[[100.6185,13.863]],[[100.6195,13.8625]]],[[[100.6165,13.9085],[100.6155,13.909],[100.617,13.9115],[100.6185,13.9125],[100.6195,13.912],[100.619,13.9105],[100.62,13.9095],[100.6165,13.9085]],[[100.618,13.911]]],[[[100.6215,13.917],[100.621,13.9175],[100.622,13.9185],[100.6225,13.918],[100.6215,13.917]]],[[[100.6245,13.923],[100.6235,13.924],[100.624,13.9265],[100.626,13.9265],[100.627,13.928],[100.6285,13.925],[100.627,13.9255],[100.6255,13.9235],[100.626,13.9225],[100.6245,13.923]]],[[[100.645,13.737],[100.643,13.738],[100.6435,13.739],[100.643,13.739],[100.645,13.739],[100.645,13.74],[100.646,13.7405],[100.6455,13.7395],[100.647,13.7395],[100.647,13.738],[100.648,13.7375],[100.645,13.737]]],[[[100.632,13.7635],[100.6365,13.764],[100.6335,13.763],[100.632,13.7635]]],[[[100.642,13.7645],[100.6475,13.7655],[100.6465,13.766],[100.648,13.7675],[100.649,13.7665],[100.6485,13.766],[100.65,13.766],[100.6485,13.7645],[100.6485,13.7635],[100.648,13.7645],[100.6425,13.764],[100.642,13.7645]]],[[[100.65,13.845],[100.6475,13.8445],[100.649,13.8475],[100.6495,13.846],[100.6515,13.8465],[100.651,13.8455],[100.6525,13.8445],[100.652,13.844],[100.6505,13.8445],[100.651,13.844],[100.6505,13.8435],[100.6495,13.8445],[100.65,13.845]]],[[[100.644,13.848],[100.6405,13.851],[100.6425,13.852],[100.6425,13.8505],[100.645,13.8505],[100.645,13.848],[100.644,13.848]]],[[[100.6465,13.932],[100.646,13.9315],[100.643,13.9325],[100.645,13.9335],[100.6485,13.9325],[100.6465,13.932]]],[[[100.6355,13.958],[100.6335,13.959],[100.634,13.96],[100.633,13.96],[100.633,13.961],[100.6355,13.9605],[100.6365,13.9595],[100.637,13.9605],[100.638,13.96],[100.6355,13.958]]],[[[100.692,13.7325],[100.6885,13.7335],[100.688,13.7345],[100.6885,13.735],[100.6915,13.734],[100.692,13.7345],[100.693,13.7335],[100.692,13.7325]]],[[[100.6535,13.7655],[100.6525,13.767],[100.6525,13.766],[100.6515,13.7665],[100.65,13.766],[100.65,13.768],[100.6515,13.768],[100.6565,13.772],[100.657,13.7715],[100.6585,13.772],[100.653,13.768],[100.654,13.7665],[100.6535,13.7655]]],[[[100.664,13.7745],[100.6635,13.775],[100.6685,13.7775],[100.664,13.7745]]],[[[100.669,13.7775],[100.6705,13.779],[100.6695,13.781],[100.67,13.7815],[100.6715,13.7795],[100.673,13.7805],[100.6725,13.7815],[100.673,13.782],[100.6735,13.7815],[100.6725,13.783],[100.673,13.7835],[100.6745,13.783],[100.675,13.7815],[100.6775,13.783],[100.6765,13.784],[100.6775,13.7845],[100.6775,13.7855],[100.679,13.7835],[100.683,13.7855],[100.6765,13.7815],[100.6765,13.7805],[100.676,13.781],[100.675,13.7805],[100.676,13.7785],[100.6745,13.78],[100.673,13.7785],[100.6725,13.779],[100.669,13.7775]],[[100.6775,13.784]]],[[[100.687,13.788],[100.6875,13.79],[100.6885,13.789],[100.6955,13.793],[100.6955,13.795],[100.6965,13.795],[100.6965,13.793],[100.6975,13.7935],[100.697,13.7905],[100.696,13.792],[100.6915,13.79],[100.691,13.7885],[100.6875,13.7875],[100.687,13.788]],[[100.6965,13.7925],[100.6965,13.792],[100.6965,13.7925]]],[[[100.6865,13.8155],[100.6855,13.8165],[100.6865,13.8185],[100.687,13.818],[100.6865,13.8155]]],[[[100.6775,13.8235],[100.676,13.8245],[100.676,13.826],[100.677,13.8255],[100.678,13.827],[100.6785,13.8265],[100.678,13.825],[100.68,13.8245],[100.6775,13.8235]]],[[[100.67,13.8325],[100.669,13.832],[100.6655,13.836],[100.6675,13.835],[100.669,13.836],[100.67,13.8355],[100.67,13.834],[100.669,13.833],[100.6695,13.8335],[100.67,13.8325]]],[[[100.6615,13.8395],[100.661,13.839],[100.657,13.841],[100.657,13.8425],[100.6615,13.8395]]],[[[100.75,13.687],[100.7465,13.6875],[100.747,13.688],[100.7485,13.6875],[100.75,13.6905],[100.7475,13.692],[100.7505,13.6915],[100.75,13.687]]],[[[100.7535,13.692],[100.748,13.694],[100.749,13.6945],[100.753,13.6935],[100.754,13.6925],[100.7535,13.692]]],[[[100.7475,13.727],[100.7465,13.726],[100.746,13.7285],[100.745,13.7285],[100.749,13.7285],[100.7515,13.7295],[100.75,13.7275],[100.7475,13.727]]],[[[100.704,13.797],[100.703,13.798],[100.705,13.799],[100.704,13.7975],[100.7065,13.7985],[100.704,13.797]]],[[[100.7285,13.8095],[100.727,13.8115],[100.726,13.81],[100.7245,13.812],[100.7225,13.8125],[100.729,13.813],[100.7305,13.8135],[100.731,13.8145],[100.733,13.814],[100.7315,13.8125],[100.7315,13.8115],[100.73,13.811],[100.73,13.81],[100.7285,13.8095]],[[100.73,13.812]],[[100.728,13.811]]],[[[100.7015,13.8125],[100.701,13.8135],[100.703,13.814],[100.703,13.815],[100.704,13.8145],[100.7045,13.8135],[100.704,13.8125],[100.7015,13.8125]]]]}},{"type":"Feature","properties":{"class":"5-10","speed_kmh":3.6},"geometry":{"type":"MultiPolygon","coordinates":[[[[100.3825,13.6865],[100.382,13.6875],[100.3805,13.6875],[100.3795,13.6885],[100.381,13.69],[100.3815,13.689],[100.3825,13.6895],[100.3825,13.691],[100.3835,13.688],[100.3825,13.6875],[100.383,13.687],[100.3825,13.6865]],[[100.382,13.688],[100.3815,13.6885],[100.382,13.688]],[[100.381,13.688]]],[[[100.381,13.6915],[100.379,13.691],[100.3765,13.6925],[100.378,13.6925],[100.379,13.694],[100.3795,13.6925],[100.3805,13.6925],[100.381,13.6915]]],[[[100.38,13.6935],[100.379,13.6955],[100.38,13.6965],[100.3815,13.6955],[100.381,13.695],[100.382,13.695],[100.38,13.6935]],[[100.38,13.695],[100.38,13.6955],[100.38,13.695]]],[[[100.3815,13.694],[100.3835,13.695],[100.386,13.6935],[100.3825,13.6925],[100.383,13.6935],[100.3815,13.694]],[[100.384,13.694],[100.3835,13.6935],[100.384,13.694]]],[[[100.388,13.6935],[100.3895,13.695],[100.39,13.694],[100.388,13.6935]]],[[[100.39,13.695],[100.388,13.696],[100.389,13.698],[100.391,13.6985],[100.391,13.7005],[100.392,13.7005],[100.393,13.699],[100.392,13.6985],[100.3925,13.698],[100.391,13.698],[100.3905,13.697],[100.391,13.6955],[100.39,13.695]]],[[[100.3945,13.6965],[100.3965,13.6975],[100.397,13.697],[100.3945,13.696],[100.395,13.6965],[100.3945,13.6965]]],[[[100.3925,13.695],[100.3925,13.6945],[100.3915,13.694],[100.391,13.694],[100.391,13.6945],[100.3925,13.695]]],[[[100.404,13.697],[100.4015,13.699],[100.4045,13.7],[100.405,13.698],[100.404,13.697]]],[[[100.405,13.6995]]],[[[100.4075,13.707],[100.406,13.7075],[100.406,13.7105],[100.409,13.709],[100.4075,13.707]],[[100.4075,13.7085],[100.408,13.709],[100.4075,13.709],[100.4075,13.7085]]],[[[100.406,13.7105]]],[[[100.406,13.7105]]],[[[100.406,13.7105]]],[[[100.4065,13.7105]]],[[[100.4075,13.712]]],[[[100.407,13.712],[100.406,13.715],[100.407,13.7135],[100.4075,13.714],[100.407,13.712]]],[[[100.4085,13.712],[100.408,13.7155],[100.41,13.7165],[100.412,13.7145],[100.412,13.7125],[100.413,13.714],[100.4135,13.713],[100.413,13.712],[100.4145,13.7125],[100.4155,13.711],[100.4145,13.711],[100.4135,13.709],[100.4125,13.709],[100.412,13.7065],[100.411,13.707],[100.41,13.7065],[100.4095,13.709],[100.4115,13.7095],[100.413,13.7115],[100.412,13.7115],[100.412,13.7125],[100.4105,13.712],[100.4105,13.713],[100.4095,13.7135],[100.4085,13.713],[100.4085,13.712]],[[100.4105,13.709]]],[[[100.4115,13.71]]],[[[100.4115,13.71]]],[[[100.409,13.8755],[100.409,13.877],[100.4065,13.877],[100.407,13.8785],[100.4055,13.879],[100.4055,13.8805],[100.404,13.8825],[100.4055,13.883],[100.406,13.8845],[100.408,13.885],[100.4075,13.8855],[100.4085,13.886],[100.411,13.8845],[100.41,13.884],[100.412,13.8835],[100.4105,13.8825],[100.411,13.882],[100.41,13.88],[100.409,13.884],[100.4075,13.883],[100.407,13.8835],[100.4075,13.882],[100.4065,13.8815],[100.407,13.8805],[100.406,13.8795],[100.408,13.879],[100.408,13.88],[100.409,13.878],[100.4095,13.879],[100.4105,13.8785],[100.4105,13.877],[100.409,13.8755]],[[100.408,13.8835]],[[100.408,13.885]],[[100.41,13.8825],[100.4095,13.8825],[100.41,13.8825]]],[[[100.4085,13.887],[100.4085,13.888],[100.4075,13.888],[100.407,13.8895],[100.4055,13.8905],[100.4055,13.892],[100.4075,13.8925],[100.407,13.894],[100.408,13.8945],[100.4075,13.896],[100.408,13.8975],[100.409,13.897],[100.409,13.894],[100.4085,13.8945],[100.408,13.894],[100.4075,13.8905],[100.411,13.8885],[100.41,13.887],[100.409,13.8865],[100.4085,13.887]]],[[[100.4095,13.891],[100.4105,13.8935],[100.4115,13.893],[100.41,13.8905],[100.4095,13.891]]],[[[100.4095,13.8905]]],[[[100.4195,13.703],[100.419,13.7045],[100.418,13.704],[100.4175,13.705],[100.4195,13.7055],[100.4195,13.7065],[100.4195,13.7055],[100.421,13.705],[100.4215,13.7075],[100.4205,13.708],[100.42,13.707],[100.419,13.707],[100.4195,13.7095],[100.4185,13.709],[100.4175,13.71],[100.418,13.7105],[100.416,13.7115],[100.4165,13.7125],[100.4175,13.7125],[100.418,13.714],[100.4195,13.714],[100.42,13.7155],[100.4205,13.713],[100.4185,13.713],[100.419,13.711],[100.4205,13.7105],[100.4205,13.709],[100.4205,13.7105],[100.4205,13.7095],[100.4215,13.7105],[100.423,13.7095],[100.4235,13.711],[100.4245,13.7105],[100.425,13.7115],[100.426,13.7115],[100.4255,13.7105],[100.426,13.7095],[100.425,13.7085],[100.4235,13.7085],[100.423,13.707],[100.422,13.7085],[100.421,13.7085],[100.4225,13.7065],[100.426,13.707],[100.4215,13.7055],[100.423,13.705],[100.4225,13.704],[100.423,13.7035],[100.421,13.702],[100.4205,13.703],[100.421,13.7035],[100.4195,13.703]],[[100.42,13.705],[100.42,13.7045],[100.42,13.705]],[[100.4175,13.712]],[[100.422,13.709]]],[[[100.4205,13.7145],[100.42,13.716],[100.422,13.717],[100.423,13.7155],[100.424,13.7155],[100.424,13.7165],[100.425,13.716],[100.4245,13.713],[100.423,13.715],[100.4205,13.7135],[100.4205,13.7145]]],[[[100.4255,13.7125],[100.426,13.7145],[100.427,13.713],[100.4285,13.7125],[100.4305,13.7135],[100.4325,13.713],[100.432,13.7095],[100.4315,13.712],[100.431,13.711],[100.43,13.711],[100.4305,13.7105],[100.4295,13.7115],[100.4285,13.7105],[100.427,13.711],[100.426,13.7105],[100.426,13.7115],[100.425,13.7115],[100.4255,13.7125]],[[100.427,13.712]],[[100.4285,13.712]],[[100.429,13.712]],[[100.431,13.712],[100.4305,13.712],[100.431,13.712]]],[[[100.436,13.7135],[100.4375,13.714],[100.4375,13.715],[100.439,13.716],[100.4405,13.715],[100.443,13.7155],[100.4425,13.714],[100.444,13.714],[100.4435,13.7135],[100.445,13.713],[100.4445,13.712],[100.4465,13.7125],[100.447,13.7135],[100.4465,13.7135],[100.4475,13.7145],[100.448,13.714],[100.448,13.715],[100.447,13.7145],[100.4465,13.715],[100.4475,13.715],[100.4485,13.7165],[100.4455,13.7185],[100.446,13.7195],[100.4455,13.72],[100.447,13.7195],[100.448,13.72],[100.448,13.719],[100.449,13.7195],[100.449,13.7185],[100.45,13.719],[100.45,13.718],[100.452,13.718],[100.452,13.719],[100.453,13.719],[100.453,13.7205],[100.454,13.7205],[100.4535,13.7225],[100.4545,13.724],[100.4555,13.7245],[100.4565,13.7235],[100.455,13.7265],[100.457,13.726],[100.458,13.724],[100.4585,13.7245],[100.46,13.7235],[100.46,13.7245],[100.4615,13.7245],[100.461,13.725],[100.4615,13.726],[100.4605,13.7265],[100.4615,13.727],[100.4615,13.7285],[100.4625,13.7285],[100.463,13.7275],[100.4635,13.7285],[100.4615,13.7295],[100.463,13.73],[100.4645,13.732],[100.465,13.7315],[100.4645,13.733],[100.463,13.7325],[100.463,13.734],[100.4655,13.7345],[100.4675,13.733],[100.4675,13.732],[100.4655,13.7315],[100.4655,13.7295],[100.465,13.7305],[100.4655,13.729],[100.464,13.7285],[100.465,13.7285],[100.466,13.7265],[100.462,13.726],[100.4625,13.725],[100.462,13.723],[100.465,13.7225],[100.4635,13.7215],[100.464,13.721],[100.4635,13.7205],[100.4625,13.7225],[100.461,13.722],[100.463,13.72],[100.463,13.7185],[100.4635,13.719],[100.4655,13.718],[100.4645,13.7195],[100.467,13.719],[100.468,13.721],[100.469,13.7215],[100.4695,13.7205],[100.47,13.721],[100.4695,13.7225],[100.4715,13.722],[100.4715,13.721],[100.4705,13.7205],[100.471,13.7195],[100.4695,13.72],[100.468,13.7195],[100.4695,13.7185],[100.468,13.7175],[100.4635,13.7175],[100.462,13.7185],[100.46,13.718],[100.4605,13.72],[100.4595,13.7195],[100.4595,13.7205],[100.4605,13.722],[100.4585,13.7225],[100.4585,13.7215],[100.457,13.7245],[100.456,13.7225],[100.457,13.722],[100.4555,13.722],[100.4555,13.7205],[100.4545,13.7205],[100.4545,13.7195],[100.453,13.7185],[100.454,13.717],[100.453,13.717],[100.453,13.716],[100.454,13.716],[100.454,13.715],[100.4555,13.715],[100.455,13.7125],[100.453,13.7135],[100.454,13.714],[100.4525,13.7145],[100.453,13.715],[100.4515,13.714],[100.4505,13.715],[100.4505,13.716],[100.452,13.716],[100.4515,13.717],[100.4485,13.715],[100.4495,13.7145],[100.4485,13.714],[100.4485,13.7125],[100.4475,13.713],[100.4475,13.711],[100.4465,13.7125],[100.4455,13.712],[100.446,13.711],[100.4455,13.7105],[100.443,13.711],[100.443,13.712],[100.442,13.711],[100.4415,13.7115],[100.4405,13.7105],[100.441,13.7095],[100.4375,13.7075],[100.4365,13.7095],[100.4375,13.71],[100.4385,13.7095],[100.4415,13.712],[100.441,13.7125],[100.44,13.712],[100.4395,13.7135],[100.4385,13.7135],[100.4385,13.712],[100.4355,13.7105],[100.4355,13.7115],[100.438,13.713],[100.436,13.7135]],[[100.443,13.7135],[100.4435,13.7135],[100.443,13.7135]],[[100.4405,13.7125],[100.4425,13.713],[100.4415,13.7135],[100.4405,13.7125]],[[100.439,13.709],[100.4395,13.7095],[100.439,13.7095],[100.439,13.709]],[[100.448,13.7155],[100.448,13.716],[100.448,13.7155]],[[100.4495,13.7175]],[[100.447,13.7185]],[[100.4535,13.719]],[[100.456,13.722]],[[100.461,13.721],[100.461,13.7205],[100.462,13.7205],[100.461,13.721]],[[100.4625,13.719]],[[100.4625,13.719]],[[100.4585,13.723]],[[100.462,13.7235],[100.462,13.724],[100.4615,13.724],[100.4615,13.7235],[100.462,13.7235]],[[100.4615,13.727],[100.462,13.726],[100.4625,13.7265],[100.4615,13.727]]],[[[100.443,13.715],[100.443,13.7155],[100.443,13.715]]],[[[100.4435,13.7165],[100.4425,13.7185],[100.443,13.7195],[100.4445,13.7195],[100.444,13.7185],[100.445,13.717],[100.4435,13.7165]]],[[[100.462,13.731],[100.4625,13.7305],[100.461,13.7295],[100.46,13.73],[100.46,13.731],[100.4585,13.7315],[100.458,13.733],[100.4605,13.734],[100.459,13.734],[100.4595,13.735],[100.4605,13.735],[100.46,13.736],[100.461,13.737],[100.462,13.736],[100.4615,13.7355],[100.462,13.7345],[100.461,13.7345],[100.46,13.7325],[100.461,13.7325],[100.4605,13.732],[100.462,13.7305],[100.462,13.731]]],[[[100.4665,13.7265],[100.467,13.727],[100.468,13.7265],[100.4695,13.728],[100.4685,13.728],[100.4695,13.7305],[100.472,13.7295],[100.4705,13.728],[100.471,13.7275],[100.472,13.728],[100.4725,13.727],[100.4735,13.7275],[100.4725,13.726],[100.474,13.727],[100.4745,13.726],[100.476,13.7265],[100.4775,13.7285],[100.4775,13.7295],[100.4765,13.73],[100.4775,13.731],[100.4765,13.7315],[100.477,13.7325],[100.476,13.7325],[100.4755,13.731],[100.473,13.7325],[100.472,13.7315],[100.4725,13.73],[100.472,13.7295],[100.4715,13.7305],[100.47,13.731],[100.4695,13.7315],[100.4715,13.734],[100.47,13.7355],[100.4705,13.736],[100.4685,13.736],[100.47,13.7375],[100.467,13.738],[100.467,13.739],[100.466,13.7385],[100.465,13.7395],[100.4655,13.7405],[100.466,13.74],[100.4665,13.7405],[100.466,13.741],[100.467,13.7415],[100.467,13.7425],[100.47,13.743],[100.469,13.7435],[100.47,13.7455],[100.4715,13.7445],[100.471,13.7435],[100.472,13.743],[100.472,13.742],[100.4725,13.7425],[100.474,13.741],[100.473,13.741],[100.4735,13.74],[100.4715,13.7395],[100.473,13.739],[100.4715,13.738],[100.472,13.7385],[100.471,13.7395],[100.4715,13.7415],[100.4705,13.743],[100.469,13.7415],[100.4695,13.7405],[100.4675,13.74],[100.4695,13.739],[100.4705,13.737],[100.4715,13.738],[100.473,13.7375],[100.4725,13.736],[100.4715,13.7365],[100.4725,13.7345],[100.473,13.735],[100.474,13.734],[100.4745,13.7345],[100.475,13.733],[100.477,13.7335],[100.4775,13.7325],[100.478,13.7335],[100.479,13.7335],[100.4785,13.732],[100.479,13.731],[100.478,13.73],[100.479,13.7305],[100.48,13.729],[100.481,13.7295],[100.481,13.7305],[100.483,13.73],[100.482,13.7305],[100.4825,13.731],[100.4835,13.7305],[100.484,13.7315],[100.485,13.7315],[100.486,13.73],[100.486,13.729],[100.4845,13.7295],[100.4825,13.7285],[100.483,13.726],[100.482,13.7265],[100.482,13.7275],[100.481,13.727],[100.48,13.728],[100.4795,13.727],[100.4785,13.7275],[100.478,13.726],[100.479,13.725],[100.4775,13.7235],[100.4765,13.7245],[100.476,13.7235],[100.475,13.7255],[100.4735,13.724],[100.4715,13.725],[100.4715,13.723],[100.4705,13.723],[100.4705,13.724],[100.47,13.723],[100.469,13.725],[100.4695,13.7255],[100.4705,13.7245],[100.471,13.7255],[100.4705,13.726],[100.4715,13.7265],[100.471,13.727],[100.469,13.7265],[100.4695,13.7255],[100.4675,13.725],[100.468,13.726],[100.4665,13.7265]],[[100.473,13.7255]],[[100.4675,13.74],[100.467,13.74],[100.4675,13.74]],[[100.47,13.724]],[[100.474,13.7255],[100.4745,13.726],[100.474,13.726],[100.474,13.7255]],[[100.4775,13.727],[100.4775,13.7275],[100.4775,13.727]]],[[[100.486,13.729],[100.489,13.7285],[100.489,13.7275],[100.487,13.7255],[100.4865,13.7265],[100.485,13.727],[100.486,13.729]],[[100.487,13.728],[100.4875,13.7275],[100.487,13.728]]],[[[100.485,13.727],[100.4845,13.726],[100.483,13.727],[100.485,13.727]]],[[[100.483,13.727]]],[[[100.479,13.7225],[100.48,13.723],[100.4795,13.7225],[100.481,13.7215],[100.483,13.722],[100.482,13.7215],[100.4825,13.7205],[100.481,13.721],[100.483,13.72],[100.4845,13.723],[100.484,13.724],[100.483,13.724],[100.4845,13.7255],[100.486,13.7255],[100.4865,13.7235],[100.4855,13.7225],[100.4865,13.722],[100.484,13.721],[100.4845,13.7195],[100.4835,13.7195],[100.483,13.7185],[100.4855,13.7165],[100.486,13.717],[100.4865,13.7165],[100.4865,13.7175],[100.4875,13.717],[100.487,13.7165],[100.488,13.717],[100.488,13.715],[100.4855,13.7165],[100.4845,13.7155],[100.483,13.7165],[100.4825,13.716],[100.481,13.7165],[100.4805,13.718],[100.4815,13.718],[100.481,13.719],[100.482,13.7195],[100.4795,13.721],[100.4795,13.719],[100.4785,13.7195],[100.478,13.7165],[100.4785,13.7155],[100.477,13.7155],[100.4765,13.717],[100.4755,13.7165],[100.475,13.7195],[100.4745,13.719],[100.473,13.7195],[100.474,13.7205],[100.472,13.722],[100.4745,13.7225],[100.4775,13.7195],[100.479,13.721],[100.4795,13.7225],[100.479,13.7225]],[[100.4765,13.719],[100.477,13.7185],[100.476,13.7195],[100.4765,13.719]],[[100.4775,13.7175],[100.477,13.7175],[100.4775,13.7175]],[[100.4785,13.7195],[100.478,13.7195],[100.4785,13.7195]],[[100.4825,13.719],[100.482,13.7185],[100.483,13.7185],[100.4825,13.719]]],[[[100.485,13.721],[100.4855,13.721],[100.486,13.7205],[100.485,13.7205],[100.485,13.721]]],[[[100.487,13.7205],[100.487,13.722],[100.488,13.7215],[100.489,13.7225],[100.49,13.7215],[100.491,13.722],[100.491,13.723],[100.4925,13.7245],[100.493,13.724],[100.495,13.727],[100.4975,13.726],[100.4975,13.725],[100.499,13.7235],[100.5,13.7245],[100.5005,13.7235],[100.503,13.723],[100.505,13.724],[100.5065,13.7235],[100.5075,13.724],[100.507,13.7235],[100.5065,13.724],[100.506,13.726],[100.5075,13.7265],[100.5075,13.7275],[100.5065,13.7265],[100.503,13.7285],[100.5025,13.73],[100.5035,13.731],[100.5015,13.732],[100.4995,13.736],[100.5015,13.737],[100.503,13.7365],[100.502,13.735],[100.5035,13.734],[100.505,13.737],[100.5065,13.735],[100.506,13.7335],[100.5065,13.7325],[100.509,13.7335],[100.5105,13.7325],[100.5085,13.731],[100.508,13.732],[100.5055,13.7315],[100.505,13.731],[100.5065,13.7305],[100.506,13.73],[100.504,13.7305],[100.507,13.7285],[100.5075,13.7295],[100.5085,13.7285],[100.5075,13.727],[100.5085,13.727],[100.508,13.725],[100.5085,13.7235],[100.511,13.7235],[100.511,13.7225],[100.51,13.7225],[100.5105,13.721],[100.5115,13.7205],[100.509,13.721],[100.5085,13.7205],[100.5105,13.7195],[100.5105,13.7185],[100.5095,13.719],[100.5095,13.718],[100.5085,13.7185],[100.508,13.7175],[100.5075,13.7185],[100.506,13.7175],[100.504,13.7185],[100.503,13.7165],[100.502,13.717],[100.4995,13.7165],[100.499,13.7185],[100.498,13.7175],[100.495,13.7185],[100.4945,13.718],[100.495,13.7175],[100.494,13.717],[100.4925,13.719],[100.492,13.718],[100.491,13.7185],[100.4905,13.718],[100.49,13.719],[100.488,13.718],[100.4885,13.7195],[100.488,13.7205],[100.487,13.7205]],[[100.495,13.725],[100.495,13.7245],[100.495,13.725]],[[100.494,13.722],[100.493,13.7215],[100.4925,13.7225],[100.4915,13.7205],[100.493,13.719],[100.4955,13.7195],[100.4955,13.7185],[100.4975,13.7205],[100.5015,13.72],[100.5015,13.7185],[100.5025,13.7195],[100.5045,13.719],[100.507,13.7205],[100.5055,13.7205],[100.5065,13.721],[100.5045,13.723],[100.5015,13.722],[100.5005,13.7225],[100.501,13.7225],[100.4995,13.721],[100.498,13.721],[100.4985,13.722],[100.4955,13.7245],[100.4945,13.7235],[100.495,13.7225],[100.494,13.722]],[[100.4885,13.7205],[100.488,13.721],[100.488,13.7205],[100.4885,13.7205]],[[100.4895,13.7215]],[[100.492,13.72],[100.4915,13.7195],[100.492,13.7195],[100.492,13.72]],[[100.4935,13.7185]],[[100.493,13.7185]],[[100.494,13.7235],[100.494,13.724],[100.494,13.7235]],[[100.4975,13.7195],[100.499,13.719],[100.499,13.72],[100.4975,13.7195]],[[100.496,13.7245]],[[100.5,13.723],[100.4995,13.7225],[100.4995,13.722],[100.5,13.723]],[[100.501,13.7175]],[[100.502,13.7225]],[[100.503,13.733],[100.504,13.732],[100.505,13.7325],[100.503,13.733]],[[100.502,13.7345]],[[100.5055,13.7195]],[[100.506,13.7285],[100.5045,13.7285],[100.505,13.728],[100.506,13.7285]],[[100.505,13.734]],[[100.5065,13.732]],[[100.506,13.733]],[[100.5075,13.724]],[[100.508,13.72]]],[[[100.506,13.7355],[100.5065,13.736],[100.5075,13.735],[100.506,13.7355]]],[[[100.5105,13.7305],[100.5105,13.731],[100.5105,13.7305]]],[[[100.5105,13.7305],[100.5115,13.73],[100.51,13.73],[100.5105,13.7305]]],[[[100.512,13.728]]],[[[100.512,13.7265],[100.51,13.7265],[100.5105,13.728],[100.5115,13.728],[100.512,13.7265]]],[[[100.5115,13.7255]]],[[[100.511,13.7255],[100.512,13.725],[100.512,13.724],[100.51,13.7245],[100.511,13.7255]]],[[[100.514,13.7205]]],[[[100.514,13.7205]]],[[[100.514,13.7205]]],[[[100.514,13.7205]]],[[[100.514,13.7205],[100.5135,13.7225],[100.516,13.722],[100.5155,13.7225],[100.5165,13.724],[100.5165,13.7245],[100.5155,13.724],[100.5155,13.725],[100.5135,13.725],[100.5135,13.726],[100.514,13.7255],[100.515,13.726],[100.5155,13.725],[100.5165,13.7265],[100.5155,13.7265],[100.5165,13.728],[100.515,13.728],[100.516,13.7295],[100.515,13.7295],[100.5155,13.7305],[100.515,13.731],[100.514,13.7305],[100.5145,13.731],[100.514,13.7335],[100.5115,13.735],[100.511,13.734],[100.5105,13.735],[100.5115,13.7355],[100.5115,13.7365],[100.5105,13.7385],[100.509,13.7385],[100.508,13.7375],[100.505,13.738],[100.5065,13.739],[100.505,13.741],[100.5035,13.7405],[100.5045,13.739],[100.504,13.7385],[100.501,13.7405],[100.5005,13.7395],[100.5005,13.741],[100.4995,13.742],[100.4975,13.742],[100.4975,13.7445],[100.4965,13.7465],[100.4955,13.746],[100.495,13.7475],[100.494,13.7475],[100.494,13.7465],[100.492,13.7455],[100.4925,13.7465],[100.491,13.747],[100.491,13.748],[100.49,13.7485],[100.49,13.7465],[100.4885,13.752],[100.4895,13.7505],[100.4915,13.754],[100.49,13.755],[100.4915,13.756],[100.4905,13.7565],[100.491,13.7575],[100.49,13.7585],[100.489,13.758],[100.4905,13.76],[100.49,13.7595],[100.4905,13.759],[100.4935,13.759],[100.493,13.7605],[100.495,13.7625],[100.497,13.762],[100.4965,13.761],[100.497,13.7605],[100.5,13.761],[100.4995,13.764],[100.499,13.7645],[100.4985,13.7635],[100.4975,13.764],[100.4985,13.766],[100.499,13.7655],[100.5005,13.766],[100.4995,13.767],[100.5,13.768],[100.498,13.7685],[100.5,13.7705],[100.5025,13.769],[100.5045,13.7655],[100.5055,13.7665],[100.506,13.766],[100.5055,13.7645],[100.5085,13.763],[100.508,13.7625],[100.5085,13.761],[100.51,13.7625],[100.5115,13.761],[100.5105,13.7585],[100.515,13.758],[100.5155,13.7585],[100.514,13.7605],[100.515,13.7615],[100.5125,13.7615],[100.5105,13.7635],[100.511,13.765],[100.51,13.7655],[100.509,13.7645],[100.5035,13.771],[100.5035,13.772],[100.501,13.773],[100.5015,13.774],[100.505,13.7725],[100.506,13.773],[100.5065,13.772],[100.506,13.7715],[100.507,13.7705],[100.5065,13.7695],[100.5085,13.77],[100.508,13.7685],[100.5095,13.7675],[100.5115,13.7675],[100.512,13.7665],[100.511,13.766],[100.5155,13.7625],[100.517,13.7605],[100.5165,13.759],[100.518,13.758],[100.519,13.7585],[100.519,13.7575],[100.52,13.757],[100.52,13.756],[100.519,13.7555],[100.5175,13.757],[100.516,13.757],[100.513,13.754],[100.513,13.7525],[100.5115,13.7525],[100.511,13.754],[100.5095,13.754],[100.5105,13.7535],[100.509,13.7525],[100.508,13.753],[100.507,13.751],[100.506,13.7515],[100.5055,13.7505],[100.5075,13.748],[100.5075,13.746],[100.508,13.7455],[100.5095,13.7465],[100.51,13.7455],[100.513,13.7475],[100.5125,13.75],[100.5115,13.751],[100.513,13.751],[100.514,13.753],[100.5145,13.7525],[100.5145,13.7535],[100.5165,13.7525],[100.5165,13.7505],[100.516,13.751],[100.5155,13.75],[100.5145,13.75],[100.516,13.748],[100.516,13.7465],[100.514,13.746],[100.515,13.7455],[100.515,13.744],[100.516,13.7445],[100.5155,13.741],[100.514,13.7395],[100.5145,13.738],[100.514,13.7375],[100.515,13.7375],[100.5145,13.7365],[100.516,13.735],[100.5165,13.736],[100.5175,13.735],[100.5185,13.736],[100.519,13.7355],[100.52,13.736],[100.519,13.7395],[100.5175,13.739],[100.5175,13.74],[100.5165,13.7395],[100.5175,13.742],[100.519,13.742],[100.5205,13.7405],[100.52,13.7385],[100.521,13.7395],[100.5215,13.739],[100.521,13.7385],[100.5225,13.7375],[100.5215,13.737],[100.5225,13.735],[100.5205,13.735],[100.5195,13.733],[100.517,13.7335],[100.516,13.7325],[100.518,13.731],[100.5185,13.73],[100.518,13.7295],[100.519,13.729],[100.519,13.728],[100.5175,13.7275],[100.5185,13.726],[100.5175,13.725],[100.518,13.7225],[100.5175,13.722],[100.518,13.721],[100.519,13.723],[100.521,13.722],[100.52,13.721],[100.522,13.7215],[100.521,13.7225],[100.522,13.7245],[100.5225,13.7235],[100.523,13.724],[100.524,13.7235],[100.525,13.721],[100.524,13.7215],[100.524,13.7205],[100.522,13.722],[100.522,13.721],[100.5205,13.72],[100.5195,13.7205],[100.5185,13.718],[100.5195,13.717],[100.521,13.717],[100.521,13.718],[100.5225,13.717],[100.5225,13.7185],[100.524,13.718],[100.524,13.7195],[100.527,13.7185],[100.5285,13.721],[100.529,13.72],[100.5295,13.7205],[100.5315,13.7195],[100.533,13.723],[100.532,13.725],[100.5295,13.726],[100.529,13.727],[100.5275,13.7265],[100.528,13.7255],[100.5275,13.725],[100.528,13.7245],[100.5275,13.725],[100.527,13.724],[100.5275,13.723],[100.527,13.7225],[100.5255,13.7235],[100.525,13.7225],[100.524,13.725],[100.5255,13.7265],[100.526,13.729],[100.527,13.729],[100.526,13.73],[100.5255,13.7295],[100.5245,13.73],[100.5245,13.731],[100.5235,13.7315],[100.5245,13.732],[100.524,13.7345],[100.526,13.736],[100.527,13.7355],[100.528,13.736],[100.5275,13.737],[100.53,13.738],[100.53,13.7365],[100.531,13.7365],[100.5325,13.7345],[100.532,13.734],[100.5315,13.7345],[100.5315,13.7335],[100.534,13.7335],[100.535,13.732],[100.5355,13.733],[100.538,13.734],[100.538,13.735],[100.5365,13.7355],[100.538,13.738],[100.5355,13.738],[100.5365,13.739],[100.5385,13.7385],[100.538,13.742],[100.539,13.742],[100.536,13.7425],[100.5355,13.74],[100.5345,13.74],[100.5345,13.741],[100.534,13.7405],[100.534,13.7415],[100.532,13.742],[100.531,13.744],[100.5315,13.7425],[100.5305,13.7425],[100.53,13.741],[100.5295,13.742],[100.529,13.741],[100.5285,13.742],[100.5275,13.7415],[100.5265,13.743],[100.5275,13.7435],[100.526,13.744],[100.526,13.746],[100.527,13.746],[100.528,13.744],[100.529,13.7445],[100.5285,13.744],[100.5295,13.7435],[100.53,13.7445],[100.531,13.744],[100.5315,13.745],[100.5325,13.7435],[100.534,13.744],[100.535,13.7425],[100.5385,13.745],[100.538,13.7455],[100.5395,13.7455],[100.54,13.747],[100.5385,13.748],[100.539,13.746],[100.538,13.7455],[100.536,13.746],[100.5375,13.747],[100.5345,13.7475],[100.5345,13.7485],[100.5335,13.7465],[100.5315,13.7465],[100.5325,13.747],[100.532,13.7475],[100.533,13.7475],[100.532,13.7475],[100.5325,13.748],[100.5315,13.7485],[100.534,13.748],[100.534,13.749],[100.535,13.749],[100.5345,13.75],[100.5355,13.7505],[100.5355,13.7495],[100.5375,13.749],[100.537,13.748],[100.538,13.748],[100.5375,13.7505],[100.536,13.7515],[100.535,13.751],[100.534,13.7515],[100.5335,13.749],[100.532,13.749],[100.532,13.7525],[100.5335,13.7525],[100.5325,13.7535],[100.5345,13.7545],[100.534,13.7535],[100.5345,13.753],[100.5355,13.7535],[100.536,13.752],[100.5375,13.7515],[100.5385,13.7525],[100.539,13.752],[100.538,13.754],[100.5395,13.7545],[100.5395,13.7565],[100.539,13.7555],[100.538,13.7565],[100.537,13.756],[100.5365,13.754],[100.5355,13.7565],[100.5365,13.756],[100.537,13.757],[100.538,13.757],[100.536,13.758],[100.5365,13.7585],[100.536,13.758],[100.536,13.7595],[100.537,13.7605],[100.5385,13.7605],[100.5375,13.7625],[100.54,13.7645],[100.539,13.7655],[100.538,13.7645],[100.537,13.766],[100.5365,13.7655],[100.537,13.765],[100.536,13.765],[100.5345,13.7625],[100.5355,13.7615],[100.535,13.7595],[100.534,13.76],[100.534,13.759],[100.5315,13.764],[100.5345,13.7645],[100.535,13.7655],[100.534,13.7665],[100.5345,13.767],[100.539,13.7675],[100.538,13.771],[100.5405,13.773],[100.54,13.7745],[100.539,13.774],[100.5395,13.775],[100.539,13.7755],[100.5405,13.776],[100.541,13.7755],[100.5405,13.775],[100.5415,13.775],[100.5405,13.778],[100.5425,13.7805],[100.5415,13.781],[100.542,13.7815],[100.541,13.784],[100.542,13.7845],[100.5425,13.7835],[100.5435,13.7845],[100.542,13.7855],[100.542,13.7875],[100.5435,13.789],[100.544,13.788],[100.5455,13.788],[100.5445,13.788],[100.5455,13.7895],[100.547,13.789],[100.5465,13.79],[100.5475,13.7925],[100.546,13.796],[100.548,13.797],[100.549,13.796],[100.548,13.796],[100.5475,13.795],[100.549,13.7935],[100.548,13.793],[100.5485,13.7905],[100.5495,13.7915],[100.551,13.7915],[100.55,13.7925],[100.5505,13.793],[100.5505,13.792],[100.551,13.7945],[100.552,13.7935],[100.5515,13.7905],[100.552,13.79],[100.551,13.79],[100.551,13.789],[100.5505,13.7895],[100.5495,13.7885],[100.5505,13.7885],[100.5505,13.787],[100.552,13.786],[100.549,13.7845],[100.549,13.7835],[100.548,13.7835],[100.5485,13.7825],[100.548,13.782],[100.5495,13.781],[100.548,13.78],[100.5465,13.7805],[100.547,13.7815],[100.546,13.783],[100.545,13.782],[100.545,13.783],[100.543,13.7825],[100.5435,13.781],[100.542,13.7785],[100.5435,13.7765],[100.5455,13.7775],[100.545,13.779],[100.5455,13.78],[100.5475,13.78],[100.5455,13.777],[100.546,13.774],[100.5435,13.7715],[100.544,13.771],[100.5455,13.772],[100.546,13.77],[100.5445,13.7685],[100.54,13.767],[100.54,13.7655],[100.542,13.7645],[100.5425,13.763],[100.5415,13.7625],[100.5395,13.763],[100.5395,13.761],[100.5405,13.7615],[100.541,13.7605],[100.5405,13.76],[100.542,13.7595],[100.543,13.7605],[100.543,13.7595],[100.544,13.76],[100.545,13.758],[100.5465,13.758],[100.545,13.756],[100.547,13.755],[100.5475,13.7535],[100.5465,13.752],[100.547,13.7515],[100.5475,13.7525],[100.548,13.752],[100.547,13.75],[100.5485,13.75],[100.546,13.75],[100.5465,13.7505],[100.546,13.75],[100.545,13.751],[100.544,13.75],[100.544,13.7515],[100.5435,13.75],[100.543,13.751],[100.5415,13.7505],[100.5415,13.7515],[100.5395,13.751],[100.5405,13.747],[100.5425,13.748],[100.5425,13.749],[100.5445,13.748],[100.546,13.749],[100.5475,13.746],[100.546,13.745],[100.5475,13.7445],[100.547,13.744],[100.545,13.7445],[100.5445,13.746],[100.543,13.7455],[100.544,13.746],[100.543,13.7465],[100.5435,13.747],[100.5425,13.746],[100.54,13.746],[100.54,13.745],[100.539,13.7445],[100.54,13.744],[100.54,13.743],[100.542,13.742],[100.543,13.742],[100.5425,13.743],[100.5435,13.742],[100.5455,13.743],[100.5465,13.7425],[100.5465,13.7415],[100.549,13.741],[100.5505,13.742],[100.5525,13.742],[100.5525,13.741],[100.5535,13.741],[100.554,13.7395],[100.5535,13.739],[100.5545,13.7385],[100.553,13.737],[100.552,13.738],[100.5525,13.74],[100.5515,13.7395],[100.551,13.74],[100.549,13.7385],[100.5485,13.74],[100.547,13.7385],[100.546,13.739],[100.5465,13.7405],[100.545,13.74],[100.5455,13.7415],[100.545,13.7405],[100.5435,13.7405],[100.5445,13.7385],[100.543,13.738],[100.543,13.737],[100.54,13.7365],[100.539,13.732],[100.539,13.733],[100.54,13.7335],[100.541,13.733],[100.5405,13.732],[100.5375,13.732],[100.535,13.7305],[100.533,13.731],[100.5325,13.7305],[100.5335,13.729],[100.532,13.7295],[100.531,13.7275],[100.5325,13.7275],[100.5335,13.7265],[100.5345,13.728],[100.536,13.727],[100.539,13.7275],[100.5405,13.7295],[100.54,13.731],[100.539,13.7315],[100.5405,13.7315],[100.5415,13.733],[100.544,13.728],[100.5425,13.727],[100.5425,13.7245],[100.544,13.724],[100.545,13.725],[100.547,13.7235],[100.549,13.724],[100.5485,13.726],[100.548,13.7255],[100.5465,13.7265],[100.5455,13.729],[100.544,13.728],[100.5445,13.729],[100.5435,13.73],[100.5445,13.73],[100.5455,13.7315],[100.5475,13.7295],[100.547,13.7285],[100.546,13.7285],[100.5475,13.728],[100.548,13.7285],[100.5505,13.726],[100.5505,13.725],[100.5525,13.725],[100.553,13.727],[100.555,13.725],[100.556,13.7255],[100.557,13.725],[100.5575,13.727],[100.5595,13.727],[100.5595,13.7285],[100.5605,13.7285],[100.561,13.7255],[100.5605,13.7265],[100.5595,13.726],[100.5595,13.725],[100.558,13.725],[100.5575,13.723],[100.5585,13.723],[100.5585,13.722],[100.557,13.722],[100.5555,13.7235],[100.555,13.723],[100.5535,13.724],[100.554,13.725],[100.553,13.725],[100.5535,13.723],[100.5525,13.7235],[100.5525,13.7245],[100.5515,13.7235],[100.5515,13.722],[100.5545,13.7195],[100.555,13.721],[100.556,13.7205],[100.5575,13.721],[100.559,13.719],[100.5605,13.7195],[100.5615,13.721],[100.561,13.7225],[100.562,13.7225],[100.5615,13.7235],[100.562,13.7235],[100.561,13.7235],[100.561,13.726],[100.562,13.7265],[100.564,13.724],[100.563,13.7225],[100.564,13.722],[100.563,13.7215],[100.564,13.7205],[100.5625,13.7195],[100.5635,13.719],[100.558,13.7165],[100.5575,13.718],[100.556,13.719],[100.5535,13.7175],[100.5525,13.719],[100.5515,13.719],[100.5525,13.72],[100.549,13.7225],[100.548,13.7215],[100.5475,13.7225],[100.5465,13.7215],[100.5455,13.723],[100.546,13.722],[100.5445,13.7215],[100.543,13.723],[100.5435,13.7235],[100.542,13.724],[100.541,13.7235],[100.54,13.7245],[100.5395,13.724],[100.5405,13.7255],[100.5395,13.726],[100.5395,13.727],[100.538,13.7245],[100.537,13.7245],[100.5365,13.7255],[100.536,13.725],[100.5355,13.7265],[100.5345,13.726],[100.5355,13.7255],[100.535,13.725],[100.5355,13.7235],[100.5345,13.722],[100.534,13.7225],[100.533,13.722],[100.534,13.722],[100.534,13.72],[100.5325,13.72],[100.5335,13.7195],[100.5325,13.717],[100.5315,13.7185],[100.53,13.718],[100.529,13.7185],[100.5295,13.7195],[100.5285,13.719],[100.529,13.718],[100.5275,13.717],[100.5275,13.716],[100.527,13.717],[100.5265,13.7165],[100.524,13.717],[100.524,13.716],[100.523,13.7165],[100.5215,13.715],[100.5195,13.7145],[100.519,13.7165],[100.5185,13.7155],[100.517,13.716],[100.513,13.714],[100.5125,13.7155],[100.513,13.7165],[100.512,13.717],[100.5125,13.718],[100.5135,13.7185],[100.514,13.718],[100.5135,13.717],[100.5145,13.7165],[100.517,13.7175],[100.5175,13.7185],[100.516,13.719],[100.517,13.7195],[100.5165,13.7205],[100.5175,13.72],[100.516,13.721],[100.514,13.7205]],[[100.533,13.731],[100.5295,13.734],[100.53,13.735],[100.529,13.7355],[100.528,13.734],[100.527,13.734],[100.5265,13.732],[100.527,13.731],[100.528,13.7305],[100.5285,13.731],[100.5285,13.73],[100.53,13.7305],[100.531,13.7295],[100.531,13.7305],[100.533,13.731]],[[100.53,13.7275]],[[100.53,13.7265],[100.5305,13.7265],[100.53,13.7265]],[[100.502,13.7655],[100.501,13.7635],[100.502,13.763],[100.5015,13.761],[100.5025,13.7595],[100.501,13.759],[100.5005,13.7605],[100.4995,13.7585],[100.496,13.759],[100.494,13.758],[100.495,13.7575],[100.493,13.757],[100.494,13.7555],[100.493,13.7555],[100.492,13.7535],[100.494,13.7525],[100.4915,13.75],[100.49,13.75],[100.4905,13.748],[100.494,13.748],[100.4935,13.749],[100.494,13.75],[100.495,13.748],[100.496,13.749],[100.497,13.748],[100.4975,13.749],[100.4985,13.7485],[100.4985,13.75],[100.5,13.7505],[100.5,13.7515],[100.502,13.7525],[100.5025,13.7505],[100.504,13.7525],[100.5015,13.7555],[100.5015,13.757],[100.502,13.758],[100.5035,13.758],[100.5025,13.759],[100.5035,13.76],[100.5065,13.7595],[100.507,13.7605],[100.506,13.7615],[100.5065,13.762],[100.506,13.763],[100.5055,13.7635],[100.5055,13.7625],[100.504,13.7625],[100.5045,13.7635],[100.5035,13.7635],[100.502,13.7655]],[[100.5025,13.749],[100.5015,13.7495],[100.4995,13.7485],[100.4995,13.747],[100.501,13.7445],[100.5045,13.7445],[100.506,13.746],[100.505,13.747],[100.505,13.7485],[100.504,13.7485],[100.504,13.7495],[100.5025,13.749]],[[100.503,13.7425],[100.502,13.7425],[100.5025,13.742],[100.503,13.7425]],[[100.494,13.761],[100.495,13.761],[100.495,13.7615],[100.494,13.761]],[[100.494,13.759],[100.4945,13.759],[100.4945,13.7595],[100.494,13.759]],[[100.4915,13.7585],[100.491,13.759],[100.4905,13.758],[100.492,13.7575],[100.4915,13.7585]],[[100.491,13.7475],[100.491,13.747],[100.491,13.7475]],[[100.4985,13.745]],[[100.4995,13.749]],[[100.5,13.7435],[100.4995,13.743],[100.5,13.7425],[100.5,13.7435]],[[100.5,13.7455],[100.5005,13.746],[100.5,13.746],[100.5,13.7455]],[[100.5015,13.7415],[100.5015,13.741],[100.502,13.7415],[100.5015,13.7415]],[[100.498,13.7655],[100.4985,13.765],[100.498,13.7655]],[[100.4975,13.76],[100.498,13.76],[100.4985,13.76],[100.4975,13.76]],[[100.5005,13.762],[100.501,13.762],[100.5005,13.7625],[100.5005,13.762]],[[100.5015,13.768],[100.5005,13.768],[100.501,13.7675],[100.5015,13.768]],[[100.5005,13.769]],[[100.5145,13.757],[100.515,13.757],[100.5145,13.757]],[[100.514,13.755],[100.5135,13.756],[100.5125,13.7555],[100.5115,13.757],[100.5105,13.756],[100.511,13.755],[100.514,13.755]],[[100.5145,13.7505],[100.515,13.7505],[100.5145,13.7505]],[[100.5145,13.747],[100.514,13.747],[100.5145,13.747]],[[100.514,13.744]],[[100.5085,13.758],[100.509,13.7585],[100.5085,13.7585],[100.5085,13.758]],[[100.5085,13.754],[100.509,13.754],[100.5085,13.754]],[[100.5085,13.742],[100.508,13.741],[100.509,13.7405],[100.5085,13.74],[100.509,13.7395],[100.5125,13.7405],[100.512,13.7415],[100.5125,13.742],[100.5105,13.7445],[100.5095,13.7445],[100.509,13.7435],[100.5075,13.744],[100.5085,13.742]],[[100.5085,13.739],[100.5085,13.7385],[100.5085,13.739]],[[100.505,13.7495]],[[100.505,13.743]],[[100.505,13.7415],[100.5055,13.7415],[100.505,13.742],[100.505,13.7415]],[[100.5035,13.744],[100.504,13.744],[100.5035,13.744]],[[100.503,13.7415],[100.5035,13.742],[100.503,13.7415]],[[100.5045,13.755],[100.5045,13.7545],[100.5045,13.755]],[[100.505,13.7725],[100.5045,13.772],[100.505,13.7725]],[[100.5035,13.7725]],[[100.503,13.7725],[100.5025,13.7725],[100.503,13.7725]],[[100.5045,13.765]],[[100.504,13.765],[100.504,13.7645],[100.5045,13.764],[100.504,13.765]],[[100.507,13.744]],[[100.506,13.7575],[100.505,13.758],[100.504,13.7555],[100.5055,13.7545],[100.506,13.753],[100.507,13.755],[100.508,13.7545],[100.509,13.755],[100.508,13.7555],[100.5075,13.7575],[100.506,13.7575]],[[100.506,13.7515],[100.506,13.752],[100.5055,13.752],[100.506,13.7515]],[[100.5055,13.745],[100.506,13.7445],[100.5065,13.7445],[100.5055,13.745]],[[100.506,13.7435],[100.506,13.744],[100.506,13.7435]],[[100.506,13.743],[100.5055,13.743],[100.5055,13.7425],[100.506,13.743]],[[100.506,13.7685],[100.507,13.7685],[100.5065,13.769],[100.506,13.7685]],[[100.507,13.7635]],[[100.5075,13.7435]],[[100.507,13.739],[100.507,13.7385],[100.507,13.739]],[[100.5075,13.7615]],[[100.5075,13.7585]],[[100.5115,13.7385],[100.512,13.738],[100.5115,13.739],[100.5115,13.7385]],[[100.5095,13.745]],[[100.5115,13.7645],[100.5115,13.764],[100.511,13.763],[100.5115,13.7645]],[[100.5105,13.76],[100.51,13.76],[100.5105,13.7595],[100.5105,13.76]],[[100.5105,13.757]],[[100.5135,13.7625]],[[100.5135,13.757]],[[100.514,13.7165],[100.5135,13.7165],[100.514,13.7165]],[[100.513,13.745],[100.513,13.7455],[100.5125,13.7455],[100.513,13.745]],[[100.5135,13.744],[100.513,13.744],[100.5135,13.744]],[[100.517,13.7575],[100.517,13.757],[100.517,13.7575]],[[100.517,13.7215],[100.517,13.721],[100.517,13.7215]],[[100.515,13.7435],[100.515,13.743],[100.5155,13.743],[100.5155,13.7435],[100.515,13.7435]],[[100.5145,13.741],[100.515,13.741],[100.5145,13.741]],[[100.5155,13.753],[100.515,13.753],[100.5155,13.753]],[[100.5185,13.719]],[[100.5185,13.7165],[100.5175,13.717],[100.5175,13.7165],[100.518,13.7165],[100.5185,13.7165]],[[100.5175,13.7175],[100.5175,13.717],[100.5175,13.7175]],[[100.5185,13.7355]],[[100.5185,13.735]],[[100.5195,13.7355]],[[100.521,13.737]],[[100.5255,13.725],[100.5255,13.7245],[100.5255,13.725]],[[100.5245,13.719],[100.524,13.7185],[100.5245,13.7185],[100.5245,13.719]],[[100.5225,13.7225]],[[100.5265,13.725],[100.527,13.725],[100.5265,13.725]],[[100.5265,13.7175]],[[100.5265,13.718],[100.5265,13.7185],[100.5265,13.718]],[[100.5295,13.729],[100.529,13.7285],[100.5295,13.729]],[[100.529,13.728],[100.5295,13.728],[100.529,13.728]],[[100.5265,13.7445]],[[100.544,13.786],[100.545,13.786],[100.5445,13.7855],[100.546,13.7835],[100.5475,13.784],[100.548,13.7855],[100.5475,13.786],[100.549,13.7865],[100.548,13.787],[100.5475,13.789],[100.5465,13.7885],[100.5465,13.7875],[100.545,13.7875],[100.5455,13.7865],[100.5465,13.7865],[100.544,13.787],[100.544,13.786],[100.545,13.786],[100.544,13.786]],[[100.5445,13.7555],[100.5435,13.7565],[100.544,13.757],[100.5425,13.758],[100.5405,13.757],[100.541,13.756],[100.54,13.7555],[100.5415,13.754],[100.5405,13.7535],[100.5415,13.7525],[100.5435,13.7535],[100.543,13.7545],[100.5445,13.754],[100.545,13.7555],[100.5445,13.7555]],[[100.545,13.752]],[[100.537,13.7325],[100.537,13.732],[100.537,13.7325]],[[100.5335,13.726],[100.5335,13.7265],[100.5335,13.726]],[[100.5325,13.7265],[100.532,13.7265],[100.532,13.726],[100.5325,13.7265]],[[100.5355,13.7325],[100.536,13.7325],[100.5355,13.7325]],[[100.535,13.7315]],[[100.5345,13.724],[100.534,13.7245],[100.534,13.724],[100.5345,13.724]],[[100.5345,13.7315]],[[100.538,13.7595],[100.538,13.76],[100.5375,13.7595],[100.538,13.7595]],[[100.537,13.759],[100.5375,13.759],[100.537,13.759]],[[100.5355,13.749],[100.535,13.7485],[100.5355,13.748],[100.5355,13.749]],[[100.542,13.7745],[100.54,13.771],[100.5405,13.7695],[100.5435,13.7705],[100.5435,13.772],[100.5425,13.7725],[100.544,13.774],[100.5435,13.776],[100.5425,13.775],[100.5415,13.7755],[100.542,13.7745]],[[100.541,13.769],[100.5415,13.769],[100.541,13.7685],[100.542,13.769],[100.541,13.769]],[[100.541,13.7685]],[[100.5415,13.7585],[100.5395,13.7595],[100.539,13.759],[100.54,13.758],[100.5415,13.7585]],[[100.541,13.757],[100.5415,13.757],[100.5415,13.7575],[100.541,13.757]],[[100.541,13.752],[100.5405,13.752],[100.54,13.7515],[100.5405,13.7515],[100.541,13.752]],[[100.5405,13.742],[100.542,13.7415],[100.5405,13.742],[100.54,13.743],[100.5395,13.7425],[100.539,13.7395],[100.538,13.7385],[100.539,13.736],[100.5395,13.737],[100.5405,13.737],[100.5405,13.7385],[100.5415,13.738],[100.542,13.7385],[100.541,13.739],[100.5415,13.7405],[100.54,13.7415],[100.5405,13.742]],[[100.541,13.7375],[100.541,13.737],[100.541,13.7375]],[[100.5405,13.7305],[100.541,13.7305],[100.5405,13.7305]],[[100.5385,13.7355],[100.538,13.7355],[100.5385,13.7355]],[[100.539,13.7435],[100.5385,13.744],[100.5385,13.7435],[100.539,13.7435]],[[100.5385,13.763],[100.5385,13.7625],[100.5385,13.762],[100.5385,13.763]],[[100.5385,13.761]],[[100.5395,13.753]],[[100.54,13.7515]],[[100.54,13.7635]],[[100.542,13.73]],[[100.5425,13.7295],[100.542,13.729],[100.5425,13.7295]],[[100.5415,13.728],[100.541,13.7285],[100.5415,13.728]],[[100.544,13.724]],[[100.543,13.758],[100.543,13.7575],[100.543,13.758]],[[100.5425,13.74]],[[100.542,13.7405],[100.542,13.741],[100.542,13.7405]],[[100.542,13.7375]],[[100.542,13.7585]],[[100.544,13.7575],[100.544,13.758],[100.544,13.7585],[100.544,13.7575]],[[100.543,13.748]],[[100.543,13.7765],[100.5425,13.7765],[100.543,13.7765]],[[100.5425,13.7695]],[[100.543,13.7815],[100.543,13.781],[100.543,13.7815]],[[100.5425,13.7825],[100.5425,13.782],[100.5425,13.7825]],[[100.543,13.786],[100.5435,13.786],[100.5435,13.7855],[100.5435,13.786],[100.543,13.786]],[[100.548,13.7845],[100.5485,13.7845],[100.548,13.7845]],[[100.545,13.787],[100.5445,13.787],[100.545,13.787]],[[100.5465,13.783]],[[100.5475,13.7825]],[[100.549,13.7875]],[[100.5495,13.7875]],[[100.55,13.79],[100.5495,13.79],[100.55,13.79]],[[100.5465,13.7295],[100.5465,13.729],[100.5465,13.7295]],[[100.5495,13.725],[100.5495,13.7255],[100.549,13.7255],[100.549,13.725],[100.5495,13.725]],[[100.5495,13.7235]],[[100.5565,13.7235],[100.556,13.724],[100.556,13.7235],[100.5565,13.7235]],[[100.557,13.7235],[100.557,13.724],[100.5565,13.7235],[100.557,13.7235]],[[100.5615,13.7195],[100.5615,13.72],[100.5615,13.7195]],[[100.5465,13.7415],[100.5465,13.741],[100.5465,13.7415]],[[100.546,13.755],[100.5455,13.755],[100.546,13.7545],[100.546,13.755]],[[100.546,13.7535],[100.5455,13.7535],[100.546,13.7535]],[[100.5455,13.7465]],[[100.5455,13.746]],[[100.5535,13.7385]]],[[[100.5135,13.7265]]],[[[100.5125,13.731],[100.5135,13.7315],[100.5135,13.731],[100.513,13.731],[100.5125,13.731]]],[[[100.5005,13.7395]]],[[[100.5005,13.7395]]],[[[100.5005,13.7395]]],[[[100.4985,13.738],[100.4985,13.737],[100.4975,13.7365],[100.497,13.737],[100.4955,13.7355],[100.4925,13.7355],[100.492,13.7365],[100.491,13.736],[100.4905,13.738],[100.4895,13.737],[100.49,13.738],[100.489,13.738],[100.489,13.7395],[100.4875,13.7415],[100.486,13.741],[100.487,13.7405],[100.4865,13.7395],[100.4855,13.74],[100.485,13.7395],[100.4835,13.741],[100.484,13.7385],[100.483,13.739],[100.483,13.74],[100.482,13.7385],[100.482,13.7395],[100.481,13.74],[100.4825,13.7405],[100.481,13.741],[100.482,13.7415],[100.4815,13.742],[100.482,13.743],[100.4845,13.742],[100.484,13.7425],[100.4845,13.7435],[100.486,13.744],[100.4855,13.745],[100.4845,13.7445],[100.485,13.7455],[100.4845,13.7465],[100.4865,13.7465],[100.486,13.747],[100.4865,13.7475],[100.487,13.7465],[100.4885,13.7465],[100.4875,13.7455],[100.4885,13.7455],[100.487,13.7445],[100.4865,13.745],[100.4865,13.7435],[100.4895,13.743],[100.489,13.741],[100.4895,13.74],[100.491,13.74],[100.492,13.7385],[100.4925,13.739],[100.4925,13.738],[100.4945,13.737],[100.495,13.7375],[100.4945,13.739],[100.496,13.738],[100.4975,13.74],[100.498,13.739],[100.4995,13.7395],[100.4985,13.738]],[[100.4845,13.7415]],[[100.482,13.7415]],[[100.484,13.741]],[[100.494,13.7365]],[[100.4855,13.743],[100.4855,13.7425],[100.486,13.742],[100.486,13.7425],[100.4855,13.743]],[[100.486,13.742]]],[[[100.487,13.739],[100.4875,13.7385],[100.4885,13.739],[100.488,13.7365],[100.4895,13.7355],[100.489,13.7345],[100.488,13.7355],[100.4865,13.734],[100.484,13.734],[100.4835,13.736],[100.4825,13.735],[100.482,13.7365],[100.483,13.7375],[100.4845,13.737],[100.484,13.7365],[100.4845,13.736],[100.487,13.736],[100.487,13.739]],[[100.487,13.7355],[100.4875,13.7355],[100.487,13.736],[100.487,13.7355]],[[100.4855,13.736],[100.485,13.7355],[100.4855,13.736]]],[[[100.491,13.7445],[100.491,13.744],[100.491,13.7445]]],[[[100.491,13.7445]]],[[[100.4905,13.745]]],[[[100.489,13.7625],[100.487,13.761],[100.4855,13.762],[100.486,13.762],[100.485,13.764],[100.4835,13.764],[100.483,13.763],[100.484,13.7625],[100.482,13.7625],[100.4825,13.7615],[100.483,13.762],[100.483,13.761],[100.4845,13.7605],[100.4865,13.761],[100.485,13.76],[100.486,13.758],[100.485,13.758],[100.484,13.756],[100.486,13.7545],[100.4855,13.7535],[100.484,13.7535],[100.4845,13.752],[100.4835,13.751],[100.4825,13.7525],[100.483,13.7555],[100.481,13.7555],[100.483,13.7585],[100.482,13.7595],[100.4825,13.7615],[100.4805,13.762],[100.48,13.763],[100.4815,13.7635],[100.483,13.7655],[100.4835,13.7645],[100.4845,13.7645],[100.485,13.7665],[100.486,13.7655],[100.4865,13.767],[100.488,13.7675],[100.4885,13.7665],[100.488,13.7675],[100.4885,13.768],[100.4895,13.7665],[100.4905,13.769],[100.49,13.77],[100.492,13.768],[100.492,13.7695],[100.4935,13.769],[100.494,13.7675],[100.493,13.767],[100.492,13.768],[100.4915,13.7675],[100.492,13.7665],[100.4915,13.764],[100.4905,13.7645],[100.491,13.765],[100.4905,13.7655],[100.489,13.7645],[100.4875,13.765],[100.4865,13.764],[100.488,13.7645],[100.4875,13.764],[100.4885,13.764],[100.488,13.763],[100.489,13.7625]],[[100.484,13.759],[100.484,13.7585],[100.484,13.758],[100.484,13.759]],[[100.483,13.7565]],[[100.482,13.7625],[100.4815,13.763],[100.481,13.7625],[100.482,13.7625]],[[100.484,13.7565],[100.484,13.757],[100.484,13.7565]],[[100.486,13.764],[100.486,13.7645],[100.486,13.764]],[[100.485,13.7645],[100.485,13.764],[100.485,13.7645]],[[100.4875,13.7625],[100.487,13.7625],[100.4865,13.7625],[100.4875,13.7625]],[[100.491,13.768]],[[100.49,13.7665],[100.49,13.7655],[100.4905,13.7655],[100.49,13.7665]],[[100.4915,13.7665],[100.4915,13.766],[100.4915,13.7665]]],[[[100.4875,13.759],[100.487,13.7575],[100.4865,13.759],[100.4875,13.759]]],[[[100.487,13.7575]]],[[[100.487,13.7575]]],[[[100.487,13.7575]]],[[[100.487,13.7575]]],[[[100.487,13.7575]]],[[[100.487,13.7575]]],[[[100.487,13.7575]]],[[[100.487,13.7575]]],[[[100.487,13.7575]]],[[[100.487,13.7575]]],[[[100.487,13.7575]]],[[[100.494,13.7675]]],[[[100.494,13.7675]]],[[[100.494,13.7675]]],[[[100.494,13.7675]]],[[[100.494,13.7675]]],[[[100.494,13.7675]]],[[[100.494,13.7675]]],[[[100.494,13.767],[100.494,13.7675],[100.494,13.767]]],[[[100.494,13.767]]],[[[100.494,13.767]]],[[[100.494,13.767]]],[[[100.494,13.767]]],[[[100.494,13.767]]],[[[100.494,13.767]]],[[[100.4965,13.766],[100.4975,13.7665],[100.4975,13.7655],[100.4965,13.766]]],[[[100.519,13.7555],[100.52,13.7555],[100.521,13.7535],[100.5205,13.753],[100.5195,13.7535],[100.519,13.7525],[100.52,13.7525],[100.5195,13.75],[100.5205,13.75],[100.521,13.7485],[100.523,13.7495],[100.522,13.7485],[100.5235,13.7485],[100.524,13.747],[100.5245,13.748],[100.5255,13.748],[100.5245,13.749],[100.528,13.75],[100.528,13.7515],[100.527,13.75],[100.5255,13.7495],[100.525,13.75],[100.5265,13.7505],[100.526,13.752],[100.5245,13.751],[100.523,13.7515],[100.523,13.7525],[100.525,13.7535],[100.526,13.753],[100.5255,13.7535],[100.526,13.7545],[100.5275,13.7545],[100.5265,13.7545],[100.528,13.755],[100.5285,13.756],[100.53,13.7555],[100.53,13.7565],[100.5315,13.756],[100.5315,13.754],[100.5295,13.7545],[100.53,13.7525],[100.529,13.752],[100.5305,13.7505],[100.53,13.7495],[100.528,13.7495],[100.527,13.748],[100.526,13.7485],[100.5265,13.7475],[100.5255,13.747],[100.525,13.744],[100.523,13.745],[100.523,13.7465],[100.522,13.747],[100.52,13.7465],[100.5185,13.7445],[100.518,13.745],[100.5175,13.7475],[100.52,13.748],[100.518,13.749],[100.5185,13.7495],[100.518,13.75],[100.519,13.7505],[100.5175,13.751],[100.519,13.7555]],[[100.5305,13.7555]],[[100.5305,13.7545],[100.5305,13.754],[100.5305,13.7545]],[[100.53,13.75]],[[100.519,13.7475]],[[100.5205,13.7485]],[[100.527,13.7535],[100.5275,13.753],[100.5275,13.7535],[100.527,13.7535]],[[100.523,13.747]],[[100.5265,13.749]],[[100.5265,13.751]],[[100.5265,13.752]],[[100.529,13.75]],[[100.5295,13.755],[100.5295,13.7545],[100.5295,13.755]]],[[[100.523,13.7505],[100.522,13.751],[100.5225,13.7515],[100.523,13.7505]]],[[[100.523,13.7515]]],[[[100.523,13.7515]]],[[[100.523,13.751]]],[[[100.523,13.751]]],[[[100.531,13.757],[100.529,13.7575],[100.53,13.758],[100.529,13.7605],[100.5305,13.761],[100.532,13.7595],[100.5335,13.7595],[100.5315,13.759],[100.5325,13.7575],[100.531,13.757]]],[[[100.5335,13.7595]]],[[[100.5335,13.7595]]],[[[100.5335,13.7595]]],[[[100.5335,13.7595]]],[[[100.5335,13.7595]]],[[[100.5335,13.7595]]],[[[100.5335,13.759]]],[[[100.5335,13.759]]],[[[100.546,13.7965],[100.542,13.7975],[100.546,13.798],[100.5445,13.7975],[100.546,13.7965]]],[[[100.546,13.799],[100.546,13.8005],[100.5485,13.803],[100.549,13.8015],[100.5505,13.801],[100.5515,13.8025],[100.55,13.803],[100.552,13.804],[100.5515,13.8045],[100.5525,13.8055],[100.552,13.807],[100.553,13.807],[100.5525,13.8075],[100.553,13.808],[100.5575,13.8085],[100.558,13.8075],[100.557,13.806],[100.5585,13.8055],[100.557,13.805],[100.5565,13.803],[100.5555,13.8035],[100.554,13.801],[100.555,13.8005],[100.556,13.8015],[100.555,13.799],[100.5555,13.798],[100.554,13.7985],[100.551,13.796],[100.5505,13.7975],[100.5515,13.7985],[100.5495,13.8005],[100.5475,13.799],[100.5465,13.7995],[100.546,13.799]],[[100.553,13.799],[100.5535,13.799],[100.553,13.799]],[[100.547,13.8]],[[100.5545,13.8065],[100.555,13.8065],[100.5545,13.8065]],[[100.556,13.8045],[100.556,13.804],[100.5565,13.805],[100.556,13.8045]],[[100.552,13.7995],[100.552,13.799],[100.554,13.8],[100.5535,13.8005],[100.556,13.8045],[100.556,13.806],[100.555,13.8055],[100.555,13.8065],[100.553,13.806],[100.5535,13.805],[100.552,13.804],[100.551,13.801],[100.552,13.7995]]],[[[100.551,13.795]]],[[[100.551,13.795]]],[[[100.551,13.795]]],[[[100.551,13.795]]],[[[100.551,13.795]]],[[[100.551,13.7945],[100.551,13.795],[100.551,13.7945]]],[[[100.551,13.7945]]],[[[100.5485,13.7505],[100.549,13.7515],[100.5495,13.75],[100.553,13.7505],[100.5535,13.7515],[100.5525,13.752],[100.553,13.7525],[100.555,13.7525],[100.556,13.7515],[100.5565,13.752],[100.557,13.75],[100.5575,13.7515],[100.562,13.7505],[100.563,13.751],[100.5635,13.7515],[100.5605,13.7525],[100.5635,13.752],[100.563,13.753],[100.564,13.753],[100.5625,13.754],[100.563,13.755],[100.5615,13.755],[100.561,13.756],[100.562,13.7575],[100.563,13.7565],[100.5635,13.7585],[100.5645,13.7585],[100.564,13.762],[100.5645,13.7615],[100.565,13.762],[100.5655,13.7635],[100.565,13.7645],[100.567,13.765],[100.568,13.7625],[100.57,13.763],[100.5685,13.7605],[100.5675,13.76],[100.5655,13.7605],[100.5645,13.757],[100.5635,13.756],[100.564,13.7555],[100.566,13.756],[100.5655,13.7565],[100.566,13.7595],[100.566,13.758],[100.567,13.7585],[100.5675,13.758],[100.5675,13.7565],[100.569,13.756],[100.566,13.7545],[100.5645,13.752],[100.5655,13.7515],[100.5655,13.75],[100.572,13.748],[100.5715,13.7465],[100.5725,13.746],[100.5695,13.746],[100.569,13.7445],[100.568,13.745],[100.568,13.744],[100.565,13.7425],[100.5645,13.7435],[100.5635,13.7435],[100.5635,13.7445],[100.5625,13.743],[100.5625,13.7405],[100.5635,13.741],[100.5635,13.7385],[100.5645,13.7385],[100.563,13.737],[100.5645,13.737],[100.564,13.736],[100.5665,13.735],[100.567,13.734],[100.5675,13.736],[100.5685,13.7345],[100.568,13.733],[100.5665,13.733],[100.566,13.7325],[100.5665,13.732],[100.566,13.7325],[100.5655,13.7315],[100.5665,13.731],[100.566,13.73],[100.567,13.729],[100.5695,13.728],[100.5685,13.7275],[100.569,13.7265],[100.568,13.7255],[100.5675,13.7265],[100.5655,13.727],[100.567,13.7285],[100.566,13.7295],[100.565,13.7285],[100.5645,13.7295],[100.564,13.731],[100.565,13.7325],[100.563,13.734],[100.563,13.7325],[100.5615,13.7325],[100.561,13.7315],[100.5605,13.7325],[100.5595,13.7315],[100.558,13.733],[100.5595,13.7345],[100.5605,13.734],[100.5615,13.7345],[100.5615,13.7355],[100.563,13.735],[100.562,13.74],[100.5615,13.7405],[100.5615,13.7395],[100.5605,13.7405],[100.561,13.74],[100.5605,13.739],[100.558,13.7395],[100.558,13.7415],[100.558,13.74],[100.557,13.741],[100.5575,13.7415],[100.557,13.7425],[100.5555,13.7425],[100.556,13.743],[100.5555,13.744],[100.553,13.7425],[100.5515,13.7445],[100.55,13.7435],[100.55,13.745],[100.548,13.7455],[100.5505,13.7475],[100.551,13.7445],[100.5505,13.7465],[100.551,13.748],[100.5495,13.748],[100.5505,13.7485],[100.5505,13.7495],[100.5485,13.7505]],[[100.5645,13.747],[100.564,13.746],[100.5655,13.745],[100.5685,13.747],[100.5665,13.7475],[100.5675,13.748],[100.5665,13.749],[100.5645,13.749],[100.564,13.7495],[100.5645,13.7505],[100.5635,13.751],[100.5625,13.7495],[100.562,13.7505],[100.559,13.75],[100.5595,13.7485],[100.5555,13.7485],[100.5555,13.7505],[100.5545,13.75],[100.5535,13.7505],[100.553,13.749],[100.554,13.749],[100.551,13.7485],[100.5525,13.748],[100.5525,13.747],[100.553,13.7475],[100.5535,13.746],[100.5555,13.747],[100.5545,13.748],[100.557,13.748],[100.5575,13.747],[100.558,13.7475],[100.5575,13.7455],[100.5585,13.745],[100.558,13.7445],[100.5585,13.7465],[100.559,13.7455],[100.5595,13.746],[100.559,13.7415],[100.562,13.743],[100.5615,13.744],[100.562,13.745],[100.5605,13.7445],[100.5605,13.746],[100.5595,13.7465],[100.5615,13.7465],[100.561,13.747],[100.562,13.7475],[100.5615,13.7465],[100.563,13.7455],[100.564,13.7475],[100.5645,13.747]],[[100.565,13.745],[100.5645,13.7445],[100.565,13.745]],[[100.5645,13.7335]],[[100.55,13.7465]],[[100.55,13.746],[100.55,13.7455],[100.55,13.746]],[[100.5525,13.744],[100.552,13.744],[100.552,13.7435],[100.5525,13.744]],[[100.5525,13.7455]],[[100.559,13.7405],[100.5595,13.7405],[100.559,13.7405]],[[100.557,13.746],[100.5565,13.7455],[100.557,13.7455],[100.557,13.746]],[[100.5565,13.745],[100.556,13.7445],[100.5565,13.745]],[[100.555,13.747],[100.5545,13.747],[100.555,13.747]],[[100.5545,13.745],[100.5545,13.7455],[100.5545,13.745]],[[100.556,13.745],[100.556,13.7455],[100.5555,13.745],[100.556,13.745]],[[100.5575,13.744],[100.557,13.7445],[100.5575,13.7435],[100.5585,13.7435],[100.5575,13.744]],[[100.558,13.743],[100.558,13.7425],[100.5585,13.743],[100.558,13.743]],[[100.557,13.7425],[100.557,13.742],[100.5575,13.742],[100.5575,13.7425],[100.557,13.7425]],[[100.5575,13.7435],[100.557,13.743],[100.5575,13.743],[100.5575,13.7435]],[[100.5615,13.741]],[[100.562,13.735],[100.562,13.7345],[100.562,13.735]],[[100.5615,13.734]],[[100.5615,13.7335]],[[100.5615,13.746]],[[100.563,13.751]],[[100.563,13.7455],[100.5635,13.7455],[100.563,13.7455]],[[100.563,13.7355]],[[100.569,13.748],[100.5685,13.7475],[100.57,13.747],[100.569,13.748]],[[100.5655,13.745],[100.566,13.7445],[100.566,13.745],[100.5655,13.745]],[[100.568,13.761]],[[100.568,13.748],[100.568,13.7475],[100.568,13.748]],[[100.5675,13.727],[100.568,13.7275],[100.5675,13.728],[100.567,13.7275],[100.5675,13.727]]],[[[100.559,13.751],[100.5585,13.751],[100.559,13.751]]],[[[100.5585,13.751]]],[[[100.5585,13.751]]],[[[100.5585,13.751]]],[[[100.5585,13.751]]],[[[100.5585,13.751]]],[[[100.5585,13.751]]],[[[100.5585,13.751]]],[[[100.5585,13.751],[100.5585,13.7515],[100.5585,13.751]]],[[[100.5585,13.7515]]],[[[100.5585,13.7515]]],[[[100.5585,13.7515]]],[[[100.5585,13.7515]]],[[[100.5585,13.7515]]],[[[100.5585,13.7515]]],[[[100.556,13.7525],[100.556,13.7535],[100.559,13.753],[100.5585,13.752],[100.556,13.7525]]],[[[100.5575,13.7535],[100.5575,13.7545],[100.5595,13.754],[100.5575,13.7535]]],[[[100.5595,13.754]]],[[[100.5595,13.754]]],[[[100.5595,13.754]]],[[[100.5595,13.754]]],[[[100.5595,13.754]]],[[[100.5595,13.754]]],[[[100.5595,13.754]]],[[[100.5595,13.754]]],[[[100.5595,13.754]]],[[[100.56,13.754]]],[[[100.56,13.7535]]],[[[100.56,13.7535],[100.5625,13.7525],[100.5595,13.753],[100.56,13.7535]]],[[[100.5605,13.7525]]],[[[100.5605,13.7525]]],[[[100.5605,13.7525]]],[[[100.5665,13.765]]],[[[100.5665,13.765]]],[[[100.5665,13.7655],[100.5665,13.765],[100.5665,13.7655]]],[[[100.5665,13.7655]]],[[[100.567,13.7655]]],[[[100.567,13.7655]]],[[[100.567,13.7655]]],[[[100.567,13.7655]]],[[[100.567,13.7665],[100.568,13.766],[100.567,13.7655],[100.567,13.7665]]],[[[100.568,13.767]]],[[[100.568,13.767],[100.568,13.7685],[100.57,13.7695],[100.5695,13.7705],[100.5705,13.7715],[100.571,13.771],[100.5735,13.772],[100.574,13.771],[100.5735,13.7695],[100.5745,13.7675],[100.5725,13.7665],[100.5725,13.77],[100.5715,13.769],[100.571,13.7695],[100.5715,13.769],[100.571,13.768],[100.57,13.769],[100.568,13.767]],[[100.572,13.77],[100.5725,13.7705],[100.572,13.77]]],[[[100.572,13.765]]],[[[100.572,13.765]]],[[[100.572,13.765]]],[[[100.572,13.765]]],[[[100.572,13.765]]],[[[100.572,13.765],[100.572,13.7645],[100.572,13.765]]],[[[100.572,13.764],[100.5725,13.7655],[100.5735,13.765],[100.5725,13.762],[100.572,13.763],[100.571,13.763],[100.571,13.764],[100.572,13.764]]],[[[100.576,13.746],[100.5805,13.7445],[100.579,13.744],[100.578,13.742],[100.5785,13.744],[100.5755,13.745],[100.576,13.746]]],[[[100.5825,13.744],[100.582,13.7455],[100.585,13.745],[100.5845,13.7445],[100.5855,13.7435],[100.5845,13.741],[100.586,13.739],[100.584,13.738],[100.5835,13.739],[100.5845,13.7405],[100.5835,13.741],[100.5845,13.7415],[100.585,13.743],[100.5825,13.741],[100.582,13.7415],[100.583,13.7415],[100.583,13.743],[100.5845,13.7435],[100.5825,13.744]]],[[[100.586,13.745],[100.5965,13.7435],[100.595,13.744],[100.597,13.7445],[100.596,13.745],[100.598,13.746],[100.5985,13.745],[100.5975,13.7435],[100.5985,13.7435],[100.598,13.7425],[100.597,13.7435],[100.595,13.7415],[100.593,13.7425],[100.591,13.742],[100.5935,13.741],[100.592,13.7405],[100.5925,13.739],[100.5935,13.739],[100.5945,13.741],[100.596,13.74],[100.597,13.7405],[100.596,13.7405],[100.596,13.738],[100.593,13.7375],[100.592,13.7365],[100.5905,13.7375],[100.5915,13.738],[100.5905,13.739],[100.5915,13.739],[100.589,13.74],[100.5885,13.742],[100.586,13.7425],[100.588,13.744],[100.586,13.745]],[[100.5915,13.7405],[100.592,13.74],[100.592,13.7405],[100.5915,13.7405]],[[100.5905,13.7405]],[[100.5915,13.7395]],[[100.59,13.743],[100.591,13.7425],[100.5895,13.744],[100.5885,13.744],[100.588,13.743],[100.59,13.742],[100.5905,13.7425],[100.59,13.743]],[[100.59,13.7415],[100.591,13.7415],[100.5895,13.742],[100.59,13.7415]],[[100.5935,13.7385],[100.594,13.739],[100.5935,13.7385]]],[[[100.5985,13.7445],[100.599,13.745],[100.599,13.7455],[100.5985,13.7445]]],[[[100.599,13.746],[100.6,13.748],[100.6015,13.7485],[100.6,13.7455],[100.599,13.746]]],[[[100.601,13.745],[100.6005,13.7455],[100.601,13.7465],[100.6025,13.7465],[100.6025,13.7455],[100.603,13.7465],[100.605,13.7465],[100.6045,13.746],[100.605,13.7445],[100.6035,13.7425],[100.606,13.7425],[100.606,13.7415],[100.602,13.742],[100.6025,13.7425],[100.602,13.7435],[100.603,13.7445],[100.601,13.745]],[[100.604,13.745]]],[[[100.6035,13.7415],[100.603,13.741],[100.6035,13.7395],[100.602,13.7395],[100.6015,13.7385],[100.601,13.7395],[100.599,13.7385],[100.5985,13.739],[100.599,13.7405],[100.5985,13.741],[100.6005,13.7405],[100.6025,13.741],[100.602,13.742],[100.6035,13.7415]]],[[[100.586,13.7415],[100.586,13.741],[100.586,13.7415]]],[[[100.5855,13.741],[100.586,13.741],[100.5855,13.741]]],[[[100.5855,13.7405],[100.5855,13.741],[100.5855,13.7405]]],[[[100.5855,13.7405]]],[[[100.5855,13.7405]]],[[[100.5855,13.7405]]],[[[100.5855,13.7405]]],[[[100.5855,13.7405]]],[[[100.582,13.7425],[100.5805,13.7405],[100.5815,13.7395],[100.58,13.74],[100.5795,13.739],[100.579,13.74],[100.58,13.741],[100.5785,13.7415],[100.58,13.744],[100.5805,13.7415],[100.582,13.7425]]],[[[100.569,13.734],[100.5695,13.7365],[100.572,13.7355],[100.573,13.7335],[100.5715,13.733],[100.5735,13.732],[100.5725,13.731],[100.5735,13.7315],[100.574,13.7285],[100.5755,13.7295],[100.576,13.729],[100.5765,13.73],[100.5775,13.729],[100.578,13.73],[100.5795,13.7285],[100.5795,13.728],[100.5785,13.7285],[100.579,13.7275],[100.58,13.727],[100.5805,13.7285],[100.5815,13.7285],[100.5805,13.7265],[100.582,13.726],[100.5805,13.726],[100.581,13.7255],[100.5805,13.725],[100.578,13.727],[100.577,13.7265],[100.5775,13.7275],[100.577,13.7265],[100.576,13.727],[100.576,13.728],[100.576,13.7265],[100.5755,13.727],[100.5745,13.726],[100.572,13.7275],[100.5715,13.726],[100.569,13.725],[100.5695,13.7285],[100.5705,13.7275],[100.5715,13.728],[100.5705,13.727],[100.572,13.7285],[100.5725,13.728],[100.5725,13.73],[100.5715,13.7305],[100.572,13.732],[100.571,13.7325],[100.5705,13.732],[100.57,13.7325],[100.5705,13.734],[100.57,13.7335],[100.569,13.734]],[[100.575,13.7275],[100.5745,13.7275],[100.575,13.727],[100.575,13.7275]],[[100.5705,13.7345],[100.571,13.735],[100.5705,13.7345]],[[100.5725,13.73]],[[100.5775,13.728],[100.5775,13.7285],[100.5775,13.728]],[[100.575,13.7285]],[[100.5795,13.7265]]],[[[100.5805,13.7245],[100.582,13.7255],[100.5825,13.724],[100.582,13.724],[100.583,13.7245],[100.5835,13.724],[100.585,13.7255],[100.5855,13.7235],[100.587,13.7235],[100.586,13.723],[100.5865,13.722],[100.587,13.7225],[100.5875,13.722],[100.588,13.721],[100.587,13.72],[100.588,13.719],[100.586,13.7205],[100.5865,13.7215],[100.5855,13.721],[100.5845,13.7225],[100.582,13.7215],[100.583,13.7205],[100.5825,13.7195],[100.5835,13.719],[100.583,13.7185],[100.5815,13.7185],[100.582,13.72],[100.581,13.72],[100.5805,13.719],[100.5805,13.72],[100.5795,13.7205],[100.58,13.719],[100.5795,13.7185],[100.579,13.7195],[100.578,13.7195],[100.5785,13.7205],[100.576,13.72],[100.5745,13.7215],[100.5745,13.723],[100.5735,13.723],[100.575,13.7245],[100.573,13.724],[100.5725,13.725],[100.5735,13.726],[100.575,13.725],[100.575,13.726],[100.5755,13.7255],[100.575,13.725],[100.5765,13.7245],[100.576,13.7235],[100.5765,13.7225],[100.5775,13.722],[100.5785,13.7225],[100.579,13.7215],[100.5815,13.722],[100.5805,13.7245]],[[100.5825,13.7235]],[[100.5825,13.723],[100.5825,13.7225],[100.583,13.723],[100.5825,13.723]],[[100.5795,13.721]],[[100.5815,13.7205]],[[100.585,13.723],[100.5855,13.722],[100.5855,13.7215],[100.5855,13.722],[100.585,13.723]],[[100.5835,13.7235]],[[100.587,13.721],[100.587,13.7215],[100.587,13.721]]],[[[100.588,13.7185],[100.5885,13.72],[100.59,13.7185],[100.59,13.7195],[100.592,13.719],[100.5925,13.718],[100.5935,13.718],[100.593,13.717],[100.5935,13.7165],[100.5925,13.716],[100.5915,13.7175],[100.59,13.7165],[100.59,13.7175],[100.5885,13.7175],[100.588,13.7185]],[[100.5915,13.7185],[100.591,13.7185],[100.592,13.7175],[100.5915,13.7185]],[[100.589,13.718],[100.5885,13.7175],[100.589,13.718]],[[100.591,13.7185]]],[[[100.593,13.716],[100.5935,13.7155],[100.5955,13.7165],[100.596,13.7145],[100.595,13.7145],[100.5975,13.711],[100.5995,13.711],[100.5995,13.71],[100.6,13.711],[100.602,13.7105],[100.6025,13.7095],[100.6035,13.71],[100.605,13.7085],[100.605,13.7075],[100.606,13.708],[100.6065,13.7065],[100.6045,13.7045],[100.603,13.705],[100.604,13.7055],[100.6025,13.708],[100.6,13.709],[100.598,13.706],[100.5995,13.705],[100.5995,13.7035],[100.601,13.703],[100.6005,13.702],[100.6015,13.7035],[100.6025,13.703],[100.6045,13.7045],[100.605,13.703],[100.6035,13.702],[100.606,13.7015],[100.6055,13.7005],[100.6065,13.7],[100.609,13.7005],[100.6105,13.6985],[100.61,13.698],[100.6105,13.6965],[100.608,13.694],[100.6085,13.694],[100.6075,13.693],[100.608,13.6925],[100.607,13.6925],[100.607,13.691],[100.606,13.6925],[100.6045,13.692],[100.604,13.6935],[100.6015,13.693],[100.6005,13.6955],[100.602,13.6955],[100.6015,13.697],[100.6,13.6965],[100.6,13.6975],[100.6025,13.6985],[100.603,13.697],[100.602,13.696],[100.604,13.6955],[100.6035,13.6945],[100.605,13.695],[100.605,13.694],[100.607,13.6935],[100.607,13.6945],[100.608,13.6945],[100.6075,13.696],[100.6085,13.6965],[100.606,13.697],[100.608,13.6985],[100.6055,13.7],[100.6045,13.6995],[100.604,13.7005],[100.6035,13.7],[100.604,13.6985],[100.603,13.698],[100.6015,13.699],[100.603,13.7],[100.602,13.702],[100.6,13.701],[100.6,13.703],[100.5985,13.702],[100.5975,13.705],[100.5975,13.704],[100.5955,13.7045],[100.5975,13.706],[100.597,13.707],[100.598,13.709],[100.5975,13.7105],[100.5955,13.7115],[100.5925,13.7115],[100.5925,13.71],[100.5915,13.7105],[100.5915,13.712],[100.5895,13.711],[100.588,13.7125],[100.589,13.7135],[100.5885,13.715],[100.5875,13.714],[100.5875,13.7155],[100.585,13.7155],[100.584,13.714],[100.583,13.716],[100.5835,13.7165],[100.5815,13.717],[100.582,13.718],[100.584,13.717],[100.586,13.718],[100.5865,13.717],[100.586,13.7165],[100.588,13.7165],[100.5875,13.7175],[100.589,13.7165],[100.5885,13.715],[100.5895,13.715],[100.591,13.7125],[100.5945,13.713],[100.593,13.716]],[[100.5855,13.7165],[100.585,13.7165],[100.5855,13.7165]],[[100.584,13.7165]],[[100.599,13.703]],[[100.5985,13.7045],[100.5985,13.7055],[100.598,13.705],[100.5985,13.7045]],[[100.603,13.699],[100.6035,13.699],[100.6035,13.6995],[100.603,13.699]],[[100.603,13.6945]],[[100.603,13.694]],[[100.602,13.6945],[100.602,13.695],[100.602,13.6945]],[[100.603,13.703]],[[100.603,13.708],[100.603,13.7085],[100.603,13.708]],[[100.6025,13.709]],[[100.604,13.701],[100.604,13.7015],[100.604,13.701]],[[100.6035,13.7035],[100.604,13.7035],[100.6035,13.7035]],[[100.6035,13.706],[100.605,13.7065],[100.604,13.706],[100.6035,13.706]],[[100.604,13.707]]],[[[100.608,13.692],[100.608,13.693],[100.609,13.6935],[100.6105,13.6915],[100.6135,13.691],[100.612,13.6885],[100.6105,13.69],[100.6115,13.688],[100.6105,13.6865],[100.6125,13.6865],[100.611,13.6855],[100.612,13.684],[100.611,13.682],[100.6135,13.679],[100.615,13.6785],[100.6125,13.677],[100.609,13.6775],[100.612,13.6785],[100.6115,13.6795],[100.6105,13.6795],[100.611,13.6815],[100.61,13.6825],[100.608,13.6785],[100.6085,13.678],[100.608,13.6775],[100.6095,13.677],[100.6095,13.676],[100.608,13.6755],[100.607,13.674],[100.606,13.677],[100.6075,13.677],[100.605,13.6775],[100.6065,13.679],[100.607,13.6785],[100.608,13.68],[100.607,13.679],[100.6065,13.6795],[100.608,13.681],[100.607,13.6825],[100.609,13.682],[100.609,13.683],[100.61,13.683],[100.61,13.6855],[100.609,13.686],[100.6085,13.6855],[100.6065,13.6875],[100.6085,13.689],[100.6105,13.686],[100.611,13.688],[100.61,13.688],[100.6095,13.689],[100.6105,13.6905],[100.6095,13.6915],[100.609,13.6905],[100.609,13.6915],[100.608,13.692]],[[100.6075,13.6775]],[[100.6085,13.6765],[100.6085,13.676],[100.6085,13.6765]],[[100.6085,13.6865],[100.608,13.6865],[100.6085,13.6865]],[[100.6095,13.6865]],[[100.612,13.679]]],[[[100.575,13.726]]],[[[100.575,13.7265]]],[[[100.5595,13.7355],[100.558,13.7345],[100.5575,13.736],[100.5555,13.735],[100.555,13.7385],[100.556,13.7375],[100.5575,13.7385],[100.5595,13.7355]],[[100.5565,13.7375]]],[[[100.511,13.719]]],[[[100.511,13.719]]],[[[100.511,13.719]]],[[[100.511,13.719]]],[[[100.511,13.719]]],[[[100.511,13.719]]],[[[100.511,13.719]]],[[[100.511,13.719]]],[[[100.511,13.7185]]],[[[100.511,13.7185]]],[[[100.511,13.7185]]],[[[100.511,13.7185],[100.5105,13.7185],[100.511,13.7185]]],[[[100.5105,13.7185]]],[[[100.5105,13.7185]]],[[[100.5105,13.7185]]],[[[100.5105,13.7185]]],[[[100.4785,13.7145],[100.4795,13.711],[100.479,13.7105],[100.4785,13.712],[100.4775,13.7115],[100.4775,13.7145],[100.4785,13.7145]]],[[[100.4775,13.7115],[100.4785,13.711],[100.478,13.7085],[100.4765,13.711],[100.4755,13.7115],[100.4745,13.7105],[100.4745,13.7115],[100.4735,13.712],[100.4725,13.712],[100.473,13.711],[100.4715,13.7095],[100.4705,13.7105],[100.471,13.7095],[100.469,13.709],[100.468,13.71],[100.4665,13.71],[100.4675,13.712],[100.4655,13.7105],[100.466,13.712],[100.465,13.7135],[100.4645,13.713],[100.464,13.715],[100.4655,13.716],[100.4665,13.7155],[100.467,13.7165],[100.468,13.7165],[100.468,13.7175],[100.469,13.717],[100.4685,13.716],[100.4705,13.717],[100.4725,13.7155],[100.473,13.713],[100.4745,13.7135],[100.4735,13.7145],[100.475,13.7165],[100.476,13.715],[100.474,13.713],[100.4765,13.713],[100.476,13.7125],[100.4775,13.7115]],[[100.469,13.7155],[100.469,13.715],[100.4695,13.7155],[100.469,13.7155]],[[100.4695,13.714],[100.4675,13.715],[100.4665,13.714],[100.467,13.7125],[100.4685,13.713],[100.468,13.712],[100.4685,13.7105],[100.4695,13.711],[100.4695,13.712],[100.471,13.7115],[100.472,13.712],[100.4705,13.7145],[100.4695,13.714]],[[100.4695,13.7105]],[[100.4685,13.71]],[[100.4745,13.7115],[100.4745,13.712],[100.474,13.7125],[100.4745,13.7115]]],[[[100.457,13.7185],[100.457,13.718],[100.456,13.718],[100.457,13.7185]]],[[[100.4555,13.718],[100.4545,13.7175],[100.455,13.7185],[100.4555,13.718]]],[[[100.4555,13.717],[100.4565,13.718],[100.458,13.7165],[100.4565,13.7165],[100.456,13.7155],[100.4555,13.717]]],[[[100.438,13.7095]]],[[[100.435,13.71]]],[[[100.4345,13.7105],[100.433,13.71],[100.433,13.712],[100.433,13.711],[100.434,13.7115],[100.4345,13.7105]]],[[[100.4305,13.71]]],[[[100.431,13.71]]],[[[100.431,13.71]]],[[[100.431,13.71]]],[[[100.431,13.71],[100.4305,13.709],[100.43,13.7095],[100.431,13.71]]],[[[100.526,13.7465]]],[[[100.526,13.7465]]],[[[100.526,13.7465]]],[[[100.526,13.7465],[100.5255,13.7465],[100.526,13.7465]]],[[[100.5175,13.746]]],[[[100.5175,13.746]]],[[[100.5165,13.744],[100.5165,13.743],[100.5165,13.7425],[100.5165,13.743],[100.5165,13.744]]],[[[100.5165,13.742],[100.5165,13.7415],[100.5165,13.741],[100.516,13.7415],[100.5165,13.742]]],[[[100.4655,13.7235],[100.4665,13.7235],[100.466,13.723],[100.467,13.7225],[100.4665,13.722],[100.465,13.7225],[100.4655,13.7235]]],[[[100.467,13.7235],[100.467,13.724],[100.467,13.7235]]],[[[100.457,13.722],[100.457,13.7215],[100.4575,13.721],[100.457,13.721],[100.457,13.722]]],[[[100.4625,13.725]]],[[[100.466,13.7195]]],[[[100.466,13.7195]]],[[[100.466,13.7195],[100.465,13.7205],[100.4665,13.72],[100.466,13.7195]]],[[[100.4665,13.7195],[100.466,13.7195],[100.4665,13.7195]]],[[[100.468,13.7245]]],[[[100.468,13.7245],[100.4685,13.7245],[100.468,13.7245]]],[[[100.4685,13.7245]]],[[[100.4685,13.724],[100.4685,13.7245],[100.4685,13.724]]],[[[100.475,13.7305],[100.474,13.7305],[100.4745,13.731],[100.475,13.7305]]],[[[100.482,13.723],[100.482,13.7225],[100.4815,13.7225],[100.482,13.723]]],[[[100.493,13.7215]]],[[[100.5025,13.7485]]],[[[100.5025,13.749],[100.5025,13.7485],[100.5025,13.749]]],[[[100.5025,13.749]]],[[[100.5025,13.749]]],[[[100.5025,13.749]]],[[[100.503,13.749]]],[[[100.503,13.749]]],[[[100.4835,13.763]]],[[[100.4835,13.763]]],[[[100.4905,13.753],[100.49,13.753],[100.4905,13.753]]],[[[100.4935,13.7605]]],[[[100.4935,13.7605]]],[[[100.493,13.7605]]],[[[100.493,13.7605]]],[[[100.493,13.7605]]],[[[100.493,13.7605]]],[[[100.4925,13.761],[100.493,13.7605],[100.493,13.76],[100.4925,13.761]]],[[[100.499,13.766]]],[[[100.499,13.766]]],[[[100.499,13.766]]],[[[100.499,13.766]]],[[[100.499,13.766]]],[[[100.499,13.766]]],[[[100.4975,13.7635]]],[[[100.4975,13.7635]]],[[[100.4975,13.7635]]],[[[100.4975,13.7635]]],[[[100.4975,13.7635]]],[[[100.4975,13.7635]]],[[[100.4975,13.7635]]],[[[100.4975,13.7635]]],[[[100.4975,13.7635]]],[[[100.4975,13.7635]]],[[[100.4975,13.7635]]],[[[100.4975,13.7635]]],[[[100.4975,13.764]]],[[[100.497,13.762]]],[[[100.514,13.7535],[100.5135,13.7535],[100.514,13.7535]]],[[[100.5135,13.7535]]],[[[100.5135,13.7535]]],[[[100.5045,13.7455]]],[[[100.5045,13.7455]]],[[[100.5045,13.7455]]],[[[100.5045,13.7455]]],[[[100.5045,13.7455]]],[[[100.5045,13.7455]]],[[[100.504,13.745]]],[[[100.504,13.745]]],[[[100.5045,13.746],[100.5045,13.7455],[100.5045,13.746]]],[[[100.504,13.7675]]],[[[100.5055,13.7665]]],[[[100.5075,13.764]]],[[[100.507,13.764]]],[[[100.507,13.764]]],[[[100.5055,13.73]]],[[[100.5095,13.7635]]],[[[100.516,13.7525]]],[[[100.516,13.7525]]],[[[100.516,13.7525]]],[[[100.516,13.7525]]],[[[100.5185,13.753]]],[[[100.5185,13.753]]],[[[100.5185,13.753]]],[[[100.5185,13.753]]],[[[100.5185,13.753]]],[[[100.5185,13.753]]],[[[100.5185,13.753]]],[[[100.5185,13.753]]],[[[100.5185,13.7505]]],[[[100.5185,13.7505]]],[[[100.5185,13.7505]]],[[[100.5185,13.7505]]],[[[100.5185,13.7505]]],[[[100.5185,13.7505],[100.5185,13.75],[100.5185,13.7505]]],[[[100.5175,13.7475]]],[[[100.5175,13.7475]]],[[[100.531,13.745],[100.531,13.7455],[100.531,13.745]]],[[[100.5355,13.7635],[100.536,13.7645],[100.5365,13.763],[100.5355,13.7635]]],[[[100.5405,13.7715]]],[[[100.5405,13.7715],[100.5405,13.771],[100.5405,13.7715]]],[[[100.5405,13.771]]],[[[100.5405,13.771]]],[[[100.5405,13.771]]],[[[100.54,13.7385]]],[[[100.555,13.723]]],[[[100.555,13.723]]],[[[100.555,13.723]]],[[[100.555,13.723]]],[[[100.555,13.723]]],[[[100.547,13.749]]],[[[100.547,13.749]]],[[[100.5465,13.749],[100.547,13.749],[100.5465,13.749]]],[[[100.5465,13.749]]],[[[100.5465,13.749]]],[[[100.5465,13.749]]],[[[100.547,13.747],[100.5475,13.7485],[100.548,13.748],[100.547,13.747]]],[[[100.547,13.749]]],[[[100.547,13.745]]],[[[100.547,13.745]]],[[[100.547,13.745]]],[[[100.547,13.745]]],[[[100.547,13.745]]],[[[100.5475,13.745]]],[[[100.5475,13.745]]],[[[100.5475,13.745]]],[[[100.5475,13.745]]],[[[100.5475,13.745]]],[[[100.5515,13.7485]]],[[[100.5515,13.7485]]],[[[100.561,13.74]]],[[[100.59,13.743]]],[[[100.59,13.743]]],[[[100.601,13.744],[100.6,13.744],[100.6005,13.7445],[100.601,13.744]]],[[[100.6,13.7425],[100.599,13.7425],[100.599,13.742],[100.599,13.7425],[100.6,13.7425]]],[[[100.576,13.7265]]],[[[100.5915,13.7165]]],[[[100.591,13.7135],[100.5905,13.7135],[100.591,13.7135]]],[[[100.4185,13.8705],[100.4185,13.8715],[100.4165,13.872],[100.4165,13.8735],[100.4135,13.874],[100.418,13.877],[100.4205,13.875],[100.4165,13.8745],[100.418,13.874],[100.4185,13.873],[100.4195,13.8735],[100.4205,13.873],[100.4205,13.8715],[100.4185,13.8705]],[[100.418,13.875],[100.418,13.8755],[100.418,13.875]]],[[[100.422,13.875],[100.424,13.876],[100.424,13.875],[100.425,13.8745],[100.4235,13.8745],[100.423,13.873],[100.423,13.8745],[100.4225,13.8735],[100.4215,13.874],[100.4225,13.8745],[100.422,13.875]]],[[[100.4305,13.874],[100.431,13.875],[100.4285,13.8745],[100.428,13.8755],[100.43,13.876],[100.4295,13.877],[100.43,13.8775],[100.432,13.8765],[100.431,13.876],[100.431,13.875],[100.432,13.8745],[100.4305,13.874]],[[100.431,13.876]]],[[[100.4325,13.877],[100.431,13.8775],[100.433,13.878],[100.432,13.8775],[100.4325,13.877]]],[[[100.4335,13.878],[100.4325,13.8795],[100.434,13.881],[100.4345,13.8795],[100.4355,13.88],[100.436,13.8785],[100.437,13.8785],[100.4365,13.8765],[100.4375,13.8775],[100.439,13.8765],[100.4455,13.877],[100.446,13.878],[100.445,13.8785],[100.4465,13.88],[100.447,13.8795],[100.4465,13.8785],[100.448,13.8785],[100.4485,13.877],[100.4515,13.877],[100.451,13.878],[100.4515,13.8785],[100.4535,13.8765],[100.453,13.8765],[100.4535,13.8755],[100.4505,13.8765],[100.45,13.8755],[100.449,13.8755],[100.449,13.8765],[100.448,13.8765],[100.448,13.875],[100.449,13.874],[100.4475,13.8735],[100.4465,13.874],[100.447,13.8755],[100.4465,13.875],[100.446,13.8755],[100.4475,13.876],[100.4475,13.877],[100.441,13.876],[100.4405,13.8745],[100.4395,13.8755],[100.4365,13.875],[100.4365,13.8765],[100.4355,13.8765],[100.436,13.877],[100.4335,13.878]],[[100.447,13.8775]]],[[[100.4565,13.876],[100.457,13.8755],[100.4575,13.8765],[100.458,13.8755],[100.4575,13.875],[100.459,13.875],[100.4595,13.8735],[100.463,13.872],[100.464,13.8735],[100.468,13.8715],[100.466,13.871],[100.4655,13.872],[100.464,13.872],[100.4645,13.871],[100.4585,13.873],[100.4575,13.8735],[100.458,13.874],[100.4565,13.875],[100.4565,13.876]],[[100.467,13.8715]]],[[[100.4685,13.8715],[100.469,13.8735],[100.4705,13.8735],[100.4705,13.8725],[100.4685,13.8715]]],[[[100.4695,13.8715],[100.471,13.8705],[100.4715,13.8715],[100.472,13.8705],[100.4745,13.87],[100.4695,13.87],[100.4665,13.869],[100.4645,13.8705],[100.4695,13.87],[100.47,13.8705],[100.4695,13.8715]]],[[[100.4785,13.871],[100.4825,13.8745],[100.483,13.872],[100.484,13.8725],[100.486,13.87],[100.4835,13.869],[100.483,13.8675],[100.482,13.867],[100.4815,13.868],[100.4805,13.868],[100.48,13.8695],[100.481,13.8695],[100.4815,13.8705],[100.4825,13.8695],[100.4825,13.872],[100.481,13.871],[100.4785,13.871]],[[100.4835,13.87],[100.484,13.87],[100.4845,13.87],[100.4835,13.87]],[[100.4805,13.8715],[100.481,13.8715],[100.4805,13.8715]],[[100.483,13.87],[100.4825,13.8705],[100.483,13.87]]],[[[100.478,13.8695],[100.4775,13.869],[100.4775,13.87],[100.478,13.8695]]],[[[100.4775,13.87]]],[[[100.4775,13.87]]],[[[100.4355,13.875]]],[[[100.4355,13.875]]],[[[100.4355,13.8745]]],[[[100.4355,13.8745]]],[[[100.4355,13.8745],[100.4365,13.875],[100.4365,13.8705],[100.4355,13.872],[100.434,13.8715],[100.4335,13.872],[100.435,13.873],[100.434,13.8745],[100.435,13.8735],[100.4355,13.8745]]],[[[100.435,13.877]]],[[[100.435,13.877]]],[[[100.435,13.877]]],[[[100.435,13.877],[100.4345,13.8765],[100.434,13.8765],[100.435,13.877]]],[[[100.435,13.877]]],[[[100.4505,13.736],[100.448,13.7375],[100.449,13.741],[100.4495,13.7405],[100.449,13.739],[100.4505,13.738],[100.4515,13.7395],[100.4535,13.7385],[100.4525,13.737],[100.4515,13.738],[100.452,13.737],[100.4505,13.736]],[[100.4495,13.7385]]],[[[100.4495,13.7405]]],[[[100.4525,13.775],[100.4535,13.775],[100.453,13.7755],[100.4535,13.7765],[100.454,13.775],[100.4545,13.7755],[100.4555,13.7745],[100.4545,13.7735],[100.455,13.773],[100.453,13.773],[100.4525,13.775]],[[100.4535,13.774]]],[[[100.4545,13.7755]]],[[[100.4545,13.7755]]],[[[100.4545,13.776],[100.452,13.7795],[100.453,13.779],[100.454,13.78],[100.4555,13.779],[100.4565,13.78],[100.4585,13.7795],[100.458,13.7785],[100.4585,13.778],[100.458,13.7775],[100.457,13.778],[100.4565,13.777],[100.4565,13.778],[100.4555,13.7785],[100.454,13.778],[100.4545,13.776]]],[[[100.457,13.776],[100.459,13.774],[100.4585,13.7735],[100.457,13.7735],[100.4565,13.7745],[100.4575,13.7745],[100.4565,13.7755],[100.457,13.776]]],[[[100.467,13.7535],[100.465,13.754],[100.4655,13.7545],[100.4645,13.7555],[100.468,13.756],[100.468,13.757],[100.4675,13.7565],[100.467,13.7575],[100.4685,13.7575],[100.4695,13.7615],[100.4705,13.7615],[100.4695,13.763],[100.47,13.764],[100.4695,13.765],[100.471,13.7655],[100.4705,13.7675],[100.4715,13.768],[100.473,13.7675],[100.4725,13.7665],[100.474,13.767],[100.475,13.766],[100.4765,13.7675],[100.477,13.767],[100.475,13.765],[100.474,13.765],[100.474,13.766],[100.4725,13.766],[100.472,13.7655],[100.4725,13.764],[100.4705,13.7635],[100.471,13.7625],[100.472,13.7625],[100.471,13.761],[100.4725,13.7615],[100.472,13.7605],[100.4725,13.76],[100.4705,13.759],[100.4705,13.7575],[100.472,13.7575],[100.472,13.7555],[100.473,13.756],[100.4745,13.755],[100.473,13.754],[100.4725,13.7545],[100.47,13.752],[100.47,13.7505],[100.469,13.752],[100.4685,13.7515],[100.468,13.7525],[100.467,13.7525],[100.467,13.7535]],[[100.47,13.7575],[100.4695,13.7575],[100.47,13.7575]],[[100.469,13.756],[100.4675,13.7555],[100.468,13.755],[100.4675,13.7545],[100.4695,13.753],[100.47,13.7545],[100.4715,13.7555],[100.4705,13.7555],[100.4695,13.757],[100.469,13.756]],[[100.471,13.7565],[100.4705,13.7565],[100.471,13.7565]],[[100.4705,13.7545],[100.472,13.7545],[100.4705,13.7545]]],[[[100.4725,13.764]]],[[[100.4795,13.913],[100.4795,13.914],[100.478,13.9145],[100.479,13.916],[100.4795,13.915],[100.4805,13.9155],[100.481,13.915],[100.4795,13.913]]],[[[100.491,13.91],[100.4905,13.908],[100.491,13.9075],[100.4895,13.907],[100.4885,13.9075],[100.49,13.9075],[100.4885,13.9115],[100.4875,13.911],[100.4865,13.9115],[100.4855,13.9105],[100.484,13.912],[100.483,13.9105],[100.4825,13.9125],[100.483,13.913],[100.4825,13.912],[100.4835,13.9115],[100.4845,13.913],[100.486,13.9115],[100.489,13.9125],[100.4885,13.912],[100.4895,13.91],[100.4895,13.911],[100.4905,13.911],[100.491,13.91]]],[[[100.4895,13.903],[100.4885,13.9015],[100.4885,13.9025],[100.4895,13.903]]],[[[100.489,13.903]]],[[[100.489,13.903]]],[[[100.489,13.903]]],[[[100.489,13.903]]],[[[100.489,13.903]]],[[[100.489,13.903],[100.4875,13.9025],[100.4885,13.904],[100.489,13.903]]],[[[100.4885,13.904]]],[[[100.488,13.905],[100.486,13.9035],[100.4855,13.9045],[100.487,13.9055],[100.4855,13.9055],[100.485,13.9065],[100.487,13.906],[100.4875,13.9075],[100.4885,13.9075],[100.4875,13.9055],[100.488,13.905]]],[[[100.49,13.9065]]],[[[100.49,13.9065]]],[[[100.49,13.9065]]],[[[100.4895,13.9065]]],[[[100.4895,13.9065]]],[[[100.4895,13.9065]]],[[[100.4895,13.9065]]],[[[100.4895,13.9065]]],[[[100.4895,13.9065]]],[[[100.481,13.9145]]],[[[100.481,13.9145]]],[[[100.4905,13.911]]],[[[100.4905,13.911]]],[[[100.4905,13.911]]],[[[100.4905,13.911]]],[[[100.4905,13.9105]]],[[[100.4905,13.9105]]],[[[100.4905,13.9105]]],[[[100.4905,13.9105]]],[[[100.4905,13.9105]]],[[[100.4905,13.9105]]],[[[100.4905,13.9105]]],[[[100.4905,13.911]]],[[[100.489,13.9115]]],[[[100.481,13.7735],[100.482,13.7745],[100.4815,13.775],[100.4825,13.7755],[100.481,13.777],[100.482,13.777],[100.482,13.778],[100.4835,13.7795],[100.484,13.779],[100.483,13.7755],[100.484,13.7755],[100.4825,13.773],[100.481,13.7735]]],[[[100.4855,13.7785],[100.485,13.779],[100.485,13.7795],[100.4855,13.7785]]],[[[100.485,13.7795]]],[[[100.485,13.7795]]],[[[100.485,13.7795]]],[[[100.485,13.7795],[100.4855,13.7795],[100.485,13.7795]]],[[[100.4855,13.7795]]],[[[100.4855,13.7795]]],[[[100.4855,13.7795]]],[[[100.4855,13.7795]]],[[[100.4855,13.7795]]],[[[100.4855,13.7795]]],[[[100.4855,13.7795]]],[[[100.4855,13.7795]]],[[[100.4855,13.7795]]],[[[100.4855,13.7795]]],[[[100.4855,13.7795]]],[[[100.485,13.78],[100.484,13.78],[100.485,13.781],[100.4865,13.7805],[100.487,13.7815],[100.488,13.781],[100.49,13.783],[100.489,13.783],[100.4885,13.784],[100.4905,13.7845],[100.49,13.7865],[100.494,13.786],[100.4945,13.787],[100.4965,13.787],[100.496,13.786],[100.4965,13.787],[100.4985,13.785],[100.4985,13.7875],[100.4995,13.788],[100.503,13.7875],[100.501,13.7865],[100.5015,13.7855],[100.5025,13.786],[100.502,13.785],[100.501,13.786],[100.4995,13.7855],[100.5,13.784],[100.5015,13.784],[100.5015,13.782],[100.5005,13.7835],[100.4985,13.783],[100.499,13.7805],[100.501,13.781],[100.499,13.7785],[100.498,13.7785],[100.4985,13.78],[100.4975,13.7795],[100.497,13.781],[100.4985,13.7825],[100.4975,13.782],[100.4965,13.7825],[100.495,13.7815],[100.4945,13.782],[100.495,13.7825],[100.4935,13.7835],[100.4925,13.783],[100.4925,13.782],[100.491,13.782],[100.488,13.78],[100.4895,13.7785],[100.4885,13.7775],[100.487,13.777],[100.486,13.7775],[100.485,13.7765],[100.487,13.7795],[100.486,13.779],[100.485,13.78]],[[100.4915,13.7845],[100.4925,13.784],[100.4905,13.783],[100.4915,13.7825],[100.493,13.7835],[100.495,13.784],[100.4955,13.7835],[100.496,13.7845],[100.494,13.7855],[100.493,13.7845],[100.4915,13.785],[100.4915,13.7845]],[[100.4905,13.7835]],[[100.499,13.785]]],[[[100.504,13.781],[100.505,13.78],[100.5015,13.781],[100.502,13.7815],[100.5015,13.782],[100.504,13.781]]],[[[100.484,13.9175],[100.4825,13.9175],[100.482,13.919],[100.4835,13.9185],[100.487,13.919],[100.487,13.9175],[100.4885,13.917],[100.489,13.9175],[100.489,13.9165],[100.4865,13.9155],[100.486,13.917],[100.4855,13.9155],[100.4865,13.9175],[100.4855,13.918],[100.484,13.9165],[100.484,13.9175]],[[100.487,13.9165],[100.487,13.916],[100.487,13.9165]]],[[[100.485,13.88],[100.486,13.8805],[100.4845,13.8815],[100.485,13.883],[100.487,13.881],[100.488,13.882],[100.4875,13.883],[100.487,13.8825],[100.4875,13.8845],[100.4885,13.8835],[100.4895,13.8845],[100.49,13.8825],[100.4885,13.88],[100.487,13.8795],[100.4865,13.88],[100.4855,13.879],[100.485,13.88]],[[100.488,13.8815]]],[[[100.487,13.6995],[100.487,13.7025],[100.486,13.703],[100.4855,13.705],[100.489,13.704],[100.4905,13.706],[100.4915,13.703],[100.4905,13.7025],[100.489,13.703],[100.489,13.704],[100.488,13.704],[100.4885,13.704],[100.488,13.7025],[100.49,13.7015],[100.487,13.6995]],[[100.49,13.7035],[100.49,13.704],[100.49,13.7035]],[[100.49,13.7035]]],[[[100.491,13.702],[100.492,13.7005],[100.4905,13.7015],[100.491,13.702]]],[[[100.489,13.8295],[100.4885,13.831],[100.4895,13.8315],[100.49,13.831],[100.4925,13.8315],[100.492,13.8305],[100.493,13.83],[100.494,13.8305],[100.4955,13.83],[100.4945,13.827],[100.497,13.826],[100.498,13.8265],[100.498,13.8255],[100.4965,13.8255],[100.4975,13.8225],[100.498,13.8235],[100.499,13.8215],[100.498,13.8195],[100.4975,13.8215],[100.496,13.821],[100.496,13.822],[100.4945,13.8225],[100.497,13.823],[100.496,13.824],[100.4955,13.8235],[100.495,13.825],[100.4935,13.824],[100.4935,13.8255],[100.4925,13.826],[100.494,13.8265],[100.493,13.828],[100.491,13.8295],[100.489,13.8295]],[[100.492,13.8295],[100.4915,13.83],[100.492,13.8295]],[[100.493,13.8295],[100.493,13.829],[100.493,13.8295]],[[100.4945,13.8255],[100.495,13.825],[100.4955,13.8255],[100.4945,13.8255]],[[100.4955,13.826]]],[[[100.4905,13.866],[100.489,13.867],[100.49,13.8675],[100.489,13.868],[100.4895,13.869],[100.492,13.8675],[100.4915,13.867],[100.492,13.8665],[100.4905,13.866]]],[[[100.4955,13.8655],[100.4965,13.865],[100.497,13.8655],[100.4985,13.8635],[100.498,13.863],[100.497,13.8635],[100.495,13.8615],[100.494,13.862],[100.494,13.863],[100.493,13.861],[100.4915,13.8615],[100.4915,13.8625],[100.4905,13.8625],[100.491,13.8635],[100.49,13.8645],[100.491,13.8655],[100.4915,13.8645],[100.492,13.865],[100.4925,13.8645],[100.4925,13.863],[100.495,13.8645],[100.496,13.8645],[100.496,13.863],[100.4955,13.8655]],[[100.4915,13.863],[100.4915,13.8635],[100.4915,13.863]]],[[[100.496,13.8645]]],[[[100.4905,13.8465],[100.493,13.846],[100.492,13.845],[100.4925,13.8435],[100.4915,13.8445],[100.491,13.843],[100.4915,13.8445],[100.4905,13.8465]]],[[[100.494,13.8435],[100.4945,13.8445],[100.497,13.8435],[100.496,13.842],[100.495,13.843],[100.4955,13.8415],[100.495,13.841],[100.4935,13.8415],[100.493,13.8405],[100.4935,13.841],[100.493,13.8415],[100.494,13.842],[100.4935,13.8425],[100.4945,13.843],[100.493,13.8435],[100.494,13.8435]]],[[[100.493,13.8405]]],[[[100.4925,13.8405],[100.4945,13.84],[100.4935,13.838],[100.492,13.8395],[100.4925,13.8405]]],[[[100.492,13.8395]]],[[[100.492,13.8395]]],[[[100.492,13.8395]]],[[[100.492,13.8395]]],[[[100.492,13.8395]]],[[[100.492,13.8395]]],[[[100.492,13.8395]]],[[[100.492,13.84]]],[[[100.4915,13.84],[100.492,13.84],[100.4915,13.84]]],[[[100.4915,13.84]]],[[[100.4915,13.84]]],[[[100.4915,13.84]]],[[[100.4915,13.84]]],[[[100.4915,13.84]]],[[[100.491,13.8985]]],[[[100.4905,13.8985],[100.49,13.9],[100.493,13.9005],[100.4955,13.9],[100.496,13.8985],[100.497,13.899],[100.497,13.898],[100.4935,13.898],[100.494,13.8985],[100.4935,13.8995],[100.492,13.9],[100.4905,13.8985]],[[100.4945,13.8995]],[[100.4915,13.8995],[100.4915,13.899],[100.4915,13.8995]],[[100.494,13.899],[100.494,13.8985],[100.4945,13.8985],[100.494,13.899]]],[[[100.4915,13.907],[100.4915,13.908],[100.492,13.9085],[100.4925,13.908],[100.492,13.9125],[100.493,13.9125],[100.4935,13.914],[100.497,13.913],[100.4965,13.9145],[100.498,13.916],[100.4975,13.9165],[100.498,13.9175],[100.4995,13.918],[100.498,13.915],[100.4985,13.9145],[100.498,13.914],[100.4975,13.9145],[100.499,13.913],[100.4985,13.911],[100.4975,13.911],[100.497,13.912],[100.4965,13.911],[100.4945,13.9115],[100.4935,13.9105],[100.494,13.909],[100.493,13.907],[100.4945,13.9075],[100.495,13.9065],[100.4945,13.905],[100.497,13.905],[100.4965,13.9035],[100.496,13.903],[100.4935,13.904],[100.4945,13.904],[100.494,13.9055],[100.4925,13.9075],[100.4915,13.907]],[[100.4945,13.9125]],[[100.498,13.916]],[[100.497,13.913],[100.497,13.9135],[100.497,13.913]],[[100.4965,13.9125],[100.496,13.9125],[100.4965,13.912],[100.4965,13.9125]]],[[[100.493,13.916],[100.491,13.917],[100.4915,13.9175],[100.491,13.919],[100.492,13.9195],[100.493,13.918],[100.492,13.9205],[100.4925,13.921],[100.4935,13.9195],[100.494,13.92],[100.493,13.919],[100.493,13.9175],[100.495,13.9155],[100.494,13.915],[100.493,13.916]]],[[[100.494,13.9205],[100.493,13.922],[100.4945,13.9215],[100.495,13.92],[100.4955,13.9205],[100.495,13.922],[100.496,13.921],[100.497,13.9215],[100.496,13.9195],[100.495,13.92],[100.4945,13.9195],[100.494,13.9205]]],[[[100.4935,13.904],[100.4925,13.901],[100.4915,13.903],[100.493,13.903],[100.4935,13.904]]],[[[100.492,13.774],[100.4935,13.7745],[100.493,13.7765],[100.494,13.777],[100.4965,13.776],[100.495,13.7755],[100.496,13.7745],[100.4955,13.7735],[100.494,13.7735],[100.4945,13.772],[100.496,13.7715],[100.4955,13.77],[100.494,13.7705],[100.495,13.771],[100.4925,13.7725],[100.493,13.773],[100.492,13.774]],[[100.4945,13.7745],[100.4945,13.774],[100.4945,13.7745]],[[100.4945,13.775]],[[100.4955,13.774],[100.4955,13.7745],[100.4955,13.774]]],[[[100.497,13.7755],[100.497,13.776],[100.4975,13.776],[100.497,13.7755]]],[[[100.4975,13.776]]],[[[100.4975,13.776]]],[[[100.4975,13.776]]],[[[100.4975,13.776]]],[[[100.4975,13.776]]],[[[100.4975,13.7755],[100.498,13.7745],[100.4975,13.775],[100.4975,13.7755]]],[[[100.4965,13.774],[100.4975,13.7735],[100.4965,13.773],[100.4965,13.774]]],[[[100.496,13.835],[100.497,13.836],[100.498,13.8355],[100.498,13.8345],[100.4975,13.835],[100.4975,13.834],[100.4965,13.834],[100.496,13.835]]],[[[100.498,13.8345],[100.499,13.8355],[100.498,13.836],[100.4985,13.8365],[100.5,13.8365],[100.502,13.835],[100.501,13.8345],[100.5015,13.834],[100.5005,13.833],[100.501,13.8325],[100.5,13.8325],[100.4995,13.8335],[100.4985,13.831],[100.498,13.8315],[100.4985,13.833],[100.497,13.8325],[100.499,13.833],[100.499,13.8345],[100.4985,13.834],[100.498,13.8345]]],[[[100.4995,13.862],[100.501,13.8625],[100.4995,13.8625],[100.4995,13.8635],[100.5015,13.864],[100.5035,13.8625],[100.502,13.8625],[100.503,13.8615],[100.5025,13.8605],[100.5005,13.8605],[100.4995,13.862]],[[100.5015,13.8615]]],[[[100.507,13.8615],[100.51,13.8615],[100.511,13.8605],[100.5105,13.86],[100.5115,13.86],[100.5115,13.8585],[100.513,13.8575],[100.5125,13.857],[100.513,13.856],[100.5115,13.8555],[100.511,13.857],[100.5115,13.858],[100.511,13.8585],[100.5105,13.857],[100.5105,13.8585],[100.5095,13.8585],[100.5095,13.8595],[100.5075,13.86],[100.5075,13.859],[100.5065,13.8585],[100.506,13.86],[100.5075,13.8605],[100.507,13.8615]]],[[[100.5125,13.8605],[100.516,13.863],[100.518,13.863],[100.5175,13.8655],[100.519,13.866],[100.5175,13.866],[100.5185,13.868],[100.52,13.8675],[100.52,13.866],[100.521,13.866],[100.523,13.864],[100.5225,13.8605],[100.524,13.859],[100.5225,13.858],[100.522,13.8585],[100.521,13.857],[100.519,13.8585],[100.518,13.8575],[100.5165,13.858],[100.5135,13.8575],[100.514,13.859],[100.5165,13.858],[100.5165,13.859],[100.5155,13.859],[100.516,13.8595],[100.518,13.8585],[100.521,13.859],[100.521,13.86],[100.522,13.8605],[100.5215,13.862],[100.522,13.8635],[100.52,13.865],[100.519,13.865],[100.518,13.8635],[100.5185,13.8625],[100.5195,13.8625],[100.519,13.8615],[100.519,13.8625],[100.5185,13.8615],[100.5175,13.862],[100.517,13.8605],[100.516,13.8605],[100.517,13.86],[100.5125,13.8605]],[[100.5145,13.861]],[[100.5155,13.861],[100.516,13.861],[100.5155,13.861]]],[[[100.506,13.8595],[100.5055,13.8585],[100.502,13.859],[100.5035,13.8605],[100.5045,13.86],[100.5045,13.859],[100.506,13.8595]]],[[[100.503,13.86],[100.503,13.8605],[100.503,13.86]]],[[[100.503,13.8605]]],[[[100.5155,13.859],[100.5155,13.8585],[100.515,13.8585],[100.515,13.859],[100.5155,13.859]]],[[[100.5135,13.8585],[100.513,13.8585],[100.5135,13.8585]]],[[[100.513,13.8585]]],[[[100.513,13.8585]]],[[[100.513,13.8585]]],[[[100.513,13.8585]]],[[[100.513,13.8585]]],[[[100.513,13.8585]]],[[[100.5195,13.8605],[100.52,13.8605],[100.5195,13.8605]]],[[[100.5195,13.8605]]],[[[100.5195,13.8605]]],[[[100.5195,13.8605]]],[[[100.501,13.7905],[100.5005,13.7925],[100.502,13.794],[100.5015,13.7945],[100.5025,13.795],[100.5035,13.7945],[100.5025,13.7965],[100.504,13.7965],[100.5045,13.795],[100.505,13.7955],[100.5045,13.7965],[100.5055,13.7965],[100.506,13.798],[100.5085,13.7965],[100.509,13.797],[100.5095,13.7965],[100.51,13.7975],[100.512,13.797],[100.5125,13.7975],[100.512,13.798],[100.5135,13.7975],[100.5125,13.797],[100.513,13.796],[100.512,13.7955],[100.5105,13.796],[100.511,13.7955],[100.5105,13.795],[100.509,13.7955],[100.5085,13.7945],[100.5075,13.7955],[100.5085,13.794],[100.508,13.794],[100.5085,13.793],[100.507,13.7925],[100.508,13.791],[100.5075,13.79],[100.506,13.791],[100.5065,13.794],[100.503,13.7945],[100.5035,13.7935],[100.5025,13.793],[100.503,13.79],[100.505,13.791],[100.5045,13.7895],[100.5055,13.7885],[100.504,13.788],[100.5005,13.7885],[100.5015,13.791],[100.501,13.7905]],[[100.5055,13.7955],[100.5055,13.795],[100.5055,13.7955]]],[[[100.5075,13.7995]]],[[[100.5075,13.7995]]],[[[100.5075,13.7995]]],[[[100.5075,13.7995],[100.506,13.8005],[100.5075,13.801],[100.507,13.8025],[100.5095,13.802],[100.512,13.8045],[100.5125,13.8025],[100.5135,13.802],[100.512,13.8015],[100.5135,13.801],[100.5135,13.8],[100.5145,13.8],[100.5145,13.799],[100.512,13.7985],[100.5125,13.7995],[100.5115,13.7995],[100.512,13.8],[100.5115,13.8015],[100.508,13.8005],[100.5075,13.7995]]],[[[100.512,13.7985]]],[[[100.512,13.7985]]],[[[100.512,13.798]]],[[[100.512,13.798]]],[[[100.512,13.798]]],[[[100.512,13.798]]],[[[100.512,13.798]]],[[[100.512,13.798]]],[[[100.512,13.798]]],[[[100.512,13.798]]],[[[100.512,13.798]]],[[[100.512,13.798]]],[[[100.512,13.798]]],[[[100.512,13.798]]],[[[100.5015,13.701],[100.5005,13.704],[100.5035,13.7025],[100.504,13.704],[100.5035,13.706],[100.5055,13.7045],[100.5065,13.705],[100.5045,13.7065],[100.505,13.707],[100.5055,13.7065],[100.506,13.708],[100.5065,13.7075],[100.506,13.7085],[100.507,13.7085],[100.5085,13.707],[100.509,13.7075],[100.508,13.7095],[100.51,13.71],[100.511,13.7095],[100.511,13.708],[100.51,13.708],[100.511,13.706],[100.509,13.7065],[100.5095,13.705],[100.508,13.7055],[100.5085,13.7045],[100.5065,13.705],[100.5075,13.704],[100.5065,13.7035],[100.507,13.703],[100.506,13.7035],[100.5055,13.701],[100.504,13.7015],[100.5035,13.7005],[100.503,13.7015],[100.5015,13.701]],[[100.5055,13.704],[100.5055,13.7035],[100.5055,13.704]],[[100.503,13.702]],[[100.5065,13.705]],[[100.5095,13.709],[100.5095,13.7095],[100.5095,13.709]]],[[[100.5015,13.824],[100.5015,13.8265],[100.502,13.8255],[100.5015,13.824]]],[[[100.5025,13.8245],[100.503,13.826],[100.5045,13.825],[100.504,13.823],[100.5025,13.8245]]],[[[100.5045,13.823],[100.5065,13.8235],[100.5075,13.821],[100.5065,13.8205],[100.5055,13.821],[100.505,13.82],[100.5055,13.8195],[100.504,13.819],[100.5025,13.8205],[100.5045,13.8215],[100.505,13.8225],[100.5045,13.823]],[[100.5055,13.821]]],[[[100.5045,13.8195]]],[[[100.5045,13.8195]]],[[[100.5045,13.8195]]],[[[100.505,13.8195],[100.5045,13.8195],[100.505,13.8195]]],[[[100.505,13.8195]]],[[[100.505,13.8195]]],[[[100.505,13.8195]]],[[[100.505,13.8195]]],[[[100.505,13.8195]]],[[[100.505,13.8195]]],[[[100.5025,13.907],[100.5025,13.9085],[100.504,13.9085],[100.506,13.91],[100.507,13.908],[100.51,13.907],[100.512,13.9075],[100.512,13.909],[100.514,13.9085],[100.514,13.907],[100.5135,13.9075],[100.5125,13.907],[100.5135,13.905],[100.5145,13.905],[100.515,13.906],[100.5175,13.9055],[100.5185,13.9065],[100.517,13.9085],[100.516,13.908],[100.5155,13.9085],[100.5165,13.9085],[100.517,13.9095],[100.516,13.9105],[100.517,13.91],[100.518,13.911],[100.519,13.9105],[100.5175,13.9075],[100.5185,13.907],[100.52,13.9075],[100.521,13.9065],[100.5205,13.9055],[100.519,13.9055],[100.5195,13.905],[100.518,13.9035],[100.517,13.904],[100.516,13.9025],[100.5155,13.9045],[100.513,13.9055],[100.5125,13.9045],[100.5105,13.9065],[100.508,13.9055],[100.5075,13.9065],[100.5065,13.906],[100.5075,13.9075],[100.5055,13.908],[100.5045,13.9075],[100.5055,13.907],[100.505,13.9035],[100.5025,13.907]],[[100.505,13.906]],[[100.5125,13.907],[100.5125,13.908],[100.5125,13.907]],[[100.516,13.9055],[100.516,13.905],[100.516,13.9055]]],[[[100.504,13.933],[100.5055,13.9325],[100.5065,13.9335],[100.507,13.9305],[100.506,13.93],[100.5055,13.9305],[100.506,13.931],[100.5045,13.9305],[100.504,13.933]]],[[[100.504,13.9315]]],[[[100.504,13.9315]]],[[[100.504,13.9315]]],[[[100.504,13.9315]]],[[[100.504,13.9315]]],[[[100.5035,13.9315],[100.504,13.9315],[100.5035,13.9315]]],[[[100.503,13.8965],[100.503,13.8975],[100.502,13.898],[100.505,13.8985],[100.5035,13.9005],[100.5055,13.901],[100.504,13.9015],[100.5055,13.903],[100.5065,13.903],[100.5065,13.9015],[100.5085,13.9015],[100.508,13.9005],[100.51,13.9005],[100.509,13.9],[100.5105,13.9],[100.5115,13.899],[100.511,13.896],[100.5075,13.8985],[100.508,13.8995],[100.5075,13.9],[100.507,13.8995],[100.5065,13.9005],[100.5045,13.898],[100.506,13.8965],[100.507,13.897],[100.5065,13.896],[100.5085,13.8965],[100.5095,13.8935],[100.5105,13.894],[100.511,13.893],[100.512,13.8895],[100.5135,13.8895],[100.5135,13.888],[100.515,13.8875],[100.5125,13.886],[100.5135,13.8855],[100.513,13.8845],[100.512,13.884],[100.51,13.8855],[100.51,13.887],[100.511,13.8875],[100.5095,13.8875],[100.5095,13.8885],[100.5105,13.8885],[100.5115,13.8865],[100.512,13.887],[100.5125,13.888],[100.5105,13.89],[100.5115,13.891],[100.507,13.8925],[100.508,13.893],[100.508,13.8945],[100.507,13.8935],[100.503,13.8965]],[[100.508,13.899],[100.509,13.899],[100.508,13.899]],[[100.505,13.8975],[100.5045,13.8975],[100.5045,13.8965],[100.505,13.8965],[100.505,13.8975]],[[100.5035,13.8975]],[[100.5065,13.896]],[[100.507,13.9005]],[[100.5135,13.8875]]],[[[100.509,13.897]]],[[[100.509,13.897]]],[[[100.5085,13.897]]],[[[100.5085,13.897]]],[[[100.5085,13.897]]],[[[100.5085,13.897]]],[[[100.508,13.897],[100.508,13.8975],[100.5085,13.8975],[100.5085,13.897],[100.508,13.897]]],[[[100.503,13.7125],[100.5025,13.713],[100.5035,13.715],[100.5025,13.7155],[100.503,13.716],[100.5045,13.715],[100.504,13.716],[100.507,13.7165],[100.5065,13.7145],[100.507,13.714],[100.5065,13.7135],[100.505,13.7145],[100.5055,13.7125],[100.503,13.7125]],[[100.504,13.7145]]],[[[100.507,13.785],[100.5065,13.7855],[100.507,13.7865],[100.508,13.786],[100.508,13.785],[100.509,13.786],[100.511,13.7855],[100.5105,13.7875],[100.5125,13.7865],[100.511,13.786],[100.5135,13.7855],[100.5125,13.784],[100.5095,13.784],[100.5085,13.785],[100.508,13.7845],[100.507,13.785]],[[100.511,13.7855],[100.51,13.785],[100.511,13.7845],[100.511,13.7855]]],[[[100.508,13.786]]],[[[100.51,13.787],[100.51,13.7875],[100.5105,13.7875],[100.51,13.787]]],[[[100.5105,13.7875]]],[[[100.5105,13.7875]]],[[[100.5105,13.7875]]],[[[100.5105,13.7875]]],[[[100.5095,13.8455],[100.511,13.846],[100.5105,13.8495],[100.5095,13.85],[100.5115,13.8515],[100.512,13.85],[100.5125,13.851],[100.513,13.8505],[100.512,13.8495],[100.5135,13.849],[100.5125,13.847],[100.512,13.8475],[100.5115,13.847],[100.5125,13.846],[100.512,13.8455],[100.513,13.845],[100.5125,13.842],[100.514,13.841],[100.5125,13.8415],[100.5125,13.8405],[100.5135,13.8405],[100.514,13.8385],[100.517,13.8375],[100.517,13.8385],[100.5145,13.8405],[100.5165,13.841],[100.517,13.84],[100.518,13.84],[100.5175,13.8385],[100.519,13.838],[100.5185,13.837],[100.5195,13.836],[100.517,13.8355],[100.5175,13.836],[100.5165,13.836],[100.5165,13.837],[100.5155,13.836],[100.513,13.8365],[100.5125,13.8385],[100.513,13.839],[100.511,13.8395],[100.512,13.841],[100.511,13.8415],[100.51,13.844],[100.511,13.845],[100.5095,13.8455]],[[100.5115,13.843],[100.512,13.843],[100.512,13.8435],[100.5115,13.843]],[[100.5135,13.8375],[100.514,13.8375],[100.5135,13.8375]],[[100.516,13.8375]]],[[[100.513,13.8505],[100.5135,13.8505],[100.5135,13.85],[100.513,13.8505]]],[[[100.516,13.851],[100.5165,13.8515],[100.515,13.852],[100.5155,13.853],[100.5175,13.853],[100.518,13.8545],[100.519,13.8545],[100.519,13.8535],[100.518,13.853],[100.5185,13.852],[100.5175,13.8495],[100.517,13.851],[100.516,13.851]]],[[[100.517,13.8485],[100.5165,13.847],[100.518,13.8465],[100.5175,13.8445],[100.516,13.845],[100.516,13.844],[100.515,13.844],[100.514,13.846],[100.5155,13.8465],[100.516,13.846],[100.5165,13.847],[100.5155,13.848],[100.516,13.849],[100.517,13.8485]],[[100.515,13.845],[100.5145,13.845],[100.515,13.845]]],[[[100.5135,13.814],[100.5155,13.816],[100.5175,13.814],[100.517,13.8135],[100.515,13.815],[100.514,13.8135],[100.5135,13.814]]],[[[100.5175,13.814]]],[[[100.5175,13.814]]],[[[100.5175,13.814],[100.518,13.814],[100.5175,13.814]]],[[[100.518,13.814]]],[[[100.518,13.814]]],[[[100.518,13.814]]],[[[100.518,13.8145],[100.521,13.8155],[100.5215,13.814],[100.5205,13.814],[100.521,13.813],[100.52,13.814],[100.5195,13.813],[100.518,13.8145]]],[[[100.5195,13.8115],[100.522,13.8115],[100.52,13.81],[100.519,13.8105],[100.5185,13.8085],[100.518,13.8105],[100.5195,13.8105],[100.5195,13.8115]]],[[[100.5145,13.8115],[100.516,13.811],[100.515,13.81],[100.516,13.8105],[100.516,13.8095],[100.514,13.809],[100.5145,13.8095],[100.514,13.8105],[100.5115,13.809],[100.511,13.8095],[100.5145,13.8115]]],[[[100.5135,13.7905],[100.516,13.791],[100.5165,13.79],[100.5155,13.7895],[100.5165,13.788],[100.513,13.787],[100.5135,13.7885],[100.5125,13.7895],[100.513,13.79],[100.514,13.789],[100.5145,13.7895],[100.5135,13.7905]]],[[[100.5135,13.8765],[100.5135,13.8775],[100.5145,13.8775],[100.5135,13.8775],[100.5145,13.8795],[100.5155,13.878],[100.5165,13.879],[100.5165,13.878],[100.517,13.8785],[100.518,13.878],[100.518,13.877],[100.5195,13.8765],[100.5195,13.874],[100.521,13.8735],[100.521,13.872],[100.5195,13.8725],[100.518,13.871],[100.5185,13.869],[100.517,13.8695],[100.5165,13.8715],[100.516,13.8705],[100.515,13.872],[100.5155,13.8745],[100.517,13.8715],[100.518,13.872],[100.518,13.873],[100.519,13.873],[100.518,13.8735],[100.5185,13.8745],[100.5175,13.875],[100.517,13.877],[100.5165,13.876],[100.515,13.877],[100.5155,13.875],[100.515,13.8745],[100.5145,13.875],[100.515,13.8765],[100.5135,13.8765]]],[[[100.5175,13.7975],[100.517,13.7985],[100.5185,13.7975],[100.5195,13.798],[100.5185,13.8],[100.519,13.8005],[100.5215,13.799],[100.521,13.798],[100.5225,13.797],[100.522,13.7965],[100.5195,13.797],[100.5185,13.796],[100.5175,13.7975]]],[[[100.5185,13.799]]],[[[100.519,13.807],[100.519,13.8085],[100.52,13.808],[100.5215,13.8085],[100.522,13.8075],[100.523,13.8075],[100.523,13.806],[100.522,13.8055],[100.5235,13.805],[100.522,13.8045],[100.5225,13.8035],[100.5215,13.8025],[100.52,13.804],[100.521,13.8045],[100.521,13.8065],[100.5195,13.8075],[100.519,13.807]]],[[[100.52,13.804]]],[[[100.52,13.804]]],[[[100.5195,13.8045],[100.519,13.806],[100.52,13.805],[100.5195,13.8045]]],[[[100.5205,13.6715],[100.5195,13.673],[100.5215,13.6735],[100.5205,13.6715]]],[[[100.521,13.675],[100.5205,13.6755],[100.5205,13.676],[100.521,13.675]]],[[[100.521,13.676]]],[[[100.5215,13.6765],[100.5215,13.677],[100.522,13.677],[100.5215,13.6765]]],[[[100.524,13.8305],[100.5245,13.831],[100.523,13.832],[100.5225,13.8315],[100.5225,13.8335],[100.5235,13.833],[100.5245,13.834],[100.525,13.8325],[100.526,13.8325],[100.5255,13.8335],[100.527,13.833],[100.528,13.834],[100.5275,13.8325],[100.528,13.8315],[100.526,13.8305],[100.526,13.832],[100.525,13.832],[100.5245,13.8305],[100.528,13.8285],[100.5285,13.8275],[100.529,13.8285],[100.528,13.829],[100.5295,13.83],[100.5285,13.8315],[100.529,13.832],[100.53,13.831],[100.5305,13.8315],[100.531,13.8285],[100.53,13.8275],[100.5315,13.8275],[100.531,13.826],[100.5265,13.826],[100.5255,13.828],[100.526,13.8295],[100.524,13.8305]]],[[[100.5245,13.905],[100.5235,13.906],[100.525,13.906],[100.5265,13.9075],[100.527,13.9065],[100.526,13.906],[100.527,13.9055],[100.5265,13.9045],[100.528,13.9035],[100.528,13.9025],[100.529,13.9025],[100.529,13.9015],[100.5295,13.9025],[100.5305,13.902],[100.5305,13.903],[100.532,13.9025],[100.5315,13.905],[100.5305,13.905],[100.5305,13.906],[100.53,13.9055],[100.53,13.9065],[100.529,13.906],[100.5295,13.907],[100.5285,13.9085],[100.53,13.9095],[100.531,13.9075],[100.532,13.9075],[100.5315,13.9065],[100.532,13.905],[100.533,13.9055],[100.536,13.902],[100.537,13.903],[100.5375,13.9015],[100.538,13.904],[100.5385,13.9045],[100.539,13.9035],[100.539,13.905],[100.54,13.9055],[100.5415,13.902],[100.5435,13.9025],[100.543,13.901],[100.5415,13.9005],[100.5405,13.9015],[100.54,13.901],[100.5405,13.902],[100.539,13.902],[100.539,13.901],[100.5385,13.902],[100.5375,13.901],[100.5385,13.8995],[100.54,13.9],[100.5415,13.8985],[100.5415,13.8995],[100.542,13.899],[100.5425,13.8995],[100.542,13.9],[100.543,13.9005],[100.544,13.8995],[100.5445,13.9005],[100.545,13.899],[100.546,13.9],[100.5465,13.8985],[100.5485,13.899],[100.549,13.8975],[100.5495,13.899],[100.5515,13.8995],[100.554,13.8955],[100.5515,13.894],[100.55,13.8955],[100.551,13.896],[100.5505,13.897],[100.546,13.8985],[100.5455,13.8975],[100.5465,13.8975],[100.547,13.8965],[100.546,13.8945],[100.545,13.895],[100.5455,13.8955],[100.544,13.8965],[100.5435,13.898],[100.5425,13.898],[100.542,13.897],[100.5415,13.8975],[100.542,13.898],[100.5395,13.8985],[100.5395,13.9],[100.5395,13.8985],[100.538,13.8985],[100.5375,13.8975],[100.537,13.9],[100.538,13.9005],[100.5365,13.901],[100.5355,13.9005],[100.534,13.902],[100.532,13.9015],[100.532,13.9005],[100.5295,13.9],[100.53,13.8995],[100.529,13.899],[100.5275,13.902],[100.5255,13.9025],[100.5265,13.9045],[100.5245,13.905]],[[100.5305,13.908],[100.53,13.908],[100.5305,13.908]],[[100.531,13.906],[100.531,13.907],[100.531,13.906]],[[100.5305,13.902],[100.5305,13.9015],[100.5315,13.9015],[100.5315,13.902],[100.5305,13.902]],[[100.53,13.907],[100.53,13.9065],[100.53,13.907]],[[100.5295,13.9015],[100.5295,13.901],[100.5295,13.9015]],[[100.529,13.9005],[100.529,13.901],[100.529,13.9005]],[[100.545,13.8965],[100.5455,13.8975],[100.545,13.8975],[100.545,13.8965]],[[100.5385,13.903]],[[100.5435,13.8985],[100.543,13.8985],[100.5435,13.8985]],[[100.546,13.896]],[[100.551,13.8955]],[[100.5505,13.898]]],[[[100.527,13.9055],[100.527,13.907],[100.5275,13.9075],[100.5285,13.907],[100.528,13.9055],[100.5275,13.906],[100.527,13.9055]]],[[[100.549,13.895],[100.5495,13.8955],[100.5485,13.8945],[100.549,13.895]]],[[[100.548,13.894],[100.5485,13.8935],[100.5475,13.8935],[100.5475,13.895],[100.548,13.894]]],[[[100.5475,13.895]]],[[[100.53,13.905]]],[[[100.53,13.905]]],[[[100.5395,13.9015]]],[[[100.5395,13.9015],[100.539,13.9015],[100.5395,13.9015]]],[[[100.539,13.9015]]],[[[100.539,13.9015]]],[[[100.539,13.902],[100.539,13.9015],[100.539,13.902]]],[[[100.5415,13.899]]],[[[100.5415,13.899]]],[[[100.5415,13.899]]],[[[100.5415,13.899]]],[[[100.541,13.899],[100.5415,13.899],[100.541,13.899]]],[[[100.541,13.899]]],[[[100.541,13.899]]],[[[100.541,13.899]]],[[[100.541,13.899]]],[[[100.541,13.899]]],[[[100.541,13.899]]],[[[100.541,13.899]]],[[[100.541,13.899]]],[[[100.5415,13.899]]],[[[100.5415,13.899]]],[[[100.5255,13.805],[100.5255,13.806],[100.5245,13.8065],[100.5265,13.8075],[100.528,13.8095],[100.5295,13.8095],[100.5295,13.811],[100.5315,13.812],[100.533,13.8095],[100.5325,13.8085],[100.5315,13.8085],[100.531,13.8095],[100.529,13.8085],[100.529,13.8075],[100.528,13.8075],[100.5275,13.806],[100.5285,13.805],[100.5295,13.8055],[100.533,13.8045],[100.534,13.8055],[100.5325,13.8065],[100.533,13.8075],[100.5325,13.808],[100.5335,13.808],[100.533,13.8085],[100.534,13.8095],[100.536,13.8065],[100.5345,13.806],[100.5365,13.805],[100.5365,13.8065],[100.5375,13.806],[100.5375,13.807],[100.54,13.806],[100.5405,13.807],[100.5395,13.8075],[100.541,13.8085],[100.5415,13.807],[100.5405,13.8055],[100.54,13.806],[100.5395,13.805],[100.5365,13.804],[100.538,13.8025],[100.537,13.8025],[100.538,13.8025],[100.538,13.8015],[100.539,13.801],[100.5395,13.8025],[100.5415,13.8005],[100.5405,13.7995],[100.5395,13.8],[100.539,13.7995],[100.5385,13.8],[100.5395,13.801],[100.539,13.801],[100.5375,13.7995],[100.537,13.8015],[100.5365,13.8005],[100.536,13.802],[100.5345,13.8025],[100.5355,13.8045],[100.5345,13.8045],[100.5345,13.803],[100.5325,13.802],[100.5305,13.8045],[100.5295,13.8045],[100.53,13.8035],[100.5285,13.8025],[100.5265,13.805],[100.5255,13.805]],[[100.527,13.806],[100.5275,13.806],[100.527,13.806]],[[100.529,13.805]],[[100.53,13.809]],[[100.538,13.8055]],[[100.534,13.8045],[100.5335,13.8045],[100.534,13.8045]]],[[[100.5325,13.8085]]],[[[100.5325,13.8085]]],[[[100.5325,13.8085]]],[[[100.5325,13.8085]]],[[[100.5325,13.8085]]],[[[100.54,13.804],[100.5405,13.8035],[100.5395,13.803],[100.54,13.804]]],[[[100.538,13.8025]]],[[[100.538,13.8025]]],[[[100.5265,13.678],[100.527,13.6795],[100.5265,13.681],[100.5275,13.6815],[100.528,13.681],[100.529,13.6815],[100.5295,13.6805],[100.5305,13.6815],[100.531,13.681],[100.531,13.6765],[100.529,13.6765],[100.5295,13.678],[100.529,13.6795],[100.5265,13.678]],[[100.5295,13.68]]],[[[100.5275,13.819],[100.529,13.8195],[100.5285,13.821],[100.5295,13.822],[100.529,13.8225],[100.5305,13.823],[100.532,13.8245],[100.5315,13.825],[100.532,13.8255],[100.533,13.8255],[100.5335,13.824],[100.534,13.8245],[100.5355,13.824],[100.535,13.8235],[100.536,13.823],[100.534,13.822],[100.537,13.8215],[100.535,13.821],[100.5345,13.822],[100.533,13.822],[100.5335,13.823],[100.5325,13.823],[100.531,13.8215],[100.5305,13.8205],[100.5315,13.8205],[100.5305,13.819],[100.532,13.8175],[100.533,13.8175],[100.533,13.819],[100.534,13.819],[100.533,13.8195],[100.533,13.8205],[100.5355,13.821],[100.537,13.82],[100.5355,13.8185],[100.5335,13.818],[100.534,13.817],[100.532,13.8145],[100.5315,13.816],[100.53,13.816],[100.5305,13.817],[100.529,13.8175],[100.529,13.8185],[100.53,13.819],[100.528,13.8185],[100.5275,13.819]],[[100.5305,13.8205],[100.53,13.8205],[100.5305,13.8205]],[[100.5335,13.823],[100.533,13.823],[100.5335,13.823]],[[100.532,13.818],[100.5315,13.818],[100.532,13.818]]],[[[100.5365,13.672],[100.5355,13.674],[100.5385,13.6735],[100.538,13.6705],[100.5365,13.672]]],[[[100.5385,13.6735],[100.542,13.673],[100.541,13.672],[100.54,13.6725],[100.5405,13.6715],[100.539,13.6705],[100.5395,13.6725],[100.5385,13.6735]],[[100.5395,13.6715],[100.5395,13.672],[100.5395,13.6715]]],[[[100.5415,13.91],[100.5395,13.9105],[100.539,13.912],[100.5405,13.912],[100.5405,13.913],[100.5425,13.914],[100.544,13.912],[100.5445,13.9145],[100.543,13.915],[100.543,13.917],[100.5415,13.918],[100.542,13.9185],[100.5435,13.918],[100.544,13.921],[100.5435,13.922],[100.5455,13.924],[100.5465,13.9215],[100.546,13.922],[100.545,13.921],[100.5455,13.9205],[100.5445,13.9205],[100.545,13.918],[100.5445,13.9165],[100.5465,13.917],[100.5465,13.921],[100.5465,13.919],[100.5475,13.919],[100.547,13.9175],[100.5475,13.917],[100.548,13.918],[100.5495,13.9165],[100.5465,13.9165],[100.5465,13.9155],[100.5475,13.915],[100.5455,13.914],[100.545,13.9115],[100.542,13.912],[100.543,13.91],[100.542,13.908],[100.5415,13.91]],[[100.542,13.9125],[100.542,13.913],[100.542,13.9125]],[[100.546,13.918],[100.546,13.9175],[100.546,13.9185],[100.546,13.918]]],[[[100.5465,13.9215]]],[[[100.5465,13.911],[100.548,13.913],[100.5475,13.911],[100.548,13.9115],[100.549,13.911],[100.5495,13.91],[100.5475,13.9085],[100.5465,13.91],[100.545,13.9105],[100.5465,13.911]]],[[[100.5445,13.91],[100.544,13.907],[100.5435,13.9065],[100.5435,13.907],[100.5435,13.908],[100.5435,13.9075],[100.544,13.9075],[100.5445,13.91]]],[[[100.545,13.918]]],[[[100.545,13.9185],[100.545,13.92],[100.5455,13.9195],[100.545,13.9185]]],[[[100.545,13.92]]],[[[100.545,13.92]]],[[[100.5455,13.92]]],[[[100.5455,13.92]]],[[[100.5455,13.92]]],[[[100.5455,13.9205]]],[[[100.546,13.679],[100.5455,13.681],[100.5465,13.6815],[100.5465,13.681],[100.548,13.6835],[100.5495,13.6825],[100.549,13.682],[100.551,13.681],[100.5485,13.682],[100.5475,13.6805],[100.5485,13.6795],[100.5475,13.6775],[100.5465,13.6775],[100.546,13.679]]],[[[100.5475,13.822],[100.5465,13.8225],[100.5475,13.824],[100.5465,13.8245],[100.548,13.826],[100.5485,13.825],[100.548,13.8245],[100.549,13.8245],[100.5475,13.822]]],[[[100.551,13.829],[100.549,13.8295],[100.552,13.8315],[100.5525,13.831],[100.551,13.8285],[100.551,13.829]]],[[[100.5555,13.837],[100.5545,13.837],[100.554,13.838],[100.5545,13.8385],[100.5535,13.8395],[100.555,13.8395],[100.5555,13.841],[100.5565,13.8405],[100.5555,13.84],[100.556,13.839],[100.557,13.839],[100.5575,13.84],[100.558,13.8395],[100.5575,13.837],[100.5565,13.838],[100.5555,13.837]]],[[[100.557,13.8435]]],[[[100.557,13.8435]]],[[[100.557,13.8435]]],[[[100.5585,13.844],[100.558,13.8445],[100.5605,13.8475],[100.5615,13.847],[100.562,13.8485],[100.5615,13.8485],[100.563,13.8505],[100.5635,13.8495],[100.5625,13.847],[100.5615,13.8475],[100.5615,13.847],[100.5635,13.8465],[100.562,13.846],[100.561,13.8465],[100.5585,13.843],[100.5585,13.844]]],[[[100.5605,13.8475],[100.5575,13.85],[100.5595,13.8495],[100.559,13.851],[100.5605,13.851],[100.5595,13.8515],[100.5605,13.853],[100.561,13.852],[100.5615,13.8535],[100.5625,13.853],[100.5645,13.8545],[100.563,13.8505],[100.563,13.852],[100.561,13.851],[100.5605,13.849],[100.5595,13.8485],[100.5605,13.8475]],[[100.5625,13.852],[100.562,13.852],[100.5625,13.852]]],[[[100.563,13.8505]]],[[[100.563,13.8505]]],[[[100.5585,13.843]]],[[[100.5585,13.843]]],[[[100.5585,13.843]]],[[[100.561,13.8505]]],[[[100.5555,13.894],[100.555,13.895],[100.557,13.8965],[100.559,13.8955],[100.56,13.8965],[100.561,13.896],[100.56,13.897],[100.5605,13.898],[100.5615,13.898],[100.564,13.8955],[100.563,13.8945],[100.5645,13.8945],[100.5635,13.894],[100.564,13.893],[100.565,13.893],[100.565,13.894],[100.5665,13.894],[100.5665,13.895],[100.5695,13.894],[100.5705,13.891],[100.5715,13.891],[100.5715,13.89],[100.5735,13.89],[100.5745,13.891],[100.5745,13.889],[100.5745,13.8915],[100.578,13.8895],[100.5775,13.8885],[100.578,13.8885],[100.58,13.8895],[100.581,13.891],[100.585,13.892],[100.5845,13.891],[100.5855,13.8915],[100.585,13.8905],[100.586,13.8885],[100.585,13.888],[100.5865,13.8875],[100.5865,13.8865],[100.585,13.886],[100.5855,13.8855],[100.585,13.8845],[100.5865,13.885],[100.587,13.884],[100.586,13.8835],[100.5865,13.882],[100.588,13.883],[100.5915,13.883],[100.593,13.882],[100.593,13.8805],[100.5915,13.881],[100.5925,13.881],[100.592,13.8795],[100.5925,13.8785],[100.5935,13.879],[100.594,13.878],[100.596,13.879],[100.5965,13.878],[100.5945,13.875],[100.5955,13.874],[100.595,13.8725],[100.5955,13.872],[100.597,13.874],[100.598,13.8725],[100.5965,13.871],[100.5955,13.871],[100.5945,13.8685],[100.593,13.87],[100.5925,13.869],[100.5905,13.8695],[100.5895,13.8685],[100.5905,13.8645],[100.5935,13.869],[100.59,13.8625],[100.589,13.8625],[100.5885,13.8635],[100.5895,13.864],[100.588,13.8645],[100.5885,13.867],[100.5895,13.867],[100.589,13.8715],[100.59,13.8715],[100.5905,13.8725],[100.5915,13.8705],[100.593,13.871],[100.5935,13.873],[100.593,13.8735],[100.594,13.875],[100.592,13.876],[100.5925,13.8765],[100.594,13.876],[100.5915,13.8785],[100.592,13.8795],[100.591,13.88],[100.5915,13.881],[100.5905,13.882],[100.589,13.8805],[100.5845,13.8815],[100.585,13.88],[100.583,13.88],[100.583,13.8815],[100.582,13.8805],[100.5785,13.881],[100.579,13.8825],[100.578,13.883],[100.579,13.885],[100.5775,13.8835],[100.577,13.8855],[100.5765,13.885],[100.575,13.8855],[100.574,13.8845],[100.5735,13.888],[100.57,13.889],[100.5705,13.889],[100.569,13.887],[100.568,13.8875],[100.5685,13.888],[100.5645,13.8875],[100.564,13.8885],[100.565,13.8885],[100.5655,13.8895],[100.5645,13.89],[100.564,13.8895],[100.563,13.8915],[100.5615,13.89],[100.5595,13.8905],[100.5585,13.889],[100.5585,13.8905],[100.557,13.891],[100.5575,13.8935],[100.5565,13.8925],[100.556,13.8935],[100.5565,13.894],[100.5555,13.894]],[[100.559,13.8955]],[[100.559,13.892],[100.5595,13.891],[100.5595,13.892],[100.5605,13.8915],[100.561,13.8925],[100.5625,13.8925],[100.5615,13.8955],[100.561,13.895],[100.5585,13.8955],[100.5575,13.8945],[100.559,13.892]],[[100.562,13.896],[100.5615,13.896],[100.562,13.896]],[[100.561,13.8905]],[[100.563,13.894],[100.5625,13.894],[100.563,13.894]],[[100.5625,13.8935]],[[100.576,13.889],[100.574,13.8885],[100.5745,13.8875],[100.5775,13.886],[100.5785,13.8865],[100.5775,13.887],[100.578,13.888],[100.576,13.889]],[[100.5745,13.8875],[100.574,13.8865],[100.5745,13.8865],[100.5745,13.8875]],[[100.569,13.891],[100.57,13.8915],[100.569,13.8925],[100.5675,13.8925],[100.567,13.893],[100.5675,13.8935],[100.5665,13.8925],[100.5645,13.8925],[100.566,13.892],[100.565,13.891],[100.566,13.8895],[100.5675,13.89],[100.57,13.8895],[100.57,13.891],[100.569,13.891]],[[100.5655,13.893]],[[100.565,13.891]],[[100.5705,13.8905]],[[100.574,13.8895],[100.5735,13.8895],[100.574,13.8895]],[[100.5765,13.8865],[100.577,13.886],[100.5765,13.8865]],[[100.5805,13.888],[100.5805,13.8885],[100.5805,13.888]],[[100.5835,13.8905],[100.5835,13.891],[100.583,13.8905],[100.5835,13.8905]],[[100.584,13.8835],[100.585,13.8865],[100.584,13.887],[100.5845,13.889],[100.584,13.89],[100.583,13.8895],[100.5825,13.89],[100.579,13.885],[100.58,13.8835],[100.5825,13.8825],[100.5825,13.8815],[100.585,13.8825],[100.5845,13.884],[100.584,13.8835]],[[100.585,13.883],[100.586,13.8825],[100.585,13.8835],[100.585,13.883]],[[100.5845,13.8875]],[[100.588,13.8815],[100.5885,13.881],[100.5885,13.882],[100.588,13.8815]],[[100.593,13.8705],[100.593,13.87],[100.593,13.8705]],[[100.5895,13.865],[100.589,13.865],[100.5895,13.865]],[[100.589,13.8645]],[[100.596,13.872]],[[100.5945,13.8705]],[[100.5955,13.8785]],[[100.597,13.873],[100.5965,13.872],[100.597,13.873]]],[[[100.5965,13.878],[100.5965,13.879],[100.595,13.88],[100.5965,13.88],[100.5975,13.881],[100.5965,13.8845],[100.599,13.8845],[100.598,13.885],[100.5985,13.8855],[100.601,13.885],[100.6015,13.886],[100.6005,13.886],[100.6,13.8875],[100.602,13.888],[100.6025,13.889],[100.604,13.8885],[100.6025,13.887],[100.603,13.8855],[100.604,13.886],[100.604,13.887],[100.605,13.8865],[100.606,13.8875],[100.6055,13.8865],[100.6065,13.8855],[100.6055,13.8855],[100.6055,13.8845],[100.604,13.884],[100.6055,13.882],[100.603,13.8815],[100.6025,13.8805],[100.6015,13.881],[100.6005,13.8805],[100.5995,13.878],[100.601,13.8765],[100.6,13.876],[100.6025,13.876],[100.603,13.8745],[100.6045,13.8745],[100.605,13.8725],[100.6065,13.8725],[100.606,13.8715],[100.6075,13.871],[100.606,13.8695],[100.6075,13.869],[100.607,13.8685],[100.604,13.87],[100.6055,13.8705],[100.6045,13.871],[100.6045,13.8725],[100.6035,13.8735],[100.6,13.872],[100.601,13.8715],[100.598,13.873],[100.599,13.874],[100.5985,13.875],[100.599,13.8765],[100.598,13.877],[100.598,13.878],[100.5965,13.878]],[[100.6025,13.887],[100.603,13.887],[100.6025,13.887]],[[100.598,13.8835]],[[100.597,13.8795],[100.597,13.88],[100.597,13.8795]],[[100.5975,13.8805],[100.598,13.8805],[100.5975,13.8805]],[[100.601,13.884],[100.6,13.8845],[100.5985,13.883],[100.5995,13.883],[100.5985,13.8815],[100.599,13.88],[100.6025,13.8835],[100.602,13.885],[100.601,13.885],[100.6015,13.8845],[100.601,13.884]],[[100.599,13.878]],[[100.5985,13.8775]],[[100.5995,13.8775]],[[100.599,13.8765],[100.599,13.877],[100.599,13.8765]],[[100.6015,13.873],[100.6015,13.8735],[100.6015,13.873]],[[100.606,13.8695]],[[100.6045,13.885]],[[100.603,13.8875]]],[[[100.6055,13.891],[100.606,13.896],[100.6075,13.8965],[100.607,13.896],[100.6075,13.8945],[100.6085,13.894],[100.61,13.8965],[100.6095,13.895],[100.6105,13.8935],[100.609,13.8925],[100.6085,13.893],[100.607,13.8915],[100.608,13.8915],[100.609,13.8895],[100.6075,13.8885],[100.608,13.888],[100.6075,13.8875],[100.6055,13.8885],[100.6055,13.891]],[[100.6065,13.895],[100.607,13.894],[100.6075,13.8945],[100.6065,13.895]],[[100.6065,13.891]]],[[[100.6055,13.8885]]],[[[100.605,13.8885]]],[[[100.605,13.8885]]],[[[100.605,13.8885],[100.605,13.889],[100.605,13.8885]]],[[[100.605,13.889]]],[[[100.5835,13.8855]]],[[[100.597,13.877]]],[[[100.6,13.884]]],[[[100.604,13.872]]],[[[100.5575,13.8095],[100.557,13.8105],[100.558,13.811],[100.5585,13.8125],[100.5575,13.813],[100.558,13.8155],[100.5575,13.8165],[100.559,13.817],[100.5585,13.8185],[100.559,13.819],[100.5605,13.8175],[100.56,13.8165],[100.5605,13.817],[100.561,13.8165],[100.5595,13.8155],[100.559,13.816],[100.5585,13.8145],[100.559,13.814],[100.5585,13.813],[100.5595,13.8125],[100.559,13.812],[100.56,13.811],[100.56,13.812],[100.5615,13.812],[100.561,13.8115],[100.562,13.81],[100.5625,13.811],[100.5645,13.811],[100.563,13.813],[100.562,13.813],[100.5615,13.8145],[100.5625,13.816],[100.564,13.816],[100.5635,13.819],[100.5625,13.8185],[100.563,13.819],[100.562,13.819],[100.5625,13.818],[100.5605,13.8155],[100.562,13.8175],[100.561,13.8195],[100.564,13.8205],[100.5645,13.822],[100.5615,13.823],[100.561,13.8245],[100.563,13.8245],[100.5645,13.8255],[100.564,13.826],[100.5665,13.8265],[100.5655,13.828],[100.566,13.8285],[100.565,13.829],[100.5655,13.83],[100.5665,13.83],[100.566,13.831],[100.568,13.831],[100.568,13.8325],[100.57,13.833],[100.571,13.835],[100.572,13.835],[100.5735,13.8365],[100.572,13.834],[100.5735,13.834],[100.573,13.835],[100.574,13.8345],[100.575,13.835],[100.576,13.834],[100.575,13.8335],[100.575,13.832],[100.572,13.832],[100.574,13.83],[100.5735,13.829],[100.573,13.8295],[100.57,13.828],[100.571,13.8285],[100.571,13.8305],[100.572,13.832],[100.571,13.8325],[100.569,13.831],[100.5695,13.83],[100.5685,13.8305],[100.5675,13.829],[100.5685,13.827],[100.5695,13.8275],[100.5695,13.8285],[100.57,13.828],[100.569,13.827],[100.57,13.826],[100.5695,13.8255],[100.568,13.826],[100.569,13.825],[100.5675,13.824],[100.569,13.824],[100.5695,13.8225],[100.568,13.8205],[100.567,13.8215],[100.5645,13.8205],[100.5665,13.818],[100.564,13.8155],[100.565,13.8135],[100.5645,13.8115],[100.5665,13.811],[100.567,13.81],[100.5705,13.8095],[100.5695,13.811],[100.571,13.812],[100.5725,13.81],[100.574,13.8095],[100.574,13.808],[100.573,13.808],[100.5725,13.809],[100.5715,13.808],[100.571,13.809],[100.5695,13.8085],[100.57,13.807],[100.5705,13.8075],[100.572,13.8065],[100.5725,13.805],[100.573,13.8055],[100.574,13.8045],[100.574,13.801],[100.573,13.8005],[100.573,13.8015],[100.5715,13.802],[100.5725,13.803],[100.572,13.806],[100.572,13.805],[100.571,13.805],[100.571,13.8065],[100.5705,13.804],[100.5695,13.806],[100.568,13.806],[100.569,13.8065],[100.5675,13.8065],[100.5665,13.8075],[100.5675,13.808],[100.567,13.8095],[100.566,13.81],[100.564,13.8085],[100.5605,13.8095],[100.5605,13.8085],[100.5595,13.8085],[100.5595,13.8105],[100.559,13.8095],[100.5575,13.8095]],[[100.564,13.818],[100.5645,13.818],[100.5635,13.818],[100.564,13.818]],[[100.563,13.8145],[100.563,13.814],[100.5635,13.814],[100.5635,13.8145],[100.563,13.8145]],[[100.558,13.8125],[100.5585,13.813],[100.558,13.813],[100.558,13.8125]],[[100.563,13.8125]],[[100.563,13.8195],[100.5635,13.8195],[100.563,13.8195]],[[100.5695,13.8315],[100.569,13.8315],[100.5695,13.8315]],[[100.566,13.8225],[100.567,13.822],[100.5665,13.824],[100.568,13.827],[100.567,13.8265],[100.567,13.8255],[100.5635,13.8245],[100.564,13.8235],[100.5645,13.824],[100.5655,13.8215],[100.566,13.8225]],[[100.5665,13.827]],[[100.566,13.8285]],[[100.567,13.8235],[100.5675,13.8235],[100.567,13.8235]],[[100.5685,13.823]],[[100.568,13.8275]],[[100.5725,13.8035],[100.5725,13.804],[100.5725,13.8035]],[[100.5715,13.8095]],[[100.5735,13.8025],[100.5735,13.803],[100.573,13.803],[100.573,13.8025],[100.5735,13.8025]],[[100.5725,13.8335],[100.5725,13.833],[100.573,13.833],[100.5725,13.8335]],[[100.574,13.833]]],[[[100.5605,13.816]]],[[[100.5605,13.816]]],[[[100.5605,13.816]]],[[[100.574,13.8375],[100.573,13.839],[100.574,13.8395],[100.573,13.8425],[100.574,13.843],[100.5745,13.8425],[100.5765,13.844],[100.5765,13.8425],[100.5755,13.842],[100.5765,13.841],[100.577,13.842],[100.577,13.841],[100.578,13.8405],[100.5765,13.8375],[100.578,13.8375],[100.579,13.8365],[100.578,13.836],[100.578,13.835],[100.577,13.835],[100.577,13.836],[100.5765,13.835],[100.576,13.8375],[100.5755,13.836],[100.575,13.837],[100.5755,13.839],[100.574,13.8375]],[[100.5765,13.839]]],[[[100.576,13.8445],[100.5755,13.8455],[100.575,13.845],[100.574,13.846],[100.575,13.847],[100.5765,13.846],[100.5775,13.847],[100.5775,13.846],[100.578,13.8465],[100.5785,13.846],[100.579,13.8475],[100.5785,13.847],[100.578,13.8475],[100.579,13.848],[100.578,13.8495],[100.579,13.8495],[100.579,13.8505],[100.5775,13.85],[100.5765,13.851],[100.5775,13.8515],[100.578,13.853],[100.58,13.853],[100.5795,13.854],[100.581,13.8545],[100.5815,13.856],[100.5825,13.8555],[100.582,13.857],[100.581,13.857],[100.581,13.858],[100.584,13.858],[100.5835,13.8575],[100.5845,13.857],[100.584,13.856],[100.5845,13.8555],[100.584,13.8545],[100.5835,13.857],[100.583,13.855],[100.585,13.854],[100.5865,13.8585],[100.585,13.859],[100.5845,13.8585],[100.5835,13.86],[100.5855,13.8605],[100.5865,13.8595],[100.587,13.86],[100.5865,13.861],[100.5885,13.861],[100.587,13.859],[100.5875,13.8555],[100.586,13.855],[100.5865,13.8535],[100.584,13.8535],[100.584,13.8525],[100.585,13.853],[100.586,13.851],[100.584,13.8515],[100.583,13.8505],[100.5845,13.849],[100.581,13.848],[100.5815,13.847],[100.5795,13.846],[100.578,13.8435],[100.5765,13.845],[100.576,13.8445]],[[100.5815,13.854],[100.581,13.8535],[100.5815,13.8535],[100.5815,13.854]],[[100.579,13.8485]],[[100.579,13.8515],[100.5795,13.8515],[100.579,13.8515]],[[100.5865,13.859]],[[100.5815,13.8515],[100.5805,13.8525],[100.5805,13.8515],[100.5795,13.851],[100.5795,13.85],[100.5805,13.8495],[100.58,13.8485],[100.5815,13.848],[100.5835,13.853],[100.5815,13.853],[100.5815,13.8515]],[[100.5825,13.8535]]],[[[100.574,13.8095],[100.5755,13.81],[100.5755,13.808],[100.577,13.808],[100.576,13.807],[100.577,13.807],[100.5775,13.8045],[100.5785,13.8035],[100.5775,13.8025],[100.5765,13.804],[100.577,13.803],[100.576,13.8025],[100.5755,13.801],[100.575,13.8035],[100.5755,13.8045],[100.5765,13.804],[100.5765,13.8045],[100.5755,13.806],[100.5755,13.808],[100.5745,13.8085],[100.574,13.808],[100.574,13.8095]],[[100.576,13.807]]],[[[100.5765,13.7995],[100.577,13.7995],[100.577,13.799],[100.5765,13.7995]]],[[[100.577,13.799],[100.5765,13.798],[100.576,13.7985],[100.577,13.799]]],[[[100.575,13.796],[100.576,13.794],[100.578,13.793],[100.578,13.792],[100.5765,13.792],[100.577,13.79],[100.578,13.791],[100.5795,13.7895],[100.578,13.789],[100.578,13.7875],[100.5765,13.7855],[100.575,13.7865],[100.5745,13.786],[100.575,13.7855],[100.5745,13.783],[100.5765,13.782],[100.576,13.781],[100.578,13.781],[100.577,13.779],[100.5785,13.7785],[100.579,13.7775],[100.578,13.778],[100.576,13.7755],[100.5755,13.777],[100.5745,13.777],[100.5765,13.7785],[100.5755,13.779],[100.575,13.781],[100.5735,13.7815],[100.573,13.78],[100.572,13.78],[100.5725,13.7795],[100.571,13.781],[100.571,13.782],[100.5735,13.7825],[100.573,13.7845],[100.572,13.785],[100.573,13.7855],[100.5715,13.7865],[100.5725,13.787],[100.5725,13.788],[100.5705,13.7875],[100.5705,13.7885],[100.5685,13.7895],[100.5705,13.7915],[100.5715,13.791],[100.5715,13.79],[100.5735,13.791],[100.5715,13.7895],[100.5725,13.789],[100.5735,13.7895],[100.574,13.786],[100.577,13.7895],[100.5755,13.7905],[100.576,13.792],[100.5745,13.7935],[100.5735,13.792],[100.572,13.7955],[100.5705,13.796],[100.571,13.797],[100.57,13.7975],[100.5715,13.8],[100.573,13.8],[100.5735,13.796],[100.575,13.796]],[[100.5725,13.7885],[100.572,13.7885],[100.5725,13.7885]],[[100.572,13.7815]],[[100.572,13.797],[100.572,13.7965],[100.5715,13.7965],[100.572,13.7965],[100.572,13.797]],[[100.572,13.7985],[100.572,13.799],[100.5715,13.799],[100.572,13.7985]],[[100.574,13.795],[100.5735,13.795],[100.574,13.7945],[100.574,13.795]],[[100.576,13.7805],[100.5765,13.7805],[100.576,13.7805]],[[100.5755,13.78]],[[100.5765,13.778],[100.5765,13.7775],[100.5765,13.778]],[[100.576,13.7925],[100.576,13.793],[100.5755,13.7925],[100.576,13.7925]],[[100.5755,13.787],[100.576,13.787],[100.5765,13.7865],[100.5765,13.787],[100.5755,13.787]]],[[[100.574,13.776],[100.5755,13.7755],[100.576,13.774],[100.574,13.774],[100.5735,13.7725],[100.572,13.775],[100.571,13.7745],[100.571,13.7755],[100.569,13.7765],[100.5695,13.778],[100.568,13.7785],[100.569,13.7785],[100.5695,13.78],[100.5705,13.7795],[100.571,13.7805],[100.572,13.7795],[100.571,13.7775],[100.572,13.7775],[100.5725,13.776],[100.573,13.7765],[100.573,13.775],[100.574,13.776]],[[100.572,13.7765]]],[[[100.5735,13.7915],[100.5735,13.792],[100.5735,13.7915]]],[[[100.5745,13.7815]]],[[[100.5745,13.7815]]],[[[100.575,13.779]]],[[[100.5685,13.8285]]],[[[100.5845,13.8565]]],[[[100.5625,13.7095],[100.562,13.7105],[100.5635,13.712],[100.5645,13.711],[100.5655,13.7115],[100.5675,13.7095],[100.566,13.7085],[100.5675,13.7085],[100.568,13.7075],[100.567,13.7065],[100.5645,13.707],[100.564,13.7065],[100.564,13.708],[100.565,13.7075],[100.5655,13.709],[100.5625,13.7095]],[[100.5655,13.71]]],[[[100.5645,13.8555],[100.564,13.857],[100.566,13.8615],[100.564,13.862],[100.5655,13.8625],[100.565,13.863],[100.5655,13.864],[100.5675,13.8635],[100.568,13.8645],[100.5685,13.864],[100.568,13.8635],[100.57,13.865],[100.5655,13.8555],[100.5645,13.8555]],[[100.568,13.863],[100.5675,13.862],[100.567,13.8625],[100.5665,13.862],[100.567,13.8615],[100.566,13.8605],[100.567,13.86],[100.5655,13.8585],[100.566,13.858],[100.5685,13.8615],[100.568,13.863]]],[[[100.5735,13.755],[100.5725,13.7555],[100.573,13.7565],[100.574,13.756],[100.5745,13.7575],[100.576,13.7575],[100.576,13.7585],[100.5775,13.759],[100.578,13.758],[100.5775,13.7575],[100.5785,13.7575],[100.5775,13.76],[100.5785,13.7605],[100.579,13.7585],[100.581,13.758],[100.58,13.7565],[100.581,13.7555],[100.583,13.7565],[100.583,13.7555],[100.584,13.755],[100.58,13.754],[100.581,13.754],[100.58,13.7535],[100.5805,13.7525],[100.579,13.7525],[100.579,13.754],[100.578,13.754],[100.5805,13.7545],[100.581,13.7555],[100.5795,13.7555],[100.579,13.7575],[100.578,13.756],[100.5765,13.757],[100.5765,13.756],[100.5755,13.756],[100.5755,13.755],[100.577,13.755],[100.5765,13.754],[100.5755,13.7545],[100.575,13.7535],[100.5735,13.755]],[[100.5755,13.7565]]],[[[100.587,13.8945],[100.5855,13.895],[100.5875,13.897],[100.5865,13.8975],[100.5855,13.896],[100.586,13.8975],[100.5845,13.898],[100.5855,13.8985],[100.5845,13.9],[100.5885,13.902],[100.5875,13.9025],[100.5875,13.9035],[100.5905,13.9025],[100.5905,13.9035],[100.5915,13.904],[100.5905,13.901],[100.589,13.902],[100.587,13.8995],[100.5875,13.899],[100.587,13.8975],[100.588,13.8965],[100.5885,13.897],[100.587,13.8945]],[[100.5875,13.901]]],[[[100.588,13.619],[100.5875,13.62],[100.5865,13.62],[100.586,13.622],[100.589,13.621],[100.588,13.6205],[100.5885,13.6195],[100.588,13.619]]],[[[100.5885,13.6215],[100.586,13.622],[100.586,13.623],[100.588,13.6235],[100.5885,13.6215]]],[[[100.589,13.624],[100.589,13.6235],[100.5885,13.627],[100.5895,13.6255],[100.591,13.626],[100.5915,13.6245],[100.593,13.625],[100.594,13.623],[100.593,13.6225],[100.59,13.6235],[100.5895,13.6245],[100.589,13.624]]],[[[100.591,13.6205],[100.5935,13.621],[100.594,13.6205],[100.5915,13.6195],[100.591,13.6205]]],[[[100.5915,13.6195],[100.5905,13.6195],[100.5905,13.62],[100.5915,13.6195]]],[[[100.589,13.621]]],[[[100.589,13.621]]],[[[100.587,13.673],[100.5855,13.6745],[100.5865,13.6755],[100.5875,13.6755],[100.5875,13.6745],[100.5885,13.675],[100.59,13.674],[100.5895,13.673],[100.5875,13.674],[100.587,13.673]]],[[[100.5885,13.6775],[100.588,13.678],[100.5885,13.6785],[100.5905,13.6785],[100.592,13.677],[100.5925,13.6755],[100.591,13.6755],[100.591,13.6735],[100.5885,13.675],[100.5895,13.6765],[100.589,13.677],[100.5895,13.6775],[100.589,13.678],[100.5885,13.6775]]],[[[100.5885,13.675]]],[[[100.5885,13.675]]],[[[100.5885,13.675]]],[[[100.593,13.9145],[100.593,13.9155],[100.594,13.916],[100.5945,13.9155],[100.595,13.9165],[100.596,13.916],[100.5955,13.914],[100.596,13.9125],[100.597,13.913],[100.5955,13.91],[100.594,13.911],[100.595,13.914],[100.593,13.9145]],[[100.5955,13.9135]],[[100.5955,13.915],[100.596,13.9155],[100.5955,13.9155],[100.5955,13.915]]],[[[100.596,13.9165]]],[[[100.596,13.9165]]],[[[100.596,13.9165]]],[[[100.596,13.9165],[100.5965,13.917],[100.596,13.9175],[100.597,13.9175],[100.598,13.919],[100.5975,13.9175],[100.5985,13.917],[100.597,13.916],[100.596,13.9165]]],[[[100.5985,13.917]]],[[[100.5985,13.917]]],[[[100.5985,13.917],[100.599,13.9185],[100.5985,13.919],[100.6005,13.9195],[100.599,13.9165],[100.5985,13.917]]],[[[100.594,13.637],[100.5955,13.64],[100.595,13.6365],[100.596,13.638],[100.596,13.6365],[100.5965,13.637],[100.5975,13.635],[100.5955,13.635],[100.595,13.634],[100.594,13.6345],[100.5945,13.6355],[100.594,13.6365],[100.5945,13.636],[100.595,13.6365],[100.594,13.637]],[[100.595,13.635],[100.595,13.6355],[100.595,13.635]]],[[[100.5945,13.647],[100.594,13.6465],[100.5925,13.6475],[100.593,13.6485],[100.5935,13.648],[100.594,13.6485],[100.5945,13.6475],[100.5955,13.648],[100.5955,13.6465],[100.5945,13.647]]],[[[100.598,13.647],[100.5985,13.647],[100.5985,13.6465],[100.598,13.6465],[100.598,13.647]]],[[[100.595,13.591],[100.5955,13.594],[100.597,13.593],[100.5985,13.595],[100.598,13.596],[100.5965,13.596],[100.597,13.597],[100.596,13.597],[100.596,13.596],[100.5955,13.5965],[100.5965,13.598],[100.596,13.599],[100.5975,13.5995],[100.5995,13.598],[100.599,13.5965],[100.6015,13.5955],[100.6,13.5945],[100.6,13.5935],[100.5985,13.595],[100.5995,13.593],[100.5985,13.5915],[100.5975,13.592],[100.597,13.5905],[100.595,13.591]],[[100.598,13.5965]]],[[[100.596,13.596]]],[[[100.5955,13.607],[100.595,13.608],[100.5955,13.6075],[100.5975,13.608],[100.597,13.6095],[100.6,13.6095],[100.6,13.6085],[100.599,13.6085],[100.5995,13.607],[100.5985,13.6065],[100.599,13.606],[100.5985,13.6055],[100.597,13.6055],[100.596,13.6075],[100.5955,13.607]]],[[[100.6015,13.9955],[100.602,13.992],[100.6035,13.992],[100.603,13.99],[100.602,13.9905],[100.6015,13.9955]]],[[[100.603,13.9895],[100.6035,13.986],[100.6025,13.9855],[100.603,13.9895]]],[[[100.5985,13.66],[100.599,13.6625],[100.5985,13.663],[100.6,13.6635],[100.6,13.661],[100.5995,13.66],[100.5985,13.66]]],[[[100.6035,13.663],[100.603,13.6635],[100.604,13.6635],[100.605,13.665],[100.606,13.664],[100.606,13.662],[100.6075,13.662],[100.6075,13.661],[100.6065,13.661],[100.606,13.66],[100.6055,13.6605],[100.6055,13.6595],[100.605,13.6605],[100.6045,13.66],[100.6025,13.6605],[100.6025,13.6615],[100.6035,13.6605],[100.604,13.6615],[100.605,13.6615],[100.6035,13.663]]],[[[100.6015,13.658],[100.603,13.659],[100.604,13.6575],[100.601,13.657],[100.6005,13.659],[100.6015,13.658]]],[[[100.6045,13.9715],[100.605,13.971],[100.605,13.968],[100.605,13.9685],[100.6045,13.9715]]],[[[100.6055,13.9675],[100.6055,13.967],[100.605,13.967],[100.6055,13.9675]]],[[[100.6055,13.9665],[100.6055,13.966],[100.6055,13.9665]]],[[[100.6055,13.9635],[100.606,13.962],[100.6055,13.9615],[100.6055,13.963],[100.6055,13.9635]]],[[[100.603,13.67],[100.6015,13.67],[100.6015,13.6715],[100.602,13.671],[100.6025,13.6725],[100.603,13.671],[100.604,13.6715],[100.604,13.673],[100.605,13.6735],[100.606,13.673],[100.605,13.671],[100.6045,13.6715],[100.604,13.67],[100.603,13.6705],[100.603,13.67]]],[[[100.6055,13.6705],[100.606,13.673],[100.607,13.673],[100.606,13.67],[100.6055,13.6705]]],[[[100.6045,13.67]]],[[[100.6045,13.751],[100.605,13.7525],[100.604,13.7535],[100.607,13.753],[100.606,13.752],[100.607,13.7515],[100.6065,13.751],[100.6055,13.7515],[100.6045,13.751]]],[[[100.607,13.754],[100.607,13.7545],[100.6085,13.756],[100.6085,13.7555],[100.607,13.754]]],[[[100.609,13.756],[100.607,13.758],[100.6085,13.7585],[100.6085,13.7575],[100.6095,13.7585],[100.61,13.758],[100.6095,13.757],[100.61,13.758],[100.611,13.7575],[100.609,13.756]]],[[[100.6135,13.76],[100.612,13.759],[100.611,13.7605],[100.6135,13.761],[100.613,13.76],[100.6135,13.76]]],[[[100.6135,13.76],[100.6155,13.7615],[100.615,13.762],[100.6155,13.763],[100.6145,13.7635],[100.616,13.764],[100.6165,13.763],[100.617,13.7645],[100.618,13.7645],[100.6185,13.763],[100.6175,13.763],[100.6175,13.762],[100.616,13.762],[100.6135,13.76]]],[[[100.6185,13.762],[100.62,13.763],[100.622,13.7625],[100.6185,13.762]]],[[[100.623,13.7635],[100.6235,13.767],[100.6245,13.766],[100.6255,13.7625],[100.6245,13.7625],[100.6245,13.764],[100.623,13.7635]]],[[[100.6265,13.763],[100.63,13.7635],[100.6295,13.765],[100.63,13.7655],[100.6305,13.7635],[100.6325,13.764],[100.6325,13.763],[100.6265,13.762],[100.627,13.7625],[100.6265,13.763]]],[[[100.6365,13.764],[100.636,13.765],[100.637,13.7655],[100.6375,13.7645],[100.637,13.7655],[100.638,13.7655],[100.638,13.7645],[100.642,13.765],[100.6425,13.764],[100.636,13.7635],[100.6365,13.764]]],[[[100.6445,13.765],[100.6445,13.7665],[100.6455,13.7665],[100.6455,13.768],[100.6465,13.7685],[100.647,13.77],[100.648,13.77],[100.6485,13.7685],[100.6495,13.7685],[100.649,13.77],[100.6505,13.769],[100.653,13.7705],[100.652,13.7685],[100.6525,13.7685],[100.6505,13.7685],[100.6505,13.7675],[100.649,13.766],[100.648,13.7675],[100.6465,13.766],[100.6475,13.7655],[100.6445,13.765]]],[[[100.655,13.7705],[100.6555,13.7715],[100.6545,13.772],[100.654,13.7715],[100.6535,13.7735],[100.654,13.774],[100.656,13.7735],[100.6555,13.7725],[100.656,13.7715],[100.655,13.7705]]],[[[100.658,13.772],[100.6605,13.7735],[100.661,13.773],[100.6585,13.7715],[100.658,13.772]]],[[[100.657,13.7705],[100.6565,13.7705],[100.6545,13.769],[100.655,13.7695],[100.657,13.7705]]],[[[100.6535,13.767],[100.656,13.767],[100.656,13.766],[100.65,13.763],[100.6495,13.761],[100.6475,13.7625],[100.644,13.7625],[100.645,13.7645],[100.6425,13.764],[100.647,13.7645],[100.646,13.7645],[100.6465,13.7635],[100.6475,13.7645],[100.6485,13.7635],[100.6485,13.7645],[100.6495,13.765],[100.6505,13.764],[100.651,13.766],[100.649,13.765],[100.65,13.766],[100.649,13.766],[100.6515,13.7665],[100.6525,13.765],[100.6525,13.767],[100.6535,13.7655],[100.654,13.766],[100.6535,13.767]]],[[[100.626,13.762],[100.628,13.7605],[100.627,13.7595],[100.6265,13.76],[100.6235,13.7595],[100.624,13.759],[100.623,13.758],[100.6225,13.759],[100.62,13.7585],[100.6205,13.7595],[100.619,13.7605],[100.6205,13.7615],[100.622,13.7605],[100.622,13.7615],[100.623,13.7615],[100.6245,13.76],[100.6255,13.761],[100.6245,13.762],[100.626,13.762]],[[100.622,13.7595],[100.6225,13.7595],[100.6215,13.7595],[100.622,13.7595]]],[[[100.619,13.759],[100.6195,13.758],[100.619,13.7575],[100.618,13.757],[100.617,13.7575],[100.6175,13.7585],[100.615,13.7555],[100.614,13.7555],[100.6155,13.7545],[100.615,13.754],[100.614,13.754],[100.6135,13.755],[100.6115,13.753],[100.609,13.755],[100.6105,13.755],[100.61,13.756],[100.6105,13.7565],[100.612,13.7545],[100.6125,13.755],[100.6115,13.7555],[100.612,13.756],[100.6135,13.7555],[100.614,13.756],[100.613,13.7575],[100.612,13.7575],[100.6125,13.758],[100.614,13.7565],[100.615,13.7575],[100.6145,13.758],[100.6155,13.758],[100.615,13.7585],[100.6155,13.7595],[100.6165,13.759],[100.616,13.761],[100.618,13.761],[100.6185,13.76],[100.618,13.7595],[100.619,13.759]],[[100.6155,13.758]]],[[[100.649,13.765]]],[[[100.606,13.574],[100.6055,13.575],[100.6065,13.577],[100.6085,13.5765],[100.607,13.578],[100.6075,13.579],[100.6065,13.579],[100.607,13.5805],[100.608,13.581],[100.6085,13.58],[100.608,13.5785],[100.6095,13.5785],[100.61,13.578],[100.609,13.577],[100.6105,13.577],[100.611,13.576],[100.61,13.575],[100.6095,13.576],[100.6085,13.5745],[100.607,13.575],[100.606,13.574]]],[[[100.6065,13.579]]],[[[100.6065,13.579]]],[[[100.6065,13.579]]],[[[100.6065,13.579]]],[[[100.621,13.8615],[100.621,13.8625],[100.622,13.863],[100.6215,13.862],[100.622,13.861],[100.6225,13.862],[100.623,13.8615],[100.6235,13.862],[100.624,13.861],[100.6245,13.863],[100.6255,13.862],[100.6265,13.8625],[100.6265,13.8615],[100.627,13.8625],[100.6275,13.8615],[100.629,13.8615],[100.629,13.8605],[100.63,13.8605],[100.63,13.8585],[100.629,13.858],[100.631,13.8575],[100.6315,13.858],[100.632,13.856],[100.628,13.858],[100.629,13.859],[100.628,13.8595],[100.6275,13.859],[100.627,13.8605],[100.625,13.861],[100.6235,13.86],[100.6235,13.859],[100.623,13.8595],[100.6225,13.8575],[100.622,13.86],[100.621,13.86],[100.621,13.861],[100.6195,13.8615],[100.62,13.862],[100.621,13.8615]]],[[[100.6325,13.8565],[100.6345,13.8565],[100.6355,13.854],[100.637,13.8535],[100.637,13.8525],[100.6315,13.851],[100.631,13.8515],[100.6315,13.853],[100.631,13.8535],[100.63,13.853],[100.6295,13.854],[100.6305,13.8545],[100.6295,13.855],[100.63,13.856],[100.629,13.856],[100.629,13.855],[100.628,13.8555],[100.628,13.8565],[100.6235,13.854],[100.623,13.855],[100.6235,13.856],[100.6225,13.8555],[100.622,13.857],[100.6235,13.857],[100.6235,13.859],[100.6245,13.858],[100.6245,13.8565],[100.627,13.8575],[100.63,13.856],[100.6305,13.855],[100.632,13.855],[100.6325,13.854],[100.6345,13.854],[100.6335,13.856],[100.6325,13.8555],[100.633,13.856],[100.6325,13.8565]],[[100.635,13.853]],[[100.635,13.852],[100.6345,13.8525],[100.634,13.8525],[100.635,13.852]],[[100.631,13.855]]],[[[100.6165,13.863],[100.613,13.8655],[100.6145,13.865],[100.614,13.8655],[100.6145,13.866],[100.617,13.8655],[100.6185,13.8665],[100.6195,13.866],[100.62,13.8675],[100.6215,13.8675],[100.6215,13.8655],[100.6205,13.8655],[100.6215,13.865],[100.621,13.863],[100.62,13.8635],[100.6205,13.864],[100.6195,13.864],[100.62,13.8645],[100.6195,13.865],[100.619,13.8645],[100.618,13.865],[100.6185,13.865],[100.618,13.864],[100.617,13.8645],[100.6165,13.863]],[[100.6165,13.865],[100.616,13.865],[100.6165,13.865]],[[100.6185,13.8655]],[[100.6205,13.864]]],[[[100.6155,13.907],[100.6145,13.906],[100.6135,13.9105],[100.616,13.91],[100.6165,13.9105],[100.616,13.911],[100.617,13.911],[100.616,13.9085],[100.619,13.9095],[100.6195,13.909],[100.62,13.91],[100.619,13.9105],[100.6195,13.9115],[100.619,13.9125],[100.618,13.9125],[100.6185,13.9135],[100.621,13.9125],[100.6205,13.911],[100.622,13.9105],[100.621,13.91],[100.622,13.9095],[100.6215,13.9085],[100.6205,13.9085],[100.6195,13.907],[100.6165,13.9085],[100.6155,13.907]],[[100.619,13.9085],[100.619,13.908],[100.6195,13.9085],[100.619,13.9085]],[[100.6195,13.912],[100.62,13.912],[100.6195,13.912]]],[[[100.6175,13.912],[100.618,13.912],[100.6175,13.9115],[100.6175,13.912]]],[[[100.617,13.909]]],[[[100.6265,13.7735],[100.625,13.775],[100.6255,13.7765],[100.6245,13.7775],[100.627,13.778],[100.6275,13.777],[100.6275,13.7795],[100.6305,13.78],[100.6305,13.779],[100.633,13.7765],[100.632,13.776],[100.632,13.774],[100.633,13.774],[100.6345,13.772],[100.6325,13.7725],[100.6325,13.7705],[100.632,13.771],[100.6305,13.771],[100.63,13.77],[100.6285,13.7705],[100.628,13.7735],[100.6285,13.772],[100.6295,13.7725],[100.6295,13.7715],[100.6295,13.7725],[100.632,13.7735],[100.6295,13.7775],[100.6275,13.776],[100.627,13.7765],[100.627,13.775],[100.628,13.7755],[100.628,13.7745],[100.6265,13.7735]]],[[[100.628,13.7735]]],[[[100.628,13.7735],[100.6275,13.7735],[100.6275,13.774],[100.628,13.7735]]],[[[100.624,13.9205],[100.623,13.9205],[100.6225,13.922],[100.6235,13.922],[100.6245,13.9235],[100.6215,13.9255],[100.6245,13.927],[100.6235,13.924],[100.6255,13.922],[100.624,13.9205]]],[[[100.626,13.927],[100.624,13.9275],[100.624,13.929],[100.6255,13.9295],[100.6255,13.9305],[100.6285,13.929],[100.6275,13.928],[100.63,13.928],[100.6305,13.9275],[100.63,13.927],[100.631,13.9265],[100.628,13.925],[100.6285,13.925],[100.6285,13.926],[100.6275,13.926],[100.628,13.927],[100.627,13.927],[100.627,13.928],[100.626,13.927]],[[100.6245,13.928],[100.625,13.928],[100.625,13.9285],[100.6245,13.9285],[100.6245,13.928]],[[100.6295,13.927],[100.629,13.927],[100.6295,13.927]]],[[[100.628,13.925]]],[[[100.6265,13.925],[100.6265,13.9245],[100.628,13.925],[100.627,13.9235],[100.6275,13.9225],[100.6255,13.9225],[100.6265,13.925]],[[100.6255,13.9235]]],[[[100.638,13.956],[100.636,13.957],[100.6365,13.9585],[100.6375,13.958],[100.6365,13.959],[100.638,13.9585],[100.638,13.96],[100.639,13.96],[100.64,13.959],[100.64,13.9575],[100.639,13.958],[100.6395,13.9575],[100.638,13.956]],[[100.639,13.9595],[100.639,13.959],[100.639,13.9595]]],[[[100.633,13.96],[100.631,13.9625],[100.6335,13.961],[100.633,13.96]]],[[[100.635,13.9605],[100.6355,13.961],[100.6365,13.9605],[100.6355,13.9625],[100.6365,13.962],[100.638,13.9625],[100.6375,13.96],[100.637,13.9605],[100.6365,13.9595],[100.635,13.9605]]],[[[100.6435,13.735],[100.643,13.7365],[100.641,13.7355],[100.641,13.7385],[100.642,13.7405],[100.643,13.7395],[100.646,13.7425],[100.6475,13.743],[100.646,13.7405],[100.6495,13.74],[100.6495,13.739],[100.6485,13.739],[100.65,13.738],[100.648,13.7375],[100.647,13.738],[100.6475,13.739],[100.6455,13.7405],[100.645,13.7395],[100.644,13.74],[100.6425,13.7385],[100.644,13.737],[100.645,13.7375],[100.6435,13.735]]],[[[100.645,13.7375]]],[[[100.645,13.7375]]],[[[100.645,13.7375]]],[[[100.645,13.7375]]],[[[100.6475,13.843],[100.648,13.8435],[100.6465,13.8435],[100.646,13.8445],[100.645,13.844],[100.6455,13.8455],[100.647,13.845],[100.6465,13.846],[100.647,13.8465],[100.6455,13.8465],[100.6455,13.8475],[100.644,13.848],[100.6425,13.8475],[100.642,13.8485],[100.643,13.849],[100.6445,13.848],[100.6455,13.849],[100.648,13.847],[100.649,13.85],[100.65,13.849],[100.6495,13.848],[100.651,13.8475],[100.6495,13.8465],[100.649,13.8475],[100.648,13.847],[100.6475,13.845],[100.6485,13.8445],[100.65,13.845],[100.6495,13.8445],[100.6505,13.8435],[100.651,13.844],[100.6505,13.8445],[100.652,13.844],[100.6525,13.8445],[100.6515,13.8455],[100.652,13.846],[100.653,13.8455],[100.6535,13.8465],[100.655,13.8435],[100.6585,13.8445],[100.659,13.8435],[100.6575,13.8425],[100.659,13.843],[100.6595,13.8425],[100.657,13.8425],[100.657,13.841],[100.654,13.8425],[100.6495,13.842],[100.649,13.8425],[100.6505,13.843],[100.65,13.8435],[100.6475,13.843]],[[100.649,13.8445],[100.6495,13.845],[100.649,13.8445]],[[100.653,13.843],[100.6515,13.843],[100.653,13.843]],[[100.654,13.844]],[[100.657,13.8425],[100.657,13.843],[100.656,13.8425],[100.657,13.8425]]],[[[100.6395,13.851],[100.6385,13.852],[100.639,13.8525],[100.642,13.8495],[100.6395,13.851]]],[[[100.641,13.851],[100.641,13.854],[100.642,13.853],[100.645,13.853],[100.645,13.8505],[100.6425,13.8505],[100.6425,13.852],[100.641,13.851]]],[[[100.6455,13.85],[100.6485,13.8505],[100.647,13.8495],[100.645,13.8495],[100.6455,13.85]]],[[[100.6605,13.84],[100.6625,13.842],[100.663,13.841],[100.6625,13.8395],[100.664,13.84],[100.6635,13.839],[100.664,13.8375],[100.6625,13.838],[100.662,13.837],[100.6605,13.839],[100.6615,13.8395],[100.6605,13.84]]],[[[100.6455,13.9315],[100.645,13.9315],[100.645,13.932],[100.6455,13.932],[100.6455,13.9315]]],[[[100.6435,13.932]]],[[[100.6435,13.932],[100.6415,13.9335],[100.6415,13.9345],[100.6435,13.933],[100.643,13.9325],[100.6435,13.932]]],[[[100.644,13.933],[100.645,13.9335],[100.6455,13.933],[100.645,13.9335],[100.644,13.933]]],[[[100.646,13.933],[100.649,13.9335],[100.6515,13.9325],[100.648,13.932],[100.6485,13.9325],[100.646,13.933]]],[[[100.667,13.7715],[100.666,13.7715],[100.6645,13.7745],[100.6655,13.775],[100.667,13.7715]]],[[[100.6645,13.774],[100.6635,13.7735],[100.664,13.773],[100.6635,13.7725],[100.662,13.774],[100.6635,13.775],[100.6645,13.774]]],[[[100.666,13.7765],[100.669,13.7785],[100.6695,13.7775],[100.666,13.7765]]],[[[100.6695,13.7785],[100.669,13.7795],[100.6675,13.779],[100.667,13.7795],[100.6685,13.781],[100.6685,13.783],[100.6695,13.7815],[100.6705,13.782],[100.67,13.783],[100.671,13.7835],[100.671,13.7825],[100.6715,13.783],[100.6715,13.784],[100.6725,13.783],[100.673,13.7835],[100.672,13.785],[100.6735,13.7845],[100.677,13.788],[100.6775,13.7855],[100.678,13.7865],[100.6785,13.786],[100.679,13.787],[100.68,13.787],[100.68,13.786],[100.6785,13.7845],[100.6775,13.7855],[100.6775,13.7845],[100.6765,13.784],[100.677,13.785],[100.6755,13.7855],[100.675,13.782],[100.6735,13.7835],[100.6725,13.783],[100.6735,13.7815],[100.673,13.782],[100.672,13.781],[100.6725,13.78],[100.6715,13.7795],[100.671,13.781],[100.67,13.7815],[100.6705,13.779],[100.6695,13.7785]]],[[[100.6825,13.786],[100.6865,13.788],[100.6855,13.789],[100.6865,13.7905],[100.686,13.792],[100.6875,13.7905],[100.688,13.792],[100.6895,13.792],[100.689,13.7905],[100.6875,13.79],[100.687,13.788],[100.6875,13.7875],[100.69,13.7885],[100.683,13.785],[100.6825,13.786]]],[[[100.6955,13.795],[100.695,13.7955],[100.6965,13.7975],[100.697,13.797],[100.6965,13.795],[100.6955,13.795]]],[[[100.697,13.7935],[100.7005,13.795],[100.6975,13.793],[100.697,13.7935]]],[[[100.6975,13.792],[100.6995,13.7915],[100.6995,13.7905],[100.6965,13.7885],[100.695,13.789],[100.6955,13.7895],[100.695,13.79],[100.6955,13.7905],[100.6965,13.79],[100.6975,13.792]]],[[[100.695,13.7915],[100.694,13.7905],[100.6915,13.7895],[100.6935,13.791],[100.695,13.7915]]],[[[100.691,13.789],[100.693,13.7875],[100.6905,13.786],[100.6905,13.787],[100.6915,13.7875],[100.6905,13.789],[100.691,13.789]]],[[[100.679,13.783],[100.679,13.7825],[100.6765,13.7815],[100.677,13.7815],[100.679,13.783]]],[[[100.6765,13.781],[100.678,13.7795],[100.6755,13.778],[100.675,13.7765],[100.672,13.776],[100.6715,13.775],[100.6705,13.7755],[100.6715,13.7785],[100.672,13.7775],[100.673,13.7775],[100.6735,13.7795],[100.674,13.779],[100.675,13.7795],[100.676,13.7785],[100.6755,13.7795],[100.6765,13.78],[100.676,13.781],[100.6765,13.7805],[100.6765,13.781]]],[[[100.6715,13.7785]]],[[[100.6715,13.7785]]],[[[100.6715,13.7785]]],[[[100.6715,13.7785]]],[[[100.6735,13.7795]]],[[[100.6655,13.8355],[100.664,13.8375],[100.668,13.8365],[100.669,13.837],[100.669,13.838],[100.67,13.8375],[100.6695,13.8365],[100.672,13.8375],[100.6715,13.836],[100.672,13.835],[100.6705,13.832],[100.672,13.83],[100.669,13.832],[100.67,13.8325],[100.6695,13.8335],[100.67,13.8355],[100.669,13.836],[100.6675,13.835],[100.667,13.8355],[100.6675,13.836],[100.6655,13.8355]],[[100.6655,13.8365]],[[100.6705,13.8335],[100.671,13.8335],[100.6705,13.8335]]],[[[100.6785,13.8235],[100.6775,13.8235],[100.6785,13.8235]]],[[[100.6765,13.824],[100.6755,13.8235],[100.676,13.825],[100.6765,13.824]]],[[[100.676,13.8255]]],[[[100.676,13.8255],[100.675,13.826],[100.6745,13.828],[100.675,13.8285],[100.676,13.828],[100.6755,13.8275],[100.6785,13.8275],[100.68,13.829],[100.6815,13.8265],[100.68,13.8245],[100.6785,13.8245],[100.6805,13.8265],[100.6795,13.8275],[100.6785,13.8265],[100.6765,13.827],[100.6775,13.8265],[100.676,13.8255]]],[[[100.68,13.8245]]],[[[100.692,13.7325],[100.6875,13.733],[100.686,13.734],[100.6885,13.735],[100.688,13.7345],[100.6885,13.7335],[100.692,13.7325]]],[[[100.6885,13.735],[100.6905,13.7355],[100.6915,13.735],[100.691,13.736],[100.6935,13.7365],[100.693,13.7355],[100.6935,13.734],[100.696,13.733],[100.695,13.733],[100.695,13.732],[100.692,13.7325],[100.693,13.733],[100.692,13.7345],[100.6915,13.734],[100.6885,13.735]],[[100.6925,13.7345],[100.6925,13.735],[100.6925,13.7345]],[[100.6915,13.7345]]],[[[100.7,13.7955],[100.6995,13.796],[100.7005,13.7975],[100.7,13.7985],[100.7015,13.7975],[100.7035,13.798],[100.702,13.797],[100.7015,13.7955],[100.7,13.7955]]],[[[100.705,13.7985],[100.7035,13.8],[100.7065,13.801],[100.707,13.8],[100.7085,13.8],[100.7065,13.798],[100.705,13.7985]],[[100.7055,13.7995]],[[100.706,13.8005],[100.7065,13.8],[100.7065,13.8005],[100.706,13.8005]]],[[[100.724,13.8085],[100.725,13.809],[100.7245,13.8105],[100.723,13.81],[100.722,13.812],[100.722,13.8105],[100.72,13.8125],[100.721,13.8135],[100.7225,13.813],[100.722,13.8145],[100.723,13.8145],[100.7235,13.813],[100.726,13.813],[100.7225,13.8125],[100.7245,13.812],[100.7265,13.81],[100.727,13.8115],[100.7275,13.8105],[100.727,13.8105],[100.7285,13.8095],[100.73,13.8105],[100.7305,13.8095],[100.731,13.81],[100.7315,13.8095],[100.73,13.808],[100.7285,13.8085],[100.728,13.809],[100.729,13.8095],[100.7275,13.81],[100.7245,13.808],[100.724,13.8085]],[[100.729,13.809]],[[100.73,13.809],[100.7295,13.8095],[100.73,13.809]]],[[[100.726,13.813],[100.7275,13.813],[100.7275,13.8145],[100.7285,13.8155],[100.7295,13.815],[100.73,13.8165],[100.7305,13.814],[100.7325,13.8155],[100.735,13.815],[100.7335,13.8125],[100.7315,13.8115],[100.7315,13.8125],[100.733,13.8135],[100.731,13.8145],[100.7305,13.8135],[100.729,13.813],[100.726,13.813]],[[100.729,13.8145],[100.7295,13.814],[100.7295,13.8145],[100.729,13.8145]],[[100.733,13.8135],[100.734,13.814],[100.733,13.814],[100.733,13.8135]]],[[[100.7265,13.81]]],[[[100.7265,13.81]]],[[[100.7265,13.81]]],[[[100.7,13.8125],[100.6995,13.8135],[100.7015,13.8145],[100.7015,13.817],[100.7035,13.816],[100.704,13.8145],[100.703,13.815],[100.703,13.814],[100.7,13.8125]]],[[[100.686,13.8175],[100.6855,13.8185],[100.6865,13.819],[100.687,13.818],[100.6865,13.8185],[100.686,13.8175]]],[[[100.7535,13.686],[100.753,13.6855],[100.7495,13.6865],[100.7525,13.6865],[100.753,13.6895],[100.75,13.6915],[100.754,13.6905],[100.753,13.6865],[100.7535,13.686]]],[[[100.747,13.6875],[100.745,13.688],[100.7465,13.6915],[100.7475,13.692],[100.7465,13.688],[100.747,13.6875]]],[[[100.7475,13.692]]],[[[100.7475,13.692]]],[[[100.754,13.691],[100.753,13.691],[100.753,13.692],[100.749,13.693],[100.7495,13.6935],[100.7535,13.692],[100.754,13.6925],[100.7535,13.6945],[100.7545,13.695],[100.755,13.6935],[100.754,13.691]]],[[[100.7485,13.6935],[100.747,13.6925],[100.7475,13.6945],[100.749,13.696],[100.748,13.6935],[100.7485,13.6935]]],[[[100.7465,13.724],[100.745,13.726],[100.746,13.727],[100.7465,13.726],[100.7475,13.7265],[100.748,13.7275],[100.748,13.726],[100.7495,13.726],[100.747,13.724],[100.747,13.725],[100.7465,13.724]]],[[[100.7455,13.7285],[100.743,13.7285],[100.7425,13.729],[100.743,13.729],[100.7455,13.729],[100.745,13.729],[100.7455,13.7285]]],[[[100.7455,13.729]]],[[[100.7515,13.7295],[100.754,13.7295],[100.7535,13.728],[100.7515,13.7275],[100.7515,13.7295]]],[[[100.751,13.728]]],[[[100.75,13.7275],[100.7495,13.7275],[100.748,13.7275],[100.75,13.7275]]],[[[100.411,13.7115]]],[[[100.4215,13.7105]]],[[[100.4615,13.7335],[100.461,13.7335],[100.4615,13.7335]]],[[[100.489,13.7645]]],[[[100.4985,13.7615],[100.498,13.7615],[100.4985,13.7615]]],[[[100.4925,13.7395],[100.4925,13.74],[100.4925,13.7395]]],[[[100.493,13.7445],[100.4935,13.745],[100.494,13.745],[100.493,13.7445]]],[[[100.5055,13.721]]],[[[100.5045,13.746]]],[[[100.511,13.7285],[100.51,13.7285],[100.511,13.7285]]],[[[100.511,13.798]]],[[[100.52,13.861]]],[[[100.518,13.7535]]],[[[100.5205,13.806]]],[[[100.529,13.7485],[100.529,13.749],[100.5295,13.7485],[100.529,13.7485]]],[[[100.535,13.7565],[100.534,13.7565],[100.535,13.757],[100.535,13.7565]]],[[[100.5365,13.744]]],[[[100.534,13.73],[100.534,13.7305],[100.534,13.73]]],[[[100.5545,13.743]]],[[[100.55,13.7965]]],[[[100.561,13.7485],[100.561,13.749],[100.561,13.7485]]],[[[100.5615,13.7485],[100.562,13.7485],[100.5615,13.7485]]],[[[100.5545,13.75]]],[[[100.565,13.748],[100.5655,13.748],[100.565,13.748]]],[[[100.5655,13.7475]]],[[[100.56,13.815]]],[[[100.5745,13.806]]],[[[100.583,13.885]]],[[[100.5825,13.883],[100.5825,13.8825],[100.5825,13.883]]],[[[100.6005,13.7425]]],[[[100.6005,13.705],[100.6005,13.7045],[100.6005,13.705]]],[[[100.602,13.7045],[100.6025,13.7045],[100.602,13.7045]]]]}},{"type":"Feature","properties":{"class":"10-15","speed_kmh":3.6},"geometry":{"type":"MultiPolygon","coordinates":[[[[100.382,13.6845],[100.3815,13.6855],[100.38,13.6855],[100.3805,13.6865],[100.3785,13.6865],[100.3785,13.6875],[100.3785,13.687],[100.377,13.6875],[100.3785,13.689],[100.378,13.69],[100.3795,13.6905],[100.379,13.691],[100.3805,13.6905],[100.381,13.6915],[100.3815,13.69],[100.3805,13.69],[100.3795,13.688],[100.382,13.6875],[100.382,13.6865],[100.3835,13.688],[100.3825,13.691],[100.382,13.69],[100.3825,13.6915],[100.3845,13.688],[100.3855,13.688],[100.383,13.686],[100.383,13.684],[100.382,13.6845]],[[100.3795,13.688],[100.3795,13.6875],[100.3795,13.688]],[[100.384,13.688]],[[100.3805,13.6865]],[[100.381,13.6865]],[[100.3825,13.6855],[100.382,13.685],[100.3825,13.6855]],[[100.3795,13.6885],[100.379,13.689],[100.3795,13.6885]],[[100.379,13.6895]]],[[[100.379,13.691],[100.378,13.6905],[100.377,13.6915],[100.3775,13.6905],[100.377,13.69],[100.376,13.691],[100.3755,13.6905],[100.374,13.691],[100.3755,13.692],[100.376,13.695],[100.3775,13.6935],[100.3765,13.6955],[100.377,13.697],[100.378,13.696],[100.377,13.698],[100.378,13.699],[100.381,13.6975],[100.3825,13.698],[100.3825,13.697],[100.384,13.6975],[100.3835,13.6965],[100.384,13.6955],[100.386,13.696],[100.3855,13.695],[100.3865,13.6955],[100.3865,13.697],[100.387,13.696],[100.3875,13.698],[100.3885,13.698],[100.3875,13.699],[100.3895,13.6995],[100.3895,13.698],[100.388,13.696],[100.39,13.695],[100.385,13.6925],[100.3845,13.693],[100.3855,13.693],[100.3855,13.694],[100.3835,13.695],[100.3825,13.6945],[100.382,13.696],[100.382,13.694],[100.3815,13.696],[100.381,13.6955],[100.38,13.6965],[100.3795,13.696],[100.379,13.697],[100.38,13.6935],[100.3795,13.693],[100.3785,13.694],[100.378,13.6925],[100.3765,13.6925],[100.379,13.691]],[[100.387,13.695],[100.386,13.6945],[100.387,13.6945],[100.387,13.695]],[[100.387,13.694],[100.3865,13.6935],[100.387,13.694]],[[100.385,13.695],[100.3845,13.695],[100.385,13.695]],[[100.3805,13.697],[100.38,13.697],[100.3805,13.697]],[[100.382,13.6965],[100.3815,13.697],[100.382,13.6965]],[[100.381,13.6965]],[[100.379,13.6975]]],[[[100.391,13.6985],[100.391,13.6995],[100.3915,13.6995],[100.391,13.6985]]],[[[100.391,13.7],[100.39,13.701],[100.391,13.7015],[100.3905,13.7025],[100.3915,13.7035],[100.392,13.7005],[100.393,13.7],[100.394,13.7005],[100.3955,13.6995],[100.3925,13.6985],[100.393,13.6995],[100.3915,13.7005],[100.391,13.7]]],[[[100.3965,13.697],[100.4015,13.699],[100.404,13.697],[100.405,13.6975],[100.406,13.6955],[100.4045,13.694],[100.4035,13.696],[100.4025,13.6955],[100.401,13.696],[100.4005,13.698],[100.397,13.6965],[100.3965,13.697]],[[100.403,13.697]],[[100.4035,13.6965],[100.4035,13.696],[100.4035,13.6965]]],[[[100.3935,13.6955],[100.3915,13.692],[100.391,13.6945],[100.3915,13.694],[100.3935,13.6955]]],[[[100.3815,13.6885],[100.3815,13.688],[100.3815,13.6885]]],[[[100.382,13.688]]],[[[100.382,13.688]]],[[[100.382,13.688]]],[[[100.382,13.688]]],[[[100.382,13.688]]],[[[100.3815,13.6885]]],[[[100.3815,13.6885]]],[[[100.3815,13.6885]]],[[[100.389,13.697]]],[[[100.406,13.875],[100.404,13.877],[100.4045,13.8785],[100.4035,13.878],[100.4035,13.8795],[100.4045,13.8805],[100.403,13.8805],[100.403,13.8815],[100.402,13.882],[100.4035,13.885],[100.405,13.8845],[100.405,13.887],[100.406,13.886],[100.4065,13.887],[100.404,13.8895],[100.405,13.89],[100.4035,13.8905],[100.4035,13.894],[100.404,13.8935],[100.407,13.894],[100.4075,13.8925],[100.4055,13.892],[100.4055,13.8905],[100.407,13.8895],[100.4075,13.888],[100.4085,13.888],[100.409,13.8865],[100.41,13.887],[100.41,13.888],[100.412,13.886],[100.41,13.885],[100.408,13.886],[100.406,13.8845],[100.4055,13.883],[100.4045,13.884],[100.404,13.8825],[100.4055,13.8805],[100.4055,13.879],[100.407,13.8785],[100.4065,13.878],[100.407,13.877],[100.409,13.877],[100.4085,13.8765],[100.409,13.8755],[100.41,13.8755],[100.4105,13.8775],[100.4125,13.875],[100.4115,13.8745],[100.4105,13.875],[100.4095,13.8725],[100.409,13.8735],[100.408,13.8735],[100.409,13.875],[100.4075,13.876],[100.407,13.875],[100.406,13.875]],[[100.4065,13.8855],[100.4065,13.886],[100.4065,13.8855]],[[100.4055,13.878]],[[100.4045,13.881],[100.404,13.8815],[100.4045,13.881]],[[100.4055,13.884]],[[100.4065,13.888],[100.407,13.888],[100.4065,13.8885],[100.4065,13.888]],[[100.408,13.886],[100.408,13.8865],[100.4075,13.886],[100.408,13.886]],[[100.407,13.888],[100.4075,13.8875],[100.4075,13.888],[100.407,13.888]]],[[[100.4075,13.895],[100.4065,13.8945],[100.407,13.8955],[100.4065,13.8995],[100.4075,13.8995],[100.408,13.9005],[100.4095,13.8975],[100.4085,13.8975],[100.409,13.897],[100.408,13.8975],[100.4075,13.894],[100.4075,13.895]]],[[[100.4105,13.893],[100.411,13.896],[100.4115,13.893],[100.4105,13.893]]],[[[100.4115,13.893]]],[[[100.4095,13.889]]],[[[100.41,13.889],[100.4115,13.8885],[100.4115,13.89],[100.4125,13.89],[100.4135,13.888],[100.4125,13.8875],[100.413,13.8865],[100.41,13.888],[100.411,13.8885],[100.41,13.889]]],[[[100.411,13.8845],[100.4125,13.885],[100.4135,13.8835],[100.4125,13.883],[100.413,13.882],[100.412,13.879],[100.413,13.8775],[100.4105,13.878],[100.4095,13.879],[100.411,13.882],[100.4105,13.8825],[100.412,13.8835],[100.4105,13.884],[100.411,13.8845]],[[100.412,13.8805],[100.4105,13.88],[100.4105,13.8795],[100.412,13.88],[100.412,13.8805]],[[100.412,13.8835]]],[[[100.4065,13.88],[100.4085,13.88],[100.408,13.879],[100.406,13.8795],[100.4065,13.88]]],[[[100.407,13.7055],[100.406,13.706],[100.406,13.7075],[100.408,13.7075],[100.4085,13.7065],[100.407,13.707],[100.407,13.7055]]],[[[100.407,13.714],[100.406,13.7165],[100.4075,13.7165],[100.4075,13.718],[100.4085,13.7175],[100.409,13.7185],[100.4095,13.716],[100.408,13.7155],[100.407,13.714]],[[100.4075,13.716],[100.4075,13.7155],[100.4075,13.716]]],[[[100.41,13.7165],[100.411,13.716],[100.4115,13.7175],[100.413,13.716],[100.413,13.715],[100.4145,13.7155],[100.4145,13.7145],[100.4165,13.715],[100.4175,13.713],[100.4165,13.7125],[100.416,13.711],[100.418,13.71],[100.417,13.7095],[100.4165,13.71],[100.4165,13.708],[100.4155,13.7085],[100.416,13.7095],[100.4155,13.71],[100.415,13.7085],[100.4135,13.708],[100.4145,13.711],[100.4155,13.7115],[100.4145,13.7125],[100.4135,13.712],[100.414,13.7135],[100.4135,13.713],[100.413,13.714],[100.412,13.713],[100.412,13.7145],[100.41,13.7165]],[[100.416,13.7125],[100.416,13.713],[100.416,13.7125]]],[[[100.42,13.7165],[100.419,13.717],[100.4195,13.7175],[100.419,13.7185],[100.4205,13.719],[100.421,13.718],[100.4225,13.719],[100.423,13.7175],[100.424,13.7185],[100.425,13.717],[100.426,13.717],[100.4255,13.7165],[100.426,13.7145],[100.4265,13.7155],[100.4275,13.715],[100.4285,13.716],[100.429,13.7145],[100.43,13.715],[100.4305,13.713],[100.427,13.713],[100.4235,13.717],[100.4225,13.7165],[100.4215,13.717],[100.421,13.716],[100.42,13.7165]],[[100.42,13.7185],[100.42,13.718],[100.42,13.7185]],[[100.4205,13.7165],[100.4205,13.7175],[100.42,13.7175],[100.4205,13.7165]],[[100.4215,13.717]]],[[[100.4305,13.7135],[100.431,13.7145],[100.4305,13.7155],[100.4315,13.716],[100.432,13.7145],[100.434,13.7135],[100.4335,13.713],[100.4305,13.7135]],[[100.4315,13.713],[100.4315,13.7135],[100.4315,13.713]]],[[[100.4355,13.7135],[100.436,13.716],[100.4365,13.7165],[100.4375,13.7155],[100.438,13.7175],[100.4385,13.7175],[100.438,13.7165],[100.44,13.717],[100.4405,13.7155],[100.441,13.7165],[100.442,13.7165],[100.441,13.718],[100.442,13.718],[100.441,13.72],[100.4435,13.7205],[100.443,13.722],[100.4445,13.7205],[100.444,13.721],[100.4445,13.7215],[100.4455,13.7205],[100.448,13.722],[100.449,13.72],[100.4515,13.7215],[100.452,13.7205],[100.4525,13.722],[100.4515,13.722],[100.4525,13.7245],[100.4535,13.7235],[100.4545,13.724],[100.4535,13.7225],[100.454,13.7215],[100.453,13.719],[100.452,13.719],[100.452,13.718],[100.45,13.718],[100.45,13.719],[100.449,13.7185],[100.449,13.7195],[100.448,13.719],[100.448,13.72],[100.447,13.7195],[100.4455,13.72],[100.446,13.7195],[100.445,13.719],[100.446,13.718],[100.4455,13.7165],[100.4445,13.7165],[100.445,13.717],[100.444,13.7185],[100.4445,13.7195],[100.443,13.7195],[100.4425,13.7185],[100.4435,13.7165],[100.443,13.7155],[100.4415,13.716],[100.44,13.715],[100.4395,13.716],[100.4385,13.716],[100.4375,13.7145],[100.4375,13.7155],[100.437,13.715],[100.4375,13.714],[100.434,13.7135],[100.4355,13.7135]],[[100.445,13.718]],[[100.436,13.7145],[100.4365,13.7145],[100.436,13.7145]],[[100.4425,13.7175],[100.4425,13.717],[100.4425,13.7175]]],[[[100.455,13.7245],[100.4535,13.726],[100.453,13.728],[100.4535,13.7285],[100.455,13.7275],[100.4565,13.728],[100.4585,13.7255],[100.459,13.7265],[100.46,13.7265],[100.4605,13.7285],[100.459,13.728],[100.4595,13.729],[100.459,13.73],[100.458,13.729],[100.457,13.73],[100.458,13.732],[100.4605,13.7305],[100.46,13.73],[100.4605,13.729],[100.4615,13.7295],[100.4635,13.7285],[100.463,13.7275],[100.4625,13.7285],[100.4615,13.7285],[100.4615,13.727],[100.4605,13.7265],[100.4615,13.7245],[100.4605,13.725],[100.46,13.7235],[100.4585,13.7245],[100.458,13.724],[100.457,13.726],[100.4555,13.7265],[100.455,13.7245]],[[100.4595,13.7255]],[[100.458,13.7245]],[[100.457,13.726]]],[[[100.458,13.733],[100.4575,13.732],[100.4565,13.7325],[100.457,13.7335],[100.458,13.7335],[100.458,13.7345],[100.457,13.735],[100.4575,13.736],[100.4595,13.735],[100.459,13.734],[100.46,13.734],[100.458,13.733]]],[[[100.4595,13.735]]],[[[100.46,13.735],[100.4605,13.735],[100.46,13.735]]],[[[100.4595,13.736],[100.459,13.737],[100.4605,13.738],[100.459,13.7385],[100.46,13.7385],[100.4605,13.7395],[100.4615,13.739],[100.461,13.7385],[100.4615,13.737],[100.4595,13.736]]],[[[100.4615,13.737]]],[[[100.4625,13.7335],[100.463,13.735],[100.4635,13.7345],[100.463,13.7325],[100.4625,13.7335]]],[[[100.4645,13.7345],[100.4645,13.7355],[100.4655,13.7355],[100.468,13.734],[100.47,13.736],[100.47,13.735],[100.4705,13.7355],[100.4715,13.734],[100.4695,13.7315],[100.47,13.7305],[100.472,13.73],[100.4715,13.7295],[100.4685,13.7305],[100.4695,13.73],[100.4685,13.727],[100.466,13.7265],[100.468,13.728],[100.467,13.7285],[100.469,13.7295],[100.467,13.73],[100.4665,13.7285],[100.4645,13.729],[100.466,13.7295],[100.4655,13.7315],[100.468,13.7325],[100.467,13.7335],[100.4675,13.7335],[100.4645,13.7345]],[[100.4675,13.731],[100.467,13.7305],[100.4675,13.731]],[[100.4675,13.7315],[100.468,13.7315],[100.468,13.732],[100.4675,13.732],[100.4675,13.7315]],[[100.47,13.7335],[100.47,13.734],[100.47,13.7335]]],[[[100.469,13.736],[100.466,13.7365],[100.4685,13.737],[100.469,13.736]]],[[[100.467,13.738],[100.465,13.7375],[100.4635,13.741],[100.466,13.742],[100.4665,13.744],[100.4685,13.745],[100.468,13.7455],[100.4685,13.7465],[100.4695,13.7465],[100.469,13.7485],[100.4695,13.749],[100.469,13.7485],[100.468,13.749],[100.469,13.75],[100.4675,13.7495],[100.4655,13.7515],[100.468,13.7525],[100.47,13.7505],[100.47,13.752],[100.471,13.752],[100.471,13.753],[100.4725,13.7545],[100.473,13.754],[100.4745,13.755],[100.4735,13.7555],[100.474,13.756],[100.472,13.7555],[100.472,13.7575],[100.4705,13.7575],[100.4705,13.759],[100.472,13.76],[100.473,13.76],[100.473,13.759],[100.4735,13.7595],[100.473,13.758],[100.474,13.757],[100.4745,13.7575],[100.4755,13.757],[100.475,13.756],[100.477,13.756],[100.474,13.752],[100.4725,13.7525],[100.4725,13.7535],[100.4715,13.7525],[100.472,13.7515],[100.4725,13.752],[100.473,13.7515],[100.4715,13.751],[100.4715,13.7495],[100.4705,13.749],[100.471,13.747],[100.4725,13.746],[100.472,13.7455],[100.473,13.746],[100.4735,13.7455],[100.474,13.7445],[100.4735,13.7435],[100.474,13.744],[100.476,13.7425],[100.475,13.742],[100.4755,13.739],[100.4745,13.7395],[100.474,13.7385],[100.475,13.7375],[100.474,13.7365],[100.4745,13.7355],[100.475,13.7365],[100.476,13.7355],[100.476,13.7345],[100.477,13.736],[100.478,13.7345],[100.4775,13.736],[100.4785,13.736],[100.479,13.735],[100.4805,13.738],[100.4815,13.738],[100.481,13.739],[100.48,13.7395],[100.48,13.7385],[100.4785,13.74],[100.479,13.7405],[100.4785,13.741],[100.4805,13.7435],[100.48,13.744],[100.4805,13.7455],[100.4815,13.7445],[100.483,13.7465],[100.4845,13.747],[100.4835,13.748],[100.4835,13.7495],[100.482,13.75],[100.482,13.752],[100.481,13.7515],[100.48,13.752],[100.481,13.7525],[100.481,13.7535],[100.4785,13.7555],[100.48,13.756],[100.4795,13.757],[100.481,13.7585],[100.48,13.7585],[100.4795,13.7595],[100.4805,13.761],[100.4785,13.7625],[100.482,13.7615],[100.4825,13.7605],[100.482,13.7595],[100.483,13.7585],[100.481,13.7555],[100.483,13.755],[100.4825,13.752],[100.4835,13.751],[100.4845,13.752],[100.4865,13.751],[100.485,13.75],[100.4845,13.748],[100.485,13.7475],[100.487,13.7485],[100.488,13.7465],[100.4865,13.7475],[100.486,13.747],[100.4865,13.7465],[100.485,13.7465],[100.4845,13.7445],[100.4855,13.745],[100.486,13.744],[100.4845,13.7435],[100.484,13.7425],[100.4845,13.742],[100.482,13.743],[100.4815,13.7425],[100.482,13.7415],[100.481,13.7415],[100.482,13.741],[100.481,13.7395],[100.482,13.7395],[100.4825,13.7385],[100.483,13.7395],[100.484,13.738],[100.482,13.7365],[100.4825,13.735],[100.484,13.7355],[100.484,13.734],[100.487,13.734],[100.488,13.7355],[100.489,13.7345],[100.4895,13.7355],[100.488,13.7365],[100.489,13.7385],[100.49,13.738],[100.4895,13.737],[100.4905,13.7375],[100.4905,13.7365],[100.491,13.7375],[100.491,13.736],[100.492,13.7365],[100.4925,13.7355],[100.4955,13.7355],[100.497,13.7365],[100.4975,13.736],[100.4985,13.7365],[100.499,13.738],[100.5,13.738],[100.501,13.737],[100.4995,13.736],[100.4995,13.735],[100.5005,13.735],[100.5,13.734],[100.5015,13.733],[100.5015,13.732],[100.5035,13.731],[100.5015,13.7295],[100.502,13.729],[100.503,13.7295],[100.503,13.7285],[100.504,13.7285],[100.506,13.7265],[100.5075,13.7275],[100.5075,13.7265],[100.506,13.726],[100.5065,13.7255],[100.506,13.7245],[100.507,13.7235],[100.5075,13.724],[100.507,13.7235],[100.504,13.724],[100.505,13.724],[100.503,13.723],[100.5005,13.7235],[100.5,13.7245],[100.499,13.7235],[100.4975,13.725],[100.4975,13.726],[100.495,13.727],[100.493,13.724],[100.4925,13.7245],[100.491,13.723],[100.491,13.722],[100.49,13.7215],[100.489,13.7225],[100.488,13.7215],[100.4885,13.7225],[100.4855,13.7215],[100.4865,13.722],[100.486,13.723],[100.4855,13.7225],[100.4865,13.7235],[100.486,13.7245],[100.4865,13.725],[100.4845,13.7255],[100.4855,13.727],[100.487,13.7255],[100.489,13.7275],[100.4885,13.7285],[100.4865,13.729],[100.4865,13.731],[100.488,13.73],[100.4895,13.7305],[100.49,13.728],[100.491,13.728],[100.4905,13.727],[100.4915,13.7275],[100.492,13.7265],[100.493,13.7275],[100.4975,13.728],[100.4995,13.7265],[100.499,13.725],[100.5005,13.7265],[100.502,13.7255],[100.501,13.7245],[100.5015,13.724],[100.505,13.725],[100.506,13.7265],[100.5045,13.7265],[100.505,13.726],[100.5045,13.7255],[100.5025,13.727],[100.503,13.728],[100.5,13.7275],[100.5005,13.7285],[100.5,13.729],[100.501,13.73],[100.4995,13.7315],[100.4985,13.7315],[100.499,13.7325],[100.498,13.734],[100.497,13.7345],[100.496,13.7335],[100.4945,13.7335],[100.4935,13.735],[100.491,13.733],[100.49,13.734],[100.49,13.733],[100.489,13.7325],[100.488,13.7335],[100.4875,13.7325],[100.4865,13.7335],[100.4855,13.7325],[100.4845,13.7335],[100.484,13.733],[100.4845,13.7325],[100.4835,13.732],[100.486,13.7315],[100.485,13.7305],[100.485,13.7315],[100.484,13.7315],[100.4835,13.7305],[100.482,13.731],[100.482,13.73],[100.481,13.7305],[100.481,13.7295],[100.48,13.729],[100.479,13.7305],[100.478,13.73],[100.479,13.731],[100.4785,13.732],[100.479,13.7335],[100.476,13.733],[100.4755,13.7345],[100.4755,13.7335],[100.4735,13.735],[100.4725,13.7345],[100.4715,13.736],[100.472,13.7355],[100.4725,13.737],[100.4735,13.737],[100.472,13.738],[100.473,13.739],[100.4715,13.7395],[100.4735,13.74],[100.473,13.741],[100.4735,13.7405],[100.474,13.7415],[100.4725,13.7425],[100.472,13.742],[100.472,13.7435],[100.471,13.7435],[100.4715,13.7445],[100.4705,13.7455],[100.469,13.744],[100.4695,13.743],[100.4675,13.743],[100.466,13.741],[100.4665,13.74],[100.466,13.7405],[100.465,13.74],[100.466,13.7385],[100.467,13.739],[100.4675,13.7385],[100.467,13.738]],[[100.483,13.744],[100.483,13.7435],[100.484,13.744],[100.483,13.744]],[[100.4825,13.7435],[100.482,13.7435],[100.4825,13.7435]],[[100.4835,13.7335],[100.483,13.734],[100.4835,13.7335]],[[100.482,13.734],[100.4825,13.7345],[100.481,13.735],[100.4795,13.733],[100.4805,13.732],[100.4805,13.733],[100.4815,13.7325],[100.4825,13.733],[100.482,13.734]],[[100.4825,13.733],[100.4825,13.7325],[100.4825,13.733]],[[100.4725,13.7585],[100.472,13.758],[100.4725,13.7585]],[[100.464,13.74]],[[100.465,13.7405],[100.4645,13.74],[100.465,13.74],[100.465,13.7405]],[[100.4725,13.735],[100.473,13.735],[100.473,13.7355],[100.4725,13.735]],[[100.4735,13.736]],[[100.4725,13.738]],[[100.4745,13.741]],[[100.4815,13.737],[100.482,13.737],[100.482,13.7375],[100.4815,13.7375],[100.4815,13.737]],[[100.4815,13.736],[100.4815,13.7355],[100.4815,13.736]],[[100.4805,13.7305]],[[100.4795,13.74],[100.48,13.74],[100.4795,13.74]],[[100.482,13.735]],[[100.473,13.758],[100.4725,13.7575],[100.473,13.7575],[100.473,13.758]],[[100.475,13.7545],[100.475,13.755],[100.475,13.7545]],[[100.4755,13.7545],[100.476,13.7545],[100.4755,13.7545]],[[100.481,13.7565]],[[100.4815,13.7535],[100.482,13.7535],[100.4815,13.7535]],[[100.4815,13.759]],[[100.4825,13.7585]],[[100.493,13.7265],[100.4935,13.7265],[100.4935,13.726],[100.4935,13.7265],[100.493,13.7265]],[[100.489,13.737],[100.4895,13.7365],[100.489,13.737]],[[100.4885,13.7345],[100.489,13.7345],[100.4885,13.7345]],[[100.489,13.7255],[100.4875,13.724],[100.4895,13.725],[100.492,13.725],[100.49,13.7265],[100.49,13.7255],[100.489,13.7255]],[[100.484,13.7435],[100.4845,13.7435],[100.484,13.744],[100.484,13.7435]],[[100.4885,13.7255]],[[100.49,13.7235],[100.4905,13.7235],[100.49,13.7235]],[[100.4895,13.723],[100.4895,13.7225],[100.49,13.7225],[100.4895,13.723]],[[100.4895,13.7355],[100.4895,13.736],[100.4895,13.7355]],[[100.4955,13.735]],[[100.499,13.734]]],[[[100.467,13.7525],[100.464,13.7525],[100.4635,13.753],[100.4645,13.754],[100.4625,13.754],[100.462,13.755],[100.465,13.756],[100.4645,13.755],[100.4655,13.7545],[100.465,13.754],[100.467,13.7535],[100.4665,13.753],[100.467,13.7525]]],[[[100.4655,13.7555],[100.464,13.757],[100.465,13.757],[100.465,13.758],[100.4675,13.7585],[100.4665,13.7585],[100.4665,13.7595],[100.4695,13.7635],[100.4705,13.7615],[100.4695,13.7625],[100.47,13.7615],[100.4685,13.758],[100.467,13.7575],[100.467,13.756],[100.4655,13.7565],[100.4655,13.7555]],[[100.468,13.76],[100.468,13.7605],[100.468,13.76]]],[[[100.4695,13.765],[100.4675,13.7665],[100.467,13.766],[100.4665,13.7675],[100.467,13.768],[100.4685,13.7675],[100.4695,13.766],[100.4685,13.7675],[100.469,13.77],[100.47,13.769],[100.4705,13.7695],[100.4705,13.7685],[100.472,13.7695],[100.474,13.767],[100.4725,13.7665],[100.473,13.7675],[100.4705,13.768],[100.471,13.7665],[100.4705,13.765],[100.4695,13.765]],[[100.473,13.767]]],[[[100.4755,13.7675],[100.475,13.767],[100.474,13.7675],[100.4745,13.7685],[100.474,13.77],[100.475,13.77],[100.4755,13.769],[100.476,13.7695],[100.4775,13.769],[100.478,13.77],[100.479,13.7695],[100.4785,13.7685],[100.479,13.7675],[100.4765,13.765],[100.476,13.7655],[100.477,13.7675],[100.476,13.767],[100.4755,13.7675]],[[100.476,13.768],[100.4765,13.768],[100.476,13.768]],[[100.4775,13.7675],[100.4775,13.767],[100.4775,13.7675]]],[[[100.4755,13.765],[100.4745,13.764],[100.476,13.7655],[100.4755,13.765]]],[[[100.474,13.764],[100.4735,13.763],[100.4745,13.7615],[100.473,13.761],[100.473,13.762],[100.4725,13.7615],[100.474,13.764]]],[[[100.4825,13.7615]]],[[[100.4805,13.7625]]],[[[100.4805,13.7625],[100.478,13.764],[100.4795,13.7635],[100.48,13.766],[100.4815,13.7655],[100.483,13.7675],[100.484,13.767],[100.485,13.768],[100.4845,13.7685],[100.485,13.7695],[100.4885,13.77],[100.488,13.769],[100.49,13.768],[100.4895,13.767],[100.4885,13.768],[100.488,13.7675],[100.4885,13.767],[100.488,13.7675],[100.4865,13.767],[100.486,13.7655],[100.485,13.7665],[100.4845,13.7645],[100.484,13.7655],[100.4835,13.7645],[100.483,13.7655],[100.4815,13.7635],[100.48,13.763],[100.4805,13.7625]],[[100.482,13.7645],[100.4815,13.765],[100.482,13.7645]],[[100.486,13.7665],[100.4865,13.7665],[100.486,13.767],[100.486,13.7665]],[[100.4875,13.768]],[[100.487,13.769],[100.4875,13.769],[100.487,13.769]]],[[[100.49,13.768]]],[[[100.49,13.768]]],[[[100.49,13.768]]],[[[100.49,13.768]]],[[[100.49,13.768],[100.4895,13.769],[100.4895,13.7695],[100.49,13.769],[100.49,13.768]]],[[[100.49,13.7695],[100.488,13.7705],[100.488,13.7715],[100.4905,13.772],[100.491,13.7715],[100.4905,13.771],[100.4925,13.7695],[100.4915,13.769],[100.491,13.77],[100.49,13.7695]]],[[[100.4925,13.769],[100.4925,13.771],[100.4915,13.7715],[100.4915,13.7725],[100.49,13.773],[100.4915,13.7745],[100.4885,13.7765],[100.4895,13.7755],[100.489,13.775],[100.488,13.7755],[100.4875,13.7745],[100.4865,13.7745],[100.486,13.7755],[100.4855,13.7745],[100.4845,13.7755],[100.483,13.774],[100.4845,13.771],[100.4795,13.7715],[100.48,13.774],[100.481,13.7745],[100.4815,13.773],[100.4825,13.773],[100.486,13.7775],[100.487,13.777],[100.489,13.778],[100.489,13.7795],[100.488,13.7795],[100.489,13.7805],[100.491,13.782],[100.4925,13.782],[100.4925,13.783],[100.4935,13.7835],[100.4955,13.7815],[100.4965,13.7825],[100.4975,13.7815],[100.497,13.7815],[100.4975,13.7795],[100.4985,13.78],[100.4985,13.779],[100.498,13.7795],[100.4985,13.7785],[100.496,13.7785],[100.495,13.7795],[100.4955,13.7805],[100.494,13.7795],[100.491,13.7805],[100.4905,13.78],[100.491,13.7795],[100.49,13.779],[100.4925,13.7775],[100.4925,13.7785],[100.494,13.7785],[100.4945,13.7775],[100.493,13.7765],[100.4935,13.776],[100.493,13.7745],[100.491,13.7755],[100.4925,13.7745],[100.492,13.7745],[100.493,13.773],[100.4925,13.7725],[100.495,13.771],[100.4945,13.7705],[100.4985,13.769],[100.4975,13.768],[100.4955,13.769],[100.494,13.7675],[100.4935,13.769],[100.4925,13.769]],[[100.482,13.772]],[[100.494,13.7805],[100.4925,13.781],[100.492,13.781],[100.494,13.7805]],[[100.4895,13.7805],[100.489,13.7805],[100.4895,13.7805]],[[100.4875,13.7765],[100.4875,13.776],[100.4875,13.7765]],[[100.492,13.781],[100.491,13.781],[100.491,13.7815],[100.492,13.781]],[[100.491,13.7775],[100.4895,13.777],[100.491,13.7755],[100.492,13.777],[100.491,13.7775]],[[100.493,13.769],[100.4935,13.769],[100.493,13.769]],[[100.497,13.7795]],[[100.4965,13.7795],[100.496,13.7795],[100.4965,13.7795]]],[[[100.482,13.776],[100.4815,13.7755],[100.4805,13.776],[100.4805,13.775],[100.4795,13.776],[100.481,13.7775],[100.482,13.776]]],[[[100.4815,13.777],[100.482,13.7775],[100.482,13.777],[100.4815,13.777]]],[[[100.483,13.779],[100.4825,13.7825],[100.4835,13.7825],[100.484,13.7835],[100.485,13.783],[100.4855,13.784],[100.486,13.783],[100.487,13.783],[100.4855,13.7845],[100.486,13.785],[100.4875,13.7845],[100.487,13.785],[100.487,13.786],[100.488,13.786],[100.487,13.7865],[100.4875,13.787],[100.4895,13.7865],[100.492,13.788],[100.494,13.788],[100.4945,13.789],[100.496,13.7885],[100.4965,13.79],[100.497,13.788],[100.498,13.7875],[100.4985,13.788],[100.498,13.7895],[100.5,13.791],[100.4995,13.792],[100.498,13.792],[100.4985,13.793],[100.498,13.7935],[100.5,13.7945],[100.5005,13.794],[100.501,13.7955],[100.502,13.795],[100.5015,13.7945],[100.502,13.794],[100.5005,13.7925],[100.5005,13.7905],[100.5015,13.791],[100.5005,13.7885],[100.502,13.788],[100.505,13.7885],[100.5055,13.7875],[100.5045,13.788],[100.5045,13.7865],[100.5035,13.7875],[100.4995,13.788],[100.4985,13.7875],[100.4985,13.785],[100.4965,13.787],[100.4965,13.7865],[100.4945,13.787],[100.494,13.786],[100.49,13.7865],[100.4905,13.7845],[100.4885,13.784],[100.489,13.783],[100.49,13.783],[100.488,13.783],[100.489,13.782],[100.4885,13.7815],[100.487,13.7815],[100.4875,13.7815],[100.4865,13.7805],[100.485,13.781],[100.4845,13.7805],[100.485,13.7795],[100.483,13.779]],[[100.501,13.788]],[[100.484,13.78]],[[100.4895,13.7855],[100.489,13.786],[100.4885,13.7855],[100.4895,13.7855]],[[100.494,13.787]],[[100.4945,13.7875],[100.4945,13.788],[100.4945,13.7875]],[[100.502,13.788],[100.5025,13.788],[100.502,13.7885],[100.502,13.788]]],[[[100.502,13.7945]]],[[[100.502,13.7945]]],[[[100.502,13.7945]]],[[[100.503,13.795],[100.502,13.796],[100.5025,13.798],[100.5035,13.7975],[100.5045,13.798],[100.505,13.797],[100.504,13.799],[100.5045,13.8],[100.5075,13.7985],[100.507,13.7975],[100.506,13.798],[100.506,13.797],[100.5045,13.7965],[100.505,13.7955],[100.5045,13.795],[100.504,13.7965],[100.5025,13.796],[100.503,13.795]]],[[[100.5075,13.801],[100.5065,13.8015],[100.5055,13.801],[100.5055,13.802],[100.5045,13.8025],[100.5055,13.8035],[100.5065,13.8025],[100.507,13.803],[100.5075,13.801]]],[[[100.5095,13.802]]],[[[100.5095,13.802]]],[[[100.5095,13.802]]],[[[100.5095,13.802]]],[[[100.5095,13.802]]],[[[100.5095,13.802],[100.5085,13.803],[100.51,13.8025],[100.5095,13.802]]],[[[100.5105,13.8025],[100.51,13.8035],[100.5085,13.804],[100.5125,13.8065],[100.5135,13.806],[100.513,13.805],[100.5145,13.805],[100.514,13.8045],[100.5155,13.802],[100.515,13.801],[100.512,13.8015],[100.5135,13.802],[100.5125,13.8025],[100.513,13.8035],[100.512,13.8045],[100.5105,13.8025]],[[100.5135,13.8035],[100.514,13.8035],[100.5135,13.8035]]],[[[100.514,13.8005],[100.515,13.8],[100.514,13.798],[100.513,13.798],[100.5125,13.799],[100.5145,13.799],[100.5145,13.8],[100.5135,13.8],[100.514,13.8005]]],[[[100.511,13.7955]]],[[[100.511,13.7955]]],[[[100.511,13.7955],[100.512,13.7945],[100.511,13.7945],[100.5105,13.793],[100.5095,13.794],[100.51,13.7925],[100.509,13.793],[100.5095,13.7925],[100.509,13.7915],[100.508,13.7915],[100.5085,13.794],[100.5075,13.795],[100.5085,13.7945],[100.509,13.7955],[100.5095,13.795],[100.511,13.7955]],[[100.509,13.795],[100.5095,13.795],[100.5095,13.7945],[100.509,13.795]]],[[[100.5025,13.7855],[100.502,13.7845],[100.501,13.7855],[100.502,13.785],[100.5025,13.7855]]],[[[100.504,13.781],[100.5055,13.781],[100.5065,13.782],[100.5075,13.7785],[100.507,13.778],[100.505,13.779],[100.506,13.778],[100.5045,13.7775],[100.5035,13.778],[100.504,13.779],[100.5035,13.78],[100.5055,13.78],[100.504,13.781]]],[[[100.4985,13.7785]]],[[[100.499,13.77],[100.4995,13.7705],[100.5005,13.77],[100.499,13.77]]],[[[100.5045,13.773],[100.5045,13.774],[100.5055,13.7735],[100.506,13.7745],[100.5055,13.775],[100.507,13.7755],[100.507,13.774],[100.508,13.7735],[100.5075,13.7725],[100.5085,13.7715],[100.509,13.7725],[100.51,13.772],[100.509,13.771],[100.5105,13.771],[100.5105,13.769],[100.5115,13.769],[100.512,13.77],[100.513,13.7695],[100.514,13.7665],[100.5155,13.7665],[100.514,13.764],[100.513,13.764],[100.511,13.766],[100.512,13.7665],[100.5115,13.7675],[100.5095,13.7675],[100.508,13.7685],[100.5085,13.77],[100.5065,13.7695],[100.507,13.7705],[100.506,13.7715],[100.508,13.7705],[100.5085,13.771],[100.506,13.7715],[100.5065,13.772],[100.506,13.773],[100.5045,13.773]],[[100.507,13.774]],[[100.5115,13.766]],[[100.51,13.7675],[100.5095,13.7685],[100.509,13.7685],[100.5095,13.7675],[100.51,13.7675]],[[100.509,13.7705],[100.509,13.77],[100.509,13.7705]],[[100.5125,13.765],[100.513,13.7645],[100.5125,13.765]]],[[[100.516,13.762],[100.5205,13.758],[100.521,13.759],[100.5215,13.758],[100.5225,13.758],[100.523,13.756],[100.521,13.755],[100.522,13.755],[100.522,13.754],[100.5255,13.754],[100.524,13.756],[100.5245,13.7565],[100.526,13.756],[100.5275,13.7575],[100.531,13.757],[100.53,13.7565],[100.53,13.7555],[100.5275,13.756],[100.528,13.755],[100.5265,13.755],[100.5275,13.7545],[100.526,13.7545],[100.5255,13.7535],[100.526,13.753],[100.525,13.7535],[100.523,13.7525],[100.523,13.7515],[100.5245,13.751],[100.524,13.7505],[100.5225,13.752],[100.522,13.751],[100.523,13.7505],[100.521,13.7485],[100.5195,13.7515],[100.52,13.752],[100.5195,13.7535],[100.5205,13.753],[100.521,13.7535],[100.52,13.7555],[100.519,13.7555],[100.52,13.756],[100.52,13.757],[100.5185,13.7575],[100.5185,13.7585],[100.5175,13.758],[100.5165,13.759],[100.517,13.7605],[100.516,13.762]],[[100.522,13.7505],[100.522,13.75],[100.522,13.7505]],[[100.5205,13.752],[100.521,13.7515],[100.521,13.7525],[100.5205,13.752]],[[100.5215,13.758]],[[100.5215,13.7515],[100.5215,13.751],[100.5215,13.7515]]],[[[100.529,13.758],[100.5275,13.759],[100.5285,13.76],[100.5275,13.7605],[100.527,13.76],[100.5265,13.7615],[100.529,13.7615],[100.529,13.7625],[100.5305,13.761],[100.532,13.7635],[100.5315,13.764],[100.5315,13.763],[100.53,13.7635],[100.529,13.7655],[100.531,13.766],[100.5325,13.7655],[100.533,13.7665],[100.532,13.7665],[100.5315,13.768],[100.534,13.768],[100.535,13.7695],[100.5355,13.769],[100.5365,13.77],[100.5375,13.769],[100.5365,13.7705],[100.539,13.774],[100.5385,13.775],[100.539,13.7755],[100.5395,13.775],[100.539,13.774],[100.5405,13.7745],[100.5405,13.773],[100.538,13.771],[100.539,13.7675],[100.534,13.767],[100.535,13.7655],[100.533,13.764],[100.5325,13.7645],[100.5315,13.764],[100.5325,13.763],[100.532,13.7615],[100.5325,13.762],[100.533,13.7615],[100.5335,13.7595],[100.5305,13.761],[100.529,13.7605],[100.53,13.7585],[100.529,13.758]],[[100.534,13.7655]],[[100.5365,13.7685],[100.5365,13.768],[100.537,13.7685],[100.5365,13.7685]],[[100.5345,13.768]]],[[[100.5405,13.776],[100.539,13.776],[100.5385,13.7785],[100.5395,13.779],[100.54,13.78],[100.5395,13.7815],[100.5405,13.782],[100.5395,13.782],[100.539,13.785],[100.542,13.786],[100.5435,13.784],[100.541,13.784],[100.542,13.7805],[100.5405,13.779],[100.5415,13.7795],[100.542,13.779],[100.5415,13.7785],[100.541,13.779],[100.5405,13.778],[100.541,13.7775],[100.5405,13.7765],[100.5415,13.776],[100.541,13.775],[100.5405,13.776]],[[100.54,13.778]],[[100.54,13.7765],[100.5405,13.7765],[100.54,13.777],[100.54,13.7765]],[[100.54,13.7825],[100.5405,13.7825],[100.54,13.7825]],[[100.541,13.785],[100.541,13.7845],[100.5415,13.785],[100.541,13.785]],[[100.5415,13.782],[100.541,13.782],[100.5405,13.7815],[100.5415,13.782]]],[[[100.5425,13.7875],[100.54,13.789],[100.5415,13.7885],[100.541,13.7895],[100.542,13.789],[100.5425,13.7905],[100.5435,13.789],[100.5435,13.791],[100.5475,13.793],[100.5465,13.79],[100.547,13.789],[100.5455,13.79],[100.5445,13.7885],[100.544,13.7895],[100.544,13.7885],[100.5425,13.7875]]],[[[100.5465,13.7945],[100.545,13.7945],[100.546,13.796],[100.5465,13.7945]]],[[[100.543,13.797]]],[[[100.543,13.797]]],[[[100.543,13.797]]],[[[100.543,13.797]]],[[[100.543,13.797]]],[[[100.543,13.797]]],[[[100.543,13.797]]],[[[100.543,13.797]]],[[[100.543,13.797],[100.5395,13.797],[100.5395,13.798],[100.541,13.799],[100.5405,13.8],[100.5425,13.8005],[100.542,13.7985],[100.5435,13.798],[100.542,13.798],[100.542,13.797],[100.543,13.797]]],[[[100.5405,13.8],[100.5365,13.796],[100.537,13.7985],[100.536,13.799],[100.536,13.8005],[100.533,13.8005],[100.532,13.7995],[100.53,13.8015],[100.5275,13.801],[100.525,13.8035],[100.524,13.8015],[100.5225,13.802],[100.523,13.801],[100.522,13.801],[100.5225,13.8005],[100.5215,13.8],[100.5215,13.7985],[100.5235,13.799],[100.523,13.7975],[100.5245,13.7965],[100.522,13.794],[100.52,13.7945],[100.5195,13.7955],[100.52,13.7965],[100.5225,13.797],[100.521,13.798],[100.5215,13.799],[100.5205,13.7995],[100.521,13.8],[100.5185,13.8025],[100.5195,13.803],[100.5185,13.8045],[100.519,13.805],[100.5215,13.8025],[100.5225,13.8035],[100.522,13.8045],[100.526,13.804],[100.5265,13.805],[100.5285,13.8025],[100.53,13.8035],[100.5295,13.8045],[100.5305,13.8045],[100.5325,13.802],[100.535,13.804],[100.5345,13.8025],[100.536,13.802],[100.5365,13.8005],[100.537,13.8015],[100.5375,13.799],[100.5385,13.8],[100.539,13.7995],[100.5405,13.8]],[[100.531,13.802],[100.53,13.802],[100.5305,13.802],[100.531,13.802]],[[100.521,13.8015]],[[100.5215,13.7955]],[[100.526,13.8035]],[[100.524,13.803],[100.5235,13.803],[100.524,13.803]],[[100.5305,13.804],[100.53,13.8035],[100.5305,13.804]],[[100.53,13.803]],[[100.537,13.8005]],[[100.5355,13.8015],[100.535,13.801],[100.5355,13.8015]]],[[[100.519,13.808],[100.5185,13.8085],[100.5205,13.8085],[100.52,13.8095],[100.5215,13.81],[100.521,13.811],[100.522,13.8115],[100.52,13.8115],[100.52,13.8125],[100.5195,13.813],[100.519,13.8125],[100.52,13.8135],[100.521,13.813],[100.5205,13.814],[100.5215,13.814],[100.521,13.8155],[100.5195,13.815],[100.52,13.8175],[100.521,13.817],[100.522,13.8175],[100.523,13.8155],[100.524,13.8155],[100.523,13.814],[100.5235,13.8125],[100.522,13.812],[100.5245,13.812],[100.524,13.8105],[100.5225,13.81],[100.524,13.809],[100.5235,13.8085],[100.5245,13.809],[100.525,13.808],[100.526,13.8085],[100.5255,13.809],[100.5265,13.8105],[100.5285,13.811],[100.5285,13.812],[100.5295,13.812],[100.5305,13.8135],[100.529,13.814],[100.529,13.815],[100.527,13.8155],[100.529,13.8175],[100.528,13.817],[100.525,13.818],[100.5275,13.819],[100.526,13.819],[100.5275,13.8195],[100.526,13.82],[100.526,13.821],[100.527,13.8215],[100.526,13.8215],[100.5265,13.8225],[100.53,13.824],[100.5295,13.8255],[100.5275,13.824],[100.524,13.8245],[100.5235,13.825],[100.525,13.826],[100.524,13.826],[100.524,13.8275],[100.526,13.8265],[100.524,13.8285],[100.5245,13.8295],[100.523,13.83],[100.523,13.831],[100.5225,13.83],[100.5215,13.83],[100.522,13.831],[100.521,13.832],[100.5215,13.8325],[100.521,13.834],[100.5195,13.834],[100.5195,13.835],[100.5185,13.8345],[100.5185,13.836],[100.519,13.8355],[100.5195,13.836],[100.519,13.838],[100.518,13.8385],[100.5185,13.839],[100.518,13.84],[100.5175,13.8405],[100.517,13.84],[100.5165,13.841],[100.5145,13.8405],[100.5125,13.842],[100.513,13.8425],[100.5125,13.844],[100.5135,13.8455],[100.515,13.844],[100.5175,13.8445],[100.518,13.846],[100.517,13.848],[100.5175,13.8475],[100.5185,13.8485],[100.519,13.8475],[100.5175,13.847],[100.5185,13.8455],[100.519,13.8465],[100.5195,13.846],[100.519,13.845],[100.52,13.8435],[100.516,13.8435],[100.5165,13.8425],[100.5195,13.8415],[100.5185,13.841],[100.52,13.8385],[100.5195,13.837],[100.523,13.8345],[100.5235,13.8355],[100.5245,13.835],[100.526,13.836],[100.5275,13.8355],[100.5305,13.8335],[100.53,13.833],[100.5305,13.8315],[100.534,13.831],[100.5325,13.829],[100.534,13.8285],[100.533,13.828],[100.5335,13.8275],[100.533,13.826],[100.5335,13.8255],[100.534,13.8265],[100.536,13.826],[100.5355,13.824],[100.535,13.8245],[100.5345,13.824],[100.5345,13.825],[100.5335,13.824],[100.533,13.8255],[100.5315,13.8255],[100.532,13.8245],[100.529,13.8225],[100.5295,13.822],[100.5285,13.821],[100.529,13.8195],[100.5275,13.8185],[100.53,13.819],[100.529,13.8185],[100.529,13.8175],[100.5305,13.817],[100.53,13.8165],[100.5305,13.8155],[100.5315,13.816],[100.5315,13.8145],[100.5335,13.8165],[100.5345,13.8165],[100.5335,13.812],[100.535,13.812],[100.5355,13.8105],[100.535,13.8095],[100.5365,13.81],[100.5365,13.809],[100.5375,13.8085],[100.5395,13.81],[100.54,13.808],[100.541,13.8105],[100.542,13.8105],[100.5415,13.8075],[100.541,13.8085],[100.5395,13.8075],[100.5405,13.8065],[100.538,13.8075],[100.5375,13.806],[100.5365,13.8065],[100.536,13.805],[100.5345,13.806],[100.536,13.806],[100.534,13.8095],[100.533,13.809],[100.5335,13.808],[100.5325,13.808],[100.533,13.8105],[100.5315,13.812],[100.5295,13.811],[100.5295,13.8095],[100.5265,13.809],[100.527,13.8085],[100.5265,13.8075],[100.5245,13.8065],[100.526,13.805],[100.5255,13.8045],[100.5235,13.8045],[100.523,13.8055],[100.522,13.8055],[100.523,13.806],[100.523,13.8075],[100.522,13.8075],[100.522,13.8085],[100.519,13.808]],[[100.531,13.8275],[100.5315,13.828],[100.53,13.8275],[100.531,13.8285],[100.5305,13.829],[100.531,13.831],[100.529,13.832],[100.5285,13.8305],[100.5275,13.831],[100.528,13.834],[100.527,13.833],[100.5255,13.8335],[100.526,13.8325],[100.525,13.8325],[100.5245,13.834],[100.5235,13.833],[100.522,13.8335],[100.5225,13.832],[100.526,13.8295],[100.5255,13.828],[100.526,13.826],[100.531,13.826],[100.531,13.8275]],[[100.515,13.8435],[100.5145,13.8425],[100.5135,13.843],[100.5135,13.842],[100.5145,13.8415],[100.5155,13.842],[100.515,13.8435]],[[100.5135,13.843],[100.514,13.8435],[100.5135,13.8435],[100.5135,13.843]],[[100.5135,13.842]],[[100.514,13.8445]],[[100.5215,13.816]],[[100.5165,13.842],[100.516,13.842],[100.5165,13.842]],[[100.5165,13.841]],[[100.5175,13.841]],[[100.518,13.8445]],[[100.5235,13.8055],[100.524,13.806],[100.5235,13.8055]],[[100.5235,13.8345],[100.524,13.8345],[100.5235,13.8345]],[[100.5255,13.825]],[[100.526,13.835],[100.5265,13.835],[100.526,13.835]],[[100.5295,13.8155],[100.5295,13.815],[100.53,13.816],[100.5295,13.8155]],[[100.528,13.8215],[100.5285,13.8215],[100.5285,13.822],[100.528,13.8215]],[[100.5285,13.8335],[100.529,13.833],[100.529,13.8335],[100.5285,13.8335]],[[100.533,13.812],[100.5325,13.8115],[100.533,13.8115],[100.533,13.812]],[[100.533,13.8085]],[[100.532,13.83]],[[100.537,13.807],[100.5365,13.807],[100.537,13.807]]],[[[100.5165,13.8145],[100.516,13.814],[100.5155,13.8145],[100.5165,13.8145]]],[[[100.5155,13.8145]]],[[[100.5155,13.8145]]],[[[100.5155,13.8145]]],[[[100.5155,13.8145]]],[[[100.5155,13.8145]]],[[[100.515,13.815]]],[[[100.5145,13.815],[100.514,13.816],[100.513,13.816],[100.513,13.817],[100.515,13.8185],[100.5155,13.818],[100.515,13.817],[100.5165,13.817],[100.517,13.815],[100.515,13.816],[100.5145,13.815]]],[[[100.5185,13.836]]],[[[100.518,13.8355],[100.517,13.8335],[100.515,13.835],[100.5135,13.835],[100.5135,13.836],[100.513,13.835],[100.512,13.835],[100.51,13.8365],[100.51,13.84],[100.509,13.84],[100.5085,13.8415],[100.509,13.843],[100.508,13.844],[100.509,13.8445],[100.509,13.846],[100.51,13.847],[100.5075,13.849],[100.507,13.851],[100.508,13.851],[100.508,13.852],[100.5105,13.851],[100.5095,13.8505],[100.5095,13.849],[100.5105,13.8495],[100.511,13.848],[100.5105,13.846],[100.5095,13.8455],[100.511,13.8445],[100.51,13.844],[100.511,13.842],[100.5105,13.8415],[100.512,13.841],[100.511,13.839],[100.513,13.839],[100.5125,13.8385],[100.513,13.8365],[100.516,13.836],[100.5165,13.837],[100.5165,13.836],[100.518,13.8355]],[[100.5105,13.84]],[[100.51,13.8425],[100.5095,13.843],[100.5095,13.8425],[100.51,13.8425]],[[100.5095,13.842]]],[[[100.511,13.8515],[100.5115,13.8535],[100.5095,13.855],[100.5095,13.8585],[100.5105,13.8585],[100.5105,13.857],[100.5115,13.858],[100.511,13.857],[100.512,13.8555],[100.513,13.8565],[100.513,13.855],[100.514,13.8555],[100.5145,13.8545],[100.5165,13.8545],[100.517,13.856],[100.517,13.857],[100.516,13.8575],[100.5165,13.858],[100.5185,13.8575],[100.5175,13.857],[100.5175,13.855],[100.518,13.856],[100.5185,13.8555],[100.5185,13.8565],[100.5195,13.8565],[100.52,13.858],[100.521,13.857],[100.522,13.8585],[100.523,13.858],[100.524,13.859],[100.5235,13.861],[100.525,13.861],[100.5255,13.859],[100.5265,13.859],[100.5265,13.858],[100.5255,13.858],[100.525,13.857],[100.5245,13.858],[100.524,13.857],[100.5225,13.857],[100.523,13.8565],[100.5215,13.8555],[100.5205,13.8525],[100.519,13.8525],[100.5185,13.8505],[100.5175,13.851],[100.5185,13.852],[100.518,13.853],[100.519,13.8535],[100.5185,13.8545],[100.5175,13.854],[100.5175,13.853],[100.516,13.8535],[100.515,13.8525],[100.5155,13.854],[100.5145,13.8545],[100.513,13.854],[100.5115,13.851],[100.511,13.8515]],[[100.5175,13.855]],[[100.521,13.8565],[100.5205,13.8565],[100.521,13.856],[100.521,13.8565]],[[100.521,13.8555],[100.5205,13.855],[100.521,13.855],[100.521,13.8555]]],[[[100.5095,13.8585],[100.5075,13.8585],[100.5075,13.86],[100.5095,13.8595],[100.5095,13.8585]]],[[[100.5025,13.859],[100.5,13.8595],[100.4995,13.859],[100.4995,13.86],[100.4985,13.8595],[100.498,13.86],[100.499,13.861],[100.4965,13.861],[100.4955,13.86],[100.4945,13.861],[100.494,13.86],[100.4935,13.8605],[100.493,13.86],[100.4935,13.8585],[100.4925,13.858],[100.492,13.861],[100.493,13.861],[100.493,13.862],[100.494,13.8625],[100.495,13.8615],[100.497,13.8635],[100.498,13.8635],[100.4975,13.8625],[100.4985,13.8625],[100.498,13.8635],[100.4985,13.864],[100.497,13.8655],[100.4965,13.865],[100.494,13.8665],[100.495,13.867],[100.498,13.865],[100.499,13.867],[100.4995,13.866],[100.4985,13.8645],[100.4995,13.864],[100.5,13.865],[100.5015,13.865],[100.502,13.866],[100.5015,13.8665],[100.5025,13.867],[100.503,13.8655],[100.502,13.8635],[100.5015,13.864],[100.499,13.863],[100.501,13.8625],[100.4995,13.862],[100.5005,13.8605],[100.503,13.861],[100.503,13.86],[100.502,13.86],[100.5025,13.859]],[[100.5,13.8615]]],[[[100.492,13.861],[100.4915,13.86],[100.491,13.8605],[100.4915,13.8625],[100.492,13.861]]],[[[100.4915,13.8625],[100.4905,13.8625],[100.4905,13.863],[100.4915,13.8625]]],[[[100.491,13.8635],[100.49,13.861],[100.4895,13.8625],[100.4885,13.862],[100.487,13.864],[100.488,13.8645],[100.489,13.867],[100.491,13.866],[100.49,13.8645],[100.491,13.8635]],[[100.489,13.8645],[100.4895,13.8645],[100.4895,13.865],[100.489,13.865],[100.489,13.8645]]],[[[100.489,13.867]]],[[[100.4895,13.8675],[100.489,13.8665],[100.488,13.8665],[100.488,13.8685],[100.4855,13.869],[100.4855,13.868],[100.4835,13.8675],[100.4835,13.8655],[100.482,13.864],[100.481,13.8645],[100.4815,13.865],[100.4805,13.8665],[100.481,13.868],[100.4785,13.8685],[100.479,13.8695],[100.48,13.8695],[100.4805,13.868],[100.4825,13.867],[100.4835,13.869],[100.486,13.87],[100.485,13.871],[100.486,13.871],[100.4865,13.8725],[100.4865,13.8705],[100.487,13.871],[100.488,13.8695],[100.489,13.8705],[100.4905,13.87],[100.4915,13.869],[100.4905,13.8685],[100.492,13.8685],[100.493,13.867],[100.4905,13.868],[100.49,13.869],[100.489,13.8685],[100.4895,13.8675]]],[[[100.478,13.87],[100.474,13.87],[100.4765,13.8705],[100.478,13.87]]],[[[100.4725,13.8695],[100.471,13.869],[100.4705,13.8675],[100.47,13.8685],[100.4685,13.868],[100.4655,13.869],[100.465,13.8685],[100.462,13.8715],[100.4645,13.871],[100.4665,13.869],[100.4695,13.87],[100.4725,13.8695]],[[100.4705,13.869]]],[[[100.462,13.872],[100.46,13.8725],[100.461,13.8715],[100.4605,13.871],[100.4595,13.872],[100.459,13.8715],[100.4575,13.873],[100.4565,13.8725],[100.4565,13.874],[100.456,13.8735],[100.4555,13.8745],[100.462,13.872]],[[100.4595,13.8725],[100.459,13.8725],[100.4595,13.8725]]],[[[100.453,13.8755],[100.452,13.875],[100.451,13.8755],[100.4515,13.8735],[100.45,13.8745],[100.4505,13.8765],[100.453,13.8755]]],[[[100.4495,13.8755],[100.4485,13.8755],[100.4485,13.8765],[100.4495,13.8755]]],[[[100.449,13.8745],[100.4495,13.874],[100.449,13.8735],[100.4485,13.874],[100.449,13.8745]]],[[[100.4485,13.874]]],[[[100.448,13.8735]]],[[[100.4465,13.874],[100.4485,13.8735],[100.4485,13.8725],[100.4465,13.8725],[100.446,13.8715],[100.445,13.8725],[100.4455,13.8725],[100.445,13.8735],[100.446,13.874],[100.4445,13.8735],[100.444,13.8745],[100.445,13.875],[100.4465,13.874]]],[[[100.4405,13.875]]],[[[100.4405,13.875]]],[[[100.4405,13.875],[100.4405,13.8745],[100.4405,13.875]]],[[[100.4405,13.8745]]],[[[100.4405,13.8745]]],[[[100.4405,13.8745]]],[[[100.4405,13.8745]]],[[[100.4405,13.8745],[100.4395,13.8745],[100.439,13.873],[100.4375,13.875],[100.4395,13.8755],[100.4405,13.8745]]],[[[100.4365,13.8715],[100.437,13.8705],[100.4375,13.871],[100.4385,13.8705],[100.438,13.869],[100.4365,13.869],[100.4365,13.8715]]],[[[100.434,13.8715]]],[[[100.434,13.8715],[100.4335,13.871],[100.434,13.87],[100.431,13.8705],[100.4315,13.872],[100.4325,13.8715],[100.433,13.872],[100.432,13.8745],[100.434,13.8725],[100.4335,13.872],[100.434,13.8715]]],[[[100.4305,13.875],[100.43,13.874],[100.4285,13.8735],[100.4255,13.8745],[100.425,13.873],[100.4255,13.872],[100.425,13.871],[100.424,13.871],[100.424,13.87],[100.422,13.8715],[100.422,13.8725],[100.423,13.872],[100.423,13.8735],[100.4235,13.873],[100.4235,13.874],[100.425,13.8745],[100.424,13.875],[100.424,13.876],[100.4225,13.875],[100.4205,13.875],[100.421,13.876],[100.4185,13.876],[100.418,13.877],[100.417,13.8765],[100.4175,13.8775],[100.414,13.874],[100.4145,13.873],[100.4135,13.8735],[100.411,13.873],[100.4115,13.8745],[100.4135,13.8755],[100.4145,13.875],[100.4145,13.8765],[100.416,13.876],[100.417,13.879],[100.418,13.879],[100.4185,13.88],[100.419,13.8795],[100.4185,13.8785],[100.4215,13.877],[100.421,13.876],[100.425,13.877],[100.425,13.876],[100.424,13.8755],[100.4255,13.8755],[100.4275,13.877],[100.43,13.876],[100.4285,13.876],[100.4285,13.8745],[100.4305,13.875]],[[100.424,13.872],[100.4235,13.872],[100.424,13.8715],[100.424,13.872]],[[100.4235,13.873],[100.424,13.873],[100.424,13.8735],[100.4235,13.873]],[[100.422,13.8755],[100.4225,13.8755],[100.422,13.8755]],[[100.4285,13.8745]]],[[[100.421,13.873],[100.4215,13.872],[100.4205,13.8715],[100.4205,13.8705],[100.419,13.8705],[100.4205,13.8715],[100.421,13.873]]],[[[100.419,13.8705]]],[[[100.4185,13.8705],[100.416,13.8695],[100.4155,13.8705],[100.4145,13.87],[100.414,13.8705],[100.415,13.8735],[100.416,13.874],[100.4155,13.8725],[100.4165,13.873],[100.417,13.8715],[100.4185,13.8715],[100.4185,13.8705]]],[[[100.429,13.8775],[100.4285,13.878],[100.4305,13.879],[100.43,13.88],[100.432,13.8805],[100.4325,13.882],[100.432,13.8825],[100.433,13.8825],[100.433,13.884],[100.434,13.8835],[100.434,13.8815],[100.436,13.8815],[100.4365,13.8825],[100.437,13.882],[100.4365,13.881],[100.438,13.88],[100.4375,13.879],[100.439,13.88],[100.438,13.877],[100.4385,13.877],[100.4365,13.878],[100.437,13.878],[100.4355,13.88],[100.4345,13.8795],[100.434,13.881],[100.4325,13.8795],[100.4335,13.878],[100.432,13.8785],[100.4305,13.877],[100.429,13.8775]],[[100.4305,13.8785],[100.431,13.8785],[100.4305,13.8785]]],[[[100.4385,13.877],[100.4415,13.877],[100.443,13.8785],[100.444,13.877],[100.439,13.8765],[100.4385,13.877]],[[100.4425,13.8775],[100.442,13.877],[100.4425,13.877],[100.4425,13.8775]]],[[[100.4455,13.878],[100.4455,13.8775],[100.444,13.878],[100.4435,13.8795],[100.446,13.881],[100.4455,13.882],[100.4465,13.8825],[100.4465,13.8815],[100.448,13.8815],[100.4475,13.881],[100.4485,13.881],[100.449,13.88],[100.448,13.879],[100.4465,13.88],[100.445,13.8785],[100.4455,13.878]],[[100.4455,13.8795],[100.445,13.88],[100.445,13.8795],[100.4455,13.8795]]],[[[100.447,13.8795]]],[[[100.4465,13.879],[100.4485,13.878],[100.4485,13.8775],[100.447,13.8785],[100.4465,13.8785],[100.4465,13.879]]],[[[100.4485,13.8775],[100.4505,13.881],[100.452,13.88],[100.452,13.879],[100.4525,13.8795],[100.453,13.879],[100.451,13.878],[100.4515,13.877],[100.4485,13.8775]],[[100.451,13.8775],[100.4505,13.878],[100.45,13.878],[100.45,13.8775],[100.451,13.8775]],[[100.451,13.8785]],[[100.451,13.879]]],[[[100.4535,13.878],[100.453,13.8785],[100.4535,13.879],[100.456,13.8775],[100.452,13.8775],[100.4535,13.878]]],[[[100.4595,13.8735],[100.4585,13.876],[100.4595,13.877],[100.4595,13.8755],[100.461,13.8735],[100.464,13.8735],[100.463,13.874],[100.463,13.875],[100.4635,13.8755],[100.464,13.8745],[100.465,13.876],[100.4655,13.8755],[100.465,13.8745],[100.469,13.875],[100.469,13.8735],[100.468,13.8735],[100.467,13.872],[100.4665,13.8725],[100.467,13.8735],[100.4655,13.874],[100.4665,13.8725],[100.466,13.872],[100.465,13.874],[100.4645,13.8735],[100.465,13.8725],[100.464,13.8735],[100.463,13.872],[100.4595,13.8735]]],[[[100.47,13.874],[100.4705,13.874],[100.4705,13.873],[100.47,13.8735],[100.47,13.874]]],[[[100.4705,13.8725],[100.4705,13.8715],[100.4695,13.8715],[100.4705,13.8725]]],[[[100.4705,13.8715],[100.4705,13.8725],[100.4715,13.8725],[100.471,13.873],[100.472,13.874],[100.4735,13.8725],[100.473,13.871],[100.474,13.872],[100.475,13.8705],[100.4725,13.8705],[100.4705,13.8715]]],[[[100.4785,13.8715],[100.479,13.8725],[100.4785,13.8745],[100.4805,13.8755],[100.4805,13.8745],[100.482,13.875],[100.481,13.876],[100.483,13.8765],[100.4835,13.8775],[100.4825,13.878],[100.483,13.879],[100.4825,13.88],[100.4845,13.88],[100.4835,13.8815],[100.484,13.881],[100.4845,13.8815],[100.485,13.883],[100.4845,13.8815],[100.486,13.8805],[100.4845,13.88],[100.4855,13.879],[100.4865,13.88],[100.487,13.8795],[100.4885,13.88],[100.489,13.8815],[100.49,13.881],[100.49,13.88],[100.487,13.878],[100.486,13.8785],[100.4855,13.878],[100.486,13.8775],[100.484,13.8765],[100.486,13.8725],[100.485,13.871],[100.4845,13.8715],[100.485,13.873],[100.4845,13.8735],[100.484,13.873],[100.4845,13.8725],[100.483,13.872],[100.4835,13.873],[100.4825,13.8735],[100.483,13.874],[100.4825,13.8745],[100.4785,13.8715]],[[100.4835,13.8755],[100.4835,13.876],[100.4835,13.8755]],[[100.4835,13.875]],[[100.4835,13.874],[100.483,13.8745],[100.483,13.874],[100.4835,13.874]],[[100.481,13.874]],[[100.4865,13.879],[100.486,13.8795],[100.4865,13.879]]],[[[100.488,13.884],[100.4885,13.886],[100.491,13.886],[100.491,13.885],[100.4915,13.8855],[100.492,13.8845],[100.4915,13.8835],[100.4905,13.884],[100.4895,13.8835],[100.4895,13.8845],[100.4885,13.8835],[100.488,13.884]]],[[[100.4895,13.883]]],[[[100.4895,13.883],[100.4905,13.883],[100.491,13.8815],[100.4905,13.881],[100.4895,13.883]]],[[[100.502,13.8635],[100.5035,13.8655],[100.506,13.862],[100.507,13.8625],[100.5075,13.8615],[100.509,13.8615],[100.5085,13.861],[100.504,13.862],[100.502,13.8635]]],[[[100.509,13.8615],[100.509,13.863],[100.51,13.864],[100.5105,13.863],[100.5115,13.863],[100.5115,13.862],[100.5125,13.863],[100.513,13.8625],[100.513,13.8635],[100.514,13.864],[100.5165,13.863],[100.5125,13.8605],[100.509,13.8615]],[[100.513,13.862],[100.513,13.861],[100.5135,13.862],[100.513,13.862]]],[[[100.5165,13.863],[100.5175,13.863],[100.517,13.863],[100.5165,13.863]]],[[[100.518,13.863],[100.518,13.8635],[100.518,13.864],[100.518,13.8635],[100.518,13.863]]],[[[100.5175,13.8645],[100.517,13.864],[100.515,13.865],[100.5155,13.867],[100.516,13.8665],[100.5175,13.867],[100.516,13.8675],[100.5165,13.8685],[100.514,13.87],[100.515,13.8715],[100.5155,13.8705],[100.517,13.8705],[100.517,13.8695],[100.518,13.869],[100.52,13.8705],[100.5205,13.87],[100.52,13.868],[100.524,13.866],[100.523,13.864],[100.521,13.866],[100.52,13.866],[100.52,13.8675],[100.5185,13.868],[100.5175,13.866],[100.5185,13.8655],[100.5175,13.8655],[100.5175,13.8645]],[[100.5215,13.8665],[100.5225,13.866],[100.5225,13.8665],[100.5215,13.8665]]],[[[100.5155,13.875],[100.5145,13.873],[100.513,13.874],[100.512,13.877],[100.5105,13.8785],[100.513,13.8795],[100.513,13.8815],[100.5115,13.8835],[100.5115,13.8825],[100.5105,13.8825],[100.511,13.884],[100.5095,13.884],[100.51,13.8855],[100.5105,13.885],[100.511,13.8855],[100.512,13.884],[100.513,13.8845],[100.5135,13.8855],[100.5125,13.886],[100.5145,13.887],[100.5155,13.8895],[100.5165,13.887],[100.5175,13.8865],[100.516,13.8855],[100.5155,13.8865],[100.5155,13.8855],[100.514,13.884],[100.515,13.883],[100.5135,13.882],[100.514,13.881],[100.515,13.881],[100.5145,13.88],[100.5155,13.879],[100.5175,13.879],[100.517,13.878],[100.516,13.879],[100.516,13.878],[100.515,13.8795],[100.5135,13.8785],[100.5135,13.8775],[100.5145,13.8775],[100.5135,13.8765],[100.515,13.8765],[100.5145,13.875],[100.515,13.8745],[100.5155,13.875]],[[100.514,13.875],[100.5145,13.875],[100.514,13.875]],[[100.513,13.8785],[100.5135,13.879],[100.513,13.879],[100.513,13.8785]]],[[[100.51,13.886],[100.5095,13.885],[100.5075,13.8845],[100.5085,13.887],[100.5075,13.8865],[100.508,13.888],[100.507,13.889],[100.508,13.8905],[100.5045,13.892],[100.5045,13.893],[100.5025,13.894],[100.5025,13.895],[100.4995,13.8965],[100.5,13.8985],[100.497,13.898],[100.497,13.899],[100.496,13.8985],[100.4955,13.9],[100.492,13.9005],[100.4915,13.9015],[100.4905,13.901],[100.4915,13.9035],[100.4925,13.901],[100.493,13.902],[100.4935,13.9005],[100.4955,13.9005],[100.4945,13.9025],[100.495,13.9035],[100.4965,13.903],[100.4965,13.9045],[100.4975,13.905],[100.497,13.9055],[100.495,13.905],[100.495,13.906],[100.4965,13.9055],[100.497,13.906],[100.4965,13.907],[100.499,13.9065],[100.5,13.9095],[100.498,13.9085],[100.498,13.9095],[100.4965,13.909],[100.4955,13.9095],[100.4955,13.9105],[100.495,13.91],[100.4955,13.9095],[100.4945,13.9095],[100.4955,13.909],[100.495,13.9075],[100.493,13.907],[100.494,13.909],[100.4935,13.9105],[100.4945,13.9115],[100.4985,13.911],[100.4985,13.9125],[100.4995,13.9125],[100.4985,13.913],[100.4985,13.914],[100.4975,13.914],[100.4985,13.914],[100.498,13.915],[100.499,13.916],[100.4985,13.9165],[100.5,13.918],[100.498,13.9185],[100.4985,13.919],[100.5,13.918],[100.4995,13.919],[100.5,13.9195],[100.5015,13.9195],[100.502,13.9185],[100.501,13.9185],[100.502,13.918],[100.5015,13.9165],[100.5,13.917],[100.4995,13.9165],[100.501,13.916],[100.5015,13.9145],[100.5,13.915],[100.5005,13.9135],[100.502,13.913],[100.501,13.9125],[100.5,13.91],[100.501,13.9095],[100.502,13.9105],[100.505,13.909],[100.5025,13.9085],[100.5025,13.907],[100.505,13.9035],[100.5065,13.905],[100.5075,13.9045],[100.507,13.9035],[100.5085,13.903],[100.5075,13.902],[100.5105,13.9015],[100.512,13.9],[100.5115,13.899],[100.5105,13.9],[100.509,13.9],[100.51,13.9005],[100.508,13.901],[100.5085,13.9015],[100.5075,13.902],[100.506,13.902],[100.5055,13.903],[100.504,13.9015],[100.5055,13.901],[100.503,13.9005],[100.503,13.899],[100.5035,13.9],[100.505,13.8985],[100.503,13.8985],[100.502,13.8975],[100.503,13.8975],[100.503,13.8965],[100.507,13.8935],[100.508,13.8945],[100.508,13.893],[100.507,13.8925],[100.5095,13.8915],[100.5105,13.8885],[100.5095,13.8885],[100.51,13.886]],[[100.5015,13.905],[100.501,13.906],[100.4985,13.904],[100.4965,13.9035],[100.4965,13.9025],[100.498,13.902],[100.4965,13.9015],[100.4965,13.9005],[100.501,13.899],[100.5005,13.8995],[100.502,13.901],[100.502,13.902],[100.504,13.903],[100.503,13.9035],[100.5035,13.9045],[100.502,13.904],[100.5015,13.905]],[[100.502,13.9]],[[100.502,13.8995],[100.5015,13.899],[100.5025,13.8995],[100.502,13.8995]],[[100.498,13.911]],[[100.4955,13.911]],[[100.4955,13.903],[100.496,13.9025],[100.496,13.903],[100.4955,13.903]],[[100.501,13.897]],[[100.5085,13.887]],[[100.502,13.909]],[[100.5035,13.9015]],[[100.504,13.904],[100.504,13.9045],[100.504,13.904]],[[100.5035,13.905]],[[100.5095,13.889],[100.51,13.8895],[100.5095,13.889]],[[100.509,13.89]],[[100.509,13.8905]],[[100.51,13.901]],[[100.5105,13.9]]],[[[100.4925,13.91],[100.492,13.91],[100.492,13.9105],[100.4925,13.9105],[100.4925,13.91]]],[[[100.493,13.916],[100.4905,13.916],[100.4905,13.915],[100.4895,13.9155],[100.4895,13.9165],[100.489,13.915],[100.487,13.9155],[100.489,13.9165],[100.4885,13.9185],[100.489,13.917],[100.4915,13.9175],[100.4915,13.9165],[100.493,13.916]],[[100.491,13.917]]],[[[100.483,13.917],[100.482,13.916],[100.4825,13.918],[100.483,13.917]]],[[[100.482,13.919],[100.482,13.9185],[100.4825,13.9215],[100.483,13.9195],[100.482,13.919]]],[[[100.491,13.918],[100.489,13.9195],[100.489,13.9205],[100.4895,13.921],[100.491,13.9195],[100.4905,13.9205],[100.492,13.9245],[100.493,13.923],[100.4945,13.9225],[100.4945,13.9215],[100.493,13.922],[100.4935,13.921],[100.492,13.9205],[100.4925,13.919],[100.4915,13.9195],[100.491,13.918]],[[100.492,13.9225],[100.492,13.922],[100.492,13.9225]]],[[[100.495,13.922],[100.495,13.9215],[100.495,13.922]]],[[[100.495,13.922]]],[[[100.495,13.922],[100.4945,13.923],[100.495,13.9245],[100.4975,13.9225],[100.4975,13.9215],[100.497,13.921],[100.495,13.922]]],[[[100.497,13.921]]],[[[100.505,13.909],[100.5035,13.91],[100.5035,13.911],[100.5055,13.9105],[100.5065,13.9115],[100.5075,13.911],[100.5085,13.9115],[100.508,13.9085],[100.507,13.909],[100.507,13.908],[100.506,13.909],[100.5065,13.9095],[100.505,13.909]]],[[[100.5085,13.9075],[100.509,13.9085],[100.51,13.9085],[100.51,13.91],[100.512,13.909],[100.512,13.9075],[100.511,13.9075],[100.511,13.9085],[100.511,13.9075],[100.51,13.907],[100.507,13.908],[100.5085,13.9075]],[[100.5095,13.9075],[100.5095,13.908],[100.5095,13.9075]]],[[[100.512,13.909],[100.5125,13.91],[100.513,13.9095],[100.5135,13.91],[100.514,13.9085],[100.512,13.909]]],[[[100.517,13.9095],[100.515,13.909],[100.5135,13.911],[100.5145,13.9105],[100.5155,13.9115],[100.516,13.911],[100.5165,13.9125],[100.519,13.914],[100.5195,13.912],[100.521,13.9125],[100.5205,13.911],[100.5195,13.9105],[100.5225,13.908],[100.522,13.9065],[100.5225,13.9075],[100.5235,13.9065],[100.5235,13.908],[100.5245,13.909],[100.525,13.908],[100.5255,13.909],[100.526,13.9075],[100.5275,13.9075],[100.5255,13.907],[100.525,13.906],[100.5235,13.906],[100.524,13.905],[100.525,13.905],[100.525,13.9035],[100.524,13.9035],[100.5235,13.9025],[100.5215,13.9045],[100.5205,13.904],[100.5195,13.9045],[100.52,13.9035],[100.519,13.903],[100.5185,13.9035],[100.5185,13.9045],[100.5195,13.905],[100.519,13.9055],[100.521,13.9055],[100.521,13.9065],[100.5205,13.9075],[100.5195,13.907],[100.5175,13.9075],[100.5175,13.9085],[100.52,13.908],[100.5195,13.9085],[100.52,13.9095],[100.518,13.9095],[100.519,13.9105],[100.518,13.911],[100.517,13.91],[100.5165,13.9105],[100.516,13.91],[100.517,13.9095]],[[100.5185,13.9115],[100.5185,13.911],[100.5185,13.9115]],[[100.5195,13.905]]],[[[100.5275,13.9075]]],[[[100.5275,13.9075]]],[[[100.5275,13.9075]]],[[[100.529,13.9075],[100.5265,13.908],[100.5275,13.909],[100.527,13.9095],[100.5285,13.91],[100.5285,13.911],[100.53,13.911],[100.5305,13.912],[100.5305,13.911],[100.532,13.9105],[100.5335,13.9085],[100.534,13.9065],[100.538,13.907],[100.5385,13.9055],[100.5395,13.9055],[100.539,13.9085],[100.5375,13.909],[100.538,13.9115],[100.537,13.9115],[100.537,13.9125],[100.5385,13.9125],[100.54,13.915],[100.5425,13.9145],[100.5405,13.9155],[100.5405,13.9165],[100.5395,13.917],[100.54,13.918],[100.5395,13.9195],[100.54,13.92],[100.541,13.9185],[100.542,13.92],[100.543,13.9195],[100.5415,13.9175],[100.543,13.917],[100.543,13.915],[100.5445,13.9145],[100.5445,13.913],[100.5425,13.914],[100.54,13.912],[100.5385,13.912],[100.5395,13.9105],[100.5415,13.91],[100.5415,13.909],[100.5405,13.909],[100.54,13.9075],[100.542,13.9085],[100.5425,13.9075],[100.541,13.9065],[100.542,13.9065],[100.5425,13.905],[100.5405,13.9045],[100.5405,13.9055],[100.539,13.9035],[100.538,13.9045],[100.5375,13.902],[100.5365,13.903],[100.536,13.9025],[100.5345,13.903],[100.535,13.9025],[100.535,13.904],[100.533,13.9055],[100.532,13.905],[100.5315,13.9065],[100.532,13.9075],[100.5315,13.9085],[100.531,13.908],[100.5305,13.9085],[100.531,13.909],[100.529,13.909],[100.5285,13.9085],[100.529,13.9075]],[[100.528,13.9095]],[[100.5325,13.9065],[100.5325,13.906],[100.5335,13.906],[100.5335,13.9065],[100.5325,13.9065]],[[100.5395,13.9085]],[[100.539,13.9095]],[[100.543,13.914]]],[[[100.5435,13.922],[100.544,13.923],[100.5445,13.923],[100.544,13.922],[100.5435,13.922]]],[[[100.545,13.9235],[100.543,13.9255],[100.544,13.9265],[100.546,13.9245],[100.547,13.926],[100.548,13.926],[100.5465,13.924],[100.5475,13.9225],[100.547,13.9215],[100.548,13.921],[100.5485,13.9215],[100.5475,13.9195],[100.5485,13.919],[100.5495,13.9205],[100.55,13.9185],[100.552,13.9165],[100.5515,13.9155],[100.5495,13.916],[100.548,13.9125],[100.5475,13.913],[100.547,13.912],[100.548,13.9145],[100.547,13.9145],[100.5475,13.915],[100.547,13.9155],[100.5495,13.9165],[100.548,13.918],[100.5475,13.9175],[100.547,13.9185],[100.5475,13.9195],[100.5465,13.919],[100.546,13.924],[100.545,13.9235]],[[100.55,13.9175],[100.5495,13.918],[100.5495,13.9175],[100.55,13.9175]],[[100.5485,13.918]]],[[[100.548,13.9125]]],[[[100.548,13.9125]]],[[[100.548,13.9125]]],[[[100.548,13.9125]]],[[[100.548,13.9115],[100.548,13.911],[100.5475,13.911],[100.548,13.9115]]],[[[100.5485,13.911],[100.55,13.9135],[100.5505,13.912],[100.55,13.912],[100.5515,13.9115],[100.552,13.9105],[100.5515,13.91],[100.5525,13.909],[100.551,13.9095],[100.55,13.908],[100.5465,13.9085],[100.5465,13.9095],[100.5475,13.9085],[100.5495,13.91],[100.5485,13.911]],[[100.55,13.9095],[100.5495,13.9095],[100.55,13.9095]]],[[[100.544,13.9045],[100.545,13.904],[100.544,13.903],[100.5445,13.9005],[100.546,13.902],[100.546,13.9],[100.547,13.9],[100.5465,13.8995],[100.546,13.9],[100.545,13.8995],[100.5445,13.9005],[100.544,13.9],[100.543,13.9025],[100.5415,13.902],[100.541,13.9025],[100.541,13.9035],[100.543,13.903],[100.5435,13.907],[100.544,13.9045]],[[100.5455,13.9],[100.5455,13.9005],[100.5455,13.9]]],[[[100.5475,13.8985],[100.5475,13.8995],[100.5485,13.899],[100.5495,13.8995],[100.549,13.9005],[100.551,13.901],[100.551,13.902],[100.5535,13.8995],[100.553,13.899],[100.5515,13.8995],[100.553,13.898],[100.553,13.8965],[100.5555,13.898],[100.555,13.8955],[100.5555,13.897],[100.5565,13.897],[100.557,13.898],[100.561,13.898],[100.56,13.8965],[100.559,13.8965],[100.5595,13.896],[100.559,13.8955],[100.556,13.8965],[100.556,13.8955],[100.555,13.895],[100.5565,13.8925],[100.558,13.893],[100.557,13.891],[100.5585,13.8905],[100.5585,13.889],[100.5595,13.8905],[100.5615,13.89],[100.5615,13.889],[100.5615,13.89],[100.563,13.8915],[100.5635,13.8895],[100.5645,13.8895],[100.564,13.889],[100.565,13.8885],[100.564,13.8885],[100.5645,13.8875],[100.5685,13.888],[100.568,13.8875],[100.569,13.887],[100.5705,13.889],[100.57,13.889],[100.5735,13.888],[100.573,13.8875],[100.574,13.8845],[100.577,13.8855],[100.5775,13.8835],[100.5785,13.8845],[100.578,13.883],[100.579,13.8825],[100.5785,13.881],[100.581,13.8805],[100.58,13.88],[100.581,13.8795],[100.58,13.8795],[100.5795,13.8785],[100.5785,13.8785],[100.5785,13.8795],[100.5775,13.8785],[100.576,13.882],[100.5765,13.8825],[100.5725,13.883],[100.572,13.8845],[100.573,13.8865],[100.571,13.886],[100.5705,13.887],[100.571,13.888],[100.5695,13.8865],[100.5705,13.886],[100.568,13.8845],[100.567,13.8855],[100.5635,13.885],[100.564,13.8865],[100.5625,13.888],[100.5605,13.887],[100.5605,13.889],[100.559,13.8865],[100.5585,13.888],[100.557,13.887],[100.5565,13.888],[100.557,13.89],[100.5555,13.89],[100.556,13.8915],[100.555,13.8915],[100.554,13.893],[100.5555,13.894],[100.555,13.8945],[100.553,13.894],[100.5525,13.893],[100.551,13.893],[100.551,13.894],[100.549,13.8945],[100.55,13.896],[100.55,13.895],[100.551,13.895],[100.5515,13.894],[100.5535,13.8955],[100.5515,13.8995],[100.5495,13.899],[100.549,13.898],[100.5485,13.899],[100.5475,13.8985]],[[100.552,13.8945],[100.552,13.894],[100.552,13.8945]],[[100.5535,13.895]],[[100.5565,13.8915],[100.557,13.891],[100.5565,13.8915]],[[100.5625,13.889],[100.563,13.889],[100.5625,13.8895],[100.562,13.889],[100.5625,13.889]],[[100.5645,13.886],[100.565,13.8865],[100.5645,13.886]],[[100.5665,13.8875],[100.567,13.8875],[100.5665,13.8875]],[[100.5675,13.887],[100.568,13.8865],[100.5675,13.887]],[[100.573,13.8835],[100.5735,13.8835],[100.5735,13.884],[100.573,13.8835]],[[100.5765,13.8835],[100.577,13.8835],[100.5775,13.8845],[100.577,13.8845],[100.5765,13.8835]],[[100.5745,13.884],[100.5745,13.8845],[100.5745,13.884]],[[100.5755,13.8835],[100.5755,13.884],[100.5755,13.8835]]],[[[100.561,13.898],[100.5615,13.8985],[100.56,13.8995],[100.5635,13.899],[100.5645,13.898],[100.564,13.8975],[100.566,13.8965],[100.5655,13.895],[100.5665,13.895],[100.566,13.8945],[100.5665,13.894],[100.5645,13.8935],[100.564,13.895],[100.563,13.8945],[100.564,13.8955],[100.561,13.898]],[[100.5635,13.8975]],[[100.565,13.895],[100.5645,13.895],[100.564,13.8945],[100.565,13.8945],[100.565,13.895]]],[[[100.5665,13.895]]],[[[100.5665,13.895]]],[[[100.568,13.8945],[100.571,13.895],[100.5725,13.894],[100.573,13.8925],[100.574,13.8935],[100.5745,13.8925],[100.5745,13.8935],[100.575,13.8925],[100.576,13.893],[100.5775,13.8925],[100.5765,13.89],[100.575,13.8915],[100.572,13.89],[100.5715,13.891],[100.5705,13.891],[100.57,13.8935],[100.568,13.8945]],[[100.573,13.8915],[100.573,13.8925],[100.5715,13.8915],[100.573,13.8915]],[[100.572,13.891]],[[100.5765,13.892],[100.5765,13.8925],[100.576,13.8925],[100.576,13.892],[100.5765,13.892]],[[100.5745,13.8915],[100.5745,13.892],[100.5745,13.8915]],[[100.575,13.8915],[100.575,13.892],[100.575,13.8915]]],[[[100.5765,13.89]]],[[[100.5765,13.89]]],[[[100.5765,13.89]]],[[[100.5775,13.89],[100.5785,13.891],[100.58,13.891],[100.5785,13.892],[100.5805,13.8915],[100.582,13.8935],[100.5835,13.8935],[100.5835,13.8925],[100.5845,13.895],[100.5835,13.895],[100.584,13.897],[100.5825,13.898],[100.582,13.9],[100.5835,13.9015],[100.584,13.9005],[100.5845,13.901],[100.583,13.9015],[100.5835,13.9025],[100.586,13.901],[100.585,13.9005],[100.5845,13.8995],[100.5855,13.8985],[100.5845,13.898],[100.586,13.8975],[100.5855,13.896],[100.5865,13.8955],[100.586,13.895],[100.5855,13.8955],[100.5855,13.8945],[100.587,13.8945],[100.586,13.892],[100.5875,13.8905],[100.587,13.8895],[100.5875,13.89],[100.588,13.8895],[100.5875,13.888],[100.5865,13.8875],[100.5855,13.888],[100.586,13.8885],[100.585,13.8905],[100.5855,13.8915],[100.5845,13.891],[100.585,13.892],[100.581,13.891],[100.58,13.8895],[100.578,13.8885],[100.5775,13.89]],[[100.5785,13.89],[100.5785,13.8895],[100.579,13.89],[100.5785,13.89]],[[100.5825,13.892]],[[100.585,13.9005],[100.585,13.901],[100.585,13.9005]],[[100.5845,13.8935],[100.584,13.893],[100.5855,13.893],[100.5845,13.8935]],[[100.586,13.89]]],[[[100.5875,13.902],[100.5855,13.903],[100.585,13.9045],[100.5875,13.904],[100.5875,13.9025],[100.5885,13.9025],[100.588,13.9015],[100.587,13.9015],[100.5875,13.902]]],[[[100.5885,13.9035],[100.592,13.906],[100.59,13.9025],[100.5885,13.9035]]],[[[100.5925,13.9055],[100.592,13.906],[100.594,13.9085],[100.592,13.9125],[100.5925,13.913],[100.5915,13.9135],[100.593,13.9145],[100.591,13.915],[100.591,13.9165],[100.594,13.916],[100.593,13.9155],[100.593,13.9145],[100.595,13.914],[100.594,13.911],[100.5955,13.91],[100.596,13.9105],[100.591,13.9015],[100.5925,13.9055]],[[100.594,13.912]],[[100.5935,13.911]]],[[[100.5945,13.916],[100.5905,13.9175],[100.591,13.918],[100.596,13.9165],[100.5965,13.917],[100.5935,13.9185],[100.5965,13.918],[100.596,13.916],[100.5945,13.916]]],[[[100.5965,13.918],[100.595,13.9195],[100.5955,13.92],[100.599,13.9215],[100.6005,13.921],[100.601,13.922],[100.602,13.9215],[100.602,13.9205],[100.6005,13.919],[100.5985,13.919],[100.599,13.9185],[100.5985,13.917],[100.5975,13.9175],[100.598,13.919],[100.5965,13.918]],[[100.5985,13.9175],[100.599,13.918],[100.598,13.9175],[100.5985,13.9175]],[[100.5985,13.919],[100.598,13.919],[100.5985,13.919]]],[[[100.598,13.9145],[100.597,13.913],[100.598,13.9145]]],[[[100.5865,13.8865],[100.588,13.8865],[100.588,13.8855],[100.591,13.884],[100.592,13.8855],[100.5925,13.885],[100.5915,13.883],[100.593,13.882],[100.5915,13.883],[100.588,13.883],[100.5865,13.882],[100.586,13.8835],[100.587,13.884],[100.585,13.8855],[100.5865,13.8865]],[[100.589,13.8835],[100.5895,13.8835],[100.589,13.8835]],[[100.5905,13.8835],[100.59,13.884],[100.5905,13.8835]]],[[[100.593,13.882],[100.596,13.882],[100.5975,13.881],[100.5965,13.88],[100.595,13.88],[100.5955,13.881],[100.5945,13.8795],[100.5955,13.879],[100.594,13.878],[100.5935,13.879],[100.592,13.8795],[100.5925,13.881],[100.5935,13.881],[100.593,13.882]],[[100.5935,13.8805],[100.593,13.8805],[100.5935,13.88],[100.5935,13.8805]]],[[[100.5975,13.882]]],[[[100.5975,13.882],[100.597,13.882],[100.5975,13.882]]],[[[100.597,13.882],[100.5945,13.883],[100.594,13.886],[100.5945,13.8865],[100.597,13.886],[100.597,13.887],[100.598,13.887],[100.5985,13.888],[100.598,13.889],[100.5985,13.8895],[100.601,13.89],[100.6025,13.889],[100.6025,13.8905],[100.6045,13.892],[100.6055,13.8915],[100.6035,13.895],[100.607,13.897],[100.6055,13.8945],[100.606,13.8925],[100.604,13.8885],[100.604,13.8895],[100.6,13.8875],[100.6005,13.886],[100.6015,13.886],[100.601,13.885],[100.598,13.8855],[100.5985,13.8845],[100.597,13.885],[100.5965,13.884],[100.5955,13.884],[100.5965,13.8835],[100.597,13.882]],[[100.595,13.8845]],[[100.606,13.892]]],[[[100.6095,13.898],[100.6105,13.8995],[100.612,13.8975],[100.611,13.897],[100.6125,13.897],[100.613,13.896],[100.6115,13.893],[100.6095,13.895],[100.61,13.8975],[100.6095,13.898]]],[[[100.6095,13.8925],[100.6095,13.8915],[100.6105,13.8915],[100.61,13.89],[100.611,13.8895],[100.611,13.888],[100.61,13.8875],[100.6085,13.889],[100.6075,13.8885],[100.609,13.8895],[100.608,13.8915],[100.607,13.8915],[100.6085,13.893],[100.6095,13.8925]]],[[[100.6075,13.8875],[100.609,13.8855],[100.608,13.8845],[100.6085,13.884],[100.6065,13.883],[100.605,13.88],[100.604,13.8795],[100.602,13.88],[100.6025,13.8785],[100.602,13.8775],[100.6035,13.876],[100.605,13.876],[100.606,13.874],[100.608,13.874],[100.6075,13.8715],[100.6085,13.872],[100.61,13.8715],[100.6095,13.87],[100.607,13.8705],[100.6075,13.8705],[100.607,13.8715],[100.606,13.8715],[100.6065,13.8725],[100.605,13.8725],[100.6045,13.8745],[100.603,13.8745],[100.6025,13.876],[100.6,13.876],[100.601,13.8765],[100.5995,13.878],[100.6,13.8795],[100.6005,13.879],[100.601,13.8795],[100.6,13.88],[100.6,13.8795],[100.6,13.8805],[100.6015,13.881],[100.6025,13.8805],[100.603,13.8815],[100.6055,13.8825],[100.604,13.884],[100.6055,13.8845],[100.6055,13.8855],[100.606,13.885],[100.6065,13.8855],[100.6055,13.8865],[100.606,13.8885],[100.6075,13.8875]],[[100.6065,13.8725],[100.6075,13.873],[100.6065,13.873],[100.6065,13.8725]],[[100.605,13.875],[100.605,13.8755],[100.605,13.875]],[[100.6045,13.8815],[100.6045,13.882],[100.604,13.8815],[100.6045,13.8815]],[[100.605,13.8815],[100.6055,13.8815],[100.605,13.8815]],[[100.607,13.872]]],[[[100.6075,13.8695],[100.609,13.87],[100.609,13.869],[100.608,13.8685],[100.609,13.869],[100.61,13.867],[100.6065,13.8685],[100.6075,13.8695]]],[[[100.6015,13.871],[100.601,13.871],[100.6005,13.8715],[100.6015,13.871]]],[[[100.597,13.8715],[100.5965,13.87],[100.5975,13.868],[100.597,13.8675],[100.596,13.868],[100.5955,13.8665],[100.594,13.8665],[100.594,13.869],[100.595,13.8685],[100.5955,13.871],[100.597,13.8715]],[[100.597,13.8685],[100.5965,13.8685],[100.597,13.8685]]],[[[100.59,13.8635],[100.591,13.8635],[100.592,13.862],[100.5905,13.862],[100.5915,13.861],[100.591,13.8605],[100.59,13.861],[100.5895,13.8625],[100.588,13.8605],[100.5885,13.8595],[100.5875,13.8595],[100.589,13.858],[100.587,13.858],[100.5885,13.861],[100.587,13.861],[100.5865,13.8595],[100.5875,13.8665],[100.5885,13.866],[100.588,13.865],[100.5885,13.864],[100.5875,13.863],[100.5895,13.8625],[100.5905,13.863],[100.59,13.8635]],[[100.588,13.8645]]],[[[100.587,13.858]]],[[[100.5875,13.856]]],[[[100.5875,13.856]]],[[[100.5875,13.856],[100.5875,13.8505],[100.5865,13.85],[100.5875,13.849],[100.584,13.8485],[100.5845,13.849],[100.584,13.85],[100.586,13.851],[100.584,13.8535],[100.5865,13.8535],[100.586,13.8545],[100.5875,13.856]],[[100.5855,13.8525],[100.586,13.8525],[100.586,13.853],[100.5855,13.8525]],[[100.586,13.851],[100.587,13.851],[100.586,13.851]]],[[[100.5835,13.8485],[100.5845,13.848],[100.584,13.847],[100.583,13.847],[100.5835,13.8455],[100.582,13.846],[100.5815,13.844],[100.581,13.8445],[100.58,13.8435],[100.5785,13.844],[100.579,13.841],[100.5805,13.8405],[100.579,13.838],[100.58,13.8385],[100.582,13.837],[100.581,13.8365],[100.581,13.8355],[100.5785,13.835],[100.5785,13.834],[100.577,13.834],[100.577,13.8315],[100.575,13.831],[100.5765,13.83],[100.575,13.829],[100.575,13.8275],[100.5715,13.828],[100.574,13.83],[100.572,13.832],[100.575,13.832],[100.575,13.8335],[100.576,13.834],[100.5755,13.835],[100.5765,13.835],[100.577,13.836],[100.577,13.835],[100.5785,13.835],[100.578,13.836],[100.579,13.8365],[100.5765,13.8385],[100.578,13.84],[100.577,13.842],[100.5795,13.846],[100.581,13.8465],[100.5815,13.847],[100.581,13.8475],[100.583,13.8475],[100.5825,13.8485],[100.5835,13.8485]],[[100.573,13.8315],[100.574,13.832],[100.573,13.8315]],[[100.5765,13.833],[100.576,13.8335],[100.576,13.833],[100.5765,13.833]],[[100.574,13.8305]],[[100.5755,13.832]],[[100.578,13.843]],[[100.579,13.836],[100.5795,13.8365],[100.579,13.836]],[[100.58,13.845],[100.5805,13.845],[100.58,13.845]]],[[[100.57,13.827],[100.572,13.8275],[100.5735,13.8265],[100.572,13.826],[100.573,13.825],[100.5725,13.824],[100.5705,13.8245],[100.572,13.8235],[100.571,13.823],[100.571,13.822],[100.5705,13.8225],[100.571,13.8215],[100.569,13.819],[100.569,13.8175],[100.5665,13.8165],[100.5675,13.8145],[100.5665,13.813],[100.568,13.8135],[100.5675,13.811],[100.569,13.8115],[100.5685,13.8125],[100.57,13.814],[100.5705,13.813],[100.5725,13.8135],[100.573,13.812],[100.575,13.8125],[100.575,13.8135],[100.5755,13.813],[100.5765,13.8105],[100.5775,13.8105],[100.577,13.8095],[100.578,13.809],[100.577,13.809],[100.577,13.808],[100.5785,13.8075],[100.578,13.8065],[100.5795,13.8055],[100.5795,13.8035],[100.5815,13.802],[100.5795,13.802],[100.579,13.801],[100.5775,13.801],[100.5775,13.802],[100.578,13.8],[100.575,13.8005],[100.577,13.803],[100.5765,13.804],[100.5775,13.8025],[100.5785,13.8035],[100.5775,13.8045],[100.577,13.808],[100.576,13.8085],[100.5755,13.808],[100.5755,13.8095],[100.5745,13.8095],[100.5745,13.8105],[100.574,13.8095],[100.5725,13.8095],[100.571,13.812],[100.5695,13.811],[100.5705,13.8095],[100.5685,13.8095],[100.567,13.81],[100.5645,13.813],[100.565,13.816],[100.5645,13.815],[100.564,13.816],[100.5655,13.8165],[100.5665,13.818],[100.5655,13.8185],[100.5655,13.82],[100.566,13.8195],[100.5665,13.8205],[100.568,13.8205],[100.5695,13.8225],[100.569,13.8245],[100.57,13.8245],[100.5685,13.8245],[100.569,13.825],[100.568,13.826],[100.5695,13.8255],[100.57,13.8265],[100.569,13.827],[100.57,13.827]],[[100.5695,13.81],[100.5695,13.8105],[100.569,13.81],[100.5685,13.8105],[100.5685,13.81],[100.5695,13.81]],[[100.5655,13.814]],[[100.569,13.82]],[[100.5785,13.8025],[100.5785,13.803],[100.5785,13.8025]],[[100.5785,13.8015]],[[100.5725,13.811],[100.572,13.811],[100.5725,13.811]],[[100.572,13.813],[100.572,13.8125],[100.572,13.813]],[[100.576,13.801],[100.5765,13.801],[100.576,13.801]],[[100.5765,13.809]]],[[[100.575,13.7965],[100.577,13.797],[100.577,13.796],[100.578,13.796],[100.577,13.794],[100.5775,13.795],[100.5795,13.7945],[100.579,13.7935],[100.5805,13.7915],[100.5795,13.791],[100.5825,13.7895],[100.581,13.789],[100.581,13.788],[100.58,13.788],[100.5795,13.787],[100.58,13.786],[100.5785,13.7845],[100.5765,13.7835],[100.577,13.7825],[100.5765,13.782],[100.5785,13.7835],[100.5785,13.7815],[100.58,13.781],[100.5795,13.7805],[100.5805,13.7795],[100.579,13.778],[100.5795,13.7775],[100.5795,13.7785],[100.581,13.7785],[100.5795,13.7755],[100.579,13.776],[100.5775,13.7745],[100.5745,13.7755],[100.5745,13.7775],[100.5755,13.777],[100.576,13.7755],[100.578,13.778],[100.579,13.7775],[100.579,13.7785],[100.577,13.779],[100.578,13.781],[100.576,13.781],[100.5765,13.782],[100.5745,13.783],[100.575,13.7845],[100.5745,13.786],[100.575,13.7865],[100.5765,13.7855],[100.578,13.7875],[100.578,13.789],[100.5795,13.7895],[100.578,13.791],[100.577,13.7905],[100.5765,13.792],[100.578,13.792],[100.578,13.793],[100.576,13.794],[100.575,13.7965]],[[100.5785,13.787],[100.5785,13.7875],[100.5785,13.787]],[[100.5795,13.78]],[[100.576,13.785]],[[100.579,13.7765],[100.5795,13.777],[100.579,13.7765]],[[100.578,13.7855]],[[100.5795,13.7885]]],[[[100.576,13.775],[100.576,13.772],[100.5755,13.771],[100.574,13.7715],[100.5745,13.77],[100.574,13.769],[100.5735,13.772],[100.57,13.771],[100.57,13.7695],[100.569,13.7695],[100.568,13.768],[100.5665,13.77],[100.5675,13.771],[100.568,13.7705],[100.569,13.772],[100.57,13.7715],[100.57,13.7735],[100.5725,13.774],[100.5735,13.7725],[100.574,13.774],[100.5755,13.774],[100.576,13.775]],[[100.575,13.7735]]],[[[100.574,13.769],[100.574,13.7685],[100.574,13.769]]],[[[100.574,13.7685]]],[[[100.574,13.7685]]],[[[100.574,13.7685],[100.577,13.7675],[100.5765,13.7665],[100.575,13.767],[100.576,13.767],[100.575,13.7655],[100.5735,13.767],[100.5745,13.7655],[100.5735,13.7655],[100.574,13.765],[100.5735,13.7645],[100.5735,13.7655],[100.572,13.7655],[100.5725,13.7675],[100.573,13.7665],[100.5745,13.768],[100.574,13.7685]]],[[[100.573,13.764],[100.574,13.7625],[100.573,13.762],[100.573,13.761],[100.574,13.761],[100.574,13.7595],[100.5735,13.76],[100.573,13.7595],[100.574,13.756],[100.573,13.7565],[100.5725,13.755],[100.5735,13.7545],[100.574,13.755],[100.575,13.7535],[100.5755,13.7545],[100.5785,13.754],[100.575,13.752],[100.573,13.7525],[100.573,13.7535],[100.572,13.754],[100.573,13.755],[100.572,13.7545],[100.571,13.755],[100.57,13.754],[100.5685,13.7545],[100.5675,13.754],[100.568,13.753],[100.566,13.753],[100.5675,13.7515],[100.5655,13.751],[100.5645,13.752],[100.565,13.7535],[100.569,13.756],[100.5675,13.7565],[100.567,13.7585],[100.566,13.758],[100.5665,13.7605],[100.5685,13.76],[100.568,13.7585],[100.5695,13.758],[100.569,13.7565],[100.5695,13.7575],[100.5715,13.7565],[100.5715,13.7575],[100.5725,13.7575],[100.5725,13.759],[100.5715,13.761],[100.57,13.761],[100.5705,13.762],[100.57,13.7625],[100.572,13.763],[100.5715,13.762],[100.5725,13.762],[100.573,13.764]],[[100.566,13.7535],[100.566,13.754],[100.566,13.7535]],[[100.574,13.7535],[100.5735,13.754],[100.5735,13.7535],[100.574,13.7535]],[[100.5695,13.7555],[100.5695,13.755],[100.5695,13.7555]],[[100.5725,13.757]],[[100.574,13.755],[100.574,13.7545],[100.574,13.755]]],[[[100.576,13.7585],[100.574,13.759],[100.5765,13.762],[100.578,13.7605],[100.5805,13.761],[100.5785,13.76],[100.5775,13.7605],[100.5785,13.7575],[100.578,13.759],[100.5775,13.759],[100.578,13.758],[100.5775,13.759],[100.576,13.7585]],[[100.5755,13.76]]],[[[100.579,13.7585],[100.5795,13.7585],[100.579,13.7585]]],[[[100.5825,13.756],[100.583,13.758],[100.584,13.7585],[100.584,13.7575],[100.585,13.757],[100.5845,13.755],[100.585,13.756],[100.585,13.755],[100.5865,13.754],[100.5825,13.753],[100.581,13.754],[100.584,13.755],[100.583,13.7555],[100.583,13.7565],[100.5825,13.756]]],[[[100.5805,13.7535],[100.581,13.7515],[100.5785,13.7495],[100.5785,13.7515],[100.577,13.752],[100.5785,13.7535],[100.579,13.752],[100.5805,13.7535]]],[[[100.5655,13.75],[100.568,13.7495],[100.568,13.7515],[100.5695,13.752],[100.57,13.7515],[100.569,13.7495],[100.5705,13.749],[100.572,13.75],[100.573,13.748],[100.575,13.747],[100.575,13.746],[100.5735,13.747],[100.574,13.7465],[100.5715,13.7465],[100.572,13.748],[100.5655,13.75]]],[[[100.5795,13.745],[100.579,13.7455],[100.5805,13.7465],[100.5835,13.746],[100.585,13.7475],[100.5855,13.7465],[100.586,13.747],[100.5865,13.7465],[100.5855,13.7455],[100.587,13.7445],[100.582,13.7455],[100.5825,13.744],[100.5795,13.745]],[[100.581,13.745],[100.5805,13.745],[100.581,13.745]]],[[[100.591,13.744],[100.593,13.744],[100.5925,13.7445],[100.593,13.745],[100.5965,13.7435],[100.591,13.744]]],[[[100.595,13.7445],[100.5935,13.746],[100.5955,13.7455],[100.5955,13.7465],[100.5975,13.7465],[100.599,13.7485],[100.5995,13.747],[100.5985,13.744],[100.598,13.746],[100.595,13.7445]]],[[[100.6005,13.7485],[100.6035,13.751],[100.602,13.752],[100.602,13.753],[100.6035,13.7535],[100.602,13.7555],[100.6045,13.7555],[100.607,13.754],[100.6055,13.753],[100.604,13.7535],[100.6045,13.753],[100.6035,13.752],[100.6045,13.752],[100.605,13.751],[100.6015,13.748],[100.6035,13.747],[100.6035,13.748],[100.6055,13.748],[100.6065,13.749],[100.607,13.7465],[100.6055,13.747],[100.6045,13.746],[100.605,13.7465],[100.601,13.7465],[100.6005,13.7455],[100.601,13.7455],[100.6,13.7455],[100.6015,13.748],[100.6005,13.7485]],[[100.604,13.747]],[[100.6045,13.747]]],[[[100.608,13.757],[100.606,13.757],[100.605,13.756],[100.606,13.758],[100.6045,13.76],[100.606,13.7595],[100.607,13.7605],[100.6065,13.759],[100.6075,13.76],[100.6085,13.7595],[100.6075,13.758],[100.607,13.7585],[100.608,13.757]],[[100.6075,13.759],[100.607,13.7585],[100.6075,13.759]]],[[[100.6095,13.7585],[100.6105,13.7605],[100.6095,13.76],[100.6085,13.762],[100.6115,13.7615],[100.611,13.7625],[100.612,13.763],[100.6125,13.7625],[100.6145,13.764],[100.614,13.766],[100.616,13.7665],[100.617,13.7655],[100.6165,13.768],[100.6175,13.768],[100.618,13.7645],[100.617,13.7645],[100.6165,13.763],[100.616,13.764],[100.6145,13.7635],[100.6155,13.763],[100.615,13.762],[100.6155,13.7615],[100.6145,13.7625],[100.613,13.7615],[100.614,13.761],[100.6135,13.76],[100.613,13.761],[100.6115,13.761],[100.611,13.7605],[100.6115,13.7595],[100.6125,13.7595],[100.611,13.7575],[100.6095,13.7585]],[[100.615,13.765]],[[100.612,13.7585],[100.6115,13.759],[100.611,13.758],[100.612,13.7585]]],[[[100.618,13.7645],[100.619,13.765],[100.619,13.766],[100.6205,13.7655],[100.621,13.7645],[100.621,13.7665],[100.6225,13.769],[100.625,13.7685],[100.6245,13.768],[100.625,13.7645],[100.6245,13.7665],[100.623,13.767],[100.6235,13.7645],[100.623,13.763],[100.622,13.7645],[100.62,13.7635],[100.6205,13.7625],[100.62,13.763],[100.619,13.762],[100.619,13.764],[100.618,13.7645]],[[100.6225,13.765],[100.6225,13.7645],[100.6225,13.765]],[[100.622,13.767],[100.622,13.766],[100.6225,13.7665],[100.622,13.767]]],[[[100.6255,13.763],[100.627,13.763],[100.626,13.764],[100.627,13.765],[100.628,13.7645],[100.6275,13.766],[100.6285,13.766],[100.6295,13.7635],[100.6255,13.7625],[100.6255,13.763]]],[[[100.6295,13.765],[100.6295,13.7665],[100.6285,13.7665],[100.6295,13.767],[100.6285,13.7705],[100.6275,13.7705],[100.628,13.77],[100.6275,13.769],[100.626,13.7705],[100.626,13.774],[100.6265,13.7735],[100.6275,13.7745],[100.627,13.7715],[100.6285,13.772],[100.63,13.77],[100.6305,13.771],[100.6325,13.7705],[100.6325,13.7725],[100.6345,13.772],[100.633,13.774],[100.632,13.774],[100.632,13.776],[100.633,13.776],[100.632,13.777],[100.633,13.7775],[100.6325,13.7785],[100.6335,13.779],[100.634,13.7785],[100.6335,13.7775],[100.6355,13.777],[100.635,13.7755],[100.634,13.7755],[100.635,13.773],[100.637,13.7725],[100.637,13.771],[100.633,13.769],[100.633,13.768],[100.6315,13.7685],[100.631,13.77],[100.6295,13.7695],[100.6305,13.7675],[100.63,13.7665],[100.6305,13.765],[100.6295,13.765]],[[100.627,13.7725]],[[100.632,13.769],[100.632,13.77],[100.632,13.769]]],[[[100.626,13.774],[100.625,13.7725],[100.6235,13.773],[100.6245,13.7745],[100.623,13.7755],[100.6235,13.777],[100.622,13.779],[100.6255,13.78],[100.627,13.7795],[100.6265,13.7815],[100.627,13.782],[100.6275,13.781],[100.629,13.7815],[100.6305,13.783],[100.6315,13.7815],[100.6305,13.781],[100.632,13.7805],[100.632,13.778],[100.6305,13.779],[100.6305,13.78],[100.6275,13.7795],[100.6275,13.777],[100.627,13.778],[100.626,13.7775],[100.625,13.778],[100.6245,13.7775],[100.6255,13.7765],[100.625,13.7755],[100.626,13.774]],[[100.63,13.7805]],[[100.6295,13.781]]],[[[100.6365,13.764],[100.636,13.7645],[100.6365,13.764]]],[[[100.6355,13.7675],[100.636,13.768],[100.6375,13.7675],[100.638,13.765],[100.6375,13.7655],[100.6375,13.7645],[100.637,13.7655],[100.636,13.765],[100.6355,13.7675]]],[[[100.641,13.7645],[100.6415,13.7685],[100.643,13.769],[100.6445,13.7685],[100.6455,13.771],[100.647,13.771],[100.6465,13.772],[100.647,13.7725],[100.649,13.7725],[100.651,13.7695],[100.651,13.773],[100.6525,13.7735],[100.652,13.7745],[100.653,13.775],[100.6525,13.776],[100.6535,13.7765],[100.654,13.773],[100.6515,13.7725],[100.652,13.7705],[100.6525,13.7705],[100.652,13.772],[100.653,13.7715],[100.654,13.7725],[100.6545,13.7715],[100.6555,13.7715],[100.655,13.7705],[100.6525,13.7685],[100.653,13.7705],[100.6505,13.769],[100.649,13.77],[100.6495,13.7685],[100.6485,13.7685],[100.648,13.77],[100.647,13.77],[100.6465,13.7685],[100.6455,13.768],[100.6455,13.7665],[100.6445,13.7665],[100.644,13.765],[100.6435,13.7665],[100.642,13.767],[100.642,13.765],[100.641,13.7645]],[[100.6455,13.7695],[100.646,13.7695],[100.6455,13.7695]],[[100.644,13.768],[100.644,13.7675],[100.644,13.768]],[[100.6495,13.7705],[100.6495,13.771],[100.6495,13.7705]],[[100.654,13.77],[100.654,13.771],[100.6535,13.7705],[100.654,13.77]]],[[[100.655,13.7735],[100.654,13.776],[100.6545,13.7765],[100.655,13.7755],[100.656,13.776],[100.6565,13.7745],[100.658,13.775],[100.6585,13.7735],[100.6575,13.7735],[100.657,13.7725],[100.6555,13.7725],[100.656,13.7735],[100.655,13.7735]],[[100.6565,13.773],[100.656,13.773],[100.6565,13.773]],[[100.6565,13.7735]]],[[[100.6605,13.7735],[100.663,13.775],[100.6635,13.7745],[100.6605,13.7725],[100.661,13.773],[100.6605,13.7735]]],[[[100.664,13.7755],[100.6645,13.7755],[100.6665,13.777],[100.666,13.7765],[100.664,13.7755]]],[[[100.6665,13.777]]],[[[100.668,13.778],[100.667,13.7775],[100.6665,13.7785],[100.666,13.7775],[100.6645,13.778],[100.6655,13.779],[100.6655,13.781],[100.6665,13.7805],[100.666,13.7815],[100.667,13.7815],[100.666,13.783],[100.6665,13.7835],[100.6685,13.781],[100.667,13.7795],[100.6695,13.779],[100.668,13.778]]],[[[100.668,13.7815],[100.6665,13.7845],[100.672,13.7865],[100.6715,13.7855],[100.672,13.785],[100.6725,13.7865],[100.674,13.787],[100.6735,13.7875],[100.674,13.7885],[100.6745,13.788],[100.6755,13.7885],[100.6765,13.787],[100.676,13.788],[100.6765,13.79],[100.6775,13.789],[100.678,13.79],[100.679,13.79],[100.6785,13.7885],[100.68,13.787],[100.678,13.7865],[100.677,13.787],[100.677,13.788],[100.6745,13.7855],[100.674,13.7865],[100.6735,13.7845],[100.672,13.785],[100.673,13.7835],[100.6725,13.783],[100.672,13.784],[100.6715,13.7835],[100.671,13.784],[100.671,13.7825],[100.671,13.7835],[100.67,13.7835],[100.67,13.7825],[100.6685,13.7835],[100.669,13.7825],[100.6685,13.783],[100.668,13.7815]],[[100.669,13.784],[100.669,13.7845],[100.669,13.784]],[[100.671,13.785],[100.6705,13.785],[100.6695,13.7845],[100.671,13.785]],[[100.671,13.784]],[[100.679,13.787]],[[100.6755,13.7865],[100.6755,13.7875],[100.675,13.787],[100.6755,13.7865]]],[[[100.68,13.7865],[100.681,13.7875],[100.6825,13.7875],[100.6815,13.7865],[100.682,13.7855],[100.679,13.7835],[100.6785,13.784],[100.6795,13.786],[100.68,13.7855],[100.68,13.7865]]],[[[100.6845,13.787],[100.6835,13.787],[100.683,13.788],[100.684,13.7885],[100.684,13.79],[100.685,13.789],[100.686,13.7895],[100.6865,13.788],[100.6845,13.787]],[[100.684,13.788],[100.6845,13.788],[100.684,13.788]],[[100.685,13.788],[100.685,13.7885],[100.685,13.788]]],[[[100.686,13.7915]]],[[[100.686,13.7915]]],[[[100.686,13.7915]]],[[[100.686,13.792],[100.686,13.7915],[100.686,13.792],[100.6865,13.792],[100.687,13.7915],[100.686,13.792]]],[[[100.6875,13.792],[100.687,13.793],[100.686,13.793],[100.688,13.794],[100.6885,13.794],[100.688,13.793],[100.69,13.7925],[100.6915,13.7935],[100.692,13.793],[100.6905,13.792],[100.6915,13.7915],[100.6915,13.7905],[100.6885,13.789],[100.6885,13.7905],[100.6895,13.7915],[100.6875,13.792]]],[[[100.6955,13.794],[100.695,13.7945],[100.693,13.7935],[100.695,13.7955],[100.6955,13.794]]],[[[100.696,13.797],[100.694,13.796],[100.6935,13.7965],[100.6995,13.799],[100.699,13.801],[100.7005,13.7995],[100.7015,13.8],[100.702,13.7995],[100.7,13.7985],[100.7005,13.7975],[100.6995,13.7955],[100.7025,13.796],[100.7005,13.7945],[100.7,13.7955],[100.6995,13.7945],[100.697,13.7975],[100.6985,13.795],[100.6975,13.7945],[100.6965,13.795],[100.697,13.7975],[100.696,13.797]],[[100.7,13.7985],[100.6985,13.798],[100.7,13.7985]],[[100.699,13.797]]],[[[100.701,13.7985],[100.7025,13.8],[100.7035,13.799],[100.7015,13.798],[100.7025,13.7975],[100.7015,13.7975],[100.701,13.7985]]],[[[100.7045,13.8005],[100.704,13.801],[100.705,13.802],[100.7075,13.8015],[100.709,13.8025],[100.709,13.8015],[100.71,13.8025],[100.7105,13.802],[100.71,13.8005],[100.7085,13.7995],[100.7075,13.7995],[100.7085,13.8],[100.7075,13.801],[100.7045,13.8005]],[[100.7085,13.801],[100.7085,13.8015],[100.7085,13.801]]],[[[100.699,13.7925],[100.6995,13.7935],[100.702,13.792],[100.698,13.79],[100.6995,13.7875],[100.699,13.787],[100.6975,13.7895],[100.6995,13.7905],[100.6995,13.7915],[100.697,13.7925],[100.6985,13.7925],[100.698,13.793],[100.699,13.7935],[100.699,13.7925]],[[100.6985,13.792],[100.6985,13.7925],[100.6985,13.792]],[[100.7,13.792],[100.6995,13.792],[100.7,13.792]]],[[[100.6965,13.789],[100.6975,13.7875],[100.6965,13.7865],[100.696,13.7875],[100.694,13.787],[100.691,13.789],[100.692,13.79],[100.694,13.7895],[100.6935,13.7905],[100.695,13.7915],[100.696,13.7915],[100.6965,13.7905],[100.6955,13.7905],[100.695,13.789],[100.6965,13.789]],[[100.6955,13.7875]]],[[[100.691,13.786],[100.688,13.785],[100.6895,13.787],[100.689,13.788],[100.6905,13.789],[100.6915,13.7875],[100.6905,13.7865],[100.691,13.786]]],[[[100.6875,13.787],[100.6845,13.786],[100.687,13.7875],[100.6875,13.787]]],[[[100.6815,13.7845],[100.6815,13.784],[100.679,13.7825],[100.679,13.783],[100.6815,13.7845]]],[[[100.6765,13.7815],[100.678,13.782],[100.6785,13.781],[100.681,13.781],[100.6785,13.7795],[100.678,13.778],[100.676,13.778],[100.6775,13.7765],[100.6765,13.776],[100.677,13.775],[100.6765,13.7745],[100.6755,13.776],[100.675,13.774],[100.673,13.7755],[100.6725,13.773],[100.6705,13.7745],[100.668,13.774],[100.6685,13.776],[100.6695,13.776],[100.669,13.777],[100.67,13.7775],[100.6705,13.7755],[100.6715,13.775],[100.672,13.776],[100.675,13.7765],[100.6755,13.778],[100.678,13.779],[100.6765,13.7815]],[[100.674,13.7755],[100.6735,13.776],[100.674,13.7755]],[[100.675,13.7765],[100.675,13.777],[100.675,13.7765]]],[[[100.666,13.7735],[100.6665,13.773],[100.666,13.7735]]],[[[100.667,13.7715],[100.667,13.7705],[100.666,13.7715],[100.667,13.7715]]],[[[100.6655,13.7725],[100.663,13.7705],[100.662,13.771],[100.663,13.7715],[100.663,13.7725],[100.6635,13.7715],[100.6635,13.773],[100.6655,13.7725]]],[[[100.657,13.7705],[100.6585,13.7675],[100.6565,13.766],[100.6575,13.766],[100.658,13.7645],[100.657,13.7645],[100.655,13.7625],[100.652,13.7635],[100.6525,13.7615],[100.652,13.761],[100.6515,13.7615],[100.6515,13.76],[100.651,13.7595],[100.6505,13.76],[100.65,13.758],[100.6495,13.759],[100.649,13.7585],[100.648,13.759],[100.6475,13.7605],[100.646,13.7595],[100.644,13.76],[100.6435,13.7615],[100.644,13.7615],[100.6415,13.762],[100.6425,13.764],[100.64,13.764],[100.645,13.7645],[100.644,13.7625],[100.6475,13.7625],[100.6495,13.761],[100.65,13.763],[100.656,13.766],[100.656,13.767],[100.6535,13.767],[100.6535,13.768],[100.6545,13.769],[100.657,13.768],[100.656,13.77],[100.6585,13.7715],[100.657,13.7705]],[[100.65,13.7605],[100.65,13.761],[100.65,13.7605]],[[100.6545,13.768]],[[100.657,13.7675]]],[[[100.632,13.763],[100.629,13.7625],[100.6305,13.763],[100.632,13.763]]],[[[100.6285,13.7625],[100.6305,13.761],[100.629,13.759],[100.628,13.759],[100.6275,13.757],[100.6265,13.7585],[100.6255,13.7575],[100.6235,13.7585],[100.6225,13.757],[100.623,13.756],[100.6215,13.7565],[100.62,13.756],[100.62,13.755],[100.6185,13.7555],[100.617,13.7545],[100.616,13.755],[100.617,13.752],[100.615,13.7535],[100.616,13.752],[100.6135,13.752],[100.6125,13.7535],[100.612,13.753],[100.6125,13.752],[100.6095,13.7515],[100.61,13.752],[100.6095,13.7545],[100.6115,13.753],[100.6135,13.755],[100.614,13.754],[100.615,13.754],[100.6155,13.7545],[100.6145,13.7555],[100.616,13.757],[100.6165,13.7565],[100.617,13.758],[100.618,13.757],[100.6195,13.758],[100.619,13.759],[100.62,13.759],[100.62,13.758],[100.6215,13.759],[100.623,13.758],[100.625,13.76],[100.625,13.759],[100.6255,13.76],[100.627,13.7595],[100.628,13.761],[100.6275,13.762],[100.6285,13.7625]],[[100.614,13.7535],[100.614,13.753],[100.614,13.7535]],[[100.618,13.7565]],[[100.619,13.756],[100.619,13.7565],[100.619,13.756]],[[100.6185,13.7555]],[[100.629,13.7615],[100.6285,13.761],[100.629,13.7615]]],[[[100.6065,13.7515],[100.6085,13.7505],[100.607,13.7485],[100.606,13.751],[100.6065,13.7515]]],[[[100.6045,13.7455],[100.6065,13.745],[100.6075,13.7455],[100.6075,13.744],[100.606,13.7445],[100.604,13.7425],[100.604,13.7435],[100.605,13.744],[100.6045,13.7455]]],[[[100.606,13.7425],[100.609,13.7415],[100.606,13.742],[100.6055,13.7415],[100.606,13.7425]]],[[[100.6035,13.7415],[100.605,13.741],[100.6045,13.74],[100.606,13.7395],[100.606,13.7385],[100.604,13.739],[100.604,13.738],[100.603,13.738],[100.603,13.739],[100.6025,13.738],[100.601,13.738],[100.602,13.7395],[100.6035,13.74],[100.603,13.741],[100.604,13.741],[100.6035,13.7415]]],[[[100.601,13.7395],[100.6005,13.738],[100.599,13.738],[100.598,13.736],[100.5975,13.737],[100.5985,13.7395],[100.599,13.7385],[100.5995,13.7395],[100.601,13.7395]]],[[[100.5985,13.7395]]],[[[100.5985,13.7395]]],[[[100.597,13.7405],[100.597,13.7395],[100.596,13.739],[100.596,13.7405],[100.597,13.7405]]],[[[100.596,13.7385],[100.5975,13.7385],[100.5975,13.7375],[100.595,13.7375],[100.596,13.7385]]],[[[100.594,13.7375],[100.594,13.7365],[100.5915,13.7365],[100.591,13.735],[100.5895,13.735],[100.5905,13.7375],[100.592,13.7365],[100.594,13.7375]],[[100.5915,13.7365],[100.591,13.7365],[100.5915,13.7365]]],[[[100.5905,13.7375]]],[[[100.5905,13.7375]]],[[[100.5905,13.739],[100.59,13.7375],[100.5885,13.737],[100.5855,13.739],[100.586,13.739],[100.5855,13.74],[100.5865,13.7395],[100.587,13.741],[100.5875,13.7405],[100.587,13.7425],[100.5885,13.742],[100.589,13.7405],[100.588,13.739],[100.589,13.7405],[100.5915,13.739],[100.5905,13.739]],[[100.59,13.7385]],[[100.5895,13.738]]],[[[100.585,13.739],[100.5845,13.738],[100.5855,13.7365],[100.5835,13.7355],[100.582,13.737],[100.583,13.737],[100.581,13.738],[100.579,13.7365],[100.5785,13.737],[100.579,13.7395],[100.582,13.739],[100.581,13.7395],[100.582,13.7435],[100.5825,13.7435],[100.582,13.7425],[100.583,13.7425],[100.583,13.7415],[100.582,13.7415],[100.5825,13.741],[100.5845,13.742],[100.5835,13.7415],[100.584,13.7405],[100.583,13.739],[100.584,13.738],[100.585,13.739]],[[100.5795,13.7385],[100.5795,13.738],[100.5795,13.7385]],[[100.5815,13.74],[100.582,13.7405],[100.582,13.741],[100.5815,13.74]]],[[[100.579,13.7395]]],[[[100.5785,13.741],[100.576,13.741],[100.576,13.745],[100.5735,13.7455],[100.573,13.745],[100.5705,13.746],[100.576,13.745],[100.577,13.744],[100.578,13.7445],[100.578,13.742],[100.5795,13.744],[100.5785,13.741]],[[100.577,13.742],[100.577,13.7415],[100.577,13.742]]],[[[100.5695,13.745],[100.569,13.744],[100.57,13.743],[100.568,13.742],[100.5685,13.7445],[100.5695,13.745]]],[[[100.568,13.7445],[100.568,13.7435],[100.5675,13.744],[100.568,13.7445]]],[[[100.5675,13.744],[100.567,13.7415],[100.566,13.742],[100.5665,13.743],[100.5655,13.743],[100.5675,13.744]]],[[[100.5655,13.7425],[100.565,13.741],[100.566,13.7395],[100.5655,13.737],[100.567,13.738],[100.569,13.7375],[100.5685,13.737],[100.5695,13.7365],[100.5685,13.736],[100.5695,13.735],[100.569,13.7335],[100.568,13.736],[100.567,13.7355],[100.567,13.7345],[100.5645,13.7355],[100.5655,13.7365],[100.5645,13.7355],[100.564,13.736],[100.5645,13.737],[100.563,13.737],[100.5635,13.738],[100.5645,13.738],[100.5635,13.739],[100.5645,13.743],[100.5655,13.7425]],[[100.5675,13.7375]],[[100.5675,13.736],[100.567,13.7365],[100.567,13.736],[100.5675,13.736]],[[100.566,13.7355],[100.566,13.735],[100.566,13.7355]],[[100.5645,13.7385]],[[100.5645,13.7375],[100.565,13.738],[100.5645,13.738],[100.5645,13.7375]]],[[[100.572,13.735],[100.571,13.736],[100.572,13.738],[100.5735,13.7365],[100.572,13.735]]],[[[100.572,13.7345],[100.5735,13.736],[100.574,13.735],[100.5735,13.7345],[100.5755,13.7335],[100.575,13.731],[100.576,13.732],[100.5775,13.7315],[100.578,13.7325],[100.579,13.73],[100.5795,13.731],[100.5815,13.731],[100.5825,13.73],[100.582,13.7295],[100.5825,13.729],[100.5815,13.7285],[100.583,13.728],[100.5825,13.7255],[100.584,13.7275],[100.5845,13.726],[100.5855,13.728],[100.5865,13.7265],[100.586,13.7255],[100.588,13.7255],[100.5875,13.723],[100.586,13.7225],[100.587,13.7235],[100.5855,13.724],[100.585,13.7255],[100.5835,13.724],[100.5835,13.7245],[100.582,13.724],[100.5825,13.725],[100.5815,13.7255],[100.582,13.7275],[100.581,13.727],[100.5815,13.728],[100.5805,13.7285],[100.58,13.727],[100.579,13.7275],[100.58,13.728],[100.5785,13.73],[100.5775,13.729],[100.5775,13.73],[100.577,13.7295],[100.5765,13.73],[100.576,13.729],[100.5755,13.7295],[100.574,13.729],[100.574,13.7305],[100.573,13.731],[100.5735,13.732],[100.572,13.7325],[100.573,13.7335],[100.572,13.7345]],[[100.573,13.733],[100.5735,13.732],[100.574,13.733],[100.573,13.733]],[[100.575,13.73]],[[100.5745,13.7295],[100.575,13.7295],[100.5745,13.7295]],[[100.574,13.731],[100.5745,13.732],[100.574,13.732],[100.574,13.731]],[[100.5735,13.734],[100.574,13.734],[100.5735,13.734]],[[100.575,13.7305]],[[100.577,13.731],[100.5775,13.7305],[100.5775,13.73],[100.5775,13.7305],[100.577,13.731]],[[100.5755,13.73]],[[100.584,13.7255]],[[100.58,13.7295],[100.58,13.73],[100.58,13.7305],[100.58,13.7295]],[[100.5855,13.726]],[[100.586,13.725],[100.586,13.7245],[100.586,13.725]]],[[[100.5875,13.72],[100.5885,13.722],[100.589,13.7205],[100.5895,13.7215],[100.59,13.72],[100.591,13.721],[100.5925,13.7205],[100.5935,13.7185],[100.5925,13.718],[100.593,13.7185],[100.5905,13.7195],[100.59,13.7185],[100.5885,13.72],[100.588,13.719],[100.5875,13.72]]],[[[100.5935,13.7175],[100.5945,13.717],[100.595,13.7185],[100.5965,13.719],[100.596,13.718],[100.5975,13.7175],[100.597,13.716],[100.598,13.716],[100.5985,13.7135],[100.5975,13.7125],[100.5985,13.7125],[100.598,13.711],[100.595,13.7145],[100.596,13.7145],[100.5955,13.7165],[100.5935,13.7155],[100.5925,13.716],[100.5935,13.7165],[100.593,13.7175],[100.5935,13.7175]],[[100.597,13.714],[100.597,13.7135],[100.5975,13.7135],[100.597,13.714]],[[100.597,13.715]]],[[[100.5985,13.711],[100.6015,13.711],[100.601,13.712],[100.6015,13.7125],[100.6045,13.7115],[100.6035,13.7105],[100.604,13.7095],[100.6035,13.71],[100.6025,13.7095],[100.602,13.7105],[100.6,13.711],[100.5995,13.71],[100.5995,13.711],[100.5985,13.711]]],[[[100.6045,13.709],[100.606,13.7095],[100.606,13.708],[100.609,13.7085],[100.6085,13.7065],[100.6065,13.7055],[100.6075,13.705],[100.6065,13.7035],[100.605,13.703],[100.606,13.7025],[100.6075,13.7035],[100.608,13.702],[100.606,13.701],[100.606,13.702],[100.604,13.7015],[100.605,13.7035],[100.6045,13.7035],[100.6055,13.704],[100.6055,13.705],[100.6045,13.7045],[100.6045,13.705],[100.6065,13.7065],[100.606,13.7075],[100.605,13.7075],[100.6045,13.709]],[[100.6075,13.7025],[100.607,13.702],[100.6075,13.7025]]],[[[100.6055,13.7005],[100.6085,13.702],[100.61,13.7015],[100.61,13.702],[100.611,13.701],[100.611,13.7],[100.6095,13.6995],[100.6095,13.7005],[100.6065,13.7],[100.6055,13.7005]],[[100.6085,13.701]]],[[[100.6105,13.699],[100.613,13.7],[100.6135,13.6995],[100.6125,13.6975],[100.611,13.6965],[100.61,13.698],[100.6105,13.699]],[[100.6115,13.6985],[100.612,13.6985],[100.6115,13.6985]]],[[[100.61,13.696],[100.611,13.6955],[100.609,13.695],[100.61,13.696]]],[[[100.609,13.695]]],[[[100.609,13.695]]],[[[100.609,13.695]]],[[[100.609,13.695]]],[[[100.6085,13.695]]],[[[100.608,13.6935],[100.611,13.694],[100.612,13.693],[100.612,13.694],[100.616,13.692],[100.614,13.6895],[100.613,13.69],[100.614,13.6875],[100.613,13.687],[100.613,13.688],[100.6125,13.687],[100.6135,13.687],[100.613,13.6855],[100.614,13.685],[100.614,13.684],[100.612,13.6835],[100.614,13.68],[100.6155,13.6805],[100.616,13.679],[100.6165,13.68],[100.6175,13.6785],[100.6165,13.6775],[100.6155,13.678],[100.615,13.677],[100.614,13.6775],[100.613,13.6765],[100.614,13.6755],[100.612,13.6755],[100.611,13.674],[100.6105,13.675],[100.6085,13.6755],[100.6095,13.676],[100.609,13.6775],[100.6125,13.677],[100.615,13.6785],[100.614,13.6795],[100.6135,13.679],[100.6115,13.6815],[100.612,13.684],[100.611,13.6855],[100.6125,13.6865],[100.6105,13.6865],[100.6115,13.688],[100.6105,13.69],[100.612,13.6885],[100.6135,13.691],[100.6105,13.6915],[100.609,13.6935],[100.608,13.6925],[100.608,13.6935]],[[100.6125,13.686]]],[[[100.608,13.6755],[100.6085,13.6735],[100.608,13.6725],[100.607,13.6725],[100.6065,13.6735],[100.606,13.672],[100.605,13.672],[100.606,13.672],[100.605,13.674],[100.604,13.673],[100.604,13.6715],[100.6025,13.6725],[100.602,13.671],[100.601,13.6715],[100.602,13.673],[100.601,13.6735],[100.602,13.6745],[100.605,13.675],[100.6055,13.674],[100.6065,13.674],[100.607,13.675],[100.6075,13.674],[100.608,13.6755]],[[100.6035,13.673],[100.604,13.673],[100.604,13.6735],[100.6035,13.6735],[100.6035,13.673]]],[[[100.607,13.675],[100.6055,13.6745],[100.606,13.6755],[100.605,13.676],[100.605,13.677],[100.604,13.677],[100.6045,13.6795],[100.606,13.6795],[100.6065,13.6805],[100.605,13.681],[100.6055,13.6815],[100.605,13.6835],[100.606,13.6845],[100.605,13.686],[100.6045,13.685],[100.604,13.6855],[100.6065,13.6875],[100.6045,13.6875],[100.605,13.688],[100.6045,13.6885],[100.6055,13.689],[100.6055,13.69],[100.6045,13.6905],[100.6055,13.691],[100.605,13.692],[100.602,13.691],[100.6015,13.6915],[100.6025,13.692],[100.601,13.6915],[100.6005,13.692],[100.6015,13.6925],[100.601,13.692],[100.6005,13.6925],[100.601,13.693],[100.604,13.6935],[100.6045,13.692],[100.606,13.6925],[100.6075,13.689],[100.6065,13.687],[100.6085,13.6855],[100.609,13.686],[100.61,13.6855],[100.608,13.6835],[100.607,13.6835],[100.6075,13.6845],[100.606,13.6835],[100.6075,13.6825],[100.607,13.6815],[100.608,13.681],[100.6065,13.6795],[100.6075,13.6785],[100.6065,13.679],[100.605,13.6775],[100.607,13.675]],[[100.602,13.6925],[100.6025,13.693],[100.603,13.693],[100.602,13.6925]],[[100.603,13.692],[100.604,13.693],[100.603,13.692]],[[100.606,13.686],[100.606,13.6865],[100.606,13.686]],[[100.605,13.6775],[100.605,13.678],[100.605,13.6775]]],[[[100.6015,13.6935],[100.599,13.6925],[100.598,13.693],[100.5995,13.6935],[100.5995,13.694],[100.5985,13.6935],[100.599,13.6945],[100.598,13.696],[100.6,13.6975],[100.6005,13.6965],[100.5995,13.696],[100.6015,13.6965],[100.602,13.696],[100.6015,13.6955],[100.5995,13.695],[100.6005,13.695],[100.601,13.6945],[100.6005,13.694],[100.601,13.6945],[100.6015,13.6935]]],[[[100.601,13.698],[100.6015,13.699],[100.601,13.7],[100.5975,13.7],[100.598,13.7015],[100.5975,13.702],[100.6,13.702],[100.6,13.701],[100.6015,13.701],[100.601,13.7015],[100.6015,13.702],[100.6025,13.701],[100.6015,13.7],[100.603,13.701],[100.603,13.7],[100.6015,13.6995],[100.6025,13.6985],[100.601,13.698]],[[100.599,13.7],[100.5995,13.7005],[100.599,13.7005],[100.599,13.7]],[[100.5985,13.701]]],[[[100.598,13.703],[100.597,13.7025],[100.596,13.7035],[100.5965,13.703],[100.596,13.7025],[100.5945,13.704],[100.593,13.7035],[100.594,13.705],[100.5935,13.706],[100.595,13.707],[100.5945,13.7085],[100.5955,13.7075],[100.5975,13.71],[100.597,13.7105],[100.596,13.7095],[100.5955,13.71],[100.5935,13.709],[100.593,13.7095],[100.5925,13.7075],[100.592,13.709],[100.591,13.708],[100.5905,13.7085],[100.5905,13.71],[100.5915,13.711],[100.5915,13.71],[100.5925,13.71],[100.5925,13.7115],[100.5955,13.7115],[100.5975,13.7105],[100.598,13.709],[100.596,13.707],[100.597,13.7075],[100.5975,13.706],[100.5955,13.705],[100.597,13.704],[100.5975,13.7045],[100.5985,13.7035],[100.598,13.703]],[[100.5945,13.705]],[[100.596,13.704],[100.596,13.7045],[100.5955,13.7045],[100.5955,13.704],[100.596,13.704]],[[100.596,13.7105]]],[[[100.591,13.7115],[100.589,13.71],[100.588,13.7125],[100.5865,13.7125],[100.5865,13.7115],[100.5845,13.7125],[100.5835,13.7115],[100.5825,13.7145],[100.581,13.715],[100.584,13.715],[100.584,13.714],[100.5845,13.715],[100.587,13.715],[100.5875,13.714],[100.5885,13.715],[100.588,13.7125],[100.589,13.7125],[100.5895,13.711],[100.591,13.7115]],[[100.5875,13.714],[100.587,13.7135],[100.5875,13.7135],[100.5875,13.714]],[[100.585,13.714],[100.5855,13.7135],[100.586,13.7135],[100.586,13.714],[100.585,13.714]]],[[[100.5835,13.7155],[100.582,13.715],[100.5805,13.7155],[100.5805,13.7165],[100.5795,13.716],[100.5785,13.719],[100.578,13.718],[100.576,13.7175],[100.5745,13.7185],[100.574,13.7205],[100.5735,13.72],[100.574,13.7215],[100.5725,13.7215],[100.572,13.7225],[100.5725,13.7235],[100.5715,13.7235],[100.5725,13.7245],[100.571,13.724],[100.5695,13.7245],[100.569,13.723],[100.568,13.7235],[100.5685,13.7245],[100.5665,13.723],[100.5655,13.724],[100.566,13.725],[100.565,13.725],[100.564,13.727],[100.5645,13.726],[100.5635,13.7255],[100.566,13.7235],[100.565,13.7225],[100.566,13.721],[100.5655,13.7205],[100.566,13.7195],[100.565,13.719],[100.5655,13.7175],[100.5645,13.7175],[100.564,13.7165],[100.5625,13.7175],[100.5615,13.716],[100.5605,13.7165],[100.5595,13.7155],[100.559,13.717],[100.5585,13.7165],[100.5595,13.7145],[100.558,13.7145],[100.558,13.7165],[100.557,13.7145],[100.5555,13.715],[100.556,13.716],[100.555,13.7175],[100.554,13.7175],[100.555,13.717],[100.5545,13.716],[100.554,13.7165],[100.554,13.7155],[100.5525,13.716],[100.552,13.7165],[100.553,13.717],[100.5525,13.7185],[100.5535,13.7175],[100.555,13.7185],[100.5555,13.718],[100.5555,13.719],[100.557,13.7185],[100.5585,13.7165],[100.5595,13.7175],[100.563,13.7185],[100.5635,13.719],[100.5625,13.7195],[100.564,13.721],[100.563,13.722],[100.564,13.7235],[100.5635,13.725],[100.562,13.7265],[100.561,13.7265],[100.5605,13.7285],[100.5595,13.7285],[100.5595,13.727],[100.559,13.7325],[100.5575,13.731],[100.556,13.7325],[100.5555,13.7355],[100.556,13.735],[100.5575,13.736],[100.558,13.7345],[100.5595,13.7355],[100.5595,13.734],[100.5585,13.734],[100.558,13.733],[100.5595,13.7315],[100.5605,13.7325],[100.561,13.7315],[100.5615,13.7325],[100.5625,13.731],[100.5625,13.7325],[100.5635,13.7335],[100.5645,13.7325],[100.564,13.731],[100.565,13.7285],[100.5665,13.7285],[100.5655,13.728],[100.5655,13.726],[100.5675,13.7265],[100.567,13.7255],[100.5675,13.725],[100.569,13.7265],[100.5685,13.7255],[100.5695,13.725],[100.5725,13.727],[100.573,13.724],[100.5735,13.7245],[100.5745,13.724],[100.573,13.7225],[100.5745,13.723],[100.5745,13.7215],[100.576,13.72],[100.5785,13.7205],[100.578,13.72],[100.5785,13.719],[100.581,13.7195],[100.5815,13.7185],[100.5835,13.7185],[100.583,13.718],[100.581,13.7185],[100.581,13.7175],[100.582,13.718],[100.5815,13.7165],[100.583,13.7165],[100.5835,13.7155]],[[100.568,13.7255],[100.5685,13.725],[100.568,13.7255]],[[100.5635,13.7315],[100.5635,13.732],[100.5635,13.7315]],[[100.5635,13.7305],[100.5615,13.73],[100.561,13.729],[100.5605,13.73],[100.5605,13.7285],[100.5615,13.7285],[100.5615,13.7265],[100.562,13.7275],[100.5635,13.7275],[100.563,13.728],[100.5635,13.7305]],[[100.5605,13.731]],[[100.565,13.7205],[100.565,13.72],[100.565,13.7205]],[[100.571,13.725]],[[100.5685,13.7245]],[[100.5745,13.7215],[100.575,13.721],[100.575,13.7215],[100.5745,13.7215]],[[100.575,13.7195],[100.575,13.72],[100.575,13.7195]],[[100.58,13.719],[100.58,13.7185],[100.5805,13.7185],[100.5805,13.719],[100.58,13.719]],[[100.58,13.7175],[100.58,13.717],[100.5805,13.7175],[100.58,13.7175]]],[[[100.5515,13.719],[100.552,13.7185],[100.5515,13.718],[100.551,13.719],[100.55,13.719],[100.551,13.72],[100.5495,13.7195],[100.5495,13.72],[100.5485,13.719],[100.5465,13.7205],[100.5465,13.7195],[100.546,13.72],[100.5445,13.7195],[100.545,13.7205],[100.5445,13.721],[100.5425,13.7205],[100.541,13.7215],[100.542,13.7225],[100.5435,13.722],[100.5435,13.723],[100.544,13.722],[100.5455,13.722],[100.546,13.723],[100.5465,13.7215],[100.549,13.722],[100.548,13.7205],[100.5485,13.72],[100.549,13.7225],[100.5525,13.72],[100.5515,13.719]],[[100.5475,13.721]],[[100.551,13.7205]]],[[[100.5415,13.7235],[100.5395,13.7225],[100.539,13.724],[100.538,13.7235],[100.5375,13.722],[100.5365,13.722],[100.5365,13.721],[100.5355,13.721],[100.534,13.7195],[100.5355,13.72],[100.536,13.7195],[100.534,13.7175],[100.535,13.717],[100.5345,13.715],[100.5335,13.7145],[100.5295,13.7165],[100.5285,13.716],[100.53,13.716],[100.529,13.715],[100.5295,13.7145],[100.528,13.7135],[100.527,13.7135],[100.527,13.715],[100.5235,13.7155],[100.522,13.7145],[100.523,13.7135],[100.5215,13.712],[100.5205,13.7135],[100.52,13.7115],[100.5195,13.713],[100.5185,13.713],[100.5185,13.7145],[100.5175,13.7135],[100.517,13.714],[100.517,13.713],[100.513,13.712],[100.512,13.711],[100.513,13.7105],[100.5125,13.71],[100.5135,13.71],[100.5135,13.709],[100.512,13.7095],[100.5115,13.709],[100.5125,13.708],[100.5115,13.707],[100.513,13.705],[100.5125,13.704],[100.5115,13.7045],[100.5115,13.703],[100.5105,13.7035],[100.5095,13.703],[100.509,13.7015],[100.507,13.7005],[100.507,13.699],[100.5035,13.7],[100.504,13.6995],[100.5035,13.699],[100.502,13.7005],[100.499,13.699],[100.4995,13.7035],[100.501,13.703],[100.501,13.701],[100.503,13.7015],[100.503,13.7005],[100.504,13.7005],[100.5045,13.7015],[100.5055,13.701],[100.506,13.7035],[100.5065,13.703],[100.5075,13.7035],[100.5075,13.7045],[100.5065,13.705],[100.508,13.7045],[100.5085,13.7055],[100.5095,13.705],[100.5095,13.706],[100.511,13.706],[100.51,13.708],[100.511,13.708],[100.511,13.7095],[100.51,13.71],[100.5095,13.7095],[100.509,13.711],[100.5115,13.711],[100.512,13.712],[100.5115,13.714],[100.511,13.7135],[100.5105,13.7145],[100.512,13.7155],[100.5115,13.716],[100.512,13.717],[100.513,13.7165],[100.5125,13.7155],[100.513,13.714],[100.517,13.716],[100.5195,13.7155],[100.5195,13.7145],[100.5205,13.715],[100.521,13.7145],[100.523,13.7165],[100.524,13.716],[100.524,13.717],[100.5255,13.7165],[100.527,13.717],[100.5275,13.716],[100.5275,13.717],[100.5305,13.7185],[100.5315,13.7185],[100.5305,13.7175],[100.5315,13.718],[100.532,13.717],[100.533,13.7175],[100.5345,13.722],[100.533,13.722],[100.534,13.7225],[100.5345,13.722],[100.5355,13.7235],[100.535,13.726],[100.538,13.7245],[100.5395,13.727],[100.5395,13.726],[100.5405,13.7255],[100.5395,13.7245],[100.5415,13.7235]],[[100.5305,13.7165]],[[100.5065,13.702],[100.5065,13.7025],[100.506,13.7025],[100.5065,13.702]],[[100.5065,13.7015],[100.506,13.7015],[100.5065,13.7015]],[[100.5075,13.7015],[100.507,13.7015],[100.5075,13.7015]],[[100.5115,13.7065]],[[100.51,13.7055],[100.5105,13.7055],[100.51,13.7055]],[[100.513,13.7125]],[[100.5205,13.714],[100.5205,13.7145],[100.5205,13.714]],[[100.525,13.7165]],[[100.535,13.721]],[[100.536,13.725]],[[100.536,13.7245]],[[100.536,13.7245]],[[100.5355,13.7225],[100.5355,13.722],[100.536,13.7225],[100.5355,13.7225]]],[[[100.5035,13.7055]]],[[[100.5045,13.707],[100.505,13.708],[100.506,13.7075],[100.5055,13.7065],[100.5045,13.707]]],[[[100.506,13.708],[100.5065,13.7075],[100.506,13.708]]],[[[100.508,13.709]]],[[[100.508,13.709]]],[[[100.508,13.709]]],[[[100.508,13.709]]],[[[100.508,13.709],[100.508,13.7095],[100.508,13.709]]],[[[100.508,13.7095]]],[[[100.508,13.7095]]],[[[100.508,13.7095],[100.5085,13.7105],[100.5095,13.71],[100.508,13.7095]]],[[[100.5095,13.71]]],[[[100.5095,13.71]]],[[[100.5095,13.71]]],[[[100.5105,13.7185],[100.5095,13.718],[100.51,13.717],[100.5085,13.717],[100.509,13.716],[100.5085,13.714],[100.5065,13.715],[100.507,13.716],[100.5065,13.7165],[100.5035,13.716],[100.503,13.7175],[100.5035,13.718],[100.506,13.7175],[100.507,13.7185],[100.508,13.7175],[100.51,13.719],[100.5105,13.7185]],[[100.506,13.717],[100.5065,13.7165],[100.507,13.717],[100.506,13.717]],[[100.507,13.718],[100.507,13.7175],[100.507,13.718]]],[[[100.507,13.7145],[100.5075,13.713],[100.5065,13.7135],[100.507,13.7145]]],[[[100.506,13.713],[100.5065,13.712],[100.506,13.7115],[100.505,13.7125],[100.5045,13.712],[100.5055,13.7115],[100.504,13.7115],[100.5035,13.7105],[100.5,13.7115],[100.502,13.714],[100.501,13.715],[100.499,13.7155],[100.4985,13.715],[100.4985,13.7165],[100.497,13.7155],[100.4965,13.7165],[100.4975,13.717],[100.4945,13.7155],[100.494,13.714],[100.4925,13.715],[100.4925,13.717],[100.49,13.7165],[100.489,13.713],[100.487,13.7135],[100.4865,13.7145],[100.486,13.713],[100.4825,13.714],[100.4825,13.7155],[100.481,13.7145],[100.4795,13.7155],[100.479,13.714],[100.4785,13.7175],[100.4795,13.718],[100.4785,13.7195],[100.4795,13.719],[100.4795,13.72],[100.4805,13.7205],[100.48,13.7195],[100.481,13.72],[100.482,13.7195],[100.4815,13.718],[100.4805,13.718],[100.481,13.7165],[100.482,13.716],[100.483,13.7165],[100.484,13.7155],[100.4855,13.7165],[100.486,13.716],[100.4855,13.7155],[100.487,13.716],[100.4875,13.715],[100.488,13.715],[100.4875,13.717],[100.4885,13.7175],[100.488,13.718],[100.49,13.719],[100.4905,13.718],[100.491,13.7185],[100.492,13.718],[100.4925,13.719],[100.4925,13.7175],[100.494,13.717],[100.495,13.7175],[100.4945,13.7185],[100.4975,13.7175],[100.499,13.718],[100.499,13.7165],[100.502,13.717],[100.5035,13.716],[100.5025,13.716],[100.5035,13.715],[100.503,13.7125],[100.506,13.713]],[[100.501,13.716],[100.5,13.716],[100.5005,13.7155],[100.501,13.716]],[[100.4785,13.717],[100.479,13.717],[100.4785,13.717]],[[100.4815,13.7155]],[[100.4805,13.7175],[100.4805,13.719],[100.48,13.7185],[100.4805,13.7175]],[[100.489,13.716],[100.488,13.715],[100.489,13.715],[100.489,13.716]],[[100.4905,13.7175],[100.492,13.7175],[100.492,13.718],[100.4905,13.718],[100.4905,13.7175]],[[100.496,13.7175],[100.495,13.7175],[100.496,13.7175]],[[100.499,13.717]]],[[[100.4795,13.711],[100.4805,13.708],[100.4795,13.709],[100.4785,13.706],[100.477,13.707],[100.477,13.709],[100.4775,13.7095],[100.478,13.709],[100.4785,13.7095],[100.478,13.7105],[100.4795,13.711]],[[100.4775,13.7085],[100.4775,13.708],[100.4775,13.7085]]],[[[100.477,13.71],[100.4745,13.709],[100.4745,13.708],[100.474,13.709],[100.473,13.708],[100.4725,13.7095],[100.4715,13.7095],[100.473,13.711],[100.4725,13.712],[100.4745,13.7115],[100.4745,13.7105],[100.4765,13.711],[100.477,13.71]],[[100.474,13.71],[100.473,13.71],[100.473,13.7105],[100.473,13.71],[100.474,13.71]],[[100.474,13.7095],[100.474,13.709],[100.474,13.7095]],[[100.473,13.711]],[[100.4725,13.7115]]],[[[100.4715,13.7095]]],[[[100.471,13.7095]]],[[[100.471,13.7095]]],[[[100.471,13.7095]]],[[[100.471,13.7095]]],[[[100.471,13.7095]]],[[[100.471,13.7095]]],[[[100.471,13.7095],[100.471,13.71],[100.471,13.7095]]],[[[100.471,13.71]]],[[[100.471,13.71]]],[[[100.471,13.71]]],[[[100.471,13.71]]],[[[100.471,13.71]]],[[[100.471,13.71]]],[[[100.471,13.71]]],[[[100.471,13.71]]],[[[100.4705,13.709],[100.471,13.7075],[100.468,13.7065],[100.4685,13.707],[100.468,13.7085],[100.467,13.709],[100.468,13.708],[100.4675,13.7075],[100.466,13.708],[100.4655,13.71],[100.465,13.709],[100.4645,13.7095],[100.4655,13.7115],[100.466,13.7105],[100.4665,13.7115],[100.466,13.7105],[100.468,13.71],[100.4685,13.709],[100.4695,13.7095],[100.4705,13.709]],[[100.47,13.708],[100.47,13.7085],[100.4695,13.7085],[100.47,13.708]]],[[[100.466,13.712],[100.4655,13.712],[100.466,13.712]]],[[[100.465,13.7135],[100.464,13.712],[100.4625,13.7125],[100.462,13.712],[100.4615,13.7125],[100.463,13.7145],[100.4615,13.715],[100.464,13.7175],[100.4665,13.7175],[100.467,13.716],[100.464,13.715],[100.464,13.7135],[100.465,13.7135]],[[100.4635,13.7155],[100.463,13.7155],[100.464,13.7155],[100.4635,13.7155]],[[100.4645,13.7175],[100.4655,13.717],[100.466,13.717],[100.4645,13.7175]],[[100.466,13.717]]],[[[100.463,13.7175],[100.461,13.7175],[100.461,13.7165],[100.4595,13.716],[100.4575,13.7165],[100.4585,13.714],[100.4575,13.7135],[100.4565,13.714],[100.457,13.7165],[100.458,13.7165],[100.4565,13.718],[100.4605,13.719],[100.46,13.718],[100.463,13.7175]],[[100.4595,13.7185],[100.4595,13.718],[100.4595,13.7185]],[[100.4595,13.717],[100.46,13.717],[100.46,13.718],[100.4595,13.717]]],[[[100.455,13.7125],[100.456,13.7105],[100.4555,13.71],[100.454,13.7105],[100.4545,13.712],[100.4535,13.712],[100.4535,13.713],[100.4525,13.7115],[100.452,13.713],[100.45,13.713],[100.449,13.712],[100.4495,13.7145],[100.4485,13.715],[100.45,13.7155],[100.451,13.7145],[100.4505,13.7135],[100.452,13.714],[100.451,13.7145],[100.452,13.714],[100.453,13.715],[100.4525,13.7145],[100.454,13.714],[100.453,13.7135],[100.455,13.7125]]],[[[100.446,13.7105]]],[[[100.446,13.7105],[100.447,13.71],[100.447,13.709],[100.445,13.711],[100.446,13.7105]]],[[[100.4425,13.7115],[100.442,13.71],[100.4425,13.7095],[100.443,13.71],[100.443,13.709],[100.444,13.7085],[100.4435,13.708],[100.4425,13.708],[100.442,13.709],[100.441,13.7085],[100.441,13.7095],[100.44,13.709],[100.4425,13.7115]]],[[[100.44,13.7085]]],[[[100.44,13.7085]]],[[[100.439,13.708],[100.44,13.7085],[100.441,13.7075],[100.4385,13.706],[100.4375,13.707],[100.437,13.7055],[100.4365,13.706],[100.437,13.708],[100.4355,13.708],[100.435,13.707],[100.434,13.708],[100.4355,13.71],[100.4375,13.7075],[100.439,13.708]]],[[[100.4335,13.7095],[100.4335,13.707],[100.4325,13.707],[100.432,13.7095],[100.4375,13.7115],[100.4385,13.711],[100.4335,13.7095]]],[[[100.431,13.709],[100.4305,13.709],[100.431,13.71],[100.4305,13.7105],[100.4305,13.7115],[100.431,13.711],[100.431,13.709]]],[[[100.4225,13.706],[100.423,13.705],[100.4215,13.7055],[100.4225,13.706]]],[[[100.423,13.705]]],[[[100.423,13.705]]],[[[100.423,13.705]]],[[[100.4225,13.704],[100.425,13.7055],[100.4255,13.705],[100.4245,13.704],[100.4245,13.7025],[100.4235,13.7035],[100.4225,13.7025],[100.423,13.7015],[100.422,13.701],[100.4215,13.702],[100.4215,13.701],[100.4225,13.701],[100.422,13.6995],[100.4205,13.6995],[100.42,13.7],[100.4205,13.7015],[100.419,13.701],[100.419,13.702],[100.421,13.7035],[100.4205,13.7025],[100.4215,13.702],[100.423,13.7035],[100.4225,13.704]]],[[[100.42,13.703],[100.4195,13.703],[100.42,13.703]]],[[[100.4195,13.7035]]],[[[100.4195,13.7035]]],[[[100.4195,13.7035],[100.419,13.702],[100.417,13.703],[100.416,13.7025],[100.417,13.704],[100.415,13.703],[100.4145,13.7035],[100.417,13.7045],[100.4175,13.706],[100.417,13.707],[100.418,13.7075],[100.419,13.7065],[100.4175,13.7045],[100.419,13.7045],[100.4195,13.7035]]],[[[100.4195,13.709],[100.4185,13.7075],[100.418,13.709],[100.419,13.7095],[100.4195,13.709]]],[[[100.4135,13.7075],[100.412,13.707],[100.4125,13.709],[100.4135,13.709],[100.4135,13.7075]]],[[[100.412,13.707],[100.412,13.7055],[100.4115,13.7065],[100.409,13.706],[100.41,13.707],[100.41,13.7065],[100.412,13.707]]],[[[100.5315,13.7435],[100.532,13.742],[100.5335,13.742],[100.533,13.7415],[100.534,13.7415],[100.534,13.7405],[100.5345,13.741],[100.5345,13.74],[100.5355,13.74],[100.536,13.742],[100.5355,13.7405],[100.536,13.7405],[100.536,13.7425],[100.5385,13.7425],[100.538,13.742],[100.5385,13.7415],[100.537,13.7415],[100.5365,13.739],[100.5355,13.738],[100.5365,13.738],[100.536,13.7365],[100.538,13.735],[100.538,13.734],[100.536,13.7335],[100.535,13.732],[100.534,13.7335],[100.532,13.7335],[100.5325,13.7345],[100.531,13.7365],[100.53,13.7365],[100.53,13.738],[100.5275,13.737],[100.528,13.7365],[100.527,13.7365],[100.5275,13.736],[100.527,13.7355],[100.526,13.736],[100.524,13.7345],[100.5245,13.732],[100.5235,13.7315],[100.5245,13.731],[100.5245,13.73],[100.5255,13.7295],[100.526,13.73],[100.527,13.729],[100.526,13.729],[100.5255,13.7265],[100.524,13.725],[100.525,13.7225],[100.524,13.7245],[100.5225,13.7235],[100.522,13.7245],[100.521,13.723],[100.5215,13.7215],[100.5205,13.721],[100.521,13.722],[100.5195,13.723],[100.518,13.7215],[100.5175,13.725],[100.5185,13.726],[100.5175,13.7275],[100.5185,13.7275],[100.519,13.729],[100.518,13.7295],[100.5185,13.73],[100.5175,13.731],[100.518,13.732],[100.517,13.7315],[100.516,13.7325],[100.517,13.7335],[100.5195,13.733],[100.5205,13.735],[100.5225,13.735],[100.5215,13.737],[100.5225,13.7375],[100.521,13.7385],[100.5215,13.739],[100.521,13.7395],[100.52,13.7385],[100.5205,13.7405],[100.518,13.7425],[100.5175,13.742],[100.5175,13.745],[100.518,13.7445],[100.52,13.7465],[100.522,13.747],[100.523,13.7465],[100.523,13.745],[100.525,13.744],[100.526,13.7445],[100.5255,13.7465],[100.526,13.744],[100.5275,13.7435],[100.5265,13.743],[100.5275,13.7415],[100.5285,13.742],[100.529,13.741],[100.5295,13.742],[100.5295,13.741],[100.5305,13.741],[100.5305,13.7425],[100.5315,13.742],[100.5315,13.7435]],[[100.531,13.74],[100.531,13.738],[100.532,13.7385],[100.533,13.7375],[100.5325,13.737],[100.5335,13.737],[100.534,13.736],[100.5335,13.738],[100.534,13.739],[100.5325,13.7395],[100.532,13.741],[100.531,13.741],[100.531,13.74]],[[100.522,13.7465],[100.5215,13.746],[100.522,13.746],[100.522,13.7465]],[[100.5205,13.7455],[100.522,13.745],[100.521,13.7455],[100.5205,13.7455]],[[100.523,13.744],[100.522,13.7435],[100.521,13.744],[100.5205,13.743],[100.5215,13.7425],[100.5215,13.741],[100.523,13.741],[100.523,13.7395],[100.524,13.739],[100.5235,13.7375],[100.5255,13.737],[100.526,13.7385],[100.5275,13.7385],[100.526,13.74],[100.527,13.7415],[100.5255,13.741],[100.5245,13.742],[100.524,13.7415],[100.5225,13.743],[100.523,13.744]],[[100.523,13.729],[100.522,13.729],[100.5225,13.73],[100.521,13.731],[100.522,13.732],[100.5215,13.733],[100.5225,13.7335],[100.521,13.734],[100.5205,13.7315],[100.521,13.7295],[100.5195,13.728],[100.523,13.726],[100.524,13.727],[100.523,13.729]],[[100.5185,13.731],[100.5185,13.7315],[100.5185,13.731]],[[100.5205,13.7425]],[[100.52,13.732],[100.52,13.7315],[100.52,13.732]],[[100.5195,13.724]],[[100.521,13.726]],[[100.5215,13.74],[100.5215,13.7395],[100.5215,13.74]],[[100.5245,13.726],[100.524,13.7265],[100.524,13.7255],[100.5245,13.726]],[[100.523,13.7385]],[[100.5295,13.7405],[100.528,13.7405],[100.528,13.7395],[100.5295,13.7405]],[[100.5285,13.739],[100.529,13.7385],[100.529,13.739],[100.5285,13.739]],[[100.5345,13.736],[100.5355,13.7365],[100.535,13.737],[100.5355,13.738],[100.5345,13.736]],[[100.5345,13.7335],[100.535,13.7335],[100.5355,13.7345],[100.535,13.7345],[100.5345,13.7335]],[[100.5335,13.735],[100.5335,13.7345],[100.5335,13.735]],[[100.5335,13.7405],[100.534,13.74],[100.534,13.7405],[100.5335,13.7405]],[[100.537,13.7345],[100.5375,13.735],[100.537,13.735],[100.537,13.7345]]],[[[100.5305,13.7195],[100.5305,13.72],[100.5305,13.7195]]],[[[100.5015,13.768],[100.501,13.768],[100.5015,13.768]]],[[[100.502,13.739],[100.5005,13.7395],[100.501,13.7405],[100.502,13.74],[100.502,13.739]]],[[[100.509,13.7345],[100.5095,13.734],[100.509,13.733],[100.5085,13.7335],[100.509,13.7345]]],[[[100.5095,13.7335],[100.51,13.7335],[100.51,13.733],[100.51,13.7325],[100.51,13.733],[100.5095,13.7335]]],[[[100.5115,13.723],[100.512,13.7225],[100.5115,13.7215],[100.5105,13.7215],[100.51,13.7225],[100.5115,13.723]]],[[[100.5105,13.7215],[100.511,13.721],[100.5105,13.721],[100.5105,13.7215]]],[[[100.4865,13.729]]],[[[100.4825,13.7305]]],[[[100.4825,13.7305]]],[[[100.4825,13.7305]]],[[[100.483,13.727],[100.484,13.7255],[100.483,13.7245],[100.483,13.726],[100.481,13.7255],[100.481,13.7245],[100.478,13.726],[100.4785,13.7275],[100.4795,13.727],[100.48,13.728],[100.4825,13.726],[100.483,13.727]],[[100.481,13.7265]]],[[[100.479,13.725],[100.4775,13.723],[100.478,13.7245],[100.479,13.725]]],[[[100.4815,13.721],[100.4825,13.72],[100.481,13.721],[100.4815,13.721]]],[[[100.4825,13.719],[100.482,13.7185],[100.4825,13.719]]],[[[100.465,13.7185],[100.4655,13.718],[100.465,13.7185]]],[[[100.413,13.712],[100.413,13.713],[100.4135,13.713],[100.4135,13.7125],[100.413,13.712]]],[[[100.426,13.711],[100.4275,13.7105],[100.426,13.71],[100.427,13.708],[100.4225,13.7065],[100.422,13.708],[100.423,13.707],[100.4235,13.7085],[100.425,13.7085],[100.426,13.7095],[100.4255,13.71],[100.426,13.711]]],[[[100.4285,13.712]]],[[[100.431,13.712],[100.4305,13.712],[100.431,13.712]]],[[[100.424,13.716]]],[[[100.424,13.716]]],[[[100.424,13.716]]],[[[100.451,13.716],[100.4505,13.7165],[100.4515,13.717],[100.451,13.716]]],[[[100.4505,13.7165],[100.4505,13.7155],[100.45,13.7155],[100.45,13.7165],[100.4505,13.716],[100.4505,13.7165]]],[[[100.472,13.7545]]],[[[100.472,13.736]]],[[[100.472,13.736]]],[[[100.472,13.736]]],[[[100.472,13.736]]],[[[100.4715,13.7265],[100.4705,13.726],[100.471,13.7255],[100.4705,13.7245],[100.469,13.7255],[100.4695,13.7265],[100.471,13.727],[100.4715,13.7265]]],[[[100.472,13.724],[100.4715,13.725],[100.4725,13.725],[100.473,13.724],[100.472,13.723],[100.472,13.724]]],[[[100.4715,13.7235]]],[[[100.4715,13.723],[100.4715,13.7235],[100.4715,13.723]]],[[[100.471,13.723],[100.4715,13.723],[100.471,13.723]]],[[[100.4715,13.722],[100.4725,13.7225],[100.472,13.7215],[100.474,13.7205],[100.473,13.7195],[100.4745,13.719],[100.4735,13.719],[100.473,13.718],[100.473,13.717],[100.474,13.717],[100.4735,13.7165],[100.474,13.715],[100.473,13.7135],[100.4715,13.7165],[100.4705,13.717],[100.4695,13.716],[100.469,13.717],[100.47,13.717],[100.469,13.7175],[100.468,13.7165],[100.467,13.717],[100.468,13.718],[100.4695,13.718],[100.469,13.7195],[100.4695,13.7185],[100.4705,13.719],[100.47,13.7195],[100.472,13.7215],[100.4715,13.722]],[[100.473,13.72]],[[100.4715,13.7185],[100.472,13.7185],[100.4715,13.7185]],[[100.4715,13.7175]]],[[[100.475,13.7225],[100.475,13.7235],[100.474,13.7225],[100.4735,13.723],[100.474,13.725],[100.475,13.7255],[100.476,13.7235],[100.476,13.7225],[100.4755,13.722],[100.475,13.7225]]],[[[100.4745,13.7155],[100.474,13.7155],[100.4745,13.716],[100.4745,13.7155]]],[[[100.475,13.716],[100.4755,13.716],[100.475,13.7155],[100.475,13.716]]],[[[100.4645,13.729],[100.4645,13.7285],[100.464,13.7285],[100.4645,13.729]]],[[[100.467,13.717]]],[[[100.467,13.717]]],[[[100.467,13.717]]],[[[100.4615,13.7295]]],[[[100.462,13.7295]]],[[[100.462,13.7295]]],[[[100.4655,13.73]]],[[[100.469,13.7515]]],[[[100.469,13.7515]]],[[[100.469,13.7515]]],[[[100.469,13.7515]]],[[[100.469,13.7515]]],[[[100.4695,13.7435]]],[[[100.4695,13.7435]]],[[[100.4695,13.7435]]],[[[100.4695,13.7095],[100.469,13.7095],[100.4695,13.7095]]],[[[100.4765,13.732],[100.477,13.7325],[100.477,13.732],[100.4765,13.732]]],[[[100.476,13.719],[100.477,13.719],[100.477,13.7185],[100.4765,13.719],[100.476,13.719]]],[[[100.4745,13.712],[100.4745,13.7115],[100.4745,13.712]]],[[[100.4785,13.7195]]],[[[100.482,13.7415]]],[[[100.482,13.7415]]],[[[100.482,13.755]]],[[[100.4925,13.753],[100.4935,13.755],[100.493,13.7555],[100.494,13.7555],[100.493,13.757],[100.495,13.7575],[100.494,13.758],[100.496,13.759],[100.4995,13.7585],[100.5005,13.7605],[100.501,13.759],[100.5025,13.76],[100.5015,13.761],[100.502,13.763],[100.501,13.7635],[100.502,13.7655],[100.5035,13.7635],[100.5045,13.7635],[100.504,13.7625],[100.506,13.763],[100.506,13.7615],[100.507,13.7605],[100.5065,13.7595],[100.5035,13.76],[100.5025,13.759],[100.5035,13.758],[100.502,13.758],[100.5015,13.757],[100.502,13.7545],[100.504,13.7525],[100.5025,13.751],[100.502,13.7525],[100.5,13.7515],[100.4995,13.75],[100.499,13.7505],[100.4985,13.75],[100.4985,13.7485],[100.4975,13.749],[100.497,13.748],[100.496,13.749],[100.495,13.748],[100.495,13.7495],[100.494,13.75],[100.4935,13.749],[100.494,13.748],[100.491,13.748],[100.4915,13.75],[100.494,13.7525],[100.4925,13.753]],[[100.5005,13.758],[100.5015,13.758],[100.501,13.758],[100.5005,13.758]],[[100.5005,13.756],[100.501,13.7555],[100.501,13.756],[100.5005,13.756]],[[100.498,13.7575],[100.496,13.757],[100.497,13.756],[100.496,13.7545],[100.4945,13.7545],[100.4945,13.7535],[100.4965,13.7525],[100.4955,13.7515],[100.4965,13.7515],[100.497,13.7505],[100.497,13.7515],[100.5005,13.7545],[100.498,13.7565],[100.498,13.7575]],[[100.4955,13.751],[100.495,13.7505],[100.4955,13.75],[100.4955,13.751]],[[100.5045,13.7615],[100.504,13.7615],[100.5045,13.761],[100.5045,13.7615]],[[100.502,13.763],[100.5025,13.763],[100.502,13.763]],[[100.5025,13.761],[100.5025,13.7615],[100.5025,13.761]],[[100.5015,13.754],[100.502,13.7535],[100.502,13.754],[100.5015,13.754]],[[100.5015,13.753],[100.5015,13.7525],[100.5015,13.753]],[[100.5015,13.7585]],[[100.506,13.7615],[100.5055,13.7615],[100.506,13.761],[100.506,13.7615]]],[[[100.4885,13.7465],[100.489,13.7455],[100.488,13.745],[100.4875,13.7455],[100.4885,13.7465]]],[[[100.49,13.7435],[100.491,13.7415],[100.4895,13.74],[100.489,13.7425],[100.49,13.7435]],[[100.49,13.7415]]],[[[100.489,13.7395],[100.4885,13.7385],[100.4875,13.7395],[100.487,13.739],[100.4865,13.741],[100.4875,13.7415],[100.489,13.7395]]],[[[100.4855,13.7165],[100.4855,13.717],[100.4855,13.7165]]],[[[100.484,13.7585],[100.484,13.759],[100.484,13.758],[100.484,13.7585]]],[[[100.4855,13.7645],[100.485,13.764],[100.485,13.7645],[100.4855,13.7645]]],[[[100.4875,13.7355]]],[[[100.486,13.742]]],[[[100.486,13.742]]],[[[100.486,13.742]]],[[[100.486,13.764],[100.486,13.7645],[100.486,13.764]]],[[[100.4865,13.764],[100.487,13.764],[100.4865,13.764]]],[[[100.487,13.7285]]],[[[100.4915,13.72],[100.492,13.7195],[100.4915,13.7195],[100.4915,13.72]]],[[[100.491,13.7375]]],[[[100.491,13.7375]]],[[[100.491,13.7375]]],[[[100.491,13.759],[100.492,13.7585],[100.492,13.7575],[100.4905,13.758],[100.491,13.759]]],[[[100.4915,13.769]]],[[[100.4945,13.759],[100.494,13.759],[100.4945,13.759]]],[[[100.496,13.759]]],[[[100.496,13.759]]],[[[100.497,13.7365]]],[[[100.4995,13.7355]]],[[[100.5,13.7435],[100.4995,13.743],[100.5,13.7435]]],[[[100.499,13.719],[100.4985,13.719],[100.498,13.7195],[100.499,13.719]]],[[[100.5085,13.7055]]],[[[100.5085,13.7055]]],[[[100.5065,13.705]]],[[[100.5065,13.705]]],[[[100.5065,13.705]]],[[[100.505,13.724]]],[[[100.505,13.724]]],[[[100.505,13.724]]],[[[100.5045,13.733],[100.504,13.732],[100.503,13.7325],[100.5045,13.733]]],[[[100.505,13.7285],[100.5055,13.728],[100.505,13.728],[100.505,13.7285]]],[[[100.5025,13.7295]]],[[[100.5025,13.7295],[100.5025,13.73],[100.5025,13.7295]]],[[[100.5025,13.73]]],[[[100.5025,13.737],[100.503,13.7365],[100.5025,13.7365],[100.5025,13.737]]],[[[100.506,13.7205],[100.507,13.7205],[100.5065,13.72],[100.506,13.7205]]],[[[100.505,13.7725],[100.5045,13.7725],[100.505,13.7725]]],[[[100.5035,13.742]]],[[[100.506,13.7515]]],[[[100.5055,13.7445],[100.506,13.745],[100.506,13.7445],[100.5055,13.7445]]],[[[100.508,13.7465],[100.5065,13.7485],[100.5065,13.75],[100.5055,13.7505],[100.506,13.7515],[100.507,13.751],[100.508,13.753],[100.509,13.7525],[100.5105,13.7535],[100.5095,13.754],[100.511,13.754],[100.5115,13.7525],[100.514,13.7535],[100.513,13.751],[100.5115,13.751],[100.5125,13.75],[100.513,13.7475],[100.51,13.7455],[100.5095,13.7465],[100.508,13.7455],[100.507,13.747],[100.508,13.7465]],[[100.509,13.7515],[100.509,13.751],[100.509,13.7515]],[[100.5085,13.7505],[100.508,13.7495],[100.509,13.7495],[100.5095,13.748],[100.511,13.7485],[100.5095,13.75],[100.51,13.7505],[100.5085,13.7505]],[[100.5075,13.75],[100.5075,13.7505],[100.5075,13.75]],[[100.511,13.7495]]],[[[100.51,13.76],[100.5105,13.7595],[100.51,13.76]]],[[[100.5105,13.757]]],[[[100.5135,13.756],[100.514,13.7555],[100.513,13.755],[100.511,13.755],[100.5105,13.756],[100.5115,13.757],[100.5125,13.7555],[100.5135,13.756]]],[[[100.513,13.7455],[100.513,13.745],[100.5125,13.7455],[100.513,13.7455]]],[[[100.5175,13.72]]],[[[100.5205,13.7485]]],[[[100.5195,13.7525],[100.519,13.7525],[100.5195,13.7525]]],[[[100.527,13.75],[100.527,13.751],[100.528,13.7515],[100.527,13.75]]],[[[100.529,13.719],[100.529,13.7185],[100.5285,13.719],[100.529,13.719]]],[[[100.5315,13.905]]],[[[100.5305,13.902]]],[[[100.5315,13.9005],[100.533,13.9005],[100.531,13.9],[100.531,13.8975],[100.53,13.899],[100.528,13.8975],[100.527,13.8985],[100.529,13.899],[100.5265,13.8985],[100.524,13.9015],[100.5235,13.901],[100.523,13.9015],[100.5255,13.9035],[100.5255,13.902],[100.5275,13.902],[100.5275,13.8995],[100.528,13.9005],[100.529,13.899],[100.53,13.8995],[100.5295,13.9],[100.5315,13.9005]],[[100.5255,13.902]],[[100.5255,13.9015],[100.525,13.901],[100.5255,13.901],[100.5255,13.9015]]],[[[100.517,13.904],[100.518,13.902],[100.5165,13.9015],[100.5155,13.9],[100.515,13.901],[100.5155,13.9015],[100.514,13.903],[100.513,13.903],[100.5125,13.902],[100.5115,13.903],[100.512,13.904],[100.511,13.9035],[100.5095,13.9055],[100.5085,13.904],[100.508,13.9055],[100.5105,13.9065],[100.5115,13.906],[100.512,13.9045],[100.513,13.9055],[100.514,13.904],[100.516,13.9035],[100.516,13.9025],[100.517,13.903],[100.517,13.904]],[[100.5105,13.906],[100.51,13.906],[100.5105,13.906]]],[[[100.508,13.9055]]],[[[100.508,13.9055]]],[[[100.508,13.9055]]],[[[100.511,13.897],[100.512,13.8965],[100.5125,13.897],[100.512,13.8955],[100.5135,13.895],[100.5115,13.895],[100.511,13.897]]],[[[100.51,13.8965]]],[[[100.51,13.897],[100.51,13.8965],[100.5095,13.8965],[100.5095,13.897],[100.51,13.897]]],[[[100.509,13.895],[100.51,13.894],[100.511,13.895],[100.512,13.893],[100.512,13.8905],[100.5105,13.894],[100.5095,13.8935],[100.509,13.895]]],[[[100.513,13.89],[100.5145,13.8915],[100.515,13.8905],[100.5135,13.889],[100.5145,13.889],[100.5145,13.8875],[100.5135,13.888],[100.5135,13.8895],[100.512,13.8895],[100.513,13.89]]],[[[100.5145,13.8875]]],[[[100.5175,13.878],[100.5195,13.8775],[100.5195,13.879],[100.5205,13.879],[100.521,13.8785],[100.5205,13.8775],[100.522,13.877],[100.521,13.8755],[100.522,13.8755],[100.523,13.873],[100.524,13.8725],[100.5225,13.872],[100.522,13.87],[100.521,13.8735],[100.5195,13.874],[100.5195,13.8765],[100.5175,13.878]]],[[[100.5185,13.8715],[100.519,13.871],[100.5185,13.8695],[100.518,13.871],[100.5185,13.8715]]],[[[100.518,13.85],[100.5175,13.8495],[100.518,13.85]]],[[[100.5355,13.824]]],[[[100.5355,13.824]]],[[[100.535,13.8235],[100.5365,13.8245],[100.539,13.822],[100.5375,13.8215],[100.5365,13.817],[100.5355,13.817],[100.535,13.818],[100.537,13.82],[100.5355,13.821],[100.537,13.8215],[100.535,13.822],[100.5365,13.8225],[100.5365,13.823],[100.5355,13.8225],[100.536,13.8235],[100.535,13.8235]]],[[[100.5335,13.818],[100.534,13.818],[100.534,13.817],[100.5335,13.8175],[100.5335,13.818]]],[[[100.541,13.807],[100.5415,13.806],[100.5405,13.8035],[100.54,13.804],[100.541,13.807]]],[[[100.546,13.8005],[100.5465,13.802],[100.5475,13.802],[100.547,13.8045],[100.5475,13.8055],[100.548,13.805],[100.549,13.8055],[100.5495,13.804],[100.55,13.8045],[100.5495,13.8055],[100.551,13.806],[100.5505,13.8065],[100.551,13.8095],[100.552,13.809],[100.5535,13.81],[100.553,13.8085],[100.5545,13.81],[100.555,13.8095],[100.556,13.811],[100.5555,13.812],[100.5565,13.812],[100.558,13.816],[100.5575,13.815],[100.556,13.815],[100.556,13.817],[100.555,13.8175],[100.5565,13.8175],[100.556,13.8185],[100.558,13.819],[100.557,13.82],[100.558,13.82],[100.5585,13.8215],[100.5595,13.8215],[100.5595,13.8195],[100.56,13.821],[100.561,13.82],[100.562,13.821],[100.5635,13.821],[100.5625,13.8195],[100.561,13.819],[100.562,13.8175],[100.561,13.8165],[100.5605,13.817],[100.561,13.8175],[100.5595,13.819],[100.5585,13.8185],[100.559,13.817],[100.557,13.8175],[100.558,13.817],[100.5575,13.8125],[100.5585,13.812],[100.557,13.81],[100.558,13.809],[100.5595,13.8105],[100.56,13.8085],[100.5615,13.809],[100.5625,13.808],[100.566,13.81],[100.5675,13.809],[100.567,13.8085],[100.5675,13.808],[100.565,13.8075],[100.565,13.8085],[100.562,13.807],[100.5615,13.808],[100.562,13.8065],[100.5615,13.806],[100.561,13.8075],[100.5605,13.806],[100.5595,13.8075],[100.5585,13.8075],[100.5585,13.8055],[100.557,13.806],[100.558,13.8075],[100.5575,13.8085],[100.556,13.808],[100.5565,13.809],[100.5555,13.808],[100.553,13.8085],[100.5525,13.8075],[100.553,13.807],[100.552,13.807],[100.5525,13.8055],[100.5515,13.8045],[100.552,13.804],[100.55,13.803],[100.5515,13.8025],[100.55,13.8025],[100.5505,13.801],[100.549,13.8015],[100.5495,13.802],[100.5485,13.803],[100.546,13.8005]],[[100.5505,13.8045],[100.551,13.8045],[100.5505,13.805],[100.5505,13.8045]],[[100.551,13.8075]],[[100.5515,13.806],[100.5515,13.8065],[100.5515,13.806]],[[100.5515,13.807],[100.5515,13.8075],[100.5515,13.807]],[[100.557,13.816],[100.5565,13.816],[100.557,13.816]],[[100.559,13.808],[100.559,13.8085],[100.559,13.808]],[[100.558,13.8085],[100.5575,13.8085],[100.558,13.8085]],[[100.565,13.8085],[100.566,13.8085],[100.565,13.8085]]],[[[100.5635,13.822]]],[[[100.5635,13.822]]],[[[100.563,13.822],[100.56,13.822],[100.561,13.8225],[100.559,13.8225],[100.559,13.8235],[100.561,13.824],[100.5615,13.823],[100.563,13.823],[100.563,13.822]]],[[[100.561,13.8245],[100.5595,13.824],[100.559,13.8245],[100.561,13.827],[100.5625,13.826],[100.563,13.8245],[100.561,13.8245]]],[[[100.5645,13.8255],[100.5635,13.825],[100.563,13.8255],[100.5635,13.826],[100.5645,13.8255]]],[[[100.565,13.826],[100.565,13.827],[100.566,13.827],[100.565,13.8275],[100.564,13.8265],[100.564,13.8285],[100.563,13.8295],[100.5645,13.8305],[100.566,13.8335],[100.567,13.8335],[100.567,13.8345],[100.5685,13.836],[100.57,13.8355],[100.5705,13.8365],[100.573,13.8365],[100.5715,13.8375],[100.5725,13.8385],[100.5715,13.8405],[100.572,13.841],[100.5705,13.8425],[100.5715,13.8435],[100.5725,13.843],[100.573,13.8445],[100.575,13.8445],[100.575,13.8455],[100.5735,13.846],[100.5725,13.845],[100.5715,13.847],[100.5735,13.8465],[100.5725,13.8475],[100.5735,13.8475],[100.5745,13.8495],[100.576,13.849],[100.5745,13.852],[100.5755,13.8515],[100.575,13.8525],[100.576,13.853],[100.5765,13.852],[100.5775,13.852],[100.577,13.8525],[100.578,13.8535],[100.578,13.8555],[100.5795,13.8545],[100.5785,13.8575],[100.5815,13.858],[100.581,13.8575],[100.5825,13.8565],[100.582,13.8565],[100.5825,13.8555],[100.5815,13.856],[100.581,13.8545],[100.5795,13.8545],[100.579,13.854],[100.58,13.853],[100.578,13.853],[100.5775,13.8515],[100.5765,13.851],[100.5775,13.85],[100.5785,13.8505],[100.579,13.85],[100.578,13.849],[100.579,13.848],[100.578,13.848],[100.5785,13.8465],[100.5775,13.846],[100.578,13.847],[100.575,13.847],[100.574,13.846],[100.575,13.845],[100.5755,13.8455],[100.5765,13.844],[100.5745,13.8425],[100.574,13.843],[100.573,13.8425],[100.574,13.841],[100.574,13.8395],[100.573,13.839],[100.574,13.838],[100.5735,13.8365],[100.572,13.835],[100.5705,13.835],[100.571,13.8345],[100.57,13.8335],[100.57,13.8345],[100.5695,13.833],[100.5685,13.8335],[100.568,13.8315],[100.566,13.831],[100.5665,13.83],[100.5655,13.83],[100.565,13.829],[100.566,13.8285],[100.5655,13.828],[100.5665,13.8265],[100.565,13.826]],[[100.568,13.834],[100.5685,13.834],[100.568,13.834]],[[100.5645,13.8295]],[[100.573,13.8415]],[[100.577,13.8485],[100.576,13.848],[100.576,13.847],[100.5765,13.848],[100.5775,13.8475],[100.577,13.8485]],[[100.5805,13.857],[100.581,13.856],[100.581,13.857],[100.5805,13.857]],[[100.58,13.8545]],[[100.58,13.856],[100.5795,13.856],[100.58,13.856]]],[[[100.582,13.858],[100.581,13.859],[100.582,13.8615],[100.5825,13.8605],[100.584,13.8605],[100.5835,13.8595],[100.584,13.858],[100.582,13.858]]],[[[100.5885,13.8665],[100.588,13.869],[100.5885,13.8695],[100.5865,13.87],[100.589,13.871],[100.5875,13.871],[100.589,13.8735],[100.591,13.8725],[100.5905,13.8735],[100.5915,13.874],[100.5905,13.875],[100.591,13.8765],[100.5895,13.8775],[100.59,13.878],[100.5905,13.8775],[100.591,13.8785],[100.5935,13.877],[100.592,13.8765],[100.594,13.875],[100.593,13.8735],[100.5935,13.872],[100.593,13.871],[100.5915,13.871],[100.5905,13.8725],[100.59,13.8715],[100.589,13.8715],[100.5895,13.867],[100.5885,13.8675],[100.5885,13.8665]],[[100.5915,13.8725],[100.5915,13.872],[100.592,13.872],[100.5915,13.8725]],[[100.589,13.8695]],[[100.591,13.8775],[100.593,13.877],[100.5915,13.878],[100.591,13.8775]],[[100.5925,13.8735],[100.593,13.8735],[100.5925,13.8735]],[[100.593,13.8725],[100.5935,13.872],[100.593,13.8725]]],[[[100.589,13.8795],[100.588,13.88],[100.5875,13.879],[100.585,13.8785],[100.5815,13.8805],[100.583,13.8815],[100.583,13.88],[100.585,13.88],[100.5845,13.881],[100.586,13.881],[100.589,13.8795]],[[100.585,13.88],[100.5845,13.8795],[100.5855,13.88],[100.585,13.88]],[[100.587,13.8795],[100.587,13.88],[100.587,13.8795]]],[[[100.5475,13.894],[100.544,13.8935],[100.542,13.897],[100.544,13.8975],[100.544,13.8965],[100.546,13.8945],[100.547,13.896],[100.548,13.896],[100.5475,13.894]],[[100.545,13.894]]],[[[100.5395,13.9],[100.5395,13.8995],[100.5395,13.899],[100.5395,13.9]]],[[[100.5395,13.899]]],[[[100.5395,13.899]]],[[[100.5395,13.8985]]],[[[100.5395,13.8985],[100.538,13.897],[100.537,13.8975],[100.538,13.8975],[100.538,13.8985],[100.5395,13.8985]]],[[[100.537,13.8995],[100.5355,13.8975],[100.5355,13.899],[100.5345,13.8985],[100.535,13.8995],[100.534,13.899],[100.534,13.901],[100.532,13.9015],[100.535,13.9015],[100.5345,13.902],[100.534,13.9015],[100.535,13.9015],[100.5355,13.9005],[100.537,13.901],[100.537,13.8995]]],[[[100.531,13.805],[100.5315,13.805],[100.531,13.805]]],[[[100.484,13.87],[100.4845,13.87],[100.484,13.87]]],[[[100.4205,13.8755]]],[[[100.418,13.8755]]],[[[100.466,13.872],[100.4665,13.872],[100.466,13.872]]],[[[100.492,13.865],[100.4915,13.8645],[100.4915,13.8655],[100.492,13.865]]],[[[100.4915,13.863]]],[[[100.492,13.919]]],[[[100.492,13.919]]],[[[100.492,13.919]]],[[[100.4925,13.9035],[100.4925,13.903],[100.492,13.903],[100.4925,13.903],[100.4925,13.9035]]],[[[100.515,13.904]]],[[[100.515,13.904]]],[[[100.5155,13.9045],[100.515,13.9045],[100.5155,13.9045]]],[[[100.5165,13.858],[100.516,13.858],[100.5165,13.858]]],[[[100.512,13.843]]],[[[100.5145,13.861]]],[[[100.53,13.908],[100.5305,13.908],[100.53,13.908]]],[[[100.523,13.8045]]],[[[100.516,13.8445],[100.516,13.845],[100.5165,13.8445],[100.516,13.8445]]],[[[100.518,13.839]]],[[[100.518,13.839]]],[[[100.518,13.8385],[100.518,13.839],[100.518,13.8385]]],[[[100.518,13.8385]]],[[[100.518,13.839],[100.5175,13.8385],[100.5175,13.839],[100.518,13.839]]],[[[100.518,13.839]]],[[[100.5415,13.9085]]],[[[100.5415,13.9085]]],[[[100.542,13.9125]]],[[[100.542,13.9125],[100.542,13.913],[100.542,13.9125]]],[[[100.542,13.9125],[100.542,13.913],[100.542,13.9125]]],[[[100.542,13.9125]]],[[[100.545,13.8965]]],[[[100.5685,13.8295],[100.568,13.8295],[100.568,13.83],[100.5685,13.83],[100.5685,13.8295]]],[[[100.5675,13.805],[100.567,13.8075],[100.5675,13.8065],[100.569,13.8065],[100.568,13.806],[100.5695,13.806],[100.5705,13.804],[100.571,13.8055],[100.5715,13.805],[100.572,13.8055],[100.5725,13.803],[100.5715,13.8025],[100.572,13.8015],[100.573,13.8015],[100.573,13.8005],[100.571,13.7995],[100.5705,13.8015],[100.571,13.802],[100.568,13.8035],[100.568,13.8045],[100.567,13.8045],[100.5675,13.805]],[[100.5705,13.8035],[100.5705,13.804],[100.5705,13.8035]],[[100.569,13.8045]],[[100.572,13.8015]]],[[[100.567,13.8075]]],[[[100.5665,13.8075]]],[[[100.5665,13.8075]]],[[[100.558,13.804],[100.559,13.8055],[100.56,13.804],[100.557,13.8035],[100.557,13.8045],[100.558,13.804]]],[[[100.5565,13.803],[100.5585,13.8035],[100.559,13.8025],[100.558,13.8015],[100.5565,13.802],[100.556,13.8],[100.556,13.8015],[100.555,13.8015],[100.5555,13.8035],[100.5565,13.803]]],[[[100.5555,13.7985]]],[[[100.5555,13.7985]]],[[[100.5545,13.798],[100.5555,13.7985],[100.5555,13.796],[100.552,13.796],[100.553,13.794],[100.552,13.792],[100.551,13.796],[100.554,13.7985],[100.5545,13.798]]],[[[100.552,13.7905]]],[[[100.552,13.7905]]],[[[100.552,13.7905]]],[[[100.552,13.7905]]],[[[100.552,13.7905]]],[[[100.552,13.79],[100.552,13.7905],[100.552,13.7895],[100.5535,13.789],[100.552,13.786],[100.5505,13.787],[100.5505,13.7885],[100.5495,13.7885],[100.5505,13.7895],[100.551,13.789],[100.551,13.79],[100.552,13.79]]],[[[100.552,13.786]]],[[[100.552,13.786]]],[[[100.5515,13.786],[100.552,13.786],[100.5515,13.786]]],[[[100.549,13.7845],[100.552,13.7865],[100.5535,13.786],[100.553,13.7855],[100.5535,13.7845],[100.551,13.783],[100.5505,13.781],[100.549,13.781],[100.5485,13.7815],[100.549,13.782],[100.548,13.782],[100.5485,13.7825],[100.548,13.783],[100.5495,13.7835],[100.5495,13.783],[100.549,13.7845]],[[100.5505,13.783]],[[100.5515,13.7845]]],[[[100.549,13.7805],[100.5485,13.7785],[100.5465,13.7765],[100.548,13.7765],[100.547,13.774],[100.548,13.771],[100.5465,13.7695],[100.5455,13.7705],[100.546,13.772],[100.545,13.772],[100.5445,13.773],[100.546,13.7745],[100.5455,13.777],[100.5475,13.78],[100.549,13.7805]],[[100.547,13.7715],[100.5465,13.7715],[100.547,13.7715]]],[[[100.5445,13.7685],[100.543,13.767],[100.544,13.7655],[100.5435,13.7645],[100.545,13.7635],[100.5445,13.7625],[100.5455,13.7605],[100.546,13.7615],[100.547,13.7605],[100.5465,13.76],[100.5485,13.7585],[100.547,13.757],[100.546,13.757],[100.5465,13.758],[100.5455,13.7585],[100.545,13.758],[100.544,13.76],[100.543,13.7595],[100.5425,13.7605],[100.5415,13.7595],[100.542,13.7595],[100.5405,13.76],[100.541,13.7605],[100.5405,13.7615],[100.5395,13.761],[100.5395,13.7625],[100.5425,13.763],[100.542,13.7645],[100.54,13.7655],[100.5405,13.7675],[100.5445,13.7685]],[[100.5405,13.7625]],[[100.542,13.765],[100.5415,13.765],[100.5415,13.7645],[100.542,13.765]],[[100.545,13.759]],[[100.5435,13.7625],[100.544,13.762],[100.544,13.7625],[100.5435,13.7625]],[[100.544,13.761],[100.5435,13.761],[100.544,13.761]],[[100.5445,13.762],[100.5445,13.7625],[100.5445,13.762]],[[100.5465,13.759],[100.546,13.759],[100.5465,13.759]]],[[[100.545,13.756]]],[[[100.546,13.756]]],[[[100.546,13.7565],[100.5475,13.756],[100.548,13.7565],[100.549,13.7555],[100.5475,13.7545],[100.55,13.754],[100.55,13.753],[100.555,13.7525],[100.553,13.7525],[100.5525,13.752],[100.553,13.751],[100.551,13.751],[100.5505,13.7525],[100.548,13.7525],[100.5485,13.7525],[100.5475,13.7515],[100.548,13.7525],[100.5475,13.7525],[100.5465,13.7515],[100.5475,13.7535],[100.546,13.7565]]],[[[100.555,13.7525]]],[[[100.555,13.7525]]],[[[100.555,13.7525],[100.5595,13.751],[100.5575,13.7515],[100.557,13.75],[100.557,13.7515],[100.555,13.7525]]],[[[100.5575,13.7535],[100.555,13.7545],[100.556,13.755],[100.558,13.7545],[100.5575,13.7535]]],[[[100.5605,13.7535],[100.561,13.754],[100.5635,13.753],[100.563,13.753],[100.5635,13.752],[100.5605,13.7535]]],[[[100.5635,13.7535],[100.5605,13.754],[100.5615,13.755],[100.559,13.7555],[100.558,13.757],[100.56,13.758],[100.562,13.7545],[100.5625,13.755],[100.563,13.7545],[100.5625,13.754],[100.5635,13.7535]]],[[[100.561,13.757],[100.562,13.7595],[100.564,13.7615],[100.5645,13.7585],[100.5635,13.7585],[100.563,13.7565],[100.5625,13.7575],[100.561,13.757]]],[[[100.564,13.7615],[100.5625,13.7635],[100.5635,13.764],[100.5635,13.7655],[100.565,13.767],[100.567,13.767],[100.5675,13.7665],[100.5665,13.765],[100.565,13.7645],[100.5655,13.7635],[100.564,13.7615]]],[[[100.5715,13.7745]]],[[[100.5715,13.7745]]],[[[100.5715,13.7745]]],[[[100.5715,13.7745],[100.57,13.7745],[100.5695,13.7735],[100.569,13.774],[100.5695,13.7745],[100.568,13.7745],[100.567,13.776],[100.5675,13.7765],[100.5665,13.7765],[100.5665,13.778],[100.5655,13.7775],[100.566,13.7795],[100.5675,13.7795],[100.568,13.7805],[100.5695,13.78],[100.5695,13.7815],[100.571,13.783],[100.5705,13.7845],[100.571,13.785],[100.57,13.7855],[100.5705,13.786],[100.569,13.786],[100.569,13.788],[100.5685,13.7875],[100.566,13.7895],[100.568,13.7915],[100.5695,13.7905],[100.569,13.792],[100.568,13.792],[100.57,13.7935],[100.5685,13.7955],[100.569,13.7965],[100.5675,13.796],[100.5695,13.8],[100.5715,13.7995],[100.57,13.797],[100.571,13.797],[100.571,13.7955],[100.572,13.7955],[100.5735,13.7935],[100.573,13.792],[100.5725,13.793],[100.5715,13.7935],[100.571,13.793],[100.5735,13.791],[100.5715,13.7905],[100.5705,13.7915],[100.5695,13.79],[100.5685,13.79],[100.5705,13.7885],[100.5705,13.7875],[100.5725,13.788],[100.571,13.785],[100.5725,13.7855],[100.572,13.785],[100.5735,13.7835],[100.572,13.783],[100.572,13.782],[100.571,13.7815],[100.572,13.7795],[100.571,13.7805],[100.5705,13.7795],[100.5695,13.78],[100.569,13.7785],[100.568,13.7785],[100.5695,13.7775],[100.569,13.776],[100.571,13.7755],[100.5715,13.7745]],[[100.5695,13.787],[100.5705,13.787],[100.57,13.7875],[100.5695,13.787]],[[100.569,13.789],[100.5685,13.7885],[100.569,13.7885],[100.569,13.789]],[[100.5725,13.784]],[[100.5705,13.781],[100.5705,13.7805],[100.5705,13.781]],[[100.5715,13.784]]],[[[100.569,13.761],[100.569,13.7605],[100.5685,13.7605],[100.569,13.761]]],[[[100.568,13.7605]]],[[[100.568,13.7605]]],[[[100.568,13.7605]]],[[[100.568,13.7605]]],[[[100.568,13.7605]]],[[[100.547,13.753]]],[[[100.5455,13.74]]],[[[100.5455,13.74]]],[[[100.545,13.7405],[100.5455,13.74],[100.5445,13.7375],[100.545,13.7365],[100.543,13.7355],[100.5425,13.7345],[100.543,13.7335],[100.545,13.733],[100.546,13.7345],[100.5465,13.7325],[100.548,13.7325],[100.548,13.73],[100.55,13.7295],[100.5495,13.728],[100.5505,13.7285],[100.552,13.727],[100.5525,13.73],[100.5535,13.7295],[100.5535,13.7285],[100.5555,13.728],[100.558,13.7295],[100.5585,13.727],[100.557,13.726],[100.557,13.725],[100.556,13.7255],[100.555,13.725],[100.553,13.727],[100.5525,13.725],[100.5525,13.7255],[100.5515,13.725],[100.5485,13.7275],[100.5495,13.728],[100.546,13.7285],[100.547,13.7285],[100.5475,13.7295],[100.5465,13.73],[100.546,13.7315],[100.544,13.7295],[100.543,13.7295],[100.5425,13.733],[100.5415,13.7325],[100.5395,13.7335],[100.54,13.7365],[100.5415,13.736],[100.542,13.737],[100.543,13.737],[100.5435,13.736],[100.544,13.7375],[100.5435,13.738],[100.544,13.7375],[100.5445,13.7385],[100.5435,13.7405],[100.545,13.7405],[100.5455,13.7415],[100.545,13.7405]],[[100.5415,13.7335],[100.5425,13.7335],[100.5415,13.7335]],[[100.543,13.7315]],[[100.5415,13.7355]],[[100.544,13.7315],[100.5445,13.731],[100.544,13.732],[100.544,13.7315]],[[100.5445,13.7405],[100.5445,13.74],[100.5445,13.7405]],[[100.55,13.727]],[[100.5545,13.727],[100.5545,13.726],[100.5545,13.727]],[[100.557,13.727],[100.5555,13.7275],[100.5555,13.726],[100.557,13.727]]],[[[100.554,13.738],[100.5535,13.7375],[100.5545,13.736],[100.5535,13.7355],[100.554,13.735],[100.5535,13.7345],[100.552,13.7355],[100.5525,13.7365],[100.551,13.738],[100.55,13.738],[100.55,13.737],[100.5485,13.736],[100.5485,13.738],[100.5465,13.736],[100.545,13.737],[100.546,13.7375],[100.5455,13.738],[100.5465,13.739],[100.546,13.74],[100.5465,13.7385],[100.5485,13.739],[100.548,13.7395],[100.5485,13.74],[100.549,13.7385],[100.551,13.74],[100.5515,13.7395],[100.5525,13.74],[100.552,13.738],[100.553,13.737],[100.554,13.738]],[[100.5525,13.737],[100.5525,13.7375],[100.5525,13.737]]],[[[100.5465,13.7245],[100.5465,13.724],[100.5455,13.7245],[100.5465,13.7245]]],[[[100.5385,13.7525],[100.5375,13.7515],[100.5355,13.7525],[100.5355,13.754],[100.5345,13.753],[100.534,13.754],[100.5345,13.7545],[100.535,13.754],[100.535,13.7555],[100.536,13.7555],[100.536,13.754],[100.537,13.7545],[100.537,13.756],[100.539,13.7555],[100.5395,13.756],[100.54,13.755],[100.538,13.754],[100.539,13.7525],[100.5385,13.7525]],[[100.5385,13.7545],[100.5385,13.755],[100.5385,13.7545]],[[100.5375,13.7525],[100.538,13.753],[100.5375,13.753],[100.5375,13.7525]],[[100.536,13.7525],[100.5365,13.753],[100.536,13.753],[100.536,13.7525]],[[100.5375,13.755]]],[[[100.5395,13.742],[100.539,13.742],[100.5395,13.742]]],[[[100.541,13.7325]]],[[[100.541,13.7325]]],[[[100.541,13.7325]]],[[[100.541,13.7325]]],[[[100.541,13.7325]]],[[[100.535,13.7505],[100.534,13.7495],[100.534,13.751],[100.536,13.7515],[100.5355,13.75],[100.535,13.7505]]],[[[100.5345,13.7315]]],[[[100.537,13.75],[100.5375,13.7505],[100.5375,13.7495],[100.5365,13.7495],[100.536,13.7515],[100.5375,13.7505],[100.537,13.75]]],[[[100.5375,13.749]]],[[[100.5375,13.749],[100.538,13.749],[100.538,13.748],[100.5375,13.7485],[100.5375,13.749]]],[[[100.5355,13.7535]]],[[[100.536,13.7325]]],[[[100.5425,13.7305]]],[[[100.5425,13.7305]]],[[[100.541,13.7685],[100.541,13.769],[100.542,13.769],[100.5415,13.7685],[100.541,13.7685]]],[[[100.542,13.7595]]],[[[100.542,13.73]]],[[[100.5425,13.7295],[100.542,13.7295],[100.5425,13.7295]]],[[[100.5445,13.7725],[100.545,13.772],[100.544,13.771],[100.5435,13.7715],[100.5445,13.7725]]],[[[100.5445,13.7555],[100.544,13.7555],[100.545,13.755],[100.5445,13.7555]]],[[[100.5455,13.7245]]],[[[100.5455,13.7245]]],[[[100.5455,13.7245]]],[[[100.5455,13.7245]]],[[[100.5455,13.7245]]],[[[100.543,13.786]]],[[[100.5455,13.7895]]],[[[100.5455,13.7895]]],[[[100.5455,13.755],[100.546,13.755],[100.546,13.7545],[100.5455,13.755]]],[[[100.546,13.7535],[100.5455,13.7535],[100.546,13.7535]]],[[[100.538,13.8055]]],[[[100.5495,13.725],[100.5495,13.7255],[100.5495,13.725]]],[[[100.5525,13.7235],[100.5525,13.7245],[100.5525,13.7235]]],[[[100.556,13.7235],[100.5565,13.7235],[100.556,13.7235]]],[[[100.557,13.7455],[100.5565,13.7455],[100.5565,13.746],[100.557,13.746],[100.557,13.7455]]],[[[100.557,13.744],[100.5575,13.7445],[100.558,13.7435],[100.557,13.744],[100.5575,13.7445],[100.557,13.744]]],[[[100.5525,13.744],[100.552,13.744],[100.5525,13.744]]],[[[100.548,13.7395]]],[[[100.548,13.739]]],[[[100.548,13.739]]],[[[100.548,13.739]]],[[[100.548,13.7395]]],[[[100.5505,13.7495],[100.5505,13.7485],[100.5495,13.7485],[100.5495,13.7495],[100.5505,13.7495]]],[[[100.5505,13.747],[100.5505,13.7475],[100.55,13.747],[100.55,13.748],[100.5505,13.747]]],[[[100.5505,13.7465],[100.551,13.746],[100.551,13.7455],[100.5505,13.7465]]],[[[100.551,13.7475],[100.551,13.748],[100.551,13.7475]]],[[[100.5565,13.7445],[100.556,13.7445],[100.5565,13.745],[100.5565,13.7445]]],[[[100.5635,13.743],[100.5625,13.7425],[100.563,13.744],[100.5635,13.743],[100.564,13.7435],[100.564,13.741],[100.563,13.7405],[100.5625,13.741],[100.5635,13.743]]],[[[100.5635,13.7215]]],[[[100.563,13.7215],[100.5635,13.7215],[100.563,13.7215]]],[[[100.5635,13.7215]]],[[[100.5615,13.75],[100.561,13.7505],[100.5615,13.7505],[100.5615,13.75]]],[[[100.559,13.744],[100.559,13.743],[100.56,13.7435],[100.5595,13.7445],[100.5615,13.745],[100.561,13.7435],[100.562,13.744],[100.562,13.743],[100.561,13.742],[100.559,13.742],[100.559,13.744]]],[[[100.5585,13.7465],[100.558,13.7445],[100.5585,13.745],[100.5575,13.7455],[100.558,13.748],[100.5585,13.7465]]],[[[100.558,13.743]]],[[[100.5585,13.7225],[100.5585,13.723],[100.5585,13.7225]]],[[[100.5625,13.733],[100.562,13.7325],[100.5625,13.733]]],[[[100.5655,13.732],[100.567,13.7315],[100.5655,13.731],[100.5655,13.732]]],[[[100.566,13.7295],[100.5655,13.729],[100.5655,13.7295],[100.566,13.7295]]],[[[100.5645,13.7335]]],[[[100.5475,13.7825]]],[[[100.556,13.805],[100.556,13.804],[100.556,13.8045],[100.556,13.805]]],[[[100.563,13.8195]]],[[[100.563,13.814],[100.563,13.8145],[100.5635,13.8145],[100.5635,13.814],[100.563,13.814]]],[[[100.561,13.8165]]],[[[100.561,13.8165]]],[[[100.561,13.8165]]],[[[100.561,13.8165]]],[[[100.561,13.816]]],[[[100.561,13.816]]],[[[100.561,13.8165]]],[[[100.561,13.8095],[100.5605,13.8095],[100.561,13.8095]]],[[[100.5605,13.8095]]],[[[100.5605,13.8095]]],[[[100.5605,13.8095]]],[[[100.5605,13.8095]]],[[[100.5605,13.8095]]],[[[100.5605,13.8095]]],[[[100.5605,13.8095]]],[[[100.5605,13.8095]]],[[[100.5605,13.8095]]],[[[100.5605,13.8095]]],[[[100.5605,13.8095]]],[[[100.5605,13.8095]]],[[[100.558,13.8125]]],[[[100.562,13.819]]],[[[100.5655,13.8115]]],[[[100.5655,13.8115]]],[[[100.5655,13.8115]]],[[[100.5985,13.8845]]],[[[100.5985,13.8845]]],[[[100.5985,13.8845]]],[[[100.599,13.878]]],[[[100.578,13.883]]],[[[100.5785,13.8465],[100.5785,13.847],[100.579,13.847],[100.5785,13.8465]]],[[[100.575,13.835],[100.575,13.8345],[100.575,13.835]]],[[[100.5885,13.863]]],[[[100.5885,13.863]]],[[[100.5885,13.863]]],[[[100.5885,13.863]]],[[[100.5845,13.851],[100.584,13.85],[100.583,13.8505],[100.584,13.852],[100.585,13.8515],[100.5845,13.851]]],[[[100.579,13.8485]]],[[[100.581,13.854]]],[[[100.5835,13.857],[100.5835,13.8565],[100.583,13.8565],[100.5835,13.857]]],[[[100.5865,13.859]]],[[[100.5865,13.859]]],[[[100.586,13.8825],[100.5855,13.8835],[100.586,13.883],[100.586,13.8825]]],[[[100.583,13.8815],[100.583,13.882],[100.583,13.8815]]],[[[100.586,13.895]]],[[[100.5905,13.882],[100.5895,13.881],[100.589,13.8805],[100.59,13.882],[100.5905,13.882]]],[[[100.5945,13.8705]]],[[[100.595,13.8795]]],[[[100.595,13.88]]],[[[100.595,13.88]]],[[[100.597,13.884]]],[[[100.5975,13.8805]]],[[[100.6015,13.885],[100.601,13.885],[100.6015,13.885]]],[[[100.5735,13.7255],[100.573,13.7265],[100.575,13.726],[100.5735,13.7255]]],[[[100.5745,13.724]]],[[[100.5745,13.724]]],[[[100.5745,13.724]]],[[[100.5745,13.724]]],[[[100.5745,13.724]]],[[[100.5865,13.717],[100.5865,13.7165],[100.586,13.7165],[100.5865,13.717]]],[[[100.5835,13.719],[100.5835,13.7185],[100.5835,13.719]]],[[[100.5835,13.7185]]],[[[100.582,13.718]]],[[[100.582,13.718]]],[[[100.582,13.718]]],[[[100.582,13.718]]],[[[100.582,13.7175]]],[[[100.5825,13.7175]]],[[[100.5825,13.7175]]],[[[100.5825,13.7175]]],[[[100.581,13.7255],[100.581,13.725],[100.5805,13.725],[100.581,13.7255]]],[[[100.581,13.7255]]],[[[100.581,13.7255]]],[[[100.581,13.7255],[100.5815,13.7255],[100.581,13.7255]]],[[[100.5815,13.7255]]],[[[100.5815,13.7255]]],[[[100.5815,13.7255]]],[[[100.5815,13.7255]]],[[[100.5815,13.7255]]],[[[100.5815,13.7255]]],[[[100.5815,13.7255]]],[[[100.585,13.7225],[100.585,13.723],[100.5855,13.722],[100.585,13.7225]]],[[[100.5885,13.7135]]],[[[100.5885,13.7135]]],[[[100.5885,13.7135]]],[[[100.5885,13.7135]]],[[[100.5885,13.7135]]],[[[100.591,13.7185],[100.5915,13.7185],[100.592,13.718],[100.591,13.7185]]],[[[100.6045,13.7045]]],[[[100.5995,13.7105]]],[[[100.6075,13.6825]]],[[[100.6075,13.6825]]],[[[100.6075,13.6825]]],[[[100.6075,13.6825]]],[[[100.6075,13.6825]]],[[[100.6075,13.6825],[100.6085,13.6825],[100.6085,13.682],[100.608,13.682],[100.6075,13.6825]]],[[[100.609,13.682],[100.6085,13.683],[100.61,13.6845],[100.61,13.683],[100.609,13.683],[100.609,13.682]],[[100.61,13.683]]],[[[100.6085,13.6765],[100.6085,13.676],[100.6085,13.6765]]],[[[100.6085,13.676]]],[[[100.609,13.6775]]],[[[100.609,13.6775]]],[[[100.609,13.6775]]],[[[100.608,13.6865]]],[[[100.5695,13.747],[100.5695,13.7475],[100.57,13.7475],[100.5695,13.747]]],[[[100.5915,13.7405]]],[[[100.5915,13.7405]]],[[[100.5915,13.7405]]],[[[100.5915,13.7405]]],[[[100.5915,13.7405]]],[[[100.5915,13.7405]]],[[[100.6155,13.7605],[100.616,13.7605],[100.6165,13.759],[100.6165,13.7595],[100.616,13.7595],[100.6155,13.7605]]],[[[100.611,13.756],[100.612,13.756],[100.6115,13.7555],[100.6125,13.755],[100.612,13.7545],[100.611,13.756]]],[[[100.6215,13.7625]]],[[[100.6215,13.7625]]],[[[100.6215,13.7625]]],[[[100.6215,13.7625]]],[[[100.6215,13.7625],[100.6235,13.763],[100.6235,13.7625],[100.622,13.7625],[100.6215,13.7625]]],[[[100.617,13.758]]],[[[100.6175,13.7585]]],[[[100.6235,13.7595],[100.6235,13.759],[100.6235,13.7595]]],[[[100.6265,13.762],[100.6275,13.762],[100.6275,13.761],[100.6265,13.762]]],[[[100.672,13.7775]]],[[[100.672,13.7775]]],[[[100.672,13.7775]]],[[[100.672,13.7775]]],[[[100.672,13.7775]]],[[[100.672,13.7775]]],[[[100.672,13.7775]]],[[[100.672,13.7775],[100.6725,13.7775],[100.672,13.7775]]],[[[100.6725,13.7775]]],[[[100.6725,13.7775],[100.672,13.779],[100.673,13.7785],[100.6725,13.7775]]],[[[100.673,13.7785]]],[[[100.6735,13.7785]]],[[[100.6505,13.7645],[100.651,13.7645],[100.6505,13.764],[100.649,13.765],[100.65,13.7655],[100.6505,13.7645]]],[[[100.651,13.765],[100.6505,13.766],[100.651,13.766],[100.651,13.765]]],[[[100.646,13.764],[100.647,13.7645],[100.647,13.764],[100.646,13.7635],[100.646,13.7645],[100.646,13.764]]],[[[100.6475,13.7645]]],[[[100.671,13.777]]],[[[100.671,13.777]]],[[[100.671,13.777]]],[[[100.671,13.778],[100.671,13.777],[100.6705,13.778],[100.671,13.778]]],[[[100.673,13.7805],[100.6725,13.78],[100.672,13.781],[100.6725,13.7815],[100.673,13.7805]]],[[[100.669,13.7825],[100.6695,13.7825],[100.669,13.7825]]],[[[100.6765,13.7825],[100.675,13.7815],[100.6755,13.7855],[100.677,13.785],[100.6765,13.784],[100.676,13.7845],[100.677,13.783],[100.6765,13.7825]],[[100.676,13.785],[100.676,13.7855],[100.676,13.785]]],[[[100.6775,13.7865],[100.6775,13.786],[100.6775,13.7865]]],[[[100.6865,13.788]]],[[[100.6865,13.788]]],[[[100.687,13.788],[100.687,13.7885],[100.6875,13.7885],[100.687,13.788]]],[[[100.6965,13.7905]]],[[[100.6965,13.7905]]],[[[100.6965,13.7905]]],[[[100.6965,13.7905]]],[[[100.6965,13.7905]]],[[[100.6965,13.79]]],[[[100.6965,13.79]]],[[[100.6965,13.79]]],[[[100.6965,13.79]]],[[[100.5725,13.805],[100.573,13.805],[100.5725,13.805]]],[[[100.5735,13.795],[100.574,13.795],[100.574,13.7945],[100.5735,13.795]]],[[[100.572,13.7655]]],[[[100.572,13.7655]]],[[[100.572,13.797],[100.572,13.7965],[100.5715,13.7965],[100.572,13.797]]],[[[100.572,13.7815]]],[[[100.572,13.762]]],[[[100.572,13.762]]],[[[100.572,13.762]]],[[[100.572,13.762]]],[[[100.572,13.762]]],[[[100.5725,13.8035]]],[[[100.576,13.787],[100.5765,13.787],[100.5765,13.7865],[100.576,13.787]]],[[[100.5745,13.7775]]],[[[100.5765,13.8035]]],[[[100.578,13.758]]],[[[100.578,13.758]]],[[[100.578,13.758]]],[[[100.516,13.81],[100.516,13.809],[100.515,13.8085],[100.5165,13.808],[100.5145,13.807],[100.5135,13.808],[100.513,13.8075],[100.513,13.8085],[100.5115,13.8085],[100.512,13.8075],[100.5115,13.807],[100.5095,13.808],[100.511,13.8095],[100.515,13.8085],[100.515,13.8095],[100.516,13.81]]],[[[100.514,13.809],[100.514,13.8095],[100.514,13.81],[100.514,13.809]]],[[[100.449,13.7355],[100.4485,13.735],[100.447,13.736],[100.447,13.7375],[100.4465,13.7365],[100.445,13.738],[100.447,13.738],[100.4465,13.7395],[100.448,13.7405],[100.448,13.739],[100.4485,13.741],[100.449,13.741],[100.448,13.7375],[100.4505,13.736],[100.449,13.7355]]],[[[100.4505,13.741],[100.4515,13.741],[100.4515,13.739],[100.4505,13.741]]],[[[100.452,13.739],[100.4515,13.741],[100.4525,13.7415],[100.453,13.74],[100.454,13.741],[100.455,13.7395],[100.4565,13.7395],[100.455,13.737],[100.4535,13.738],[100.454,13.7355],[100.4525,13.735],[100.452,13.7375],[100.4525,13.737],[100.4535,13.7385],[100.4525,13.7395],[100.452,13.739]],[[100.4535,13.738]],[[100.453,13.7365],[100.4535,13.736],[100.453,13.737],[100.453,13.7365]]],[[[100.451,13.777],[100.4495,13.778],[100.4505,13.7795],[100.451,13.779],[100.4495,13.781],[100.45,13.7815],[100.4515,13.7805],[100.4515,13.781],[100.4535,13.7805],[100.453,13.779],[100.4525,13.7795],[100.452,13.779],[100.4535,13.7775],[100.453,13.776],[100.4535,13.775],[100.4525,13.775],[100.453,13.776],[100.4525,13.7775],[100.451,13.777]]],[[[100.456,13.7795],[100.4565,13.781],[100.456,13.782],[100.4575,13.781],[100.46,13.7815],[100.461,13.7805],[100.458,13.777],[100.4575,13.778],[100.458,13.7775],[100.4585,13.778],[100.458,13.7785],[100.4585,13.7795],[100.456,13.7795]]],[[[100.459,13.7745],[100.461,13.7725],[100.4595,13.7715],[100.459,13.772],[100.4595,13.7725],[100.4575,13.7735],[100.4575,13.7725],[100.4565,13.7725],[100.457,13.7715],[100.454,13.7725],[100.4535,13.7705],[100.452,13.771],[100.453,13.772],[100.451,13.7725],[100.451,13.7735],[100.4525,13.7745],[100.453,13.773],[100.4545,13.7725],[100.456,13.7725],[100.4565,13.774],[100.457,13.773],[100.4585,13.7735],[100.459,13.7745]]],[[[100.4545,13.7735]]],[[[100.4545,13.7735]]],[[[100.4545,13.7735]]],[[[100.4545,13.7735]]],[[[100.4545,13.7735]]],[[[100.455,13.7735]]],[[[100.455,13.773]]],[[[100.455,13.773]]],[[[100.455,13.773]]],[[[100.455,13.773]]],[[[100.455,13.773]]],[[[100.4565,13.774],[100.456,13.774],[100.4565,13.7745],[100.4565,13.774]]],[[[100.4785,13.9145],[100.476,13.914],[100.4755,13.915],[100.477,13.9165],[100.4785,13.916],[100.479,13.915],[100.478,13.915],[100.4785,13.9145]],[[100.478,13.9155],[100.478,13.915],[100.4775,13.915],[100.478,13.915],[100.478,13.9155]]],[[[100.4865,13.9035]]],[[[100.4865,13.9035]]],[[[100.4865,13.9035]]],[[[100.4865,13.9035]]],[[[100.4865,13.9035]]],[[[100.4865,13.9035],[100.4855,13.9015],[100.4855,13.9035],[100.486,13.904],[100.4865,13.9035]]],[[[100.4855,13.904],[100.485,13.9045],[100.484,13.903],[100.4845,13.9045],[100.4835,13.9055],[100.484,13.9065],[100.483,13.906],[100.483,13.907],[100.485,13.9075],[100.486,13.9065],[100.4845,13.906],[100.4855,13.9055],[100.4855,13.904]]],[[[100.488,13.9075],[100.4895,13.909],[100.4895,13.908],[100.4885,13.907],[100.488,13.9075]]],[[[100.48,13.9135],[100.48,13.9115],[100.4785,13.912],[100.4795,13.9125],[100.4785,13.9145],[100.4795,13.914],[100.4795,13.913],[100.48,13.9135]]],[[[100.4785,13.9145]]],[[[100.4785,13.9145]]],[[[100.4785,13.9145]]],[[[100.4785,13.9145]]],[[[100.4885,13.907]]],[[[100.488,13.907]]],[[[100.488,13.907]]],[[[100.488,13.907]]],[[[100.488,13.907]]],[[[100.488,13.907]]],[[[100.486,13.9055]]],[[[100.486,13.9055]]],[[[100.486,13.9055]]],[[[100.4855,13.905]]],[[[100.4855,13.905]]],[[[100.4855,13.905]]],[[[100.4855,13.905]]],[[[100.4855,13.905],[100.486,13.905],[100.4855,13.905]]],[[[100.486,13.905]]],[[[100.486,13.905]]],[[[100.486,13.905]]],[[[100.486,13.905]]],[[[100.4845,13.702],[100.484,13.703],[100.485,13.704],[100.4835,13.705],[100.4835,13.706],[100.4845,13.707],[100.4855,13.706],[100.4865,13.7075],[100.4875,13.707],[100.4865,13.706],[100.488,13.705],[100.487,13.7055],[100.4855,13.705],[100.486,13.703],[100.4855,13.702],[100.4845,13.702]]],[[[100.4895,13.705],[100.4885,13.707],[100.4905,13.708],[100.493,13.7075],[100.492,13.7065],[100.4935,13.705],[100.493,13.7045],[100.492,13.705],[100.491,13.704],[100.4905,13.706],[100.4895,13.705]],[[100.4915,13.706]],[[100.491,13.7055],[100.491,13.705],[100.491,13.7055]]],[[[100.492,13.7015],[100.495,13.7],[100.495,13.699],[100.494,13.6985],[100.4915,13.7005],[100.492,13.7015]]],[[[100.49,13.7015],[100.4895,13.7005],[100.489,13.701],[100.49,13.7015]]],[[[100.4885,13.701],[100.4895,13.7005],[100.4895,13.6995],[100.489,13.699],[100.488,13.6995],[100.4885,13.699],[100.488,13.698],[100.486,13.697],[100.4855,13.701],[100.487,13.702],[100.4865,13.7015],[100.4875,13.6995],[100.489,13.7005],[100.4885,13.701]],[[100.4875,13.699],[100.4875,13.6995],[100.4875,13.699]]],[[[100.4865,13.828],[100.4875,13.83],[100.491,13.829],[100.49,13.828],[100.489,13.8285],[100.4865,13.828]]],[[[100.489,13.8305],[100.4875,13.8315],[100.487,13.831],[100.487,13.833],[100.4895,13.8315],[100.489,13.8305]]],[[[100.4985,13.8215],[100.4995,13.8225],[100.5,13.8215],[100.499,13.821],[100.4985,13.8215]]],[[[100.4985,13.8205],[100.499,13.819],[100.5,13.819],[100.5,13.818],[100.499,13.8175],[100.497,13.818],[100.497,13.82],[100.4965,13.8195],[100.495,13.82],[100.495,13.822],[100.4925,13.8235],[100.492,13.825],[100.491,13.825],[100.4915,13.826],[100.4905,13.8265],[100.491,13.829],[100.4915,13.8285],[100.492,13.829],[100.494,13.8265],[100.4925,13.826],[100.493,13.824],[100.4935,13.8245],[100.494,13.824],[100.495,13.8245],[100.496,13.8235],[100.496,13.824],[100.497,13.823],[100.4945,13.8225],[100.496,13.821],[100.4975,13.8215],[100.498,13.8195],[100.4985,13.8205]]],[[[100.492,13.8295]]],[[[100.496,13.822]]],[[[100.4905,13.8465],[100.49,13.8475],[100.4905,13.8495],[100.4915,13.846],[100.4905,13.8465]]],[[[100.4925,13.846],[100.494,13.8465],[100.4935,13.8475],[100.494,13.848],[100.4945,13.846],[100.4935,13.8455],[100.4925,13.846]]],[[[100.494,13.8435],[100.494,13.844],[100.494,13.8435]]],[[[100.495,13.8445],[100.4945,13.8475],[100.4955,13.847],[100.496,13.8475],[100.497,13.8455],[100.5,13.844],[100.4975,13.842],[100.497,13.8395],[100.496,13.8395],[100.4955,13.8385],[100.496,13.838],[100.494,13.8375],[100.495,13.836],[100.4945,13.8355],[100.493,13.838],[100.4945,13.84],[100.4935,13.8405],[100.4955,13.8415],[100.4955,13.841],[100.495,13.8425],[100.496,13.842],[100.497,13.8435],[100.495,13.8445]],[[100.4935,13.838]],[[100.497,13.844],[100.497,13.8445],[100.497,13.844]],[[100.497,13.8415],[100.4965,13.842],[100.4965,13.8415],[100.497,13.8415]],[[100.495,13.84]]],[[[100.4975,13.8355],[100.498,13.8365],[100.496,13.837],[100.497,13.839],[100.4995,13.838],[100.4985,13.837],[100.5,13.838],[100.502,13.8375],[100.5045,13.8355],[100.504,13.8345],[100.5025,13.834],[100.5015,13.834],[100.5015,13.8355],[100.5005,13.8355],[100.5,13.8365],[100.498,13.836],[100.4985,13.835],[100.4975,13.8355]],[[100.502,13.8345],[100.5015,13.8345],[100.502,13.8345]]],[[[100.5015,13.834],[100.501,13.833],[100.503,13.832],[100.502,13.832],[100.5015,13.83],[100.4995,13.8295],[100.498,13.831],[100.4995,13.8315],[100.499,13.832],[100.5,13.833],[100.5005,13.8325],[100.5015,13.834]],[[100.5005,13.831],[100.5005,13.8305],[100.5005,13.831]]],[[[100.498,13.831]]],[[[100.498,13.831]]],[[[100.498,13.8315]]],[[[100.498,13.8315]]],[[[100.498,13.8315]]],[[[100.498,13.8315]]],[[[100.498,13.8315]]],[[[100.498,13.8315]]],[[[100.498,13.8315]]],[[[100.498,13.8315]]],[[[100.498,13.8315]]],[[[100.498,13.8315]]],[[[100.498,13.8315]]],[[[100.498,13.8315]]],[[[100.501,13.826],[100.5005,13.827],[100.5015,13.827],[100.5025,13.8285],[100.503,13.8275],[100.5045,13.8275],[100.506,13.826],[100.5065,13.825],[100.506,13.8245],[100.508,13.825],[100.5085,13.8235],[100.5075,13.822],[100.509,13.8215],[100.5095,13.8195],[100.5085,13.8195],[100.507,13.821],[100.507,13.82],[100.506,13.8195],[100.5065,13.821],[100.5075,13.821],[100.5065,13.8235],[100.5045,13.823],[100.5045,13.825],[100.5035,13.826],[100.5025,13.8245],[100.5015,13.8265],[100.501,13.826]],[[100.5055,13.8255],[100.5055,13.826],[100.5055,13.8255]],[[100.505,13.825]]],[[[100.5065,13.933],[100.5045,13.9335],[100.5045,13.935],[100.506,13.9345],[100.5065,13.9355],[100.508,13.934],[100.509,13.934],[100.5085,13.933],[100.5095,13.932],[100.509,13.9305],[100.508,13.9305],[100.509,13.929],[100.5085,13.9285],[100.5075,13.93],[100.5065,13.9285],[100.5045,13.9275],[100.5045,13.929],[100.5035,13.93],[100.507,13.9305],[100.5065,13.933]],[[100.505,13.934],[100.506,13.934],[100.505,13.934]],[[100.506,13.93],[100.506,13.9295],[100.506,13.93]],[[100.5075,13.931],[100.508,13.931],[100.5075,13.931]]],[[[100.5105,13.7875],[100.5115,13.7885],[100.513,13.788],[100.513,13.787],[100.5165,13.788],[100.5155,13.7895],[100.5165,13.79],[100.516,13.791],[100.515,13.7915],[100.5155,13.791],[100.515,13.7905],[100.514,13.791],[100.5135,13.7905],[100.512,13.7915],[100.514,13.793],[100.515,13.7925],[100.516,13.7935],[100.516,13.792],[100.517,13.7935],[100.518,13.7935],[100.5175,13.7925],[100.5185,13.792],[100.5165,13.7915],[100.5185,13.7905],[100.518,13.7895],[100.519,13.7885],[100.518,13.788],[100.519,13.787],[100.5175,13.786],[100.515,13.7865],[100.514,13.7845],[100.5155,13.784],[100.5155,13.783],[100.5145,13.7835],[100.5125,13.782],[100.512,13.783],[100.511,13.783],[100.5115,13.7825],[100.51,13.7815],[100.5095,13.7825],[100.5105,13.783],[100.51,13.784],[100.512,13.784],[100.5135,13.785],[100.5115,13.786],[100.5125,13.7865],[100.5105,13.7875]],[[100.5135,13.786],[100.513,13.7865],[100.513,13.786],[100.5135,13.786]],[[100.5125,13.784],[100.513,13.784],[100.5125,13.784]],[[100.513,13.7915]],[[100.5145,13.792]],[[100.5155,13.787],[100.5165,13.7865],[100.5155,13.787]]],[[[100.513,13.789]]],[[[100.513,13.789],[100.512,13.7895],[100.512,13.79],[100.513,13.7895],[100.5125,13.7895],[100.513,13.789]]],[[[100.509,13.784],[100.5085,13.785],[100.5095,13.7845],[100.509,13.784]]],[[[100.5105,13.7855],[100.511,13.7845],[100.51,13.785],[100.5105,13.7855]]],[[[100.5175,13.6735],[100.5185,13.674],[100.5185,13.675],[100.5195,13.675],[100.52,13.6745],[100.5195,13.673],[100.5205,13.672],[100.5175,13.6735]],[[100.519,13.6735],[100.519,13.674],[100.519,13.6735]]],[[[100.5215,13.6725],[100.521,13.6725],[100.5215,13.6725]]],[[[100.521,13.669],[100.5205,13.67],[100.521,13.669]]],[[[100.5245,13.6825],[100.53,13.6835],[100.531,13.682],[100.5315,13.683],[100.5325,13.683],[100.533,13.68],[100.532,13.6795],[100.5325,13.678],[100.5315,13.678],[100.5325,13.678],[100.5325,13.6765],[100.5335,13.6755],[100.536,13.6755],[100.5365,13.674],[100.5355,13.6735],[100.536,13.673],[100.5355,13.6715],[100.538,13.6705],[100.5355,13.6705],[100.5355,13.6715],[100.535,13.671],[100.534,13.6715],[100.5345,13.673],[100.533,13.674],[100.533,13.675],[100.532,13.6745],[100.5325,13.6755],[100.5315,13.676],[100.5305,13.6745],[100.5295,13.675],[100.5305,13.676],[100.5285,13.675],[100.529,13.677],[100.5285,13.6765],[100.5315,13.677],[100.531,13.6815],[100.5295,13.6805],[100.529,13.6815],[100.5265,13.681],[100.527,13.6795],[100.526,13.6785],[100.5245,13.6825]],[[100.527,13.682],[100.5275,13.6825],[100.527,13.682]],[[100.5285,13.682],[100.5285,13.6815],[100.529,13.6815],[100.5285,13.682]]],[[[100.5415,13.6735],[100.544,13.675],[100.5435,13.6715],[100.5425,13.6715],[100.542,13.6725],[100.542,13.6705],[100.5415,13.672],[100.541,13.6705],[100.539,13.67],[100.5405,13.6715],[100.54,13.6725],[100.541,13.672],[100.542,13.673],[100.5415,13.6735]]],[[[100.539,13.6705]]],[[[100.539,13.6705]]],[[[100.538,13.6705]]],[[[100.538,13.6705]]],[[[100.5365,13.672]]],[[[100.5365,13.672]]],[[[100.5365,13.672]]],[[[100.5365,13.672]]],[[[100.5365,13.672]]],[[[100.543,13.68],[100.543,13.681],[100.545,13.681],[100.5465,13.678],[100.5475,13.6775],[100.548,13.6785],[100.549,13.6765],[100.547,13.677],[100.5475,13.676],[100.5465,13.6765],[100.5465,13.6755],[100.545,13.6755],[100.5445,13.676],[100.545,13.677],[100.543,13.68]],[[100.5455,13.678],[100.5455,13.6775],[100.546,13.678],[100.5455,13.678]]],[[[100.547,13.682],[100.5465,13.684],[100.548,13.6865],[100.551,13.6835],[100.551,13.682],[100.5505,13.6815],[100.549,13.682],[100.5495,13.6825],[100.548,13.684],[100.547,13.682]],[[100.5485,13.685]]],[[[100.5445,13.8215],[100.5455,13.8235],[100.547,13.8235],[100.5465,13.8225],[100.5475,13.822],[100.546,13.8195],[100.5455,13.8195],[100.546,13.8215],[100.5455,13.821],[100.5445,13.8215]]],[[[100.547,13.8235]]],[[[100.5475,13.8235],[100.547,13.8235],[100.5475,13.8235]]],[[[100.5495,13.8275],[100.5485,13.828],[100.549,13.8295],[100.55,13.829],[100.5495,13.8275]]],[[[100.549,13.8295],[100.5475,13.8295],[100.547,13.8305],[100.5485,13.8315],[100.5495,13.831],[100.5495,13.832],[100.5505,13.8315],[100.5535,13.8355],[100.5525,13.8365],[100.5535,13.8385],[100.553,13.839],[100.552,13.8385],[100.551,13.84],[100.553,13.842],[100.5535,13.841],[100.556,13.841],[100.555,13.8405],[100.555,13.8395],[100.5535,13.8395],[100.5545,13.8385],[100.554,13.838],[100.5545,13.837],[100.5575,13.8375],[100.557,13.835],[100.5565,13.8345],[100.5565,13.8355],[100.5555,13.8355],[100.556,13.837],[100.555,13.8365],[100.5525,13.831],[100.552,13.832],[100.5515,13.831],[100.55,13.831],[100.5505,13.83],[100.549,13.8295]]],[[[100.56,13.8475],[100.5605,13.8475],[100.559,13.845],[100.56,13.8475]]],[[[100.558,13.849],[100.555,13.85],[100.555,13.8515],[100.558,13.8525],[100.559,13.852],[100.56,13.851],[100.559,13.851],[100.5595,13.8495],[100.5575,13.85],[100.558,13.849]],[[100.557,13.851],[100.5575,13.851],[100.557,13.851]],[[100.5575,13.85]]],[[[100.5595,13.8515]]],[[[100.5595,13.8515],[100.5595,13.8545],[100.5625,13.855],[100.564,13.857],[100.5645,13.8555],[100.566,13.855],[100.5635,13.8495],[100.5625,13.8505],[100.5645,13.8545],[100.5625,13.853],[100.5615,13.8535],[100.561,13.8525],[100.5605,13.853],[100.5595,13.8515]],[[100.5615,13.854],[100.5615,13.8535],[100.562,13.8535],[100.562,13.854],[100.5615,13.854]]],[[[100.564,13.857],[100.564,13.8575],[100.5655,13.86],[100.565,13.8585],[100.564,13.857]]],[[[100.566,13.861]]],[[[100.566,13.861],[100.564,13.86],[100.5625,13.86],[100.5615,13.861],[100.5635,13.862],[100.562,13.8625],[100.563,13.8635],[100.5655,13.863],[100.564,13.8615],[100.566,13.861]]],[[[100.5665,13.8635]]],[[[100.5665,13.8635]]],[[[100.5665,13.8635]]],[[[100.5665,13.8635],[100.5675,13.865],[100.568,13.8645],[100.5665,13.8635]]],[[[100.568,13.8645],[100.5675,13.8655],[100.568,13.8665],[100.5685,13.866],[100.5695,13.867],[100.57,13.8665],[100.5685,13.864],[100.568,13.8645]]],[[[100.5685,13.864]]],[[[100.5695,13.8645],[100.571,13.8675],[100.5715,13.8665],[100.5695,13.8645]]],[[[100.5625,13.8475],[100.5665,13.845],[100.5645,13.8455],[100.564,13.844],[100.5635,13.846],[100.563,13.845],[100.561,13.8445],[100.5605,13.845],[100.5585,13.841],[100.5595,13.84],[100.5585,13.839],[100.5595,13.8385],[100.5585,13.8375],[100.5575,13.838],[100.558,13.8395],[100.557,13.84],[100.561,13.8465],[100.562,13.846],[100.5635,13.8465],[100.5615,13.847],[100.5625,13.8475]]],[[[100.557,13.8395]]],[[[100.557,13.8395]]],[[[100.557,13.8395]]],[[[100.557,13.8395]]],[[[100.557,13.8395]]],[[[100.557,13.8395]]],[[[100.557,13.8395]]],[[[100.557,13.8395]]],[[[100.557,13.8395]]],[[[100.557,13.8395]]],[[[100.56,13.849],[100.5605,13.849],[100.56,13.849]]],[[[100.561,13.7095],[100.561,13.712],[100.562,13.712],[100.563,13.711],[100.562,13.71],[100.5635,13.7095],[100.5615,13.709],[100.561,13.7095]]],[[[100.563,13.7115],[100.5625,13.7125],[100.563,13.7135],[100.5655,13.714],[100.566,13.7125],[100.5655,13.7115],[100.5645,13.712],[100.565,13.711],[100.564,13.712],[100.563,13.7115]]],[[[100.567,13.71],[100.567,13.712],[100.5675,13.711],[100.5695,13.7105],[100.569,13.7095],[100.5685,13.71],[100.568,13.7095],[100.569,13.7075],[100.57,13.708],[100.5705,13.7075],[100.5695,13.7055],[100.5665,13.7065],[100.567,13.707],[100.568,13.7065],[100.567,13.707],[100.568,13.7075],[100.5675,13.7085],[100.566,13.7085],[100.5675,13.709],[100.567,13.71]]],[[[100.586,13.6215],[100.5835,13.6235],[100.584,13.624],[100.5855,13.6225],[100.5865,13.623],[100.5855,13.622],[100.586,13.6215]]],[[[100.5885,13.6265],[100.588,13.6275],[100.589,13.6295],[100.589,13.628],[100.593,13.6265],[100.5935,13.626],[100.593,13.6255],[100.5965,13.623],[100.595,13.6215],[100.596,13.62],[100.5945,13.621],[100.594,13.62],[100.593,13.621],[100.5925,13.622],[100.593,13.6225],[100.5935,13.622],[100.594,13.6235],[100.593,13.625],[100.5915,13.6245],[100.591,13.626],[100.5895,13.6255],[100.589,13.627],[100.5885,13.6265]]],[[[100.5885,13.62],[100.5895,13.617],[100.589,13.6165],[100.5875,13.6175],[100.5875,13.6195],[100.5885,13.62]]],[[[100.586,13.6215],[100.586,13.621],[100.586,13.6215]]],[[[100.586,13.6215]]],[[[100.5865,13.6715],[100.5845,13.673],[100.5855,13.6745],[100.587,13.673],[100.5875,13.674],[100.5895,13.673],[100.59,13.674],[100.591,13.6735],[100.591,13.6755],[100.5925,13.6755],[100.591,13.6785],[100.5895,13.678],[100.5885,13.679],[100.589,13.6795],[100.59,13.6785],[100.5895,13.68],[100.591,13.68],[100.5915,13.681],[100.5915,13.68],[100.593,13.6795],[100.5925,13.6775],[100.5945,13.6775],[100.5935,13.6765],[100.595,13.6765],[100.5955,13.675],[100.5925,13.673],[100.5915,13.674],[100.592,13.6715],[100.591,13.6715],[100.591,13.6725],[100.5895,13.673],[100.589,13.6715],[100.5865,13.672],[100.5865,13.6715]],[[100.5925,13.677],[100.593,13.6765],[100.593,13.677],[100.5925,13.677]],[[100.5925,13.6745],[100.5925,13.675],[100.5925,13.6745]],[[100.5915,13.6785]]],[[[100.591,13.635],[100.593,13.6345],[100.594,13.6365],[100.5945,13.6355],[100.594,13.6335],[100.5955,13.6345],[100.595,13.633],[100.596,13.6355],[100.597,13.635],[100.5975,13.6355],[100.596,13.6365],[100.5965,13.638],[100.5955,13.6375],[100.595,13.6385],[100.596,13.6395],[100.597,13.639],[100.5965,13.638],[100.598,13.6385],[100.598,13.6365],[100.6,13.6355],[100.5985,13.6335],[100.597,13.6325],[100.596,13.633],[100.596,13.632],[100.5945,13.6325],[100.594,13.6315],[100.5935,13.6325],[100.593,13.6315],[100.592,13.6325],[100.593,13.6335],[100.591,13.635]],[[100.596,13.6385],[100.5955,13.638],[100.596,13.6385]]],[[[100.594,13.6365]]],[[[100.5935,13.6505],[100.5945,13.6505],[100.594,13.65],[100.595,13.6495],[100.5935,13.648],[100.593,13.6485],[100.5935,13.6505]]],[[[100.594,13.6465],[100.5925,13.646],[100.5925,13.6475],[100.5935,13.6475],[100.593,13.647],[100.594,13.6465]]],[[[100.602,13.9955],[100.6025,13.992],[100.6015,13.9955],[100.602,13.9955]]],[[[100.603,13.99],[100.6045,13.987],[100.606,13.9865],[100.6045,13.984],[100.603,13.9835],[100.6025,13.9855],[100.6035,13.986],[100.603,13.99]]],[[[100.596,13.5975],[100.5955,13.6015],[100.5975,13.602],[100.5985,13.5995],[100.6015,13.5985],[100.601,13.5975],[100.6025,13.5975],[100.6015,13.5945],[100.602,13.5935],[100.5985,13.5915],[100.5995,13.5925],[100.599,13.5935],[100.6,13.5935],[100.6,13.5945],[100.6015,13.5955],[100.599,13.5965],[100.6,13.5975],[100.599,13.597],[100.5995,13.598],[100.5975,13.5995],[100.597,13.599],[100.596,13.5995],[100.5965,13.598],[100.596,13.5975]],[[100.601,13.594]],[[100.601,13.5935]],[[100.601,13.597],[100.601,13.596],[100.601,13.597]]],[[[100.5975,13.5915]]],[[[100.5975,13.5915],[100.599,13.5915],[100.6,13.59],[100.598,13.5895],[100.5985,13.589],[100.598,13.5885],[100.597,13.59],[100.596,13.5885],[100.5955,13.5905],[100.597,13.5905],[100.5975,13.5915]],[[100.5965,13.59]]],[[[100.596,13.5905]]],[[[100.5955,13.5905]]],[[[100.5955,13.5905]]],[[[100.599,13.594]]],[[[100.5995,13.6095],[100.6005,13.6115],[100.6025,13.6115],[100.6015,13.6105],[100.602,13.6085],[100.6005,13.608],[100.6015,13.6065],[100.6005,13.6065],[100.601,13.6055],[100.5965,13.6035],[100.5975,13.605],[100.597,13.6055],[100.599,13.6055],[100.5985,13.6065],[100.5995,13.607],[100.599,13.6085],[100.6,13.609],[100.5995,13.6095]],[[100.5995,13.6065],[100.5995,13.606],[100.5995,13.6065]]],[[[100.5975,13.6625],[100.596,13.664],[100.5975,13.664],[100.5985,13.665],[100.599,13.6635],[100.5985,13.6605],[100.5975,13.6605],[100.5975,13.6625]],[[100.598,13.6615],[100.598,13.662],[100.598,13.6615]]],[[[100.6005,13.663],[100.601,13.6635],[100.6015,13.663],[100.6005,13.663],[100.6005,13.6615],[100.6,13.662],[100.5995,13.6615],[100.6,13.6635],[100.6005,13.663]]],[[[100.6045,13.6645],[100.604,13.665],[100.605,13.666],[100.6065,13.6655],[100.606,13.663],[100.605,13.665],[100.6045,13.6645]]],[[[100.606,13.662],[100.607,13.6655],[100.607,13.664],[100.608,13.664],[100.608,13.663],[100.609,13.6635],[100.609,13.6615],[100.61,13.6605],[100.609,13.66],[100.608,13.6605],[100.6075,13.6595],[100.6085,13.659],[100.608,13.6585],[100.605,13.659],[100.605,13.658],[100.606,13.658],[100.6065,13.6565],[100.6055,13.6555],[100.604,13.6555],[100.6045,13.657],[100.6035,13.6565],[100.603,13.657],[100.6015,13.654],[100.5995,13.6555],[100.601,13.657],[100.6015,13.6565],[100.6025,13.6575],[100.603,13.657],[100.604,13.6575],[100.6045,13.66],[100.605,13.6595],[100.6055,13.6605],[100.606,13.66],[100.6065,13.661],[100.6075,13.661],[100.6075,13.662],[100.606,13.662]],[[100.602,13.6565],[100.601,13.656],[100.6015,13.6555],[100.602,13.6565]],[[100.608,13.6615],[100.608,13.662],[100.608,13.6615]]],[[[100.604,13.66],[100.6045,13.6605],[100.604,13.658],[100.6035,13.6585],[100.604,13.66]]],[[[100.6045,13.6605]]],[[[100.6045,13.6605]]],[[[100.604,13.974],[100.6045,13.974],[100.605,13.971],[100.6045,13.9715],[100.604,13.974]]],[[[100.6055,13.9675],[100.6085,13.968],[100.608,13.967],[100.6055,13.9665],[100.6055,13.9675]]],[[[100.606,13.962],[100.6065,13.958],[100.6055,13.9615],[100.606,13.962]]],[[[100.608,13.579],[100.6085,13.5785],[100.6095,13.58],[100.611,13.5785],[100.612,13.5785],[100.6125,13.577],[100.6115,13.5765],[100.6115,13.575],[100.61,13.575],[100.6105,13.5735],[100.6095,13.573],[100.609,13.5735],[100.6095,13.574],[100.6085,13.574],[100.6075,13.572],[100.606,13.5735],[100.607,13.575],[100.6085,13.5745],[100.6095,13.576],[100.61,13.575],[100.611,13.576],[100.609,13.577],[100.6095,13.5785],[100.608,13.579]]],[[[100.611,13.866],[100.6105,13.8665],[100.6115,13.8675],[100.6125,13.8665],[100.6125,13.8675],[100.614,13.868],[100.6165,13.8665],[100.615,13.868],[100.616,13.8675],[100.6165,13.8685],[100.619,13.868],[100.62,13.8695],[100.6215,13.8685],[100.6205,13.869],[100.6225,13.8695],[100.623,13.8685],[100.622,13.868],[100.6235,13.8675],[100.623,13.8655],[100.6245,13.864],[100.625,13.8655],[100.626,13.8645],[100.6275,13.8645],[100.6275,13.8635],[100.629,13.8635],[100.6285,13.863],[100.6305,13.862],[100.6305,13.861],[100.6295,13.8605],[100.6325,13.861],[100.6335,13.859],[100.635,13.859],[100.637,13.8565],[100.6365,13.8565],[100.637,13.8535],[100.6375,13.855],[100.638,13.8545],[100.638,13.8525],[100.6385,13.8535],[100.6395,13.8535],[100.641,13.8565],[100.641,13.851],[100.6405,13.8525],[100.6405,13.851],[100.639,13.8525],[100.6385,13.852],[100.6395,13.851],[100.6385,13.8515],[100.638,13.8505],[100.637,13.851],[100.636,13.8505],[100.6345,13.8515],[100.634,13.85],[100.6315,13.851],[100.636,13.852],[100.637,13.8525],[100.637,13.8535],[100.6355,13.854],[100.6345,13.857],[100.6335,13.8565],[100.634,13.857],[100.6335,13.858],[100.6335,13.8565],[100.632,13.856],[100.632,13.858],[100.63,13.858],[100.63,13.86],[100.629,13.8605],[100.629,13.8615],[100.6275,13.8615],[100.627,13.8625],[100.6265,13.8615],[100.6265,13.8625],[100.6255,13.862],[100.6245,13.863],[100.624,13.861],[100.6235,13.862],[100.623,13.8615],[100.6225,13.862],[100.622,13.861],[100.621,13.8655],[100.6225,13.866],[100.6215,13.866],[100.621,13.8675],[100.6195,13.867],[100.62,13.8665],[100.6195,13.866],[100.6185,13.8665],[100.618,13.866],[100.617,13.8665],[100.6175,13.866],[100.617,13.8655],[100.6145,13.866],[100.6145,13.865],[100.611,13.866]],[[100.6155,13.8665],[100.616,13.866],[100.6155,13.8665]],[[100.6215,13.8675],[100.622,13.867],[100.6225,13.867],[100.6215,13.8675]],[[100.6185,13.8675],[100.618,13.868],[100.618,13.8675],[100.6185,13.8675]],[[100.6205,13.868]],[[100.6175,13.867],[100.618,13.8665],[100.6185,13.8665],[100.6175,13.867]],[[100.6195,13.867]],[[100.6225,13.8645],[100.6225,13.864],[100.6225,13.8645]],[[100.6235,13.864],[100.623,13.8645],[100.623,13.864],[100.6235,13.864]],[[100.6275,13.863],[100.628,13.863],[100.6275,13.863]],[[100.626,13.864],[100.627,13.8635],[100.627,13.864],[100.626,13.864]],[[100.636,13.8555],[100.6365,13.8555],[100.636,13.8555]],[[100.6325,13.858],[100.633,13.858],[100.6325,13.858]],[[100.6345,13.857],[100.6345,13.8575],[100.6345,13.857]],[[100.6405,13.854],[100.64,13.8545],[100.64,13.854],[100.6405,13.854]]],[[[100.642,13.8535]]],[[[100.645,13.853],[100.648,13.8535],[100.6495,13.8505],[100.65,13.852],[100.6505,13.8505],[100.652,13.851],[100.6525,13.85],[100.65,13.849],[100.649,13.85],[100.648,13.849],[100.648,13.8475],[100.647,13.8475],[100.645,13.8495],[100.647,13.8495],[100.6485,13.8505],[100.6455,13.85],[100.645,13.853]],[[100.648,13.8495],[100.648,13.849],[100.648,13.8495]]],[[[100.651,13.848],[100.653,13.8495],[100.653,13.8485],[100.654,13.848],[100.6535,13.847],[100.6555,13.8475],[100.6575,13.8445],[100.659,13.845],[100.6595,13.844],[100.6575,13.8445],[100.655,13.8435],[100.6535,13.8465],[100.653,13.8455],[100.651,13.8455],[100.6515,13.8465],[100.65,13.8465],[100.651,13.848]]],[[[100.6605,13.841],[100.6635,13.8445],[100.6645,13.843],[100.663,13.842],[100.6645,13.8425],[100.665,13.841],[100.6665,13.84],[100.6655,13.8395],[100.666,13.8375],[100.6675,13.838],[100.6675,13.837],[100.664,13.8375],[100.6655,13.8355],[100.664,13.8365],[100.662,13.836],[100.6605,13.8345],[100.66,13.836],[100.6615,13.8375],[100.661,13.8385],[100.66,13.837],[100.659,13.838],[100.66,13.8385],[100.6585,13.839],[100.659,13.8395],[100.6585,13.8405],[100.6605,13.8395],[100.662,13.837],[100.6625,13.838],[100.664,13.8375],[100.6635,13.839],[100.664,13.84],[100.6625,13.8395],[100.663,13.841],[100.6625,13.842],[100.6615,13.8405],[100.6605,13.841]],[[100.665,13.841],[100.6645,13.8405],[100.665,13.8405],[100.665,13.841]]],[[[100.668,13.837],[100.6705,13.8395],[100.671,13.839],[100.6705,13.8385],[100.672,13.8385],[100.6715,13.839],[100.6725,13.8395],[100.6735,13.8375],[100.673,13.837],[100.674,13.832],[100.6725,13.83],[100.673,13.8295],[100.6745,13.831],[100.6755,13.831],[100.677,13.83],[100.676,13.829],[100.6775,13.8285],[100.6805,13.83],[100.681,13.8295],[100.6805,13.8285],[100.682,13.828],[100.682,13.827],[100.6815,13.8265],[100.68,13.828],[100.68,13.829],[100.6785,13.8275],[100.6725,13.8285],[100.6705,13.8305],[100.672,13.83],[100.671,13.831],[100.6715,13.832],[100.6705,13.832],[100.6715,13.833],[100.6715,13.8345],[100.6725,13.835],[100.6715,13.836],[100.672,13.8375],[100.671,13.838],[100.6695,13.8365],[100.67,13.8375],[100.669,13.838],[100.6685,13.8375],[100.669,13.837],[100.668,13.8365],[100.668,13.837]],[[100.673,13.829],[100.6745,13.8295],[100.6745,13.83],[100.674,13.8295],[100.673,13.829]],[[100.672,13.8305],[100.6725,13.831],[100.672,13.8305]],[[100.6725,13.8365]],[[100.6755,13.8285]]],[[[100.6815,13.8265]]],[[[100.6785,13.8235],[100.68,13.8225],[100.679,13.822],[100.6775,13.8235],[100.6785,13.8235]]],[[[100.676,13.8235],[100.6755,13.822],[100.675,13.823],[100.6755,13.824],[100.676,13.8235]]],[[[100.676,13.8245],[100.674,13.827],[100.675,13.8275],[100.676,13.8245]]],[[[100.6745,13.8275]]],[[[100.6565,13.8415],[100.656,13.841],[100.653,13.8425],[100.6565,13.8415]]],[[[100.652,13.842],[100.653,13.8415],[100.6525,13.84],[100.652,13.841],[100.6485,13.84],[100.648,13.841],[100.647,13.841],[100.647,13.842],[100.6455,13.8415],[100.644,13.843],[100.643,13.8425],[100.644,13.8445],[100.643,13.8445],[100.644,13.8455],[100.6435,13.846],[100.644,13.8475],[100.646,13.8465],[100.645,13.844],[100.646,13.8445],[100.6465,13.8435],[100.6475,13.844],[100.648,13.8435],[100.6475,13.843],[100.65,13.8435],[100.6505,13.843],[100.649,13.842],[100.652,13.842]],[[100.6445,13.843],[100.644,13.8435],[100.644,13.843],[100.6445,13.843]],[[100.644,13.8455],[100.6445,13.8445],[100.645,13.845],[100.644,13.8455]]],[[[100.6425,13.8475],[100.6405,13.8485],[100.641,13.85],[100.6395,13.849],[100.64,13.85],[100.6395,13.851],[100.643,13.849],[100.643,13.8485],[100.642,13.8495],[100.6415,13.849],[100.6425,13.8485],[100.642,13.848],[100.644,13.8475],[100.6425,13.8475]]],[[[100.631,13.8525],[100.631,13.851],[100.6285,13.8505],[100.629,13.852],[100.628,13.852],[100.6285,13.854],[100.6275,13.8545],[100.6275,13.8555],[100.6295,13.8555],[100.63,13.853],[100.631,13.8535],[100.6315,13.853],[100.631,13.8525]]],[[[100.626,13.8555]]],[[[100.626,13.8555],[100.627,13.8535],[100.625,13.8545],[100.622,13.852],[100.621,13.8535],[100.6225,13.8545],[100.6205,13.855],[100.62,13.8565],[100.622,13.8575],[100.6225,13.857],[100.622,13.856],[100.623,13.8555],[100.623,13.856],[100.623,13.855],[100.6235,13.8555],[100.623,13.855],[100.6235,13.854],[100.6245,13.854],[100.626,13.8555]],[[100.6215,13.8535]]],[[[100.6225,13.858],[100.6215,13.8575],[100.6205,13.858],[100.62,13.861],[100.6185,13.862],[100.622,13.86],[100.6225,13.858]],[[100.6215,13.8585],[100.621,13.8585],[100.6215,13.8585]]],[[[100.6305,13.8575],[100.631,13.858],[100.631,13.8575],[100.6305,13.8575]]],[[[100.634,13.8525],[100.6345,13.8525],[100.635,13.8525],[100.635,13.852],[100.634,13.8525]]],[[[100.6795,13.825],[100.6805,13.8265],[100.6795,13.8255],[100.6795,13.825]]],[[[100.6795,13.8265],[100.679,13.827],[100.6795,13.8275],[100.68,13.827],[100.6795,13.8265]]],[[[100.6655,13.8365]]],[[[100.677,13.8265],[100.6775,13.827],[100.6775,13.8265],[100.677,13.8265]]],[[[100.6115,13.9085],[100.611,13.9115],[100.6125,13.912],[100.613,13.911],[100.615,13.913],[100.616,13.911],[100.6155,13.91],[100.615,13.9105],[100.6155,13.911],[100.613,13.91],[100.6145,13.907],[100.6115,13.9085]]],[[[100.6165,13.911],[100.617,13.912],[100.616,13.913],[100.618,13.9135],[100.618,13.9125],[100.62,13.9155],[100.6185,13.9145],[100.619,13.916],[100.618,13.917],[100.62,13.9175],[100.6205,13.9165],[100.621,13.9175],[100.6215,13.917],[100.621,13.916],[100.6225,13.9145],[100.621,13.912],[100.622,13.9115],[100.6235,13.912],[100.623,13.9115],[100.6235,13.9105],[100.6225,13.91],[100.624,13.9095],[100.624,13.908],[100.623,13.907],[100.6215,13.908],[100.622,13.9095],[100.621,13.91],[100.622,13.9105],[100.6205,13.911],[100.621,13.912],[100.619,13.9135],[100.6165,13.911]],[[100.622,13.9105],[100.622,13.911],[100.622,13.9105]],[[100.6205,13.913],[100.6215,13.9145],[100.6205,13.913]],[[100.621,13.915],[100.6195,13.913],[100.62,13.913],[100.621,13.915]],[[100.6235,13.908],[100.623,13.908],[100.6235,13.908]]],[[[100.621,13.919],[100.6215,13.9195],[100.621,13.9205],[100.622,13.921],[100.6205,13.9215],[100.621,13.9225],[100.6195,13.925],[100.6205,13.9275],[100.6215,13.927],[100.621,13.926],[100.6215,13.927],[100.621,13.9285],[100.623,13.926],[100.6215,13.9255],[100.623,13.924],[100.6235,13.9225],[100.6225,13.9215],[100.6235,13.92],[100.6255,13.922],[100.625,13.9225],[100.6275,13.9225],[100.628,13.925],[100.627,13.9245],[100.6265,13.925],[100.627,13.9255],[100.6285,13.925],[100.631,13.9265],[100.63,13.927],[100.6305,13.9275],[100.63,13.928],[100.6275,13.928],[100.6285,13.929],[100.6265,13.9295],[100.6265,13.9305],[100.6255,13.93],[100.6255,13.9315],[100.624,13.9315],[100.624,13.9325],[100.6255,13.933],[100.6275,13.9325],[100.6265,13.9315],[100.6285,13.9315],[100.6295,13.9295],[100.631,13.929],[100.63,13.9285],[100.6305,13.928],[100.633,13.9285],[100.632,13.927],[100.6325,13.9255],[100.6315,13.926],[100.629,13.9245],[100.6305,13.9235],[100.629,13.9225],[100.63,13.922],[100.6295,13.9215],[100.6305,13.922],[100.63,13.921],[100.631,13.92],[100.6275,13.9215],[100.6255,13.9185],[100.625,13.919],[100.6235,13.918],[100.623,13.919],[100.6225,13.9185],[100.621,13.919]],[[100.622,13.92],[100.622,13.9205],[100.622,13.92]],[[100.6215,13.923],[100.6225,13.9235],[100.6215,13.924],[100.6215,13.923]],[[100.6215,13.922]],[[100.6205,13.9255]],[[100.6245,13.92],[100.6245,13.9205],[100.6245,13.92]],[[100.623,13.9195],[100.6235,13.92],[100.623,13.9195]],[[100.6245,13.9195],[100.624,13.919],[100.6245,13.9195]],[[100.628,13.923]],[[100.6285,13.9235],[100.6285,13.924],[100.6285,13.9235]],[[100.6285,13.9295],[100.628,13.9295],[100.6285,13.9295]],[[100.6285,13.9295]],[[100.627,13.9305],[100.6265,13.9305],[100.627,13.9305]],[[100.6275,13.9305]]],[[[100.6235,13.926],[100.6225,13.9275],[100.623,13.929],[100.6255,13.93],[100.624,13.929],[100.624,13.9275],[100.625,13.927],[100.624,13.927],[100.6235,13.926]]],[[[100.622,13.9175],[100.622,13.918],[100.622,13.9175]]],[[[100.6195,13.907],[100.621,13.908],[100.6205,13.907],[100.6215,13.9065],[100.6215,13.905],[100.621,13.906],[100.62,13.905],[100.6175,13.9065],[100.6185,13.9055],[100.616,13.904],[100.615,13.9045],[100.614,13.9035],[100.6125,13.905],[100.6135,13.9055],[100.6125,13.9065],[100.6135,13.9075],[100.6145,13.907],[100.6145,13.906],[100.616,13.908],[100.618,13.907],[100.618,13.9075],[100.6195,13.906],[100.62,13.9065],[100.619,13.907],[100.6195,13.907]],[[100.616,13.907]],[[100.6155,13.906],[100.6165,13.9055],[100.6155,13.906]],[[100.616,13.905],[100.615,13.9055],[100.616,13.905]],[[100.6135,13.9065]],[[100.617,13.9065],[100.617,13.907],[100.6165,13.9065],[100.617,13.9065]]],[[[100.6145,13.907]]],[[[100.6145,13.907]]],[[[100.6145,13.907]]],[[[100.625,13.9225]]],[[[100.63,13.9625],[100.629,13.962],[100.6285,13.9635],[100.63,13.963],[100.6305,13.9645],[100.6315,13.9635],[100.6305,13.9625],[100.631,13.9615],[100.63,13.9625]]],[[[100.6315,13.9625],[100.6355,13.961],[100.635,13.9605],[100.6315,13.9625]]],[[[100.6355,13.962],[100.634,13.9645],[100.6345,13.9655],[100.636,13.9655],[100.6365,13.964],[100.638,13.9645],[100.6375,13.963],[100.6405,13.962],[100.6395,13.9615],[100.64,13.961],[100.6395,13.9605],[100.6405,13.9605],[100.6405,13.959],[100.642,13.9595],[100.643,13.9585],[100.6405,13.9575],[100.639,13.9595],[100.6395,13.96],[100.6375,13.96],[100.638,13.9625],[100.6365,13.962],[100.636,13.963],[100.6355,13.962]],[[100.638,13.9615],[100.6385,13.9615],[100.638,13.9615]]],[[[100.64,13.9575],[100.6405,13.9565],[100.639,13.9545],[100.6385,13.957],[100.6395,13.9575],[100.639,13.958],[100.64,13.9575]]],[[[100.638,13.956],[100.6375,13.955],[100.6365,13.9555],[100.6355,13.9545],[100.634,13.956],[100.6345,13.957],[100.6335,13.958],[100.636,13.9575],[100.638,13.956]],[[100.635,13.9565],[100.635,13.956],[100.635,13.9565]]],[[[100.636,13.9575]]],[[[100.636,13.9575]]],[[[100.636,13.9575]]],[[[100.6365,13.958]]],[[[100.6365,13.9585],[100.6375,13.958],[100.6365,13.9585]]],[[[100.638,13.9595]]],[[[100.638,13.932],[100.6395,13.933],[100.6425,13.933],[100.645,13.932],[100.638,13.932]]],[[[100.6415,13.934]]],[[[100.6415,13.934]]],[[[100.641,13.9345],[100.642,13.9375],[100.6425,13.9365],[100.642,13.9345],[100.645,13.9345],[100.6455,13.9335],[100.643,13.9335],[100.641,13.9345]]],[[[100.646,13.933],[100.6465,13.9335],[100.649,13.9335],[100.6485,13.933],[100.646,13.933]]],[[[100.649,13.9335]]],[[[100.649,13.9335]]],[[[100.649,13.9335]]],[[[100.649,13.9335],[100.6515,13.934],[100.6525,13.9325],[100.6535,13.933],[100.654,13.932],[100.653,13.931],[100.6515,13.931],[100.6515,13.932],[100.6485,13.9315],[100.648,13.932],[100.6515,13.9325],[100.649,13.9335]]],[[[100.641,13.733],[100.6405,13.735],[100.6395,13.7355],[100.6395,13.7365],[100.6405,13.7365],[100.639,13.7385],[100.6405,13.7395],[100.6405,13.7405],[100.6415,13.7395],[100.6435,13.744],[100.6425,13.74],[100.6425,13.7405],[100.641,13.738],[100.641,13.736],[100.6415,13.7355],[100.642,13.7365],[100.643,13.7365],[100.6435,13.735],[100.6455,13.7365],[100.6455,13.735],[100.6425,13.7345],[100.641,13.733]],[[100.6405,13.7375],[100.64,13.7375],[100.6405,13.7375]],[[100.6425,13.7355],[100.6425,13.736],[100.6425,13.7355]],[[100.642,13.7345],[100.6415,13.735],[100.642,13.735],[100.642,13.7345]]],[[[100.6435,13.7405],[100.643,13.741],[100.6435,13.742],[100.6445,13.7415],[100.644,13.741],[100.6455,13.741],[100.6435,13.7405]]],[[[100.646,13.7425],[100.648,13.7435],[100.6475,13.7445],[100.648,13.745],[100.65,13.743],[100.6475,13.742],[100.6475,13.743],[100.646,13.7425]]],[[[100.6475,13.7405],[100.647,13.74],[100.646,13.7405],[100.6475,13.7405]]],[[[100.649,13.74],[100.652,13.739],[100.6495,13.7385],[100.6485,13.739],[100.6495,13.739],[100.649,13.74]]],[[[100.65,13.738],[100.6535,13.737],[100.653,13.7365],[100.6475,13.7375],[100.65,13.738]]],[[[100.6455,13.74]]],[[[100.693,13.7305],[100.694,13.732],[100.695,13.732],[100.695,13.733],[100.696,13.733],[100.6935,13.734],[100.694,13.735],[100.6955,13.735],[100.6955,13.734],[100.696,13.7345],[100.6975,13.734],[100.6965,13.7335],[100.699,13.7325],[100.697,13.732],[100.6955,13.733],[100.694,13.7305],[100.693,13.7305]]],[[[100.686,13.7335],[100.685,13.7335],[100.684,13.7355],[100.6875,13.735],[100.6875,13.738],[100.6885,13.7355],[100.6885,13.737],[100.6915,13.736],[100.691,13.736],[100.6915,13.735],[100.6905,13.7355],[100.6875,13.735],[100.686,13.7335]],[[100.69,13.7355]]],[[[100.693,13.7365],[100.694,13.737],[100.696,13.7355],[100.6955,13.735],[100.6935,13.7355],[100.693,13.7365]]],[[[100.726,13.806],[100.7265,13.809],[100.7275,13.809],[100.727,13.8095],[100.7275,13.81],[100.7285,13.8085],[100.73,13.808],[100.7315,13.8095],[100.731,13.81],[100.7305,13.8095],[100.73,13.811],[100.731,13.8115],[100.7315,13.81],[100.7335,13.811],[100.7325,13.8085],[100.731,13.8085],[100.7315,13.8055],[100.7305,13.808],[100.729,13.8075],[100.729,13.806],[100.728,13.807],[100.726,13.806]]],[[[100.725,13.808],[100.7225,13.807],[100.722,13.8075],[100.724,13.8085],[100.723,13.81],[100.7245,13.8105],[100.725,13.808]]],[[[100.722,13.811],[100.7235,13.809],[100.723,13.8085],[100.7205,13.811],[100.72,13.8105],[100.717,13.8125],[100.718,13.8135],[100.719,13.813],[100.719,13.814],[100.7205,13.813],[100.72,13.8145],[100.7205,13.8155],[100.722,13.813],[100.721,13.8135],[100.72,13.8125],[100.7215,13.8105],[100.722,13.811]]],[[[100.721,13.8155],[100.722,13.816],[100.7225,13.813],[100.721,13.8155]]],[[[100.723,13.8145],[100.726,13.816],[100.7295,13.8155],[100.729,13.8185],[100.7305,13.819],[100.7305,13.816],[100.7295,13.8165],[100.7295,13.815],[100.7285,13.8155],[100.7275,13.8145],[100.7275,13.813],[100.7235,13.813],[100.723,13.8145]],[[100.724,13.8145]]],[[[100.732,13.8155],[100.731,13.8175],[100.7325,13.8185],[100.7335,13.816],[100.7345,13.818],[100.7365,13.816],[100.736,13.815],[100.7375,13.8155],[100.736,13.8145],[100.7365,13.813],[100.7355,13.814],[100.7335,13.8125],[100.735,13.8155],[100.7335,13.815],[100.733,13.816],[100.732,13.8155]],[[100.7325,13.8175],[100.732,13.817],[100.7325,13.817],[100.7325,13.8175]]],[[[100.701,13.8175],[100.7015,13.818],[100.702,13.817],[100.701,13.8175]]],[[[100.7555,13.684],[100.755,13.684],[100.7555,13.685],[100.753,13.6855],[100.754,13.69],[100.755,13.6905],[100.7535,13.6865],[100.7555,13.686],[100.7565,13.6865],[100.7555,13.684]]],[[[100.7455,13.6875],[100.743,13.688],[100.743,13.687],[100.742,13.6875],[100.7425,13.689],[100.745,13.6885],[100.7465,13.692],[100.745,13.688],[100.7455,13.6875]]],[[[100.7475,13.6945],[100.748,13.698],[100.75,13.697],[100.7495,13.696],[100.7505,13.697],[100.7525,13.6955],[100.753,13.6965],[100.7535,13.6955],[100.754,13.6955],[100.7535,13.6965],[100.755,13.6965],[100.756,13.6955],[100.755,13.6935],[100.755,13.6945],[100.754,13.695],[100.7535,13.6945],[100.754,13.694],[100.75,13.695],[100.75,13.694],[100.7485,13.694],[100.749,13.696],[100.748,13.696],[100.7475,13.6945]],[[100.754,13.695]]],[[[100.7455,13.7255],[100.7415,13.726],[100.7455,13.7265],[100.745,13.726],[100.7455,13.7255]]],[[[100.7435,13.7285]]],[[[100.7435,13.7285],[100.743,13.7285],[100.7435,13.7285]]],[[[100.743,13.7285],[100.7415,13.7285],[100.741,13.7275],[100.74,13.7295],[100.7425,13.7295],[100.743,13.7285]]],[[[100.754,13.7295],[100.757,13.73],[100.7575,13.7295],[100.755,13.728],[100.754,13.7295]]],[[[100.754,13.7285],[100.754,13.726],[100.751,13.7275],[100.752,13.7255],[100.75,13.724],[100.749,13.7245],[100.748,13.724],[100.7495,13.726],[100.748,13.726],[100.748,13.7275],[100.75,13.728],[100.753,13.7275],[100.754,13.7285]],[[100.749,13.725],[100.749,13.7245],[100.749,13.7255],[100.749,13.725]]],[[[100.4075,13.883],[100.407,13.8835],[100.4075,13.883]]],[[[100.462,13.7235],[100.4615,13.7235],[100.4615,13.724],[100.462,13.724],[100.462,13.7235]]],[[[100.462,13.726],[100.4615,13.727],[100.4625,13.7265],[100.462,13.726]]],[[[100.473,13.7255]]],[[[100.467,13.74]]],[[[100.477,13.7175],[100.4775,13.7175],[100.477,13.7175]]],[[[100.4775,13.7275],[100.4775,13.727],[100.4775,13.7275]]],[[[100.4895,13.7215]]],[[[100.494,13.724]]],[[[100.503,13.7425],[100.5025,13.742],[100.502,13.7425],[100.503,13.7425]]],[[[100.4945,13.7605],[100.494,13.761],[100.495,13.7615],[100.4945,13.7605]]],[[[100.4855,13.7425],[100.486,13.7425],[100.486,13.742],[100.4855,13.7425]]],[[[100.502,13.7345]]],[[[100.509,13.754],[100.5085,13.754],[100.509,13.754]]],[[[100.505,13.7495]]],[[[100.505,13.743]]],[[[100.5045,13.765]]],[[[100.504,13.7645],[100.504,13.765],[100.5045,13.764],[100.504,13.7645]]],[[[100.506,13.7435],[100.506,13.744],[100.506,13.7435]]],[[[100.5055,13.743],[100.506,13.743],[100.5055,13.7425],[100.5055,13.743]]],[[[100.5075,13.724]]],[[[100.508,13.72]]],[[[100.5115,13.7385],[100.5115,13.739],[100.512,13.738],[100.5115,13.7385]]],[[[100.5135,13.7625]]],[[[100.5185,13.751],[100.519,13.7505],[100.519,13.75],[100.5185,13.75],[100.5185,13.751]]],[[[100.5255,13.7245],[100.5255,13.725],[100.5255,13.7245]]],[[[100.5295,13.728],[100.529,13.728],[100.5295,13.728]]],[[[100.527,13.7535],[100.5275,13.7535],[100.5275,13.753],[100.527,13.7535]]],[[[100.545,13.752]]],[[[100.532,13.7265],[100.5325,13.7265],[100.532,13.726],[100.532,13.7265]]],[[[100.535,13.7315]]],[[[100.5345,13.724],[100.534,13.724],[100.534,13.7245],[100.5345,13.724]]],[[[100.5395,13.7595],[100.5415,13.7585],[100.54,13.758],[100.539,13.759],[100.5395,13.7595]]],[[[100.5425,13.74]]],[[[100.542,13.7375]]],[[[100.544,13.7575],[100.544,13.7585],[100.544,13.7575]]],[[[100.549,13.7875]]],[[[100.5495,13.7875]]],[[[100.557,13.724],[100.557,13.7235],[100.5565,13.7235],[100.557,13.724]]],[[[100.5515,13.7485],[100.5515,13.749],[100.552,13.7485],[100.5515,13.7485]]],[[[100.556,13.7455],[100.556,13.745],[100.5555,13.745],[100.556,13.7455]]],[[[100.5605,13.7505]]],[[[100.5905,13.7405]]],[[[100.5825,13.7235]]],[[[100.6025,13.709]]],[[[100.604,13.7015],[100.604,13.701],[100.604,13.7015]]],[[[100.4535,13.774]]],[[[100.4705,13.7565],[100.471,13.7565],[100.4705,13.7565]]],[[[100.499,13.785]]],[[[100.493,13.829]]],[[[100.5055,13.795],[100.5055,13.7955],[100.5055,13.795]]],[[[100.5055,13.821]]],[[[100.5075,13.896]]],[[[100.5145,13.79],[100.514,13.79],[100.5145,13.79]]],[[[100.529,13.901],[100.529,13.9005],[100.529,13.901]]],[[[100.551,13.8955]]],[[[100.5295,13.68]]],[[[100.53,13.8205],[100.5305,13.8205],[100.53,13.8205]]],[[[100.534,13.8205],[100.5345,13.8205],[100.534,13.8205]]],[[[100.559,13.8955]]],[[[100.593,13.87],[100.593,13.8705],[100.593,13.87]]],[[[100.5955,13.8785]]],[[[100.597,13.88],[100.597,13.8795],[100.597,13.88]]],[[[100.6045,13.885]]],[[[100.5635,13.816]]],[[[100.5665,13.827]]],[[[100.566,13.8285]]],[[[100.5735,13.8025],[100.573,13.8025],[100.573,13.803],[100.5735,13.803],[100.5735,13.8025]]],[[[100.5715,13.832],[100.572,13.832],[100.5715,13.832]]],[[[100.576,13.7805],[100.5765,13.7805],[100.576,13.7805]]],[[[100.576,13.793],[100.576,13.7925],[100.5755,13.7925],[100.576,13.793]]],[[[100.5655,13.71]]],[[[100.5875,13.901]]],[[[100.614,13.7565],[100.6125,13.758],[100.6135,13.759],[100.615,13.7575],[100.614,13.7565]]],[[[100.621,13.761],[100.6205,13.7615],[100.622,13.7615],[100.622,13.7605],[100.621,13.761]]],[[[100.619,13.908],[100.619,13.9085],[100.6195,13.9085],[100.619,13.908]]],[[[100.639,13.9595],[100.639,13.959],[100.639,13.9595]]],[[[100.644,13.737],[100.6435,13.7375],[100.6445,13.7375],[100.644,13.737]]],[[[100.6515,13.843],[100.653,13.843],[100.6515,13.843]]],[[[100.654,13.844],[100.654,13.8435],[100.654,13.844]]],[[[100.674,13.779],[100.6735,13.7795],[100.6745,13.78],[100.675,13.779],[100.674,13.779]]],[[[100.6765,13.78],[100.6755,13.7795],[100.675,13.7805],[100.676,13.781],[100.6765,13.78]]],[[[100.7295,13.814],[100.729,13.8145],[100.7295,13.8145],[100.7295,13.814]]]]}},{"type":"Feature","properties":{"class":">15","speed_kmh":3.6},"geometry":{"type":"MultiPolygon","coordinates":[[[[100.464,13.606],[100.4575,13.6045],[100.454,13.606],[100.451,13.5945],[100.4465,13.587],[100.4445,13.553],[100.4535,13.502],[100.443,13.5005],[100.437,13.497],[100.435,13.498],[100.435,13.4965],[100.4305,13.496],[100.426,13.4975],[100.4235,13.496],[100.423,13.497],[100.4215,13.4945],[100.409,13.4935],[100.407,13.502],[100.4065,13.536],[100.414,13.536],[100.415,13.539],[100.4185,13.5405],[100.42,13.545],[100.4145,13.5515],[100.415,13.557],[100.4125,13.557],[100.412,13.5555],[100.4085,13.5545],[100.4045,13.555],[100.401,13.553],[100.396,13.5535],[100.3945,13.555],[100.393,13.5615],[100.3915,13.5635],[100.3915,13.569],[100.3895,13.57],[100.388,13.5745],[100.3865,13.5745],[100.3865,13.578],[100.385,13.579],[100.386,13.585],[100.3845,13.5895],[100.3785,13.5945],[100.3765,13.6195],[100.372,13.6225],[100.366,13.6335],[100.359,13.633],[100.3585,13.6375],[100.3555,13.6365],[100.3545,13.641],[100.35,13.6405],[100.3485,13.641],[100.3485,13.6435],[100.3475,13.6435],[100.347,13.645],[100.3455,13.6445],[100.3445,13.649],[100.3465,13.649],[100.347,13.6555],[100.3395,13.655],[100.341,13.6615],[100.3375,13.6775],[100.336,13.677],[100.3335,13.6815],[100.3305,13.699],[100.3325,13.7],[100.3335,13.7065],[100.3325,13.7125],[100.334,13.713],[100.336,13.711],[100.339,13.713],[100.333,13.721],[100.3305,13.7195],[100.33,13.721],[100.3355,13.723],[100.335,13.7285],[100.3365,13.73],[100.335,13.7335],[100.3375,13.734],[100.3375,13.736],[100.335,13.747],[100.3355,13.7535],[100.3345,13.755],[100.333,13.7555],[100.333,13.7595],[100.33,13.763],[100.331,13.7775],[100.332,13.7775],[100.332,13.7815],[100.334,13.782],[100.3305,13.798],[100.328,13.804],[100.411,13.8015],[100.464,13.7975],[100.4695,13.795],[100.466,13.789],[100.5005,13.8005],[100.5095,13.808],[100.5115,13.807],[100.512,13.8075],[100.5115,13.8085],[100.513,13.8085],[100.513,13.8075],[100.5135,13.808],[100.514,13.807],[100.5165,13.808],[100.515,13.809],[100.516,13.809],[100.516,13.81],[100.515,13.8105],[100.516,13.811],[100.514,13.8125],[100.5155,13.8135],[100.514,13.8135],[100.5155,13.815],[100.5155,13.814],[100.5165,13.8145],[100.518,13.812],[100.5175,13.811],[100.519,13.8075],[100.5185,13.804],[100.5195,13.803],[100.5185,13.8025],[100.521,13.8],[100.518,13.8005],[100.5165,13.7985],[100.5185,13.796],[100.5195,13.797],[100.52,13.7965],[100.5195,13.7955],[100.52,13.7945],[100.522,13.794],[100.5235,13.795],[100.5235,13.796],[100.5245,13.796],[100.5245,13.797],[100.523,13.7975],[100.5235,13.799],[100.5215,13.7985],[100.5215,13.8],[100.5225,13.8005],[100.522,13.801],[100.523,13.801],[100.5225,13.802],[100.524,13.8015],[100.525,13.8035],[100.5275,13.801],[100.53,13.8015],[100.532,13.7995],[100.533,13.8005],[100.536,13.8005],[100.536,13.799],[100.537,13.7985],[100.5365,13.796],[100.5405,13.8],[100.541,13.799],[100.5395,13.798],[100.5395,13.797],[100.5405,13.7975],[100.5465,13.7965],[100.545,13.7945],[100.547,13.7945],[100.5465,13.792],[100.5435,13.791],[100.5435,13.789],[100.543,13.7905],[100.542,13.79],[100.542,13.789],[100.541,13.7895],[100.5415,13.7885],[100.54,13.789],[100.5425,13.7875],[100.542,13.786],[100.539,13.785],[100.5395,13.782],[100.5405,13.782],[100.5395,13.7815],[100.54,13.78],[100.5395,13.779],[100.539,13.7785],[100.5385,13.779],[100.5395,13.776],[100.5385,13.775],[100.539,13.774],[100.5365,13.7705],[100.5375,13.7695],[100.5365,13.77],[100.5355,13.769],[100.535,13.7695],[100.534,13.768],[100.532,13.768],[100.532,13.7665],[100.533,13.7665],[100.5325,13.7655],[100.5315,13.766],[100.529,13.7655],[100.53,13.7635],[100.5315,13.763],[100.5315,13.764],[100.532,13.7635],[100.5305,13.761],[100.529,13.7625],[100.529,13.7615],[100.5265,13.7615],[100.527,13.76],[100.5275,13.7605],[100.5285,13.76],[100.5275,13.759],[100.529,13.7585],[100.529,13.7575],[100.5275,13.7575],[100.526,13.756],[100.524,13.756],[100.5255,13.754],[100.522,13.754],[100.522,13.755],[100.521,13.755],[100.523,13.756],[100.5225,13.758],[100.5215,13.758],[100.521,13.759],[100.5205,13.758],[100.519,13.76],[100.514,13.7635],[100.5155,13.7665],[100.514,13.7665],[100.513,13.7695],[100.512,13.77],[100.5115,13.769],[100.5105,13.769],[100.5105,13.771],[100.509,13.771],[100.51,13.772],[100.509,13.7725],[100.5085,13.7715],[100.5075,13.7725],[100.508,13.7735],[100.507,13.774],[100.507,13.7755],[100.5055,13.775],[100.506,13.7745],[100.5055,13.7735],[100.5045,13.774],[100.5045,13.773],[100.5015,13.774],[100.4995,13.772],[100.5015,13.771],[100.501,13.77],[100.4995,13.7705],[100.498,13.769],[100.4965,13.77],[100.497,13.772],[100.4965,13.773],[100.4975,13.773],[100.497,13.774],[100.4985,13.774],[100.4975,13.776],[100.4965,13.7755],[100.496,13.7765],[100.494,13.777],[100.4945,13.7775],[100.4935,13.7785],[100.4925,13.7785],[100.4925,13.7775],[100.49,13.779],[100.491,13.7795],[100.4905,13.78],[100.491,13.7805],[100.494,13.7795],[100.4955,13.7805],[100.495,13.7795],[100.496,13.7785],[100.499,13.7785],[100.501,13.781],[100.5035,13.78],[100.504,13.779],[100.5035,13.778],[100.5045,13.7775],[100.506,13.778],[100.505,13.779],[100.507,13.778],[100.5075,13.7785],[100.5065,13.782],[100.5055,13.781],[100.504,13.781],[100.5015,13.782],[100.501,13.784],[100.5025,13.7835],[100.502,13.7845],[100.5025,13.786],[100.5035,13.7855],[100.5045,13.788],[100.5055,13.7875],[100.5055,13.7885],[100.5065,13.7885],[100.507,13.7895],[100.5045,13.791],[100.505,13.792],[100.5075,13.79],[100.508,13.791],[100.507,13.7925],[100.508,13.793],[100.508,13.792],[100.509,13.7915],[100.5095,13.7925],[100.509,13.793],[100.51,13.7925],[100.5095,13.794],[100.5105,13.793],[100.511,13.7935],[100.5105,13.794],[100.512,13.7945],[100.5105,13.796],[100.512,13.7955],[100.513,13.796],[100.5125,13.797],[100.5135,13.797],[100.512,13.7985],[100.514,13.798],[100.515,13.8],[100.5125,13.801],[100.515,13.801],[100.5155,13.8025],[100.5145,13.803],[100.5145,13.805],[100.513,13.805],[100.5135,13.806],[100.512,13.8065],[100.511,13.806],[100.511,13.805],[100.5085,13.804],[100.51,13.8035],[100.51,13.8025],[100.509,13.803],[100.5085,13.8025],[100.5095,13.802],[100.507,13.803],[100.5065,13.8025],[100.5055,13.8035],[100.5045,13.8025],[100.5055,13.802],[100.5055,13.801],[100.5065,13.8015],[100.507,13.801],[100.506,13.801],[100.506,13.8],[100.509,13.799],[100.5075,13.7975],[100.506,13.7995],[100.5055,13.799],[100.5045,13.8],[100.504,13.799],[100.505,13.797],[100.5045,13.798],[100.5035,13.7975],[100.5025,13.798],[100.502,13.796],[100.5035,13.7945],[100.5025,13.795],[100.502,13.7945],[100.501,13.7955],[100.5005,13.794],[100.5,13.7945],[100.498,13.7935],[100.4985,13.793],[100.498,13.792],[100.4995,13.792],[100.5,13.791],[100.498,13.7895],[100.4985,13.788],[100.4975,13.7875],[100.4965,13.79],[100.496,13.7885],[100.4945,13.789],[100.494,13.788],[100.492,13.788],[100.4895,13.7865],[100.4875,13.787],[100.487,13.7865],[100.488,13.786],[100.487,13.786],[100.4875,13.7845],[100.486,13.785],[100.4855,13.7845],[100.487,13.783],[100.486,13.783],[100.4855,13.784],[100.485,13.783],[100.484,13.7835],[100.4835,13.7825],[100.4825,13.783],[100.483,13.779],[100.4815,13.777],[100.4805,13.7775],[100.4795,13.776],[100.4805,13.775],[100.4805,13.776],[100.4825,13.7755],[100.4815,13.775],[100.482,13.774],[100.481,13.7745],[100.48,13.774],[100.4795,13.7715],[100.4845,13.771],[100.483,13.774],[100.4845,13.7755],[100.4855,13.7745],[100.486,13.7755],[100.4865,13.7745],[100.4875,13.7745],[100.488,13.7755],[100.489,13.775],[100.4895,13.7755],[100.4885,13.7765],[100.4915,13.7745],[100.49,13.773],[100.4915,13.7725],[100.4915,13.7715],[100.4925,13.771],[100.4925,13.769],[100.4905,13.771],[100.491,13.772],[100.49,13.7715],[100.489,13.772],[100.488,13.7715],[100.4885,13.771],[100.488,13.7705],[100.4905,13.769],[100.49,13.7695],[100.4895,13.769],[100.49,13.768],[100.488,13.769],[100.4885,13.77],[100.487,13.77],[100.4855,13.7695],[100.484,13.767],[100.483,13.7675],[100.4815,13.7655],[100.48,13.766],[100.4795,13.7635],[100.4775,13.764],[100.4825,13.7615],[100.4785,13.7625],[100.4805,13.761],[100.4795,13.7595],[100.48,13.7585],[100.481,13.7585],[100.4795,13.757],[100.48,13.756],[100.4785,13.7555],[100.481,13.7535],[100.481,13.7525],[100.48,13.752],[100.481,13.7515],[100.482,13.752],[100.482,13.75],[100.4835,13.7495],[100.4835,13.748],[100.4845,13.747],[100.483,13.7465],[100.4815,13.7445],[100.4805,13.7455],[100.48,13.744],[100.4805,13.7435],[100.4795,13.743],[100.48,13.7425],[100.479,13.742],[100.4785,13.74],[100.4795,13.7385],[100.48,13.7395],[100.4815,13.7385],[100.4795,13.7365],[100.4795,13.7355],[100.479,13.736],[100.479,13.735],[100.478,13.736],[100.4775,13.7345],[100.4765,13.736],[100.476,13.7345],[100.4755,13.7365],[100.4745,13.7355],[100.474,13.737],[100.475,13.7375],[100.474,13.7385],[100.4745,13.7395],[100.4755,13.739],[100.475,13.742],[100.476,13.7425],[100.474,13.744],[100.4735,13.7435],[100.474,13.7445],[100.4735,13.7455],[100.473,13.746],[100.472,13.7455],[100.4725,13.746],[100.471,13.747],[100.4705,13.749],[100.4715,13.7495],[100.4715,13.751],[100.473,13.7515],[100.4725,13.752],[100.472,13.7515],[100.472,13.753],[100.4725,13.7535],[100.4725,13.7525],[100.474,13.752],[100.477,13.7555],[100.475,13.756],[100.4755,13.757],[100.4745,13.7575],[100.474,13.757],[100.473,13.758],[100.4735,13.7595],[100.473,13.759],[100.473,13.76],[100.472,13.7605],[100.473,13.762],[100.473,13.761],[100.4745,13.7615],[100.4735,13.763],[100.476,13.7655],[100.4765,13.765],[100.477,13.766],[100.478,13.766],[100.479,13.7695],[100.478,13.77],[100.4775,13.769],[100.476,13.7695],[100.4755,13.769],[100.475,13.77],[100.474,13.77],[100.4745,13.7685],[100.474,13.7675],[100.476,13.767],[100.475,13.766],[100.472,13.7695],[100.4705,13.7685],[100.4705,13.7695],[100.47,13.769],[100.469,13.77],[100.4685,13.7675],[100.4695,13.766],[100.4685,13.7675],[100.467,13.768],[100.4665,13.7675],[100.467,13.766],[100.4675,13.7665],[100.47,13.764],[100.4665,13.7595],[100.4665,13.7585],[100.4675,13.7585],[100.465,13.758],[100.465,13.757],[100.464,13.7565],[100.465,13.756],[100.4615,13.7545],[100.4645,13.754],[100.4635,13.753],[100.464,13.7525],[100.4675,13.7525],[100.4655,13.751],[100.4665,13.751],[100.4675,13.7495],[100.469,13.75],[100.468,13.7495],[100.469,13.7485],[100.4695,13.749],[100.469,13.7485],[100.4695,13.7465],[100.4685,13.7465],[100.468,13.7455],[100.4685,13.745],[100.4665,13.744],[100.466,13.742],[100.4635,13.741],[100.465,13.7375],[100.47,13.7375],[100.469,13.7365],[100.4665,13.737],[100.4665,13.736],[100.4705,13.736],[100.469,13.736],[100.468,13.734],[100.4655,13.7355],[100.4645,13.7355],[100.4645,13.7345],[100.4625,13.735],[100.462,13.7335],[100.4615,13.7355],[100.462,13.736],[100.461,13.7375],[100.4615,13.739],[100.4605,13.7395],[100.46,13.7385],[100.459,13.7385],[100.4605,13.738],[100.459,13.737],[100.46,13.735],[100.4585,13.735],[100.4575,13.736],[100.457,13.735],[100.458,13.7345],[100.458,13.7335],[100.457,13.7335],[100.4565,13.7325],[100.4575,13.732],[100.458,13.733],[100.4585,13.7325],[100.457,13.73],[100.458,13.729],[100.459,13.73],[100.4595,13.729],[100.459,13.728],[100.4605,13.7285],[100.46,13.7265],[100.459,13.7265],[100.4585,13.7255],[100.4565,13.728],[100.455,13.7275],[100.453,13.728],[100.4545,13.7245],[100.4535,13.7235],[100.4525,13.7245],[100.4515,13.722],[100.4525,13.722],[100.452,13.7205],[100.4515,13.7215],[100.449,13.72],[100.4485,13.722],[100.4455,13.7205],[100.4445,13.7215],[100.444,13.721],[100.4445,13.7205],[100.4435,13.722],[100.443,13.7215],[100.4435,13.7205],[100.441,13.72],[100.442,13.718],[100.441,13.718],[100.442,13.7165],[100.441,13.7165],[100.4405,13.7155],[100.44,13.717],[100.438,13.7165],[100.4385,13.7175],[100.438,13.7175],[100.4375,13.7155],[100.4365,13.7165],[100.436,13.716],[100.4355,13.7135],[100.4325,13.714],[100.4315,13.716],[100.4305,13.7155],[100.431,13.7145],[100.43,13.713],[100.43,13.715],[100.429,13.7145],[100.4285,13.716],[100.4275,13.715],[100.4265,13.7155],[100.426,13.7145],[100.4255,13.7165],[100.426,13.717],[100.425,13.717],[100.424,13.7185],[100.423,13.7175],[100.4225,13.719],[100.421,13.718],[100.42,13.719],[100.419,13.7185],[100.4195,13.7175],[100.419,13.717],[100.4205,13.7155],[100.4205,13.7135],[100.42,13.7155],[100.4195,13.714],[100.418,13.714],[100.4175,13.7125],[100.4165,13.715],[100.4155,13.7145],[100.415,13.715],[100.4145,13.7145],[100.4145,13.7155],[100.413,13.715],[100.413,13.7165],[100.4125,13.716],[100.412,13.717],[100.411,13.717],[100.411,13.716],[100.4095,13.7165],[100.409,13.7185],[100.4085,13.7175],[100.4075,13.718],[100.4075,13.7165],[100.406,13.7165],[100.407,13.7135],[100.4065,13.715],[100.406,13.714],[100.408,13.7115],[100.4065,13.711],[100.406,13.71],[100.4065,13.7055],[100.407,13.707],[100.4085,13.7065],[100.408,13.7075],[100.409,13.7095],[100.41,13.707],[100.409,13.706],[100.4115,13.7065],[100.412,13.7055],[100.412,13.707],[100.4135,13.707],[100.4135,13.709],[100.4135,13.708],[100.415,13.7085],[100.4155,13.71],[100.416,13.709],[100.4155,13.7085],[100.4165,13.708],[100.417,13.7085],[100.4165,13.71],[100.417,13.7095],[100.418,13.71],[100.418,13.7075],[100.419,13.7075],[100.4195,13.709],[100.419,13.707],[100.4205,13.707],[100.4185,13.705],[100.419,13.707],[100.4175,13.7075],[100.417,13.7045],[100.4145,13.7035],[100.415,13.703],[100.417,13.704],[100.416,13.7025],[100.417,13.703],[100.418,13.702],[100.419,13.702],[100.419,13.7035],[100.4205,13.703],[100.419,13.702],[100.419,13.701],[100.4205,13.7015],[100.42,13.6995],[100.422,13.6995],[100.4225,13.701],[100.4215,13.701],[100.4215,13.702],[100.422,13.701],[100.423,13.7015],[100.4225,13.7025],[100.4235,13.7035],[100.4245,13.7025],[100.4245,13.704],[100.4255,13.705],[100.425,13.7055],[100.423,13.7045],[100.4225,13.706],[100.4315,13.709],[100.4315,13.711],[100.432,13.7075],[100.433,13.707],[100.4335,13.7095],[100.4385,13.711],[100.438,13.7095],[100.435,13.71],[100.434,13.708],[100.435,13.707],[100.4355,13.708],[100.437,13.708],[100.4365,13.706],[100.437,13.7055],[100.4375,13.707],[100.4385,13.706],[100.44,13.7065],[100.4405,13.707],[100.44,13.709],[100.441,13.7095],[100.441,13.7085],[100.442,13.709],[100.4425,13.708],[100.444,13.7085],[100.443,13.709],[100.443,13.71],[100.4425,13.7095],[100.442,13.71],[100.443,13.712],[100.443,13.711],[100.445,13.711],[100.445,13.71],[100.447,13.709],[100.4475,13.7095],[100.446,13.7105],[100.4455,13.712],[100.4465,13.7125],[100.4475,13.711],[100.4475,13.713],[100.449,13.713],[100.4485,13.7125],[100.449,13.712],[100.45,13.713],[100.452,13.713],[100.4525,13.7115],[100.4535,13.713],[100.4535,13.712],[100.4545,13.712],[100.4545,13.71],[100.4555,13.71],[100.456,13.711],[100.455,13.7115],[100.4555,13.714],[100.455,13.716],[100.456,13.7155],[100.457,13.7165],[100.4565,13.714],[100.458,13.7135],[100.4585,13.714],[100.4575,13.7165],[100.4595,13.716],[100.461,13.7165],[100.461,13.7175],[100.464,13.7175],[100.462,13.716],[100.462,13.715],[100.4615,13.7155],[100.4615,13.7145],[100.463,13.7145],[100.4615,13.7125],[100.463,13.712],[100.465,13.7135],[100.466,13.712],[100.465,13.7115],[100.4645,13.709],[100.4655,13.71],[100.466,13.708],[100.4675,13.7075],[100.468,13.708],[100.467,13.709],[100.468,13.7085],[100.4685,13.707],[100.468,13.7065],[100.471,13.7075],[100.4705,13.7105],[100.471,13.7095],[100.4725,13.7095],[100.473,13.708],[100.474,13.709],[100.4745,13.708],[100.4745,13.709],[100.4775,13.71],[100.4765,13.7085],[100.477,13.707],[100.4785,13.706],[100.4795,13.709],[100.4805,13.708],[100.481,13.7085],[100.4795,13.711],[100.479,13.714],[100.4795,13.7155],[100.481,13.7145],[100.4825,13.7155],[100.4825,13.714],[100.486,13.713],[100.4865,13.7145],[100.487,13.7135],[100.489,13.713],[100.49,13.7165],[100.4925,13.717],[100.4925,13.7155],[100.494,13.714],[100.4945,13.7155],[100.4955,13.7155],[100.497,13.717],[100.4965,13.7165],[100.497,13.7155],[100.4985,13.7165],[100.4985,13.715],[100.499,13.7155],[100.501,13.715],[100.502,13.714],[100.5005,13.7125],[100.5005,13.7115],[100.5035,13.7105],[100.504,13.7115],[100.5055,13.711],[100.5045,13.7125],[100.506,13.7115],[100.5065,13.712],[100.506,13.7135],[100.5075,13.7125],[100.5065,13.715],[100.509,13.714],[100.5085,13.717],[100.51,13.717],[100.5095,13.718],[100.5105,13.718],[100.511,13.719],[100.5125,13.7185],[100.5125,13.717],[100.5115,13.716],[100.512,13.7155],[100.5105,13.7145],[100.511,13.7135],[100.5115,13.714],[100.512,13.712],[100.5115,13.711],[100.5095,13.711],[100.509,13.7105],[100.5095,13.7095],[100.509,13.7105],[100.508,13.7085],[100.5065,13.7095],[100.507,13.708],[100.506,13.7085],[100.5045,13.7065],[100.5035,13.707],[100.503,13.7055],[100.5025,13.706],[100.5005,13.7045],[100.5005,13.703],[100.5,13.7035],[100.499,13.7025],[100.4995,13.7015],[100.499,13.699],[100.5005,13.699],[100.502,13.7005],[100.5035,13.699],[100.504,13.6995],[100.5035,13.7],[100.5065,13.699],[100.5095,13.703],[100.5105,13.7035],[100.5115,13.703],[100.5115,13.7045],[100.513,13.704],[100.5115,13.707],[100.5125,13.708],[100.5115,13.709],[100.512,13.7095],[100.5135,13.709],[100.5135,13.71],[100.5125,13.71],[100.513,13.7105],[100.512,13.711],[100.513,13.712],[100.517,13.713],[100.517,13.714],[100.5175,13.7135],[100.5185,13.7145],[100.5185,13.713],[100.5195,13.713],[100.52,13.7115],[100.5205,13.7135],[100.5215,13.712],[100.523,13.7135],[100.522,13.7145],[100.5235,13.7155],[100.527,13.715],[100.527,13.7135],[100.528,13.7135],[100.5295,13.7145],[100.529,13.715],[100.53,13.716],[100.5285,13.716],[100.5295,13.7165],[100.5335,13.7145],[100.5345,13.715],[100.535,13.717],[100.534,13.7175],[100.536,13.7195],[100.5355,13.72],[100.534,13.719],[100.534,13.7195],[100.5355,13.721],[100.5365,13.721],[100.5365,13.722],[100.5375,13.722],[100.539,13.724],[100.5395,13.7225],[100.542,13.724],[100.5435,13.7235],[100.5435,13.722],[100.542,13.7225],[100.541,13.721],[100.5425,13.7205],[100.5445,13.721],[100.545,13.7195],[100.546,13.72],[100.5465,13.7195],[100.5465,13.7205],[100.5485,13.719],[100.5495,13.72],[100.5495,13.7195],[100.551,13.72],[100.55,13.719],[100.551,13.719],[100.5515,13.718],[100.5525,13.719],[100.553,13.717],[100.552,13.716],[100.5535,13.715],[100.554,13.7165],[100.555,13.716],[100.555,13.717],[100.554,13.717],[100.5545,13.7175],[100.556,13.716],[100.5555,13.7155],[100.557,13.7145],[100.558,13.7165],[100.558,13.7145],[100.5595,13.7145],[100.5585,13.7165],[100.559,13.717],[100.5595,13.7155],[100.5605,13.7165],[100.5615,13.716],[100.5625,13.7175],[100.564,13.7165],[100.5645,13.7175],[100.5655,13.717],[100.565,13.719],[100.566,13.7195],[100.5655,13.7205],[100.566,13.721],[100.565,13.7225],[100.566,13.7235],[100.5635,13.7255],[100.5645,13.726],[100.564,13.727],[100.565,13.725],[100.566,13.725],[100.5655,13.724],[100.5665,13.723],[100.5685,13.7245],[100.568,13.7235],[100.569,13.723],[100.5695,13.7245],[100.571,13.724],[100.5725,13.7245],[100.5715,13.7235],[100.5725,13.7235],[100.572,13.7225],[100.5725,13.7215],[100.574,13.7215],[100.5735,13.72],[100.574,13.7205],[100.5745,13.7185],[100.576,13.7175],[100.578,13.718],[100.5785,13.719],[100.5795,13.716],[100.58,13.7165],[100.5805,13.7155],[100.584,13.715],[100.581,13.7145],[100.5825,13.7145],[100.5835,13.7115],[100.5845,13.7125],[100.5865,13.7115],[100.5865,13.7125],[100.588,13.7125],[100.589,13.71],[100.5915,13.712],[100.5905,13.7085],[100.591,13.708],[100.592,13.709],[100.5925,13.7075],[100.593,13.7095],[100.5935,13.709],[100.5955,13.71],[100.596,13.7095],[100.597,13.7105],[100.5975,13.71],[100.5955,13.7075],[100.595,13.7085],[100.5945,13.708],[100.595,13.707],[100.5935,13.706],[100.594,13.705],[100.593,13.7035],[100.5945,13.704],[100.596,13.7025],[100.5965,13.703],[100.596,13.7035],[100.597,13.7025],[100.5985,13.703],[100.5975,13.702],[100.598,13.7015],[100.5975,13.7],[100.6015,13.6995],[100.601,13.698],[100.598,13.696],[100.599,13.6945],[100.5985,13.6935],[100.5995,13.694],[100.598,13.693],[100.599,13.6925],[100.6015,13.6935],[100.6005,13.6925],[100.601,13.692],[100.6015,13.6925],[100.6005,13.692],[100.601,13.6915],[100.6025,13.692],[100.6015,13.6915],[100.602,13.691],[100.605,13.692],[100.6055,13.691],[100.6045,13.69],[100.6055,13.69],[100.6055,13.689],[100.6045,13.6885],[100.605,13.688],[100.6045,13.6875],[100.6065,13.6875],[100.604,13.686],[100.6045,13.685],[100.605,13.686],[100.606,13.6845],[100.605,13.6835],[100.6055,13.683],[100.605,13.681],[100.6065,13.681],[100.606,13.6795],[100.6045,13.6795],[100.604,13.677],[100.605,13.677],[100.605,13.676],[100.606,13.6755],[100.6055,13.6745],[100.607,13.675],[100.606,13.674],[100.605,13.675],[100.6035,13.675],[100.601,13.6735],[100.602,13.673],[100.601,13.671],[100.6015,13.67],[100.6045,13.6695],[100.604,13.667],[100.605,13.667],[100.607,13.6725],[100.6085,13.673],[100.608,13.6755],[100.6105,13.675],[100.611,13.674],[100.612,13.6755],[100.614,13.6755],[100.613,13.6765],[100.614,13.6775],[100.615,13.677],[100.6155,13.678],[100.6165,13.6775],[100.6175,13.6785],[100.6165,13.68],[100.616,13.679],[100.6155,13.6805],[100.614,13.68],[100.612,13.6835],[100.614,13.684],[100.614,13.685],[100.613,13.6855],[100.6135,13.687],[100.6125,13.687],[100.613,13.688],[100.613,13.687],[100.614,13.6875],[100.613,13.69],[100.614,13.6895],[100.616,13.692],[100.612,13.694],[100.612,13.693],[100.611,13.694],[100.61,13.6935],[100.608,13.694],[100.6085,13.695],[100.611,13.6955],[100.6095,13.696],[100.6115,13.6965],[100.6135,13.6995],[100.6095,13.699],[100.61,13.7],[100.611,13.7],[100.61,13.702],[100.6055,13.7005],[100.608,13.702],[100.6075,13.7035],[100.606,13.7025],[100.605,13.703],[100.6075,13.7045],[100.6065,13.7055],[100.6085,13.7065],[100.6085,13.7085],[100.606,13.708],[100.606,13.7095],[100.6045,13.709],[100.6035,13.71],[100.6045,13.712],[100.603,13.7115],[100.601,13.7125],[100.6015,13.711],[100.598,13.711],[100.5985,13.712],[100.5975,13.7125],[100.5985,13.7135],[100.598,13.716],[100.597,13.716],[100.5975,13.717],[100.596,13.719],[100.595,13.719],[100.5945,13.717],[100.593,13.718],[100.5935,13.7185],[100.5915,13.721],[100.59,13.72],[100.5895,13.7215],[100.589,13.7205],[100.589,13.7215],[100.588,13.722],[100.588,13.72],[100.587,13.72],[100.588,13.7215],[100.586,13.7225],[100.5875,13.723],[100.588,13.725],[100.586,13.7255],[100.5865,13.726],[100.5855,13.728],[100.5845,13.726],[100.584,13.7275],[100.5825,13.7255],[100.583,13.728],[100.5815,13.7285],[100.5825,13.729],[100.5815,13.731],[100.5795,13.731],[100.579,13.73],[100.5785,13.7325],[100.5775,13.7315],[100.576,13.732],[100.575,13.731],[100.5755,13.7335],[100.5735,13.7345],[100.574,13.735],[100.5735,13.736],[100.5725,13.7345],[100.572,13.735],[100.5735,13.7365],[100.572,13.738],[100.571,13.7375],[100.5715,13.7355],[100.5695,13.7365],[100.569,13.734],[100.5695,13.7355],[100.5685,13.736],[100.5695,13.7365],[100.5685,13.7365],[100.569,13.738],[100.567,13.738],[100.5655,13.737],[100.566,13.738],[100.565,13.741],[100.5655,13.743],[100.5665,13.743],[100.566,13.742],[100.5675,13.7415],[100.567,13.7425],[100.568,13.745],[100.5685,13.7445],[100.568,13.7425],[100.569,13.742],[100.569,13.743],[100.57,13.7435],[100.569,13.744],[100.5695,13.746],[100.576,13.745],[100.5755,13.744],[100.5765,13.7405],[100.5795,13.7415],[100.58,13.741],[100.579,13.74],[100.5785,13.737],[100.579,13.7365],[100.581,13.738],[100.583,13.737],[100.582,13.737],[100.583,13.7355],[100.5855,13.7365],[100.5845,13.738],[100.585,13.739],[100.5865,13.738],[100.587,13.7385],[100.5885,13.737],[100.5905,13.7385],[100.5915,13.738],[100.5905,13.738],[100.5895,13.7355],[100.591,13.735],[100.5915,13.7365],[100.594,13.7365],[100.5945,13.738],[100.597,13.7375],[100.5975,13.7385],[100.597,13.739],[100.596,13.7385],[100.597,13.7405],[100.5985,13.741],[100.599,13.7405],[100.5975,13.737],[100.598,13.736],[100.599,13.738],[100.601,13.7385],[100.6025,13.738],[100.603,13.739],[100.603,13.738],[100.604,13.739],[100.606,13.7385],[100.606,13.7395],[100.6045,13.74],[100.605,13.741],[100.6045,13.7415],[100.602,13.742],[100.609,13.7415],[100.6045,13.7425],[100.606,13.7445],[100.6075,13.744],[100.6075,13.7455],[100.6065,13.745],[100.6045,13.746],[100.607,13.7465],[100.6065,13.7475],[100.607,13.7485],[100.6035,13.748],[100.6035,13.747],[100.6015,13.748],[100.6055,13.7515],[100.6075,13.749],[100.6085,13.751],[100.6075,13.7505],[100.606,13.752],[100.609,13.755],[100.61,13.7535],[100.6095,13.753],[100.61,13.7515],[100.6125,13.752],[100.612,13.753],[100.6125,13.7535],[100.6135,13.752],[100.616,13.752],[100.615,13.7535],[100.617,13.752],[100.616,13.755],[100.617,13.7545],[100.6185,13.7555],[100.62,13.755],[100.62,13.756],[100.6215,13.7565],[100.623,13.756],[100.6225,13.757],[100.6235,13.7585],[100.6245,13.7585],[100.625,13.7575],[100.6265,13.7585],[100.6275,13.757],[100.628,13.759],[100.629,13.759],[100.6305,13.761],[100.6285,13.7625],[100.64,13.764],[100.6425,13.764],[100.6415,13.762],[100.644,13.7615],[100.6435,13.7615],[100.644,13.76],[100.646,13.7595],[100.6475,13.7605],[100.648,13.759],[100.649,13.7585],[100.6495,13.759],[100.65,13.758],[100.6505,13.76],[100.651,13.7595],[100.6515,13.76],[100.6515,13.7615],[100.652,13.761],[100.6525,13.7615],[100.652,13.7635],[100.655,13.7625],[100.657,13.7645],[100.658,13.7645],[100.6575,13.766],[100.6565,13.766],[100.6585,13.7675],[100.657,13.7705],[100.663,13.7735],[100.6635,13.7715],[100.6625,13.7725],[100.663,13.7715],[100.662,13.771],[100.6625,13.7705],[100.6655,13.7725],[100.667,13.7705],[100.6655,13.775],[100.669,13.777],[100.6695,13.776],[100.6685,13.776],[100.668,13.774],[100.6705,13.7745],[100.6725,13.773],[100.673,13.7755],[100.675,13.774],[100.6755,13.776],[100.6765,13.7745],[100.677,13.775],[100.6765,13.776],[100.6775,13.7765],[100.676,13.778],[100.678,13.778],[100.6785,13.7795],[100.681,13.781],[100.6785,13.781],[100.6775,13.782],[100.689,13.788],[100.6895,13.787],[100.688,13.7855],[100.6885,13.785],[100.694,13.7875],[100.696,13.7875],[100.697,13.7865],[100.6975,13.7875],[100.6965,13.789],[100.697,13.7895],[100.699,13.787],[100.6995,13.7875],[100.698,13.79],[100.702,13.7925],[100.6995,13.7935],[100.699,13.7925],[100.699,13.7935],[100.7025,13.7955],[100.7015,13.796],[100.702,13.797],[100.704,13.797],[100.7075,13.7995],[100.709,13.7995],[100.7105,13.802],[100.71,13.8025],[100.709,13.8015],[100.709,13.8025],[100.7075,13.8015],[100.7045,13.802],[100.704,13.801],[100.7045,13.8005],[100.7035,13.7995],[100.705,13.799],[100.7015,13.7975],[100.7035,13.799],[100.703,13.8],[100.7005,13.7985],[100.702,13.7995],[100.7015,13.8],[100.7005,13.7995],[100.699,13.801],[100.6995,13.799],[100.6935,13.7965],[100.694,13.796],[100.696,13.797],[100.693,13.794],[100.6935,13.7935],[100.695,13.7945],[100.6955,13.793],[100.6915,13.7905],[100.6915,13.7915],[100.6905,13.792],[100.6915,13.7925],[100.6915,13.7935],[100.69,13.7925],[100.688,13.793],[100.6885,13.794],[100.6865,13.7935],[100.686,13.793],[100.687,13.793],[100.688,13.791],[100.6875,13.7905],[100.686,13.792],[100.6865,13.7905],[100.685,13.789],[100.684,13.79],[100.684,13.7885],[100.683,13.788],[100.6845,13.787],[100.682,13.7855],[100.6815,13.7865],[100.6825,13.787],[100.682,13.7875],[100.68,13.7865],[100.6785,13.7885],[100.679,13.7895],[100.6775,13.79],[100.6775,13.789],[100.6765,13.79],[100.676,13.789],[100.6765,13.787],[100.6755,13.7885],[100.6745,13.788],[100.674,13.7885],[100.6735,13.7875],[100.674,13.787],[100.6725,13.7865],[100.672,13.785],[100.6715,13.785],[100.672,13.7865],[100.6665,13.7845],[100.6685,13.781],[100.667,13.7835],[100.666,13.7835],[100.667,13.7815],[100.666,13.7815],[100.6665,13.7805],[100.6655,13.781],[100.6655,13.779],[100.6645,13.778],[100.666,13.7775],[100.6665,13.7785],[100.667,13.7775],[100.668,13.778],[100.6635,13.7745],[100.663,13.775],[100.657,13.7715],[100.6555,13.7725],[100.6585,13.7735],[100.658,13.775],[100.6565,13.7745],[100.656,13.776],[100.655,13.7755],[100.654,13.776],[100.655,13.7735],[100.6545,13.7735],[100.653,13.7765],[100.6525,13.776],[100.653,13.775],[100.652,13.7745],[100.6525,13.7735],[100.651,13.773],[100.6515,13.77],[100.649,13.7725],[100.647,13.7725],[100.6465,13.772],[100.647,13.771],[100.6455,13.771],[100.6445,13.7685],[100.643,13.769],[100.6415,13.7685],[100.641,13.7645],[100.638,13.7645],[100.6375,13.7675],[100.636,13.768],[100.6355,13.7675],[100.636,13.764],[100.6305,13.7635],[100.63,13.7665],[100.6305,13.7675],[100.6295,13.7695],[100.631,13.77],[100.6315,13.7685],[100.633,13.768],[100.633,13.769],[100.637,13.771],[100.637,13.7725],[100.635,13.773],[100.634,13.7755],[100.635,13.7755],[100.6355,13.777],[100.6335,13.7775],[100.634,13.7785],[100.6335,13.779],[100.6325,13.778],[100.633,13.7775],[100.632,13.7775],[100.632,13.7805],[100.6305,13.781],[100.6315,13.7815],[100.63,13.783],[100.63,13.782],[100.629,13.7815],[100.6275,13.781],[100.627,13.782],[100.6265,13.7815],[100.627,13.7795],[100.6255,13.78],[100.622,13.7785],[100.6235,13.777],[100.623,13.7755],[100.6245,13.7745],[100.6235,13.773],[100.625,13.7725],[100.626,13.774],[100.626,13.7705],[100.627,13.769],[100.628,13.7695],[100.6275,13.7705],[100.6285,13.7705],[100.6295,13.767],[100.6285,13.7665],[100.6295,13.7665],[100.63,13.7635],[100.6285,13.766],[100.6275,13.766],[100.628,13.7645],[100.627,13.765],[100.626,13.764],[100.627,13.763],[100.6255,13.763],[100.6245,13.768],[100.625,13.7685],[100.623,13.7695],[100.6215,13.768],[100.621,13.7645],[100.6205,13.7655],[100.619,13.766],[100.619,13.765],[100.618,13.7645],[100.618,13.767],[100.6175,13.768],[100.6165,13.768],[100.617,13.7655],[100.616,13.7665],[100.614,13.766],[100.6145,13.764],[100.6125,13.7625],[100.611,13.763],[100.6115,13.762],[100.611,13.761],[100.611,13.762],[100.61,13.7615],[100.6085,13.762],[100.6095,13.76],[100.6105,13.7605],[100.6085,13.7575],[100.6085,13.7585],[100.6075,13.758],[100.6085,13.7595],[100.6075,13.76],[100.6065,13.759],[100.607,13.7605],[100.606,13.7595],[100.6045,13.76],[100.606,13.758],[100.605,13.756],[100.606,13.757],[100.608,13.757],[100.609,13.756],[100.607,13.7545],[100.605,13.7555],[100.602,13.7555],[100.6035,13.7535],[100.602,13.7525],[100.6035,13.751],[100.5995,13.747],[100.5985,13.7485],[100.5975,13.7465],[100.5955,13.7465],[100.5955,13.7455],[100.5935,13.746],[100.595,13.7445],[100.5925,13.745],[100.593,13.744],[100.591,13.744],[100.586,13.745],[100.5855,13.746],[100.586,13.7455],[100.5865,13.7465],[100.586,13.747],[100.5855,13.7465],[100.585,13.7475],[100.5835,13.746],[100.5805,13.7465],[100.579,13.7455],[100.5795,13.745],[100.575,13.746],[100.575,13.747],[100.572,13.75],[100.5705,13.749],[100.569,13.7495],[100.57,13.7515],[100.5695,13.752],[100.568,13.7515],[100.568,13.7495],[100.5655,13.75],[100.5655,13.751],[100.5675,13.7515],[100.566,13.753],[100.568,13.753],[100.5675,13.754],[100.5685,13.7545],[100.57,13.754],[100.571,13.755],[100.572,13.7545],[100.573,13.755],[100.572,13.754],[100.573,13.7535],[100.573,13.7525],[100.575,13.752],[100.579,13.754],[100.577,13.7515],[100.578,13.751],[100.5785,13.7515],[100.579,13.7495],[100.581,13.7515],[100.5805,13.7525],[100.581,13.754],[100.58,13.754],[100.5815,13.754],[100.5825,13.753],[100.5865,13.754],[100.585,13.755],[100.585,13.756],[100.5845,13.755],[100.585,13.757],[100.5835,13.7585],[100.582,13.756],[100.581,13.7555],[100.58,13.7565],[100.581,13.758],[100.579,13.7585],[100.5785,13.76],[100.58,13.761],[100.578,13.7605],[100.5765,13.762],[100.574,13.759],[100.576,13.7585],[100.576,13.7575],[100.5745,13.7575],[100.5745,13.7565],[100.573,13.7595],[100.5735,13.76],[100.574,13.7595],[100.574,13.761],[100.573,13.761],[100.573,13.762],[100.574,13.7625],[100.573,13.764],[100.574,13.765],[100.5735,13.7655],[100.5745,13.7655],[100.5735,13.767],[100.575,13.7655],[100.576,13.7665],[100.575,13.767],[100.5765,13.7665],[100.577,13.7675],[100.574,13.7685],[100.5745,13.77],[100.574,13.7715],[100.5755,13.771],[100.576,13.772],[100.5755,13.7755],[100.5775,13.7745],[100.579,13.776],[100.5795,13.7755],[100.581,13.7785],[100.5795,13.7785],[100.5795,13.7775],[100.579,13.778],[100.5805,13.7795],[100.5795,13.7805],[100.58,13.781],[100.5785,13.7815],[100.5785,13.7835],[100.5765,13.782],[100.577,13.7825],[100.5765,13.7835],[100.5785,13.7845],[100.58,13.786],[100.5795,13.787],[100.58,13.788],[100.581,13.788],[100.581,13.789],[100.5825,13.7895],[100.5795,13.791],[100.5805,13.7915],[100.5795,13.792],[100.58,13.793],[100.579,13.7935],[100.5795,13.7945],[100.5775,13.795],[100.577,13.794],[100.577,13.795],[100.578,13.7955],[100.577,13.796],[100.577,13.797],[100.575,13.7965],[100.5765,13.797],[100.577,13.7995],[100.578,13.8],[100.5775,13.802],[100.5775,13.801],[100.5815,13.802],[100.5795,13.8035],[100.5795,13.8055],[100.578,13.8065],[100.5785,13.8075],[100.577,13.808],[100.577,13.809],[100.578,13.8095],[100.577,13.8095],[100.5775,13.8105],[100.5765,13.8105],[100.5755,13.8135],[100.573,13.812],[100.5725,13.8135],[100.5705,13.813],[100.57,13.814],[100.5685,13.8125],[100.569,13.8115],[100.5675,13.811],[100.568,13.8135],[100.5665,13.813],[100.5675,13.8145],[100.5665,13.8165],[100.569,13.8175],[100.569,13.819],[100.571,13.8215],[100.5705,13.8225],[100.571,13.822],[100.571,13.823],[100.572,13.8235],[100.5705,13.8245],[100.5725,13.824],[100.573,13.825],[100.572,13.826],[100.5735,13.8265],[100.572,13.8275],[100.569,13.827],[100.57,13.8285],[100.575,13.8275],[100.575,13.829],[100.5765,13.83],[100.575,13.831],[100.577,13.8315],[100.577,13.834],[100.5785,13.834],[100.5785,13.835],[100.581,13.8355],[100.581,13.8365],[100.582,13.837],[100.58,13.8385],[100.579,13.838],[100.5805,13.8405],[100.579,13.841],[100.5785,13.844],[100.58,13.8435],[100.581,13.8445],[100.5815,13.844],[100.582,13.846],[100.5835,13.8455],[100.583,13.847],[100.5845,13.8475],[100.5835,13.8485],[100.5875,13.849],[100.5865,13.85],[100.5875,13.8505],[100.587,13.858],[100.589,13.858],[100.5875,13.8595],[100.5885,13.8595],[100.588,13.8605],[100.5895,13.8625],[100.59,13.861],[100.591,13.8605],[100.5915,13.861],[100.5905,13.862],[100.592,13.862],[100.591,13.8635],[100.59,13.8635],[100.5935,13.8695],[100.594,13.8665],[100.5955,13.8665],[100.596,13.868],[100.597,13.8675],[100.5975,13.8685],[100.5965,13.87],[100.598,13.873],[100.61,13.867],[100.609,13.869],[100.608,13.8685],[100.609,13.87],[100.606,13.8695],[100.6065,13.8705],[100.61,13.87],[100.61,13.8715],[100.6085,13.872],[100.6075,13.8715],[100.608,13.874],[100.606,13.874],[100.605,13.876],[100.6035,13.876],[100.602,13.8775],[100.603,13.8785],[100.602,13.8785],[100.602,13.88],[100.604,13.8795],[100.605,13.88],[100.6065,13.883],[100.6085,13.884],[100.608,13.8845],[100.609,13.8855],[100.6075,13.8875],[100.6085,13.889],[100.61,13.8875],[100.611,13.888],[100.611,13.8895],[100.61,13.89],[100.6105,13.8915],[100.6095,13.8915],[100.6095,13.8925],[100.6105,13.8935],[100.6115,13.893],[100.613,13.896],[100.6125,13.897],[100.611,13.897],[100.612,13.898],[100.6105,13.8995],[100.6095,13.898],[100.608,13.8975],[100.608,13.8965],[100.6065,13.897],[100.6035,13.895],[100.6055,13.8915],[100.6045,13.892],[100.6025,13.8905],[100.6025,13.889],[100.601,13.89],[100.5985,13.8895],[100.5985,13.888],[100.598,13.887],[100.597,13.887],[100.597,13.886],[100.596,13.8865],[100.594,13.886],[100.5945,13.883],[100.5975,13.8815],[100.594,13.8815],[100.5915,13.883],[100.5925,13.885],[100.592,13.8855],[100.591,13.884],[100.588,13.8855],[100.588,13.8865],[100.5865,13.8865],[100.588,13.889],[100.5875,13.89],[100.587,13.8895],[100.5875,13.8905],[100.586,13.892],[100.5935,13.905],[100.6,13.9185],[100.602,13.9205],[100.602,13.9215],[100.601,13.922],[100.6005,13.921],[100.599,13.9215],[100.5955,13.92],[100.595,13.919],[100.596,13.919],[100.596,13.918],[100.597,13.9175],[100.5935,13.9185],[100.5965,13.917],[100.596,13.9165],[100.5945,13.9175],[100.594,13.917],[100.5905,13.918],[100.591,13.917],[100.5945,13.916],[100.5945,13.9155],[100.5905,13.9165],[100.5915,13.915],[100.593,13.9145],[100.5915,13.9135],[100.5925,13.913],[100.592,13.9125],[100.594,13.9085],[100.593,13.908],[100.5935,13.9075],[100.592,13.906],[100.5925,13.9055],[100.5915,13.904],[100.591,13.904],[100.592,13.9055],[100.5915,13.906],[100.5905,13.9045],[100.5885,13.9035],[100.585,13.9045],[100.5855,13.903],[100.5875,13.902],[100.5865,13.901],[100.5835,13.9025],[100.583,13.9015],[100.5845,13.901],[100.584,13.9005],[100.5835,13.9015],[100.582,13.9],[100.5825,13.898],[100.584,13.897],[100.5835,13.895],[100.5845,13.895],[100.5835,13.8925],[100.5835,13.8935],[100.582,13.8935],[100.5805,13.8915],[100.5785,13.892],[100.58,13.891],[100.5775,13.8905],[100.578,13.89],[100.5765,13.89],[100.5775,13.8925],[100.577,13.893],[100.575,13.8925],[100.5745,13.8935],[100.5745,13.8925],[100.574,13.8935],[100.573,13.8925],[100.5725,13.894],[100.571,13.895],[100.5655,13.895],[100.566,13.8965],[100.564,13.8975],[100.5645,13.898],[100.5635,13.899],[100.56,13.8995],[100.5615,13.8985],[100.557,13.898],[100.5565,13.897],[100.5555,13.897],[100.5555,13.8955],[100.5555,13.898],[100.553,13.8965],[100.553,13.898],[100.5515,13.8995],[100.553,13.899],[100.5535,13.8995],[100.551,13.902],[100.551,13.901],[100.549,13.9005],[100.5495,13.8995],[100.5485,13.899],[100.5475,13.8995],[100.5475,13.8985],[100.5465,13.8985],[100.547,13.9],[100.546,13.9],[100.5455,13.902],[100.5455,13.901],[100.5445,13.9005],[100.544,13.903],[100.545,13.904],[100.544,13.9045],[100.5445,13.9105],[100.5465,13.91],[100.5465,13.9085],[100.548,13.908],[100.5485,13.9085],[100.55,13.908],[100.551,13.9095],[100.552,13.909],[100.5525,13.9095],[100.5515,13.91],[100.552,13.9105],[100.5515,13.9115],[100.55,13.912],[100.5505,13.912],[100.55,13.9135],[100.5485,13.911],[100.5475,13.9115],[100.5495,13.916],[100.551,13.9155],[100.552,13.916],[100.55,13.9185],[100.5495,13.9205],[100.5485,13.919],[100.5475,13.9195],[100.5485,13.9215],[100.548,13.921],[100.547,13.9215],[100.5475,13.9225],[100.5465,13.924],[100.548,13.9255],[100.5475,13.926],[100.546,13.9245],[100.544,13.9265],[100.543,13.926],[100.545,13.923],[100.5435,13.923],[100.544,13.921],[100.5435,13.918],[100.542,13.9185],[100.543,13.919],[100.542,13.92],[100.5415,13.9185],[100.5395,13.9195],[100.54,13.918],[100.5395,13.917],[100.5405,13.9165],[100.5405,13.9155],[100.5425,13.9145],[100.54,13.915],[100.5385,13.9125],[100.537,13.9125],[100.537,13.9115],[100.538,13.9115],[100.5375,13.909],[100.539,13.9085],[100.5395,13.9055],[100.5385,13.9055],[100.538,13.907],[100.534,13.9065],[100.5335,13.9085],[100.532,13.9105],[100.5305,13.911],[100.5305,13.912],[100.53,13.911],[100.5285,13.911],[100.5285,13.91],[100.527,13.9095],[100.5275,13.909],[100.5265,13.908],[100.5295,13.907],[100.5285,13.905],[100.528,13.907],[100.526,13.9075],[100.5255,13.909],[100.525,13.908],[100.5245,13.9085],[100.5235,13.908],[100.5235,13.9065],[100.523,13.9075],[100.522,13.9065],[100.5225,13.908],[100.5195,13.9105],[100.5205,13.911],[100.521,13.9125],[100.5195,13.912],[100.519,13.914],[100.5165,13.9125],[100.516,13.911],[100.5155,13.9115],[100.5145,13.9105],[100.5135,13.911],[100.515,13.909],[100.517,13.9095],[100.5165,13.9085],[100.5155,13.9085],[100.516,13.908],[100.5155,13.907],[100.514,13.907],[100.5135,13.91],[100.513,13.9095],[100.5125,13.91],[100.512,13.909],[100.51,13.91],[100.51,13.9085],[100.509,13.9085],[100.5085,13.9075],[100.507,13.908],[100.507,13.909],[100.508,13.9085],[100.5085,13.9095],[100.508,13.9115],[100.5075,13.911],[100.5065,13.9115],[100.5055,13.9105],[100.5035,13.911],[100.5035,13.91],[100.505,13.909],[100.502,13.9105],[100.501,13.9095],[100.5,13.91],[100.501,13.9125],[100.502,13.913],[100.5005,13.9135],[100.5,13.915],[100.5015,13.9145],[100.501,13.9165],[100.4995,13.9165],[100.5,13.917],[100.5015,13.9165],[100.502,13.918],[100.501,13.9185],[100.502,13.9185],[100.5015,13.9195],[100.4995,13.919],[100.5,13.918],[100.4985,13.919],[100.4975,13.917],[100.495,13.9155],[100.4935,13.917],[100.4945,13.918],[100.495,13.9175],[100.4975,13.9215],[100.4975,13.9225],[100.495,13.9245],[100.4945,13.9235],[100.4955,13.9205],[100.495,13.92],[100.4945,13.9225],[100.493,13.923],[100.492,13.9245],[100.4905,13.9205],[100.491,13.9195],[100.489,13.921],[100.489,13.9195],[100.4915,13.9175],[100.489,13.917],[100.4885,13.9185],[100.4885,13.917],[100.487,13.9175],[100.4865,13.919],[100.483,13.9185],[100.4825,13.919],[100.483,13.921],[100.482,13.921],[100.4825,13.918],[100.482,13.916],[100.483,13.9175],[100.484,13.9175],[100.4845,13.915],[100.486,13.917],[100.487,13.915],[100.488,13.9155],[100.489,13.915],[100.4895,13.9165],[100.49,13.915],[100.4905,13.916],[100.493,13.916],[100.494,13.915],[100.4915,13.914],[100.4915,13.9125],[100.4925,13.912],[100.492,13.9115],[100.4925,13.908],[100.492,13.9085],[100.491,13.9065],[100.4915,13.9025],[100.4905,13.9025],[100.4905,13.9015],[100.4925,13.9005],[100.49,13.9],[100.4915,13.8975],[100.5,13.8985],[100.4995,13.8965],[100.5025,13.895],[100.5025,13.894],[100.5045,13.893],[100.5045,13.892],[100.508,13.8905],[100.507,13.889],[100.508,13.888],[100.5075,13.8865],[100.5085,13.887],[100.5075,13.885],[100.508,13.8845],[100.5095,13.885],[100.51,13.886],[100.5095,13.8845],[100.511,13.884],[100.5105,13.8825],[100.5115,13.8835],[100.513,13.882],[100.513,13.8795],[100.5105,13.8785],[100.514,13.873],[100.5155,13.8745],[100.515,13.872],[100.5155,13.8705],[100.515,13.8715],[100.514,13.87],[100.5165,13.8685],[100.516,13.8675],[100.5175,13.867],[100.516,13.8665],[100.5155,13.867],[100.515,13.865],[100.517,13.864],[100.5175,13.8645],[100.518,13.863],[100.514,13.864],[100.513,13.8635],[100.513,13.8625],[100.5125,13.863],[100.5115,13.862],[100.5115,13.863],[100.5105,13.863],[100.51,13.864],[100.509,13.863],[100.509,13.8615],[100.5075,13.8615],[100.507,13.8625],[100.506,13.862],[100.505,13.863],[100.5035,13.8655],[100.502,13.8635],[100.503,13.8655],[100.5025,13.867],[100.5015,13.8665],[100.502,13.866],[100.5015,13.865],[100.5,13.865],[100.4995,13.864],[100.4985,13.8645],[100.4995,13.866],[100.499,13.867],[100.498,13.865],[100.495,13.867],[100.494,13.866],[100.4915,13.8685],[100.4905,13.8685],[100.4915,13.869],[100.4905,13.87],[100.489,13.8705],[100.488,13.8695],[100.487,13.871],[100.4865,13.8705],[100.4865,13.8725],[100.486,13.871],[100.485,13.871],[100.486,13.8725],[100.484,13.8765],[100.486,13.8775],[100.4855,13.878],[100.486,13.8785],[100.487,13.878],[100.49,13.88],[100.49,13.881],[100.489,13.8815],[100.4895,13.882],[100.49,13.881],[100.491,13.881],[100.4905,13.883],[100.4895,13.8835],[100.49,13.884],[100.4915,13.8835],[100.492,13.8845],[100.4905,13.886],[100.4885,13.886],[100.488,13.884],[100.4865,13.885],[100.4845,13.8815],[100.484,13.881],[100.4835,13.8815],[100.4845,13.88],[100.483,13.88],[100.4825,13.878],[100.4835,13.8775],[100.483,13.8765],[100.481,13.876],[100.482,13.875],[100.4805,13.8745],[100.4805,13.8755],[100.4785,13.8745],[100.479,13.871],[100.4745,13.8705],[100.474,13.872],[100.473,13.871],[100.4735,13.8725],[100.4725,13.873],[100.4725,13.874],[100.471,13.873],[100.4715,13.8725],[100.4705,13.8725],[100.4705,13.8715],[100.47,13.8745],[100.468,13.871],[100.467,13.872],[100.468,13.8735],[100.469,13.8735],[100.469,13.875],[100.465,13.8745],[100.4655,13.8755],[100.465,13.876],[100.464,13.8745],[100.4635,13.8755],[100.463,13.875],[100.463,13.874],[100.464,13.8735],[100.461,13.8735],[100.4595,13.8765],[100.4585,13.8755],[100.459,13.875],[100.4575,13.875],[100.458,13.8755],[100.4575,13.8765],[100.457,13.8755],[100.456,13.876],[100.4565,13.8765],[100.456,13.878],[100.4545,13.878],[100.4535,13.879],[100.453,13.8785],[100.4535,13.878],[100.452,13.8775],[100.453,13.879],[100.452,13.879],[100.451,13.881],[100.4485,13.8775],[100.4465,13.879],[100.449,13.88],[100.4475,13.881],[100.448,13.8815],[100.4465,13.8815],[100.4465,13.8825],[100.4455,13.882],[100.446,13.881],[100.4435,13.8795],[100.444,13.878],[100.4455,13.8775],[100.446,13.878],[100.4455,13.877],[100.4435,13.877],[100.443,13.8785],[100.4415,13.877],[100.438,13.877],[100.439,13.88],[100.4375,13.879],[100.438,13.88],[100.4365,13.881],[100.437,13.882],[100.4365,13.8825],[100.436,13.8815],[100.434,13.8815],[100.4335,13.884],[100.433,13.8825],[100.432,13.8825],[100.4325,13.882],[100.432,13.8805],[100.431,13.8805],[100.43,13.8785],[100.4285,13.878],[100.43,13.877],[100.43,13.876],[100.4275,13.877],[100.4255,13.8755],[100.424,13.8755],[100.425,13.876],[100.425,13.877],[100.421,13.876],[100.4215,13.877],[100.4185,13.8785],[100.419,13.8795],[100.4185,13.88],[100.418,13.879],[100.417,13.879],[100.416,13.876],[100.4145,13.8765],[100.4145,13.875],[100.4135,13.8755],[100.411,13.8735],[100.4115,13.873],[100.415,13.8735],[100.414,13.8705],[100.415,13.87],[100.4155,13.8705],[100.4155,13.8695],[100.4165,13.8695],[100.4205,13.8705],[100.4215,13.873],[100.4195,13.873],[100.4195,13.874],[100.421,13.8745],[100.422,13.8735],[100.423,13.8745],[100.423,13.872],[100.422,13.8725],[100.422,13.8715],[100.423,13.87],[100.424,13.87],[100.424,13.871],[100.425,13.871],[100.4255,13.872],[100.425,13.873],[100.4255,13.8745],[100.4285,13.8735],[100.43,13.874],[100.4305,13.875],[100.431,13.875],[100.4305,13.874],[100.4335,13.875],[100.435,13.873],[100.434,13.8725],[100.432,13.8745],[100.433,13.872],[100.4325,13.8715],[100.4315,13.872],[100.431,13.8705],[100.432,13.87],[100.4325,13.8705],[100.4335,13.8695],[100.434,13.87],[100.4335,13.8715],[100.4355,13.872],[100.437,13.8685],[100.4385,13.869],[100.4385,13.8705],[100.438,13.871],[100.437,13.8705],[100.436,13.872],[100.4365,13.8745],[100.435,13.8745],[100.4345,13.8755],[100.4375,13.875],[100.439,13.873],[100.4395,13.8745],[100.441,13.875],[100.441,13.876],[100.4455,13.876],[100.446,13.875],[100.447,13.8755],[100.447,13.8745],[100.445,13.875],[100.444,13.874],[100.4445,13.8735],[100.446,13.874],[100.445,13.8735],[100.446,13.8715],[100.4465,13.8725],[100.4485,13.873],[100.448,13.8735],[100.449,13.8735],[100.449,13.8745],[100.448,13.875],[100.4485,13.8765],[100.4485,13.8755],[100.4505,13.875],[100.451,13.873],[100.4515,13.8735],[100.451,13.8755],[100.452,13.875],[100.453,13.876],[100.456,13.8735],[100.4565,13.874],[100.457,13.8725],[100.4575,13.873],[100.4605,13.871],[100.461,13.8715],[100.46,13.8725],[100.462,13.8715],[100.465,13.8685],[100.4655,13.869],[100.4685,13.868],[100.47,13.8685],[100.4705,13.8675],[100.472,13.8695],[100.4775,13.87],[100.478,13.869],[100.479,13.8695],[100.4785,13.8685],[100.479,13.868],[100.481,13.868],[100.4805,13.8665],[100.4815,13.865],[100.481,13.8645],[100.482,13.864],[100.4835,13.8655],[100.4835,13.8675],[100.485,13.8675],[100.486,13.868],[100.4855,13.869],[100.487,13.869],[100.488,13.8685],[100.488,13.8665],[100.49,13.8675],[100.487,13.864],[100.4885,13.862],[100.4895,13.8625],[100.4895,13.861],[100.4905,13.863],[100.4915,13.8625],[100.491,13.8605],[100.4915,13.86],[100.492,13.861],[100.4925,13.858],[100.4935,13.8585],[100.493,13.86],[100.4935,13.8605],[100.494,13.86],[100.4945,13.861],[100.4955,13.86],[100.4965,13.861],[100.499,13.861],[100.498,13.86],[100.4995,13.86],[100.4995,13.859],[100.5,13.8595],[100.5055,13.8585],[100.506,13.86],[100.5065,13.8585],[100.5095,13.8585],[100.5095,13.855],[100.5115,13.8535],[100.511,13.8515],[100.5105,13.851],[100.508,13.852],[100.508,13.851],[100.507,13.8505],[100.5075,13.849],[100.51,13.847],[100.509,13.846],[100.509,13.8445],[100.508,13.844],[100.509,13.843],[100.5085,13.8415],[100.509,13.84],[100.51,13.84],[100.51,13.8365],[100.512,13.835],[100.513,13.835],[100.5135,13.836],[100.5135,13.835],[100.515,13.835],[100.517,13.8335],[100.5185,13.836],[100.5185,13.8345],[100.5195,13.835],[100.5195,13.834],[100.521,13.834],[100.5215,13.833],[100.521,13.832],[100.522,13.831],[100.5215,13.83],[100.5225,13.83],[100.523,13.831],[100.523,13.83],[100.5245,13.8295],[100.524,13.8285],[100.526,13.8265],[100.524,13.8275],[100.524,13.826],[100.525,13.826],[100.5235,13.825],[100.528,13.824],[100.5295,13.8255],[100.53,13.824],[100.5265,13.8225],[100.526,13.8215],[100.527,13.8215],[100.526,13.821],[100.526,13.82],[100.5275,13.8195],[100.526,13.819],[100.5275,13.819],[100.525,13.818],[100.528,13.817],[100.529,13.8175],[100.527,13.8155],[100.529,13.815],[100.529,13.814],[100.5305,13.8135],[100.5295,13.812],[100.5285,13.812],[100.5285,13.811],[100.5265,13.8105],[100.5255,13.809],[100.526,13.8085],[100.525,13.808],[100.5245,13.809],[100.5235,13.8085],[100.524,13.809],[100.5225,13.8095],[100.523,13.8105],[100.524,13.8105],[100.5245,13.812],[100.522,13.812],[100.5235,13.8125],[100.523,13.814],[100.524,13.8155],[100.524,13.816],[100.523,13.8155],[100.522,13.8175],[100.521,13.817],[100.52,13.8175],[100.5195,13.817],[100.52,13.815],[100.5175,13.814],[100.5165,13.817],[100.515,13.817],[100.5155,13.818],[100.515,13.8185],[100.513,13.817],[100.513,13.816],[100.514,13.816],[100.5145,13.815],[100.5135,13.814],[100.5075,13.816],[100.5025,13.8195],[100.4915,13.8095],[100.4885,13.8135],[100.4875,13.8195],[100.4855,13.819],[100.4855,13.821],[100.4815,13.821],[100.482,13.8225],[100.4795,13.825],[100.48,13.828],[100.4775,13.828],[100.4775,13.8315],[100.4735,13.8325],[100.466,13.8255],[100.4565,13.831],[100.44,13.828],[100.4275,13.834],[100.4255,13.8365],[100.425,13.8355],[100.4235,13.836],[100.4145,13.829],[100.403,13.824],[100.3995,13.8305],[100.393,13.8265],[100.3845,13.8245],[100.368,13.8155],[100.3595,13.817],[100.3495,13.817],[100.348,13.825],[100.328,13.8255],[100.319,13.8225],[100.297,13.8695],[100.2995,13.872],[100.302,13.879],[100.3115,13.8765],[100.3225,13.8775],[100.322,13.885],[100.3265,13.8855],[100.328,13.8825],[100.331,13.8815],[100.342,13.8835],[100.3415,13.89],[100.3325,13.912],[100.3305,13.9215],[100.341,13.9305],[100.356,13.95],[100.35,13.954],[100.355,13.962],[100.356,13.975],[100.3555,13.985],[100.3495,13.9965],[100.356,14.0005],[100.3645,13.9925],[100.3805,13.989],[100.3815,13.9945],[100.4345,13.9815],[100.4535,13.9675],[100.4565,13.971],[100.458,13.9775],[100.4585,13.9765],[100.4605,13.9765],[100.4625,13.9715],[100.467,13.9705],[100.467,13.9685],[100.486,13.95],[100.489,13.9425],[100.502,13.9365],[100.5045,13.9405],[100.5095,13.9435],[100.526,13.9435],[100.5315,13.945],[100.537,13.95],[100.539,13.9555],[100.542,13.9555],[100.542,13.9535],[100.544,13.9545],[100.5445,13.953],[100.554,13.9505],[100.555,13.9515],[100.557,13.95],[100.56,13.9505],[100.5615,13.9495],[100.5675,13.951],[100.574,13.9545],[100.592,13.9505],[100.6055,13.944],[100.604,13.9545],[100.6065,13.9545],[100.603,13.9835],[100.6045,13.984],[100.606,13.9865],[100.6045,13.987],[100.604,13.989],[100.603,13.989],[100.6035,13.9915],[100.6025,13.992],[100.602,13.9955],[100.653,14.0075],[100.679,14.0095],[100.704,14.021],[100.7215,14.031],[100.7315,14.0315],[100.7315,14.0335],[100.7555,14.045],[100.914,14.0995],[100.915,14.068],[100.914,13.9465],[100.907,13.8855],[100.906,13.855],[100.904,13.8485],[100.9125,13.847],[100.9075,13.838],[100.9385,13.8145],[100.9285,13.8015],[100.91,13.7905],[100.879,13.738],[100.855,13.6995],[100.861,13.697],[100.8595,13.6895],[100.7945,13.7145],[100.7835,13.7165],[100.781,13.71],[100.7855,13.7065],[100.778,13.7005],[100.763,13.675],[100.7725,13.6735],[100.7905,13.677],[100.792,13.671],[100.7905,13.668],[100.7935,13.665],[100.787,13.6565],[100.7855,13.6505],[100.782,13.6475],[100.7835,13.647],[100.7805,13.6375],[100.7835,13.637],[100.7825,13.6315],[100.7845,13.631],[100.784,13.623],[100.7865,13.615],[100.7825,13.602],[100.7795,13.5995],[100.7795,13.595],[100.775,13.5965],[100.77,13.5885],[100.77,13.583],[100.768,13.5805],[100.7625,13.559],[100.763,13.556],[100.772,13.5535],[100.771,13.5455],[100.764,13.5275],[100.767,13.5235],[100.766,13.522],[100.777,13.5205],[100.78,13.5155],[100.7835,13.5165],[100.7845,13.5135],[100.787,13.513],[100.783,13.511],[100.785,13.509],[100.781,13.4995],[100.7805,13.492],[100.7765,13.4905],[100.7295,13.5005],[100.708,13.5015],[100.708,13.5045],[100.7055,13.5055],[100.681,13.506],[100.654,13.5165],[100.631,13.5205],[100.623,13.527],[100.622,13.5295],[100.612,13.539],[100.5975,13.539],[100.5955,13.542],[100.58,13.5535],[100.576,13.563],[100.5775,13.572],[100.592,13.5945],[100.5925,13.6],[100.591,13.6065],[100.585,13.61],[100.5625,13.6125],[100.5515,13.6185],[100.5525,13.621],[100.558,13.623],[100.5645,13.634],[100.569,13.6375],[100.573,13.634],[100.5735,13.635],[100.577,13.634],[100.5815,13.6305],[100.587,13.629],[100.5935,13.6495],[100.592,13.664],[100.5795,13.669],[100.589,13.683],[100.5885,13.69],[100.584,13.696],[100.5775,13.7],[100.567,13.7045],[100.56,13.706],[100.555,13.7055],[100.5515,13.7],[100.5525,13.688],[100.5515,13.68],[100.5475,13.6725],[100.542,13.6695],[100.5365,13.6695],[100.531,13.6715],[100.5235,13.678],[100.5205,13.676],[100.5205,13.675],[100.522,13.674],[100.5215,13.673],[100.52,13.6735],[100.52,13.6745],[100.519,13.675],[100.5185,13.674],[100.5175,13.674],[100.518,13.673],[100.521,13.6715],[100.5205,13.671],[100.521,13.669],[100.5175,13.6675],[100.5175,13.6615],[100.516,13.6515],[100.517,13.6455],[100.5155,13.645],[100.515,13.6395],[100.518,13.635],[100.514,13.6285],[100.5165,13.6125],[100.5205,13.609],[100.521,13.605],[100.5135,13.6025],[100.5115,13.597],[100.505,13.5975],[100.4995,13.5955],[100.499,13.592],[100.4965,13.589],[100.491,13.586],[100.4885,13.5895],[100.482,13.5925],[100.4805,13.598],[100.477,13.5995],[100.477,13.603],[100.473,13.599],[100.4735,13.594],[100.4695,13.5925],[100.467,13.597],[100.466,13.604],[100.464,13.606]],[[100.606,13.958],[100.6065,13.958],[100.6055,13.9665],[100.608,13.967],[100.6085,13.968],[100.605,13.9675],[100.604,13.974],[100.606,13.958]],[[100.5925,13.646],[100.5945,13.647],[100.5955,13.646],[100.5985,13.6465],[100.597,13.6475],[100.5965,13.647],[100.596,13.648],[100.5945,13.6475],[100.594,13.6485],[100.5935,13.648],[100.595,13.6495],[100.5935,13.6505],[100.5925,13.646]],[[100.382,13.6845],[100.383,13.684],[100.383,13.686],[100.3855,13.688],[100.3845,13.688],[100.383,13.6915],[100.382,13.691],[100.382,13.6925],[100.385,13.6925],[100.391,13.6945],[100.392,13.692],[100.3935,13.6955],[100.4005,13.698],[100.401,13.696],[100.4025,13.6955],[100.4035,13.696],[100.4035,13.695],[100.405,13.694],[100.406,13.6965],[100.405,13.697],[100.4045,13.699],[100.407,13.7005],[100.393,13.696],[100.392,13.6985],[100.394,13.6985],[100.3955,13.6995],[100.394,13.7005],[100.393,13.7],[100.392,13.7005],[100.3915,13.7035],[100.3905,13.7025],[100.391,13.7015],[100.39,13.701],[100.391,13.7],[100.3905,13.698],[100.3895,13.698],[100.3895,13.6995],[100.3885,13.699],[100.388,13.6995],[100.3875,13.699],[100.3885,13.698],[100.3875,13.698],[100.387,13.696],[100.3865,13.697],[100.3865,13.6955],[100.3855,13.695],[100.386,13.696],[100.384,13.6955],[100.3835,13.6965],[100.384,13.6975],[100.3825,13.697],[100.3825,13.698],[100.381,13.6975],[100.378,13.699],[100.377,13.698],[100.378,13.696],[100.377,13.697],[100.3765,13.6955],[100.3775,13.6935],[100.376,13.695],[100.3755,13.692],[100.374,13.691],[100.3755,13.6905],[100.376,13.691],[100.377,13.69],[100.3775,13.6905],[100.377,13.6915],[100.378,13.6905],[100.379,13.691],[100.3795,13.6905],[100.378,13.69],[100.3785,13.689],[100.377,13.6875],[100.378,13.687],[100.3785,13.6875],[100.3785,13.6865],[100.3805,13.6865],[100.38,13.6855],[100.3815,13.6855],[100.382,13.6845]],[[100.406,13.8755],[100.407,13.875],[100.4075,13.876],[100.409,13.875],[100.408,13.8735],[100.409,13.8735],[100.4095,13.8725],[100.4105,13.875],[100.4115,13.8745],[100.4125,13.875],[100.4105,13.877],[100.4105,13.878],[100.4125,13.8775],[100.413,13.878],[100.412,13.879],[100.413,13.882],[100.4125,13.883],[100.4135,13.883],[100.4125,13.885],[100.4115,13.8845],[100.41,13.885],[100.412,13.886],[100.41,13.888],[100.4125,13.8865],[100.413,13.887],[100.4125,13.8875],[100.4135,13.888],[100.4125,13.89],[100.4115,13.89],[100.4115,13.8885],[100.409,13.8895],[100.4115,13.8925],[100.4115,13.8955],[100.411,13.896],[100.4105,13.8955],[100.4095,13.8915],[100.4085,13.8975],[100.4095,13.8975],[100.408,13.9005],[100.4075,13.8995],[100.4065,13.8995],[100.407,13.898],[100.4065,13.8945],[100.4075,13.895],[100.407,13.8935],[100.407,13.894],[100.403,13.8935],[100.4035,13.8905],[100.405,13.89],[100.404,13.8895],[100.405,13.889],[100.4045,13.8885],[100.4065,13.887],[100.406,13.886],[100.405,13.887],[100.405,13.8845],[100.4035,13.885],[100.402,13.882],[100.403,13.8815],[100.403,13.8805],[100.4045,13.8805],[100.4035,13.8795],[100.4035,13.878],[100.4045,13.8785],[100.404,13.877],[100.406,13.8755]],[[100.449,13.7355],[100.451,13.7365],[100.4525,13.736],[100.452,13.735],[100.454,13.7355],[100.4535,13.738],[100.455,13.737],[100.456,13.7395],[100.455,13.7395],[100.454,13.741],[100.453,13.74],[100.4525,13.7415],[100.4515,13.741],[100.452,13.739],[100.4515,13.741],[100.4485,13.741],[100.448,13.739],[100.448,13.7405],[100.447,13.7405],[100.4465,13.7395],[100.447,13.738],[100.445,13.7375],[100.4465,13.7365],[100.447,13.7375],[100.447,13.736],[100.4485,13.735],[100.449,13.7355]],[[100.4495,13.778],[100.4515,13.777],[100.4525,13.7775],[100.453,13.776],[100.451,13.7725],[100.453,13.772],[100.452,13.7715],[100.4535,13.7705],[100.454,13.7725],[100.456,13.7715],[100.4565,13.772],[100.457,13.7715],[100.4565,13.7725],[100.4575,13.7725],[100.4575,13.7735],[100.4595,13.7725],[100.459,13.772],[100.4595,13.7715],[100.4605,13.7725],[100.4565,13.777],[100.457,13.778],[100.4575,13.777],[100.459,13.778],[100.461,13.781],[100.4575,13.781],[100.456,13.782],[100.4565,13.781],[100.4555,13.779],[100.4545,13.78],[100.4535,13.7795],[100.453,13.781],[100.4515,13.7805],[100.45,13.7815],[100.4495,13.781],[100.451,13.779],[100.4505,13.7795],[100.4495,13.778]],[[100.4755,13.914],[100.4785,13.9145],[100.4785,13.9135],[100.4795,13.913],[100.4785,13.912],[100.4795,13.9115],[100.48,13.9145],[100.482,13.914],[100.483,13.913],[100.4825,13.9125],[100.483,13.9105],[100.484,13.912],[100.4855,13.9105],[100.4865,13.9115],[100.4875,13.911],[100.4885,13.9115],[100.489,13.909],[100.487,13.906],[100.485,13.9075],[100.483,13.906],[100.484,13.9065],[100.4835,13.9055],[100.4845,13.9045],[100.4835,13.9035],[100.484,13.903],[100.485,13.9045],[100.486,13.904],[100.4855,13.9015],[100.488,13.905],[100.4895,13.9045],[100.4875,13.903],[100.488,13.9025],[100.489,13.903],[100.4885,13.9015],[100.489,13.9015],[100.4905,13.9045],[100.491,13.9075],[100.4905,13.908],[100.4915,13.9105],[100.4905,13.913],[100.491,13.9135],[100.485,13.914],[100.4805,13.9155],[100.4795,13.915],[100.4795,13.916],[100.479,13.915],[100.477,13.9165],[100.476,13.916],[100.4755,13.914]],[[100.4845,13.702],[100.4855,13.702],[100.486,13.703],[100.487,13.7025],[100.4855,13.701],[100.4865,13.697],[100.487,13.698],[100.488,13.698],[100.4885,13.699],[100.488,13.6995],[100.489,13.699],[100.4895,13.6995],[100.4895,13.7005],[100.4885,13.701],[100.4895,13.7005],[100.49,13.7015],[100.494,13.6985],[100.495,13.699],[100.495,13.7],[100.4905,13.7025],[100.4915,13.703],[100.491,13.704],[100.492,13.705],[100.493,13.7045],[100.4935,13.705],[100.492,13.7065],[100.493,13.707],[100.4925,13.708],[100.4885,13.707],[100.4895,13.706],[100.489,13.704],[100.488,13.7055],[100.4865,13.706],[100.4875,13.7065],[100.487,13.707],[100.486,13.7075],[100.4855,13.706],[100.485,13.707],[100.484,13.707],[100.4835,13.705],[100.485,13.704],[100.484,13.703],[100.4845,13.702]],[[100.4865,13.828],[100.489,13.8285],[100.49,13.828],[100.491,13.8295],[100.4915,13.829],[100.4905,13.828],[100.491,13.8275],[100.4905,13.8265],[100.4915,13.826],[100.491,13.825],[100.492,13.825],[100.4925,13.8235],[100.495,13.822],[100.495,13.82],[100.4965,13.8195],[100.497,13.82],[100.497,13.818],[100.4995,13.8175],[100.5,13.819],[100.499,13.819],[100.4985,13.8205],[100.5,13.822],[100.4995,13.8225],[100.4985,13.8215],[100.498,13.8235],[100.499,13.8245],[100.498,13.825],[100.498,13.8265],[100.497,13.826],[100.4955,13.827],[100.4965,13.8275],[100.4965,13.8265],[100.4975,13.827],[100.494,13.8315],[100.494,13.8325],[100.4925,13.833],[100.4925,13.8315],[100.49,13.831],[100.487,13.833],[100.487,13.831],[100.4875,13.8315],[100.489,13.83],[100.4865,13.8295],[100.4865,13.828]],[[100.489,13.842],[100.489,13.8405],[100.4895,13.8405],[100.4895,13.841],[100.4895,13.842],[100.489,13.842]],[[100.49,13.8475],[100.4915,13.8445],[100.491,13.844],[100.4915,13.84],[100.495,13.8355],[100.494,13.8375],[100.496,13.838],[100.4955,13.8385],[100.496,13.8395],[100.497,13.8395],[100.4975,13.842],[100.5,13.844],[100.497,13.8455],[100.496,13.8475],[100.4955,13.847],[100.4945,13.8475],[100.4945,13.8445],[100.4925,13.8435],[100.492,13.845],[100.4945,13.846],[100.494,13.848],[100.4935,13.8475],[100.494,13.8465],[100.4915,13.846],[100.4905,13.8495],[100.49,13.8475]],[[100.495,13.835],[100.4965,13.8325],[100.4985,13.833],[100.498,13.8315],[100.4995,13.8295],[100.5015,13.83],[100.502,13.832],[100.503,13.832],[100.501,13.833],[100.5015,13.834],[100.5045,13.8355],[100.502,13.8375],[100.5,13.838],[100.4985,13.837],[100.4995,13.838],[100.497,13.839],[100.496,13.837],[100.4965,13.8365],[100.4975,13.837],[100.498,13.836],[100.495,13.835]],[[100.5005,13.827],[100.502,13.822],[100.503,13.821],[100.5035,13.8215],[100.5025,13.8205],[100.504,13.8195],[100.504,13.8185],[100.5055,13.8185],[100.506,13.8175],[100.506,13.8195],[100.507,13.82],[100.507,13.821],[100.5085,13.8195],[100.5095,13.8195],[100.509,13.8215],[100.5075,13.822],[100.5085,13.8235],[100.508,13.825],[100.506,13.8245],[100.5065,13.825],[100.506,13.826],[100.5045,13.8275],[100.503,13.8275],[100.5025,13.8285],[100.5015,13.827],[100.5005,13.827]],[[100.5015,13.933],[100.502,13.932],[100.5045,13.9315],[100.5045,13.93],[100.5035,13.93],[100.5045,13.928],[100.5065,13.9285],[100.5075,13.93],[100.5085,13.9285],[100.509,13.929],[100.508,13.93],[100.5095,13.932],[100.5085,13.933],[100.509,13.934],[100.507,13.9345],[100.5065,13.9355],[100.506,13.9345],[100.505,13.935],[100.504,13.9335],[100.506,13.933],[100.5055,13.9325],[100.5015,13.933]],[[100.507,13.785],[100.51,13.784],[100.5105,13.783],[100.5095,13.782],[100.51,13.7815],[100.5115,13.7825],[100.511,13.783],[100.512,13.783],[100.5125,13.782],[100.5145,13.7835],[100.5155,13.783],[100.5155,13.784],[100.514,13.7845],[100.515,13.7865],[100.5175,13.786],[100.519,13.787],[100.518,13.788],[100.519,13.7885],[100.518,13.7895],[100.5185,13.7905],[100.5165,13.7915],[100.5185,13.792],[100.5175,13.7925],[100.518,13.7935],[100.517,13.7935],[100.516,13.792],[100.516,13.7935],[100.515,13.7925],[100.513,13.7925],[100.5115,13.791],[100.5125,13.79],[100.512,13.7895],[100.5135,13.7885],[100.513,13.788],[100.5105,13.7885],[100.5105,13.7875],[100.509,13.788],[100.508,13.7875],[100.507,13.785]],[[100.5095,13.789],[100.509,13.7885],[100.51,13.7885],[100.5095,13.789]],[[100.521,13.676]],[[100.5245,13.6825],[100.5255,13.681],[100.5255,13.679],[100.527,13.678],[100.527,13.677],[100.529,13.6775],[100.5285,13.675],[100.5305,13.6765],[100.5295,13.6755],[100.53,13.6745],[100.5315,13.676],[100.5325,13.6755],[100.532,13.6745],[100.533,13.675],[100.533,13.674],[100.5345,13.673],[100.534,13.671],[100.5355,13.6715],[100.5355,13.6705],[100.54,13.67],[100.5415,13.672],[100.5415,13.6705],[100.5425,13.6705],[100.542,13.6725],[100.5425,13.6715],[100.5435,13.6715],[100.544,13.673],[100.5435,13.6735],[100.5445,13.6745],[100.544,13.675],[100.5415,13.6735],[100.5385,13.6735],[100.5325,13.6765],[100.5325,13.678],[100.5315,13.678],[100.5325,13.678],[100.532,13.6795],[100.533,13.68],[100.5325,13.683],[100.5315,13.683],[100.531,13.682],[100.5295,13.6835],[100.5245,13.6825]],[[100.543,13.681],[100.545,13.677],[100.5445,13.676],[100.5465,13.6755],[100.5465,13.6765],[100.5475,13.676],[100.547,13.677],[100.549,13.6765],[100.549,13.6775],[100.5475,13.6785],[100.549,13.68],[100.5505,13.68],[100.551,13.681],[100.549,13.682],[100.551,13.682],[100.551,13.6835],[100.548,13.6865],[100.5465,13.684],[100.547,13.6815],[100.5455,13.681],[100.546,13.68],[100.545,13.68],[100.5455,13.6805],[100.545,13.681],[100.543,13.681]],[[100.5475,13.6905],[100.5505,13.691],[100.548,13.6915],[100.5475,13.6905]],[[100.561,13.7095],[100.5615,13.709],[100.5635,13.7095],[100.5625,13.7075],[100.5645,13.7065],[100.5645,13.707],[100.569,13.7055],[100.5705,13.7075],[100.57,13.708],[100.569,13.7075],[100.5685,13.71],[100.569,13.7095],[100.5695,13.7105],[100.5675,13.711],[100.567,13.712],[100.5665,13.71],[100.565,13.714],[100.563,13.7135],[100.5625,13.7125],[100.5635,13.7115],[100.563,13.711],[100.561,13.712],[100.561,13.7095]],[[100.5835,13.6235],[100.5865,13.621],[100.5865,13.62],[100.5875,13.62],[100.5875,13.6175],[100.589,13.6165],[100.5895,13.617],[100.588,13.6205],[100.5895,13.6215],[100.591,13.6195],[100.5935,13.62],[100.5945,13.621],[100.5955,13.62],[100.596,13.6205],[100.595,13.6215],[100.5965,13.623],[100.593,13.6255],[100.5935,13.626],[100.593,13.6265],[100.589,13.628],[100.589,13.6295],[100.588,13.6275],[100.589,13.623],[100.5875,13.6235],[100.5855,13.6225],[100.584,13.624],[100.5835,13.6235]],[[100.5865,13.6715],[100.5865,13.672],[100.589,13.6715],[100.5895,13.673],[100.591,13.6725],[100.591,13.6715],[100.592,13.6715],[100.5915,13.674],[100.5925,13.673],[100.5955,13.675],[100.595,13.6765],[100.5935,13.6765],[100.5945,13.6775],[100.5925,13.6775],[100.593,13.6795],[100.5915,13.68],[100.5915,13.681],[100.591,13.68],[100.5895,13.68],[100.59,13.6785],[100.589,13.679],[100.588,13.678],[100.5885,13.677],[100.587,13.677],[100.5875,13.6755],[100.5865,13.6755],[100.5845,13.673],[100.585,13.672],[100.5865,13.6715]],[[100.591,13.635],[100.593,13.6335],[100.592,13.6325],[100.593,13.6315],[100.5935,13.6325],[100.594,13.6315],[100.5945,13.6325],[100.596,13.632],[100.596,13.633],[100.597,13.6325],[100.5985,13.6335],[100.6,13.6355],[100.598,13.6365],[100.598,13.6385],[100.5965,13.638],[100.597,13.639],[100.5955,13.639],[100.595,13.64],[100.594,13.637],[100.592,13.6375],[100.594,13.6365],[100.593,13.6345],[100.591,13.635]],[[100.595,13.591],[100.596,13.5905],[100.5955,13.5905],[100.596,13.5885],[100.597,13.59],[100.5975,13.5885],[100.5985,13.5885],[100.598,13.5895],[100.6,13.5905],[100.5975,13.592],[100.5995,13.5915],[100.601,13.5925],[100.6025,13.596],[100.602,13.5975],[100.601,13.5975],[100.6015,13.5985],[100.5985,13.5995],[100.598,13.6015],[100.5965,13.603],[100.5955,13.6015],[100.596,13.596],[100.595,13.591]],[[100.596,13.607],[100.596,13.6075],[100.5975,13.605],[100.5965,13.6035],[100.601,13.6055],[100.6005,13.6065],[100.6015,13.6065],[100.6005,13.608],[100.602,13.6085],[100.6015,13.6105],[100.6025,13.611],[100.6005,13.6115],[100.5995,13.6105],[100.6,13.61],[100.595,13.609],[100.595,13.607],[100.596,13.607]],[[100.5975,13.6625],[100.5975,13.6605],[100.5995,13.66],[100.5995,13.661],[100.6005,13.661],[100.6015,13.66],[100.6005,13.659],[100.601,13.6585],[100.6005,13.656],[100.599,13.6555],[100.6015,13.654],[100.603,13.657],[100.6035,13.6565],[100.6045,13.657],[100.604,13.6555],[100.6055,13.6555],[100.6065,13.6565],[100.606,13.658],[100.605,13.658],[100.605,13.659],[100.608,13.6585],[100.6085,13.659],[100.6075,13.6595],[100.608,13.6605],[100.609,13.66],[100.61,13.6605],[100.609,13.6615],[100.609,13.663],[100.607,13.664],[100.607,13.6655],[100.606,13.663],[100.6065,13.6655],[100.605,13.666],[100.604,13.665],[100.6045,13.6645],[100.604,13.6635],[100.603,13.6635],[100.6035,13.6625],[100.5985,13.6635],[100.5985,13.665],[100.5975,13.664],[100.596,13.664],[100.5975,13.6625]],[[100.6055,13.575],[100.608,13.572],[100.6075,13.573],[100.6085,13.574],[100.6095,13.574],[100.6095,13.573],[100.6105,13.5735],[100.61,13.575],[100.6115,13.575],[100.6115,13.5765],[100.6125,13.577],[100.612,13.5785],[100.609,13.58],[100.6085,13.5785],[100.608,13.579],[100.6085,13.58],[100.607,13.5805],[100.6065,13.578],[100.605,13.578],[100.606,13.577],[100.6055,13.575]],[[100.608,13.5665],[100.6085,13.567],[100.6075,13.568],[100.607,13.5675],[100.608,13.5665]],[[100.6075,13.5835],[100.6085,13.585],[100.608,13.5855],[100.6075,13.5835]],[[100.608,13.592],[100.6085,13.592],[100.609,13.5925],[100.6085,13.5925],[100.608,13.592]],[[100.6105,13.8665],[100.62,13.861],[100.6205,13.858],[100.623,13.8575],[100.623,13.8595],[100.6235,13.859],[100.6235,13.857],[100.622,13.8575],[100.62,13.8565],[100.6205,13.855],[100.6225,13.8545],[100.621,13.8535],[100.622,13.8525],[100.623,13.8525],[100.625,13.8545],[100.627,13.8535],[100.626,13.8555],[100.628,13.8565],[100.627,13.855],[100.6275,13.854],[100.6285,13.854],[100.628,13.8535],[100.6285,13.8525],[100.628,13.852],[100.629,13.852],[100.6285,13.8505],[100.631,13.8515],[100.634,13.85],[100.6345,13.8515],[100.636,13.8505],[100.637,13.851],[100.637,13.85],[100.6385,13.8515],[100.6395,13.851],[100.64,13.85],[100.6395,13.849],[100.641,13.85],[100.6405,13.8485],[100.641,13.848],[100.645,13.8475],[100.644,13.8475],[100.6435,13.846],[100.644,13.8455],[100.643,13.845],[100.644,13.8445],[100.643,13.8425],[100.644,13.843],[100.6455,13.8415],[100.647,13.842],[100.647,13.841],[100.648,13.841],[100.6485,13.84],[100.652,13.841],[100.6525,13.84],[100.653,13.841],[100.652,13.842],[100.653,13.8425],[100.6585,13.8405],[100.659,13.8395],[100.6585,13.839],[100.66,13.8385],[100.659,13.838],[100.66,13.837],[100.661,13.8385],[100.6615,13.8375],[100.66,13.836],[100.6605,13.8345],[100.662,13.836],[100.664,13.8365],[100.6725,13.8285],[100.6735,13.828],[100.6745,13.8285],[100.675,13.8275],[100.674,13.827],[100.676,13.8245],[100.675,13.8235],[100.6755,13.822],[100.6765,13.824],[100.679,13.822],[100.68,13.8225],[100.6785,13.8235],[100.682,13.827],[100.682,13.828],[100.6805,13.8285],[100.681,13.8295],[100.6805,13.83],[100.6785,13.8285],[100.676,13.829],[100.677,13.83],[100.6755,13.831],[100.6745,13.831],[100.673,13.8295],[100.6725,13.83],[100.674,13.832],[100.673,13.837],[100.6735,13.8375],[100.6725,13.8395],[100.6715,13.839],[100.672,13.8385],[100.6705,13.8385],[100.671,13.839],[100.6705,13.8395],[100.668,13.837],[100.6675,13.838],[100.666,13.8375],[100.6655,13.8395],[100.6665,13.8405],[100.6655,13.8405],[100.6645,13.8425],[100.663,13.842],[100.6645,13.843],[100.6635,13.8445],[100.6625,13.843],[100.6605,13.842],[100.661,13.8415],[100.662,13.842],[100.6605,13.8415],[100.6605,13.84],[100.6575,13.842],[100.6595,13.8425],[100.659,13.843],[100.6575,13.8425],[100.6595,13.844],[100.659,13.845],[100.6575,13.8445],[100.6555,13.8475],[100.6535,13.847],[100.654,13.848],[100.653,13.8485],[100.653,13.8495],[100.6525,13.8485],[100.6495,13.848],[100.65,13.849],[100.6525,13.85],[100.652,13.851],[100.6505,13.8505],[100.65,13.852],[100.6495,13.8505],[100.648,13.8535],[100.642,13.853],[100.641,13.8565],[100.6395,13.8535],[100.6385,13.8535],[100.638,13.8525],[100.638,13.8545],[100.6375,13.855],[100.637,13.8535],[100.6365,13.8565],[100.637,13.8565],[100.635,13.859],[100.6335,13.859],[100.6325,13.861],[100.6295,13.8605],[100.6305,13.861],[100.6305,13.862],[100.6285,13.863],[100.629,13.8635],[100.6275,13.8635],[100.6275,13.8645],[100.626,13.8645],[100.625,13.8655],[100.6245,13.864],[100.623,13.8655],[100.6235,13.8675],[100.622,13.868],[100.623,13.8685],[100.6225,13.8695],[100.6205,13.869],[100.6215,13.8685],[100.62,13.8695],[100.619,13.868],[100.6165,13.8685],[100.616,13.8675],[100.615,13.868],[100.6165,13.8665],[100.614,13.868],[100.6125,13.8675],[100.6125,13.8665],[100.6115,13.8675],[100.6105,13.8665]],[[100.6115,13.9085],[100.6145,13.907],[100.6135,13.9075],[100.6125,13.9065],[100.6135,13.9055],[100.6125,13.905],[100.614,13.9035],[100.615,13.9045],[100.616,13.904],[100.6185,13.905],[100.6175,13.9065],[100.62,13.905],[100.621,13.906],[100.6215,13.905],[100.6215,13.9065],[100.6205,13.907],[100.621,13.908],[100.62,13.9075],[100.6205,13.9085],[100.6215,13.9085],[100.623,13.907],[100.624,13.908],[100.624,13.91],[100.6235,13.9095],[100.6225,13.91],[100.6235,13.9105],[100.623,13.9115],[100.6235,13.912],[100.622,13.9115],[100.621,13.912],[100.6225,13.9145],[100.621,13.916],[100.623,13.919],[100.6235,13.918],[100.625,13.919],[100.6255,13.9185],[100.6275,13.9215],[100.631,13.92],[100.63,13.921],[100.6305,13.922],[100.6295,13.9215],[100.63,13.922],[100.629,13.9225],[100.6305,13.9235],[100.629,13.9245],[100.6315,13.926],[100.6325,13.9255],[100.632,13.927],[100.633,13.9285],[100.63,13.9285],[100.631,13.929],[100.6295,13.9295],[100.6285,13.9315],[100.6265,13.9315],[100.6275,13.9325],[100.6255,13.933],[100.624,13.9325],[100.624,13.9315],[100.6255,13.9315],[100.6255,13.93],[100.623,13.929],[100.6225,13.9275],[100.623,13.926],[100.6215,13.9285],[100.621,13.926],[100.6215,13.927],[100.621,13.9275],[100.6195,13.9255],[100.621,13.9225],[100.6205,13.9215],[100.622,13.921],[100.621,13.9205],[100.6215,13.918],[100.6205,13.9165],[100.62,13.9175],[100.618,13.917],[100.619,13.916],[100.6185,13.9145],[100.62,13.9155],[100.618,13.9125],[100.618,13.9135],[100.616,13.913],[100.617,13.912],[100.6165,13.911],[100.6145,13.913],[100.613,13.911],[100.6125,13.912],[100.6115,13.9115],[100.611,13.9105],[100.6115,13.9085]],[[100.629,13.962],[100.63,13.9625],[100.634,13.96],[100.6335,13.959],[100.6355,13.958],[100.636,13.959],[100.6365,13.9585],[100.636,13.9575],[100.6335,13.958],[100.6345,13.957],[100.634,13.956],[100.6355,13.9545],[100.6365,13.9555],[100.6375,13.955],[100.6375,13.956],[100.6385,13.9565],[100.6395,13.9545],[100.6405,13.9565],[100.64,13.958],[100.641,13.9575],[100.643,13.959],[100.642,13.9595],[100.6405,13.959],[100.6405,13.9605],[100.64,13.961],[100.6395,13.9605],[100.64,13.961],[100.6395,13.9615],[100.6405,13.962],[100.638,13.9625],[100.6375,13.963],[100.638,13.9645],[100.6365,13.964],[100.636,13.9655],[100.6345,13.9655],[100.634,13.9645],[100.6365,13.9605],[100.6305,13.9625],[100.6315,13.9635],[100.6305,13.9645],[100.63,13.963],[100.6285,13.9635],[100.629,13.962]],[[100.638,13.932],[100.645,13.9315],[100.6515,13.932],[100.6515,13.931],[100.653,13.931],[100.654,13.932],[100.6535,13.933],[100.6525,13.9325],[100.6515,13.934],[100.6455,13.933],[100.645,13.9345],[100.642,13.9345],[100.6425,13.9355],[100.642,13.9375],[100.641,13.934],[100.6425,13.933],[100.639,13.933],[100.638,13.932]],[[100.6415,13.733],[100.6425,13.7345],[100.645,13.7345],[100.6455,13.736],[100.6445,13.7355],[100.644,13.736],[100.645,13.7375],[100.653,13.7365],[100.6535,13.737],[100.6505,13.7375],[100.6495,13.7385],[100.652,13.7395],[100.646,13.7405],[100.647,13.742],[100.65,13.7425],[100.6485,13.7445],[100.6475,13.7445],[100.648,13.7435],[100.646,13.7425],[100.6455,13.741],[100.644,13.741],[100.6435,13.742],[100.643,13.741],[100.6435,13.7405],[100.6425,13.7395],[100.6435,13.7435],[100.643,13.744],[100.6415,13.7395],[100.6405,13.7405],[100.6405,13.7395],[100.639,13.7385],[100.6405,13.7365],[100.6395,13.7365],[100.6395,13.7355],[100.6415,13.733]],[[100.693,13.7305],[100.694,13.7305],[100.6955,13.733],[100.697,13.732],[100.699,13.7325],[100.6965,13.7335],[100.6975,13.734],[100.696,13.7345],[100.6955,13.734],[100.695,13.735],[100.6935,13.7345],[100.693,13.7355],[100.6955,13.7355],[100.6955,13.7365],[100.6935,13.737],[100.6915,13.736],[100.6885,13.737],[100.6885,13.7355],[100.6875,13.738],[100.6875,13.735],[100.684,13.7355],[100.685,13.7335],[100.694,13.732],[100.693,13.7305]],[[100.6865,13.8155],[100.687,13.8155],[100.6865,13.819],[100.6855,13.8185],[100.6855,13.8165],[100.6865,13.8155]],[[100.726,13.807],[100.726,13.806],[100.728,13.807],[100.729,13.806],[100.729,13.8075],[100.7305,13.808],[100.7315,13.8055],[100.731,13.8085],[100.7325,13.8085],[100.734,13.8105],[100.7325,13.811],[100.7315,13.81],[100.731,13.8115],[100.7355,13.814],[100.7365,13.813],[100.736,13.8145],[100.7375,13.8155],[100.736,13.815],[100.7365,13.816],[100.7345,13.818],[100.7335,13.816],[100.732,13.8185],[100.731,13.8175],[100.732,13.815],[100.7305,13.814],[100.73,13.819],[100.729,13.8185],[100.7295,13.8155],[100.726,13.816],[100.7225,13.8145],[100.7215,13.816],[100.721,13.8155],[100.722,13.813],[100.7205,13.8155],[100.72,13.8145],[100.7205,13.813],[100.719,13.814],[100.719,13.813],[100.718,13.8135],[100.7175,13.812],[100.7185,13.812],[100.72,13.8105],[100.7205,13.811],[100.723,13.8085],[100.7235,13.809],[100.722,13.812],[100.723,13.811],[100.724,13.8085],[100.722,13.8075],[100.7225,13.807],[100.727,13.8095],[100.7275,13.809],[100.7265,13.809],[100.726,13.807]],[[100.7,13.8125],[100.7045,13.813],[100.7035,13.816],[100.7025,13.816],[100.7015,13.818],[100.701,13.8175],[100.7015,13.815],[100.7005,13.8135],[100.6995,13.8135],[100.7,13.8125]],[[100.7555,13.684],[100.7565,13.6865],[100.7555,13.686],[100.7535,13.6865],[100.755,13.6905],[100.754,13.69],[100.753,13.691],[100.746,13.692],[100.745,13.6885],[100.7425,13.689],[100.742,13.6875],[100.7425,13.687],[100.743,13.688],[100.7555,13.685],[100.755,13.684],[100.7555,13.684]],[[100.754,13.6905],[100.755,13.6945],[100.756,13.6945],[100.756,13.696],[100.7555,13.6955],[100.755,13.6965],[100.7535,13.6965],[100.754,13.6955],[100.7535,13.6955],[100.753,13.6965],[100.7525,13.6955],[100.7505,13.697],[100.7495,13.696],[100.7495,13.697],[100.7475,13.698],[100.748,13.697],[100.747,13.6925],[100.748,13.6935],[100.753,13.692],[100.753,13.691],[100.754,13.6905]],[[100.7465,13.724],[100.747,13.725],[100.7475,13.724],[100.751,13.7245],[100.752,13.7255],[100.751,13.7275],[100.754,13.726],[100.754,13.729],[100.755,13.728],[100.7575,13.7295],[100.751,13.7295],[100.7485,13.7285],[100.74,13.7295],[100.741,13.7275],[100.7415,13.7285],[100.7455,13.7285],[100.746,13.7265],[100.7415,13.726],[100.746,13.7255],[100.7465,13.724]]],[[[100.3805,13.694],[100.3805,13.6945],[100.3805,13.694]]],[[[100.3815,13.694],[100.382,13.694],[100.3815,13.694]]],[[[100.382,13.696],[100.3825,13.6945],[100.382,13.696]]],[[[100.384,13.694],[100.3835,13.6935],[100.3835,13.694],[100.384,13.694]]],[[[100.3845,13.694]]],[[[100.386,13.6945],[100.387,13.695],[100.387,13.6945],[100.386,13.6945]]],[[[100.389,13.695],[100.3895,13.6945],[100.389,13.6945],[100.389,13.695]]],[[[100.3805,13.691],[100.38,13.6905],[100.38,13.691],[100.3805,13.691]]],[[[100.3795,13.6875],[100.3795,13.688],[100.3795,13.6875]]],[[[100.381,13.688]]],[[[100.382,13.688],[100.382,13.6885],[100.382,13.688]]],[[[100.3835,13.6875],[100.3825,13.6875],[100.3835,13.6875]]],[[[100.384,13.688]]],[[[100.3805,13.6865]]],[[[100.381,13.6865]]],[[[100.382,13.685],[100.3825,13.6855],[100.382,13.685]]],[[[100.3795,13.6885],[100.379,13.6885],[100.379,13.689],[100.3795,13.6885]]],[[[100.379,13.6895]]],[[[100.382,13.69],[100.382,13.6895],[100.382,13.69]]],[[[100.383,13.6935]]],[[[100.3865,13.6935],[100.387,13.694],[100.3865,13.6935]]],[[[100.392,13.6945],[100.392,13.694],[100.3915,13.694],[100.392,13.6945]]],[[[100.3845,13.695],[100.385,13.695],[100.3845,13.695]]],[[[100.3795,13.697],[100.3795,13.696],[100.38,13.696],[100.3795,13.696],[100.3795,13.697]]],[[[100.381,13.6955],[100.3815,13.696],[100.3815,13.6955],[100.381,13.6955]]],[[[100.38,13.6955],[100.38,13.695],[100.38,13.6955]]],[[[100.381,13.6945],[100.3815,13.695],[100.381,13.6945]]],[[[100.3885,13.6975],[100.3885,13.697],[100.3885,13.6975]]],[[[100.392,13.6965]]],[[[100.3805,13.697],[100.38,13.697],[100.3805,13.697]]],[[[100.382,13.6965],[100.382,13.697],[100.382,13.6965]]],[[[100.381,13.6965]]],[[[100.379,13.6975]]],[[[100.403,13.697]]],[[[100.4035,13.6965],[100.4035,13.696],[100.4035,13.6965]]],[[[100.4105,13.884]]],[[[100.4105,13.88],[100.412,13.8805],[100.4105,13.8795],[100.4105,13.88]]],[[[100.4065,13.886],[100.4065,13.8855],[100.4065,13.886]]],[[[100.407,13.8805],[100.407,13.881],[100.4085,13.88],[100.407,13.8805]]],[[[100.407,13.878],[100.4065,13.878],[100.407,13.878]]],[[[100.4055,13.878]]],[[[100.405,13.8825],[100.4045,13.884],[100.4055,13.8835],[100.405,13.8825]]],[[[100.4045,13.881],[100.404,13.8815],[100.4045,13.8815],[100.4045,13.881]]],[[[100.4055,13.884]]],[[[100.407,13.888],[100.4065,13.888],[100.4065,13.8885],[100.407,13.888]]],[[[100.408,13.8815],[100.4075,13.882],[100.4085,13.881],[100.408,13.8815]]],[[[100.408,13.877],[100.4085,13.877],[100.408,13.877]]],[[[100.409,13.8765],[100.409,13.876],[100.4085,13.8765],[100.409,13.8765]]],[[[100.408,13.885],[100.407,13.885],[100.4075,13.8855],[100.408,13.885]]],[[[100.408,13.8835]]],[[[100.41,13.8825],[100.4095,13.8825],[100.41,13.8825]]],[[[100.408,13.8865],[100.408,13.886],[100.4075,13.886],[100.408,13.8865]]],[[[100.408,13.885]]],[[[100.4075,13.8875],[100.407,13.888],[100.4075,13.888],[100.4075,13.8875]]],[[[100.407,13.892]]],[[[100.4075,13.8925]]],[[[100.412,13.8835]]],[[[100.5305,13.7545],[100.5305,13.754],[100.5305,13.7545]]],[[[100.531,13.7435],[100.531,13.744],[100.5315,13.744],[100.5315,13.7435],[100.531,13.7435]]],[[[100.531,13.742],[100.531,13.7425],[100.5315,13.742],[100.531,13.742]]],[[[100.531,13.74],[100.531,13.741],[100.532,13.741],[100.5325,13.7395],[100.534,13.739],[100.5335,13.738],[100.534,13.736],[100.5335,13.737],[100.5325,13.737],[100.533,13.7375],[100.532,13.7385],[100.531,13.738],[100.531,13.74]]],[[[100.53,13.733],[100.531,13.733],[100.531,13.7325],[100.53,13.733]]],[[[100.53,13.7265],[100.5305,13.7265],[100.53,13.7265]]],[[[100.5305,13.72]]],[[[100.5305,13.7175],[100.531,13.718],[100.5315,13.7185],[100.5315,13.718],[100.5305,13.7175]]],[[[100.5305,13.7165]]],[[[100.501,13.7935]]],[[[100.501,13.793]]],[[[100.501,13.788]]],[[[100.501,13.768],[100.501,13.7675],[100.5005,13.768],[100.501,13.768]]],[[[100.501,13.762],[100.5005,13.7625],[100.501,13.762]]],[[[100.5005,13.758],[100.501,13.758],[100.5015,13.758],[100.5005,13.758]]],[[[100.5005,13.756],[100.501,13.756],[100.501,13.7555],[100.5005,13.7555],[100.5005,13.756]]],[[[100.4995,13.7395],[100.502,13.739],[100.502,13.74],[100.502,13.739],[100.508,13.7375],[100.509,13.736],[100.5105,13.7355],[100.5115,13.7325],[100.513,13.7315],[100.5125,13.7285],[100.5145,13.728],[100.513,13.727],[100.514,13.7245],[100.5135,13.72],[100.5115,13.72],[100.5115,13.721],[100.5105,13.7215],[100.512,13.7215],[100.511,13.7235],[100.512,13.724],[100.512,13.725],[100.511,13.7255],[100.5125,13.7255],[100.512,13.729],[100.511,13.7305],[100.508,13.731],[100.5105,13.732],[100.5085,13.7355],[100.5075,13.735],[100.5075,13.736],[100.5055,13.736],[100.505,13.737],[100.5015,13.7375],[100.501,13.737],[100.5,13.738],[100.4985,13.7375],[100.4995,13.7395]]],[[[100.4995,13.7315],[100.501,13.73],[100.5,13.729],[100.5005,13.7285],[100.5,13.7275],[100.503,13.728],[100.5025,13.727],[100.5035,13.726],[100.5045,13.7255],[100.505,13.726],[100.5045,13.7265],[100.506,13.726],[100.504,13.7245],[100.5035,13.725],[100.503,13.724],[100.5025,13.7245],[100.5015,13.724],[100.501,13.7245],[100.502,13.7255],[100.5005,13.7265],[100.499,13.725],[100.4995,13.7265],[100.4975,13.728],[100.493,13.7275],[100.492,13.7265],[100.4915,13.7275],[100.4905,13.727],[100.491,13.728],[100.49,13.728],[100.4895,13.7305],[100.488,13.73],[100.4865,13.731],[100.487,13.7295],[100.486,13.729],[100.486,13.73],[100.485,13.7305],[100.486,13.7315],[100.4835,13.732],[100.4845,13.7325],[100.484,13.733],[100.4845,13.7335],[100.4855,13.7325],[100.4865,13.7335],[100.4875,13.7325],[100.488,13.7335],[100.4895,13.7325],[100.49,13.734],[100.491,13.733],[100.494,13.735],[100.4945,13.7335],[100.496,13.7335],[100.497,13.7345],[100.498,13.734],[100.498,13.733],[100.499,13.7325],[100.4985,13.731],[100.4995,13.7315]]],[[[100.501,13.7225],[100.5005,13.7225],[100.501,13.7225]]],[[[100.5015,13.72],[100.5005,13.7205],[100.5015,13.72]]],[[[100.501,13.7175]]],[[[100.5,13.716],[100.501,13.716],[100.5005,13.7155],[100.5,13.716]]],[[[100.4825,13.744],[100.484,13.744],[100.483,13.7435],[100.4825,13.744]]],[[[100.482,13.7435],[100.4825,13.7435],[100.482,13.7435]]],[[[100.482,13.741],[100.4825,13.7405],[100.482,13.7405],[100.482,13.741]]],[[[100.483,13.7395],[100.483,13.74],[100.483,13.7395]]],[[[100.4835,13.7335],[100.483,13.734],[100.4835,13.7335]]],[[[100.4825,13.7345],[100.4825,13.733],[100.4815,13.7325],[100.4805,13.733],[100.4805,13.732],[100.4795,13.733],[100.481,13.735],[100.4825,13.7345]]],[[[100.4825,13.7325],[100.4825,13.733],[100.4825,13.7325]]],[[[100.482,13.7305],[100.4825,13.73],[100.482,13.7305]]],[[[100.483,13.727],[100.4835,13.727],[100.483,13.727]]],[[[100.482,13.726],[100.483,13.726],[100.483,13.7245],[100.484,13.7255],[100.4835,13.7265],[100.485,13.7265],[100.4845,13.725],[100.483,13.724],[100.4775,13.7225],[100.479,13.7255],[100.481,13.7245],[100.481,13.7255],[100.482,13.725],[100.4825,13.7255],[100.482,13.726]]],[[[100.4825,13.721],[100.482,13.7215],[100.4835,13.7215],[100.4825,13.72],[100.482,13.7205],[100.4825,13.721]]],[[[100.4825,13.7185],[100.483,13.7185],[100.482,13.7185],[100.4825,13.7185]]],[[[100.4595,13.7255],[100.46,13.7255],[100.4595,13.7255]]],[[[100.4625,13.725]]],[[[100.4635,13.725]]],[[[100.464,13.719],[100.464,13.7195],[100.465,13.7185],[100.464,13.719]]],[[[100.433,13.712],[100.435,13.7125],[100.435,13.711],[100.433,13.711],[100.433,13.712]]],[[[100.433,13.71],[100.434,13.7105],[100.433,13.71]]],[[[100.411,13.7115]]],[[[100.4125,13.7115],[100.412,13.7115],[100.4125,13.7115]]],[[[100.413,13.712]]],[[[100.4135,13.712],[100.4135,13.7135],[100.414,13.7135],[100.4135,13.712]]],[[[100.4175,13.712]]],[[[100.4205,13.709],[100.4205,13.7105],[100.4205,13.709]]],[[[100.4075,13.713],[100.408,13.715],[100.408,13.7125],[100.4075,13.713]]],[[[100.408,13.709],[100.4075,13.7085],[100.4075,13.709],[100.408,13.709]]],[[[100.407,13.7075]]],[[[100.4075,13.7155],[100.4075,13.716],[100.4075,13.7155]]],[[[100.418,13.7105],[100.4175,13.71],[100.4175,13.7105],[100.418,13.7105]]],[[[100.4105,13.709]]],[[[100.412,13.708],[100.412,13.7085],[100.412,13.708]]],[[[100.4195,13.709],[100.419,13.7095],[100.4195,13.7095],[100.4195,13.709]]],[[[100.4115,13.71]]],[[[100.42,13.7045],[100.42,13.705],[100.42,13.7045]]],[[[100.424,13.711],[100.424,13.7115],[100.424,13.7105],[100.424,13.711]]],[[[100.426,13.711],[100.425,13.7115],[100.426,13.7115],[100.426,13.711]]],[[[100.426,13.71],[100.4275,13.71],[100.428,13.7085],[100.427,13.708],[100.426,13.71]]],[[[100.426,13.708]]],[[[100.411,13.715],[100.411,13.7155],[100.411,13.715]]],[[[100.416,13.7125],[100.416,13.713],[100.416,13.7125]]],[[[100.4185,13.7125],[100.4185,13.713],[100.419,13.713],[100.419,13.7125],[100.4185,13.7125]]],[[[100.412,13.7125],[100.4125,13.713],[100.4125,13.7125],[100.412,13.7125]]],[[[100.425,13.7075],[100.4245,13.707],[100.4245,13.7075],[100.425,13.7075]]],[[[100.4225,13.7065]]],[[[100.422,13.7075],[100.421,13.7085],[100.422,13.7085],[100.422,13.7075]]],[[[100.422,13.709]]],[[[100.42,13.718],[100.42,13.7185],[100.42,13.718]]],[[[100.4205,13.7175],[100.4205,13.7165],[100.42,13.7175],[100.4205,13.7175]]],[[[100.426,13.714]]],[[[100.427,13.712]]],[[[100.4285,13.712]]],[[[100.429,13.712]]],[[[100.4305,13.712],[100.431,13.712],[100.4305,13.712]]],[[[100.425,13.7125],[100.425,13.715],[100.4255,13.715],[100.4255,13.7125],[100.425,13.7125]]],[[[100.424,13.7125]]],[[[100.4215,13.717]]],[[[100.4225,13.716],[100.423,13.717],[100.424,13.7165],[100.424,13.7155],[100.4225,13.716]]],[[[100.421,13.716]]],[[[100.4275,13.7105],[100.429,13.7095],[100.4285,13.709],[100.4275,13.7105]]],[[[100.4305,13.7105]]],[[[100.43,13.711],[100.4305,13.711],[100.4305,13.7105],[100.4305,13.711],[100.43,13.711]]],[[[100.427,13.711]]],[[[100.4315,13.7135],[100.4315,13.713],[100.4315,13.7135]]],[[[100.4265,13.714]]],[[[100.451,13.716],[100.4505,13.716],[100.4505,13.7165],[100.451,13.716]]],[[[100.4515,13.716],[100.4515,13.717],[100.452,13.716],[100.4515,13.716]]],[[[100.445,13.718]]],[[[100.4445,13.7145],[100.4445,13.713],[100.4435,13.7135],[100.4445,13.7145]]],[[[100.4405,13.7125],[100.4415,13.7135],[100.4425,13.713],[100.4405,13.7125]]],[[[100.4435,13.7135],[100.443,13.7135],[100.4435,13.7135]]],[[[100.4365,13.7115],[100.4365,13.711],[100.4365,13.7115]]],[[[100.4395,13.711],[100.4395,13.7115],[100.4395,13.711]]],[[[100.442,13.711],[100.4415,13.7115],[100.442,13.7115],[100.442,13.711]]],[[[100.439,13.709],[100.439,13.7095],[100.4395,13.7095],[100.439,13.709]]],[[[100.4395,13.7105],[100.439,13.7105],[100.4395,13.7105]]],[[[100.441,13.7105],[100.441,13.71],[100.4405,13.7105],[100.441,13.7105]]],[[[100.4395,13.713]]],[[[100.4405,13.7125],[100.4405,13.712],[100.44,13.712],[100.44,13.7125],[100.4405,13.7125]]],[[[100.4375,13.7145],[100.4375,13.7155],[100.4375,13.715],[100.4375,13.7145]]],[[[100.443,13.7155],[100.4425,13.7155],[100.4425,13.716],[100.443,13.7155]]],[[[100.4365,13.7145],[100.436,13.7145],[100.4365,13.7145]]],[[[100.4435,13.716]]],[[[100.4415,13.716],[100.4415,13.7155],[100.441,13.7155],[100.4415,13.716]]],[[[100.4425,13.7175],[100.4425,13.717],[100.4425,13.7175]]],[[[100.45,13.7165],[100.4505,13.7155],[100.4485,13.715],[100.45,13.7165]]],[[[100.4505,13.7135],[100.451,13.715],[100.452,13.714],[100.4505,13.7135]]],[[[100.4495,13.7175]]],[[[100.446,13.7145],[100.4455,13.715],[100.4465,13.7155],[100.4465,13.7145],[100.448,13.715],[100.448,13.714],[100.4475,13.7145],[100.446,13.713],[100.4455,13.7135],[100.4465,13.714],[100.446,13.7145]]],[[[100.4485,13.715]]],[[[100.4485,13.714],[100.449,13.714],[100.449,13.7135],[100.4485,13.714]]],[[[100.448,13.7155],[100.448,13.716],[100.448,13.7155]]],[[[100.448,13.719],[100.4485,13.719],[100.448,13.719]]],[[[100.449,13.7185]]],[[[100.446,13.718]]],[[[100.447,13.7185]]],[[[100.446,13.7185]]],[[[100.454,13.713],[100.4545,13.713],[100.454,13.713]]],[[[100.454,13.714]]],[[[100.4555,13.725],[100.456,13.7245],[100.4565,13.7235],[100.456,13.7235],[100.4555,13.725]]],[[[100.4555,13.7215],[100.4555,13.721],[100.4555,13.722],[100.4555,13.7215]]],[[[100.4595,13.718],[100.4595,13.7185],[100.4595,13.718]]],[[[100.4595,13.717],[100.46,13.7175],[100.46,13.718],[100.46,13.717],[100.4595,13.717]]],[[[100.4555,13.718],[100.4565,13.718],[100.4555,13.717],[100.455,13.7175],[100.4555,13.718]]],[[[100.4515,13.718]]],[[[100.453,13.716],[100.453,13.717],[100.454,13.717],[100.454,13.716],[100.453,13.716]]],[[[100.4535,13.719]]],[[[100.454,13.721],[100.4535,13.7205],[100.454,13.721]]],[[[100.457,13.718],[100.4575,13.7195],[100.458,13.7185],[100.457,13.718]]],[[[100.4585,13.7215],[100.4585,13.7225],[100.459,13.7225],[100.4585,13.7215]]],[[[100.457,13.722]]],[[[100.456,13.722]]],[[[100.4585,13.723]]],[[[100.458,13.7245]]],[[[100.457,13.726]]],[[[100.461,13.7205],[100.461,13.721],[100.462,13.7205],[100.461,13.7205]]],[[[100.462,13.718],[100.462,13.7185],[100.4625,13.718],[100.462,13.718]]],[[[100.4625,13.719]]],[[[100.4625,13.719]]],[[[100.463,13.723]]],[[[100.4625,13.7225],[100.4625,13.722],[100.462,13.7225],[100.4625,13.7225]]],[[[100.46,13.7335],[100.46,13.734],[100.4605,13.734],[100.46,13.7335]]],[[[100.4595,13.7315]]],[[[100.46,13.731],[100.4605,13.7305],[100.46,13.7305],[100.46,13.731]]],[[[100.463,13.7155],[100.4635,13.7155],[100.464,13.7155],[100.463,13.7155]]],[[[100.472,13.768],[100.4725,13.7675],[100.472,13.7675],[100.472,13.768]]],[[[100.4725,13.7585],[100.472,13.758],[100.4725,13.7585]]],[[[100.472,13.7555],[100.4725,13.7555],[100.472,13.7555]]],[[[100.4705,13.7545],[100.472,13.7545],[100.4705,13.7545]]],[[[100.472,13.7435],[100.4715,13.743],[100.4715,13.7435],[100.472,13.7435]]],[[[100.4715,13.7415]]],[[[100.4715,13.738],[100.472,13.738],[100.4715,13.738]]],[[[100.4715,13.736],[100.472,13.7365],[100.472,13.7355],[100.4715,13.736]]],[[[100.4715,13.73],[100.472,13.73],[100.4715,13.7295],[100.4715,13.73]]],[[[100.4715,13.7265]]],[[[100.4715,13.7235],[100.472,13.724],[100.4715,13.7235]]],[[[100.4715,13.7235],[100.472,13.723],[100.474,13.725],[100.4735,13.723],[100.475,13.7235],[100.475,13.722],[100.4695,13.7225],[100.4705,13.724],[100.4705,13.723],[100.4715,13.7235]]],[[[100.4715,13.721],[100.472,13.7215],[100.4705,13.7205],[100.4715,13.721]]],[[[100.473,13.72]]],[[[100.4735,13.719],[100.474,13.7185],[100.475,13.7195],[100.476,13.7165],[100.474,13.716],[100.4745,13.7155],[100.474,13.715],[100.4735,13.7165],[100.474,13.717],[100.4725,13.7175],[100.4735,13.719]]],[[[100.4735,13.714],[100.4745,13.7135],[100.473,13.713],[100.4735,13.714]]],[[[100.473,13.7105],[100.474,13.71],[100.473,13.71],[100.473,13.7105]]],[[[100.474,13.709],[100.474,13.7095],[100.474,13.709]]],[[[100.4685,13.7305],[100.469,13.7305],[100.4695,13.73],[100.4685,13.73],[100.4685,13.7305]]],[[[100.4675,13.7295],[100.469,13.729],[100.467,13.7285],[100.468,13.728],[100.466,13.7265],[100.4645,13.729],[100.4665,13.7285],[100.467,13.73],[100.4675,13.7295]]],[[[100.4695,13.728],[100.469,13.728],[100.4695,13.728]]],[[[100.4695,13.726],[100.469,13.7265],[100.4695,13.7265],[100.4695,13.726]]],[[[100.4685,13.7255],[100.4695,13.7245],[100.469,13.7235],[100.467,13.725],[100.4685,13.7255]]],[[[100.468,13.7195],[100.4695,13.72],[100.4705,13.719],[100.4695,13.7185],[100.469,13.7195],[100.468,13.719],[100.468,13.7195]]],[[[100.469,13.7175],[100.47,13.717],[100.469,13.7165],[100.469,13.7175]]],[[[100.469,13.7165],[100.4695,13.716],[100.4685,13.716],[100.469,13.7165]]],[[[100.469,13.7155],[100.469,13.715],[100.469,13.7155]]],[[[100.469,13.714],[100.469,13.7145],[100.4695,13.714],[100.469,13.714]]],[[[100.4685,13.71]]],[[[100.4685,13.709]]],[[[100.4665,13.7335],[100.467,13.7335],[100.4675,13.7335],[100.467,13.7335],[100.4665,13.7335]]],[[[100.467,13.7305],[100.4675,13.731],[100.467,13.7305]]],[[[100.467,13.7265]]],[[[100.4665,13.7265]]],[[[100.466,13.726],[100.4665,13.726],[100.466,13.726]]],[[[100.466,13.723],[100.467,13.7235],[100.4665,13.723],[100.466,13.723]]],[[[100.465,13.72],[100.4665,13.719],[100.465,13.7195],[100.465,13.72]]],[[[100.4665,13.7165],[100.4665,13.717],[100.4675,13.7165],[100.4665,13.7165]]],[[[100.466,13.7155],[100.467,13.716],[100.4665,13.7155],[100.466,13.7155]]],[[[100.4665,13.711],[100.4665,13.7115],[100.467,13.7115],[100.467,13.712],[100.4675,13.712],[100.4675,13.7115],[100.4665,13.711]]],[[[100.466,13.7105],[100.4665,13.7105],[100.466,13.71],[100.466,13.7105]]],[[[100.464,13.731],[100.4635,13.7315],[100.464,13.732],[100.464,13.731]]],[[[100.4605,13.729],[100.4605,13.73],[100.4615,13.7295],[100.4625,13.7305],[100.462,13.7315],[100.463,13.73],[100.4605,13.729]]],[[[100.4615,13.726],[100.461,13.726],[100.4615,13.726]]],[[[100.466,13.721],[100.466,13.72],[100.4655,13.7205],[100.466,13.721]]],[[[100.466,13.717],[100.4645,13.717],[100.4645,13.7175],[100.466,13.717]]],[[[100.466,13.717]]],[[[100.4665,13.72]]],[[[100.4665,13.722]]],[[[100.4655,13.7235],[100.466,13.7235],[100.4655,13.7235]]],[[[100.465,13.7295],[100.465,13.7305],[100.4655,13.73],[100.465,13.7295]]],[[[100.466,13.7305]]],[[[100.4645,13.732],[100.465,13.7315],[100.4645,13.732]]],[[[100.4655,13.7315]]],[[[100.468,13.71],[100.4675,13.71],[100.468,13.71]]],[[[100.468,13.7115],[100.4685,13.711],[100.468,13.7115]]],[[[100.4675,13.727],[100.468,13.7265],[100.4675,13.727]]],[[[100.4685,13.7275],[100.4685,13.727],[100.468,13.7275],[100.4685,13.7275]]],[[[100.4675,13.7315],[100.4675,13.732],[100.468,13.732],[100.468,13.7315],[100.4675,13.7315]]],[[[100.4685,13.743],[100.469,13.743],[100.4685,13.743]]],[[[100.469,13.7405],[100.4695,13.7405],[100.469,13.7405]]],[[[100.464,13.74]]],[[[100.4645,13.7405],[100.465,13.74],[100.4645,13.74],[100.4645,13.7405]]],[[[100.4675,13.74],[100.468,13.7405],[100.468,13.74],[100.4675,13.74]]],[[[100.4675,13.7425],[100.4675,13.743],[100.468,13.743],[100.4675,13.7425]]],[[[100.468,13.758],[100.4685,13.758],[100.4685,13.7575],[100.468,13.7575],[100.468,13.758]]],[[[100.469,13.751],[100.469,13.752],[100.469,13.751]]],[[[100.467,13.756],[100.468,13.757],[100.468,13.756],[100.467,13.756]]],[[[100.466,13.754],[100.467,13.7535],[100.4655,13.7535],[100.466,13.754]]],[[[100.4655,13.756],[100.4655,13.7565],[100.467,13.756],[100.4655,13.756]]],[[[100.468,13.756],[100.469,13.756],[100.469,13.7555],[100.468,13.756]]],[[[100.471,13.7635],[100.471,13.763],[100.4705,13.7635],[100.471,13.7635]]],[[[100.468,13.7605],[100.468,13.76],[100.468,13.7605]]],[[[100.47,13.7435],[100.47,13.743],[100.4695,13.743],[100.4695,13.7435],[100.47,13.7435]]],[[[100.47,13.752]]],[[[100.4695,13.7575],[100.47,13.7575],[100.4695,13.7575]]],[[[100.4705,13.7615],[100.4695,13.7625],[100.4705,13.7615]]],[[[100.472,13.71]]],[[[100.4695,13.712],[100.4705,13.712],[100.4695,13.712]]],[[[100.47,13.7085],[100.47,13.708],[100.4695,13.7085],[100.47,13.7085]]],[[[100.469,13.709],[100.469,13.7095],[100.4695,13.7095],[100.469,13.709]]],[[[100.4695,13.7105]]],[[[100.4695,13.7115]]],[[[100.4705,13.7245],[100.4705,13.725],[100.4705,13.7245]]],[[[100.4705,13.7195],[100.471,13.7195],[100.4705,13.7195]]],[[[100.4705,13.7195]]],[[[100.47,13.721],[100.4695,13.721],[100.4695,13.7205],[100.4695,13.721],[100.47,13.721]]],[[[100.47,13.724]]],[[[100.47,13.734],[100.47,13.7335],[100.47,13.734]]],[[[100.472,13.7185],[100.4715,13.7185],[100.472,13.7185]]],[[[100.4715,13.7175]]],[[[100.473,13.711]]],[[[100.4725,13.7115]]],[[[100.471,13.7255]]],[[[100.4715,13.7395]]],[[[100.4765,13.7335]]],[[[100.4765,13.732],[100.476,13.7315],[100.476,13.7325],[100.4765,13.732]]],[[[100.4785,13.7175],[100.479,13.719],[100.4795,13.718],[100.4785,13.7175]]],[[[100.479,13.717],[100.4785,13.717],[100.479,13.717]]],[[[100.4785,13.712],[100.479,13.7105],[100.4775,13.7115],[100.4785,13.712]]],[[[100.4735,13.7405],[100.473,13.741],[100.4735,13.7405]]],[[[100.476,13.7225],[100.4765,13.7225],[100.476,13.7225]]],[[[100.4755,13.722],[100.476,13.722],[100.4755,13.722]]],[[[100.476,13.719],[100.476,13.7195],[100.476,13.719]]],[[[100.476,13.7125],[100.4765,13.713],[100.4765,13.7125],[100.476,13.7125]]],[[[100.4765,13.7105],[100.4765,13.711],[100.4765,13.7105]]],[[[100.4735,13.721],[100.4735,13.7205],[100.473,13.7215],[100.4735,13.721]]],[[[100.4735,13.7275]]],[[[100.4745,13.726],[100.474,13.7255],[100.474,13.726],[100.4745,13.726]]],[[[100.4725,13.7365],[100.4725,13.737],[100.4725,13.7365]]],[[[100.473,13.7265],[100.4725,13.726],[100.473,13.727],[100.473,13.7265]]],[[[100.4725,13.735],[100.473,13.7355],[100.473,13.735],[100.4725,13.735]]],[[[100.4735,13.736]]],[[[100.4725,13.738]]],[[[100.476,13.715],[100.4755,13.715],[100.476,13.715]]],[[[100.4745,13.712],[100.474,13.7125],[100.4745,13.712]]],[[[100.4755,13.7115],[100.476,13.711],[100.475,13.711],[100.4755,13.7115]]],[[[100.475,13.7155],[100.4755,13.7155],[100.475,13.7155]]],[[[100.476,13.7215],[100.4755,13.721],[100.476,13.7215]]],[[[100.475,13.7255]]],[[[100.474,13.727],[100.474,13.7275],[100.474,13.727]]],[[[100.4755,13.73]]],[[[100.475,13.7305]]],[[[100.475,13.733],[100.4755,13.7345],[100.476,13.7335],[100.475,13.733]]],[[[100.4775,13.7085],[100.4775,13.708],[100.4775,13.7085]]],[[[100.4775,13.716],[100.4765,13.716],[100.477,13.716],[100.4775,13.716]]],[[[100.478,13.713]]],[[[100.478,13.71]]],[[[100.478,13.7145],[100.4775,13.7145],[100.478,13.7145]]],[[[100.4785,13.7195]]],[[[100.478,13.7215]]],[[[100.4745,13.741]]],[[[100.482,13.737],[100.4815,13.737],[100.4815,13.7375],[100.482,13.7375],[100.482,13.737]]],[[[100.4815,13.736],[100.4815,13.7355],[100.4815,13.736]]],[[[100.481,13.7265]]],[[[100.479,13.732]]],[[[100.4785,13.7305],[100.479,13.7305],[100.4785,13.73],[100.4785,13.7305]]],[[[100.4775,13.7335],[100.4775,13.7325],[100.4775,13.7335]]],[[[100.478,13.73]]],[[[100.4805,13.7305]]],[[[100.482,13.742],[100.4815,13.7425],[100.482,13.7425],[100.482,13.742]]],[[[100.4815,13.7415],[100.481,13.7415],[100.4815,13.7415]]],[[[100.48,13.74],[100.4795,13.74],[100.48,13.74]]],[[[100.482,13.727],[100.4815,13.727],[100.482,13.7275],[100.482,13.727]]],[[[100.482,13.73]]],[[[100.482,13.735]]],[[[100.482,13.736]]],[[[100.482,13.7415]]],[[[100.4815,13.721],[100.481,13.721],[100.481,13.7215],[100.4815,13.721]]],[[[100.4815,13.7185],[100.4815,13.718],[100.481,13.7185],[100.4815,13.7185]]],[[[100.4815,13.7155]]],[[[100.4795,13.72],[100.479,13.7205],[100.4805,13.7205],[100.4795,13.72]]],[[[100.48,13.7195],[100.4805,13.72],[100.48,13.7195]]],[[[100.4805,13.7175],[100.48,13.7175],[100.4805,13.719],[100.4805,13.7175]]],[[[100.482,13.723],[100.482,13.7225],[100.482,13.723]]],[[[100.4735,13.756],[100.474,13.756],[100.4735,13.7555],[100.4735,13.756]]],[[[100.473,13.758],[100.473,13.7575],[100.4725,13.7575],[100.473,13.758]]],[[[100.475,13.755]]],[[[100.4755,13.7545],[100.476,13.7545],[100.4755,13.7545]]],[[[100.476,13.768],[100.4765,13.768],[100.476,13.768]]],[[[100.4725,13.764],[100.472,13.764],[100.4725,13.764]]],[[[100.473,13.767]]],[[[100.4775,13.7675],[100.4775,13.767],[100.4775,13.7675]]],[[[100.483,13.763],[100.4835,13.764],[100.484,13.764],[100.484,13.7635],[100.483,13.763]]],[[[100.483,13.762],[100.4845,13.761],[100.4845,13.762],[100.487,13.761],[100.4845,13.7605],[100.483,13.761],[100.483,13.762]]],[[[100.4825,13.757],[100.4825,13.7575],[100.4825,13.757]]],[[[100.483,13.7565]]],[[[100.483,13.7545],[100.483,13.7555],[100.483,13.754],[100.483,13.7545]]],[[[100.483,13.753],[100.483,13.7535],[100.483,13.753]]],[[[100.481,13.7565]]],[[[100.4815,13.755],[100.482,13.7555],[100.482,13.755],[100.4815,13.755]]],[[[100.4815,13.7535],[100.482,13.7535],[100.4815,13.7535]]],[[[100.4815,13.765],[100.482,13.7645],[100.4815,13.765]]],[[[100.481,13.7625],[100.482,13.7625],[100.481,13.7625]]],[[[100.4815,13.759]]],[[[100.4825,13.7585]]],[[[100.482,13.772]]],[[[100.493,13.7675],[100.493,13.767],[100.4925,13.767],[100.4925,13.7675],[100.493,13.7675]]],[[[100.493,13.765],[100.494,13.768],[100.495,13.768],[100.4955,13.769],[100.4975,13.768],[100.4975,13.7665],[100.496,13.766],[100.496,13.765],[100.4915,13.7615],[100.491,13.7625],[100.4915,13.764],[100.493,13.765]]],[[[100.4925,13.7605],[100.493,13.761],[100.4935,13.7605],[100.493,13.7605],[100.4925,13.7605]]],[[[100.493,13.755],[100.4935,13.755],[100.4925,13.753],[100.492,13.7535],[100.493,13.755]]],[[[100.4925,13.743],[100.494,13.741],[100.4975,13.74],[100.497,13.739],[100.491,13.7415],[100.4905,13.744],[100.4885,13.745],[100.487,13.7485],[100.4855,13.7475],[100.4845,13.748],[100.485,13.75],[100.4865,13.751],[100.486,13.7515],[100.487,13.7525],[100.4865,13.7565],[100.488,13.759],[100.4875,13.761],[100.489,13.7625],[100.49,13.7625],[100.491,13.761],[100.4885,13.7565],[100.488,13.752],[100.49,13.7465],[100.4895,13.746],[100.4915,13.7435],[100.493,13.7435],[100.4925,13.743]]],[[[100.4935,13.7375],[100.494,13.738],[100.494,13.7375],[100.4935,13.7375]]],[[[100.493,13.7265],[100.4935,13.7265],[100.4935,13.726],[100.4935,13.7265],[100.493,13.7265]]],[[[100.493,13.7185]]],[[[100.493,13.7185],[100.4925,13.7185],[100.493,13.7185]]],[[[100.4925,13.718],[100.493,13.7175],[100.4925,13.7175],[100.4925,13.718]]],[[[100.4895,13.7665],[100.4895,13.767],[100.4895,13.7665]]],[[[100.4885,13.7635],[100.489,13.763],[100.4885,13.7625],[100.488,13.763],[100.4885,13.7635]]],[[[100.489,13.7395]]],[[[100.488,13.737],[100.489,13.7385],[100.488,13.737]]],[[[100.4895,13.7365],[100.489,13.737],[100.4895,13.7365]]],[[[100.488,13.7365],[100.4885,13.736],[100.488,13.7365]]],[[[100.4885,13.7345],[100.489,13.7345],[100.4885,13.7345]]],[[[100.489,13.7255],[100.49,13.7255],[100.49,13.7265],[100.492,13.725],[100.4895,13.725],[100.4875,13.724],[100.489,13.7255]]],[[[100.4865,13.7175],[100.4885,13.718],[100.487,13.7165],[100.4875,13.7175],[100.4865,13.7175]]],[[[100.488,13.7155],[100.489,13.716],[100.489,13.715],[100.488,13.7155]]],[[[100.4855,13.76],[100.486,13.7605],[100.486,13.76],[100.4855,13.76]]],[[[100.4855,13.7565],[100.485,13.7565],[100.4855,13.7565]]],[[[100.4845,13.7535],[100.486,13.7535],[100.485,13.7535],[100.4845,13.7535]]],[[[100.485,13.7515],[100.4855,13.7515],[100.485,13.7515]]],[[[100.485,13.744],[100.4855,13.744],[100.485,13.744]]],[[[100.4845,13.7405]]],[[[100.4865,13.736],[100.4865,13.7365],[100.4865,13.736]]],[[[100.4865,13.734],[100.4865,13.7345],[100.487,13.735],[100.487,13.734],[100.4865,13.734]]],[[[100.486,13.7285],[100.486,13.728],[100.4855,13.728],[100.4855,13.7285],[100.486,13.7285]]],[[[100.4855,13.7215],[100.4885,13.7225],[100.487,13.722],[100.487,13.721],[100.486,13.7205],[100.485,13.721],[100.4855,13.7215]]],[[[100.486,13.716],[100.4865,13.716],[100.4855,13.7155],[100.486,13.716]]],[[[100.484,13.718],[100.4855,13.7185],[100.4845,13.718],[100.4845,13.717],[100.484,13.718]]],[[[100.486,13.717],[100.4855,13.717],[100.4855,13.7175],[100.486,13.717]]],[[[100.4835,13.719],[100.484,13.7195],[100.4845,13.7195],[100.4835,13.719]]],[[[100.4845,13.7435],[100.484,13.7435],[100.484,13.744],[100.4845,13.7435]]],[[[100.484,13.741]]],[[[100.4835,13.7385],[100.485,13.738],[100.4835,13.7375],[100.4835,13.7385]]],[[[100.484,13.7365],[100.484,13.737],[100.484,13.7365]]],[[[100.4855,13.727],[100.485,13.727],[100.4855,13.7265],[100.4855,13.727]]],[[[100.4835,13.7355],[100.483,13.7355],[100.4835,13.736],[100.4835,13.7355]]],[[[100.484,13.759]]],[[[100.484,13.757],[100.484,13.7565],[100.484,13.757]]],[[[100.4855,13.736],[100.485,13.7355],[100.4855,13.736]]],[[[100.4845,13.7415]]],[[[100.485,13.764]]],[[[100.4835,13.7645],[100.484,13.7655],[100.4845,13.7645],[100.4835,13.7645]]],[[[100.4875,13.7455]]],[[[100.488,13.745]]],[[[100.486,13.74],[100.488,13.7385],[100.486,13.739],[100.486,13.74]]],[[[100.4875,13.7355],[100.487,13.7355],[100.487,13.736],[100.4875,13.7355]]],[[[100.486,13.742]]],[[[100.486,13.741],[100.4865,13.741],[100.487,13.741],[100.486,13.741]]],[[[100.4855,13.7465],[100.4855,13.746],[100.4855,13.7465]]],[[[100.487,13.747],[100.487,13.7465],[100.487,13.747]]],[[[100.4885,13.74],[100.488,13.7405],[100.4885,13.74]]],[[[100.486,13.7555]]],[[[100.4875,13.7625],[100.4865,13.7625],[100.487,13.7625],[100.4875,13.7625]]],[[[100.486,13.764]]],[[[100.4865,13.7665],[100.486,13.7665],[100.486,13.767],[100.4865,13.7665]]],[[[100.4875,13.768]]],[[[100.4875,13.7645],[100.4875,13.765],[100.488,13.7645],[100.487,13.764],[100.4875,13.7645]]],[[[100.487,13.769],[100.4875,13.769],[100.487,13.769]]],[[[100.4885,13.7665],[100.4885,13.767],[100.4885,13.7665]]],[[[100.487,13.72],[100.4875,13.7205],[100.487,13.72]]],[[[100.487,13.7285],[100.4875,13.729],[100.487,13.7285]]],[[[100.487,13.728],[100.4875,13.7275],[100.487,13.728]]],[[[100.488,13.721],[100.4885,13.7205],[100.488,13.7205],[100.488,13.721]]],[[[100.4885,13.7255]]],[[[100.49,13.7235],[100.4905,13.7235],[100.49,13.7235]]],[[[100.4915,13.72],[100.492,13.72],[100.4915,13.72]]],[[[100.4905,13.7175],[100.4905,13.718],[100.492,13.718],[100.492,13.7175],[100.4905,13.7175]]],[[[100.4895,13.7225],[100.4895,13.723],[100.49,13.7225],[100.4895,13.7225]]],[[[100.4925,13.7215],[100.4925,13.7225],[100.493,13.7215],[100.4925,13.7215]]],[[[100.4925,13.719]]],[[[100.491,13.722]]],[[[100.491,13.74],[100.4915,13.74],[100.4915,13.7395],[100.491,13.74]]],[[[100.4905,13.7365],[100.4905,13.738],[100.491,13.7375],[100.4905,13.7365]]],[[[100.4915,13.736],[100.491,13.736],[100.4915,13.736]]],[[[100.49,13.7415]]],[[[100.49,13.74],[100.4895,13.74],[100.49,13.74]]],[[[100.4895,13.7355]]],[[[100.4905,13.741]]],[[[100.493,13.739],[100.4925,13.739],[100.493,13.739]]],[[[100.4925,13.7355]]],[[[100.491,13.759]]],[[[100.4905,13.757],[100.491,13.7565],[100.4905,13.7565],[100.4905,13.757]]],[[[100.4905,13.753],[100.491,13.753],[100.4905,13.753]]],[[[100.49,13.75],[100.4915,13.75],[100.491,13.749],[100.4915,13.748],[100.4905,13.748],[100.49,13.75]]],[[[100.491,13.7475]]],[[[100.49,13.755],[100.49,13.7545],[100.49,13.755]]],[[[100.4905,13.7695],[100.491,13.77],[100.492,13.768],[100.4905,13.7695]]],[[[100.491,13.768]]],[[[100.4915,13.7665],[100.4915,13.766],[100.4915,13.7665]]],[[[100.4895,13.767]]],[[[100.49,13.7655],[100.49,13.7665],[100.4905,13.7655],[100.49,13.7655]]],[[[100.492,13.7585]]],[[[100.4925,13.766]]],[[[100.4915,13.785],[100.4935,13.7845],[100.4925,13.784],[100.4915,13.785]]],[[[100.493,13.783],[100.4935,13.7835],[100.493,13.783]]],[[[100.4925,13.781],[100.494,13.7805],[100.492,13.781],[100.4925,13.781]]],[[[100.491,13.7755],[100.4925,13.775],[100.493,13.7745],[100.491,13.7755]]],[[[100.493,13.7735]]],[[[100.489,13.7805],[100.4895,13.7805],[100.489,13.7805]]],[[[100.485,13.7795],[100.486,13.779],[100.4855,13.7795],[100.485,13.779],[100.4855,13.778],[100.4845,13.779],[100.485,13.7795]]],[[[100.484,13.78]]],[[[100.4835,13.7785],[100.484,13.778],[100.4835,13.778],[100.4835,13.7785]]],[[[100.4845,13.7805]]],[[[100.4865,13.777],[100.487,13.777],[100.4865,13.777]]],[[[100.488,13.7825],[100.489,13.7825],[100.488,13.7825]]],[[[100.487,13.7815],[100.4875,13.7815],[100.4885,13.7815],[100.488,13.781],[100.487,13.7815]]],[[[100.4875,13.7765],[100.4875,13.776],[100.4875,13.7765]]],[[[100.4915,13.781],[100.491,13.7815],[100.492,13.781],[100.4915,13.781]]],[[[100.491,13.7775],[100.492,13.777],[100.491,13.7755],[100.4895,13.777],[100.491,13.7775]]],[[[100.489,13.786],[100.4895,13.7855],[100.4885,13.7855],[100.489,13.786]]],[[[100.49,13.783],[100.4895,13.783],[100.4895,13.7835],[100.49,13.783]]],[[[100.4905,13.7835]]],[[[100.492,13.774],[100.4925,13.7735],[100.492,13.774]]],[[[100.497,13.7655],[100.4975,13.765],[100.497,13.7655]]],[[[100.4965,13.764],[100.4975,13.7645],[100.4975,13.7635],[100.4965,13.764]]],[[[100.4965,13.761],[100.497,13.7615],[100.4965,13.761]]],[[[100.496,13.757],[100.498,13.7575],[100.498,13.7565],[100.5005,13.7545],[100.497,13.7515],[100.497,13.7505],[100.4965,13.7515],[100.4955,13.7515],[100.4965,13.7525],[100.4945,13.7535],[100.4945,13.7545],[100.496,13.7545],[100.497,13.756],[100.496,13.757]]],[[[100.495,13.7505],[100.4955,13.751],[100.4955,13.75],[100.495,13.7505]]],[[[100.4945,13.749],[100.4945,13.7495],[100.495,13.7495],[100.4945,13.749]]],[[[100.495,13.744]]],[[[100.4945,13.759],[100.494,13.759],[100.4945,13.7595],[100.4945,13.759]]],[[[100.4935,13.7615],[100.494,13.7615],[100.4935,13.7615]]],[[[100.495,13.7625]]],[[[100.496,13.759],[100.4965,13.759],[100.496,13.759]]],[[[100.4965,13.774],[100.497,13.7745],[100.497,13.774],[100.4965,13.774]]],[[[100.4945,13.775]]],[[[100.4945,13.774],[100.4945,13.7745],[100.4945,13.774]]],[[[100.4945,13.772],[100.4945,13.7715],[100.4945,13.772]]],[[[100.4935,13.769],[100.493,13.769],[100.4935,13.769]]],[[[100.4935,13.7745],[100.4935,13.775],[100.4935,13.7745]]],[[[100.4955,13.774],[100.496,13.7745],[100.4955,13.774]]],[[[100.496,13.772]]],[[[100.4965,13.773]]],[[[100.497,13.737],[100.4965,13.736],[100.497,13.737]]],[[[100.4945,13.7385],[100.4945,13.739],[100.4945,13.7385]]],[[[100.494,13.7365]]],[[[100.496,13.736]]],[[[100.4955,13.735]]],[[[100.4995,13.7355],[100.4995,13.735],[100.4995,13.7355]]],[[[100.499,13.734]]],[[[100.4985,13.745]]],[[[100.498,13.739],[100.498,13.7395],[100.4985,13.7395],[100.498,13.739]]],[[[100.4975,13.7435],[100.4975,13.743],[100.4975,13.7435]]],[[[100.4985,13.7675],[100.498,13.7675],[100.4985,13.7675]]],[[[100.4985,13.766],[100.4985,13.7665],[100.4995,13.7655],[100.4985,13.766]]],[[[100.4985,13.765],[100.498,13.7655],[100.4985,13.765]]],[[[100.497,13.762],[100.497,13.7625],[100.4975,13.762],[100.497,13.762]]],[[[100.4985,13.76],[100.4975,13.76],[100.4985,13.76]]],[[[100.4985,13.7635]]],[[[100.5005,13.769]]],[[[100.5,13.7455],[100.5,13.746],[100.5005,13.746],[100.5,13.7455]]],[[[100.4995,13.743],[100.5,13.743],[100.5,13.7425],[100.4995,13.743]]],[[[100.4995,13.749]]],[[[100.4995,13.7505]]],[[[100.4965,13.7825],[100.4975,13.782],[100.4985,13.7825],[100.498,13.7815],[100.4965,13.7825]]],[[[100.497,13.7795]]],[[[100.4955,13.7815],[100.4955,13.782],[100.496,13.782],[100.4955,13.7815]]],[[[100.494,13.787]]],[[[100.4945,13.7875],[100.4945,13.788],[100.4945,13.7875]]],[[[100.4945,13.783],[100.495,13.7825],[100.4945,13.783]]],[[[100.4965,13.787],[100.496,13.786],[100.4965,13.787]]],[[[100.496,13.7795],[100.4965,13.7795],[100.496,13.7795]]],[[[100.4985,13.78],[100.498,13.78],[100.4985,13.78]]],[[[100.498,13.779],[100.4985,13.779],[100.498,13.779]]],[[[100.497,13.722]]],[[[100.497,13.7195],[100.497,13.72],[100.4975,13.72],[100.497,13.7195]]],[[[100.497,13.718],[100.4975,13.7175],[100.497,13.718]]],[[[100.495,13.7245],[100.495,13.725],[100.495,13.7245]]],[[[100.4945,13.722],[100.494,13.7225],[100.4945,13.7225],[100.4945,13.722]]],[[[100.4945,13.7185],[100.4955,13.7185],[100.4955,13.718],[100.495,13.718],[100.4945,13.7185]]],[[[100.496,13.7175],[100.495,13.7175],[100.4955,13.7175],[100.496,13.7175]]],[[[100.4935,13.7185]]],[[[100.496,13.718]]],[[[100.496,13.7245]]],[[[100.499,13.7235]]],[[[100.4975,13.72],[100.499,13.72],[100.499,13.719],[100.4975,13.72]]],[[[100.499,13.718],[100.499,13.7185],[100.499,13.718]]],[[[100.499,13.717]]],[[[100.4995,13.7225],[100.5,13.723],[100.4995,13.722],[100.4995,13.7225]]],[[[100.5145,13.757],[100.515,13.757],[100.514,13.757],[100.5145,13.757]]],[[[100.5145,13.7545],[100.5155,13.754],[100.5145,13.754],[100.5145,13.7545]]],[[[100.5155,13.753],[100.515,13.753],[100.5155,13.753]]],[[[100.5145,13.75],[100.5145,13.7505],[100.515,13.7505],[100.5145,13.75]]],[[[100.515,13.7435],[100.5155,13.7435],[100.5155,13.743],[100.515,13.743],[100.515,13.7435]]],[[[100.515,13.741],[100.5145,13.741],[100.515,13.741]]],[[[100.515,13.7295]]],[[[100.515,13.722],[100.515,13.7225],[100.515,13.722]]],[[[100.5085,13.705],[100.508,13.7055],[100.509,13.705],[100.5085,13.705]]],[[[100.504,13.7015],[100.5045,13.7015],[100.504,13.7015]]],[[[100.5035,13.701],[100.504,13.701],[100.504,13.7005],[100.5035,13.701]]],[[[100.503,13.702]]],[[[100.503,13.701],[100.503,13.7015],[100.503,13.701]]],[[[100.501,13.702],[100.501,13.7025],[100.5015,13.7025],[100.501,13.702]]],[[[100.5065,13.705]]],[[[100.5065,13.7045],[100.5065,13.705],[100.507,13.7045],[100.5065,13.7045]]],[[[100.5065,13.702],[100.506,13.7025],[100.5065,13.7025],[100.5065,13.702]]],[[[100.506,13.7015],[100.5065,13.7015],[100.506,13.7015]]],[[[100.505,13.705],[100.505,13.7055],[100.5055,13.705],[100.505,13.705]]],[[[100.5055,13.7035],[100.5055,13.704],[100.5055,13.7035]]],[[[100.5075,13.705]]],[[[100.507,13.7015],[100.5075,13.7015],[100.507,13.7015]]],[[[100.508,13.733],[100.5085,13.7335],[100.508,13.733]]],[[[100.5085,13.7185],[100.5085,13.718],[100.5085,13.7185]]],[[[100.505,13.724],[100.504,13.724],[100.505,13.724]]],[[[100.505,13.7195],[100.5045,13.7195],[100.505,13.7195]]],[[[100.504,13.7185],[100.5055,13.718],[100.504,13.7175],[100.5035,13.718],[100.504,13.7185]]],[[[100.5035,13.7155],[100.504,13.716],[100.5045,13.715],[100.5035,13.7155]]],[[[100.5025,13.7165],[100.5035,13.717],[100.5035,13.716],[100.5025,13.7165]]],[[[100.502,13.7225]]],[[[100.504,13.7145]]],[[[100.5035,13.723]]],[[[100.504,13.733],[100.505,13.7325],[100.5045,13.732],[100.504,13.733]]],[[[100.504,13.7305],[100.5055,13.73],[100.505,13.7295],[100.504,13.7305]]],[[[100.5045,13.7285],[100.506,13.7285],[100.5055,13.728],[100.5045,13.7285]]],[[[100.5035,13.7285],[100.504,13.728],[100.5035,13.7285]]],[[[100.503,13.733]]],[[[100.503,13.733],[100.503,13.7325],[100.503,13.733]]],[[[100.502,13.7295],[100.502,13.73],[100.503,13.7295],[100.502,13.729],[100.502,13.7295]]],[[[100.502,13.7365],[100.502,13.737],[100.5025,13.737],[100.502,13.7365]]],[[[100.504,13.7355]]],[[[100.506,13.7245],[100.5065,13.725],[100.5065,13.7255],[100.5065,13.7245],[100.506,13.7245]]],[[[100.506,13.724],[100.5065,13.724],[100.506,13.724]]],[[[100.506,13.7205]]],[[[100.5075,13.7185],[100.507,13.7185],[100.5075,13.7185]]],[[[100.5065,13.7165],[100.506,13.717],[100.507,13.717],[100.5065,13.7165]]],[[[100.5055,13.7195]]],[[[100.5055,13.7145]]],[[[100.5065,13.735]]],[[[100.506,13.733]]],[[[100.5065,13.729],[100.506,13.729],[100.5065,13.729]]],[[[100.505,13.734]]],[[[100.507,13.7315],[100.5075,13.7315],[100.507,13.7315]]],[[[100.507,13.727],[100.5075,13.727],[100.507,13.7265],[100.507,13.727]]],[[[100.5065,13.732]]],[[[100.507,13.73],[100.5065,13.73],[100.5065,13.7305],[100.507,13.73]]],[[[100.507,13.7175],[100.507,13.718],[100.507,13.7175]]],[[[100.5065,13.7715],[100.5085,13.771],[100.508,13.7705],[100.506,13.7715],[100.5065,13.7715]]],[[[100.508,13.764],[100.5085,13.763],[100.507,13.764],[100.508,13.764]]],[[[100.5075,13.7615]]],[[[100.5075,13.7585]]],[[[100.509,13.751],[100.509,13.7515],[100.509,13.751]]],[[[100.5085,13.7505],[100.51,13.7505],[100.5095,13.75],[100.511,13.7485],[100.5095,13.748],[100.509,13.7495],[100.508,13.7495],[100.5085,13.7505]]],[[[100.5085,13.7415]]],[[[100.509,13.7405],[100.5085,13.7405],[100.509,13.7405]]],[[[100.5085,13.7385],[100.5085,13.739],[100.5085,13.7385]]],[[[100.5045,13.772]]],[[[100.5045,13.7675],[100.5045,13.767],[100.5045,13.7675]]],[[[100.5045,13.7655],[100.5045,13.766],[100.5045,13.7655]]],[[[100.504,13.7615],[100.5045,13.7615],[100.5045,13.761],[100.504,13.7615]]],[[[100.5045,13.755],[100.5045,13.7545],[100.5045,13.755]]],[[[100.504,13.7455],[100.505,13.7455],[100.5045,13.7445],[100.504,13.7455]]],[[[100.5025,13.7725],[100.503,13.7725],[100.5025,13.7725]]],[[[100.5015,13.7695],[100.5025,13.77],[100.502,13.769],[100.5015,13.7695]]],[[[100.502,13.763],[100.5025,13.763],[100.502,13.763]]],[[[100.5025,13.7615],[100.5025,13.761],[100.5025,13.7615]]],[[[100.5025,13.751],[100.5025,13.7505],[100.5025,13.751]]],[[[100.5025,13.7485],[100.5025,13.749],[100.503,13.749],[100.5025,13.7485]]],[[[100.503,13.7415],[100.5035,13.742],[100.503,13.7415]]],[[[100.5015,13.754],[100.502,13.7535],[100.5015,13.7535],[100.5015,13.754]]],[[[100.5015,13.7525],[100.5015,13.753],[100.5015,13.7525]]],[[[100.502,13.745]]],[[[100.5015,13.741],[100.5015,13.7415],[100.502,13.7415],[100.5015,13.741]]],[[[100.5015,13.7585]]],[[[100.5035,13.7665]]],[[[100.503,13.7585],[100.5035,13.758],[100.503,13.7585]]],[[[100.5035,13.744],[100.504,13.744],[100.5035,13.744]]],[[[100.5035,13.7725]]],[[[100.504,13.7675]]],[[[100.507,13.7685],[100.506,13.7685],[100.5065,13.769],[100.507,13.7685]]],[[[100.5055,13.7635],[100.506,13.7635],[100.506,13.763],[100.5055,13.7635]]],[[[100.506,13.762],[100.5065,13.7625],[100.5065,13.762],[100.506,13.762]]],[[[100.506,13.7615],[100.506,13.761],[100.5055,13.7615],[100.506,13.7615]]],[[[100.506,13.7595],[100.5065,13.7595],[100.5065,13.76],[100.5065,13.7595],[100.506,13.7595]]],[[[100.506,13.7575]]],[[[100.506,13.752],[100.5055,13.752],[100.506,13.752]]],[[[100.5055,13.745],[100.5065,13.7445],[100.506,13.7445],[100.5055,13.745]]],[[[100.505,13.7415],[100.505,13.742],[100.5055,13.7415],[100.505,13.7415]]],[[[100.5055,13.767]]],[[[100.5055,13.7665],[100.5055,13.766],[100.5055,13.7665]]],[[[100.507,13.744]]],[[[100.507,13.7635]]],[[[100.5075,13.7505],[100.5075,13.75],[100.5075,13.7505]]],[[[100.5075,13.747],[100.508,13.7465],[100.5075,13.747]]],[[[100.5075,13.7435]]],[[[100.507,13.739],[100.507,13.7385],[100.507,13.739]]],[[[100.508,13.746],[100.508,13.7455],[100.508,13.746]]],[[[100.507,13.774]]],[[[100.5115,13.766]]],[[[100.511,13.764],[100.5115,13.7645],[100.511,13.763],[100.511,13.764]]],[[[100.512,13.742],[100.5125,13.742],[100.512,13.742]]],[[[100.509,13.7685],[100.51,13.7675],[100.5095,13.7675],[100.5095,13.768],[100.509,13.7685]]],[[[100.51,13.76],[100.5105,13.76],[100.5105,13.7595],[100.51,13.76]]],[[[100.509,13.7705],[100.509,13.77],[100.509,13.7705]]],[[[100.5095,13.7635],[100.509,13.7635],[100.5095,13.7635]]],[[[100.5095,13.762],[100.509,13.7615],[100.5095,13.762]]],[[[100.509,13.7585],[100.5085,13.758],[100.5085,13.7585],[100.509,13.7585]]],[[[100.51,13.746],[100.51,13.7455],[100.51,13.746]]],[[[100.51,13.743]]],[[[100.5095,13.745]]],[[[100.511,13.744]]],[[[100.511,13.7495]]],[[[100.5105,13.757]]],[[[100.511,13.754]]],[[[100.5115,13.7405]]],[[[100.5095,13.7095],[100.5095,13.709],[100.5095,13.7095]]],[[[100.509,13.7065],[100.5105,13.706],[100.51,13.7055],[100.509,13.7065]]],[[[100.5115,13.7065]]],[[[100.5105,13.7055],[100.51,13.7055],[100.5105,13.7055]]],[[[100.511,13.7065],[100.511,13.707],[100.511,13.7065]]],[[[100.5095,13.727],[100.511,13.726],[100.5095,13.726],[100.5095,13.727]]],[[[100.5095,13.72],[100.5105,13.7195],[100.509,13.72],[100.5095,13.72]]],[[[100.5095,13.719],[100.51,13.7185],[100.5095,13.7185],[100.5095,13.719]]],[[[100.5095,13.7295],[100.5095,13.729],[100.509,13.7295],[100.5095,13.7295]]],[[[100.513,13.7645],[100.5125,13.765],[100.513,13.7645]]],[[[100.5135,13.757]]],[[[100.5135,13.756]]],[[[100.514,13.7555],[100.514,13.755],[100.514,13.7555]]],[[[100.514,13.7545]]],[[[100.513,13.744],[100.5135,13.744],[100.513,13.744]]],[[[100.5135,13.7305],[100.5135,13.731],[100.5135,13.7305]]],[[[100.513,13.7535],[100.5125,13.7535],[100.513,13.7535]]],[[[100.513,13.745],[100.513,13.7455],[100.513,13.745]]],[[[100.513,13.7125]]],[[[100.5125,13.715],[100.513,13.7155],[100.513,13.715],[100.5125,13.715]]],[[[100.514,13.7605],[100.5145,13.76],[100.514,13.7605]]],[[[100.514,13.7165],[100.5135,13.7165],[100.514,13.7165]]],[[[100.514,13.7225]]],[[[100.514,13.747],[100.5145,13.747],[100.514,13.747]]],[[[100.514,13.744]]],[[[100.5225,13.752],[100.5225,13.7515],[100.5235,13.7515],[100.5235,13.751],[100.5225,13.7515],[100.5225,13.752]]],[[[100.522,13.751]]],[[[100.522,13.75],[100.522,13.7505],[100.522,13.75]]],[[[100.5225,13.7495],[100.523,13.7505],[100.524,13.75],[100.524,13.7495],[100.523,13.75],[100.523,13.749],[100.5225,13.7495]]],[[[100.5215,13.746],[100.522,13.7465],[100.522,13.746],[100.5215,13.746]]],[[[100.5205,13.7455],[100.522,13.745],[100.5205,13.7455]]],[[[100.522,13.7435],[100.523,13.744],[100.5225,13.743],[100.524,13.7415],[100.5245,13.742],[100.5255,13.741],[100.527,13.7415],[100.526,13.74],[100.5275,13.7385],[100.526,13.7385],[100.5255,13.737],[100.5235,13.7375],[100.524,13.739],[100.523,13.7395],[100.523,13.741],[100.5215,13.741],[100.5215,13.7425],[100.5205,13.743],[100.521,13.744],[100.522,13.7435]]],[[[100.523,13.729],[100.524,13.727],[100.523,13.726],[100.5195,13.728],[100.521,13.7295],[100.5205,13.7305],[100.521,13.734],[100.5225,13.7335],[100.5215,13.733],[100.522,13.732],[100.521,13.731],[100.5225,13.73],[100.522,13.729],[100.523,13.729]]],[[[100.524,13.724],[100.5235,13.724],[100.524,13.7245],[100.524,13.724]]],[[[100.523,13.7205],[100.524,13.721],[100.524,13.7205],[100.523,13.7205]]],[[[100.519,13.7575],[100.5185,13.7575],[100.519,13.7575]]],[[[100.5185,13.753]]],[[[100.5185,13.749],[100.518,13.7495],[100.5185,13.7495],[100.5185,13.749]]],[[[100.519,13.7475]]],[[[100.5185,13.745],[100.519,13.745],[100.5185,13.745]]],[[[100.5185,13.7355]]],[[[100.5185,13.735]]],[[[100.519,13.733],[100.519,13.7335],[100.519,13.733]]],[[[100.5185,13.7315],[100.5185,13.731],[100.5185,13.7315]]],[[[100.5185,13.719]]],[[[100.5175,13.717],[100.5185,13.7165],[100.518,13.7165],[100.5175,13.7165],[100.5175,13.717]]],[[[100.516,13.7525]]],[[[100.516,13.7505],[100.516,13.751],[100.5165,13.7505],[100.516,13.7505]]],[[[100.5165,13.741],[100.517,13.746],[100.518,13.7465],[100.5165,13.74],[100.5165,13.741]]],[[[100.5165,13.732],[100.516,13.732],[100.5165,13.732]]],[[[100.5165,13.7215],[100.517,13.7215],[100.517,13.721],[100.5165,13.7215]]],[[[100.5175,13.72],[100.5165,13.7205],[100.5175,13.72]]],[[[100.5165,13.719],[100.516,13.719],[100.5165,13.719]]],[[[100.516,13.7225],[100.516,13.722],[100.5155,13.7225],[100.516,13.7225]]],[[[100.5155,13.718],[100.516,13.7175],[100.5155,13.718]]],[[[100.516,13.7155],[100.5155,13.7155],[100.516,13.7155]]],[[[100.5155,13.75]]],[[[100.518,13.733],[100.5175,13.7335],[100.518,13.7335],[100.518,13.733]]],[[[100.5175,13.732],[100.518,13.732],[100.5175,13.731],[100.5175,13.732]]],[[[100.518,13.721],[100.5175,13.722],[100.518,13.721]]],[[[100.517,13.739],[100.5165,13.7395],[100.5165,13.74],[100.517,13.739]]],[[[100.517,13.759],[100.5175,13.7595],[100.517,13.759]]],[[[100.517,13.757],[100.517,13.7575],[100.517,13.757]]],[[[100.5175,13.7475]]],[[[100.5165,13.7515]]],[[[100.5175,13.7185],[100.517,13.719],[100.5175,13.719],[100.5175,13.7185]]],[[[100.5175,13.7175],[100.5175,13.717],[100.5175,13.7175]]],[[[100.5175,13.7155],[100.517,13.7155],[100.5175,13.7155]]],[[[100.518,13.758],[100.518,13.7585],[100.518,13.758]]],[[[100.5175,13.756],[100.5175,13.7565],[100.5175,13.756]]],[[[100.518,13.742],[100.518,13.7425],[100.518,13.742]]],[[[100.5205,13.7545],[100.5205,13.755],[100.5205,13.7545]]],[[[100.5205,13.752],[100.521,13.7525],[100.521,13.7515],[100.5205,13.752]]],[[[100.52,13.75],[100.5195,13.75],[100.52,13.7505],[100.52,13.75]]],[[[100.5205,13.7485]]],[[[100.5205,13.7425]]],[[[100.52,13.734]]],[[[100.52,13.7315],[100.52,13.732],[100.52,13.7315]]],[[[100.5205,13.7195],[100.5205,13.72],[100.521,13.7195],[100.5205,13.7195]]],[[[100.5215,13.718],[100.521,13.718],[100.5215,13.718]]],[[[100.5215,13.7175],[100.523,13.7185],[100.5225,13.717],[100.5215,13.7175]]],[[[100.52,13.7525],[100.5195,13.7525],[100.5195,13.753],[100.52,13.7525]]],[[[100.5195,13.7515]]],[[[100.52,13.7375],[100.5195,13.737],[100.5195,13.7375],[100.52,13.7375]]],[[[100.5195,13.7355]]],[[[100.5195,13.724]]],[[[100.5195,13.7155],[100.519,13.716],[100.519,13.7165],[100.5195,13.7165],[100.5195,13.7155]]],[[[100.5205,13.721],[100.5205,13.7215],[100.5205,13.721]]],[[[100.5205,13.7145],[100.5205,13.714],[100.5205,13.7145]]],[[[100.521,13.726]]],[[[100.5225,13.7225]]],[[[100.5215,13.7215],[100.5215,13.722],[100.522,13.7215],[100.5215,13.7215]]],[[[100.521,13.737]]],[[[100.5215,13.7395],[100.5215,13.74],[100.5215,13.7395]]],[[[100.5215,13.758]]],[[[100.5215,13.7515],[100.5215,13.751],[100.5215,13.7515]]],[[[100.527,13.736],[100.528,13.7365],[100.528,13.736],[100.527,13.736]]],[[[100.5275,13.725],[100.528,13.7255],[100.528,13.725],[100.5275,13.725]]],[[[100.525,13.722],[100.525,13.7225],[100.525,13.722]]],[[[100.5245,13.721],[100.525,13.721],[100.5245,13.721]]],[[[100.525,13.719],[100.5255,13.7195],[100.525,13.719]]],[[[100.525,13.7165]]],[[[100.524,13.7265],[100.5245,13.726],[100.524,13.7255],[100.524,13.7265]]],[[[100.524,13.7185],[100.5245,13.719],[100.5245,13.7185],[100.524,13.7185]]],[[[100.524,13.717]]],[[[100.523,13.7385]]],[[[100.525,13.7235]]],[[[100.5265,13.725],[100.527,13.725],[100.5265,13.725]]],[[[100.527,13.7215],[100.5275,13.7215],[100.527,13.7215]]],[[[100.5275,13.72]]],[[[100.5265,13.7175]]],[[[100.527,13.717]]],[[[100.5265,13.718],[100.5265,13.7185],[100.5265,13.718]]],[[[100.5275,13.7555],[100.5275,13.756],[100.528,13.755],[100.5275,13.7555]]],[[[100.527,13.75],[100.5255,13.7495],[100.527,13.75]]],[[[100.527,13.746],[100.528,13.746],[100.528,13.745],[100.527,13.746]]],[[[100.525,13.7445],[100.5255,13.7465],[100.526,13.7445],[100.525,13.7445]]],[[[100.523,13.747]]],[[[100.523,13.7465]]],[[[100.524,13.7505],[100.5245,13.7505],[100.524,13.7505]]],[[[100.5265,13.749]]],[[[100.526,13.7485],[100.5265,13.7485],[100.5265,13.7475],[100.526,13.7485]]],[[[100.5265,13.7445],[100.527,13.7445],[100.5265,13.7445]]],[[[100.5265,13.7545]]],[[[100.5265,13.752]]],[[[100.526,13.751]]],[[[100.5265,13.751]]],[[[100.529,13.75]]],[[[100.529,13.7455]]],[[[100.529,13.745],[100.5285,13.7445],[100.5285,13.745],[100.529,13.745]]],[[[100.528,13.7405],[100.5295,13.7405],[100.528,13.7395],[100.528,13.7405]]],[[[100.5295,13.73],[100.5295,13.7305],[100.5295,13.73]]],[[[100.5295,13.729],[100.529,13.7285],[100.5295,13.729]]],[[[100.5285,13.7225],[100.529,13.7225],[100.5295,13.7225],[100.529,13.7225],[100.5285,13.7225]]],[[[100.5295,13.72],[100.529,13.721],[100.5295,13.72]]],[[[100.5295,13.719],[100.529,13.719],[100.5295,13.7195],[100.5295,13.719]]],[[[100.529,13.7185],[100.5295,13.718],[100.5285,13.7175],[100.529,13.7185]]],[[[100.5285,13.734],[100.528,13.7345],[100.5285,13.7345],[100.5285,13.734]]],[[[100.5285,13.7245],[100.528,13.7245],[100.5285,13.7245]]],[[[100.5275,13.75],[100.528,13.75],[100.5275,13.75]]],[[[100.528,13.749]]],[[[100.529,13.7385],[100.5285,13.739],[100.529,13.739],[100.529,13.7385]]],[[[100.5295,13.7575],[100.53,13.757],[100.5295,13.7575]]],[[[100.5305,13.7525],[100.53,13.7525],[100.5305,13.7525]]],[[[100.53,13.7515],[100.5305,13.7505],[100.53,13.7505],[100.53,13.7515]]],[[[100.53,13.75]]],[[[100.53,13.7435],[100.53,13.7445],[100.53,13.7455],[100.53,13.7435]]],[[[100.5295,13.7545],[100.5295,13.755],[100.5295,13.7545]]],[[[100.53,13.7275]]],[[[100.53,13.725]]],[[[100.5305,13.7555]]],[[[100.508,13.797],[100.508,13.7975],[100.508,13.797]]],[[[100.504,13.794],[100.5045,13.7945],[100.504,13.794],[100.505,13.793],[100.504,13.794]]],[[[100.5025,13.7875],[100.502,13.788],[100.502,13.7885],[100.5025,13.788],[100.5025,13.7875]]],[[[100.503,13.7865]]],[[[100.5035,13.7935]]],[[[100.5065,13.7925],[100.506,13.793],[100.5065,13.793],[100.5065,13.7925]]],[[[100.5045,13.795]]],[[[100.505,13.789],[100.505,13.7895],[100.505,13.789]]],[[[100.512,13.8015]]],[[[100.5115,13.7995]]],[[[100.5095,13.797],[100.5095,13.7965],[100.509,13.797],[100.5095,13.797]]],[[[100.5095,13.795],[100.509,13.795],[100.5095,13.7945],[100.5095,13.795]]],[[[100.5135,13.8035],[100.514,13.8035],[100.5135,13.8035]]],[[[100.513,13.803],[100.5125,13.8035],[100.513,13.8035],[100.513,13.803]]],[[[100.514,13.799],[100.514,13.7985],[100.5135,13.7985],[100.514,13.799]]],[[[100.531,13.9085],[100.532,13.9075],[100.531,13.9075],[100.531,13.9085]]],[[[100.531,13.907],[100.531,13.906],[100.531,13.907]]],[[[100.5315,13.9045],[100.5315,13.905],[100.5315,13.9045]]],[[[100.5305,13.902],[100.5315,13.902],[100.5315,13.9015],[100.5305,13.9015],[100.5305,13.902]]],[[[100.532,13.901],[100.534,13.901],[100.534,13.899],[100.535,13.8995],[100.5345,13.8985],[100.5355,13.899],[100.536,13.8975],[100.536,13.8985],[100.537,13.899],[100.537,13.8975],[100.538,13.897],[100.5395,13.8985],[100.5395,13.9],[100.5395,13.8985],[100.542,13.898],[100.5415,13.8975],[100.5425,13.897],[100.542,13.896],[100.543,13.8955],[100.544,13.893],[100.549,13.894],[100.548,13.8945],[100.5525,13.893],[100.553,13.894],[100.555,13.8945],[100.5555,13.894],[100.554,13.893],[100.555,13.8915],[100.556,13.8915],[100.5555,13.89],[100.557,13.89],[100.5565,13.887],[100.5585,13.888],[100.559,13.8865],[100.5605,13.889],[100.5605,13.887],[100.5625,13.888],[100.564,13.8865],[100.5635,13.885],[100.567,13.8855],[100.568,13.8845],[100.5705,13.886],[100.5695,13.8865],[100.571,13.888],[100.5705,13.887],[100.571,13.886],[100.573,13.8865],[100.572,13.8845],[100.5725,13.883],[100.5765,13.8825],[100.576,13.882],[100.5765,13.8805],[100.5775,13.88],[100.577,13.879],[100.5775,13.8785],[100.5785,13.8795],[100.5785,13.8785],[100.581,13.8795],[100.58,13.88],[100.581,13.88],[100.5815,13.881],[100.5825,13.8795],[100.585,13.8785],[100.5875,13.879],[100.588,13.88],[100.591,13.8785],[100.5905,13.8775],[100.59,13.878],[100.5895,13.8775],[100.591,13.8765],[100.5905,13.875],[100.5915,13.874],[100.5905,13.8735],[100.591,13.8725],[100.5885,13.8735],[100.589,13.873],[100.588,13.8725],[100.5875,13.871],[100.589,13.871],[100.5865,13.87],[100.5885,13.8695],[100.588,13.869],[100.5885,13.866],[100.5875,13.867],[100.586,13.86],[100.5815,13.861],[100.581,13.859],[100.582,13.858],[100.5785,13.8575],[100.5795,13.8545],[100.578,13.8555],[100.578,13.8535],[100.577,13.8525],[100.5775,13.852],[100.5765,13.852],[100.576,13.853],[100.575,13.8525],[100.5755,13.8515],[100.575,13.852],[100.5745,13.8515],[100.5755,13.851],[100.576,13.849],[100.5745,13.8495],[100.5735,13.8475],[100.5725,13.8475],[100.5735,13.8465],[100.5715,13.847],[100.5725,13.845],[100.5735,13.846],[100.575,13.8455],[100.575,13.8445],[100.573,13.8445],[100.5725,13.843],[100.5715,13.8435],[100.5705,13.8425],[100.572,13.841],[100.5715,13.8405],[100.5725,13.8385],[100.5715,13.8375],[100.573,13.837],[100.57,13.8355],[100.5685,13.836],[100.563,13.8295],[100.564,13.8285],[100.564,13.8265],[100.565,13.8275],[100.566,13.827],[100.563,13.8255],[100.5645,13.825],[100.563,13.8245],[100.5625,13.826],[100.561,13.827],[100.559,13.825],[100.561,13.8245],[100.559,13.824],[100.559,13.8225],[100.5645,13.822],[100.564,13.8205],[100.562,13.821],[100.561,13.82],[100.56,13.821],[100.5595,13.8195],[100.5595,13.8215],[100.5585,13.8215],[100.558,13.82],[100.557,13.82],[100.558,13.819],[100.556,13.8185],[100.5565,13.8175],[100.5555,13.818],[100.555,13.817],[100.556,13.817],[100.556,13.815],[100.5575,13.815],[100.558,13.816],[100.558,13.815],[100.5565,13.812],[100.5555,13.812],[100.556,13.811],[100.555,13.8095],[100.5545,13.81],[100.553,13.8085],[100.5535,13.8095],[100.553,13.81],[100.552,13.809],[100.551,13.8095],[100.5505,13.809],[100.551,13.806],[100.5495,13.8055],[100.55,13.8045],[100.549,13.8055],[100.547,13.8045],[100.5475,13.802],[100.546,13.8015],[100.546,13.798],[100.542,13.7985],[100.5425,13.8005],[100.5405,13.8015],[100.542,13.802],[100.5405,13.803],[100.542,13.8105],[100.541,13.8105],[100.54,13.808],[100.5395,13.81],[100.5375,13.8085],[100.5365,13.809],[100.5365,13.81],[100.535,13.8095],[100.5355,13.8105],[100.535,13.812],[100.5335,13.812],[100.5345,13.8165],[100.534,13.818],[100.536,13.817],[100.5375,13.8215],[100.539,13.822],[100.5365,13.8245],[100.5355,13.824],[100.536,13.826],[100.5355,13.8265],[100.534,13.8265],[100.5335,13.8255],[100.533,13.826],[100.5335,13.8265],[100.533,13.828],[100.534,13.8285],[100.5325,13.829],[100.534,13.831],[100.5305,13.8315],[100.53,13.833],[100.5305,13.8335],[100.526,13.836],[100.5245,13.835],[100.5235,13.8355],[100.5235,13.8345],[100.521,13.835],[100.5205,13.837],[100.5195,13.837],[100.52,13.8385],[100.5185,13.841],[100.5195,13.841],[100.5195,13.842],[100.5165,13.8425],[100.516,13.8435],[100.52,13.8435],[100.519,13.845],[100.5195,13.846],[100.519,13.8465],[100.5185,13.8455],[100.5175,13.847],[100.5185,13.847],[100.519,13.8485],[100.5175,13.8475],[100.517,13.848],[100.5165,13.847],[100.518,13.849],[100.5175,13.851],[100.5185,13.8505],[100.519,13.8525],[100.5205,13.8525],[100.5215,13.8555],[100.523,13.8565],[100.5225,13.857],[100.524,13.857],[100.5245,13.858],[100.525,13.857],[100.5265,13.8585],[100.5265,13.8595],[100.5255,13.859],[100.525,13.861],[100.5235,13.861],[100.5235,13.86],[100.5225,13.8605],[100.523,13.8615],[100.5225,13.863],[100.5235,13.864],[100.524,13.8665],[100.5205,13.8675],[100.52,13.8705],[100.5185,13.869],[100.519,13.871],[100.5185,13.872],[100.5195,13.8725],[100.5215,13.872],[100.522,13.87],[100.5225,13.872],[100.524,13.872],[100.523,13.874],[100.521,13.8755],[100.522,13.877],[100.5205,13.8775],[100.521,13.8785],[100.5205,13.879],[100.5195,13.879],[100.5195,13.8775],[100.5175,13.878],[100.517,13.879],[100.5155,13.879],[100.5145,13.88],[100.515,13.881],[100.514,13.881],[100.5135,13.882],[100.515,13.883],[100.514,13.884],[100.5155,13.8855],[100.5155,13.8865],[100.516,13.8855],[100.5175,13.8865],[100.5165,13.887],[100.5155,13.8895],[100.5145,13.8875],[100.5145,13.889],[100.5135,13.889],[100.515,13.8905],[100.5145,13.8915],[100.513,13.89],[100.512,13.89],[100.512,13.893],[100.511,13.895],[100.51,13.894],[100.508,13.897],[100.5095,13.897],[100.5115,13.895],[100.5135,13.895],[100.512,13.8955],[100.5125,13.897],[100.5115,13.8965],[100.511,13.898],[100.512,13.9],[100.5105,13.9015],[100.5075,13.902],[100.5085,13.903],[100.507,13.9035],[100.5065,13.905],[100.5055,13.905],[100.5075,13.9065],[100.5075,13.9055],[100.5085,13.9055],[100.508,13.9045],[100.5085,13.904],[100.5095,13.9055],[100.511,13.9035],[100.512,13.904],[100.5115,13.903],[100.5125,13.902],[100.513,13.903],[100.514,13.903],[100.516,13.9],[100.5165,13.9015],[100.518,13.902],[100.517,13.904],[100.518,13.9035],[100.5185,13.9045],[100.5185,13.9035],[100.5195,13.903],[100.52,13.9035],[100.5195,13.9045],[100.5205,13.904],[100.5215,13.9045],[100.5235,13.9025],[100.524,13.9035],[100.525,13.9035],[100.525,13.905],[100.5265,13.904],[100.5235,13.9025],[100.523,13.9015],[100.5235,13.901],[100.524,13.9015],[100.5265,13.8985],[100.529,13.899],[100.527,13.8985],[100.528,13.8975],[100.5295,13.899],[100.531,13.8975],[100.531,13.9],[100.533,13.9005],[100.532,13.901]],[[100.5445,13.8215],[100.5455,13.821],[100.546,13.8215],[100.5455,13.8195],[100.5465,13.8195],[100.555,13.8365],[100.556,13.837],[100.5555,13.8355],[100.5565,13.8355],[100.557,13.8345],[100.5575,13.838],[100.5585,13.8375],[100.5595,13.8385],[100.5585,13.839],[100.56,13.8395],[100.5585,13.841],[100.5605,13.845],[100.5605,13.8445],[100.563,13.845],[100.5635,13.846],[100.564,13.844],[100.5645,13.8455],[100.5665,13.845],[100.5625,13.8475],[100.566,13.854],[100.566,13.855],[100.565,13.855],[100.5715,13.866],[100.571,13.867],[100.568,13.8635],[100.57,13.8665],[100.5695,13.867],[100.5675,13.866],[100.568,13.865],[100.5675,13.8635],[100.568,13.8645],[100.5675,13.865],[100.566,13.863],[100.566,13.864],[100.5655,13.863],[100.5635,13.8635],[100.5625,13.863],[100.5635,13.8625],[100.5615,13.8615],[100.5625,13.86],[100.566,13.8615],[100.5635,13.856],[100.5615,13.8545],[100.561,13.855],[100.5595,13.8545],[100.5595,13.8515],[100.558,13.8525],[100.555,13.8515],[100.555,13.85],[100.56,13.8475],[100.559,13.845],[100.558,13.8445],[100.5585,13.844],[100.556,13.8425],[100.5565,13.8405],[100.556,13.8415],[100.555,13.8405],[100.5535,13.841],[100.553,13.842],[100.551,13.84],[100.552,13.8385],[100.553,13.839],[100.5535,13.8385],[100.5525,13.8375],[100.5535,13.8355],[100.5525,13.833],[100.5515,13.8335],[100.5505,13.8315],[100.5495,13.832],[100.5495,13.831],[100.5485,13.8315],[100.547,13.8305],[100.5475,13.8295],[100.549,13.8295],[100.5485,13.828],[100.5495,13.8275],[100.548,13.827],[100.549,13.826],[100.547,13.8255],[100.5465,13.8245],[100.5475,13.8235],[100.5455,13.8235],[100.5445,13.8215]]],[[[100.5305,13.8275],[100.5315,13.828],[100.5305,13.8275]]],[[[100.531,13.82],[100.5315,13.8205],[100.5315,13.8195],[100.531,13.82]]],[[[100.5305,13.8155],[100.531,13.816],[100.5305,13.8155]]],[[[100.531,13.805],[100.5315,13.8055],[100.5315,13.805],[100.531,13.805]]],[[[100.53,13.802],[100.531,13.802],[100.5305,13.802],[100.53,13.802]]],[[[100.5015,13.8615]]],[[[100.4835,13.8755],[100.4835,13.876],[100.4835,13.8755]]],[[[100.4835,13.875]]],[[[100.483,13.8745],[100.4835,13.874],[100.483,13.874],[100.483,13.8745]]],[[[100.483,13.873],[100.4835,13.873],[100.483,13.873]]],[[[100.483,13.872],[100.483,13.8725],[100.483,13.872]]],[[[100.4835,13.87],[100.484,13.87],[100.4835,13.87]]],[[[100.4305,13.877],[100.431,13.878],[100.433,13.8765],[100.4305,13.877]]],[[[100.435,13.8765],[100.435,13.877],[100.435,13.8765]]],[[[100.4355,13.877],[100.436,13.877],[100.4355,13.877]]],[[[100.416,13.873],[100.4155,13.8725],[100.416,13.874],[100.4165,13.8735],[100.416,13.873]]],[[[100.4155,13.8755],[100.416,13.8755],[100.4155,13.8755]]],[[[100.417,13.876],[100.4165,13.876],[100.4175,13.8775],[100.417,13.876]]],[[[100.421,13.8755],[100.42,13.876],[100.4205,13.876],[100.421,13.876],[100.421,13.8755]]],[[[100.418,13.8755],[100.418,13.875],[100.418,13.8755]]],[[[100.4235,13.8745],[100.424,13.874],[100.4235,13.874],[100.4235,13.8745]]],[[[100.424,13.872],[100.424,13.8715],[100.4235,13.872],[100.424,13.872]]],[[[100.424,13.873],[100.4235,13.873],[100.424,13.8735],[100.424,13.873]]],[[[100.422,13.8755],[100.4225,13.8755],[100.422,13.8755]]],[[[100.4285,13.8745]]],[[[100.4295,13.875],[100.43,13.8745],[100.4295,13.875]]],[[[100.431,13.876]]],[[[100.4365,13.8785],[100.436,13.8785],[100.4365,13.8785]]],[[[100.431,13.8785],[100.4305,13.8785],[100.431,13.8785]]],[[[100.4325,13.878],[100.432,13.8785],[100.4325,13.878]]],[[[100.4335,13.878],[100.433,13.878],[100.4335,13.878]]],[[[100.4345,13.8805]]],[[[100.4385,13.875],[100.4375,13.8755],[100.438,13.8755],[100.4385,13.875]]],[[[100.437,13.877],[100.4365,13.8765],[100.4365,13.878],[100.4375,13.878],[100.437,13.877]]],[[[100.442,13.8775],[100.4425,13.877],[100.442,13.877],[100.442,13.8775]]],[[[100.446,13.8795]]],[[[100.445,13.88],[100.4455,13.8795],[100.445,13.8795],[100.445,13.88]]],[[[100.447,13.8775]]],[[[100.45,13.878],[100.451,13.8775],[100.45,13.8775],[100.45,13.878]]],[[[100.451,13.8785]]],[[[100.451,13.879]]],[[[100.4555,13.877],[100.455,13.876],[100.453,13.877],[100.4555,13.877]]],[[[100.4595,13.8725],[100.459,13.8725],[100.459,13.873],[100.4595,13.8725]]],[[[100.465,13.8735],[100.4655,13.8735],[100.465,13.8725],[100.465,13.8735]]],[[[100.466,13.873],[100.4655,13.874],[100.467,13.8735],[100.4665,13.8725],[100.466,13.873]]],[[[100.4665,13.872],[100.4655,13.872],[100.4655,13.8725],[100.4665,13.872]]],[[[100.467,13.8715]]],[[[100.471,13.8705],[100.471,13.871],[100.471,13.8705]]],[[[100.4695,13.8715],[100.4695,13.871],[100.4695,13.872],[100.4695,13.8715]]],[[[100.4705,13.869]]],[[[100.4685,13.8695]]],[[[100.472,13.8705],[100.472,13.871],[100.472,13.8705]]],[[[100.4805,13.8715],[100.481,13.8715],[100.4805,13.8715]]],[[[100.481,13.874],[100.4815,13.874],[100.481,13.874]]],[[[100.4825,13.872],[100.4825,13.8715],[100.4825,13.872]]],[[[100.483,13.87],[100.4825,13.8705],[100.483,13.87]]],[[[100.4845,13.8725],[100.484,13.8735],[100.4845,13.8735],[100.4845,13.8725]]],[[[100.4845,13.8715]]],[[[100.491,13.866],[100.492,13.8665],[100.4925,13.866],[100.492,13.865],[100.491,13.866]]],[[[100.4915,13.863],[100.4915,13.8635],[100.4915,13.863]]],[[[100.489,13.865],[100.4895,13.865],[100.4895,13.8645],[100.489,13.8645],[100.489,13.865]]],[[[100.4925,13.864],[100.4925,13.8645],[100.4925,13.864]]],[[[100.495,13.864],[100.495,13.8645],[100.495,13.865],[100.495,13.864]]],[[[100.494,13.863],[100.494,13.8625],[100.494,13.863]]],[[[100.4955,13.8635],[100.496,13.8645],[100.496,13.863],[100.4955,13.8635]]],[[[100.498,13.8635],[100.4985,13.862],[100.4975,13.8625],[100.498,13.8635]]],[[[100.5,13.8615]]],[[[100.486,13.883],[100.487,13.8835],[100.486,13.883]]],[[[100.486,13.8805],[100.4855,13.8805],[100.486,13.8805]]],[[[100.4865,13.879],[100.486,13.8795],[100.4865,13.879]]],[[[100.4875,13.883],[100.487,13.883],[100.4875,13.883]]],[[[100.4865,13.8825],[100.487,13.8825],[100.4865,13.8825]]],[[[100.488,13.8815]]],[[[100.5015,13.905],[100.502,13.904],[100.5035,13.9045],[100.503,13.9035],[100.504,13.903],[100.502,13.902],[100.502,13.901],[100.5005,13.8995],[100.501,13.899],[100.4965,13.9005],[100.4965,13.9015],[100.498,13.902],[100.4965,13.9025],[100.4965,13.9035],[100.4985,13.904],[100.501,13.906],[100.5015,13.905]]],[[[100.502,13.9]]],[[[100.5015,13.899],[100.502,13.899],[100.5025,13.8995],[100.5015,13.899]]],[[[100.493,13.921],[100.4945,13.9195],[100.4935,13.92],[100.4935,13.9195],[100.493,13.921]]],[[[100.487,13.9165],[100.487,13.916],[100.487,13.9165]]],[[[100.492,13.9225],[100.492,13.922],[100.492,13.9225]]],[[[100.492,13.919],[100.4925,13.919],[100.493,13.918],[100.4925,13.918],[100.492,13.919]]],[[[100.491,13.917]]],[[[100.4935,13.91]]],[[[100.4935,13.906],[100.494,13.905],[100.493,13.906],[100.4935,13.906]]],[[[100.493,13.902],[100.4935,13.904],[100.496,13.9035],[100.495,13.9035],[100.4945,13.902],[100.4955,13.9015],[100.4955,13.9005],[100.4935,13.9005],[100.493,13.902]]],[[[100.494,13.8985],[100.4945,13.8985],[100.494,13.8985]]],[[[100.4915,13.8995],[100.4915,13.899],[100.4915,13.8995]]],[[[100.4925,13.9035],[100.4925,13.903],[100.4925,13.9035]]],[[[100.4925,13.906],[100.493,13.906],[100.4925,13.906]]],[[[100.4935,13.914],[100.493,13.914],[100.4935,13.914]]],[[[100.497,13.9155],[100.4975,13.9155],[100.497,13.9155]]],[[[100.4975,13.914],[100.4975,13.9145],[100.4975,13.914]]],[[[100.498,13.911]]],[[[100.4975,13.9095],[100.498,13.9085],[100.5,13.9095],[100.499,13.9065],[100.4965,13.907],[100.497,13.906],[100.4965,13.9055],[100.4955,13.906],[100.4945,13.905],[100.495,13.9065],[100.4945,13.9075],[100.4955,13.909],[100.4945,13.9095],[100.4955,13.9095],[100.495,13.91],[100.496,13.9105],[100.4955,13.9095],[100.4975,13.9095]]],[[[100.4945,13.8995]]],[[[100.4955,13.911]]],[[[100.4945,13.9125]]],[[[100.4965,13.899],[100.496,13.8985],[100.4965,13.899]]],[[[100.496,13.9025],[100.4955,13.903],[100.496,13.903],[100.496,13.9025]]],[[[100.497,13.913],[100.497,13.9135],[100.497,13.913]]],[[[100.4965,13.9125],[100.496,13.9125],[100.4965,13.9125]]],[[[100.497,13.912],[100.497,13.9115],[100.497,13.912]]],[[[100.4965,13.9145]]],[[[100.496,13.911],[100.496,13.9115],[100.496,13.911]]],[[[100.4955,13.915]]],[[[100.501,13.897]]],[[[100.4985,13.9165],[100.499,13.917],[100.4985,13.9165]]],[[[100.4985,13.913],[100.4995,13.9125],[100.499,13.912],[100.4985,13.913]]],[[[100.4985,13.914],[100.4985,13.9145],[100.4985,13.914]]],[[[100.498,13.916]]],[[[100.495,13.919]]],[[[100.496,13.921],[100.4955,13.922],[100.4965,13.9215],[100.496,13.921]]],[[[100.5145,13.906],[100.515,13.906],[100.515,13.9055],[100.5145,13.9055],[100.5145,13.906]]],[[[100.516,13.905],[100.516,13.9055],[100.516,13.905]]],[[[100.516,13.873]]],[[[100.5085,13.906],[100.509,13.906],[100.5085,13.906]]],[[[100.509,13.901],[100.508,13.901],[100.509,13.901]]],[[[100.509,13.899],[100.508,13.899],[100.509,13.899]]],[[[100.5085,13.887]]],[[[100.505,13.906]]],[[[100.503,13.8985],[100.5045,13.8985],[100.5045,13.898],[100.503,13.898],[100.503,13.8985]]],[[[100.505,13.8965],[100.5045,13.8965],[100.5045,13.8975],[100.505,13.8975],[100.505,13.8965]]],[[[100.5025,13.9075]]],[[[100.502,13.909]]],[[[100.5035,13.9015]]],[[[100.503,13.9005],[100.5035,13.9005],[100.503,13.899],[100.503,13.9005]]],[[[100.5035,13.8975]]],[[[100.503,13.8975]]],[[[100.504,13.904],[100.504,13.9045],[100.504,13.904]]],[[[100.5035,13.905]]],[[[100.5065,13.902],[100.507,13.9015],[100.5065,13.9015],[100.5065,13.902]]],[[[100.507,13.9005]]],[[[100.507,13.8995]]],[[[100.506,13.8985],[100.5065,13.899],[100.5065,13.8985],[100.506,13.8985]]],[[[100.507,13.897],[100.5065,13.897],[100.5065,13.8975],[100.507,13.8975],[100.507,13.897]]],[[[100.506,13.9],[100.506,13.8995],[100.506,13.9]]],[[[100.5065,13.896]]],[[[100.505,13.9025]]],[[[100.51,13.8895],[100.5095,13.889],[100.51,13.8895]]],[[[100.5095,13.8865],[100.51,13.8875],[100.511,13.8875],[100.5095,13.8865]]],[[[100.509,13.89]]],[[[100.509,13.8905]]],[[[100.5105,13.8855],[100.511,13.885],[100.5105,13.885],[100.5105,13.8855]]],[[[100.514,13.879]]],[[[100.514,13.8785]]],[[[100.514,13.8775],[100.5145,13.8775],[100.514,13.8775]]],[[[100.5145,13.875],[100.514,13.875],[100.5145,13.875]]],[[[100.513,13.8785],[100.5135,13.879],[100.513,13.8785]]],[[[100.5135,13.877]]],[[[100.5135,13.8875]]],[[[100.51,13.901]]],[[[100.5105,13.9]]],[[[100.5125,13.907],[100.5125,13.908],[100.5125,13.907]]],[[[100.513,13.9055]]],[[[100.5105,13.906],[100.51,13.906],[100.5105,13.906]]],[[[100.5095,13.9075],[100.5095,13.908],[100.5095,13.9075]]],[[[100.512,13.9075],[100.512,13.9085],[100.512,13.9075]]],[[[100.5115,13.9055],[100.512,13.9055],[100.5115,13.9055]]],[[[100.511,13.9075],[100.511,13.9085],[100.511,13.9075]]],[[[100.5135,13.905],[100.515,13.9045],[100.5155,13.9035],[100.514,13.904],[100.5135,13.905]]],[[[100.5155,13.861],[100.516,13.861],[100.5155,13.861]]],[[[100.5155,13.859],[100.5165,13.859],[100.5165,13.858],[100.5145,13.8585],[100.5155,13.859]]],[[[100.513,13.858],[100.517,13.857],[100.5165,13.8545],[100.5145,13.8545],[100.514,13.8555],[100.513,13.855],[100.5135,13.856],[100.5125,13.857],[100.513,13.858]]],[[[100.5155,13.854],[100.515,13.852],[100.5165,13.8515],[100.5135,13.85],[100.5125,13.851],[100.512,13.85],[100.5115,13.851],[100.5125,13.8535],[100.5145,13.8545],[100.5155,13.854]]],[[[100.516,13.849]]],[[[100.515,13.8485],[100.5155,13.848],[100.515,13.848],[100.515,13.8485]]],[[[100.5155,13.8465],[100.5155,13.846],[100.5155,13.8465]]],[[[100.515,13.8435],[100.5155,13.842],[100.5145,13.8415],[100.5135,13.842],[100.5135,13.843],[100.5145,13.8425],[100.515,13.8435]]],[[[100.516,13.8375]]],[[[100.5155,13.836],[100.516,13.8365],[100.516,13.836],[100.5155,13.836]]],[[[100.503,13.8605],[100.503,13.861],[100.503,13.8605]]],[[[100.503,13.86],[100.503,13.8605],[100.503,13.86]]],[[[100.5035,13.8605],[100.5035,13.861],[100.5035,13.8605]]],[[[100.512,13.8425],[100.5115,13.843],[100.512,13.8435],[100.512,13.8425]]],[[[100.511,13.848],[100.511,13.8475],[100.511,13.848]]],[[[100.511,13.847],[100.5105,13.8465],[100.511,13.846],[100.5105,13.846],[100.511,13.847]]],[[[100.511,13.8445],[100.51,13.845],[100.511,13.845],[100.511,13.8445]]],[[[100.511,13.8415],[100.5105,13.8415],[100.511,13.842],[100.511,13.8415]]],[[[100.511,13.8395],[100.5105,13.84],[100.511,13.8395]]],[[[100.5095,13.843],[100.51,13.8425],[100.5095,13.8425],[100.5095,13.843]]],[[[100.5095,13.842]]],[[[100.5095,13.8495],[100.51,13.8495],[100.5095,13.849],[100.5095,13.8495]]],[[[100.511,13.8585],[100.511,13.858],[100.511,13.8585]]],[[[100.5115,13.858],[100.5115,13.8575],[100.5115,13.858]]],[[[100.5135,13.8455]]],[[[100.5135,13.843],[100.5135,13.8435],[100.514,13.8435],[100.5135,13.843]]],[[[100.5135,13.842]]],[[[100.513,13.8415]]],[[[100.5135,13.8375],[100.514,13.8375],[100.5135,13.8375]]],[[[100.513,13.845]]],[[[100.513,13.839],[100.513,13.8385],[100.513,13.839]]],[[[100.5125,13.8375],[100.513,13.8375],[100.5125,13.8375]]],[[[100.5145,13.8365]]],[[[100.5145,13.8495],[100.5145,13.85],[100.515,13.8495],[100.5145,13.8495]]],[[[100.5145,13.8475],[100.5145,13.847],[100.5145,13.8475]]],[[[100.514,13.8455],[100.514,13.846],[100.514,13.8455]]],[[[100.514,13.8445]]],[[[100.515,13.8445],[100.5145,13.8445],[100.515,13.8445]]],[[[100.515,13.845],[100.5145,13.845],[100.515,13.845]]],[[[100.513,13.862],[100.5135,13.862],[100.513,13.861],[100.513,13.862]]],[[[100.513,13.8585]]],[[[100.5145,13.861]]],[[[100.5185,13.911],[100.5185,13.9115],[100.5185,13.911]]],[[[100.518,13.9095],[100.52,13.9095],[100.5195,13.9085],[100.52,13.908],[100.5175,13.9085],[100.518,13.9095]]],[[[100.5185,13.9075],[100.5195,13.907],[100.519,13.907],[100.5185,13.907],[100.5185,13.9075]]],[[[100.519,13.9055]]],[[[100.517,13.9095]]],[[[100.5175,13.9075]]],[[[100.5175,13.907],[100.5175,13.9075],[100.5175,13.907]]],[[[100.52,13.9055]]],[[[100.5195,13.905]]],[[[100.5275,13.9035],[100.5275,13.904],[100.5285,13.904],[100.5285,13.9035],[100.5275,13.9035]]],[[[100.5275,13.9015],[100.528,13.9],[100.528,13.8995],[100.5275,13.8995],[100.5275,13.9015]]],[[[100.5255,13.902]]],[[[100.525,13.9015],[100.5255,13.901],[100.525,13.901],[100.525,13.9015]]],[[[100.526,13.906],[100.527,13.907],[100.527,13.9055],[100.526,13.906]]],[[[100.528,13.9095]]],[[[100.53,13.9065],[100.53,13.907],[100.53,13.9065]]],[[[100.53,13.905]]],[[[100.5295,13.9025]]],[[[100.5295,13.9015],[100.5295,13.901],[100.5295,13.9015]]],[[[100.53,13.9085],[100.5305,13.909],[100.531,13.909],[100.5305,13.9085],[100.53,13.9085]]],[[[100.53,13.908]]],[[[100.531,13.903]]],[[[100.523,13.8045],[100.526,13.805],[100.526,13.804],[100.523,13.8045]]],[[[100.519,13.8125],[100.5195,13.813],[100.52,13.8115],[100.519,13.8125]]],[[[100.519,13.81],[100.52,13.81],[100.5205,13.811],[100.5215,13.8105],[100.52,13.8095],[100.5205,13.809],[100.52,13.8085],[100.519,13.8085],[100.519,13.81]]],[[[100.5185,13.799]]],[[[100.521,13.8015]]],[[[100.521,13.814],[100.521,13.8135],[100.5205,13.814],[100.521,13.814]]],[[[100.52,13.814],[100.52,13.8135],[100.52,13.814]]],[[[100.522,13.8055]]],[[[100.5215,13.795],[100.5215,13.7955],[100.5215,13.795]]],[[[100.5215,13.816]]],[[[100.523,13.858],[100.523,13.8585],[100.523,13.858]]],[[[100.5185,13.877],[100.518,13.8775],[100.5185,13.877]]],[[[100.5185,13.8745],[100.5175,13.8745],[100.5175,13.875],[100.5185,13.8745]]],[[[100.519,13.866],[100.5185,13.866],[100.519,13.866]]],[[[100.5185,13.861],[100.519,13.8625],[100.5185,13.861]]],[[[100.5185,13.86],[100.518,13.86],[100.5185,13.86]]],[[[100.5185,13.8585],[100.52,13.8575],[100.5175,13.855],[100.5175,13.857],[100.5185,13.857],[100.518,13.8575],[100.5185,13.8585]]],[[[100.5165,13.8535],[100.5165,13.853],[100.516,13.853],[100.516,13.8535],[100.5165,13.8535]]],[[[100.5165,13.8445],[100.5165,13.844],[100.516,13.8445],[100.5165,13.8445]]],[[[100.516,13.842],[100.5165,13.842],[100.516,13.842]]],[[[100.5165,13.841]]],[[[100.517,13.84],[100.5165,13.84],[100.517,13.84]]],[[[100.5165,13.836]]],[[[100.516,13.8605],[100.5165,13.861],[100.517,13.8605],[100.516,13.8605]]],[[[100.5165,13.8765],[100.517,13.877],[100.517,13.876],[100.5165,13.8765]]],[[[100.5165,13.875],[100.5165,13.8745],[100.5165,13.875]]],[[[100.5165,13.8705],[100.5165,13.8715],[100.517,13.8705],[100.5165,13.8705]]],[[[100.5175,13.841]]],[[[100.5175,13.8405],[100.518,13.84],[100.5175,13.84],[100.5175,13.8405]]],[[[100.518,13.8385],[100.5185,13.839],[100.5185,13.8385],[100.518,13.8385]]],[[[100.519,13.837],[100.5185,13.837],[100.519,13.837]]],[[[100.517,13.844],[100.517,13.8445],[100.5175,13.8445],[100.517,13.844]]],[[[100.518,13.8445]]],[[[100.5175,13.859],[100.517,13.859],[100.5175,13.859]]],[[[100.5175,13.855]]],[[[100.5175,13.8535],[100.5175,13.854],[100.518,13.854],[100.5175,13.8535]]],[[[100.518,13.871]]],[[[100.5225,13.866],[100.5215,13.8665],[100.5225,13.8665],[100.5225,13.866]]],[[[100.5205,13.8565],[100.521,13.8565],[100.521,13.856],[100.5205,13.8565]]],[[[100.5205,13.855],[100.521,13.8555],[100.521,13.855],[100.5205,13.855]]],[[[100.5205,13.8645]]],[[[100.5195,13.8605],[100.5195,13.86],[100.5195,13.8605]]],[[[100.5215,13.8625],[100.522,13.863],[100.522,13.8625],[100.5215,13.8625]]],[[[100.5215,13.862],[100.522,13.862],[100.522,13.8615],[100.5215,13.862]]],[[[100.522,13.858],[100.522,13.8585],[100.5225,13.8585],[100.5225,13.858],[100.522,13.858]]],[[[100.5215,13.858]]],[[[100.5265,13.809],[100.5275,13.809],[100.5275,13.8085],[100.5265,13.809]]],[[[100.527,13.806],[100.5275,13.806],[100.527,13.806]]],[[[100.526,13.8035]]],[[[100.5235,13.803],[100.524,13.803],[100.5235,13.803]]],[[[100.5235,13.8055],[100.524,13.806],[100.524,13.8055],[100.5235,13.8055]]],[[[100.5275,13.831],[100.528,13.8305],[100.5275,13.831]]],[[[100.525,13.833],[100.525,13.8325],[100.525,13.833]]],[[[100.5235,13.8345],[100.524,13.8345],[100.5235,13.8345]]],[[[100.5235,13.8335]]],[[[100.524,13.831],[100.524,13.8315],[100.5245,13.831],[100.524,13.831]]],[[[100.5255,13.825]]],[[[100.5265,13.8305]]],[[[100.5265,13.835],[100.526,13.835],[100.5265,13.835]]],[[[100.529,13.805]]],[[[100.5295,13.815],[100.5295,13.8155],[100.53,13.816],[100.53,13.8155],[100.5295,13.815]]],[[[100.5295,13.822],[100.529,13.822],[100.5295,13.822]]],[[[100.5285,13.8215],[100.528,13.8215],[100.5285,13.822],[100.5285,13.8215]]],[[[100.529,13.833],[100.529,13.8335],[100.529,13.833]]],[[[100.529,13.831],[100.529,13.8305],[100.528,13.8305],[100.529,13.831]]],[[[100.5285,13.8265]]],[[[100.5295,13.8105]]],[[[100.5305,13.809]]],[[[100.53,13.8035],[100.5305,13.804],[100.53,13.8035]]],[[[100.53,13.803]]],[[[100.53,13.809]]],[[[100.5675,13.893],[100.567,13.8935],[100.5675,13.8935],[100.5675,13.893]]],[[[100.547,13.9185],[100.5475,13.9185],[100.5475,13.917],[100.547,13.9175],[100.547,13.9185]]],[[[100.547,13.9165],[100.548,13.9155],[100.5465,13.9155],[100.547,13.9165]]],[[[100.546,13.9145],[100.548,13.9145],[100.5465,13.911],[100.545,13.9115],[100.546,13.9145]]],[[[100.547,13.896],[100.548,13.8965],[100.548,13.896],[100.547,13.896]]],[[[100.541,13.901],[100.54,13.901],[100.5405,13.9015],[100.541,13.901]]],[[[100.5345,13.903],[100.535,13.904],[100.535,13.9025],[100.5345,13.903]]],[[[100.534,13.9015],[100.5345,13.902],[100.535,13.9015],[100.534,13.9015]]],[[[100.5325,13.906],[100.5335,13.9065],[100.5335,13.906],[100.5325,13.906]]],[[[100.533,13.9015],[100.5325,13.9015],[100.533,13.9015]]],[[[100.532,13.9065],[100.5315,13.9065],[100.5315,13.907],[100.532,13.9065]]],[[[100.538,13.9035],[100.5375,13.9035],[100.538,13.9035]]],[[[100.5375,13.902],[100.5375,13.9015],[100.5375,13.902]]],[[[100.537,13.901],[100.538,13.9],[100.537,13.9],[100.537,13.901]]],[[[100.536,13.9025],[100.536,13.902],[100.536,13.9025]]],[[[100.539,13.9035],[100.5385,13.9035],[100.539,13.9035]]],[[[100.5385,13.903]]],[[[100.539,13.901],[100.539,13.902],[100.539,13.901]]],[[[100.54,13.912],[100.54,13.9125],[100.5405,13.912],[100.54,13.912]]],[[[100.5395,13.9085]]],[[[100.54,13.9075],[100.5405,13.909],[100.5415,13.909],[100.5415,13.908],[100.54,13.9075]]],[[[100.539,13.9095]]],[[[100.543,13.914],[100.5435,13.914],[100.543,13.914]]],[[[100.543,13.9135],[100.543,13.914],[100.543,13.9135]]],[[[100.5435,13.913],[100.5445,13.913],[100.544,13.912],[100.543,13.9125],[100.5435,13.913]]],[[[100.543,13.91],[100.5425,13.911],[100.544,13.9105],[100.543,13.903],[100.5405,13.9035],[100.5405,13.9045],[100.5425,13.905],[100.5425,13.906],[100.541,13.907],[100.5425,13.9075],[100.542,13.9085],[100.543,13.91]]],[[[100.5425,13.901],[100.5435,13.902],[100.544,13.8995],[100.543,13.9005],[100.5415,13.9005],[100.5425,13.901]]],[[[100.543,13.8985],[100.5435,13.8985],[100.543,13.8985]]],[[[100.5435,13.8975],[100.5435,13.898],[100.544,13.8975],[100.5435,13.8975]]],[[[100.541,13.9025]]],[[[100.5415,13.899],[100.5415,13.8985],[100.541,13.899],[100.5415,13.899]]],[[[100.5405,13.913],[100.541,13.913],[100.5405,13.913]]],[[[100.5425,13.8975],[100.5425,13.898],[100.5425,13.8975]]],[[[100.5415,13.9025]]],[[[100.542,13.9125],[100.542,13.913],[100.542,13.9125]]],[[[100.5445,13.9205],[100.5455,13.9205],[100.5445,13.918],[100.5445,13.9205]]],[[[100.5455,13.9005],[100.5455,13.9],[100.5455,13.9005]]],[[[100.5455,13.8995],[100.5455,13.899],[100.545,13.899],[100.545,13.8995],[100.5455,13.8995]]],[[[100.5455,13.8975],[100.545,13.8965],[100.545,13.8975],[100.5455,13.8975]]],[[[100.5455,13.8955]]],[[[100.545,13.894],[100.5455,13.894],[100.545,13.894]]],[[[100.546,13.896]]],[[[100.546,13.9175],[100.546,13.918],[100.546,13.9185],[100.546,13.9175]]],[[[100.55,13.9175],[100.5495,13.918],[100.55,13.918],[100.55,13.9175]]],[[[100.5485,13.918]]],[[[100.5485,13.917],[100.549,13.917],[100.5485,13.917]]],[[[100.557,13.8935],[100.5575,13.8935],[100.558,13.893],[100.557,13.893],[100.557,13.8935]]],[[[100.552,13.894],[100.552,13.8945],[100.552,13.894]]],[[[100.5495,13.8965],[100.5505,13.896],[100.549,13.8955],[100.5495,13.8965]]],[[[100.549,13.898],[100.549,13.8975],[100.549,13.898]]],[[[100.5505,13.898],[100.55,13.898],[100.5505,13.898]]],[[[100.5535,13.895]]],[[[100.5565,13.8955],[100.556,13.8965],[100.5565,13.8965],[100.5565,13.8955]]],[[[100.5565,13.8915],[100.557,13.891],[100.5565,13.891],[100.5565,13.8915]]],[[[100.5565,13.894],[100.556,13.894],[100.5565,13.894]]],[[[100.5635,13.8975]]],[[[100.5635,13.8935],[100.5645,13.894],[100.565,13.893],[100.5635,13.8935]]],[[[100.5635,13.8905],[100.5635,13.891],[100.5635,13.8905]]],[[[100.56,13.896],[100.5605,13.8965],[100.561,13.896],[100.5605,13.896],[100.56,13.896]]],[[[100.559,13.8965],[100.5595,13.8965],[100.56,13.896],[100.559,13.896],[100.559,13.8965]]],[[[100.56,13.894]]],[[[100.5595,13.8905],[100.561,13.89],[100.56,13.89],[100.56,13.8905],[100.5595,13.89],[100.5595,13.8905]]],[[[100.559,13.892],[100.559,13.8925],[100.559,13.892]]],[[[100.559,13.892]]],[[[100.5625,13.889],[100.562,13.889],[100.5625,13.8895],[100.563,13.889],[100.5625,13.889]]],[[[100.561,13.892],[100.561,13.8925],[100.561,13.892]]],[[[100.561,13.8905]]],[[[100.5615,13.894]]],[[[100.5615,13.89],[100.5615,13.889],[100.5615,13.89]]],[[[100.5615,13.896],[100.562,13.896],[100.5615,13.896]]],[[[100.5615,13.8945]]],[[[100.563,13.8915],[100.563,13.891],[100.563,13.8915]]],[[[100.563,13.895],[100.563,13.8945],[100.563,13.895]]],[[[100.5625,13.8935]]],[[[100.563,13.894],[100.5625,13.894],[100.563,13.894]]],[[[100.5645,13.895],[100.565,13.8945],[100.564,13.8945],[100.5645,13.895]]],[[[100.5655,13.893]]],[[[100.5645,13.8925],[100.5665,13.8925],[100.566,13.892],[100.5645,13.8925]]],[[[100.5645,13.89],[100.5655,13.8895],[100.565,13.8885],[100.564,13.889],[100.5645,13.89]]],[[[100.565,13.891]]],[[[100.565,13.8865],[100.5645,13.886],[100.565,13.8865]]],[[[100.567,13.89]]],[[[100.567,13.8875],[100.5665,13.8875],[100.567,13.8875]]],[[[100.568,13.888],[100.5685,13.888],[100.568,13.888]]],[[[100.5675,13.887],[100.568,13.8865],[100.5675,13.887]]],[[[100.5495,13.9095],[100.55,13.9095],[100.5495,13.9095]]],[[[100.568,13.834],[100.5685,13.834],[100.568,13.834]]],[[[100.5685,13.8335],[100.569,13.8335],[100.5685,13.8325],[100.5685,13.8335]]],[[[100.568,13.831],[100.568,13.8315],[100.568,13.831]]],[[[100.5685,13.8295],[100.569,13.8295],[100.5685,13.8295]]],[[[100.568,13.8275]]],[[[100.568,13.826],[100.5685,13.826],[100.568,13.826]]],[[[100.5675,13.824],[100.57,13.8245],[100.568,13.824],[100.5675,13.824]]],[[[100.5695,13.81],[100.5685,13.81],[100.5685,13.8105],[100.569,13.81],[100.5695,13.8105],[100.5695,13.81]]],[[[100.5665,13.808],[100.5675,13.805],[100.567,13.8045],[100.568,13.8045],[100.568,13.8035],[100.571,13.802],[100.5715,13.7995],[100.5695,13.8],[100.5685,13.797],[100.5675,13.797],[100.5675,13.796],[100.569,13.7965],[100.5685,13.7955],[100.57,13.7935],[100.568,13.7925],[100.5695,13.7905],[100.568,13.7915],[100.566,13.7895],[100.5685,13.7875],[100.569,13.788],[100.569,13.786],[100.5705,13.786],[100.57,13.7855],[100.571,13.785],[100.5705,13.7845],[100.571,13.783],[100.5695,13.7815],[100.5695,13.78],[100.569,13.7805],[100.5675,13.7795],[100.567,13.78],[100.5655,13.779],[100.5655,13.778],[100.5665,13.778],[100.5675,13.775],[100.5695,13.7745],[100.5695,13.7735],[100.57,13.7745],[100.572,13.775],[100.5725,13.774],[100.571,13.774],[100.57,13.773],[100.57,13.7715],[100.569,13.772],[100.568,13.7705],[100.5675,13.771],[100.5665,13.7705],[100.568,13.768],[100.568,13.7665],[100.566,13.767],[100.5635,13.7655],[100.5635,13.764],[100.5625,13.7635],[100.564,13.7615],[100.5635,13.7605],[100.562,13.7595],[100.561,13.757],[100.56,13.758],[100.558,13.757],[100.559,13.7555],[100.5615,13.755],[100.5605,13.754],[100.564,13.753],[100.5555,13.755],[100.555,13.754],[100.559,13.7535],[100.559,13.753],[100.556,13.7535],[100.556,13.7525],[100.5585,13.7515],[100.55,13.753],[100.55,13.754],[100.5475,13.7545],[100.549,13.7555],[100.548,13.7565],[100.545,13.756],[100.546,13.7575],[100.547,13.757],[100.5485,13.7585],[100.5465,13.76],[100.547,13.7605],[100.546,13.7615],[100.5455,13.7605],[100.5445,13.7625],[100.545,13.7635],[100.5435,13.7645],[100.544,13.7655],[100.543,13.767],[100.5465,13.7695],[100.5465,13.7705],[100.547,13.77],[100.548,13.771],[100.547,13.774],[100.548,13.7765],[100.5465,13.7765],[100.5485,13.7785],[100.5495,13.7815],[100.55,13.781],[100.551,13.783],[100.5535,13.7845],[100.553,13.7865],[100.5515,13.786],[100.5525,13.788],[100.5535,13.788],[100.5535,13.789],[100.5515,13.7905],[100.553,13.794],[100.552,13.796],[100.5535,13.796],[100.5545,13.795],[100.5555,13.796],[100.555,13.799],[100.5565,13.8005],[100.5565,13.802],[100.558,13.8015],[100.559,13.8025],[100.5585,13.8035],[100.5565,13.803],[100.56,13.804],[100.559,13.8055],[100.558,13.804],[100.557,13.805],[100.5585,13.8055],[100.5585,13.8075],[100.5595,13.8075],[100.56,13.806],[100.561,13.8065],[100.5605,13.8075],[100.561,13.8075],[100.5615,13.806],[100.562,13.8065],[100.5615,13.808],[100.562,13.807],[100.565,13.8085],[100.565,13.8075],[100.5665,13.808]]],[[[100.568,13.7655],[100.568,13.766],[100.568,13.7655]]],[[[100.568,13.761]]],[[[100.568,13.7605],[100.569,13.7605],[100.5685,13.7615],[100.5695,13.762],[100.57,13.7655],[100.571,13.764],[100.57,13.761],[100.5715,13.761],[100.5725,13.7575],[100.5715,13.7575],[100.5715,13.7565],[100.5695,13.7575],[100.5695,13.7565],[100.569,13.757],[100.5695,13.758],[100.568,13.7585],[100.569,13.7595],[100.568,13.7605]]],[[[100.5675,13.7475],[100.568,13.748],[100.568,13.7475],[100.5675,13.7475]]],[[[100.5675,13.7375],[100.5675,13.737],[100.5675,13.7375]]],[[[100.5675,13.736],[100.567,13.736],[100.5675,13.736]]],[[[100.567,13.7305],[100.5675,13.7305],[100.567,13.73],[100.567,13.7305]]],[[[100.568,13.729]]],[[[100.5675,13.728],[100.568,13.7275],[100.5675,13.727],[100.567,13.7275],[100.5675,13.728]]],[[[100.5675,13.7265],[100.567,13.726],[100.5675,13.7265]]],[[[100.5685,13.725],[100.568,13.7255],[100.5685,13.725]]],[[[100.5465,13.7875]]],[[[100.5465,13.783]]],[[[100.547,13.7715],[100.5465,13.7715],[100.547,13.7715]]],[[[100.547,13.753],[100.5475,13.753],[100.5475,13.7525],[100.547,13.753]]],[[[100.5485,13.75],[100.547,13.75],[100.5485,13.752],[100.548,13.7525],[100.551,13.752],[100.551,13.751],[100.5525,13.751],[100.553,13.752],[100.5535,13.7515],[100.553,13.7505],[100.5495,13.75],[100.5485,13.7515],[100.5485,13.75]]],[[[100.546,13.749],[100.548,13.749],[100.547,13.747],[100.546,13.749]]],[[[100.546,13.7455],[100.547,13.7455],[100.5475,13.745],[100.546,13.745],[100.546,13.7455]]],[[[100.5465,13.741],[100.5465,13.7415],[100.5465,13.741]]],[[[100.5465,13.74],[100.5465,13.739],[100.5455,13.7385],[100.546,13.7375],[100.545,13.737],[100.547,13.736],[100.547,13.737],[100.5485,13.737],[100.548,13.738],[100.5485,13.738],[100.5485,13.736],[100.55,13.737],[100.55,13.738],[100.551,13.738],[100.5525,13.7365],[100.552,13.7355],[100.553,13.7345],[100.5545,13.736],[100.5535,13.7375],[100.5545,13.7385],[100.5555,13.738],[100.555,13.7365],[100.556,13.7325],[100.558,13.7305],[100.558,13.732],[100.559,13.7325],[100.5595,13.727],[100.5585,13.727],[100.558,13.73],[100.556,13.728],[100.5535,13.7285],[100.5535,13.7295],[100.5525,13.73],[100.552,13.727],[100.5505,13.7285],[100.5495,13.728],[100.55,13.7295],[100.548,13.73],[100.548,13.7325],[100.5465,13.7325],[100.546,13.7345],[100.545,13.733],[100.543,13.7335],[100.5425,13.7345],[100.543,13.7355],[100.545,13.7365],[100.5445,13.7375],[100.545,13.74],[100.5465,13.74]]],[[[100.5465,13.7295],[100.5465,13.729],[100.5465,13.7295]]],[[[100.5475,13.728],[100.546,13.7285],[100.5475,13.728]]],[[[100.546,13.727],[100.5465,13.7275],[100.5465,13.7265],[100.546,13.727]]],[[[100.548,13.7255],[100.5465,13.7265],[100.548,13.726],[100.548,13.7255]]],[[[100.5465,13.724],[100.547,13.724],[100.547,13.7235],[100.5465,13.724]]],[[[100.538,13.765],[100.5385,13.765],[100.538,13.7645],[100.538,13.765]]],[[[100.5385,13.762],[100.5385,13.7625],[100.5385,13.763],[100.5385,13.762]]],[[[100.5385,13.761]]],[[[100.5385,13.7545],[100.5385,13.755],[100.5385,13.7545]]],[[[100.5385,13.7525]]],[[[100.5385,13.7475],[100.54,13.747],[100.5395,13.745],[100.538,13.7455],[100.539,13.746],[100.5385,13.7475]]],[[[100.5395,13.7415],[100.5395,13.742],[100.5395,13.7415]]],[[[100.5395,13.737],[100.54,13.737],[100.5395,13.737]]],[[[100.5395,13.7355],[100.5395,13.735],[100.5395,13.7355]]],[[[100.539,13.7335],[100.5405,13.7335],[100.539,13.733],[100.539,13.732],[100.539,13.7335]]],[[[100.539,13.731],[100.541,13.733],[100.541,13.732],[100.539,13.731]]],[[[100.539,13.73],[100.54,13.7285],[100.5385,13.7295],[100.539,13.73]]],[[[100.539,13.7275],[100.5385,13.7275],[100.539,13.7275]]],[[[100.534,13.7655]]],[[[100.5335,13.765],[100.5345,13.7645],[100.533,13.764],[100.5335,13.765]]],[[[100.534,13.76],[100.5345,13.76],[100.534,13.76]]],[[[100.535,13.755],[100.535,13.754],[100.5345,13.7545],[100.535,13.755]]],[[[100.5345,13.75],[100.535,13.749],[100.534,13.749],[100.534,13.748],[100.5315,13.7485],[100.5345,13.75]]],[[[100.5345,13.7475],[100.5355,13.7475],[100.5355,13.746],[100.5345,13.746],[100.5345,13.7475]]],[[[100.5345,13.7405]]],[[[100.5355,13.7365],[100.5345,13.736],[100.535,13.738],[100.5355,13.7365]]],[[[100.5345,13.7335],[100.535,13.7345],[100.5355,13.7345],[100.535,13.7335],[100.5345,13.7335]]],[[[100.535,13.7295]]],[[[100.535,13.728],[100.5345,13.728],[100.5355,13.7285],[100.535,13.728]]],[[[100.5355,13.726],[100.5345,13.726],[100.5355,13.7265],[100.5355,13.726]]],[[[100.534,13.722],[100.5345,13.722],[100.534,13.722]]],[[[100.535,13.721]]],[[[100.5315,13.7345],[100.532,13.734],[100.532,13.7335],[100.5315,13.7335],[100.5315,13.7345]]],[[[100.533,13.7295],[100.5325,13.7295],[100.533,13.7295]]],[[[100.5325,13.72],[100.533,13.72],[100.5335,13.7195],[100.5325,13.72]]],[[[100.5315,13.728],[100.5315,13.7285],[100.5315,13.728]]],[[[100.532,13.722],[100.532,13.7215],[100.532,13.722]]],[[[100.5325,13.762],[100.532,13.7615],[100.5325,13.762]]],[[[100.5325,13.7595]]],[[[100.532,13.758],[100.533,13.758],[100.533,13.7575],[100.532,13.758]]],[[[100.5325,13.7525],[100.532,13.7525],[100.5325,13.7525]]],[[[100.533,13.747],[100.5315,13.7475],[100.533,13.7475],[100.533,13.747]]],[[[100.531,13.754],[100.5315,13.754],[100.531,13.754]]],[[[100.5315,13.7465]]],[[[100.531,13.7455],[100.531,13.745],[100.531,13.7455]]],[[[100.5335,13.735],[100.5335,13.7345],[100.5335,13.735]]],[[[100.5335,13.7265],[100.5335,13.726],[100.5335,13.7265]]],[[[100.5335,13.729],[100.533,13.729],[100.5335,13.729]]],[[[100.5335,13.745],[100.534,13.745],[100.5335,13.745]]],[[[100.533,13.7415],[100.534,13.7415],[100.533,13.7415]]],[[[100.534,13.74],[100.5335,13.7405],[100.534,13.7405],[100.534,13.74]]],[[[100.5335,13.719],[100.533,13.719],[100.5335,13.719]]],[[[100.5335,13.747]]],[[[100.5345,13.7315]]],[[[100.5335,13.759],[100.5335,13.7595],[100.534,13.7595],[100.5335,13.759]]],[[[100.533,13.7595]]],[[[100.5345,13.753],[100.534,13.7535],[100.534,13.754],[100.5345,13.7535],[100.5345,13.753]]],[[[100.534,13.751],[100.534,13.7515],[100.534,13.751]]],[[[100.534,13.7505],[100.534,13.751],[100.534,13.7505]]],[[[100.5365,13.768],[100.5365,13.7685],[100.537,13.7685],[100.5365,13.768]]],[[[100.536,13.765],[100.537,13.765],[100.5365,13.763],[100.536,13.7645],[100.535,13.7635],[100.536,13.765]]],[[[100.537,13.7615]]],[[[100.5375,13.759],[100.537,13.759],[100.5375,13.759]]],[[[100.538,13.7555],[100.537,13.756],[100.538,13.7565],[100.538,13.7555]]],[[[100.5375,13.7525],[100.5375,13.753],[100.538,13.753],[100.5375,13.7525]]],[[[100.5375,13.7505],[100.537,13.75],[100.5375,13.7505]]],[[[100.5365,13.7495],[100.538,13.749],[100.5355,13.7495],[100.536,13.7515],[100.5365,13.7495]]],[[[100.537,13.7485],[100.5375,13.748],[100.537,13.748],[100.537,13.7485]]],[[[100.536,13.7465],[100.5375,13.747],[100.5375,13.7465],[100.536,13.7465]]],[[[100.537,13.7425],[100.5375,13.7425],[100.537,13.7425]]],[[[100.5385,13.7385],[100.5365,13.739],[100.5375,13.7415],[100.5385,13.741],[100.5385,13.7385]]],[[[100.5365,13.738],[100.538,13.738],[100.5375,13.736],[100.536,13.7365],[100.5365,13.738]]],[[[100.537,13.7345],[100.537,13.735],[100.5375,13.735],[100.537,13.7345]]],[[[100.537,13.7325],[100.537,13.732],[100.537,13.7315],[100.537,13.7325]]],[[[100.5375,13.728],[100.537,13.729],[100.538,13.728],[100.5375,13.728]]],[[[100.5355,13.7555],[100.536,13.7555],[100.5355,13.7555]]],[[[100.5365,13.753],[100.536,13.7525],[100.536,13.753],[100.5365,13.753]]],[[[100.535,13.7485],[100.5355,13.749],[100.5355,13.748],[100.535,13.7485]]],[[[100.5345,13.768]]],[[[100.5355,13.7675],[100.535,13.767],[100.5355,13.7675]]],[[[100.5355,13.7535],[100.5355,13.754],[100.5355,13.7535]]],[[[100.536,13.725]]],[[[100.536,13.7245]]],[[[100.536,13.7245]]],[[[100.5355,13.722],[100.5355,13.7225],[100.536,13.7225],[100.5355,13.722]]],[[[100.536,13.7325],[100.5355,13.7325],[100.536,13.7325]]],[[[100.5355,13.7405],[100.536,13.7425],[100.5365,13.7425],[100.536,13.742],[100.536,13.7405],[100.5355,13.7405]]],[[[100.5365,13.7585],[100.536,13.758],[100.5365,13.7585]]],[[[100.5385,13.7355],[100.538,13.7355],[100.5385,13.7355]]],[[[100.5375,13.755]]],[[[100.538,13.767],[100.538,13.7675],[100.538,13.767]]],[[[100.538,13.7635],[100.538,13.763],[100.538,13.7635]]],[[[100.5375,13.7625],[100.538,13.7625],[100.5375,13.7625]]],[[[100.538,13.7615]]],[[[100.5375,13.7595],[100.538,13.76],[100.538,13.7595],[100.5375,13.7595]]],[[[100.5385,13.731],[100.538,13.7315],[100.538,13.732],[100.5385,13.731]]],[[[100.5385,13.7435],[100.539,13.744],[100.539,13.7435],[100.5385,13.7435]]],[[[100.5385,13.7425]]],[[[100.542,13.785],[100.5425,13.785],[100.542,13.785]]],[[[100.5425,13.784],[100.5425,13.7835],[100.5425,13.784]]],[[[100.5425,13.7825],[100.5425,13.782],[100.5425,13.7825]]],[[[100.543,13.781],[100.543,13.7815],[100.543,13.781]]],[[[100.541,13.779],[100.5415,13.78],[100.542,13.7805],[100.5425,13.7805],[100.541,13.779]]],[[[100.543,13.7765],[100.5425,13.7765],[100.543,13.7765]]],[[[100.5425,13.775],[100.5425,13.7755],[100.5425,13.775]]],[[[100.5425,13.772],[100.5435,13.7745],[100.544,13.774],[100.5425,13.7715],[100.5425,13.772]]],[[[100.5425,13.77],[100.5425,13.7695],[100.5425,13.77]]],[[[100.543,13.754],[100.5425,13.7545],[100.543,13.7545],[100.543,13.754]]],[[[100.5415,13.7505],[100.543,13.751],[100.543,13.75],[100.5415,13.7505]]],[[[100.542,13.745],[100.543,13.747],[100.544,13.746],[100.543,13.746],[100.5425,13.7445],[100.542,13.745]]],[[[100.543,13.742],[100.5425,13.743],[100.543,13.7425],[100.543,13.742]]],[[[100.5405,13.742],[100.542,13.7415],[100.5405,13.742]]],[[[100.5415,13.7405],[100.542,13.741],[100.542,13.7405],[100.5415,13.7405]]],[[[100.5425,13.7335],[100.5415,13.7335],[100.5425,13.7335]]],[[[100.542,13.732],[100.5425,13.733],[100.5425,13.732],[100.542,13.732]]],[[[100.543,13.7315]]],[[[100.5425,13.731],[100.543,13.7305],[100.5425,13.731]]],[[[100.543,13.7295],[100.5445,13.729],[100.544,13.728],[100.543,13.7295]]],[[[100.5425,13.725],[100.543,13.7245],[100.5425,13.725]]],[[[100.541,13.7755],[100.541,13.776],[100.541,13.7755]]],[[[100.5405,13.775],[100.5415,13.775],[100.541,13.7745],[100.5405,13.775]]],[[[100.5415,13.774]]],[[[100.5405,13.771],[100.54,13.7715],[100.5405,13.772],[100.5405,13.7715],[100.5405,13.771]]],[[[100.5415,13.7685],[100.541,13.7685],[100.5415,13.7685]]],[[[100.541,13.7685]]],[[[100.541,13.7685]]],[[[100.5415,13.757],[100.541,13.757],[100.5415,13.7575],[100.5415,13.757]]],[[[100.5405,13.7535],[100.5415,13.753],[100.5405,13.7535]]],[[[100.541,13.752],[100.5405,13.7515],[100.54,13.7515],[100.5405,13.752],[100.541,13.752]]],[[[100.5405,13.741],[100.5405,13.7405],[100.54,13.7405],[100.5405,13.741]]],[[[100.541,13.737],[100.541,13.7375],[100.541,13.737]]],[[[100.5395,13.7625]]],[[[100.5395,13.7565],[100.5395,13.756],[100.539,13.756],[100.5395,13.7565]]],[[[100.5395,13.753]]],[[[100.54,13.7515]]],[[[100.54,13.778]]],[[[100.54,13.738],[100.54,13.7385],[100.5405,13.7385],[100.54,13.738]]],[[[100.5405,13.7765],[100.54,13.7765],[100.54,13.777],[100.5405,13.7765]]],[[[100.5405,13.774],[100.54,13.7745],[100.5405,13.774]]],[[[100.5405,13.772],[100.5405,13.7725],[100.5405,13.772]]],[[[100.5405,13.77],[100.5405,13.7705],[100.5405,13.77]]],[[[100.54,13.767]]],[[[100.5405,13.7625]]],[[[100.54,13.7615],[100.5395,13.7615],[100.54,13.7615]]],[[[100.54,13.7635]]],[[[100.54,13.7825],[100.5405,13.7825],[100.54,13.7825]]],[[[100.541,13.7305],[100.5405,13.7305],[100.541,13.7305]]],[[[100.54,13.7295],[100.54,13.7305],[100.5405,13.7295],[100.54,13.7295]]],[[[100.5415,13.765],[100.542,13.765],[100.5415,13.7645],[100.5415,13.765]]],[[[100.5415,13.7595],[100.542,13.7595],[100.5415,13.7595]]],[[[100.542,13.7585]]],[[[100.5415,13.744],[100.5415,13.743],[100.5415,13.744]]],[[[100.542,13.7705]]],[[[100.542,13.7815],[100.5415,13.781],[100.542,13.7815]]],[[[100.541,13.7845],[100.541,13.785],[100.5415,13.785],[100.541,13.7845]]],[[[100.5405,13.7815],[100.5415,13.782],[100.5405,13.7815]]],[[[100.541,13.7285],[100.5415,13.728],[100.541,13.7285]]],[[[100.5415,13.7405]]],[[[100.5415,13.7365]]],[[[100.5415,13.7355]]],[[[100.542,13.73]]],[[[100.542,13.729],[100.5425,13.7295],[100.542,13.729]]],[[[100.5445,13.7725],[100.5445,13.773],[100.5455,13.772],[100.545,13.772],[100.5445,13.7725]]],[[[100.545,13.759]]],[[[100.544,13.7555],[100.5445,13.755],[100.5435,13.7555],[100.544,13.7555]]],[[[100.545,13.755]]],[[[100.5445,13.7455],[100.545,13.746],[100.545,13.7455],[100.5445,13.7455]]],[[[100.545,13.745]]],[[[100.545,13.7245],[100.545,13.725],[100.546,13.725],[100.546,13.7245],[100.545,13.7245]]],[[[100.5445,13.7445]]],[[[100.544,13.742],[100.544,13.7425],[100.5445,13.7425],[100.544,13.742]]],[[[100.5435,13.7405]]],[[[100.543,13.738],[100.544,13.737],[100.5435,13.736],[100.543,13.738]]],[[[100.5445,13.731],[100.544,13.7315],[100.544,13.732],[100.5445,13.731]]],[[[100.5435,13.77],[100.543,13.77],[100.5435,13.77]]],[[[100.544,13.762],[100.5435,13.7625],[100.544,13.7625],[100.544,13.762]]],[[[100.5435,13.761]]],[[[100.543,13.758]]],[[[100.543,13.748]]],[[[100.544,13.725],[100.544,13.7255],[100.544,13.725]]],[[[100.544,13.724]]],[[[100.5445,13.762],[100.5445,13.7625],[100.5445,13.762]]],[[[100.544,13.75],[100.5445,13.7515],[100.544,13.75]]],[[[100.5445,13.74],[100.5445,13.7405],[100.5445,13.74]]],[[[100.5445,13.7715],[100.544,13.7715],[100.5445,13.7715]]],[[[100.544,13.788],[100.544,13.7895],[100.544,13.788],[100.5455,13.788],[100.544,13.788]]],[[[100.545,13.787],[100.5445,13.787],[100.545,13.787]]],[[[100.544,13.7855],[100.544,13.786],[100.545,13.786],[100.544,13.7855]]],[[[100.5445,13.7825],[100.545,13.783],[100.545,13.782],[100.5445,13.7825]]],[[[100.543,13.786],[100.5435,13.786],[100.5435,13.7855],[100.5435,13.786],[100.543,13.786]]],[[[100.5435,13.7845],[100.543,13.7845],[100.5435,13.7845]]],[[[100.546,13.781]]],[[[100.545,13.78],[100.5455,13.78],[100.545,13.78]]],[[[100.5455,13.7895],[100.5455,13.79],[100.5455,13.7895]]],[[[100.5455,13.787],[100.5465,13.7865],[100.5455,13.7865],[100.5455,13.787]]],[[[100.546,13.755],[100.5455,13.755],[100.546,13.755]]],[[[100.546,13.7505],[100.5465,13.7505],[100.546,13.75],[100.546,13.7505]]],[[[100.5455,13.7465]]],[[[100.5455,13.746]]],[[[100.5455,13.7405]]],[[[100.5455,13.7535]]],[[[100.5465,13.759],[100.546,13.759],[100.5465,13.759]]],[[[100.5455,13.7585],[100.546,13.758],[100.5455,13.758],[100.5455,13.7585]]],[[[100.547,13.801]]],[[[100.547,13.8]]],[[[100.539,13.807],[100.5405,13.8065],[100.54,13.806],[100.5375,13.807],[100.539,13.807]]],[[[100.5385,13.7995],[100.539,13.801],[100.5395,13.801],[100.5385,13.7995]]],[[[100.534,13.8245],[100.5345,13.825],[100.5345,13.824],[100.534,13.8245]]],[[[100.534,13.822],[100.5345,13.822],[100.535,13.822],[100.534,13.822]]],[[[100.5335,13.8045],[100.534,13.8045],[100.5335,13.8045]]],[[[100.535,13.804],[100.5345,13.8045],[100.5355,13.8045],[100.535,13.804]]],[[[100.5325,13.8115],[100.533,13.812],[100.533,13.8115],[100.5325,13.8115]]],[[[100.5325,13.81],[100.533,13.8105],[100.533,13.81],[100.5325,13.81]]],[[[100.533,13.8085]]],[[[100.532,13.8065],[100.5325,13.8065],[100.532,13.8065]]],[[[100.532,13.8055],[100.5325,13.805],[100.532,13.805],[100.532,13.8055]]],[[[100.532,13.819]]],[[[100.5315,13.818],[100.532,13.818],[100.5315,13.818]]],[[[100.532,13.83]]],[[[100.533,13.823],[100.5335,13.823],[100.533,13.823]]],[[[100.533,13.821],[100.5335,13.8215],[100.533,13.821]]],[[[100.538,13.802],[100.537,13.8025],[100.538,13.8025],[100.538,13.802]]],[[[100.537,13.8005]]],[[[100.5375,13.7995],[100.5375,13.799],[100.5375,13.7995]]],[[[100.5355,13.8055],[100.5345,13.806],[100.5355,13.8055]]],[[[100.535,13.801],[100.5355,13.8015],[100.535,13.801]]],[[[100.5365,13.805]]],[[[100.5365,13.807],[100.537,13.807],[100.5365,13.807]]],[[[100.5375,13.8]]],[[[100.538,13.8055]]],[[[100.5355,13.8225],[100.5365,13.823],[100.5355,13.822],[100.5355,13.8225]]],[[[100.535,13.821],[100.5355,13.821],[100.535,13.821]]],[[[100.54,13.8015],[100.54,13.802],[100.5405,13.8015],[100.54,13.8015]]],[[[100.5395,13.8],[100.5395,13.7995],[100.5395,13.8]]],[[[100.5595,13.7235],[100.558,13.7235],[100.558,13.725],[100.5595,13.725],[100.5595,13.7235]]],[[[100.5525,13.725],[100.5515,13.7255],[100.5525,13.7255],[100.5525,13.725]]],[[[100.5485,13.728],[100.5495,13.728],[100.549,13.7275],[100.5485,13.728]]],[[[100.549,13.725],[100.549,13.7255],[100.5495,13.7255],[100.5495,13.725],[100.549,13.725]]],[[[100.5495,13.7235]]],[[[100.549,13.7225]]],[[[100.548,13.7205],[100.549,13.722],[100.5485,13.72],[100.548,13.7205]]],[[[100.547,13.722],[100.5475,13.7225],[100.5475,13.722],[100.547,13.722]]],[[[100.5475,13.7215],[100.5475,13.721],[100.5475,13.7215]]],[[[100.5475,13.729],[100.5475,13.7295],[100.5475,13.729]]],[[[100.551,13.725],[100.5505,13.725],[100.551,13.7255],[100.551,13.725]]],[[[100.55,13.727]]],[[[100.551,13.7205]]],[[[100.551,13.721],[100.551,13.7205],[100.551,13.721]]],[[[100.5545,13.726],[100.5545,13.727],[100.5545,13.726]]],[[[100.5535,13.723],[100.553,13.725],[100.554,13.725],[100.5535,13.724],[100.555,13.7235],[100.555,13.7225],[100.5535,13.723]]],[[[100.555,13.7185],[100.556,13.719],[100.5555,13.718],[100.555,13.7185]]],[[[100.5525,13.724],[100.5525,13.7235],[100.5525,13.724]]],[[[100.554,13.7215]]],[[[100.554,13.72]]],[[[100.5535,13.7215]]],[[[100.555,13.72]]],[[[100.555,13.721],[100.555,13.7215],[100.555,13.721]]],[[[100.5555,13.7275],[100.557,13.7265],[100.5555,13.726],[100.5555,13.7275]]],[[[100.556,13.724],[100.556,13.7235],[100.556,13.724]]],[[[100.557,13.7455]]],[[[100.557,13.744],[100.557,13.7445],[100.5575,13.7445],[100.557,13.744]]],[[[100.5575,13.743],[100.557,13.743],[100.5575,13.7435],[100.5575,13.743]]],[[[100.557,13.7425],[100.5575,13.7425],[100.5575,13.742],[100.557,13.7425]]],[[[100.557,13.738],[100.557,13.7385],[100.557,13.738]]],[[[100.5575,13.736]]],[[[100.552,13.744],[100.5525,13.744],[100.552,13.7435],[100.552,13.744]]],[[[100.5485,13.746],[100.5485,13.7465],[100.549,13.7465],[100.5485,13.746]]],[[[100.548,13.742],[100.5475,13.742],[100.548,13.742]]],[[[100.548,13.739],[100.5485,13.7395],[100.5485,13.739],[100.548,13.739]]],[[[100.5505,13.749]]],[[[100.5505,13.7475],[100.551,13.748],[100.5505,13.7465],[100.5505,13.7475]]],[[[100.551,13.7455],[100.551,13.745],[100.551,13.7445],[100.551,13.7455]]],[[[100.5495,13.7495],[100.5495,13.7485],[100.5495,13.7495]]],[[[100.55,13.747],[100.549,13.748],[100.55,13.748],[100.55,13.747]]],[[[100.55,13.7465]]],[[[100.55,13.7455],[100.55,13.746],[100.55,13.7455]]],[[[100.55,13.7435],[100.55,13.7445],[100.55,13.7435]]],[[[100.5545,13.745],[100.5545,13.7455],[100.5545,13.745]]],[[[100.554,13.749],[100.5535,13.7485],[100.5535,13.749],[100.554,13.749]]],[[[100.5525,13.7455]]],[[[100.5525,13.737],[100.5525,13.7375],[100.5525,13.737]]],[[[100.5535,13.741],[100.554,13.741],[100.5535,13.741]]],[[[100.5535,13.7385]]],[[[100.556,13.7445]]],[[[100.556,13.7425],[100.5555,13.7425],[100.556,13.7425]]],[[[100.5555,13.742]]],[[[100.5545,13.742]]],[[[100.555,13.747],[100.5545,13.747],[100.555,13.747]]],[[[100.5565,13.7375]]],[[[100.5595,13.753],[100.5625,13.752],[100.5595,13.7525],[100.5595,13.753]]],[[[100.5635,13.7525],[100.5635,13.752],[100.5635,13.7525]]],[[[100.5625,13.751]]],[[[100.563,13.751]]],[[[100.5625,13.7495],[100.5625,13.75],[100.5625,13.7495]]],[[[100.563,13.7425],[100.5635,13.743],[100.5625,13.7405],[100.563,13.7425]]],[[[100.5635,13.7405],[100.564,13.7415],[100.564,13.7435],[100.5645,13.7435],[100.564,13.7405],[100.5635,13.7405]]],[[[100.5635,13.7385],[100.5635,13.739],[100.564,13.739],[100.5635,13.7385]]],[[[100.5635,13.738],[100.563,13.737],[100.5635,13.738]]],[[[100.563,13.734],[100.563,13.7335],[100.563,13.734]]],[[[100.5635,13.733],[100.563,13.733],[100.563,13.7335],[100.5635,13.733]]],[[[100.5635,13.7315],[100.5635,13.732],[100.5635,13.7315]]],[[[100.5635,13.7305],[100.563,13.729],[100.5635,13.7275],[100.562,13.7275],[100.5615,13.7265],[100.5615,13.7285],[100.5605,13.7285],[100.5605,13.73],[100.561,13.729],[100.5615,13.73],[100.5635,13.7305]]],[[[100.5635,13.7225],[100.5635,13.723],[100.5635,13.7225]]],[[[100.563,13.7215],[100.5635,13.7215],[100.563,13.7215]]],[[[100.564,13.721]]],[[[100.5595,13.7515]]],[[[100.561,13.75],[100.5615,13.75],[100.561,13.75]]],[[[100.56,13.75],[100.5595,13.75],[100.56,13.75]]],[[[100.56,13.748],[100.5615,13.7465],[100.5595,13.7465],[100.56,13.748]]],[[[100.5595,13.745],[100.5595,13.746],[100.5605,13.746],[100.5595,13.7445],[100.56,13.7435],[100.559,13.743],[100.5595,13.745]]],[[[100.5605,13.732],[100.5605,13.7325],[100.5605,13.732]]],[[[100.559,13.749],[100.5595,13.749],[100.559,13.749]]],[[[100.5585,13.7465]]],[[[100.5595,13.7415],[100.559,13.7415],[100.559,13.742],[100.5595,13.7415]]],[[[100.559,13.7405],[100.5595,13.74],[100.559,13.7405]]],[[[100.559,13.739],[100.559,13.7395],[100.559,13.739]]],[[[100.559,13.737],[100.5585,13.7375],[100.5595,13.737],[100.559,13.737]]],[[[100.5585,13.744],[100.5585,13.7435],[100.558,13.7435],[100.5585,13.744]]],[[[100.558,13.7425],[100.5585,13.743],[100.558,13.7425]]],[[[100.558,13.74],[100.558,13.741],[100.558,13.7415],[100.558,13.7405],[100.558,13.74]]],[[[100.558,13.748]]],[[[100.5585,13.7445],[100.5585,13.745],[100.5585,13.7455],[100.5585,13.7445]]],[[[100.5585,13.7225]]],[[[100.5615,13.745],[100.562,13.7445],[100.561,13.7435],[100.5615,13.745]]],[[[100.561,13.7425],[100.561,13.7415],[100.5605,13.742],[100.561,13.7425]]],[[[100.5615,13.741]]],[[[100.5605,13.74],[100.5615,13.74],[100.5615,13.7395],[100.561,13.74],[100.5605,13.74]]],[[[100.5615,13.7345]]],[[[100.5615,13.734]]],[[[100.5615,13.7335]]],[[[100.562,13.732],[100.5615,13.7325],[100.5625,13.7325],[100.5625,13.731],[100.562,13.732]]],[[[100.561,13.7255],[100.561,13.7275],[100.561,13.7255]]],[[[100.562,13.7235],[100.561,13.7235],[100.562,13.7235]]],[[[100.561,13.7225]]],[[[100.561,13.7205],[100.5605,13.721],[100.561,13.721],[100.561,13.7205]]],[[[100.5605,13.731],[100.5605,13.7315],[100.5605,13.731]]],[[[100.5615,13.7195],[100.5615,13.72],[100.5615,13.7195]]],[[[100.563,13.7225],[100.563,13.722],[100.563,13.7225]]],[[[100.5625,13.7375]]],[[[100.5625,13.7365],[100.562,13.7365],[100.5625,13.7365]]],[[[100.562,13.7355]]],[[[100.562,13.735],[100.562,13.7345],[100.562,13.735]]],[[[100.5615,13.746]]],[[[100.562,13.7475]]],[[[100.563,13.7355]]],[[[100.5625,13.755],[100.5625,13.7545],[100.562,13.7545],[100.562,13.755],[100.5625,13.755]]],[[[100.5665,13.759],[100.566,13.758],[100.566,13.7595],[100.5665,13.759]]],[[[100.5665,13.7465],[100.566,13.747],[100.567,13.7465],[100.5665,13.7455],[100.5665,13.7465]]],[[[100.5655,13.745],[100.566,13.745],[100.566,13.7445],[100.5655,13.745]]],[[[100.566,13.735],[100.566,13.7355],[100.566,13.735]]],[[[100.566,13.732],[100.566,13.7325],[100.567,13.7315],[100.566,13.732]]],[[[100.566,13.731],[100.5655,13.731],[100.566,13.731]]],[[[100.5665,13.731],[100.566,13.731],[100.5665,13.731]]],[[[100.566,13.729],[100.567,13.7285],[100.5665,13.7275],[100.5655,13.7275],[100.5665,13.726],[100.5655,13.726],[100.5655,13.728],[100.5665,13.7285],[100.5655,13.729],[100.566,13.729]]],[[[100.5645,13.747]]],[[[100.5645,13.7445],[100.565,13.745],[100.5645,13.7445]]],[[[100.564,13.7475],[100.5635,13.747],[100.5635,13.7475],[100.564,13.7475]]],[[[100.5635,13.7455],[100.563,13.7455],[100.5635,13.7455]]],[[[100.563,13.744],[100.5635,13.7445],[100.5635,13.744],[100.563,13.744]]],[[[100.5645,13.7385]]],[[[100.5645,13.7375],[100.5645,13.738],[100.565,13.738],[100.5645,13.7375]]],[[[100.5655,13.7365],[100.5645,13.7355],[100.565,13.736],[100.5655,13.7365]]],[[[100.5645,13.7325],[100.565,13.7325],[100.5645,13.7315],[100.5645,13.7325]]],[[[100.5645,13.73],[100.5645,13.731],[100.5645,13.73]]],[[[100.5645,13.7335]]],[[[100.564,13.7555]]],[[[100.565,13.7465],[100.565,13.746],[100.565,13.7465]]],[[[100.566,13.7535],[100.566,13.754],[100.566,13.7535]]],[[[100.567,13.7345],[100.5665,13.734],[100.567,13.7355],[100.567,13.7345]]],[[[100.5675,13.7465]]],[[[100.565,13.72],[100.5645,13.7205],[100.565,13.7205],[100.565,13.72]]],[[[100.557,13.8105],[100.5575,13.81],[100.557,13.81],[100.557,13.8105]]],[[[100.551,13.8045],[100.5505,13.8045],[100.5505,13.805],[100.551,13.8045]]],[[[100.5505,13.8035],[100.5515,13.804],[100.551,13.8035],[100.5505,13.8035]]],[[[100.5505,13.8015],[100.55,13.8025],[100.551,13.8025],[100.5505,13.8015]]],[[[100.5495,13.802],[100.549,13.802],[100.5495,13.802]]],[[[100.549,13.7955],[100.5485,13.7965],[100.5495,13.7965],[100.549,13.7955]]],[[[100.549,13.7935],[100.549,13.793],[100.549,13.7935]]],[[[100.5485,13.7845],[100.548,13.7845],[100.5485,13.7845]]],[[[100.549,13.7835],[100.5495,13.7835],[100.5495,13.783],[100.549,13.7835]]],[[[100.549,13.7835]]],[[[100.548,13.783],[100.548,13.7835],[100.5485,13.7835],[100.548,13.783]]],[[[100.5485,13.7815],[100.5485,13.7825],[100.549,13.782],[100.5485,13.7815]]],[[[100.5475,13.799],[100.548,13.7995],[100.548,13.799],[100.5475,13.799]]],[[[100.5475,13.7855],[100.548,13.7855],[100.5475,13.7855]]],[[[100.5475,13.7825]]],[[[100.5505,13.793],[100.5495,13.7925],[100.5505,13.793],[100.5505,13.792],[100.5505,13.793]]],[[[100.5495,13.7915],[100.549,13.791],[100.5495,13.7915]]],[[[100.5495,13.79],[100.55,13.79],[100.5495,13.79]]],[[[100.5505,13.783]]],[[[100.5505,13.787]]],[[[100.551,13.795],[100.551,13.796],[100.551,13.795]]],[[[100.5515,13.7845]]],[[[100.551,13.8075]]],[[[100.5545,13.8065],[100.555,13.8065],[100.5545,13.8065]]],[[[100.554,13.801],[100.5555,13.8035],[100.555,13.8005],[100.554,13.801]]],[[[100.5535,13.804],[100.553,13.803],[100.5525,13.803],[100.553,13.8035],[100.5535,13.804]]],[[[100.553,13.799],[100.5535,13.7985],[100.553,13.799]]],[[[100.5515,13.8065],[100.5515,13.806],[100.5515,13.8065]]],[[[100.5515,13.8075],[100.5515,13.807],[100.5515,13.8075]]],[[[100.554,13.806]]],[[[100.5555,13.808],[100.5565,13.809],[100.556,13.808],[100.5555,13.808]]],[[[100.556,13.805],[100.5565,13.805],[100.556,13.805]]],[[[100.558,13.817],[100.557,13.8175],[100.5575,13.8175],[100.558,13.817]]],[[[100.557,13.816],[100.5565,13.816],[100.557,13.816]]],[[[100.563,13.8195],[100.5635,13.8195],[100.563,13.8195]]],[[[100.5625,13.817]]],[[[100.563,13.8145]]],[[[100.563,13.814]]],[[[100.563,13.8125]]],[[[100.5625,13.811],[100.563,13.811],[100.5635,13.811],[100.5625,13.811]]],[[[100.5615,13.809],[100.564,13.8085],[100.5625,13.808],[100.5615,13.809]]],[[[100.56,13.8165],[100.561,13.8175],[100.5605,13.817],[100.56,13.8165]]],[[[100.561,13.8165],[100.5615,13.8175],[100.561,13.8155],[100.56,13.816],[100.561,13.8165]]],[[[100.561,13.8085],[100.5605,13.8085],[100.5605,13.8095],[100.561,13.8095],[100.561,13.8085]]],[[[100.5585,13.814]]],[[[100.558,13.8125],[100.558,13.813],[100.5585,13.813],[100.558,13.8125]]],[[[100.559,13.8085],[100.559,13.808],[100.559,13.8085]]],[[[100.558,13.8085],[100.5575,13.8085],[100.558,13.8085]]],[[[100.56,13.818],[100.5595,13.8185],[100.56,13.818]]],[[[100.5605,13.813]]],[[[100.562,13.8155]]],[[[100.5615,13.814],[100.562,13.814],[100.562,13.813],[100.562,13.8135],[100.5615,13.814]]],[[[100.5615,13.812],[100.5615,13.8125],[100.562,13.812],[100.5615,13.812]]],[[[100.5615,13.8115]]],[[[100.5615,13.811]]],[[[100.5615,13.8195],[100.5625,13.8195],[100.5615,13.8195]]],[[[100.5625,13.812],[100.563,13.8115],[100.5625,13.8115],[100.5625,13.812]]],[[[100.5625,13.8185],[100.562,13.819],[100.563,13.819],[100.5625,13.8185]]],[[[100.5615,13.8235]]],[[[100.563,13.823],[100.563,13.8225],[100.563,13.823]]],[[[100.562,13.8245]]],[[[100.5655,13.8235],[100.565,13.824],[100.566,13.824],[100.5655,13.8235]]],[[[100.565,13.821],[100.567,13.8215],[100.5675,13.821],[100.566,13.8195],[100.5645,13.8205],[100.565,13.821]]],[[[100.5645,13.8155],[100.565,13.816],[100.565,13.8145],[100.5645,13.8155]]],[[[100.5645,13.8115],[100.5655,13.812],[100.5655,13.811],[100.5645,13.8115]]],[[[100.565,13.8095],[100.5645,13.8095],[100.565,13.8095]]],[[[100.565,13.8085],[100.566,13.809],[100.566,13.8085],[100.565,13.8085]]],[[[100.5635,13.818],[100.5645,13.818],[100.5645,13.8175],[100.564,13.818],[100.5635,13.818]]],[[[100.5645,13.813],[100.565,13.813],[100.5645,13.813]]],[[[100.5645,13.8295]]],[[[100.566,13.81]]],[[[100.5655,13.814]]],[[[100.5675,13.8235],[100.567,13.8235],[100.5675,13.8235]]],[[[100.566,13.8225],[100.567,13.8225],[100.567,13.822],[100.566,13.8225]]],[[[100.599,13.8855],[100.5985,13.8855],[100.599,13.8855]]],[[[100.598,13.885],[100.5985,13.8845],[100.599,13.8845],[100.598,13.885]]],[[[100.6005,13.884],[100.6,13.8845],[100.6005,13.8845],[100.6005,13.884]]],[[[100.5995,13.8825],[100.6005,13.8825],[100.6,13.882],[100.5995,13.8825]]],[[[100.5985,13.8815],[100.599,13.882],[100.599,13.8815],[100.5985,13.8815]]],[[[100.599,13.878]]],[[[100.5995,13.8775]]],[[[100.599,13.8765],[100.599,13.877],[100.599,13.8765]]],[[[100.5985,13.8735],[100.599,13.874],[100.5985,13.8735]]],[[[100.5785,13.8895],[100.5785,13.89],[100.579,13.89],[100.5785,13.8895]]],[[[100.579,13.8845],[100.5785,13.8845],[100.579,13.885],[100.579,13.8845]]],[[[100.579,13.8825]]],[[[100.573,13.8925],[100.573,13.8915],[100.5715,13.8915],[100.573,13.8925]]],[[[100.573,13.891],[100.5735,13.891],[100.5735,13.8905],[100.573,13.891]]],[[[100.573,13.89],[100.5735,13.89],[100.573,13.89]]],[[[100.574,13.8895],[100.5735,13.8895],[100.5735,13.89],[100.574,13.89],[100.574,13.8895]]],[[[100.573,13.888],[100.5735,13.8875],[100.573,13.887],[100.573,13.888]]],[[[100.5735,13.8835],[100.573,13.8835],[100.5735,13.884],[100.5735,13.8835]]],[[[100.5705,13.8905]]],[[[100.57,13.8925],[100.5695,13.8925],[100.57,13.8925]]],[[[100.569,13.891]]],[[[100.572,13.891]]],[[[100.5715,13.891]]],[[[100.572,13.89],[100.5715,13.89],[100.572,13.89]]],[[[100.5765,13.892],[100.576,13.8925],[100.5765,13.8925],[100.5765,13.892]]],[[[100.577,13.886],[100.5765,13.8865],[100.577,13.886]]],[[[100.5765,13.8835],[100.577,13.8845],[100.5775,13.8845],[100.577,13.8835],[100.5765,13.8835]]],[[[100.5745,13.892],[100.5745,13.8915],[100.5745,13.892]]],[[[100.5745,13.889],[100.5745,13.891],[100.575,13.89],[100.5745,13.889]]],[[[100.5745,13.889]]],[[[100.5745,13.8875],[100.5745,13.8865],[100.574,13.8865],[100.5745,13.8875]]],[[[100.5745,13.884],[100.5745,13.8845],[100.5745,13.884]]],[[[100.575,13.8915],[100.575,13.892],[100.5755,13.892],[100.575,13.8915]]],[[[100.575,13.885],[100.576,13.885],[100.575,13.885]]],[[[100.5755,13.884],[100.5755,13.8835],[100.5755,13.884]]],[[[100.578,13.883],[100.578,13.8835],[100.578,13.883]]],[[[100.5775,13.8885],[100.5775,13.889],[100.578,13.8885],[100.5775,13.8885]]],[[[100.5795,13.854],[100.579,13.854],[100.5795,13.854]]],[[[100.579,13.8515],[100.5795,13.8515],[100.579,13.8515]]],[[[100.5785,13.8505],[100.579,13.8505],[100.579,13.85],[100.5785,13.85],[100.5785,13.8505]]],[[[100.5785,13.8485],[100.5785,13.848],[100.578,13.848],[100.5785,13.8485]]],[[[100.579,13.848],[100.5785,13.848],[100.579,13.848]]],[[[100.5785,13.847],[100.579,13.8475],[100.5785,13.846],[100.5785,13.847]]],[[[100.5725,13.8335],[100.573,13.833],[100.5725,13.833],[100.5725,13.8335]]],[[[100.574,13.832],[100.573,13.8315],[100.574,13.832]]],[[[100.573,13.8305],[100.5735,13.831],[100.5735,13.83],[100.573,13.8305]]],[[[100.572,13.829],[100.5725,13.829],[100.573,13.829],[100.572,13.829]]],[[[100.5705,13.8345],[100.5705,13.835],[100.5705,13.8345]]],[[[100.57,13.833],[100.5695,13.833],[100.5695,13.834],[100.57,13.8345],[100.57,13.8335],[100.57,13.833]]],[[[100.569,13.82]]],[[[100.5685,13.823]]],[[[100.5695,13.8285]]],[[[100.5685,13.8285]]],[[[100.569,13.8315],[100.5695,13.8315],[100.569,13.8315]]],[[[100.5695,13.8305],[100.5695,13.83],[100.5695,13.8305]]],[[[100.572,13.835],[100.572,13.8355],[100.572,13.835]]],[[[100.573,13.8415]]],[[[100.576,13.848],[100.577,13.8485],[100.5775,13.8475],[100.5765,13.848],[100.576,13.847],[100.576,13.848]]],[[[100.5755,13.8465],[100.577,13.8465],[100.5765,13.846],[100.5755,13.8465]]],[[[100.5765,13.839]]],[[[100.576,13.8365],[100.576,13.8375],[100.576,13.8365]]],[[[100.576,13.835],[100.576,13.8355],[100.5765,13.835],[100.576,13.835]]],[[[100.5765,13.8335],[100.576,13.833],[100.576,13.8335],[100.5765,13.8335]]],[[[100.5745,13.837],[100.5745,13.8375],[100.575,13.837],[100.5745,13.837]]],[[[100.5755,13.8345],[100.575,13.8355],[100.5755,13.8355],[100.5755,13.835],[100.5755,13.8345]]],[[[100.575,13.832]]],[[[100.574,13.8305]]],[[[100.574,13.8365],[100.5745,13.8365],[100.574,13.8365]]],[[[100.574,13.833]]],[[[100.5755,13.832]]],[[[100.578,13.8465],[100.5775,13.847],[100.578,13.847],[100.578,13.8465]]],[[[100.577,13.8415]]],[[[100.5775,13.841],[100.5775,13.8405],[100.577,13.841],[100.5775,13.841]]],[[[100.577,13.8375],[100.5765,13.838],[100.5765,13.8385],[100.577,13.8375]]],[[[100.578,13.8375]]],[[[100.578,13.843]]],[[[100.5795,13.836],[100.579,13.836],[100.5795,13.8365],[100.5795,13.836]]],[[[100.589,13.8645]]],[[[100.5875,13.863],[100.5885,13.864],[100.5895,13.864],[100.5885,13.8635],[100.588,13.863],[100.5875,13.863]]],[[[100.585,13.8585],[100.585,13.859],[100.585,13.858],[100.584,13.858],[100.585,13.8585]]],[[[100.585,13.857],[100.5845,13.857],[100.585,13.857]]],[[[100.5845,13.8565],[100.585,13.856],[100.5845,13.8565]]],[[[100.584,13.8525],[100.584,13.853],[100.5845,13.853],[100.5845,13.8525],[100.584,13.8525]]],[[[100.584,13.85],[100.585,13.851],[100.585,13.85],[100.584,13.85]]],[[[100.581,13.856],[100.5805,13.857],[100.581,13.857],[100.581,13.856]]],[[[100.581,13.848],[100.5815,13.8475],[100.581,13.8475],[100.581,13.848]]],[[[100.5825,13.8485],[100.583,13.8475],[100.5825,13.8475],[100.5825,13.848],[100.5825,13.8485]]],[[[100.58,13.845],[100.5805,13.845],[100.58,13.845]]],[[[100.579,13.8485]]],[[[100.58,13.853],[100.5795,13.853],[100.58,13.853]]],[[[100.58,13.8545]]],[[[100.58,13.856],[100.5795,13.856],[100.58,13.856]]],[[[100.582,13.8565],[100.5825,13.8565],[100.5825,13.856],[100.582,13.856],[100.582,13.8565]]],[[[100.5825,13.8535]]],[[[100.5815,13.8515]]],[[[100.5815,13.8515]]],[[[100.5815,13.854],[100.581,13.8535],[100.581,13.854],[100.5815,13.854]]],[[[100.5815,13.855],[100.581,13.8555],[100.5815,13.8555],[100.5815,13.855]]],[[[100.5825,13.8485]]],[[[100.584,13.8515],[100.583,13.8505],[100.584,13.8515]]],[[[100.5835,13.8565],[100.5835,13.8545],[100.583,13.855],[100.5835,13.8565]]],[[[100.5825,13.858],[100.583,13.858],[100.5825,13.858]]],[[[100.5865,13.859]]],[[[100.5855,13.8585],[100.586,13.8585],[100.5855,13.8585]]],[[[100.586,13.8525],[100.5855,13.8525],[100.586,13.853],[100.586,13.8525]]],[[[100.586,13.8515],[100.5855,13.8515],[100.586,13.8515]]],[[[100.586,13.8505],[100.587,13.851],[100.586,13.8505]]],[[[100.587,13.86]]],[[[100.588,13.8645]]],[[[100.588,13.865]]],[[[100.589,13.9005],[100.5895,13.9005],[100.589,13.9005]]],[[[100.5885,13.8995],[100.589,13.8995],[100.5885,13.8995]]],[[[100.588,13.8815],[100.5885,13.882],[100.588,13.8815]]],[[[100.5825,13.892]]],[[[100.5825,13.889],[100.5825,13.89],[100.5825,13.889]]],[[[100.5845,13.8875]]],[[[100.585,13.886],[100.585,13.8865],[100.585,13.886]]],[[[100.5855,13.8845],[100.585,13.8845],[100.585,13.885],[100.5855,13.885],[100.5855,13.8845]]],[[[100.5855,13.883],[100.585,13.8835],[100.5855,13.8835],[100.5855,13.883]]],[[[100.5845,13.881],[100.5845,13.8815],[100.5855,13.8815],[100.5855,13.881],[100.5845,13.881]]],[[[100.585,13.8795],[100.5845,13.8795],[100.585,13.88],[100.5855,13.88],[100.585,13.8795]]],[[[100.5805,13.888],[100.5805,13.8885],[100.5805,13.888]]],[[[100.5815,13.888],[100.582,13.8885],[100.5825,13.888],[100.582,13.8875],[100.5815,13.888]]],[[[100.581,13.8855],[100.5815,13.887],[100.581,13.8855]]],[[[100.584,13.885],[100.584,13.8835],[100.5835,13.884],[100.584,13.885]]],[[[100.584,13.8805]]],[[[100.5835,13.8815],[100.583,13.883],[100.584,13.8825],[100.5835,13.8815]]],[[[100.5835,13.8855]]],[[[100.5845,13.886],[100.5845,13.8855],[100.584,13.8855],[100.5845,13.886]]],[[[100.5865,13.8975],[100.5875,13.897],[100.587,13.896],[100.586,13.896],[100.5865,13.8975]]],[[[100.5875,13.882],[100.5865,13.882],[100.5875,13.8825],[100.5875,13.882]]],[[[100.585,13.9005],[100.585,13.901],[100.585,13.9005]]],[[[100.5845,13.8935],[100.5855,13.893],[100.584,13.893],[100.5845,13.8935]]],[[[100.5835,13.891],[100.5835,13.89],[100.583,13.8905],[100.5835,13.891]]],[[[100.586,13.881]]],[[[100.5855,13.888]]],[[[100.586,13.89]]],[[[100.586,13.895],[100.5855,13.895],[100.5855,13.8955],[100.586,13.895]]],[[[100.587,13.88],[100.587,13.8795],[100.587,13.88]]],[[[100.587,13.898],[100.5875,13.899],[100.5885,13.8985],[100.588,13.8975],[100.587,13.898]]],[[[100.594,13.878],[100.594,13.8785],[100.594,13.878]]],[[[100.5935,13.8765],[100.594,13.876],[100.593,13.8765],[100.5935,13.8765]]],[[[100.596,13.872]]],[[[100.5915,13.872],[100.5915,13.8725],[100.592,13.872],[100.5915,13.872]]],[[[100.5915,13.8705],[100.592,13.871],[100.592,13.8705],[100.5915,13.8705]]],[[[100.5905,13.867]]],[[[100.5905,13.863],[100.59,13.863],[100.59,13.8635],[100.59,13.863],[100.5905,13.863]]],[[[100.589,13.865],[100.5895,13.865],[100.589,13.865]]],[[[100.5895,13.8675]]],[[[100.59,13.8675]]],[[[100.589,13.8695]]],[[[100.5915,13.877],[100.591,13.8775],[100.5915,13.878],[100.593,13.8775],[100.5915,13.877]]],[[[100.591,13.8825]]],[[[100.5905,13.881],[100.5895,13.881],[100.5905,13.882],[100.5905,13.881]]],[[[100.589,13.8835],[100.5895,13.8835],[100.589,13.8835]]],[[[100.5905,13.8835],[100.59,13.884],[100.5905,13.8835]]],[[[100.5925,13.8735],[100.593,13.8735],[100.5925,13.8735]]],[[[100.593,13.8725],[100.5935,13.872],[100.593,13.8725]]],[[[100.5925,13.88],[100.5915,13.881],[100.5925,13.881],[100.5925,13.88]]],[[[100.5935,13.8805],[100.593,13.88],[100.593,13.8805],[100.5935,13.8805]]],[[[100.593,13.879],[100.5925,13.8785],[100.5925,13.879],[100.593,13.879]]],[[[100.5945,13.8705]]],[[[100.595,13.869],[100.595,13.8685],[100.595,13.869]]],[[[100.596,13.8805],[100.596,13.88],[100.596,13.8805]]],[[[100.5965,13.878],[100.596,13.8795],[100.5965,13.879],[100.5965,13.878]]],[[[100.5955,13.876],[100.595,13.875],[100.595,13.8755],[100.5955,13.876]]],[[[100.5945,13.8795],[100.595,13.8795],[100.5955,13.881],[100.595,13.8795],[100.5945,13.8795]]],[[[100.5965,13.869],[100.597,13.8685],[100.5965,13.8685],[100.5965,13.869]]],[[[100.5965,13.872],[100.597,13.8725],[100.597,13.873],[100.5965,13.872]]],[[[100.597,13.8735],[100.5965,13.874],[100.597,13.874],[100.597,13.8735]]],[[[100.597,13.8755]]],[[[100.597,13.877]]],[[[100.5965,13.8835],[100.5955,13.884],[100.597,13.884],[100.5965,13.8835]]],[[[100.595,13.8845]]],[[[100.5975,13.8805],[100.598,13.8805],[100.5975,13.8805]]],[[[100.598,13.8835]]],[[[100.5985,13.8775]]],[[[100.5905,13.903],[100.5905,13.9025],[100.59,13.9025],[100.5905,13.903]]],[[[100.594,13.914],[100.595,13.914],[100.594,13.914]]],[[[100.5945,13.913],[100.594,13.913],[100.5945,13.913]]],[[[100.594,13.912]]],[[[100.5935,13.911]]],[[[100.596,13.9145]]],[[[100.5955,13.9135]]],[[[100.596,13.9155],[100.5955,13.915],[100.5955,13.9155],[100.596,13.9155]]],[[[100.5985,13.918],[100.599,13.918],[100.598,13.9175],[100.5985,13.918]]],[[[100.598,13.919],[100.5985,13.919],[100.598,13.919]]],[[[100.606,13.892]]],[[[100.605,13.889],[100.606,13.8885],[100.6055,13.888],[100.605,13.889]]],[[[100.6075,13.8725],[100.6065,13.873],[100.6075,13.873],[100.6075,13.8725]]],[[[100.606,13.8715]]],[[[100.6075,13.869]]],[[[100.6025,13.887],[100.603,13.887],[100.6025,13.887]]],[[[100.6015,13.8845],[100.6015,13.885],[100.6015,13.8845]]],[[[100.6005,13.885],[100.6,13.8855],[100.6005,13.885]]],[[[100.6005,13.879],[100.6,13.88],[100.601,13.8795],[100.6005,13.879]]],[[[100.6005,13.8805],[100.6,13.8805],[100.6005,13.8805]]],[[[100.602,13.872]]],[[[100.6015,13.8735],[100.6015,13.873],[100.6015,13.8735]]],[[[100.604,13.8725],[100.6035,13.873],[100.604,13.873],[100.604,13.8725]]],[[[100.604,13.872],[100.6035,13.872],[100.604,13.872]]],[[[100.604,13.871]]],[[[100.606,13.8695]]],[[[100.605,13.875],[100.605,13.8755],[100.605,13.875]]],[[[100.604,13.889],[100.604,13.8895],[100.604,13.889]]],[[[100.6045,13.8815],[100.6045,13.882],[100.6045,13.8815]]],[[[100.603,13.8875]]],[[[100.6055,13.8815],[100.605,13.8815],[100.6055,13.8815]]],[[[100.607,13.872]]],[[[100.6065,13.891]]],[[[100.607,13.894],[100.6065,13.895],[100.6075,13.8945],[100.607,13.894]]],[[[100.598,13.709],[100.598,13.7085],[100.5975,13.7085],[100.5975,13.709],[100.598,13.709]]],[[[100.5985,13.7045],[100.598,13.705],[100.5985,13.7055],[100.599,13.7045],[100.5985,13.7045]]],[[[100.5975,13.705],[100.5975,13.7045],[100.5975,13.705]]],[[[100.5785,13.728],[100.58,13.728],[100.579,13.7275],[100.5785,13.728]]],[[[100.58,13.727]]],[[[100.5795,13.7265]]],[[[100.5795,13.721]]],[[[100.58,13.7195],[100.5795,13.7205],[100.5805,13.72],[100.58,13.7195]]],[[[100.5785,13.7195],[100.579,13.7195],[100.5785,13.7195]]],[[[100.573,13.733],[100.574,13.733],[100.5735,13.732],[100.573,13.733]]],[[[100.573,13.7315],[100.573,13.731],[100.5725,13.731],[100.573,13.7315]]],[[[100.5735,13.7295],[100.574,13.7305],[100.574,13.7285],[100.5735,13.7295]]],[[[100.5725,13.726],[100.573,13.7265],[100.573,13.7255],[100.5725,13.726]]],[[[100.573,13.7225],[100.573,13.723],[100.574,13.723],[100.573,13.7225]]],[[[100.5705,13.7345],[100.571,13.735],[100.5705,13.7345]]],[[[100.5715,13.732],[100.572,13.7315],[100.571,13.7305],[100.5715,13.732]]],[[[100.5715,13.7285],[100.572,13.7285],[100.5705,13.727],[100.5715,13.7275],[100.5715,13.7285]]],[[[100.5705,13.726],[100.571,13.726],[100.5705,13.726]]],[[[100.571,13.725]]],[[[100.5685,13.735],[100.568,13.735],[100.5685,13.735]]],[[[100.569,13.7325],[100.569,13.733],[100.569,13.7325]]],[[[100.5695,13.7315],[100.569,13.7315],[100.5695,13.7315]]],[[[100.57,13.728],[100.5695,13.728],[100.57,13.728]]],[[[100.5695,13.728],[100.569,13.726],[100.568,13.726],[100.569,13.7265],[100.5685,13.7275],[100.5695,13.728]]],[[[100.5685,13.7245]]],[[[100.5685,13.7255],[100.569,13.7255],[100.5685,13.7255]]],[[[100.5685,13.73],[100.569,13.7305],[100.569,13.73],[100.5685,13.73]]],[[[100.5695,13.732],[100.57,13.7325],[100.5695,13.732]]],[[[100.5705,13.7335],[100.57,13.734],[100.5705,13.734],[100.5705,13.7335]]],[[[100.5725,13.73],[100.5725,13.7295],[100.5725,13.73]]],[[[100.572,13.7275],[100.5715,13.726],[100.572,13.7275]]],[[[100.572,13.7345]]],[[[100.5715,13.733],[100.5725,13.7335],[100.572,13.7325],[100.5715,13.733]]],[[[100.575,13.73]]],[[[100.575,13.7295],[100.5745,13.7295],[100.575,13.7295]]],[[[100.575,13.7285]]],[[[100.5745,13.7275],[100.575,13.7275],[100.575,13.727],[100.5745,13.7275]]],[[[100.5745,13.721],[100.575,13.7215],[100.575,13.721],[100.5745,13.721]]],[[[100.575,13.7265],[100.575,13.726],[100.5745,13.726],[100.575,13.7265]]],[[[100.575,13.725],[100.5745,13.725],[100.5745,13.7255],[100.575,13.725]]],[[[100.5745,13.724],[100.5735,13.7245],[100.575,13.7245],[100.5745,13.724]]],[[[100.574,13.731],[100.574,13.732],[100.5745,13.732],[100.574,13.731]]],[[[100.574,13.734],[100.5735,13.734],[100.574,13.734]]],[[[100.575,13.7195],[100.575,13.72],[100.575,13.7195]]],[[[100.575,13.7305]]],[[[100.5775,13.7305],[100.5775,13.73],[100.5775,13.7305]]],[[[100.5775,13.73],[100.5775,13.729],[100.577,13.729],[100.577,13.73],[100.5775,13.73]]],[[[100.5775,13.7285],[100.5775,13.728],[100.5775,13.7285]]],[[[100.577,13.7275],[100.5775,13.7275],[100.577,13.727],[100.5775,13.7265],[100.5775,13.7255],[100.577,13.7265],[100.577,13.7275]]],[[[100.578,13.7235],[100.5785,13.724],[100.5785,13.7235],[100.578,13.7235]]],[[[100.576,13.729],[100.5765,13.7295],[100.576,13.729]]],[[[100.576,13.727],[100.576,13.728],[100.576,13.727]]],[[[100.576,13.7245],[100.5765,13.7245],[100.576,13.7245]]],[[[100.576,13.7265],[100.576,13.727],[100.576,13.7265]]],[[[100.5755,13.73]]],[[[100.5785,13.7205]]],[[[100.5785,13.7225],[100.5785,13.722],[100.5785,13.7225]]],[[[100.5785,13.7265]]],[[[100.587,13.721],[100.587,13.7215],[100.587,13.721]]],[[[100.588,13.7185],[100.5885,13.719],[100.5885,13.7185],[100.588,13.7185]]],[[[100.586,13.718],[100.588,13.7165],[100.5865,13.7165],[100.586,13.718]]],[[[100.585,13.7155],[100.5875,13.715],[100.5845,13.715],[100.585,13.7155]]],[[[100.587,13.7135],[100.5875,13.714],[100.5875,13.7135],[100.587,13.7135]]],[[[100.584,13.7255]]],[[[100.5835,13.7235]]],[[[100.5825,13.72],[100.5835,13.72],[100.5835,13.7175],[100.582,13.718],[100.581,13.7175],[100.581,13.7185],[100.582,13.718],[100.5835,13.719],[100.5825,13.72]]],[[[100.584,13.7165]]],[[[100.5815,13.727],[100.582,13.7275],[100.5805,13.7265],[100.5815,13.727]]],[[[100.5815,13.726],[100.581,13.7255],[100.5805,13.7255],[100.5805,13.726],[100.5815,13.726]]],[[[100.5815,13.7205]]],[[[100.5815,13.719],[100.581,13.72],[100.582,13.72],[100.5815,13.719]]],[[[100.5815,13.7165],[100.5835,13.7165],[100.583,13.7165],[100.5815,13.7165]]],[[[100.58,13.7295],[100.58,13.7305],[100.58,13.7295]]],[[[100.58,13.719],[100.5805,13.719],[100.5805,13.7185],[100.58,13.7185],[100.58,13.719]]],[[[100.58,13.7175],[100.5805,13.7175],[100.58,13.717],[100.58,13.7175]]],[[[100.5805,13.725],[100.5805,13.7245],[100.5805,13.725]]],[[[100.5825,13.7225],[100.582,13.723],[100.583,13.723],[100.5825,13.7225]]],[[[100.5825,13.724],[100.582,13.725],[100.5825,13.7255],[100.5825,13.724]]],[[[100.5855,13.726]]],[[[100.5855,13.7235],[100.5855,13.724],[100.5855,13.7235]]],[[[100.585,13.723]]],[[[100.5855,13.722],[100.5855,13.7215],[100.5855,13.722]]],[[[100.585,13.7215],[100.5855,13.7215],[100.585,13.7215]]],[[[100.5855,13.721]]],[[[100.585,13.7205],[100.5855,13.72],[100.585,13.72],[100.585,13.7205]]],[[[100.5855,13.7185],[100.5855,13.719],[100.5855,13.7185]]],[[[100.585,13.7165],[100.5855,13.7165],[100.585,13.7165]]],[[[100.585,13.714],[100.586,13.714],[100.586,13.7135],[100.5855,13.7135],[100.585,13.714]]],[[[100.586,13.718],[100.5865,13.718],[100.586,13.718]]],[[[100.5865,13.7235],[100.5865,13.724],[100.5865,13.7235]]],[[[100.586,13.725],[100.586,13.7245],[100.586,13.725]]],[[[100.59,13.7175]]],[[[100.591,13.714],[100.591,13.7135],[100.5905,13.7145],[100.591,13.714]]],[[[100.5925,13.7115]]],[[[100.5895,13.714],[100.5895,13.7145],[100.59,13.7135],[100.5895,13.714]]],[[[100.5895,13.712],[100.589,13.712],[100.589,13.7125],[100.5895,13.712]]],[[[100.5885,13.715]]],[[[100.589,13.7135],[100.588,13.714],[100.5885,13.7145],[100.589,13.7135]]],[[[100.5885,13.716]]],[[[100.5885,13.7155]]],[[[100.589,13.718],[100.5885,13.7175],[100.589,13.718]]],[[[100.593,13.7175],[100.593,13.717],[100.593,13.7175]]],[[[100.5925,13.716],[100.593,13.716],[100.5925,13.716]]],[[[100.5905,13.717],[100.591,13.7175],[100.5915,13.7175],[100.591,13.717],[100.5905,13.717]]],[[[100.5915,13.716],[100.5915,13.7165],[100.5915,13.716]]],[[[100.591,13.719]]],[[[100.591,13.7185]]],[[[100.591,13.7185]]],[[[100.592,13.7175],[100.592,13.718],[100.592,13.7175]]],[[[100.5945,13.705],[100.5945,13.7055],[100.5945,13.705]]],[[[100.5975,13.7075],[100.596,13.707],[100.597,13.708],[100.5975,13.7075]]],[[[100.5965,13.7055],[100.597,13.7055],[100.5965,13.7055]]],[[[100.596,13.704],[100.5955,13.704],[100.5955,13.7045],[100.596,13.7045],[100.596,13.704]]],[[[100.596,13.711],[100.5955,13.7115],[100.596,13.711]]],[[[100.596,13.7105]]],[[[100.597,13.7135],[100.597,13.714],[100.5975,13.7135],[100.597,13.7135]]],[[[100.597,13.715]]],[[[100.6085,13.701]]],[[[100.6065,13.7],[100.6075,13.7005],[100.608,13.7005],[100.6065,13.7]]],[[[100.6065,13.6975],[100.606,13.697],[100.606,13.6975],[100.6065,13.6975]]],[[[100.6075,13.696],[100.608,13.6965],[100.6085,13.6965],[100.6075,13.696]]],[[[100.6075,13.691],[100.6075,13.6905],[100.607,13.69],[100.607,13.6905],[100.6075,13.691]]],[[[100.608,13.6885],[100.6075,13.6885],[100.6075,13.689],[100.608,13.6885]]],[[[100.607,13.687]]],[[[100.603,13.7065],[100.601,13.7065],[100.6025,13.7075],[100.603,13.7065]]],[[[100.603,13.704],[100.603,13.705],[100.6035,13.7045],[100.6055,13.705],[100.6055,13.704],[100.603,13.704]]],[[[100.603,13.703]]],[[[100.603,13.701],[100.6015,13.7005],[100.603,13.701]]],[[[100.603,13.7]]],[[[100.6025,13.6985],[100.603,13.698],[100.6025,13.6985]]],[[[100.603,13.6955],[100.6025,13.696],[100.603,13.696],[100.603,13.6955]]],[[[100.603,13.6945]]],[[[100.6035,13.694],[100.603,13.694],[100.6035,13.694]]],[[[100.6025,13.693],[100.602,13.6925],[100.603,13.693],[100.6025,13.693]]],[[[100.604,13.693],[100.603,13.692],[100.604,13.693]]],[[[100.5995,13.696],[100.6,13.696],[100.6015,13.697],[100.6015,13.6965],[100.5995,13.696]]],[[[100.6005,13.695],[100.6,13.695],[100.5995,13.695],[100.6005,13.6955],[100.6005,13.695]]],[[[100.5995,13.71],[100.5995,13.7105],[100.5995,13.71]]],[[[100.5985,13.707],[100.5995,13.7075],[100.6,13.707],[100.5985,13.707]]],[[[100.5995,13.7045]]],[[[100.599,13.702],[100.6,13.703],[100.5995,13.702],[100.599,13.702]]],[[[100.599,13.7],[100.599,13.7005],[100.5995,13.7005],[100.599,13.7]]],[[[100.5985,13.701]]],[[[100.599,13.703]]],[[[100.6015,13.6955],[100.602,13.6955],[100.6015,13.6955]]],[[[100.601,13.6945],[100.6005,13.694],[100.601,13.6945]]],[[[100.6005,13.702],[100.601,13.703],[100.6015,13.7035],[100.601,13.7025],[100.6005,13.702]]],[[[100.6015,13.7015],[100.602,13.7015],[100.6015,13.7015]]],[[[100.602,13.695],[100.602,13.6945],[100.602,13.695]]],[[[100.6025,13.7035]]],[[[100.602,13.7015]]],[[[100.605,13.7075],[100.6055,13.7075],[100.605,13.7075]]],[[[100.605,13.7065],[100.6035,13.706],[100.604,13.706],[100.605,13.7065]]],[[[100.603,13.7085],[100.603,13.708],[100.603,13.7085]]],[[[100.602,13.7085],[100.602,13.708],[100.602,13.7085]]],[[[100.604,13.707]]],[[[100.604,13.7025],[100.6045,13.7025],[100.6035,13.702],[100.604,13.7025]]],[[[100.6045,13.697],[100.604,13.697],[100.6035,13.6975],[100.6045,13.6975],[100.6045,13.697]]],[[[100.605,13.696],[100.6045,13.696],[100.605,13.6965],[100.605,13.696]]],[[[100.605,13.694],[100.605,13.695],[100.606,13.694],[100.605,13.694]]],[[[100.6035,13.6935],[100.604,13.6935],[100.6035,13.6935]]],[[[100.6035,13.699],[100.603,13.699],[100.6035,13.6995],[100.6035,13.699]]],[[[100.6035,13.7035],[100.604,13.7035],[100.6035,13.7035]]],[[[100.606,13.6915],[100.6065,13.6915],[100.606,13.6915]]],[[[100.606,13.6865],[100.606,13.686],[100.606,13.6865]]],[[[100.6065,13.691]]],[[[100.605,13.6995],[100.606,13.6995],[100.605,13.6995]]],[[[100.607,13.7025],[100.6075,13.7025],[100.607,13.702],[100.607,13.7025]]],[[[100.606,13.7015],[100.606,13.702],[100.606,13.7015]]],[[[100.606,13.706],[100.6065,13.7065],[100.606,13.706]]],[[[100.603,13.672],[100.6025,13.6725],[100.604,13.6715],[100.603,13.671],[100.603,13.672]]],[[[100.6045,13.67]]],[[[100.6035,13.673],[100.6035,13.6735],[100.604,13.6735],[100.604,13.673],[100.6035,13.673]]],[[[100.605,13.672],[100.606,13.672],[100.6055,13.6705],[100.605,13.672]]],[[[100.605,13.673],[100.6055,13.673],[100.605,13.673]]],[[[100.607,13.679],[100.608,13.68],[100.6075,13.679],[100.607,13.679]]],[[[100.6075,13.6775]]],[[[100.606,13.677],[100.607,13.677],[100.6075,13.677],[100.606,13.677]]],[[[100.605,13.6775],[100.605,13.678],[100.605,13.6775]]],[[[100.6055,13.678],[100.6055,13.6775],[100.6055,13.678]]],[[[100.606,13.684],[100.6075,13.6845],[100.607,13.6835],[100.608,13.6835],[100.61,13.6855],[100.6095,13.6835],[100.6085,13.683],[100.609,13.682],[100.607,13.6825],[100.606,13.684]]],[[[100.607,13.6815]]],[[[100.609,13.678],[100.6095,13.6785],[100.6105,13.6785],[100.6105,13.678],[100.609,13.678]]],[[[100.611,13.677]]],[[[100.6085,13.679]]],[[[100.6085,13.6765],[100.6085,13.676],[100.6085,13.6765]]],[[[100.608,13.6775]]],[[[100.609,13.6775],[100.61,13.6775],[100.609,13.6775]]],[[[100.6095,13.69],[100.609,13.69],[100.6095,13.69]]],[[[100.609,13.686]]],[[[100.61,13.683]]],[[[100.6095,13.687],[100.609,13.688],[100.6095,13.687]]],[[[100.61,13.688],[100.6095,13.689],[100.61,13.688]]],[[[100.608,13.6865],[100.6085,13.6865],[100.608,13.6865]]],[[[100.6095,13.6865]]],[[[100.6085,13.6885],[100.6085,13.689],[100.609,13.6885],[100.6085,13.6885]]],[[[100.608,13.6925],[100.608,13.693],[100.608,13.6925]]],[[[100.609,13.6915],[100.609,13.691],[100.609,13.6915]]],[[[100.61,13.698]]],[[[100.614,13.679],[100.614,13.6795],[100.614,13.679]]],[[[100.612,13.679]]],[[[100.611,13.682],[100.6115,13.683],[100.612,13.682],[100.6115,13.6815],[100.611,13.682]]],[[[100.611,13.6865],[100.6115,13.687],[100.611,13.6865]]],[[[100.611,13.6855],[100.6115,13.686],[100.611,13.6855]]],[[[100.6125,13.686]]],[[[100.612,13.6985],[100.6115,13.6985],[100.612,13.6985]]],[[[100.5975,13.7435],[100.598,13.7445],[100.5985,13.744],[100.5975,13.7435]]],[[[100.5975,13.7425],[100.598,13.7425],[100.5975,13.7425]]],[[[100.5985,13.741]]],[[[100.5795,13.744],[100.579,13.744],[100.5795,13.744]]],[[[100.574,13.746],[100.5735,13.7465],[100.5735,13.747],[100.574,13.746]]],[[[100.5685,13.7475],[100.57,13.7475],[100.5695,13.747],[100.5685,13.7475]]],[[[100.577,13.7415],[100.577,13.742],[100.577,13.7415]]],[[[100.5785,13.7435],[100.5775,13.7445],[100.5785,13.7445],[100.5785,13.7435]]],[[[100.58,13.739],[100.58,13.74],[100.582,13.739],[100.58,13.739]]],[[[100.5795,13.738],[100.5795,13.7385],[100.5795,13.738]]],[[[100.587,13.7425],[100.5875,13.7405],[100.587,13.741],[100.5865,13.7395],[100.5855,13.7405],[100.5865,13.7415],[100.586,13.7425],[100.587,13.7425]]],[[[100.588,13.7395],[100.589,13.7405],[100.588,13.7395],[100.5885,13.739],[100.588,13.7395]]],[[[100.584,13.7415],[100.5845,13.7425],[100.585,13.743],[100.5845,13.7415],[100.584,13.7415]]],[[[100.5835,13.7395],[100.584,13.7405],[100.5845,13.7405],[100.584,13.7395],[100.5835,13.7395]]],[[[100.583,13.739],[100.5835,13.739],[100.583,13.739]]],[[[100.582,13.7435],[100.5815,13.7435],[100.582,13.7435]]],[[[100.582,13.741],[100.5815,13.74],[100.582,13.741]]],[[[100.5805,13.7405],[100.581,13.741],[100.581,13.7405],[100.5805,13.7405]]],[[[100.5805,13.745],[100.581,13.745],[100.5805,13.745]]],[[[100.5825,13.742],[100.582,13.7425],[100.5825,13.7435],[100.5835,13.743],[100.5825,13.742]]],[[[100.5855,13.7435],[100.585,13.7435],[100.5855,13.7435]]],[[[100.594,13.742],[100.5945,13.742],[100.5935,13.742],[100.594,13.742]]],[[[100.5895,13.743],[100.591,13.7425],[100.5895,13.743]]],[[[100.59,13.7415],[100.5895,13.742],[100.591,13.7415],[100.59,13.7415]]],[[[100.59,13.7385]]],[[[100.5895,13.738]]],[[[100.593,13.7425],[100.593,13.742],[100.592,13.742],[100.592,13.7425],[100.593,13.7425]]],[[[100.5935,13.7385],[100.594,13.739],[100.5935,13.7385]]],[[[100.591,13.7365],[100.5915,13.7365],[100.591,13.7365]]],[[[100.592,13.7405],[100.592,13.74],[100.5915,13.7405],[100.592,13.7405]]],[[[100.5915,13.739]]],[[[100.5915,13.7395]]],[[[100.5945,13.74],[100.5935,13.7395],[100.594,13.7405],[100.5945,13.74]]],[[[100.597,13.7445],[100.5965,13.7445],[100.597,13.7445]]],[[[100.596,13.7425],[100.5965,13.7425],[100.596,13.7425]]],[[[100.595,13.7415],[100.5955,13.742],[100.596,13.7415],[100.595,13.7415]]],[[[100.596,13.744]]],[[[100.601,13.745],[100.6,13.7455],[100.601,13.745]]],[[[100.6015,13.741],[100.602,13.741],[100.6015,13.741]]],[[[100.5995,13.744],[100.6,13.745],[100.601,13.7435],[100.5995,13.744]]],[[[100.6,13.7425],[100.5995,13.7425],[100.6,13.7425]]],[[[100.5995,13.7465]]],[[[100.604,13.745]]],[[[100.6035,13.741],[100.603,13.741],[100.6035,13.741]]],[[[100.602,13.7435],[100.602,13.743],[100.602,13.7435]]],[[[100.6025,13.7455],[100.603,13.746],[100.6025,13.7455]]],[[[100.604,13.743],[100.6035,13.7425],[100.604,13.743]]],[[[100.604,13.747]]],[[[100.6045,13.747]]],[[[100.6055,13.753]]],[[[100.6035,13.752],[100.6045,13.753],[100.605,13.7525],[100.6035,13.752]]],[[[100.6075,13.759],[100.607,13.7585],[100.6075,13.759]]],[[[100.615,13.765]]],[[[100.6155,13.763]]],[[[100.613,13.7615],[100.6145,13.7625],[100.615,13.7615],[100.614,13.761],[100.613,13.7615]]],[[[100.616,13.7595],[100.615,13.7605],[100.6155,13.7605],[100.616,13.7595]]],[[[100.6145,13.7595],[100.615,13.7595],[100.6145,13.7595]]],[[[100.615,13.756],[100.615,13.7565],[100.615,13.756]]],[[[100.612,13.7585],[100.611,13.758],[100.6115,13.759],[100.612,13.7585]]],[[[100.611,13.7555],[100.6105,13.7565],[100.611,13.756],[100.611,13.7555]]],[[[100.6115,13.7555]]],[[[100.61,13.758],[100.6095,13.757],[100.61,13.758]]],[[[100.614,13.7535],[100.614,13.753],[100.614,13.7535]]],[[[100.614,13.7555],[100.6145,13.755],[100.614,13.7555]]],[[[100.6125,13.756],[100.612,13.756],[100.612,13.7565],[100.6125,13.756]]],[[[100.6255,13.759],[100.625,13.76],[100.626,13.759],[100.6255,13.759]]],[[[100.6205,13.764],[100.622,13.7645],[100.6235,13.763],[100.6205,13.7625],[100.6205,13.764]]],[[[100.6195,13.761],[100.619,13.761],[100.6195,13.761]]],[[[100.616,13.7565],[100.616,13.757],[100.6175,13.7585],[100.6175,13.758],[100.6165,13.7575],[100.6165,13.7565],[100.616,13.7565]]],[[[100.6185,13.7575]]],[[[100.618,13.7565]]],[[[100.619,13.7565],[100.619,13.756],[100.619,13.7565]]],[[[100.6185,13.7555]]],[[[100.619,13.759],[100.6185,13.759],[100.619,13.759]]],[[[100.619,13.7585]]],[[[100.62,13.759],[100.6195,13.7595],[100.6205,13.7595],[100.62,13.759]]],[[[100.6155,13.758]]],[[[100.6165,13.761],[100.617,13.7605],[100.6165,13.7605],[100.6165,13.761]]],[[[100.6185,13.762],[100.618,13.763],[100.619,13.764],[100.6185,13.762]]],[[[100.6225,13.759],[100.6225,13.7585],[100.622,13.759],[100.6225,13.759]]],[[[100.622,13.7595],[100.6215,13.7595],[100.6225,13.7595],[100.622,13.7595]]],[[[100.624,13.759],[100.6235,13.7595],[100.6245,13.7595],[100.624,13.759]]],[[[100.6235,13.7645]]],[[[100.6225,13.765],[100.6225,13.7645],[100.6225,13.765]]],[[[100.622,13.767],[100.6225,13.7665],[100.622,13.767]]],[[[100.626,13.762],[100.626,13.7615],[100.626,13.762],[100.627,13.762],[100.627,13.7615],[100.626,13.762]]],[[[100.6275,13.762],[100.628,13.761],[100.6275,13.761],[100.6275,13.762]]],[[[100.6285,13.761],[100.629,13.7615],[100.6285,13.761]]],[[[100.63,13.7805]]],[[[100.6295,13.7735],[100.6295,13.774],[100.6295,13.7735]]],[[[100.6295,13.7715],[100.6295,13.7725],[100.6295,13.7715]]],[[[100.627,13.7725]]],[[[100.6275,13.773],[100.627,13.774],[100.628,13.7735],[100.6285,13.772],[100.627,13.7715],[100.6275,13.773]]],[[[100.6295,13.781]]],[[[100.631,13.7705],[100.631,13.771],[100.632,13.771],[100.631,13.7705]]],[[[100.6325,13.7715],[100.6325,13.772],[100.6325,13.7715]]],[[[100.632,13.77],[100.632,13.769],[100.632,13.77]]],[[[100.633,13.776],[100.632,13.776],[100.633,13.776]]],[[[100.633,13.7735]]],[[[100.669,13.7795],[100.6695,13.7785],[100.669,13.7785],[100.6695,13.7785],[100.669,13.7795]]],[[[100.6715,13.7785],[100.672,13.779],[100.6725,13.778],[100.672,13.7775],[100.6715,13.7785]]],[[[100.673,13.7785]]],[[[100.646,13.7695],[100.6455,13.7695],[100.646,13.7695]]],[[[100.6435,13.765],[100.642,13.765],[100.642,13.767],[100.6435,13.7665],[100.6435,13.765]]],[[[100.6445,13.766],[100.6445,13.765],[100.644,13.765],[100.6445,13.766]]],[[[100.644,13.7675],[100.644,13.768],[100.644,13.7675]]],[[[100.6505,13.7645],[100.6505,13.766],[100.651,13.765],[100.6505,13.7645]]],[[[100.65,13.767],[100.6495,13.7665],[100.649,13.766],[100.65,13.767]]],[[[100.6505,13.7605],[100.65,13.7605],[100.65,13.761],[100.6505,13.7605]]],[[[100.6465,13.7645],[100.646,13.764],[100.646,13.7645],[100.6465,13.7645]]],[[[100.648,13.7645],[100.6475,13.7645],[100.648,13.7645]]],[[[100.6505,13.7675]]],[[[100.6495,13.7705],[100.6495,13.771],[100.6495,13.7705]]],[[[100.6515,13.7725],[100.654,13.773],[100.653,13.7715],[100.652,13.772],[100.6525,13.771],[100.652,13.77],[100.6515,13.7725]]],[[[100.6565,13.773],[100.656,13.773],[100.6565,13.773]]],[[[100.6535,13.7675],[100.653,13.768],[100.6535,13.768],[100.6535,13.7675]]],[[[100.6545,13.768]]],[[[100.657,13.768],[100.6545,13.769],[100.656,13.77],[100.657,13.768]]],[[[100.657,13.7675]]],[[[100.6525,13.7655],[100.6515,13.7665],[100.6525,13.7665],[100.6525,13.7655]]],[[[100.6545,13.7665],[100.654,13.767],[100.6545,13.7665]]],[[[100.654,13.771],[100.654,13.77],[100.6535,13.7705],[100.654,13.771]]],[[[100.6525,13.7685]]],[[[100.6565,13.7735]]],[[[100.6655,13.773],[100.6645,13.7725],[100.6635,13.7735],[100.6645,13.7745],[100.6655,13.773]]],[[[100.671,13.777],[100.67,13.7775],[100.6705,13.778],[100.671,13.777]]],[[[100.6885,13.789],[100.6885,13.7895],[100.6885,13.789]]],[[[100.691,13.789]]],[[[100.6915,13.7895]]],[[[100.693,13.7895],[100.692,13.79],[100.6935,13.7905],[100.694,13.79],[100.693,13.7895]]],[[[100.6735,13.785],[100.6735,13.7845],[100.6735,13.785]]],[[[100.674,13.7855],[100.6735,13.786],[100.674,13.7865],[100.674,13.7855]]],[[[100.676,13.785],[100.676,13.7855],[100.676,13.785]]],[[[100.6785,13.784],[100.6785,13.785],[100.679,13.7845],[100.6785,13.784]]],[[[100.6725,13.78],[100.6725,13.7805],[100.6725,13.78]]],[[[100.669,13.7835],[100.6705,13.782],[100.6695,13.7815],[100.6685,13.7835],[100.669,13.7835]]],[[[100.6705,13.779],[100.67,13.7805],[100.6705,13.779]]],[[[100.6715,13.78],[100.6715,13.7795],[100.6705,13.781],[100.671,13.781],[100.6715,13.78]]],[[[100.669,13.784],[100.669,13.7845],[100.669,13.784]]],[[[100.671,13.785],[100.6695,13.7845],[100.671,13.785]]],[[[100.671,13.784]]],[[[100.6715,13.783],[100.671,13.7835],[100.671,13.784],[100.6715,13.783]]],[[[100.6735,13.776],[100.674,13.7755],[100.6735,13.776]]],[[[100.675,13.7765],[100.675,13.777],[100.675,13.7765]]],[[[100.6765,13.7825],[100.677,13.783],[100.676,13.7845],[100.6775,13.783],[100.676,13.782],[100.6765,13.7825]]],[[[100.675,13.784],[100.675,13.7845],[100.675,13.784]]],[[[100.679,13.7835],[100.6785,13.7835],[100.679,13.7835]]],[[[100.6775,13.784]]],[[[100.679,13.787]]],[[[100.6785,13.7865],[100.679,13.7865],[100.6785,13.786],[100.6785,13.7865]]],[[[100.6755,13.7875],[100.6755,13.7865],[100.675,13.787],[100.6755,13.7875]]],[[[100.678,13.7865],[100.6775,13.7855],[100.677,13.787],[100.678,13.7865]]],[[[100.681,13.785]]],[[[100.684,13.788],[100.6845,13.788],[100.684,13.788]]],[[[100.685,13.788],[100.685,13.7885],[100.685,13.788]]],[[[100.6855,13.7875],[100.686,13.7875],[100.6855,13.7875]]],[[[100.686,13.7885],[100.6865,13.788],[100.686,13.7885]]],[[[100.6875,13.7885],[100.687,13.7885],[100.687,13.789],[100.6875,13.7885]]],[[[100.6915,13.7885],[100.6915,13.788],[100.6915,13.7885]]],[[[100.6955,13.7875]]],[[[100.697,13.797],[100.6975,13.7975],[100.6995,13.7945],[100.6965,13.793],[100.6965,13.795],[100.698,13.7945],[100.6985,13.795],[100.697,13.797]]],[[[100.7,13.7985],[100.6985,13.798],[100.7,13.7985]]],[[[100.7005,13.7975]]],[[[100.6965,13.792],[100.6965,13.7925],[100.6965,13.792]]],[[[100.697,13.791],[100.6975,13.791],[100.697,13.791]]],[[[100.696,13.792],[100.6965,13.79],[100.6955,13.7915],[100.696,13.792]]],[[[100.695,13.791],[100.695,13.7915],[100.695,13.791]]],[[[100.688,13.79],[100.688,13.7905],[100.6885,13.7905],[100.688,13.79]]],[[[100.6905,13.79],[100.691,13.7905],[100.6905,13.79]]],[[[100.6955,13.795],[100.6955,13.7955],[100.6955,13.795]]],[[[100.6985,13.792],[100.6985,13.7925],[100.6985,13.792]]],[[[100.6995,13.792],[100.7,13.792],[100.6995,13.792]]],[[[100.6985,13.7925],[100.6975,13.7925],[100.6975,13.793],[100.698,13.793],[100.6985,13.7925]]],[[[100.7005,13.7955],[100.7,13.795],[100.6995,13.7955],[100.7005,13.7955]]],[[[100.699,13.797],[100.699,13.7965],[100.699,13.797]]],[[[100.7045,13.798],[100.704,13.7975],[100.704,13.798],[100.7045,13.798]]],[[[100.7075,13.801],[100.708,13.8005],[100.707,13.8],[100.7075,13.801]]],[[[100.7055,13.7985]]],[[[100.7065,13.8],[100.706,13.8005],[100.7065,13.8005],[100.7065,13.8]]],[[[100.7055,13.7995]]],[[[100.7085,13.8015],[100.7085,13.801],[100.7085,13.8015]]],[[[100.5785,13.8025],[100.5785,13.803],[100.5785,13.8025]]],[[[100.5785,13.8015]]],[[[100.5785,13.7875],[100.5785,13.787],[100.5785,13.7875]]],[[[100.5795,13.78]]],[[[100.58,13.7535]]],[[[100.5725,13.81]]],[[[100.573,13.8055],[100.573,13.805],[100.5725,13.805],[100.573,13.8055]]],[[[100.574,13.8045],[100.574,13.804],[100.574,13.8045]]],[[[100.5735,13.7975],[100.5735,13.797],[100.5735,13.7975]]],[[[100.5735,13.795],[100.5735,13.7945],[100.5735,13.795]]],[[[100.5735,13.7935],[100.5735,13.7915],[100.5725,13.7915],[100.571,13.793],[100.5715,13.7935],[100.5725,13.793],[100.573,13.792],[100.5735,13.7935]]],[[[100.5735,13.783],[100.572,13.782],[100.572,13.783],[100.5735,13.783]]],[[[100.574,13.7535],[100.5735,13.7535],[100.5735,13.754],[100.574,13.7535]]],[[[100.568,13.7555],[100.5685,13.7555],[100.568,13.7555]]],[[[100.5695,13.755],[100.5695,13.7555],[100.5695,13.755]]],[[[100.5715,13.769],[100.571,13.7695],[100.5715,13.769]]],[[[100.57,13.7685],[100.5705,13.7685],[100.571,13.768],[100.57,13.7685]]],[[[100.571,13.766],[100.5725,13.7675],[100.572,13.7645],[100.571,13.766]]],[[[100.5695,13.7665],[100.5695,13.766],[100.5695,13.7665]]],[[[100.5705,13.7795],[100.5705,13.78],[100.5705,13.7795]]],[[[100.5695,13.7775],[100.569,13.7775],[100.569,13.778],[100.5695,13.778],[100.5695,13.7775]]],[[[100.5695,13.787],[100.57,13.7875],[100.5705,13.787],[100.5695,13.787]]],[[[100.569,13.789],[100.5685,13.7885],[100.5685,13.789],[100.569,13.789]]],[[[100.57,13.8085],[100.5705,13.809],[100.5705,13.8085],[100.57,13.8085]]],[[[100.5705,13.804],[100.5705,13.8035],[100.5705,13.804]]],[[[100.569,13.8045]]],[[[100.5695,13.8075],[100.5695,13.808],[100.5695,13.8075]]],[[[100.5725,13.7705],[100.572,13.77],[100.5725,13.7705]]],[[[100.572,13.797],[100.572,13.7965],[100.572,13.797]]],[[[100.5735,13.7895],[100.573,13.7895],[100.5735,13.7895]]],[[[100.572,13.786],[100.573,13.785],[100.5715,13.7855],[100.571,13.785],[100.572,13.786]]],[[[100.5725,13.784]]],[[[100.573,13.7765],[100.573,13.776],[100.5725,13.776],[100.573,13.7765]]],[[[100.5715,13.7785],[100.572,13.7785],[100.5715,13.7785]]],[[[100.5705,13.781],[100.5705,13.7805],[100.5705,13.781]]],[[[100.5715,13.784]]],[[[100.5715,13.79],[100.5715,13.7905],[100.5715,13.79]]],[[[100.5725,13.777],[100.572,13.777],[100.5725,13.777]]],[[[100.572,13.7765]]],[[[100.572,13.7815]]],[[[100.572,13.787]]],[[[100.572,13.7885],[100.5725,13.7885],[100.572,13.7885]]],[[[100.5715,13.8095]]],[[[100.572,13.8075]]],[[[100.572,13.8055],[100.572,13.806],[100.572,13.8055]]],[[[100.5705,13.8115],[100.571,13.8115],[100.5705,13.8115]]],[[[100.571,13.8065],[100.571,13.8055],[100.571,13.8065]]],[[[100.5715,13.808],[100.571,13.808],[100.5715,13.808]]],[[[100.5725,13.757]]],[[[100.572,13.762],[100.5715,13.762],[100.572,13.762]]],[[[100.5725,13.8035],[100.5725,13.804],[100.5725,13.8035]]],[[[100.572,13.7955],[100.5725,13.794],[100.572,13.7955]]],[[[100.572,13.799],[100.572,13.7985],[100.5715,13.799],[100.572,13.799]]],[[[100.572,13.8015]]],[[[100.5725,13.811],[100.572,13.811],[100.5725,13.811]]],[[[100.572,13.813],[100.572,13.8125],[100.572,13.813]]],[[[100.573,13.779]]],[[[100.576,13.808],[100.576,13.8085],[100.576,13.808]]],[[[100.576,13.807]]],[[[100.5755,13.787],[100.576,13.787],[100.5755,13.787]]],[[[100.576,13.785]]],[[[100.5755,13.78]]],[[[100.5745,13.8095],[100.574,13.8105],[100.5745,13.8105],[100.574,13.808],[100.5745,13.8095]]],[[[100.5745,13.786]]],[[[100.575,13.785],[100.575,13.7845],[100.575,13.785]]],[[[100.5745,13.7815]]],[[[100.575,13.779]]],[[[100.574,13.7775],[100.5745,13.7775],[100.5745,13.776],[100.574,13.7775]]],[[[100.5745,13.7755]]],[[[100.5735,13.8095]]],[[[100.5735,13.8055]]],[[[100.575,13.7735]]],[[[100.577,13.791]]],[[[100.577,13.7905],[100.5775,13.79],[100.577,13.79],[100.577,13.7905]]],[[[100.5765,13.7775],[100.5765,13.778],[100.5765,13.7775]]],[[[100.579,13.7765],[100.5795,13.777],[100.579,13.7765]]],[[[100.578,13.7855],[100.578,13.785],[100.578,13.7855]]],[[[100.576,13.807],[100.577,13.8075],[100.577,13.807],[100.576,13.807]]],[[[100.5765,13.8035],[100.5765,13.804],[100.5765,13.8035]]],[[[100.5765,13.801],[100.576,13.801],[100.5765,13.801]]],[[[100.5765,13.809]]],[[[100.5755,13.7565]]],[[[100.574,13.755],[100.574,13.7545],[100.574,13.755]]],[[[100.5755,13.76]]],[[[100.577,13.759]]],[[[100.577,13.7565],[100.5765,13.7565],[100.5765,13.757],[100.577,13.7565]]],[[[100.5765,13.7545],[100.5765,13.754],[100.5765,13.7545]]],[[[100.5775,13.759],[100.578,13.759],[100.578,13.7585],[100.578,13.758],[100.578,13.7575],[100.5775,13.7575],[100.578,13.7585],[100.5775,13.759]]],[[[100.5795,13.788],[100.5795,13.7885],[100.5795,13.788]]],[[[100.512,13.8095],[100.514,13.8105],[100.514,13.809],[100.512,13.8095]]],[[[100.4495,13.7385]]],[[[100.4535,13.738]]],[[[100.4535,13.736],[100.453,13.7365],[100.453,13.737],[100.4535,13.736]]],[[[100.4515,13.738],[100.452,13.737],[100.4515,13.738]]],[[[100.456,13.7755],[100.4575,13.7745],[100.456,13.7745],[100.4565,13.774],[100.456,13.7725],[100.455,13.7725],[100.4545,13.7735],[100.455,13.7755],[100.456,13.7755]]],[[[100.4555,13.778],[100.455,13.7785],[100.4555,13.7785],[100.4555,13.778]]],[[[100.454,13.775],[100.4535,13.778],[100.4545,13.776],[100.454,13.775]]],[[[100.457,13.78],[100.4575,13.7795],[100.457,13.78]]],[[[100.484,13.9135],[100.486,13.912],[100.4855,13.9115],[100.4845,13.913],[100.4835,13.9125],[100.484,13.9135]]],[[[100.478,13.9155],[100.478,13.915],[100.4775,13.915],[100.478,13.915],[100.478,13.9155]]],[[[100.488,13.906],[100.489,13.9075],[100.49,13.905],[100.488,13.906]]],[[[100.4855,13.905],[100.487,13.9055],[100.486,13.9045],[100.4855,13.905]]],[[[100.4845,13.9055],[100.4845,13.906],[100.485,13.906],[100.485,13.9055],[100.4845,13.9055]]],[[[100.487,13.913],[100.4895,13.9125],[100.4865,13.912],[100.487,13.913]]],[[[100.49,13.912]]],[[[100.4895,13.911],[100.4895,13.91],[100.4895,13.911]]],[[[100.489,13.908],[100.4895,13.909],[100.49,13.9075],[100.489,13.908]]],[[[100.489,13.9115]]],[[[100.4905,13.911],[100.4905,13.9105],[100.4905,13.911]]],[[[100.488,13.704],[100.4885,13.704],[100.488,13.704]]],[[[100.4865,13.705],[100.486,13.705],[100.4865,13.705]]],[[[100.4875,13.699]]],[[[100.487,13.701]]],[[[100.4915,13.706]]],[[[100.4895,13.703],[100.489,13.7035],[100.49,13.703],[100.4895,13.703]]],[[[100.491,13.705],[100.491,13.7055],[100.491,13.705]]],[[[100.49,13.703]]],[[[100.49,13.704],[100.49,13.7035],[100.49,13.704]]],[[[100.49,13.7035]]],[[[100.493,13.8305],[100.4935,13.831],[100.4945,13.83],[100.493,13.8305]]],[[[100.4935,13.827],[100.493,13.828],[100.494,13.8275],[100.4935,13.827]]],[[[100.4925,13.8255],[100.4925,13.826],[100.4935,13.8255],[100.4935,13.824],[100.4925,13.8255]]],[[[100.4915,13.83],[100.492,13.8295],[100.4915,13.83]]],[[[100.495,13.8285],[100.4955,13.8285],[100.4955,13.828],[100.495,13.8285]]],[[[100.4955,13.826]]],[[[100.495,13.8255],[100.495,13.825],[100.4945,13.8255],[100.495,13.8255]]],[[[100.4945,13.8245],[100.495,13.825],[100.4945,13.8245]]],[[[100.496,13.822],[100.4955,13.822],[100.496,13.822]]],[[[100.494,13.8265]]],[[[100.494,13.826]]],[[[100.495,13.8275]]],[[[100.4975,13.8215]]],[[[100.4975,13.821]]],[[[100.494,13.842],[100.494,13.8425],[100.494,13.842]]],[[[100.4935,13.841],[100.494,13.841],[100.493,13.84],[100.4925,13.8405],[100.4935,13.841]]],[[[100.494,13.8395]]],[[[100.4935,13.838]]],[[[100.497,13.844],[100.497,13.8445],[100.497,13.844]]],[[[100.4965,13.842],[100.497,13.8415],[100.4965,13.8415],[100.4965,13.842]]],[[[100.495,13.842],[100.495,13.843],[100.495,13.842]]],[[[100.4955,13.8415],[100.4955,13.841],[100.4955,13.8415]]],[[[100.4945,13.841]]],[[[100.495,13.84]]],[[[100.502,13.8345],[100.5015,13.8345],[100.502,13.8345]]],[[[100.4985,13.8355],[100.499,13.8355],[100.4985,13.8355]]],[[[100.4985,13.8345],[100.498,13.835],[100.4985,13.835],[100.4985,13.8345]]],[[[100.499,13.8315],[100.499,13.832],[100.4995,13.8315],[100.499,13.8315]]],[[[100.499,13.833],[100.4995,13.8335],[100.5,13.832],[100.499,13.833]]],[[[100.5005,13.8355]]],[[[100.5005,13.8305],[100.5005,13.831],[100.5005,13.8305]]],[[[100.5025,13.824],[100.5025,13.8245],[100.5025,13.824]]],[[[100.5025,13.8225],[100.503,13.8235],[100.5035,13.8225],[100.503,13.823],[100.5025,13.8225]]],[[[100.502,13.8255],[100.502,13.826],[100.502,13.8255]]],[[[100.502,13.825]]],[[[100.5055,13.8255],[100.5055,13.826],[100.5055,13.8255]]],[[[100.5045,13.8195],[100.5055,13.8195],[100.505,13.819],[100.5045,13.8195]]],[[[100.505,13.825]]],[[[100.505,13.934],[100.506,13.934],[100.505,13.934]]],[[[100.5065,13.932],[100.5065,13.9325],[100.507,13.932],[100.5065,13.932]]],[[[100.505,13.9305],[100.5055,13.931],[100.506,13.931],[100.5055,13.9305],[100.505,13.9305]]],[[[100.506,13.93],[100.506,13.9295],[100.506,13.93]]],[[[100.508,13.931],[100.5075,13.931],[100.508,13.931]]],[[[100.5155,13.791],[100.515,13.7915],[100.5155,13.791]]],[[[100.516,13.7895],[100.5155,13.7895],[100.516,13.7895]]],[[[100.5115,13.786],[100.511,13.7865],[100.512,13.786],[100.5115,13.786]]],[[[100.5105,13.7865]]],[[[100.511,13.7855],[100.5105,13.7855],[100.511,13.7855]]],[[[100.5095,13.787]]],[[[100.5095,13.7855]]],[[[100.513,13.7865],[100.5135,13.786],[100.513,13.786],[100.513,13.7865]]],[[[100.5125,13.7855]]],[[[100.5125,13.784],[100.513,13.784],[100.5125,13.784]]],[[[100.513,13.791],[100.513,13.7915],[100.513,13.791]]],[[[100.5135,13.7895],[100.513,13.7895],[100.5135,13.7895]]],[[[100.5145,13.792]]],[[[100.514,13.7875]]],[[[100.5165,13.7865],[100.5155,13.787],[100.5165,13.7865]]],[[[100.519,13.674],[100.519,13.6735],[100.519,13.674]]],[[[100.527,13.682],[100.5275,13.6825],[100.527,13.682]]],[[[100.5285,13.6815],[100.5285,13.682],[100.529,13.6815],[100.5285,13.6815]]],[[[100.531,13.6795]]],[[[100.531,13.678],[100.531,13.6785],[100.531,13.678]]],[[[100.536,13.672],[100.5365,13.6715],[100.5355,13.6715],[100.536,13.672]]],[[[100.5395,13.672],[100.5395,13.6715],[100.5395,13.672]]],[[[100.5455,13.6775],[100.5455,13.678],[100.546,13.678],[100.5455,13.6775]]],[[[100.5485,13.685]]],[[[100.5565,13.839],[100.5575,13.8405],[100.557,13.839],[100.5565,13.839]]],[[[100.55,13.831]]],[[[100.5505,13.83]]],[[[100.5565,13.8375],[100.556,13.837],[100.5565,13.838],[100.5565,13.8375]]],[[[100.5575,13.851],[100.557,13.851],[100.5575,13.851]]],[[[100.5575,13.85]]],[[[100.5595,13.8495]]],[[[100.5585,13.85],[100.5585,13.8495],[100.5585,13.85]]],[[[100.5615,13.854],[100.562,13.854],[100.562,13.8535],[100.5615,13.8535],[100.5615,13.854]]],[[[100.562,13.852],[100.5625,13.852],[100.562,13.852]]],[[[100.561,13.8505],[100.5615,13.8495],[100.56,13.849],[100.561,13.8505]]],[[[100.562,13.847]]],[[[100.561,13.852],[100.561,13.8525],[100.561,13.852]]],[[[100.5605,13.851],[100.56,13.851],[100.5605,13.851]]],[[[100.5625,13.853]]],[[[100.563,13.854]]],[[[100.5675,13.862],[100.5675,13.8625],[100.5675,13.862]]],[[[100.568,13.7065],[100.567,13.707],[100.568,13.7065]]],[[[100.565,13.7115],[100.565,13.711],[100.5645,13.7115],[100.5645,13.712],[100.565,13.7115]]],[[[100.565,13.709]]],[[[100.5665,13.709],[100.567,13.7085],[100.5665,13.709]]],[[[100.586,13.622],[100.5885,13.6215],[100.5875,13.621],[100.586,13.622]]],[[[100.593,13.6225],[100.5935,13.6225],[100.593,13.6225]]],[[[100.592,13.6245]]],[[[100.5915,13.6245],[100.592,13.6245],[100.5915,13.6245]]],[[[100.5905,13.6215],[100.593,13.622],[100.593,13.621],[100.591,13.6205],[100.5905,13.6215]]],[[[100.5905,13.626]]],[[[100.591,13.623],[100.592,13.623],[100.5905,13.623],[100.591,13.623]]],[[[100.588,13.6735]]],[[[100.589,13.6735],[100.5885,13.6735],[100.589,13.6735]]],[[[100.5925,13.677],[100.593,13.6765],[100.5925,13.677]]],[[[100.5925,13.6745],[100.5925,13.675],[100.593,13.675],[100.5925,13.6745]]],[[[100.59,13.678],[100.5895,13.678],[100.59,13.678]]],[[[100.589,13.6775],[100.5895,13.677],[100.589,13.677],[100.589,13.6775]]],[[[100.588,13.675],[100.5905,13.674],[100.588,13.675]]],[[[100.588,13.676],[100.588,13.6765],[100.588,13.676]]],[[[100.5915,13.6785]]],[[[100.595,13.6345],[100.5945,13.6335],[100.594,13.6335],[100.595,13.6345]]],[[[100.596,13.6385],[100.5955,13.638],[100.596,13.6385]]],[[[100.596,13.6365],[100.5965,13.6375],[100.5965,13.638],[100.596,13.6365]]],[[[100.595,13.633],[100.5955,13.635],[100.596,13.635],[100.595,13.633]]],[[[100.5955,13.6375],[100.595,13.6365],[100.5955,13.6375]]],[[[100.595,13.635],[100.595,13.6355],[100.595,13.635]]],[[[100.5935,13.6475],[100.594,13.6465],[100.593,13.647],[100.5935,13.6475]]],[[[100.5965,13.6015],[100.597,13.6015],[100.5965,13.6015]]],[[[100.597,13.596]]],[[[100.5965,13.59]]],[[[100.601,13.594]]],[[[100.601,13.5935]]],[[[100.5995,13.597],[100.599,13.597],[100.6,13.5975],[100.5995,13.597]]],[[[100.5985,13.595],[100.599,13.594],[100.599,13.5935],[100.5985,13.595]]],[[[100.598,13.5965]]],[[[100.6,13.5945]]],[[[100.601,13.596],[100.601,13.597],[100.601,13.596]]],[[[100.599,13.6065],[100.5985,13.6065],[100.599,13.6065]]],[[[100.5985,13.6055],[100.599,13.606],[100.599,13.6055],[100.5985,13.6055]]],[[[100.5995,13.6065],[100.5995,13.606],[100.5995,13.6065]]],[[[100.602,13.659],[100.6025,13.6615],[100.6025,13.6605],[100.604,13.66],[100.6035,13.6585],[100.602,13.659]]],[[[100.602,13.6575],[100.6025,13.6575],[100.602,13.6575]]],[[[100.5995,13.6615]]],[[[100.598,13.6615]]],[[[100.6,13.6615],[100.6,13.662],[100.6,13.6615]]],[[[100.601,13.656],[100.602,13.6565],[100.6015,13.6555],[100.601,13.656]]],[[[100.6045,13.6605],[100.604,13.6585],[100.6045,13.658],[100.604,13.658],[100.6045,13.6605]]],[[[100.604,13.661],[100.604,13.6615],[100.604,13.661]]],[[[100.6055,13.66]]],[[[100.606,13.661],[100.6055,13.661],[100.606,13.661]]],[[[100.608,13.6615],[100.608,13.662],[100.6085,13.662],[100.608,13.6615]]],[[[100.625,13.8565],[100.6255,13.8565],[100.625,13.8565]]],[[[100.6155,13.8665],[100.616,13.866],[100.6155,13.8665]]],[[[100.6145,13.865]]],[[[100.615,13.866],[100.6145,13.866],[100.615,13.866]]],[[[100.6215,13.8535]]],[[[100.622,13.867],[100.6215,13.8675],[100.6225,13.867],[100.622,13.867]]],[[[100.6215,13.866],[100.6225,13.866],[100.6225,13.8655],[100.6215,13.866]]],[[[100.6215,13.865]]],[[[100.621,13.863],[100.6215,13.864],[100.621,13.8615],[100.6195,13.8635],[100.621,13.863]]],[[[100.6215,13.862],[100.6215,13.8615],[100.6215,13.862]]],[[[100.6215,13.8585],[100.621,13.8585],[100.6215,13.8585]]],[[[100.618,13.868],[100.6185,13.8675],[100.618,13.8675],[100.618,13.868]]],[[[100.6205,13.868]]],[[[100.6185,13.864],[100.618,13.8645],[100.6185,13.864]]],[[[100.6195,13.864],[100.6195,13.8645],[100.6195,13.864]]],[[[100.6205,13.864]]],[[[100.6185,13.863]]],[[[100.6195,13.8625]]],[[[100.617,13.8655],[100.6165,13.8655],[100.6165,13.866],[100.617,13.8655]]],[[[100.617,13.8665],[100.618,13.866],[100.617,13.8665]]],[[[100.6185,13.8655]]],[[[100.6195,13.866],[100.619,13.8665],[100.6195,13.866]]],[[[100.616,13.865],[100.6165,13.865],[100.616,13.865]]],[[[100.618,13.865],[100.619,13.8645],[100.618,13.865]]],[[[100.621,13.865],[100.6205,13.8655],[100.621,13.865]]],[[[100.618,13.8665],[100.6175,13.867],[100.6185,13.8665],[100.618,13.8665]]],[[[100.6195,13.867]]],[[[100.62,13.8675],[100.6205,13.8675],[100.6205,13.867],[100.62,13.8675]]],[[[100.6245,13.858],[100.6245,13.8575],[100.6245,13.858]]],[[[100.623,13.855],[100.623,13.856],[100.6235,13.856],[100.6235,13.8555],[100.623,13.855]]],[[[100.622,13.8585],[100.622,13.858],[100.622,13.8585]]],[[[100.6245,13.8585],[100.625,13.8585],[100.6245,13.8585]]],[[[100.622,13.864],[100.6225,13.8645],[100.622,13.864]]],[[[100.623,13.8645],[100.6235,13.864],[100.623,13.864],[100.623,13.8645]]],[[[100.646,13.8465],[100.647,13.8465],[100.6465,13.846],[100.647,13.845],[100.646,13.8455],[100.646,13.8465]]],[[[100.63,13.858],[100.629,13.858],[100.631,13.8585],[100.6305,13.8575],[100.63,13.858]]],[[[100.631,13.856]]],[[[100.634,13.857],[100.6335,13.8565],[100.633,13.858],[100.634,13.857]]],[[[100.635,13.8555],[100.635,13.856],[100.635,13.8555]]],[[[100.6295,13.856],[100.6295,13.8555],[100.629,13.8555],[100.629,13.856],[100.6295,13.856]]],[[[100.6295,13.855],[100.6305,13.8545],[100.6295,13.855]]],[[[100.6265,13.8575],[100.6265,13.857],[100.6265,13.8575]]],[[[100.628,13.858]]],[[[100.6285,13.8585],[100.6285,13.858],[100.628,13.858],[100.6285,13.8585]]],[[[100.6275,13.863]]],[[[100.627,13.8635],[100.626,13.864],[100.627,13.864],[100.627,13.8635]]],[[[100.635,13.853]]],[[[100.634,13.8525]]],[[[100.631,13.855]]],[[[100.6365,13.8555],[100.636,13.8555],[100.6365,13.8555]]],[[[100.633,13.8555]]],[[[100.6325,13.858],[100.633,13.858],[100.6325,13.858]]],[[[100.6345,13.857],[100.6345,13.8575],[100.6345,13.857]]],[[[100.6445,13.843],[100.644,13.8435],[100.6445,13.843]]],[[[100.644,13.8455],[100.645,13.845],[100.6445,13.8445],[100.644,13.8455]]],[[[100.6415,13.849],[100.642,13.8495],[100.643,13.8485],[100.6415,13.849]]],[[[100.6435,13.848],[100.6435,13.8485],[100.6435,13.848]]],[[[100.6385,13.852]]],[[[100.6395,13.852],[100.64,13.852],[100.64,13.8515],[100.6395,13.852]]],[[[100.6405,13.851],[100.6405,13.8525],[100.641,13.852],[100.6405,13.851]]],[[[100.6415,13.853],[100.6415,13.8525],[100.6415,13.853]]],[[[100.64,13.8545],[100.64,13.854],[100.64,13.8545]]],[[[100.651,13.8425]]],[[[100.648,13.8455],[100.6475,13.846],[100.648,13.846],[100.648,13.8455]]],[[[100.649,13.8445],[100.6495,13.845],[100.649,13.8445]]],[[[100.648,13.8435]]],[[[100.6495,13.847],[100.65,13.8465],[100.6495,13.8465],[100.6495,13.847]]],[[[100.648,13.847],[100.648,13.8475],[100.648,13.847]]],[[[100.6495,13.8465],[100.6495,13.846],[100.649,13.8465],[100.6495,13.8465]]],[[[100.648,13.8495],[100.648,13.849],[100.648,13.8495]]],[[[100.657,13.8425],[100.656,13.8425],[100.657,13.843],[100.657,13.8425]]],[[[100.654,13.8425]]],[[[100.679,13.828],[100.6785,13.8275],[100.679,13.8285],[100.679,13.828]]],[[[100.678,13.8255],[100.679,13.827],[100.6805,13.8265],[100.6785,13.8245],[100.678,13.8255]]],[[[100.673,13.829],[100.674,13.8295],[100.6745,13.83],[100.6745,13.8295],[100.673,13.829]]],[[[100.6695,13.8335],[100.6695,13.834],[100.669,13.833],[100.6695,13.8335]]],[[[100.67,13.8325],[100.6695,13.8325],[100.67,13.8325]]],[[[100.671,13.8335],[100.6705,13.8335],[100.671,13.8335]]],[[[100.6725,13.831],[100.672,13.8305],[100.6725,13.831]]],[[[100.6655,13.8365]]],[[[100.6725,13.8365]]],[[[100.667,13.8355],[100.6675,13.836],[100.667,13.8355]]],[[[100.6725,13.835],[100.672,13.835],[100.6725,13.8355],[100.6725,13.835]]],[[[100.6715,13.8345]]],[[[100.665,13.8405],[100.6645,13.8405],[100.665,13.8405]]],[[[100.6765,13.827],[100.6775,13.827],[100.677,13.8265],[100.6765,13.827]]],[[[100.6755,13.8285]]],[[[100.6805,13.8275],[100.681,13.827],[100.6805,13.8275]]],[[[100.6245,13.927],[100.626,13.927],[100.626,13.9265],[100.6245,13.927]]],[[[100.6255,13.923],[100.627,13.922],[100.625,13.9225],[100.6255,13.923]]],[[[100.616,13.91],[100.616,13.9105],[100.6165,13.9105],[100.616,13.91]]],[[[100.618,13.907],[100.616,13.908],[100.6165,13.9085],[100.618,13.907]]],[[[100.616,13.907]]],[[[100.6155,13.906],[100.6165,13.9055],[100.6155,13.906]]],[[[100.616,13.905],[100.615,13.9055],[100.616,13.905]]],[[[100.6135,13.9065]]],[[[100.615,13.9105],[100.6155,13.911],[100.615,13.9105]]],[[[100.614,13.9105],[100.614,13.91],[100.614,13.9105]]],[[[100.622,13.9105],[100.622,13.911],[100.622,13.9105]]],[[[100.619,13.9105],[100.6195,13.91],[100.619,13.9105]]],[[[100.621,13.91]]],[[[100.617,13.909]]],[[[100.619,13.909],[100.618,13.909],[100.6185,13.9095],[100.619,13.9095],[100.619,13.909]]],[[[100.617,13.9065],[100.617,13.907],[100.617,13.9065]]],[[[100.6195,13.906],[100.6185,13.907],[100.62,13.9065],[100.6195,13.906]]],[[[100.619,13.9125]]],[[[100.6205,13.913],[100.6215,13.9145],[100.6205,13.9125],[100.6205,13.913]]],[[[100.621,13.911],[100.6215,13.911],[100.621,13.911]]],[[[100.618,13.911]]],[[[100.6195,13.912],[100.62,13.912],[100.6195,13.912]]],[[[100.621,13.915],[100.6195,13.913],[100.621,13.915]]],[[[100.622,13.92],[100.622,13.9205],[100.622,13.92]]],[[[100.6215,13.9235],[100.6225,13.9235],[100.622,13.923],[100.6215,13.9235]]],[[[100.6215,13.922]]],[[[100.6205,13.9255]]],[[[100.6235,13.908],[100.623,13.908],[100.6235,13.908]]],[[[100.6245,13.9205],[100.6245,13.92],[100.6245,13.9205]]],[[[100.6235,13.92],[100.623,13.9195],[100.6235,13.92]]],[[[100.624,13.9195],[100.6245,13.9195],[100.624,13.919],[100.624,13.9195]]],[[[100.6235,13.922],[100.623,13.924],[100.6245,13.9235],[100.6235,13.922]]],[[[100.625,13.921],[100.625,13.9215],[100.625,13.921]]],[[[100.623,13.9215],[100.623,13.921],[100.623,13.9215]]],[[[100.6255,13.9235]]],[[[100.625,13.928],[100.6245,13.928],[100.6245,13.9285],[100.625,13.9285],[100.625,13.928]]],[[[100.6275,13.924],[100.6275,13.9235],[100.627,13.9235],[100.6275,13.924]]],[[[100.628,13.923]]],[[[100.6285,13.926],[100.628,13.926],[100.6285,13.926]]],[[[100.6265,13.925],[100.6265,13.9245],[100.6265,13.925]]],[[[100.6285,13.9235],[100.6285,13.924],[100.6285,13.9235]]],[[[100.627,13.9255]]],[[[100.629,13.927],[100.6295,13.927],[100.629,13.927]]],[[[100.627,13.9295],[100.6265,13.9295],[100.627,13.9295]]],[[[100.6285,13.9295],[100.628,13.9295],[100.6285,13.9295]]],[[[100.6285,13.9295]]],[[[100.6265,13.9305],[100.627,13.9305],[100.6265,13.9305]]],[[[100.6275,13.9305]]],[[[100.639,13.958]]],[[[100.638,13.9615]]],[[[100.635,13.9565],[100.635,13.956],[100.635,13.9565]]],[[[100.638,13.96],[100.638,13.9585],[100.637,13.959],[100.638,13.96]]],[[[100.634,13.961],[100.6335,13.9605],[100.633,13.9615],[100.634,13.961]]],[[[100.6445,13.9335],[100.6435,13.933],[100.643,13.9335],[100.6445,13.9335]]],[[[100.65,13.933],[100.649,13.933],[100.65,13.933]]],[[[100.646,13.7395],[100.6455,13.74],[100.6465,13.739],[100.646,13.7395]]],[[[100.645,13.7395],[100.6435,13.7395],[100.644,13.74],[100.645,13.7395]]],[[[100.6405,13.7375],[100.64,13.7375],[100.6405,13.7375]]],[[[100.6425,13.736],[100.6425,13.7355],[100.6425,13.736]]],[[[100.6415,13.735],[100.642,13.7345],[100.642,13.735],[100.6415,13.735]]],[[[100.6435,13.739],[100.643,13.7385],[100.6425,13.7385],[100.6435,13.739]]],[[[100.645,13.74]]],[[[100.648,13.738],[100.6485,13.738],[100.648,13.738]]],[[[100.6485,13.739]]],[[[100.689,13.7345],[100.6895,13.7345],[100.689,13.7345]]],[[[100.6915,13.7345]]],[[[100.6925,13.735],[100.6925,13.7345],[100.6925,13.735]]],[[[100.6895,13.7335]]],[[[100.69,13.7355]]],[[[100.691,13.7355],[100.6905,13.7355],[100.691,13.7355]]],[[[100.7245,13.8135],[100.7245,13.813],[100.7245,13.8135]]],[[[100.73,13.812],[100.7305,13.812],[100.73,13.812]]],[[[100.7305,13.81],[100.73,13.8105],[100.7305,13.81]]],[[[100.7305,13.8095]]],[[[100.725,13.811],[100.7245,13.812],[100.725,13.811]]],[[[100.727,13.8105],[100.7265,13.811],[100.727,13.8105]]],[[[100.727,13.8105],[100.7275,13.8105],[100.727,13.8105]]],[[[100.728,13.811]]],[[[100.728,13.8095],[100.7285,13.8095],[100.7285,13.809],[100.728,13.809],[100.728,13.8095]]],[[[100.73,13.8095],[100.73,13.809],[100.7295,13.8095],[100.73,13.8095]]],[[[100.729,13.809]]],[[[100.726,13.81],[100.7265,13.81],[100.726,13.81]]],[[[100.7295,13.81]]],[[[100.7305,13.8135]]],[[[100.727,13.814],[100.7275,13.814],[100.7275,13.8135],[100.727,13.814]]],[[[100.724,13.8145]]],[[[100.733,13.816],[100.7335,13.815],[100.7325,13.816],[100.733,13.816]]],[[[100.734,13.814],[100.733,13.8135],[100.733,13.814],[100.734,13.814]]],[[[100.732,13.817],[100.7325,13.8175],[100.7325,13.817],[100.732,13.817]]],[[[100.75,13.6905],[100.7485,13.6875],[100.7465,13.688],[100.7475,13.6915],[100.75,13.6905]]],[[[100.75,13.687],[100.7505,13.691],[100.753,13.69],[100.7525,13.6865],[100.75,13.687]]],[[[100.7485,13.6955],[100.7485,13.694],[100.7485,13.6945],[100.7485,13.6955]]],[[[100.753,13.6935],[100.75,13.694],[100.75,13.695],[100.754,13.694],[100.7535,13.693],[100.753,13.6935]]],[[[100.754,13.695]]],[[[100.749,13.725],[100.749,13.7245],[100.749,13.7255],[100.749,13.725]]],[[[100.753,13.728]]],[[[100.7505,13.7285],[100.751,13.728],[100.75,13.728],[100.7505,13.7285]]]]}}]}