{"type":"FeatureCollection","features":[{"type":"Feature","properties":{"class":"<5","speed_kmh":4.0},"geometry":{"type":"MultiPolygon","coordinates":[[[[100.4085,13.709],[100.4075,13.709],[100.4075,13.71],[100.4065,13.7095],[100.406,13.71],[100.4065,13.711],[100.408,13.7115],[100.407,13.713],[100.4085,13.712],[100.408,13.713],[100.4085,13.7135],[100.4105,13.713],[100.4105,13.712],[100.4115,13.712],[100.412,13.713],[100.412,13.7115],[100.413,13.7115],[100.413,13.7105],[100.411,13.709],[100.409,13.7095],[100.4085,13.709]],[[100.411,13.7115]]],[[[100.4205,13.7105],[100.4185,13.711],[100.4185,13.712],[100.422,13.715],[100.4235,13.7145],[100.4235,13.7135],[100.4245,13.714],[100.425,13.7125],[100.426,13.7125],[100.425,13.7105],[100.424,13.7105],[100.4235,13.7115],[100.4235,13.7095],[100.4205,13.709],[100.4205,13.7105]],[[100.424,13.7125]],[[100.4215,13.7105]],[[100.4215,13.71],[100.4215,13.7105],[100.4215,13.71]]],[[[100.4185,13.8725],[100.4175,13.873],[100.418,13.874],[100.417,13.8735],[100.4165,13.8745],[100.4225,13.875],[100.4215,13.874],[100.4195,13.874],[100.4185,13.8725]]],[[[100.4095,13.878],[100.409,13.8775],[100.4085,13.878],[100.409,13.8785],[100.408,13.8795],[100.4085,13.8805],[100.406,13.8815],[100.4065,13.882],[100.4085,13.881],[100.4075,13.8825],[100.4075,13.8835],[100.4085,13.884],[100.41,13.883],[100.409,13.8825],[100.4095,13.878]]],[[[100.4085,13.889],[100.4075,13.8905],[100.4085,13.8955],[100.41,13.891],[100.4085,13.889]]],[[[100.434,13.7105],[100.435,13.711],[100.435,13.7125],[100.433,13.712],[100.432,13.713],[100.438,13.7135],[100.438,13.7125],[100.437,13.7125],[100.4355,13.7105],[100.434,13.7105]]],[[[100.4345,13.8745],[100.431,13.875],[100.431,13.8765],[100.433,13.8765],[100.432,13.8775],[100.434,13.879],[100.435,13.877],[100.434,13.8765],[100.435,13.8765],[100.4355,13.8775],[100.437,13.876],[100.4355,13.875],[100.4345,13.8755],[100.435,13.8745],[100.4355,13.875],[100.436,13.8745],[100.4355,13.873],[100.4345,13.8745]]],[[[100.4455,13.713],[100.4445,13.713],[100.4445,13.7145],[100.443,13.7135],[100.442,13.7155],[100.443,13.7155],[100.444,13.7175],[100.4445,13.7165],[100.4455,13.7165],[100.4455,13.718],[100.4465,13.7175],[100.4475,13.718],[100.449,13.7165],[100.447,13.7145],[100.4465,13.7155],[100.4455,13.715],[100.4465,13.714],[100.4455,13.713]]],[[[100.457,13.718],[100.4555,13.7185],[100.454,13.718],[100.4535,13.719],[100.4545,13.7205],[100.4555,13.7205],[100.4565,13.7225],[100.4555,13.723],[100.4565,13.7245],[100.458,13.7235],[100.4585,13.7215],[100.46,13.7225],[100.4605,13.7215],[100.46,13.721],[100.4605,13.7205],[100.459,13.719],[100.458,13.7185],[100.457,13.7195],[100.457,13.718]],[[100.457,13.722]]],[[[100.458,13.874],[100.458,13.8735],[100.4535,13.8755],[100.453,13.8765],[100.4535,13.877],[100.455,13.876],[100.456,13.877],[100.4565,13.875],[100.458,13.874]]],[[[100.446,13.8755],[100.443,13.8765],[100.446,13.877],[100.4455,13.8775],[100.4485,13.877],[100.448,13.876],[100.446,13.8755]]],[[[100.463,13.722],[100.4615,13.7225],[100.4615,13.7235],[100.4625,13.724],[100.462,13.726],[100.4645,13.727],[100.466,13.726],[100.4685,13.7265],[100.467,13.7235],[100.4665,13.724],[100.465,13.7225],[100.463,13.723],[100.463,13.722]],[[100.4635,13.725]]],[[[100.4645,13.871],[100.464,13.8715],[100.465,13.872],[100.4665,13.871],[100.468,13.871],[100.469,13.872],[100.4705,13.87],[100.467,13.87],[100.4645,13.871]]],[[[100.469,13.7105],[100.468,13.7115],[100.4685,13.713],[100.4675,13.712],[100.466,13.7135],[100.4665,13.7135],[100.466,13.7145],[100.467,13.7145],[100.4675,13.7155],[100.469,13.714],[100.4705,13.715],[100.4705,13.714],[100.472,13.7125],[100.4705,13.711],[100.4695,13.7115],[100.469,13.7105]],[[100.4705,13.7115],[100.4705,13.712],[100.4695,13.712],[100.4705,13.7115]]],[[[100.469,13.7385],[100.4675,13.74],[100.4695,13.7405],[100.4685,13.7415],[100.4705,13.743],[100.4715,13.742],[100.471,13.7395],[100.472,13.7385],[100.471,13.737],[100.4695,13.738],[100.4695,13.739],[100.469,13.7385]]],[[[100.469,13.753],[100.467,13.7555],[100.4675,13.756],[100.469,13.7555],[100.4685,13.757],[100.47,13.757],[100.4705,13.7555],[100.472,13.755],[100.469,13.753]]],[[[100.472,13.727],[100.472,13.728],[100.471,13.7275],[100.4705,13.728],[100.473,13.733],[100.4745,13.7315],[100.4775,13.7315],[100.4775,13.7305],[100.4765,13.7305],[100.478,13.7285],[100.4765,13.728],[100.476,13.7265],[100.4735,13.726],[100.473,13.727],[100.4735,13.7275],[100.472,13.727]],[[100.474,13.727],[100.474,13.7275],[100.474,13.727]],[[100.4755,13.73]],[[100.4745,13.7305],[100.475,13.7305],[100.4745,13.7305]]],[[[100.4715,13.761],[100.471,13.764],[100.4725,13.764],[100.472,13.766],[100.474,13.766],[100.474,13.765],[100.475,13.7655],[100.4715,13.761]]],[[[100.4755,13.712],[100.474,13.713],[100.476,13.715],[100.475,13.7155],[100.476,13.7175],[100.4765,13.716],[100.478,13.716],[100.479,13.714],[100.4785,13.7135],[100.4775,13.7145],[100.4785,13.712],[100.476,13.7115],[100.4765,13.713],[100.4755,13.713],[100.4755,13.712]]],[[[100.484,13.7175],[100.483,13.7175],[100.483,13.719],[100.4845,13.7195],[100.484,13.7215],[100.4855,13.7205],[100.4865,13.721],[100.487,13.72],[100.489,13.7205],[100.488,13.718],[100.4865,13.7175],[100.487,13.7165],[100.4845,13.7175],[100.4855,13.7185],[100.484,13.7175]]],[[[100.4845,13.736],[100.484,13.737],[100.4835,13.7365],[100.483,13.737],[100.485,13.738],[100.483,13.74],[100.484,13.741],[100.485,13.7395],[100.486,13.74],[100.486,13.739],[100.487,13.739],[100.4865,13.7375],[100.4875,13.7365],[100.4865,13.7365],[100.486,13.7355],[100.4855,13.7365],[100.4845,13.736]]],[[[100.483,13.775],[100.4825,13.777],[100.484,13.778],[100.483,13.7795],[100.4855,13.778],[100.485,13.7795],[100.486,13.779],[100.4875,13.78],[100.487,13.7785],[100.483,13.775]]],[[[100.4825,13.8695],[100.478,13.869],[100.4775,13.8695],[100.478,13.871],[100.4805,13.871],[100.482,13.872],[100.4835,13.8705],[100.4825,13.8705],[100.483,13.87],[100.4825,13.8695]]],[[[100.493,13.719],[100.491,13.72],[100.4915,13.721],[100.491,13.7215],[100.493,13.7215],[100.493,13.7225],[100.4945,13.722],[100.4935,13.723],[100.495,13.7235],[100.495,13.7245],[100.498,13.723],[100.498,13.722],[100.499,13.722],[100.498,13.721],[100.4995,13.721],[100.5005,13.7225],[100.5045,13.723],[100.5055,13.7225],[100.505,13.722],[100.5065,13.722],[100.506,13.7195],[100.5055,13.72],[100.5045,13.719],[100.5025,13.7195],[100.501,13.718],[100.5005,13.7185],[100.501,13.7195],[100.5,13.7205],[100.4965,13.72],[100.497,13.719],[100.4965,13.7185],[100.494,13.7195],[100.493,13.719]],[[100.497,13.722]],[[100.5015,13.72],[100.5005,13.7205],[100.5015,13.72]]],[[[100.494,13.741],[100.4925,13.743],[100.493,13.7435],[100.492,13.7435],[100.4925,13.744],[100.492,13.745],[100.493,13.745],[100.493,13.746],[100.494,13.7465],[100.4935,13.747],[100.4945,13.7475],[100.496,13.747],[100.498,13.7445],[100.4975,13.7415],[100.496,13.742],[100.4955,13.7405],[100.494,13.741]],[[100.495,13.744]]],[[[100.4905,13.782],[100.491,13.7835],[100.4935,13.7845],[100.493,13.785],[100.496,13.7855],[100.4955,13.7835],[100.494,13.783],[100.4935,13.7835],[100.4905,13.782]]],[[[100.4925,13.863],[100.492,13.864],[100.4925,13.866],[100.491,13.8665],[100.491,13.8675],[100.4965,13.865],[100.4955,13.864],[100.495,13.865],[100.495,13.8635],[100.494,13.864],[100.4925,13.863]]],[[[100.5025,13.744],[100.5005,13.745],[100.499,13.748],[100.5015,13.75],[100.5025,13.7495],[100.5025,13.7485],[100.504,13.75],[100.506,13.7455],[100.504,13.7455],[100.5025,13.744]],[[100.502,13.745]]],[[[100.503,13.8615],[100.502,13.861],[100.5015,13.8625],[100.507,13.8615],[100.5075,13.86],[100.5045,13.859],[100.503,13.86],[100.503,13.8615]],[[100.5035,13.861],[100.5035,13.8605],[100.5035,13.861]]],[[[100.5045,13.79],[100.5025,13.79],[100.503,13.792],[100.5025,13.793],[100.504,13.7945],[100.505,13.793],[100.5045,13.7945],[100.5065,13.795],[100.507,13.794],[100.506,13.793],[100.507,13.792],[100.5065,13.7915],[100.507,13.7905],[100.505,13.792],[100.5045,13.79]],[[100.5035,13.7935]],[[100.503,13.793]]],[[[100.5055,13.8975],[100.505,13.897],[100.5045,13.8985],[100.5055,13.8985],[100.505,13.899],[100.5065,13.901],[100.507,13.8995],[100.5075,13.9],[100.508,13.8985],[100.509,13.8985],[100.5095,13.8975],[100.509,13.897],[100.508,13.8975],[100.5085,13.8965],[100.508,13.896],[100.506,13.896],[100.5055,13.8975]],[[100.506,13.8985],[100.5065,13.8985],[100.5065,13.899],[100.506,13.8985]],[[100.5065,13.8975],[100.5065,13.897],[100.507,13.897],[100.507,13.8975],[100.5065,13.8975]]],[[[100.5055,13.9065],[100.5045,13.9065],[100.505,13.908],[100.5075,13.907],[100.506,13.9055],[100.505,13.906],[100.5055,13.9065]]],[[[100.5075,13.725],[100.5085,13.726],[100.5075,13.727],[100.508,13.729],[100.5075,13.7295],[100.507,13.7285],[100.505,13.729],[100.5065,13.7305],[100.505,13.7315],[100.5085,13.732],[100.509,13.7315],[100.508,13.731],[100.511,13.7305],[100.51,13.73],[100.51,13.729],[100.509,13.7295],[100.511,13.728],[100.5105,13.7265],[100.5095,13.727],[100.5095,13.726],[100.5115,13.7265],[100.5115,13.7255],[100.509,13.723],[100.5085,13.7245],[100.5075,13.725]],[[100.5065,13.73],[100.507,13.73],[100.5065,13.7305],[100.5065,13.73]]],[[[100.508,13.7415],[100.5085,13.742],[100.5075,13.742],[100.508,13.743],[100.5075,13.744],[100.5105,13.7445],[100.5125,13.7425],[100.512,13.742],[100.5125,13.74],[100.5115,13.7405],[100.5105,13.7395],[100.509,13.7395],[100.508,13.7415]],[[100.51,13.743]]],[[[100.5085,13.7965],[100.5075,13.7965],[100.508,13.797],[100.5075,13.798],[100.5085,13.798],[100.509,13.799],[100.5075,13.8],[100.5115,13.8015],[100.5125,13.7975],[100.51,13.7975],[100.51,13.7965],[100.509,13.797],[100.5085,13.7965]],[[100.511,13.798]],[[100.5115,13.7995]]],[[[100.514,13.859],[100.514,13.858],[100.512,13.8575],[100.511,13.8585],[100.511,13.86],[100.5095,13.8605],[100.51,13.861],[100.515,13.86],[100.517,13.8605],[100.5175,13.862],[100.5185,13.862],[100.5185,13.861],[100.519,13.8625],[100.518,13.8635],[100.5195,13.8655],[100.5205,13.8645],[100.5215,13.865],[100.5215,13.8635],[100.5225,13.8635],[100.5215,13.8625],[100.522,13.8605],[100.5215,13.8595],[100.521,13.86],[100.5215,13.859],[100.5205,13.8585],[100.52,13.859],[100.5175,13.8585],[100.5155,13.8595],[100.5155,13.8585],[100.514,13.859]],[[100.513,13.8585],[100.5135,13.8585],[100.513,13.8585]],[[100.5185,13.8605],[100.518,13.86],[100.5185,13.86],[100.5185,13.8605]],[[100.5195,13.86],[100.5195,13.8605],[100.52,13.8605],[100.5195,13.8605],[100.5195,13.86]]],[[[100.5115,13.8895],[100.5125,13.888],[100.5115,13.886],[100.5095,13.892],[100.5115,13.891],[100.5105,13.89],[100.5115,13.8895]],[[100.5115,13.8885],[100.511,13.889],[100.5115,13.8885]],[[100.5105,13.8915],[100.51,13.8915],[100.5105,13.8915]]],[[[100.513,13.7185],[100.5125,13.718],[100.5125,13.719],[100.5105,13.72],[100.5135,13.72],[100.514,13.721],[100.515,13.7205],[100.516,13.7215],[100.517,13.72],[100.516,13.719],[100.518,13.7185],[100.5195,13.7205],[100.5205,13.7205],[100.521,13.7195],[100.5205,13.7205],[100.522,13.7225],[100.5235,13.721],[100.523,13.7205],[100.524,13.7205],[100.5235,13.7215],[100.525,13.721],[100.5245,13.722],[100.525,13.7235],[100.5265,13.7235],[100.5275,13.725],[100.5285,13.7245],[100.527,13.726],[100.528,13.727],[100.531,13.726],[100.531,13.725],[100.5315,13.7255],[100.5325,13.725],[100.532,13.724],[100.5335,13.723],[100.533,13.722],[100.532,13.722],[100.5325,13.721],[100.5315,13.719],[100.5285,13.721],[100.5275,13.72],[100.5275,13.7185],[100.526,13.718],[100.5255,13.7195],[100.5235,13.718],[100.523,13.719],[100.5225,13.718],[100.521,13.718],[100.5205,13.7165],[100.519,13.718],[100.5185,13.7175],[100.518,13.718],[100.514,13.716],[100.513,13.7185]],[[100.529,13.7225],[100.5285,13.7225],[100.529,13.7225]],[[100.5155,13.718],[100.516,13.718],[100.5155,13.718]],[[100.527,13.7225]],[[100.527,13.723],[100.527,13.7225],[100.527,13.723]],[[100.5275,13.7215],[100.527,13.7215],[100.5275,13.7215]],[[100.53,13.725]]],[[[100.5135,13.839],[100.5135,13.8405],[100.513,13.84],[100.512,13.8405],[100.5125,13.842],[100.517,13.839],[100.5175,13.8375],[100.515,13.8375],[100.5135,13.839]]],[[[100.512,13.845],[100.5125,13.8455],[100.5115,13.847],[100.512,13.8475],[100.5125,13.847],[100.5135,13.849],[100.5125,13.849],[100.512,13.85],[100.515,13.8505],[100.5175,13.8525],[100.517,13.85],[100.518,13.849],[100.5165,13.848],[100.516,13.849],[100.515,13.848],[100.5155,13.8485],[100.517,13.847],[100.5165,13.846],[100.5155,13.8465],[100.512,13.845]],[[100.5145,13.85],[100.5145,13.8495],[100.515,13.8495],[100.5145,13.85]],[[100.5145,13.847]]],[[[100.514,13.905],[100.5125,13.9065],[100.5135,13.908],[100.514,13.907],[100.5155,13.907],[100.516,13.9085],[100.5175,13.9085],[100.5175,13.907],[100.5185,13.906],[100.517,13.905],[100.5145,13.906],[100.514,13.905]]],[[[100.5145,13.7365],[100.5135,13.7375],[100.514,13.739],[100.516,13.7405],[100.5165,13.74],[100.5175,13.7405],[100.518,13.7395],[100.519,13.74],[100.5195,13.7375],[100.5205,13.7365],[100.519,13.7355],[100.5185,13.736],[100.5175,13.7345],[100.5145,13.7365]],[[100.517,13.739],[100.5165,13.74],[100.5165,13.739],[100.517,13.739]],[[100.518,13.7395],[100.5175,13.7395],[100.5175,13.739],[100.518,13.7395]]],[[[100.5155,13.8725],[100.516,13.873],[100.515,13.877],[100.517,13.876],[100.5175,13.8765],[100.5175,13.8745],[100.519,13.873],[100.518,13.873],[100.5175,13.871],[100.5155,13.8725]],[[100.5165,13.8745],[100.5165,13.875],[100.5165,13.8745]]],[[[100.52,13.804],[100.519,13.8045],[100.519,13.8055],[100.5195,13.8065],[100.521,13.8065],[100.521,13.8045],[100.52,13.804]]],[[[100.528,13.746],[100.525,13.7465],[100.5245,13.7475],[100.5265,13.7475],[100.5265,13.7485],[100.5285,13.7495],[100.5305,13.749],[100.53,13.7515],[100.5295,13.751],[100.529,13.7515],[100.5295,13.753],[100.529,13.754],[100.53,13.7545],[100.5315,13.754],[100.5315,13.756],[100.5305,13.7565],[100.531,13.7575],[100.533,13.7575],[100.5315,13.758],[100.5315,13.759],[100.534,13.759],[100.535,13.7605],[100.5345,13.761],[100.5355,13.7615],[100.534,13.763],[100.5345,13.7635],[100.5365,13.763],[100.537,13.766],[100.538,13.7645],[100.5395,13.7655],[100.54,13.764],[100.539,13.764],[100.5385,13.763],[100.538,13.7635],[100.5375,13.7625],[100.5385,13.7605],[100.5365,13.76],[100.536,13.7585],[100.5385,13.757],[100.5365,13.756],[100.5355,13.7565],[100.5345,13.7545],[100.533,13.754],[100.5335,13.7535],[100.5325,13.7535],[100.534,13.7525],[100.532,13.7525],[100.5325,13.75],[100.5315,13.7485],[100.5325,13.748],[100.5315,13.7475],[100.5335,13.747],[100.5345,13.7485],[100.535,13.748],[100.5345,13.746],[100.5355,13.746],[100.5355,13.7475],[100.536,13.746],[100.5375,13.7465],[100.5385,13.745],[100.538,13.744],[100.535,13.7425],[100.5345,13.7435],[100.532,13.7435],[100.5315,13.7445],[100.53,13.744],[100.53,13.7455],[100.53,13.744],[100.528,13.7435],[100.528,13.746]],[[100.529,13.7455]],[[100.529,13.7445],[100.5285,13.745],[100.5285,13.7445],[100.529,13.7445]],[[100.531,13.7455],[100.531,13.745],[100.531,13.7455]],[[100.53,13.7525],[100.5305,13.7525],[100.53,13.7525]],[[100.53,13.753]],[[100.5315,13.7465]],[[100.5335,13.745],[100.534,13.745],[100.5335,13.745]],[[100.535,13.7565],[100.5345,13.757],[100.534,13.7565],[100.535,13.7565]],[[100.537,13.7615]]],[[[100.526,13.8295],[100.524,13.8305],[100.5245,13.831],[100.524,13.832],[100.5265,13.832],[100.526,13.8305],[100.5295,13.8305],[100.5295,13.8295],[100.528,13.829],[100.5295,13.8275],[100.526,13.8295]]],[[[100.5275,13.904],[100.526,13.9055],[100.528,13.906],[100.5285,13.905],[100.5295,13.907],[100.5305,13.905],[100.5315,13.9055],[100.5325,13.9025],[100.5305,13.903],[100.5305,13.902],[100.529,13.9015],[100.529,13.9025],[100.5275,13.903],[100.5285,13.904],[100.5275,13.904]],[[100.53,13.905]],[[100.5295,13.902],[100.5295,13.9025],[100.5295,13.902]]],[[[100.528,13.731],[100.5265,13.731],[100.526,13.732],[100.5265,13.734],[100.5275,13.7345],[100.5285,13.734],[100.529,13.736],[100.53,13.735],[100.5295,13.734],[100.531,13.7335],[100.53,13.733],[100.531,13.7325],[100.5315,13.733],[100.532,13.732],[100.5345,13.731],[100.5375,13.732],[100.538,13.731],[100.538,13.732],[100.5395,13.732],[100.539,13.731],[100.5395,13.7315],[100.5405,13.7295],[100.54,13.729],[100.539,13.73],[100.5385,13.7295],[100.54,13.728],[100.5365,13.7265],[100.5345,13.7275],[100.5325,13.7265],[100.531,13.7275],[100.532,13.7295],[100.5335,13.729],[100.5325,13.7305],[100.531,13.7295],[100.5295,13.7305],[100.5285,13.73],[100.528,13.731]],[[100.535,13.7295]],[[100.5345,13.728],[100.535,13.728],[100.5355,13.7285],[100.5345,13.728]],[[100.537,13.729],[100.5375,13.728],[100.538,13.728],[100.537,13.729]]],[[[100.5275,13.8055],[100.528,13.8075],[100.5285,13.807],[100.529,13.8085],[100.531,13.81],[100.533,13.808],[100.533,13.807],[100.532,13.8065],[100.533,13.806],[100.5335,13.807],[100.5345,13.8055],[100.533,13.8045],[100.532,13.8055],[100.5305,13.805],[100.5275,13.8055]]],[[[100.532,13.818],[100.53,13.8195],[100.531,13.82],[100.5315,13.8195],[100.5305,13.8215],[100.533,13.8235],[100.534,13.8225],[100.5335,13.822],[100.5345,13.822],[100.535,13.821],[100.533,13.8205],[100.533,13.8195],[100.5335,13.82],[100.534,13.819],[100.5325,13.8185],[100.533,13.8175],[100.532,13.817],[100.532,13.818]],[[100.532,13.819]],[[100.5335,13.8215],[100.533,13.821],[100.5335,13.8215]]],[[[100.5365,13.8025],[100.5365,13.8045],[100.5385,13.8055],[100.5395,13.805],[100.54,13.806],[100.5405,13.8055],[100.5395,13.803],[100.542,13.802],[100.5405,13.8015],[100.5395,13.8025],[100.54,13.801],[100.538,13.801],[100.5385,13.8015],[100.5375,13.802],[100.538,13.8025],[100.5365,13.8025]]],[[[100.5385,13.9],[100.5375,13.901],[100.538,13.902],[100.539,13.901],[100.5395,13.903],[100.5405,13.902],[100.54,13.901],[100.5415,13.901],[100.5425,13.8995],[100.5405,13.899],[100.5385,13.9]]],[[[100.5385,13.738],[100.537,13.7385],[100.5375,13.739],[100.5385,13.7385],[100.539,13.7395],[100.54,13.743],[100.539,13.745],[100.5415,13.747],[100.5425,13.746],[100.542,13.745],[100.5425,13.7445],[100.5445,13.7465],[100.5445,13.7455],[100.547,13.744],[100.547,13.745],[100.548,13.7455],[100.55,13.745],[100.55,13.7435],[100.5515,13.745],[100.5525,13.743],[100.5555,13.744],[100.556,13.743],[100.5555,13.7425],[100.5575,13.742],[100.557,13.741],[100.558,13.741],[100.559,13.739],[100.56,13.74],[100.5615,13.7395],[100.562,13.7405],[100.5625,13.738],[100.562,13.7375],[100.563,13.737],[100.563,13.735],[100.5595,13.734],[100.559,13.7365],[100.5595,13.737],[100.5585,13.7375],[100.558,13.737],[100.557,13.7385],[100.556,13.7375],[100.554,13.7385],[100.5535,13.739],[100.554,13.741],[100.553,13.741],[100.5525,13.742],[100.547,13.7405],[100.5465,13.7425],[100.5455,13.743],[100.5435,13.7415],[100.5425,13.743],[100.5425,13.742],[100.5405,13.743],[100.541,13.7415],[100.54,13.7405],[100.541,13.741],[100.5425,13.74],[100.542,13.7395],[100.5425,13.7385],[100.5405,13.7365],[100.5395,13.737],[100.539,13.736],[100.5385,13.738]],[[100.5445,13.7445]],[[100.54,13.7385],[100.54,13.738],[100.5405,13.7385],[100.54,13.7385]],[[100.5415,13.743],[100.5415,13.744],[100.5415,13.743]],[[100.5475,13.742],[100.548,13.742],[100.5475,13.742]],[[100.5545,13.742]],[[100.5555,13.742]],[[100.562,13.7365],[100.5625,13.7365],[100.562,13.7365]],[[100.562,13.7355],[100.5615,13.7355],[100.562,13.7355]]],[[[100.54,13.754],[100.54,13.7565],[100.542,13.758],[100.544,13.7575],[100.5445,13.756],[100.5435,13.7555],[100.545,13.755],[100.5445,13.754],[100.5425,13.7545],[100.544,13.7535],[100.5435,13.753],[100.5425,13.7535],[100.5425,13.7525],[100.5415,13.752],[100.5405,13.753],[100.5415,13.7535],[100.54,13.754]]],[[[100.5405,13.769],[100.54,13.771],[100.541,13.771],[100.5405,13.7715],[100.5415,13.774],[100.541,13.775],[100.542,13.776],[100.5425,13.775],[100.543,13.777],[100.542,13.778],[100.5435,13.7815],[100.543,13.7825],[100.545,13.782],[100.5455,13.7835],[100.5445,13.785],[100.545,13.786],[100.5435,13.7865],[100.544,13.787],[100.5465,13.7865],[100.545,13.7875],[100.5465,13.7875],[100.5465,13.7885],[100.548,13.789],[100.549,13.7865],[100.5475,13.786],[100.548,13.784],[100.5465,13.7835],[100.546,13.7825],[100.5475,13.7795],[100.5455,13.779],[100.5455,13.7775],[100.544,13.7765],[100.5425,13.772],[100.5425,13.7715],[100.5435,13.7725],[100.544,13.77],[100.5415,13.77],[100.5405,13.769]],[[100.542,13.7705]],[[100.545,13.7795],[100.545,13.779],[100.5455,13.779],[100.5455,13.7795],[100.545,13.7795]],[[100.546,13.781]]],[[[100.542,13.725],[100.5415,13.725],[100.5425,13.726],[100.542,13.727],[100.5435,13.7275],[100.5435,13.7285],[100.544,13.728],[100.545,13.7295],[100.5465,13.728],[100.546,13.727],[100.548,13.7255],[100.5485,13.726],[100.5495,13.724],[100.5485,13.7235],[100.546,13.725],[100.544,13.724],[100.542,13.725]],[[100.544,13.725],[100.544,13.7255],[100.544,13.725]]],[[[100.542,13.9105],[100.5415,13.911],[100.542,13.912],[100.543,13.9115],[100.5445,13.912],[100.546,13.9115],[100.547,13.91],[100.5445,13.9105],[100.5435,13.907],[100.544,13.9105],[100.542,13.9105]]],[[[100.544,13.917],[100.545,13.9185],[100.5455,13.9205],[100.545,13.921],[100.546,13.922],[100.546,13.9175],[100.547,13.917],[100.546,13.916],[100.5445,13.916],[100.544,13.917]]],[[[100.5495,13.7965],[100.545,13.7965],[100.5445,13.798],[100.546,13.798],[100.5465,13.7995],[100.548,13.799],[100.5485,13.8005],[100.5515,13.7995],[100.5505,13.794],[100.551,13.793],[100.5495,13.7925],[100.5505,13.793],[100.551,13.7915],[100.5495,13.7915],[100.5495,13.7905],[100.5485,13.7905],[100.5485,13.792],[100.5475,13.793],[100.549,13.7935],[100.5475,13.7945],[100.5475,13.796],[100.549,13.7955],[100.5495,13.7965]]],[[[100.5465,13.8975],[100.5455,13.8975],[100.5455,13.8985],[100.5495,13.897],[100.55,13.8975],[100.5515,13.896],[100.5495,13.8965],[100.549,13.8945],[100.548,13.8945],[100.5475,13.895],[100.548,13.8965],[100.5465,13.896],[100.5465,13.8975]]],[[[100.548,13.8245],[100.547,13.8255],[100.549,13.8265],[100.548,13.827],[100.549,13.827],[100.5495,13.8285],[100.551,13.8295],[100.549,13.8245],[100.548,13.8245]],[[100.5485,13.825]]],[[[100.5515,13.7225],[100.5505,13.723],[100.552,13.724],[100.555,13.7225],[100.5555,13.724],[100.5565,13.722],[100.5585,13.722],[100.5585,13.723],[100.557,13.7235],[100.5595,13.7235],[100.559,13.7255],[100.5605,13.727],[100.561,13.7245],[100.562,13.724],[100.561,13.7235],[100.562,13.7235],[100.5615,13.721],[100.5605,13.721],[100.5605,13.7195],[100.559,13.719],[100.5585,13.72],[100.5565,13.7205],[100.554,13.7195],[100.5515,13.7225]],[[100.554,13.7215]],[[100.5535,13.7215]],[[100.555,13.721],[100.555,13.7215],[100.555,13.721]],[[100.561,13.7225]]],[[[100.552,13.799],[100.551,13.801],[100.553,13.806],[100.555,13.8065],[100.555,13.8055],[100.556,13.8065],[100.5565,13.8055],[100.554,13.8015],[100.5555,13.8],[100.5535,13.8005],[100.554,13.7995],[100.552,13.799]],[[100.5525,13.803],[100.553,13.803],[100.5535,13.804],[100.553,13.8035],[100.5525,13.803]],[[100.5535,13.805]],[[100.554,13.806]]],[[[100.5565,13.839],[100.5555,13.8395],[100.5555,13.8405],[100.5565,13.8405],[100.556,13.8425],[100.5585,13.8435],[100.5565,13.839]]],[[[100.558,13.894],[100.557,13.8945],[100.558,13.8955],[100.561,13.895],[100.5615,13.896],[100.5615,13.894],[100.563,13.8935],[100.563,13.8925],[100.562,13.892],[100.561,13.8925],[100.561,13.8915],[100.559,13.891],[100.559,13.8925],[100.5575,13.8935],[100.558,13.894]],[[100.56,13.894]],[[100.5595,13.892]]],[[[100.559,13.751],[100.5585,13.7515],[100.5595,13.754],[100.56,13.7535],[100.5595,13.7525],[100.564,13.7515],[100.5625,13.751],[100.562,13.7495],[100.563,13.7495],[100.5635,13.751],[100.5645,13.7505],[100.564,13.749],[100.563,13.7485],[100.562,13.749],[100.5605,13.748],[100.5585,13.749],[100.56,13.75],[100.559,13.7505],[100.5595,13.751],[100.561,13.75],[100.562,13.7505],[100.5595,13.7515],[100.559,13.751]]],[[[100.5605,13.811],[100.5585,13.8115],[100.559,13.8165],[100.561,13.8155],[100.5635,13.8195],[100.5645,13.8165],[100.564,13.8155],[100.5635,13.816],[100.562,13.8155],[100.5625,13.8145],[100.5615,13.814],[100.5625,13.813],[100.563,13.8135],[100.563,13.8125],[100.5645,13.811],[100.5625,13.811],[100.563,13.8105],[100.562,13.8095],[100.561,13.8115],[100.562,13.812],[100.5615,13.8125],[100.56,13.812],[100.5605,13.811]],[[100.5605,13.813]],[[100.563,13.8115],[100.5625,13.812],[100.5625,13.8115],[100.563,13.8115]],[[100.5625,13.817]]],[[[100.5605,13.8465],[100.5595,13.848],[100.5605,13.8495],[100.5615,13.8495],[100.561,13.851],[100.563,13.852],[100.562,13.848],[100.5605,13.8465]]],[[[100.5645,13.755],[100.563,13.7565],[100.5645,13.757],[100.566,13.761],[100.5665,13.7605],[100.5655,13.757],[100.566,13.756],[100.5645,13.755]]],[[[100.566,13.8215],[100.5645,13.8215],[100.565,13.822],[100.5645,13.824],[100.564,13.8235],[100.563,13.8245],[100.567,13.8255],[100.5665,13.8265],[100.568,13.827],[100.5685,13.8265],[100.567,13.824],[100.5675,13.823],[100.566,13.8225],[100.566,13.8215]],[[100.565,13.824],[100.5655,13.8235],[100.566,13.824],[100.565,13.824]]],[[[100.5655,13.8905],[100.5645,13.892],[100.566,13.892],[100.5665,13.8935],[100.5675,13.8925],[100.569,13.8925],[100.5705,13.89],[100.5695,13.8895],[100.567,13.89],[100.5665,13.889],[100.5655,13.8895],[100.5655,13.8905]],[[100.569,13.891],[100.5695,13.891],[100.569,13.891]]],[[[100.567,13.7285],[100.5655,13.7305],[100.567,13.7315],[100.566,13.733],[100.5675,13.734],[100.568,13.733],[100.568,13.734],[100.569,13.7335],[100.57,13.734],[100.5705,13.732],[100.571,13.733],[100.5715,13.7325],[100.571,13.7305],[100.5725,13.7305],[100.572,13.7295],[100.573,13.7285],[100.572,13.728],[100.571,13.729],[100.5715,13.728],[100.57,13.7275],[100.5695,13.728],[100.5685,13.7275],[100.568,13.729],[100.567,13.7285]],[[100.5695,13.7315]],[[100.569,13.7305],[100.5685,13.73],[100.569,13.73],[100.569,13.7305]],[[100.5675,13.7305],[100.567,13.7305],[100.567,13.73],[100.5675,13.7305]],[[100.569,13.733],[100.569,13.7325],[100.569,13.733]],[[100.5695,13.732],[100.57,13.7325],[100.5695,13.732]]],[[[100.5675,13.7625],[100.567,13.7635],[100.5675,13.7645],[100.5665,13.765],[100.568,13.7655],[100.568,13.767],[100.5695,13.7685],[100.571,13.768],[100.57,13.7695],[100.5715,13.769],[100.5715,13.77],[100.573,13.77],[100.573,13.768],[100.571,13.766],[100.5725,13.7645],[100.5715,13.764],[100.57,13.7655],[100.57,13.7635],[100.569,13.762],[100.5675,13.7625]],[[100.5695,13.7665],[100.5695,13.766],[100.5695,13.7665]]],[[[100.5675,13.8275],[100.5675,13.829],[100.569,13.8295],[100.5685,13.8305],[100.5695,13.83],[100.569,13.8305],[100.5695,13.832],[100.5715,13.8325],[100.572,13.831],[100.571,13.83],[100.572,13.8295],[100.571,13.8285],[100.5695,13.8285],[100.57,13.828],[100.569,13.827],[100.5675,13.8275]],[[100.5685,13.8285]]],[[[100.5655,13.8585],[100.567,13.86],[100.566,13.86],[100.567,13.8615],[100.5665,13.8625],[100.5675,13.862],[100.568,13.863],[100.569,13.863],[100.5665,13.858],[100.5655,13.8585]]],[[[100.571,13.777],[100.5705,13.7785],[100.572,13.7785],[100.5715,13.779],[100.573,13.7805],[100.573,13.782],[100.574,13.782],[100.5755,13.7805],[100.575,13.78],[100.577,13.7785],[100.574,13.7775],[100.5745,13.7755],[100.5735,13.775],[100.5725,13.7755],[100.573,13.7765],[100.572,13.7775],[100.571,13.777]],[[100.573,13.779]],[[100.575,13.779]]],[[[100.572,13.8065],[100.5695,13.8075],[100.569,13.8085],[100.5705,13.8085],[100.571,13.8095],[100.5715,13.8095],[100.571,13.808],[100.5715,13.809],[100.574,13.808],[100.5745,13.8085],[100.5765,13.8055],[100.576,13.8035],[100.5755,13.8045],[100.575,13.8005],[100.577,13.8],[100.577,13.7985],[100.5765,13.797],[100.575,13.797],[100.5745,13.7955],[100.5735,13.7975],[100.5725,13.7975],[100.5735,13.798],[100.5725,13.8],[100.574,13.801],[100.574,13.8045],[100.573,13.8045],[100.572,13.8065]],[[100.576,13.7985],[100.576,13.798],[100.576,13.7985]],[[100.572,13.8075]],[[100.5735,13.8055]]],[[[100.574,13.7855],[100.573,13.786],[100.5735,13.7895],[100.5725,13.7885],[100.5715,13.79],[100.572,13.791],[100.573,13.79],[100.5735,13.7905],[100.5745,13.7935],[100.576,13.792],[100.577,13.792],[100.5755,13.7905],[100.577,13.7895],[100.574,13.7855]],[[100.5755,13.7905]]],[[[100.5725,13.8335],[100.572,13.834],[100.575,13.839],[100.5755,13.8385],[100.5745,13.837],[100.5765,13.836],[100.576,13.835],[100.575,13.8355],[100.574,13.834],[100.5735,13.8345],[100.5725,13.8335]],[[100.574,13.8365],[100.5745,13.8365],[100.574,13.8365]]],[[[100.5745,13.8875],[100.5735,13.8885],[100.576,13.8895],[100.576,13.8885],[100.578,13.888],[100.5785,13.8865],[100.578,13.886],[100.5755,13.8875],[100.5755,13.8865],[100.5745,13.8865],[100.5745,13.8875]],[[100.5775,13.888],[100.577,13.888],[100.5775,13.888]]],[[[100.576,13.841],[100.5755,13.8425],[100.5765,13.8425],[100.576,13.845],[100.5775,13.8445],[100.578,13.845],[100.5785,13.844],[100.576,13.841]]],[[[100.5785,13.7225],[100.5765,13.722],[100.576,13.7235],[100.5765,13.7245],[100.575,13.7245],[100.575,13.727],[100.576,13.7265],[100.5765,13.727],[100.5775,13.7255],[100.577,13.727],[100.578,13.728],[100.579,13.726],[100.58,13.7265],[100.5805,13.724],[100.582,13.722],[100.579,13.721],[100.5785,13.7225]],[[100.578,13.7235],[100.5785,13.7235],[100.578,13.7235]]],[[[100.5765,13.7545],[100.575,13.7555],[100.577,13.757],[100.578,13.756],[100.5785,13.7585],[100.579,13.7565],[100.5815,13.7555],[100.5805,13.7545],[100.5775,13.754],[100.5765,13.7545]]],[[[100.579,13.851],[100.5805,13.8515],[100.5805,13.8525],[100.5815,13.8515],[100.5815,13.853],[100.583,13.853],[100.584,13.8545],[100.584,13.858],[100.585,13.858],[100.585,13.859],[100.5855,13.8585],[100.587,13.859],[100.587,13.8575],[100.585,13.855],[100.5855,13.854],[100.5845,13.854],[100.582,13.85],[100.5825,13.8485],[100.58,13.8485],[100.5805,13.8495],[100.579,13.851]],[[100.5845,13.857],[100.585,13.857],[100.5845,13.857]],[[100.5845,13.8565]]],[[[100.58,13.883],[100.579,13.884],[100.5795,13.885],[100.579,13.8855],[100.5825,13.888],[100.5815,13.889],[100.584,13.89],[100.5845,13.889],[100.584,13.888],[100.585,13.8865],[100.5835,13.884],[100.584,13.8835],[100.5845,13.884],[100.585,13.8825],[100.584,13.882],[100.583,13.883],[100.583,13.8815],[100.582,13.8815],[100.5815,13.883],[100.5805,13.8835],[100.58,13.883]],[[100.5815,13.887],[100.581,13.8855],[100.5815,13.887]],[[100.5835,13.8855]]],[[[100.584,13.717],[100.5835,13.72],[100.582,13.7205],[100.582,13.7215],[100.583,13.7225],[100.584,13.722],[100.5845,13.723],[100.5855,13.721],[100.5865,13.7215],[100.586,13.7205],[100.587,13.719],[100.588,13.719],[100.5885,13.7175],[100.5905,13.718],[100.5905,13.717],[100.5925,13.717],[100.5945,13.713],[100.5905,13.7125],[100.5895,13.715],[100.5885,13.715],[100.589,13.716],[100.588,13.716],[100.588,13.717],[100.586,13.718],[100.584,13.717]],[[100.5855,13.7185],[100.5855,13.719],[100.585,13.7185],[100.5855,13.7185]],[[100.586,13.718],[100.5865,13.718],[100.586,13.718]],[[100.5855,13.72],[100.585,13.72],[100.5855,13.72]],[[100.5915,13.716],[100.5915,13.7165],[100.5915,13.716]],[[100.591,13.7135],[100.591,13.714],[100.5905,13.7145],[100.591,13.7135]]],[[[100.5875,13.8805],[100.587,13.881],[100.5875,13.8815],[100.589,13.8815],[100.589,13.8805],[100.5915,13.8815],[100.592,13.8785],[100.5875,13.8805]]],[[[100.5875,13.8955],[100.587,13.896],[100.5875,13.897],[100.5865,13.898],[100.588,13.8975],[100.5885,13.8985],[100.587,13.8985],[100.5865,13.8995],[100.5905,13.9015],[100.5875,13.8955]],[[100.5885,13.9],[100.5885,13.8995],[100.589,13.8995],[100.5885,13.9]]],[[[100.5915,13.6195],[100.5905,13.6195],[100.5895,13.6215],[100.5885,13.621],[100.588,13.623],[100.589,13.623],[100.589,13.6245],[100.593,13.6225],[100.5905,13.6215],[100.591,13.6205],[100.5925,13.6205],[100.5915,13.6195]]],[[[100.592,13.6375],[100.5945,13.6375],[100.595,13.636],[100.592,13.6375]]],[[[100.59,13.8645],[100.5895,13.8685],[100.5905,13.8695],[100.593,13.87],[100.5935,13.869],[100.59,13.8645]],[[100.5905,13.867]]],[[[100.5965,13.607],[100.5945,13.6085],[100.5975,13.6095],[100.598,13.6085],[100.5975,13.607],[100.5965,13.607]]],[[[100.5965,13.646],[100.5955,13.6465],[100.595,13.6475],[100.5955,13.648],[100.5985,13.6465],[100.5965,13.646]]],[[[100.595,13.872],[100.5955,13.8745],[100.5945,13.875],[100.5955,13.876],[100.5945,13.876],[100.5945,13.877],[100.596,13.8765],[100.596,13.878],[100.5975,13.8785],[100.5985,13.8775],[100.598,13.877],[100.5995,13.8765],[100.599,13.876],[100.5995,13.8745],[100.5985,13.8735],[100.601,13.8725],[100.602,13.8735],[100.6035,13.8735],[100.605,13.8725],[100.6045,13.8715],[100.6055,13.87],[100.604,13.87],[100.5985,13.873],[100.596,13.873],[100.595,13.872]],[[100.602,13.872]],[[100.597,13.8755]],[[100.5965,13.874],[100.597,13.8735],[100.597,13.874],[100.5965,13.874]],[[100.597,13.877]],[[100.6035,13.872],[100.604,13.872],[100.6035,13.872]],[[100.604,13.871]]],[[[100.596,13.912],[100.5955,13.913],[100.596,13.9135],[100.595,13.914],[100.596,13.9145],[100.5955,13.916],[100.5965,13.917],[100.597,13.9165],[100.5985,13.917],[100.599,13.9165],[100.596,13.912]]],[[[100.5965,13.6015],[100.596,13.6025],[100.5965,13.603],[100.5975,13.602],[100.5965,13.6015]]],[[[100.599,13.661],[100.6005,13.6615],[100.601,13.663],[100.6035,13.6625],[100.604,13.6635],[100.6055,13.6615],[100.6045,13.661],[100.604,13.6615],[100.6035,13.66],[100.6025,13.6615],[100.6015,13.658],[100.601,13.6585],[100.6015,13.66],[100.6005,13.661],[100.599,13.661]]],[[[100.5995,13.7035],[100.599,13.704],[100.5995,13.705],[100.599,13.7055],[100.598,13.705],[100.598,13.7065],[100.6,13.707],[100.5985,13.708],[100.5995,13.7095],[100.6025,13.708],[100.601,13.7065],[100.604,13.707],[100.6035,13.706],[100.604,13.705],[100.603,13.705],[100.6025,13.7035],[100.603,13.702],[100.6015,13.7035],[100.601,13.703],[100.5995,13.7035]],[[100.601,13.705],[100.6005,13.705],[100.6005,13.7045],[100.601,13.705]]],[[[100.601,13.7405],[100.6,13.741],[100.6005,13.7425],[100.599,13.7425],[100.5985,13.7435],[100.5995,13.744],[100.601,13.7435],[100.6005,13.7445],[100.603,13.745],[100.602,13.743],[100.6025,13.741],[100.601,13.7405]]],[[[100.599,13.8795],[100.5985,13.8805],[100.599,13.8825],[100.6,13.882],[100.6005,13.8825],[100.599,13.8825],[100.599,13.8835],[100.601,13.884],[100.6005,13.885],[100.6015,13.8845],[100.6025,13.885],[100.603,13.8825],[100.602,13.883],[100.6005,13.882],[100.599,13.8795]]],[[[100.605,13.9685],[100.6055,13.9665],[100.6055,13.9635],[100.6055,13.963],[100.605,13.9685]]],[[[100.6025,13.989],[100.6025,13.987],[100.602,13.992],[100.602,13.9905],[100.603,13.99],[100.6025,13.989]]],[[[100.603,13.8855],[100.6025,13.8865],[100.606,13.891],[100.6065,13.89],[100.606,13.8885],[100.605,13.889],[100.606,13.8875],[100.605,13.886],[100.6045,13.8865],[100.603,13.8855]]],[[[100.6045,13.667],[100.604,13.6675],[100.6045,13.6695],[100.603,13.6695],[100.6025,13.6705],[100.604,13.67],[100.6035,13.671],[100.605,13.6715],[100.606,13.67],[100.6045,13.667]],[[100.6045,13.67],[100.605,13.67],[100.6045,13.67]]],[[[100.6055,13.694],[100.605,13.695],[100.603,13.6945],[100.6035,13.696],[100.602,13.696],[100.603,13.697],[100.602,13.698],[100.603,13.698],[100.6035,13.7005],[100.607,13.699],[100.6075,13.6995],[100.6085,13.698],[100.606,13.697],[100.608,13.697],[100.6075,13.696],[100.608,13.695],[100.607,13.6945],[100.6075,13.6935],[100.6065,13.693],[100.606,13.6945],[100.6055,13.694]],[[100.6045,13.696],[100.605,13.696],[100.605,13.6965],[100.6045,13.696]],[[100.604,13.6975],[100.6035,13.6975],[100.6045,13.697],[100.604,13.6975]]],[[[100.6065,13.8965],[100.61,13.8975],[100.6085,13.894],[100.6075,13.8935],[100.6065,13.8965]]],[[[100.608,13.5665],[100.607,13.5675],[100.6075,13.568],[100.6085,13.567],[100.608,13.5665]]],[[[100.6065,13.5755],[100.605,13.578],[100.6065,13.578],[100.6065,13.579],[100.6075,13.5795],[100.607,13.578],[100.6085,13.5775],[100.6085,13.5765],[100.607,13.5765],[100.6065,13.5755]]],[[[100.6075,13.5835],[100.608,13.5855],[100.6085,13.585],[100.6075,13.5835]]],[[[100.608,13.592],[100.6085,13.5925],[100.609,13.5925],[100.6085,13.592],[100.608,13.592]]],[[[100.6095,13.6775],[100.608,13.677],[100.6075,13.678],[100.609,13.6795],[100.6085,13.6805],[100.6105,13.6825],[100.612,13.6785],[100.611,13.6775],[100.6105,13.6785],[100.6095,13.6785],[100.609,13.678],[100.6095,13.6775]]],[[[100.6105,13.6855],[100.6085,13.689],[100.609,13.688],[100.607,13.69],[100.6075,13.691],[100.607,13.6925],[100.611,13.6905],[100.61,13.69],[100.611,13.688],[100.6105,13.6855]],[[100.6095,13.689],[100.61,13.688],[100.6095,13.689]],[[100.609,13.69],[100.6095,13.69],[100.609,13.69]]],[[[100.6165,13.863],[100.6165,13.865],[100.6175,13.8645],[100.6205,13.865],[100.6195,13.8635],[100.62,13.863],[100.6195,13.8615],[100.6165,13.863]],[[100.6195,13.8645],[100.6195,13.864],[100.6195,13.8645]],[[100.6185,13.863]],[[100.6195,13.8625]],[[100.618,13.8645],[100.6185,13.864],[100.618,13.8645]]],[[[100.618,13.909],[100.617,13.908],[100.6155,13.909],[100.619,13.9135],[100.62,13.9115],[100.62,13.9105],[100.619,13.9105],[100.6205,13.9095],[100.619,13.9085],[100.6185,13.9095],[100.618,13.909]],[[100.617,13.909]],[[100.618,13.911]]],[[[100.629,13.772],[100.6275,13.7735],[100.628,13.7745],[100.627,13.775],[100.627,13.7765],[100.6295,13.7775],[100.6315,13.7755],[100.631,13.775],[100.632,13.773],[100.629,13.772]],[[100.6295,13.774],[100.6295,13.7735],[100.6295,13.774]]],[[[100.63,13.855],[100.6265,13.8575],[100.626,13.8565],[100.625,13.857],[100.6245,13.856],[100.624,13.857],[100.6245,13.858],[100.623,13.86],[100.6265,13.861],[100.6275,13.859],[100.6275,13.86],[100.629,13.859],[100.628,13.858],[100.6285,13.8575],[100.629,13.858],[100.629,13.857],[100.6305,13.857],[100.6315,13.856],[100.6325,13.8565],[100.633,13.8555],[100.6335,13.856],[100.635,13.854],[100.633,13.854],[100.632,13.853],[100.6315,13.8535],[100.6325,13.8545],[100.63,13.855]],[[100.625,13.8585],[100.6245,13.8585],[100.625,13.8585]]],[[[100.6215,13.917],[100.621,13.9175],[100.622,13.9185],[100.6225,13.918],[100.6215,13.917]]],[[[100.626,13.9225],[100.625,13.923],[100.624,13.9225],[100.6245,13.9235],[100.6235,13.924],[100.624,13.9265],[100.626,13.9265],[100.626,13.9285],[100.6275,13.928],[100.628,13.927],[100.6275,13.926],[100.629,13.9255],[100.627,13.9255],[100.6255,13.9235],[100.626,13.9225]]],[[[100.6445,13.737],[100.6415,13.7385],[100.6435,13.739],[100.6425,13.7395],[100.645,13.739],[100.6455,13.7405],[100.646,13.739],[100.647,13.74],[100.648,13.738],[100.6445,13.737]]],[[[100.6775,13.8235],[100.676,13.8245],[100.676,13.826],[100.6785,13.827],[100.678,13.825],[100.68,13.8245],[100.6775,13.8235]]],[[[100.6695,13.8315],[100.6655,13.8355],[100.666,13.836],[100.6675,13.835],[100.6695,13.836],[100.6705,13.835],[100.669,13.833],[100.67,13.8335],[100.6695,13.8315]]],[[[100.6615,13.839],[100.657,13.8415],[100.6565,13.8425],[100.6615,13.84],[100.662,13.839],[100.6615,13.839]]],[[[100.6535,13.8435],[100.6515,13.8445],[100.6505,13.8435],[100.6495,13.8445],[100.65,13.845],[100.649,13.845],[100.649,13.844],[100.647,13.845],[100.649,13.8475],[100.6495,13.8465],[100.6515,13.8465],[100.651,13.8455],[100.652,13.8455],[100.6535,13.8435]],[[100.6495,13.846],[100.6495,13.8465],[100.649,13.8465],[100.6495,13.846]]],[[[100.6445,13.848],[100.6405,13.8505],[100.642,13.8515],[100.642,13.8525],[100.6425,13.851],[100.645,13.851],[100.6455,13.85],[100.6445,13.848]]],[[[100.6465,13.932],[100.646,13.9315],[100.643,13.9325],[100.645,13.9335],[100.649,13.9325],[100.6465,13.932]]],[[[100.75,13.687],[100.7495,13.6865],[100.7465,13.6875],[100.747,13.688],[100.7485,13.6875],[100.75,13.6905],[100.7475,13.692],[100.7535,13.6905],[100.753,13.69],[100.7505,13.691],[100.75,13.687]]],[[[100.754,13.692],[100.748,13.694],[100.7495,13.6945],[100.753,13.6935],[100.754,13.693],[100.754,13.692]]],[[[100.7465,13.7255],[100.746,13.7285],[100.745,13.7285],[100.7455,13.729],[100.749,13.7285],[100.752,13.7295],[100.75,13.7275],[100.748,13.7275],[100.7465,13.7255]]],[[[100.6915,13.7325],[100.6895,13.7335],[100.6885,13.733],[100.6875,13.734],[100.6885,13.735],[100.6915,13.734],[100.692,13.7345],[100.6935,13.7335],[100.6915,13.7325]]],[[[100.726,13.81],[100.725,13.8105],[100.7245,13.812],[100.725,13.811],[100.7225,13.8125],[100.723,13.813],[100.729,13.8125],[100.728,13.811],[100.7275,13.8115],[100.7265,13.811],[100.727,13.81],[100.726,13.81]]],[[[100.7015,13.8125],[100.701,13.8135],[100.703,13.814],[100.7025,13.8155],[100.704,13.815],[100.7045,13.8135],[100.704,13.8125],[100.7015,13.8125]]],[[[100.6865,13.8155],[100.6855,13.8165],[100.6865,13.8185],[100.687,13.818],[100.6865,13.8155]]]]}},{"type":"Feature","properties":{"class":"5-10","speed_kmh":4.0},"geometry":{"type":"MultiPolygon","coordinates":[[[[100.4065,13.7065],[100.406,13.71],[100.4065,13.7095],[100.4075,13.71],[100.4075,13.7085],[100.4085,13.709],[100.4085,13.708],[100.4065,13.7065]]],[[[100.406,13.71]]],[[[100.406,13.71]]],[[[100.406,13.71]]],[[[100.407,13.7125],[100.406,13.7145],[100.407,13.7135],[100.407,13.716],[100.409,13.716],[100.409,13.717],[100.411,13.715],[100.412,13.716],[100.412,13.714],[100.4135,13.714],[100.4135,13.712],[100.4145,13.7125],[100.416,13.712],[100.4165,13.713],[100.4175,13.7125],[100.418,13.714],[100.4195,13.714],[100.42,13.7155],[100.4205,13.713],[100.4185,13.713],[100.419,13.7125],[100.4185,13.7115],[100.419,13.7105],[100.4205,13.7105],[100.42,13.7095],[100.4205,13.709],[100.4235,13.7095],[100.4235,13.711],[100.425,13.7105],[100.425,13.7115],[100.426,13.7105],[100.4255,13.714],[100.4265,13.714],[100.427,13.715],[100.428,13.713],[100.4305,13.713],[100.431,13.714],[100.432,13.713],[100.4315,13.7125],[100.433,13.712],[100.433,13.711],[100.4345,13.7115],[100.434,13.7105],[100.4345,13.71],[100.434,13.7105],[100.432,13.7095],[100.4315,13.711],[100.431,13.71],[100.431,13.711],[100.4285,13.712],[100.4275,13.71],[100.426,13.71],[100.4265,13.7095],[100.4255,13.708],[100.4235,13.7085],[100.423,13.708],[100.424,13.7075],[100.4235,13.7065],[100.422,13.707],[100.4205,13.706],[100.42,13.7065],[100.4205,13.707],[100.4195,13.707],[100.42,13.708],[100.4195,13.709],[100.418,13.7085],[100.4175,13.71],[100.418,13.7105],[100.417,13.7095],[100.416,13.711],[100.4155,13.7105],[100.415,13.711],[100.4145,13.7095],[100.413,13.709],[100.413,13.707],[100.41,13.7065],[100.4095,13.709],[100.412,13.7095],[100.4115,13.71],[100.413,13.711],[100.412,13.7115],[100.4125,13.713],[100.4105,13.712],[100.4105,13.7135],[100.409,13.714],[100.408,13.713],[100.4085,13.712],[100.4075,13.715],[100.407,13.7125]],[[100.4195,13.7095],[100.419,13.7095],[100.4195,13.709],[100.4195,13.7095]],[[100.412,13.708],[100.412,13.7085],[100.412,13.708]],[[100.413,13.712]],[[100.4175,13.712]],[[100.421,13.7085],[100.422,13.7075],[100.4225,13.708],[100.421,13.7085]],[[100.422,13.709]],[[100.427,13.711]],[[100.427,13.712]],[[100.431,13.712],[100.4305,13.712],[100.431,13.712]]],[[[100.4205,13.7135],[100.42,13.716],[100.421,13.7175],[100.4215,13.717],[100.4215,13.718],[100.422,13.717],[100.423,13.717],[100.4225,13.7165],[100.423,13.7155],[100.424,13.7155],[100.424,13.7165],[100.4255,13.716],[100.425,13.713],[100.4245,13.714],[100.4235,13.7135],[100.423,13.715],[100.422,13.715],[100.4205,13.7135]],[[100.421,13.716]]],[[[100.437,13.7135],[100.4385,13.714],[100.439,13.715],[100.4395,13.7145],[100.4415,13.7155],[100.4415,13.7165],[100.4425,13.716],[100.442,13.715],[100.443,13.7135],[100.4425,13.713],[100.4415,13.7135],[100.4405,13.7125],[100.4395,13.713],[100.44,13.7125],[100.4395,13.712],[100.437,13.711],[100.4365,13.7115],[100.438,13.713],[100.437,13.7135]]],[[[100.4435,13.7165],[100.442,13.7185],[100.4425,13.7195],[100.4435,13.7195],[100.4435,13.7205],[100.4445,13.72],[100.4445,13.719],[100.446,13.7195],[100.4455,13.7205],[100.4475,13.7205],[100.449,13.7195],[100.449,13.7185],[100.4495,13.7195],[100.4515,13.718],[100.452,13.7195],[100.453,13.719],[100.453,13.7205],[100.454,13.7205],[100.4535,13.723],[100.4545,13.725],[100.4565,13.7235],[100.4555,13.723],[100.4565,13.7225],[100.4555,13.722],[100.4555,13.7205],[100.4545,13.7205],[100.4535,13.719],[100.454,13.718],[100.455,13.7185],[100.456,13.718],[100.455,13.7175],[100.4545,13.7155],[100.4535,13.7155],[100.454,13.717],[100.4525,13.7165],[100.4515,13.717],[100.4505,13.7165],[100.4505,13.7155],[100.45,13.7165],[100.447,13.7145],[100.449,13.7165],[100.447,13.7185],[100.4465,13.7175],[100.445,13.7185],[100.445,13.7175],[100.444,13.7175],[100.4435,13.7165]],[[100.4495,13.7175]],[[100.448,13.719],[100.4485,13.719],[100.448,13.719]],[[100.447,13.7185]],[[100.446,13.7185]],[[100.4535,13.719]]],[[[100.4565,13.7235],[100.4545,13.727],[100.458,13.726],[100.4575,13.7245],[100.4595,13.7245],[100.4595,13.7235],[100.4595,13.725],[100.4615,13.725],[100.4615,13.726],[100.46,13.7265],[100.46,13.7275],[100.461,13.727],[100.4615,13.728],[100.461,13.729],[100.4625,13.7285],[100.464,13.7295],[100.466,13.727],[100.462,13.726],[100.4625,13.724],[100.4615,13.7235],[100.4615,13.7225],[100.4625,13.7225],[100.463,13.721],[100.4625,13.72],[100.461,13.721],[100.4615,13.72],[100.4605,13.719],[100.459,13.7185],[100.4605,13.722],[100.4585,13.7225],[100.4585,13.7215],[100.457,13.7245],[100.4565,13.7235]],[[100.4585,13.723]],[[100.462,13.7235]],[[100.462,13.727],[100.462,13.726],[100.4625,13.7265],[100.462,13.727]],[[100.463,13.728]]],[[[100.4665,13.7265],[100.4685,13.727],[100.468,13.728],[100.469,13.729],[100.4685,13.73],[100.4695,13.73],[100.469,13.731],[100.4695,13.7325],[100.4705,13.733],[100.47,13.7335],[100.4705,13.736],[100.4685,13.736],[100.468,13.7365],[100.47,13.7375],[100.466,13.7385],[100.465,13.7395],[100.467,13.743],[100.4675,13.7425],[100.469,13.743],[100.4685,13.7445],[100.47,13.7455],[100.4695,13.746],[100.47,13.7465],[100.471,13.7445],[100.472,13.7445],[100.4715,13.743],[100.472,13.7425],[100.4725,13.743],[100.473,13.742],[100.4735,13.7425],[100.4745,13.7405],[100.473,13.741],[100.474,13.7395],[100.4735,13.739],[100.4715,13.7395],[100.471,13.74],[100.4715,13.742],[100.4695,13.7435],[100.47,13.743],[100.4685,13.741],[100.4695,13.7405],[100.468,13.74],[100.468,13.7405],[100.4675,13.7395],[100.4685,13.7385],[100.4695,13.739],[100.4705,13.737],[100.4725,13.7395],[100.4725,13.738],[100.474,13.7375],[100.4725,13.735],[100.4755,13.7345],[100.475,13.733],[100.476,13.7335],[100.4755,13.734],[100.476,13.7345],[100.4775,13.734],[100.4775,13.7325],[100.4775,13.734],[100.4795,13.734],[100.4785,13.732],[100.4795,13.7315],[100.479,13.73],[100.4805,13.7295],[100.481,13.728],[100.4785,13.7255],[100.477,13.7265],[100.4775,13.725],[100.4765,13.7235],[100.4755,13.7235],[100.475,13.7255],[100.4745,13.724],[100.474,13.725],[100.474,13.724],[100.473,13.724],[100.473,13.725],[100.471,13.7245],[100.4705,13.725],[100.471,13.7255],[100.4695,13.7265],[100.469,13.7265],[100.4695,13.7255],[100.4675,13.725],[100.4685,13.7265],[100.4665,13.7265]],[[100.4715,13.7365],[100.472,13.7355],[100.472,13.736],[100.472,13.7365],[100.4715,13.7365]],[[100.472,13.73],[100.4705,13.7305],[100.472,13.7295],[100.4705,13.7275],[100.472,13.728],[100.472,13.727],[100.473,13.7275],[100.4725,13.7265],[100.4735,13.726],[100.475,13.726],[100.4765,13.727],[100.4765,13.728],[100.478,13.7285],[100.4765,13.7305],[100.4775,13.7305],[100.4775,13.7315],[100.4765,13.7315],[100.476,13.7325],[100.476,13.7315],[100.4725,13.7325],[100.472,13.73]],[[100.471,13.727],[100.471,13.7265],[100.4715,13.7265],[100.471,13.727]],[[100.469,13.728],[100.4695,13.728],[100.469,13.728]],[[100.4675,13.7385]],[[100.467,13.74]],[[100.4665,13.7405]],[[100.47,13.7305]],[[100.4725,13.7365],[100.4725,13.737],[100.4725,13.7365]],[[100.474,13.7255],[100.4745,13.726],[100.474,13.726],[100.474,13.7255]],[[100.4765,13.7335]],[[100.4785,13.73],[100.479,13.7305],[100.4785,13.7305],[100.4785,13.73]],[[100.478,13.73]]],[[[100.468,13.7245],[100.47,13.7225],[100.468,13.7215],[100.466,13.722],[100.465,13.721],[100.4625,13.722],[100.463,13.723],[100.4655,13.7225],[100.4655,13.7235],[100.4665,13.723],[100.468,13.7245]]],[[[100.4575,13.7195],[100.458,13.719],[100.4575,13.7195]]],[[[100.457,13.7185]]],[[[100.457,13.718]]],[[[100.457,13.718]]],[[[100.457,13.718]]],[[[100.457,13.718]]],[[[100.4565,13.718],[100.457,13.718],[100.4565,13.718]]],[[[100.4565,13.718]]],[[[100.4565,13.718]]],[[[100.4565,13.718]]],[[[100.4565,13.718]]],[[[100.446,13.713],[100.4475,13.7145],[100.4485,13.7145],[100.4485,13.713],[100.4475,13.713],[100.4475,13.711],[100.4465,13.7125],[100.445,13.7105],[100.442,13.712],[100.4435,13.7135],[100.446,13.713]]],[[[100.4365,13.7115],[100.436,13.7105],[100.4355,13.7105],[100.4355,13.711],[100.4365,13.7115]]],[[[100.4345,13.71]]],[[[100.472,13.73],[100.472,13.7295],[100.472,13.73]]],[[[100.4665,13.7235]]],[[[100.4665,13.7235]]],[[[100.475,13.7305],[100.4745,13.7305],[100.474,13.7305],[100.4745,13.7305],[100.475,13.7305]]],[[[100.4085,13.875],[100.409,13.877],[100.406,13.877],[100.407,13.878],[100.405,13.879],[100.4055,13.8795],[100.4045,13.8805],[100.405,13.881],[100.4035,13.8825],[100.405,13.8825],[100.4065,13.8855],[100.408,13.885],[100.4075,13.886],[100.4085,13.887],[100.4075,13.8885],[100.4065,13.8885],[100.407,13.8895],[100.405,13.8905],[100.4055,13.8925],[100.406,13.892],[100.4075,13.8925],[100.407,13.893],[100.4075,13.8985],[100.409,13.894],[100.408,13.8955],[100.4075,13.8905],[100.4085,13.889],[100.409,13.8895],[100.411,13.889],[100.411,13.888],[100.41,13.888],[100.4105,13.887],[100.4095,13.8865],[100.4105,13.8845],[100.411,13.885],[100.412,13.884],[100.411,13.8815],[100.4115,13.881],[100.4105,13.881],[100.41,13.88],[100.41,13.879],[100.411,13.8785],[100.4105,13.878],[100.411,13.8765],[100.4095,13.875],[100.4085,13.875]],[[100.4105,13.884],[100.41,13.884],[100.4105,13.884]],[[100.41,13.8825],[100.4095,13.8825],[100.41,13.8825]],[[100.4075,13.882],[100.406,13.8815],[100.4085,13.88],[100.408,13.8795],[100.409,13.8785],[100.4085,13.878],[100.4095,13.878],[100.409,13.8825],[100.41,13.883],[100.409,13.884],[100.4075,13.8835],[100.4075,13.882]],[[100.407,13.8835]],[[100.408,13.8835]],[[100.408,13.885]]],[[[100.4095,13.8915],[100.4115,13.8935],[100.41,13.8905],[100.4095,13.8915]]],[[[100.4075,13.882]]],[[[100.4075,13.882]]],[[[100.4075,13.882]]],[[[100.4075,13.882]]],[[[100.4195,13.8705],[100.417,13.8705],[100.417,13.8715],[100.416,13.8715],[100.4165,13.872],[100.416,13.874],[100.415,13.8715],[100.4145,13.8725],[100.415,13.8735],[100.414,13.873],[100.413,13.874],[100.416,13.8755],[100.416,13.8765],[100.417,13.876],[100.418,13.878],[100.418,13.8765],[100.4205,13.8755],[100.423,13.8755],[100.4235,13.8765],[100.424,13.8755],[100.4255,13.8755],[100.425,13.8735],[100.4235,13.873],[100.4235,13.872],[100.423,13.8745],[100.4225,13.8735],[100.4215,13.874],[100.4225,13.875],[100.418,13.8755],[100.4165,13.8745],[100.416,13.874],[100.417,13.8735],[100.418,13.874],[100.4175,13.873],[100.4185,13.8725],[100.4195,13.8735],[100.4215,13.873],[100.4215,13.872],[100.4205,13.872],[100.4205,13.871],[100.4195,13.8705]],[[100.424,13.874],[100.4235,13.8745],[100.4235,13.874],[100.424,13.874]]],[[[100.429,13.874],[100.4275,13.8755],[100.429,13.8765],[100.43,13.876],[100.4295,13.877],[100.4305,13.878],[100.4305,13.877],[100.4315,13.8765],[100.431,13.8745],[100.432,13.875],[100.432,13.8745],[100.431,13.874],[100.4305,13.8745],[100.431,13.875],[100.43,13.8745],[100.4295,13.875],[100.429,13.874]],[[100.431,13.876]]],[[[100.432,13.877],[100.431,13.8775],[100.433,13.8785],[100.4315,13.88],[100.433,13.8815],[100.436,13.8805],[100.436,13.8785],[100.4375,13.8785],[100.4365,13.878],[100.4365,13.8765],[100.438,13.878],[100.4385,13.878],[100.438,13.877],[100.4395,13.8765],[100.446,13.877],[100.441,13.876],[100.4405,13.8745],[100.4395,13.8755],[100.4385,13.874],[100.438,13.8755],[100.4375,13.875],[100.436,13.8755],[100.4365,13.8765],[100.4355,13.8775],[100.435,13.877],[100.434,13.879],[100.432,13.877]],[[100.4355,13.8795]],[[100.436,13.8795]]],[[[100.4455,13.877]]],[[[100.4455,13.8775]]],[[[100.4455,13.8775]]],[[[100.4455,13.8775],[100.446,13.878],[100.445,13.879],[100.4465,13.8805],[100.447,13.88],[100.4465,13.879],[100.448,13.8785],[100.449,13.877],[100.451,13.8775],[100.451,13.879],[100.452,13.8775],[100.4535,13.878],[100.454,13.8775],[100.453,13.877],[100.4535,13.8755],[100.451,13.8765],[100.451,13.875],[100.45,13.875],[100.4495,13.876],[100.4485,13.8755],[100.448,13.877],[100.4455,13.8775]],[[100.447,13.8775]]],[[[100.4565,13.876],[100.457,13.8755],[100.4575,13.8765],[100.458,13.8755],[100.4575,13.875],[100.4595,13.8745],[100.46,13.8735],[100.463,13.872],[100.4645,13.8735],[100.4655,13.872],[100.464,13.871],[100.47,13.87],[100.4705,13.8705],[100.4695,13.8715],[100.471,13.8705],[100.4715,13.872],[100.472,13.8705],[100.4725,13.871],[100.473,13.87],[100.4705,13.8695],[100.4695,13.8685],[100.467,13.8695],[100.467,13.8685],[100.466,13.8685],[100.465,13.869],[100.4645,13.871],[100.46,13.873],[100.458,13.8725],[100.4575,13.874],[100.458,13.8735],[100.458,13.874],[100.4565,13.875],[100.4565,13.876]],[[100.4685,13.8695]]],[[[100.466,13.872],[100.467,13.8725],[100.468,13.8715],[100.4665,13.871],[100.466,13.872]],[[100.467,13.8715]]],[[[100.4685,13.872]]],[[[100.4685,13.872],[100.4705,13.874],[100.4705,13.872],[100.4695,13.8715],[100.4685,13.872]]],[[[100.448,13.876],[100.449,13.8735],[100.4485,13.874],[100.4465,13.8735],[100.446,13.8745],[100.447,13.8745],[100.447,13.8755],[100.4465,13.875],[100.446,13.8755],[100.448,13.876]]],[[[100.436,13.8745],[100.4365,13.8705],[100.4355,13.872],[100.433,13.8715],[100.433,13.873],[100.435,13.873],[100.434,13.8745],[100.4355,13.873],[100.436,13.8745]]],[[[100.432,13.875]]],[[[100.435,13.877],[100.4345,13.8765],[100.434,13.8765],[100.435,13.877]]],[[[100.4355,13.877]]],[[[100.4645,13.713],[100.464,13.714],[100.4635,13.7135],[100.463,13.714],[100.464,13.7145],[100.464,13.7155],[100.4665,13.7155],[100.467,13.716],[100.466,13.7165],[100.468,13.7165],[100.4675,13.7175],[100.4685,13.718],[100.4685,13.716],[100.4695,13.716],[100.47,13.717],[100.4725,13.7165],[100.473,13.7145],[100.474,13.7145],[100.4745,13.7155],[100.474,13.716],[100.4755,13.716],[100.476,13.715],[100.474,13.7125],[100.4755,13.712],[100.4755,13.713],[100.4765,13.713],[100.476,13.712],[100.478,13.7115],[100.4785,13.7105],[100.478,13.71],[100.479,13.7105],[100.4785,13.712],[100.478,13.7115],[100.4775,13.7145],[100.4785,13.7135],[100.479,13.714],[100.4795,13.71],[100.478,13.709],[100.4785,13.708],[100.478,13.708],[100.4765,13.711],[100.4755,13.7115],[100.475,13.71],[100.473,13.711],[100.472,13.7095],[100.471,13.7095],[100.4705,13.7105],[100.471,13.7095],[100.469,13.7085],[100.4695,13.7095],[100.468,13.709],[100.4675,13.71],[100.467,13.709],[100.466,13.71],[100.4665,13.7105],[100.4655,13.71],[100.465,13.711],[100.466,13.712],[100.465,13.7135],[100.4645,13.713]],[[100.4695,13.7105]],[[100.469,13.715],[100.469,13.7155],[100.469,13.715]],[[100.4695,13.714],[100.4675,13.7155],[100.466,13.714],[100.4665,13.7135],[100.466,13.713],[100.4675,13.712],[100.4685,13.713],[100.468,13.712],[100.469,13.7105],[100.4695,13.7115],[100.4705,13.711],[100.472,13.712],[100.4705,13.715],[100.4695,13.714]],[[100.467,13.7115],[100.4665,13.7115],[100.4675,13.712],[100.467,13.7115]],[[100.4685,13.71]],[[100.4735,13.714],[100.473,13.713],[100.4745,13.7135],[100.4735,13.714]],[[100.4735,13.712]],[[100.4725,13.7115]],[[100.4745,13.712],[100.474,13.7125],[100.4745,13.712]]],[[[100.4755,13.717],[100.475,13.7205],[100.476,13.719],[100.4775,13.719],[100.479,13.7165],[100.4785,13.7155],[100.477,13.7155],[100.476,13.7175],[100.4755,13.717]],[[100.4775,13.7175],[100.477,13.7175],[100.4775,13.7175]]],[[[100.4705,13.712],[100.4705,13.7115],[100.4705,13.712]]],[[[100.4645,13.754],[100.465,13.7545],[100.464,13.7555],[100.467,13.756],[100.4675,13.756],[100.467,13.755],[100.469,13.753],[100.4705,13.7545],[100.472,13.7545],[100.4705,13.7545],[100.472,13.755],[100.4705,13.7555],[100.47,13.757],[100.4685,13.757],[100.469,13.756],[100.468,13.756],[100.468,13.757],[100.4665,13.7565],[100.467,13.758],[100.4685,13.7575],[100.468,13.7585],[100.469,13.7595],[100.4695,13.7615],[100.469,13.762],[100.47,13.7615],[100.4705,13.762],[100.4685,13.766],[100.469,13.7665],[100.4705,13.7655],[100.47,13.768],[100.4715,13.7685],[100.472,13.7675],[100.4735,13.768],[100.473,13.767],[100.475,13.766],[100.476,13.767],[100.475,13.768],[100.4755,13.7685],[100.4765,13.7675],[100.4765,13.7685],[100.4775,13.7685],[100.4765,13.7655],[100.474,13.765],[100.474,13.766],[100.4725,13.766],[100.472,13.7655],[100.4725,13.764],[100.4705,13.7635],[100.471,13.761],[100.4725,13.7615],[100.472,13.7605],[100.473,13.7595],[100.4705,13.7585],[100.4715,13.7585],[100.4715,13.7575],[100.4725,13.758],[100.472,13.7565],[100.4735,13.7555],[100.4745,13.756],[100.475,13.755],[100.474,13.755],[100.4735,13.7535],[100.4715,13.7535],[100.472,13.7525],[100.47,13.752],[100.4705,13.751],[100.4695,13.75],[100.4685,13.7505],[100.469,13.752],[100.468,13.751],[100.4675,13.7525],[100.466,13.7525],[100.466,13.7535],[100.467,13.7535],[100.4645,13.754]],[[100.472,13.756],[100.472,13.7555],[100.4725,13.7555],[100.472,13.756]],[[100.47,13.7575],[100.4695,13.7575],[100.47,13.7575]],[[100.471,13.7575],[100.471,13.758],[100.4705,13.7575],[100.471,13.7575]],[[100.4725,13.7665]]],[[[100.4675,13.756],[100.468,13.756],[100.4675,13.756]]],[[[100.468,13.756]]],[[[100.4815,13.716],[100.4805,13.716],[100.48,13.717],[100.4805,13.7185],[100.4815,13.718],[100.481,13.72],[100.483,13.7205],[100.4835,13.7215],[100.4825,13.7215],[100.482,13.7225],[100.4825,13.724],[100.4835,13.724],[100.4835,13.723],[100.4845,13.7235],[100.4855,13.722],[100.485,13.721],[100.484,13.7215],[100.4845,13.7195],[100.483,13.719],[100.483,13.7175],[100.484,13.718],[100.4845,13.717],[100.4885,13.7165],[100.488,13.7145],[100.487,13.7155],[100.486,13.715],[100.4865,13.716],[100.486,13.7165],[100.485,13.716],[100.4855,13.715],[100.483,13.7155],[100.482,13.7165],[100.4815,13.716]],[[100.4825,13.719],[100.482,13.7185],[100.483,13.7185],[100.4825,13.719]]],[[[100.486,13.721],[100.486,13.7205],[100.4855,13.7205],[100.486,13.721]]],[[[100.487,13.7205],[100.487,13.722],[100.489,13.723],[100.491,13.722],[100.4905,13.723],[100.4915,13.7235],[100.4915,13.7245],[100.4945,13.726],[100.4945,13.727],[100.4965,13.727],[100.497,13.726],[100.498,13.726],[100.4975,13.725],[100.5005,13.7245],[100.5015,13.7235],[100.502,13.7245],[100.507,13.7235],[100.505,13.724],[100.5065,13.7245],[100.5065,13.7255],[100.5055,13.7255],[100.506,13.7265],[100.5045,13.727],[100.504,13.7285],[100.502,13.7285],[100.503,13.7295],[100.5025,13.7305],[100.5035,13.731],[100.5025,13.731],[100.502,13.7325],[100.5035,13.733],[100.504,13.732],[100.506,13.733],[100.507,13.7345],[100.507,13.733],[100.5085,13.7335],[100.508,13.734],[100.5095,13.734],[100.5095,13.733],[100.5105,13.7325],[100.5085,13.731],[100.509,13.7315],[100.5085,13.732],[100.505,13.7315],[100.5065,13.7305],[100.504,13.73],[100.507,13.7285],[100.5075,13.7295],[100.508,13.728],[100.507,13.7265],[100.5085,13.7265],[100.5075,13.7245],[100.5085,13.7245],[100.509,13.723],[100.5105,13.724],[100.511,13.7255],[100.512,13.725],[100.512,13.724],[100.511,13.7235],[100.512,13.7225],[100.51,13.7225],[100.51,13.721],[100.5115,13.7205],[100.5105,13.7195],[100.5125,13.7185],[100.5105,13.7185],[100.5105,13.72],[100.5095,13.72],[100.508,13.718],[100.5065,13.7175],[100.506,13.718],[100.5065,13.7175],[100.5055,13.717],[100.505,13.7175],[100.5055,13.718],[100.504,13.7185],[100.5035,13.718],[100.5045,13.7165],[100.5005,13.717],[100.5005,13.716],[100.499,13.716],[100.4985,13.7175],[100.495,13.7185],[100.494,13.7165],[100.493,13.7185],[100.49,13.718],[100.49,13.719],[100.488,13.718],[100.489,13.7205],[100.488,13.721],[100.487,13.7205]],[[100.5005,13.7235]],[[100.5025,13.7225],[100.5005,13.7225],[100.4995,13.721],[100.498,13.721],[100.499,13.722],[100.498,13.722],[100.498,13.723],[100.495,13.7245],[100.495,13.7235],[100.4935,13.723],[100.494,13.722],[100.4925,13.7225],[100.491,13.7215],[100.4915,13.721],[100.491,13.7205],[100.493,13.719],[100.494,13.7195],[100.496,13.7185],[100.497,13.7185],[100.4965,13.72],[100.499,13.719],[100.499,13.72],[100.5,13.7205],[100.501,13.7195],[100.5005,13.719],[100.501,13.718],[100.5025,13.7195],[100.5035,13.719],[100.5055,13.72],[100.506,13.7195],[100.506,13.7205],[100.5085,13.7195],[100.506,13.7205],[100.5065,13.722],[100.505,13.722],[100.5055,13.7225],[100.505,13.723],[100.5025,13.7225]],[[100.4925,13.719]],[[100.493,13.7185]],[[100.4935,13.7185]],[[100.496,13.7245]],[[100.495,13.7245],[100.495,13.725],[100.4945,13.7245],[100.495,13.7245]],[[100.499,13.718],[100.499,13.7185],[100.499,13.718]],[[100.499,13.7235]],[[100.5,13.723],[100.4995,13.7225],[100.4995,13.722],[100.5,13.723]],[[100.501,13.7175]],[[100.502,13.7225]],[[100.5035,13.723]],[[100.5055,13.7195]],[[100.505,13.7285],[100.5055,13.728],[100.506,13.7285],[100.505,13.7285]],[[100.5075,13.7185],[100.507,13.7185],[100.5075,13.7185]],[[100.5085,13.721],[100.508,13.721],[100.5085,13.721]]],[[[100.5085,13.731]]],[[[100.511,13.7305],[100.5125,13.726],[100.5115,13.7255],[100.5115,13.7265],[100.5105,13.7265],[100.511,13.728],[100.5095,13.729],[100.511,13.7305]]],[[[100.514,13.7205]]],[[[100.514,13.7205]]],[[[100.514,13.7205]]],[[[100.514,13.7205]]],[[[100.514,13.7205],[100.5135,13.7225],[100.516,13.722],[100.5155,13.7235],[100.516,13.7245],[100.5175,13.723],[100.5195,13.7235],[100.521,13.7225],[100.5215,13.7235],[100.5205,13.724],[100.5215,13.725],[100.5235,13.7245],[100.525,13.721],[100.5215,13.722],[100.522,13.7215],[100.5215,13.721],[100.5205,13.72],[100.519,13.7205],[100.518,13.7185],[100.516,13.719],[100.517,13.719],[100.5165,13.72],[100.5175,13.72],[100.5165,13.7205],[100.5165,13.7215],[100.514,13.7205]],[[100.517,13.7215],[100.5165,13.7215],[100.517,13.721],[100.517,13.7215]],[[100.5205,13.721],[100.5205,13.7215],[100.5205,13.721]],[[100.518,13.721],[100.518,13.722],[100.5175,13.722],[100.518,13.721]],[[100.5225,13.7225]]],[[[100.525,13.7225]]],[[[100.525,13.7225]]],[[[100.525,13.7225]]],[[[100.525,13.7225]]],[[[100.525,13.7225]]],[[[100.525,13.7225]]],[[[100.525,13.7225]]],[[[100.525,13.7225]]],[[[100.525,13.7225],[100.5245,13.7245],[100.5235,13.725],[100.525,13.726],[100.526,13.729],[100.525,13.73],[100.524,13.7295],[100.5245,13.731],[100.523,13.7315],[100.524,13.7325],[100.5235,13.735],[100.528,13.736],[100.527,13.7365],[100.53,13.739],[100.53,13.738],[100.533,13.7345],[100.533,13.734],[100.5315,13.7345],[100.5315,13.7335],[100.5335,13.734],[100.535,13.733],[100.537,13.734],[100.537,13.7355],[100.536,13.7365],[100.537,13.736],[100.538,13.738],[100.539,13.736],[100.5395,13.737],[100.5405,13.7365],[100.5425,13.7385],[100.542,13.739],[100.5425,13.74],[100.5405,13.741],[100.541,13.742],[100.542,13.7415],[100.5405,13.742],[100.5405,13.743],[100.542,13.742],[100.543,13.7425],[100.5435,13.7415],[100.5455,13.743],[100.5465,13.7425],[100.546,13.742],[100.547,13.7405],[100.55,13.7415],[100.5505,13.741],[100.5505,13.742],[100.552,13.742],[100.554,13.7405],[100.5535,13.739],[100.5545,13.7385],[100.553,13.7365],[100.552,13.739],[100.55,13.739],[100.549,13.738],[100.548,13.7395],[100.548,13.7385],[100.5465,13.738],[100.5465,13.7405],[100.545,13.74],[100.5435,13.7405],[100.5445,13.7405],[100.545,13.739],[100.5445,13.7375],[100.543,13.738],[100.5425,13.736],[100.54,13.7365],[100.5395,13.7355],[100.5405,13.7345],[100.539,13.7335],[100.539,13.732],[100.539,13.733],[100.5415,13.7335],[100.542,13.732],[100.543,13.732],[100.5425,13.731],[100.543,13.7305],[100.546,13.7325],[100.5475,13.729],[100.548,13.7295],[100.5485,13.729],[100.5485,13.7275],[100.5495,13.7275],[100.551,13.726],[100.5505,13.725],[100.5525,13.725],[100.5525,13.728],[100.5545,13.726],[100.5565,13.7255],[100.557,13.727],[100.5595,13.727],[100.5595,13.7295],[100.5605,13.7295],[100.561,13.7265],[100.56,13.7265],[100.559,13.7255],[100.5595,13.725],[100.558,13.725],[100.558,13.7235],[100.557,13.7235],[100.5585,13.723],[100.5585,13.722],[100.556,13.7225],[100.5555,13.724],[100.555,13.7235],[100.5535,13.724],[100.554,13.725],[100.553,13.725],[100.5535,13.723],[100.5525,13.7235],[100.5525,13.7245],[100.551,13.723],[100.553,13.72],[100.555,13.719],[100.555,13.72],[100.556,13.7205],[100.5585,13.72],[100.559,13.719],[100.5605,13.7195],[100.562,13.723],[100.5615,13.7235],[100.562,13.7245],[100.561,13.7245],[100.561,13.727],[100.5615,13.7265],[100.5625,13.7275],[100.5625,13.726],[100.564,13.7245],[100.564,13.719],[100.5625,13.7185],[100.5625,13.7175],[100.562,13.718],[100.559,13.717],[100.558,13.716],[100.556,13.719],[100.555,13.7185],[100.555,13.7175],[100.554,13.718],[100.554,13.717],[100.553,13.7175],[100.5525,13.719],[100.5515,13.719],[100.551,13.721],[100.5505,13.72],[100.5505,13.7215],[100.549,13.722],[100.5475,13.721],[100.5475,13.7225],[100.5465,13.721],[100.545,13.721],[100.5435,13.7215],[100.544,13.7225],[100.543,13.723],[100.5435,13.7235],[100.542,13.724],[100.541,13.723],[100.5405,13.724],[100.54,13.7235],[100.539,13.724],[100.5395,13.7255],[100.539,13.7265],[100.538,13.724],[100.535,13.725],[100.5365,13.7235],[100.5355,13.722],[100.534,13.7225],[100.533,13.722],[100.535,13.7215],[100.534,13.7195],[100.5325,13.72],[100.534,13.7185],[100.533,13.7165],[100.531,13.717],[100.5315,13.7185],[100.5305,13.7175],[100.5295,13.7175],[100.529,13.7185],[100.528,13.7165],[100.5285,13.716],[100.5275,13.715],[100.526,13.7165],[100.5255,13.716],[100.525,13.7165],[100.5235,13.716],[100.5235,13.715],[100.5225,13.7155],[100.52,13.714],[100.519,13.7145],[100.519,13.7165],[100.5185,13.7155],[100.5125,13.7135],[100.513,13.7155],[100.5115,13.716],[100.513,13.7185],[100.514,13.716],[100.518,13.718],[100.5185,13.7175],[100.519,13.718],[100.52,13.7165],[100.5215,13.718],[100.5225,13.717],[100.5225,13.7185],[100.5235,13.718],[100.5255,13.7195],[100.526,13.718],[100.5275,13.7185],[100.5275,13.72],[100.529,13.721],[100.529,13.72],[100.5315,13.719],[100.5325,13.7215],[100.532,13.7215],[100.5335,13.723],[100.532,13.724],[100.5325,13.725],[100.5315,13.7255],[100.531,13.725],[100.531,13.726],[100.528,13.727],[100.527,13.726],[100.528,13.7245],[100.527,13.725],[100.5265,13.7235],[100.525,13.7235],[100.525,13.7225]],[[100.5385,13.7355],[100.538,13.7355],[100.5385,13.7355]],[[100.5395,13.729],[100.5405,13.7295],[100.54,13.7315],[100.541,13.732],[100.541,13.733],[100.539,13.7315],[100.5375,13.732],[100.5345,13.731],[100.5325,13.7315],[100.5315,13.733],[100.531,13.7325],[100.531,13.7335],[100.5295,13.734],[100.53,13.735],[100.5295,13.736],[100.5285,13.7355],[100.528,13.734],[100.5275,13.7345],[100.5265,13.734],[100.526,13.732],[100.5265,13.731],[100.528,13.731],[100.5285,13.73],[100.53,13.7305],[100.531,13.7295],[100.5325,13.7305],[100.5325,13.7295],[100.5315,13.7295],[100.531,13.7285],[100.531,13.7275],[100.5325,13.7265],[100.534,13.7265],[100.5345,13.7275],[100.5365,13.7265],[100.54,13.728],[100.5395,13.729]],[[100.5135,13.7165],[100.514,13.7165],[100.5135,13.7165]],[[100.5155,13.7155],[100.516,13.7155],[100.5155,13.7155]],[[100.5175,13.7175]],[[100.5185,13.7165],[100.5175,13.717],[100.5175,13.7165],[100.518,13.7165],[100.5185,13.7165]],[[100.522,13.716]],[[100.524,13.717]],[[100.5255,13.725],[100.5255,13.7245],[100.5255,13.725]],[[100.5265,13.7185],[100.5265,13.718],[100.5265,13.7185]],[[100.5265,13.7175]],[[100.527,13.717]],[[100.5265,13.725],[100.527,13.725],[100.5265,13.725]],[[100.53,13.737],[100.53,13.7375],[100.53,13.737]],[[100.5295,13.728]],[[100.53,13.7275]],[[100.5295,13.729],[100.529,13.7285],[100.5295,13.729]],[[100.529,13.719],[100.5295,13.719],[100.5295,13.7195],[100.529,13.719]],[[100.53,13.7265],[100.5305,13.7265],[100.53,13.7265]],[[100.5355,13.7325],[100.536,13.7325],[100.5355,13.7325]],[[100.5355,13.7265],[100.5345,13.726],[100.535,13.7255],[100.5355,13.7265]],[[100.5335,13.726],[100.5335,13.7265],[100.5335,13.726]],[[100.5345,13.7315]],[[100.5345,13.7245],[100.5345,13.724],[100.5345,13.7245]],[[100.537,13.7325],[100.537,13.732],[100.537,13.7315],[100.537,13.7325]],[[100.5445,13.729],[100.543,13.7295],[100.544,13.728],[100.5435,13.7285],[100.5435,13.7275],[100.542,13.727],[100.5425,13.726],[100.5415,13.725],[100.544,13.724],[100.545,13.725],[100.547,13.7235],[100.5495,13.724],[100.5485,13.726],[100.548,13.7255],[100.5465,13.7265],[100.5455,13.7295],[100.544,13.728],[100.5445,13.729]],[[100.542,13.73]],[[100.542,13.729],[100.5425,13.7295],[100.542,13.729]],[[100.541,13.7305],[100.5405,13.7305],[100.541,13.7305]],[[100.5395,13.7265]],[[100.541,13.728],[100.5415,13.728],[100.541,13.728]],[[100.544,13.724]],[[100.546,13.7285],[100.5475,13.728],[100.546,13.7285]],[[100.5465,13.7295],[100.5465,13.729],[100.5465,13.7295]],[[100.546,13.7225]],[[100.546,13.722]],[[100.5495,13.7235]],[[100.549,13.7225]],[[100.5495,13.725],[100.5495,13.7255],[100.549,13.7255],[100.549,13.725],[100.5495,13.725]],[[100.557,13.725]],[[100.557,13.7235]],[[100.5565,13.7235],[100.556,13.724],[100.556,13.7235],[100.5565,13.7235]],[[100.5575,13.7175]],[[100.563,13.722],[100.563,13.7225],[100.563,13.722]],[[100.563,13.7215],[100.5635,13.7215],[100.563,13.7215]],[[100.5615,13.7195],[100.5615,13.72],[100.5615,13.7195]],[[100.551,13.7395],[100.551,13.74],[100.551,13.7395]],[[100.542,13.7405],[100.542,13.741],[100.542,13.7405]],[[100.542,13.737]],[[100.5455,13.7405],[100.5455,13.741],[100.5455,13.7405]],[[100.5535,13.7385]]],[[[100.5375,13.738],[100.5365,13.738],[100.536,13.7365],[100.535,13.7375],[100.5365,13.739],[100.5375,13.739],[100.5375,13.738]]],[[[100.5385,13.7405],[100.5375,13.7425],[100.536,13.7425],[100.535,13.739],[100.5335,13.741],[100.534,13.7415],[100.531,13.7425],[100.53,13.7405],[100.5275,13.741],[100.527,13.7415],[100.5275,13.742],[100.5255,13.743],[100.526,13.744],[100.523,13.745],[100.523,13.747],[100.522,13.7475],[100.5235,13.749],[100.528,13.75],[100.528,13.7515],[100.527,13.751],[100.5255,13.7525],[100.5275,13.7545],[100.5265,13.754],[100.5265,13.7555],[100.528,13.755],[100.5285,13.7565],[100.53,13.756],[100.53,13.7575],[100.529,13.7575],[100.53,13.758],[100.529,13.7585],[100.529,13.761],[100.531,13.7615],[100.532,13.7595],[100.531,13.759],[100.5325,13.7575],[100.5305,13.7565],[100.5315,13.756],[100.5315,13.754],[100.5305,13.7545],[100.529,13.754],[100.5295,13.753],[100.529,13.7515],[100.53,13.751],[100.5305,13.749],[100.5285,13.7495],[100.5275,13.7485],[100.526,13.7485],[100.5265,13.7475],[100.5245,13.747],[100.526,13.7465],[100.525,13.7445],[100.526,13.7445],[100.527,13.746],[100.528,13.745],[100.528,13.7435],[100.5285,13.744],[100.53,13.7435],[100.53,13.7445],[100.5305,13.744],[100.5315,13.7445],[100.532,13.7435],[100.5345,13.7435],[100.5355,13.7425],[100.537,13.744],[100.538,13.744],[100.5385,13.745],[100.538,13.7455],[100.5395,13.745],[100.5395,13.7455],[100.539,13.7445],[100.54,13.743],[100.5385,13.7385],[100.5385,13.7405]],[[100.539,13.7435],[100.5385,13.744],[100.5385,13.7435],[100.539,13.7435]],[[100.5385,13.7425]],[[100.528,13.7415],[100.5285,13.742],[100.528,13.7415]],[[100.5265,13.749]],[[100.5245,13.748],[100.525,13.748],[100.5245,13.748]],[[100.5265,13.7445]],[[100.531,13.7435],[100.5315,13.7435],[100.5315,13.744],[100.531,13.744],[100.531,13.7435]],[[100.5295,13.755],[100.5295,13.7545],[100.5295,13.755]],[[100.529,13.75]],[[100.5305,13.7555]],[[100.5345,13.7405]]],[[[100.534,13.759],[100.531,13.7645],[100.5325,13.765],[100.533,13.764],[100.5345,13.7645],[100.5335,13.7665],[100.5345,13.7675],[100.535,13.767],[100.5355,13.768],[100.537,13.7675],[100.5385,13.768],[100.5375,13.771],[100.538,13.772],[100.5385,13.7715],[100.5395,13.773],[100.5405,13.773],[100.5385,13.775],[100.5405,13.7765],[100.54,13.7785],[100.5425,13.7805],[100.5405,13.78],[100.542,13.7815],[100.5415,13.7825],[100.541,13.782],[100.5405,13.784],[100.5425,13.785],[100.543,13.7845],[100.5425,13.7835],[100.5435,13.784],[100.542,13.7855],[100.5425,13.7875],[100.542,13.788],[100.5435,13.789],[100.544,13.788],[100.5455,13.788],[100.544,13.788],[100.545,13.7895],[100.5465,13.789],[100.546,13.7905],[100.547,13.791],[100.5465,13.7915],[100.547,13.7945],[100.546,13.7945],[100.5455,13.7955],[100.5465,13.7965],[100.5485,13.7965],[100.549,13.7955],[100.548,13.796],[100.5475,13.795],[100.549,13.7935],[100.5475,13.793],[100.5485,13.792],[100.5485,13.79],[100.5495,13.7905],[100.5495,13.7915],[100.551,13.7915],[100.5505,13.794],[100.552,13.794],[100.5515,13.7905],[100.552,13.79],[100.5505,13.7885],[100.552,13.787],[100.552,13.786],[100.549,13.7845],[100.549,13.7835],[100.548,13.7835],[100.5495,13.7825],[100.549,13.782],[100.5485,13.7825],[100.5485,13.7815],[100.549,13.782],[100.5495,13.7815],[100.549,13.78],[100.5475,13.7795],[100.546,13.7825],[100.5465,13.7835],[100.548,13.784],[100.5475,13.786],[100.549,13.7865],[100.5485,13.7885],[100.5475,13.789],[100.5465,13.7885],[100.5465,13.7875],[100.545,13.7875],[100.5455,13.7865],[100.5445,13.787],[100.5435,13.7865],[100.544,13.7855],[100.545,13.786],[100.5445,13.785],[100.5455,13.7835],[100.543,13.7825],[100.5435,13.7815],[100.542,13.779],[100.543,13.777],[100.5425,13.7755],[100.5405,13.775],[100.5415,13.774],[100.54,13.771],[100.5405,13.769],[100.5415,13.77],[100.5435,13.7695],[100.5445,13.7705],[100.5435,13.771],[100.543,13.7725],[100.544,13.774],[100.5435,13.7745],[100.544,13.7765],[100.5455,13.7775],[100.5455,13.779],[100.547,13.779],[100.546,13.7765],[100.5465,13.774],[100.5445,13.7725],[100.545,13.772],[100.5465,13.7725],[100.5455,13.771],[100.5465,13.77],[100.5445,13.7685],[100.542,13.768],[100.5415,13.767],[100.54,13.767],[100.5405,13.765],[100.5415,13.7645],[100.5425,13.765],[100.542,13.764],[100.543,13.763],[100.5405,13.762],[100.541,13.7605],[100.542,13.7595],[100.5415,13.7605],[100.543,13.761],[100.543,13.7595],[100.544,13.7605],[100.546,13.7585],[100.5455,13.758],[100.5465,13.7585],[100.5465,13.7575],[100.545,13.756],[100.5465,13.7565],[100.547,13.754],[100.548,13.753],[100.545,13.7515],[100.544,13.752],[100.544,13.751],[100.5415,13.7505],[100.542,13.7495],[100.541,13.749],[100.54,13.75],[100.541,13.752],[100.539,13.751],[100.539,13.7525],[100.538,13.7525],[100.538,13.754],[100.54,13.755],[100.5395,13.7565],[100.538,13.7545],[100.5375,13.755],[100.5375,13.754],[100.5355,13.754],[100.536,13.7555],[100.5355,13.7565],[100.538,13.756],[100.5385,13.757],[100.536,13.7585],[100.5365,13.76],[100.5385,13.7605],[100.5375,13.7625],[100.538,13.7635],[100.5385,13.763],[100.539,13.764],[100.54,13.764],[100.5395,13.7655],[100.538,13.765],[100.537,13.766],[100.5365,13.7655],[100.537,13.765],[100.536,13.765],[100.534,13.763],[100.5355,13.7615],[100.5345,13.761],[100.535,13.7605],[100.534,13.76],[100.534,13.759]],[[100.5385,13.7625],[100.5385,13.762],[100.5385,13.763],[100.5385,13.7625]],[[100.5385,13.761]],[[100.537,13.759],[100.5375,13.759],[100.537,13.759]],[[100.538,13.767],[100.538,13.7675],[100.538,13.767]],[[100.538,13.76],[100.5375,13.7595],[100.538,13.7595],[100.538,13.76]],[[100.545,13.755],[100.544,13.7555],[100.5445,13.756],[100.544,13.7575],[100.543,13.758],[100.54,13.7565],[100.54,13.754],[100.5415,13.7535],[100.5405,13.7535],[100.541,13.753],[100.5405,13.7525],[100.5415,13.752],[100.5425,13.7525],[100.5425,13.7535],[100.544,13.7535],[100.543,13.7545],[100.545,13.754],[100.545,13.755]],[[100.5415,13.7765],[100.5415,13.776],[100.5415,13.7765]],[[100.541,13.7755],[100.541,13.776],[100.541,13.7755]],[[100.5415,13.7685],[100.5415,13.769],[100.541,13.7685],[100.5415,13.7685]],[[100.541,13.7685]],[[100.54,13.7635]],[[100.5395,13.7625]],[[100.54,13.762],[100.5405,13.7625],[100.54,13.762]],[[100.54,13.7615],[100.5395,13.7615],[100.54,13.7615]],[[100.5395,13.753]],[[100.54,13.7745],[100.5405,13.774],[100.54,13.7745]],[[100.5405,13.759]],[[100.5405,13.765]],[[100.541,13.7685]],[[100.542,13.7585]],[[100.544,13.758],[100.544,13.7575],[100.544,13.758]],[[100.5425,13.7825],[100.5425,13.782],[100.5425,13.7825]],[[100.543,13.786],[100.5435,13.7855],[100.5435,13.786],[100.543,13.786]],[[100.544,13.7715],[100.5445,13.7715],[100.544,13.7715]],[[100.548,13.7845],[100.5485,13.7845],[100.548,13.7845]],[[100.5475,13.7825]],[[100.5465,13.783]],[[100.55,13.79],[100.5495,13.79],[100.55,13.79]],[[100.5505,13.787]],[[100.5495,13.7885],[100.5495,13.789],[100.5495,13.7885]],[[100.5455,13.755]],[[100.5455,13.7535]]],[[[100.545,13.797],[100.5425,13.797],[100.5415,13.798],[100.5445,13.798],[100.545,13.797]]],[[[100.546,13.799]]],[[[100.546,13.799]]],[[[100.546,13.799]]],[[[100.546,13.799],[100.546,13.8015],[100.5475,13.802],[100.548,13.8035],[100.549,13.802],[100.5505,13.8015],[100.5515,13.8025],[100.5495,13.803],[100.55,13.804],[100.551,13.8035],[100.552,13.804],[100.5515,13.807],[100.5525,13.8075],[100.5525,13.8085],[100.554,13.808],[100.5545,13.809],[100.556,13.809],[100.5555,13.808],[100.556,13.808],[100.557,13.809],[100.5565,13.8095],[100.5575,13.81],[100.5565,13.811],[100.558,13.8115],[100.557,13.8125],[100.558,13.8155],[100.5575,13.8165],[100.557,13.816],[100.557,13.817],[100.558,13.817],[100.558,13.8185],[100.559,13.8195],[100.5625,13.8195],[100.562,13.8205],[100.563,13.821],[100.564,13.8205],[100.5645,13.822],[100.5625,13.822],[100.563,13.823],[100.561,13.823],[100.561,13.825],[100.5625,13.825],[100.564,13.8235],[100.5645,13.824],[100.565,13.8215],[100.566,13.8215],[100.566,13.8225],[100.567,13.822],[100.5675,13.823],[100.567,13.824],[100.5685,13.8265],[100.568,13.827],[100.5665,13.8265],[100.567,13.8255],[100.5635,13.825],[100.563,13.8255],[100.5635,13.826],[100.566,13.8265],[100.566,13.828],[100.565,13.828],[100.5645,13.8295],[100.567,13.832],[100.568,13.832],[100.568,13.833],[100.5685,13.8325],[100.569,13.834],[100.57,13.833],[100.57,13.834],[100.572,13.835],[100.572,13.836],[100.573,13.8365],[100.5735,13.8365],[100.572,13.8335],[100.576,13.835],[100.577,13.834],[100.5755,13.8335],[100.5755,13.832],[100.572,13.832],[100.5735,13.83],[100.574,13.831],[100.5745,13.83],[100.574,13.8285],[100.573,13.8295],[100.5715,13.8285],[100.572,13.8295],[100.571,13.8305],[100.572,13.831],[100.5715,13.8315],[100.572,13.832],[100.571,13.8325],[100.5695,13.832],[100.569,13.831],[100.5695,13.83],[100.5685,13.8305],[100.5685,13.8295],[100.5675,13.829],[100.5675,13.8275],[100.5685,13.827],[100.5695,13.8275],[100.569,13.827],[100.571,13.826],[100.5705,13.8255],[100.568,13.826],[100.569,13.825],[100.5675,13.824],[100.57,13.8245],[100.5695,13.822],[100.568,13.8215],[100.568,13.82],[100.567,13.8215],[100.5645,13.8205],[100.567,13.8195],[100.5655,13.8185],[100.567,13.818],[100.5655,13.817],[100.566,13.8165],[100.564,13.816],[100.565,13.8145],[100.5655,13.815],[100.5645,13.813],[100.5655,13.8125],[100.5645,13.8115],[100.568,13.811],[100.5685,13.8095],[100.5705,13.8095],[100.5695,13.8105],[100.57,13.812],[100.5725,13.8115],[100.572,13.811],[100.574,13.8085],[100.5715,13.809],[100.571,13.808],[100.5715,13.809],[100.571,13.8095],[100.5705,13.8085],[100.569,13.8085],[100.57,13.807],[100.5705,13.8075],[100.572,13.8065],[100.5725,13.805],[100.574,13.8045],[100.574,13.8005],[100.573,13.8005],[100.573,13.8015],[100.571,13.8015],[100.572,13.8025],[100.572,13.806],[100.5705,13.804],[100.5685,13.8045],[100.5685,13.806],[100.5675,13.806],[100.569,13.8065],[100.567,13.8065],[100.567,13.809],[100.566,13.809],[100.566,13.81],[100.5645,13.8095],[100.565,13.8085],[100.564,13.808],[100.5635,13.809],[100.561,13.8085],[100.561,13.8095],[100.56,13.8085],[100.5595,13.81],[100.5575,13.8085],[100.5585,13.8075],[100.557,13.806],[100.5585,13.8055],[100.557,13.805],[100.5565,13.8025],[100.5555,13.8035],[100.554,13.801],[100.5555,13.8045],[100.556,13.804],[100.5565,13.805],[100.556,13.8045],[100.5565,13.8055],[100.556,13.8065],[100.555,13.8055],[100.555,13.8065],[100.554,13.8065],[100.551,13.8015],[100.552,13.799],[100.554,13.7995],[100.5535,13.8005],[100.5555,13.8],[100.555,13.7975],[100.551,13.796],[100.5515,13.7995],[100.5485,13.8005],[100.5475,13.799],[100.5465,13.7995],[100.546,13.799]],[[100.5685,13.823]],[[100.547,13.801]],[[100.547,13.8]],[[100.561,13.8185]],[[100.561,13.8175],[100.5605,13.817],[100.56,13.8165],[100.5605,13.817],[100.561,13.8175]],[[100.561,13.8165],[100.559,13.8165],[100.5585,13.8115],[100.56,13.811],[100.5605,13.8115],[100.56,13.812],[100.5615,13.812],[100.561,13.8115],[100.562,13.8095],[100.563,13.8105],[100.5625,13.811],[100.5645,13.8115],[100.563,13.8125],[100.563,13.8135],[100.562,13.813],[100.5625,13.8145],[100.562,13.8155],[100.5625,13.816],[100.564,13.8155],[100.5645,13.8165],[100.5635,13.818],[100.5645,13.8175],[100.5635,13.818],[100.564,13.8195],[100.563,13.8195],[100.563,13.8185],[100.562,13.819],[100.5625,13.818],[100.561,13.8155],[100.5615,13.8175],[100.561,13.8165]],[[100.553,13.799],[100.5535,13.7985],[100.5535,13.799],[100.553,13.799]],[[100.5585,13.813],[100.558,13.813],[100.558,13.8125],[100.5585,13.813]],[[100.5595,13.818],[100.56,13.818],[100.5595,13.8185],[100.5595,13.818]],[[100.563,13.8125]],[[100.563,13.8145]],[[100.563,13.814]],[[100.563,13.8195],[100.5635,13.8195],[100.563,13.8195]],[[100.568,13.831],[100.568,13.8315],[100.568,13.831]],[[100.5715,13.8095]],[[100.571,13.805],[100.571,13.8055],[100.571,13.8065],[100.571,13.805]],[[100.5725,13.8035],[100.5725,13.804],[100.5725,13.8035]],[[100.5725,13.833],[100.573,13.833],[100.5725,13.8335],[100.5725,13.833]],[[100.574,13.833]]],[[[100.563,13.8245]]],[[[100.563,13.8245],[100.564,13.825],[100.5645,13.825],[100.5645,13.8245],[100.563,13.8245]]],[[[100.5735,13.837],[100.574,13.8375],[100.5725,13.839],[100.5735,13.84],[100.573,13.8405],[100.5735,13.8415],[100.5725,13.8425],[100.574,13.8435],[100.5745,13.8425],[100.575,13.8435],[100.5745,13.844],[100.575,13.8455],[100.5735,13.8465],[100.575,13.8475],[100.5765,13.846],[100.577,13.847],[100.578,13.8465],[100.5775,13.8475],[100.5785,13.8485],[100.5775,13.849],[100.579,13.8505],[100.577,13.85],[100.5765,13.852],[100.5775,13.852],[100.578,13.853],[100.58,13.853],[100.5795,13.855],[100.5805,13.8545],[100.5815,13.855],[100.5805,13.857],[100.581,13.858],[100.584,13.858],[100.583,13.8565],[100.5835,13.8535],[100.5815,13.853],[100.5815,13.8515],[100.5805,13.8525],[100.5805,13.8515],[100.579,13.851],[100.5805,13.8495],[100.58,13.8485],[100.5815,13.848],[100.5825,13.8485],[100.582,13.85],[100.583,13.852],[100.585,13.853],[100.585,13.852],[100.586,13.8525],[100.5855,13.8515],[100.586,13.8505],[100.5845,13.8515],[100.584,13.85],[100.585,13.849],[100.5825,13.8485],[100.582,13.848],[100.5825,13.847],[100.5815,13.847],[100.5805,13.845],[100.5795,13.8455],[100.5785,13.844],[100.578,13.845],[100.5775,13.8445],[100.5755,13.845],[100.5755,13.844],[100.5765,13.844],[100.5765,13.8425],[100.5755,13.8425],[100.576,13.841],[100.5775,13.8425],[100.577,13.841],[100.5785,13.8405],[100.578,13.8395],[100.577,13.8395],[100.5775,13.8385],[100.5765,13.8375],[100.5795,13.8365],[100.578,13.835],[100.577,13.835],[100.577,13.836],[100.576,13.835],[100.5765,13.836],[100.576,13.8375],[100.5755,13.836],[100.5745,13.8375],[100.5755,13.8385],[100.575,13.839],[100.5735,13.837]],[[100.5755,13.8435]],[[100.5765,13.839]],[[100.579,13.848],[100.5785,13.848],[100.579,13.848]],[[100.5785,13.847],[100.5785,13.846],[100.579,13.8475],[100.5785,13.847]],[[100.579,13.8515]],[[100.579,13.8485]],[[100.584,13.8515],[100.583,13.8505],[100.5835,13.8505],[100.584,13.8515]],[[100.5815,13.8475],[100.581,13.848],[100.581,13.8475],[100.5815,13.8475]],[[100.5825,13.8565],[100.582,13.856],[100.5825,13.856],[100.5825,13.8565]],[[100.581,13.8535],[100.5815,13.854],[100.581,13.854],[100.581,13.8535]],[[100.5825,13.8535]]],[[[100.585,13.8585],[100.5835,13.859],[100.5835,13.8605],[100.586,13.86],[100.5865,13.861],[100.5885,13.8615],[100.587,13.858],[100.587,13.859],[100.585,13.8585]],[[100.5865,13.859]],[[100.587,13.86]]],[[[100.587,13.858]]],[[[100.587,13.858],[100.5875,13.8555],[100.586,13.855],[100.5865,13.8535],[100.584,13.8535],[100.5855,13.854],[100.585,13.855],[100.587,13.858]]],[[[100.571,13.8285],[100.5705,13.828],[100.57,13.8285],[100.5705,13.828],[100.571,13.8285]]],[[[100.57,13.828],[100.5695,13.8275],[100.5695,13.8285],[100.57,13.828]]],[[[100.574,13.8095],[100.5745,13.811],[100.5755,13.811],[100.576,13.808],[100.577,13.8075],[100.576,13.807],[100.5775,13.8065],[100.5785,13.8035],[100.5795,13.803],[100.579,13.8025],[100.5785,13.803],[100.5785,13.802],[100.577,13.802],[100.5765,13.804],[100.577,13.803],[100.5755,13.8005],[100.575,13.8005],[100.5755,13.8045],[100.576,13.8035],[100.5765,13.8045],[100.5755,13.8065],[100.576,13.8075],[100.5745,13.8085],[100.574,13.808],[100.574,13.8095]],[[100.576,13.807]]],[[[100.577,13.7985]]],[[[100.577,13.798]]],[[[100.577,13.798]]],[[[100.577,13.798]]],[[[100.577,13.798]]],[[[100.577,13.798]]],[[[100.577,13.798],[100.5765,13.798],[100.577,13.798]]],[[[100.5765,13.798]]],[[[100.575,13.796],[100.5765,13.7955],[100.576,13.794],[100.579,13.793],[100.578,13.7915],[100.58,13.7895],[100.5755,13.7845],[100.575,13.785],[100.5755,13.7825],[100.5765,13.783],[100.5765,13.782],[100.578,13.782],[100.578,13.7805],[100.579,13.78],[100.5775,13.78],[100.577,13.779],[100.578,13.7785],[100.5785,13.779],[100.5795,13.7775],[100.5785,13.777],[100.578,13.7775],[100.577,13.7755],[100.5755,13.7755],[100.576,13.774],[100.575,13.774],[100.574,13.772],[100.5745,13.77],[100.574,13.7685],[100.575,13.7685],[100.575,13.7675],[100.5745,13.767],[100.5735,13.7675],[100.573,13.7655],[100.574,13.765],[100.573,13.764],[100.5725,13.761],[100.572,13.763],[100.571,13.7625],[100.571,13.764],[100.5725,13.7645],[100.572,13.767],[100.573,13.7695],[100.572,13.77],[100.5715,13.769],[100.57,13.7695],[100.57,13.7685],[100.569,13.7685],[100.568,13.767],[100.5675,13.7685],[100.5685,13.77],[100.5695,13.77],[100.5695,13.7715],[100.573,13.7725],[100.5725,13.7745],[100.57,13.775],[100.57,13.776],[100.568,13.7765],[100.5685,13.7775],[100.5675,13.7775],[100.5675,13.7785],[100.568,13.779],[100.569,13.7785],[100.5685,13.7795],[100.57,13.7805],[100.5705,13.7795],[100.571,13.7825],[100.572,13.782],[100.5735,13.7825],[100.5735,13.7835],[100.572,13.785],[100.573,13.7855],[100.5705,13.7865],[100.5725,13.787],[100.5725,13.788],[100.57,13.7875],[100.5695,13.789],[100.5685,13.789],[100.5685,13.79],[100.569,13.7905],[100.5695,13.79],[100.5695,13.7915],[100.5705,13.792],[100.572,13.791],[100.5715,13.79],[100.572,13.7885],[100.5735,13.7895],[100.573,13.786],[100.574,13.7855],[100.577,13.7895],[100.5755,13.7905],[100.5765,13.791],[100.576,13.7915],[100.577,13.792],[100.5775,13.791],[100.5775,13.792],[100.576,13.792],[100.5745,13.7935],[100.5735,13.792],[100.572,13.7955],[100.5715,13.795],[100.57,13.796],[100.5705,13.7965],[100.5695,13.797],[100.57,13.799],[100.5715,13.7995],[100.571,13.8],[100.5715,13.8005],[100.573,13.8],[100.5735,13.798],[100.5725,13.7975],[100.5735,13.7975],[100.574,13.7955],[100.575,13.796]],[[100.577,13.7905],[100.577,13.79],[100.5775,13.79],[100.577,13.7905]],[[100.5765,13.7775],[100.5765,13.778],[100.5765,13.7775]],[[100.5695,13.7775],[100.5695,13.778],[100.569,13.778],[100.569,13.7775],[100.5695,13.7775]],[[100.572,13.77],[100.5725,13.7705],[100.572,13.77]],[[100.572,13.7715]],[[100.573,13.7765],[100.5725,13.7755],[100.574,13.775],[100.5745,13.776],[100.5755,13.7755],[100.5745,13.7775],[100.577,13.7785],[100.575,13.78],[100.5755,13.7805],[100.574,13.782],[100.573,13.782],[100.573,13.7805],[100.5715,13.78],[100.5715,13.7785],[100.57,13.7785],[100.571,13.778],[100.571,13.777],[100.572,13.7775],[100.573,13.7765]],[[100.572,13.7765]],[[100.572,13.7815]],[[100.5735,13.795],[100.5735,13.7945],[100.574,13.7945],[100.5735,13.795]],[[100.572,13.7965],[100.572,13.797],[100.572,13.7965]],[[100.572,13.7985],[100.572,13.799],[100.5715,13.799],[100.572,13.7985]],[[100.5755,13.787],[100.576,13.787],[100.5755,13.787]],[[100.575,13.7865],[100.5745,13.786],[100.5755,13.7855],[100.575,13.7865]],[[100.5755,13.78]]],[[[100.57,13.763],[100.569,13.7605],[100.567,13.7595],[100.5665,13.76],[100.566,13.758],[100.5665,13.759],[100.568,13.7585],[100.568,13.757],[100.5695,13.7555],[100.568,13.7555],[100.5685,13.7545],[100.567,13.754],[100.5665,13.7545],[100.566,13.753],[100.565,13.753],[100.5645,13.75],[100.5655,13.75],[100.566,13.7485],[100.5625,13.7465],[100.561,13.748],[100.562,13.749],[100.5635,13.7485],[100.5645,13.7505],[100.5635,13.751],[100.563,13.7505],[100.5635,13.75],[100.562,13.7495],[100.5625,13.751],[100.564,13.7515],[100.5605,13.7525],[100.5635,13.7525],[100.5625,13.752],[100.5595,13.753],[100.56,13.7535],[100.564,13.753],[100.5625,13.7535],[100.5625,13.755],[100.56,13.7565],[100.562,13.757],[100.5625,13.7585],[100.563,13.758],[100.5625,13.7565],[100.563,13.759],[100.5645,13.7595],[100.5635,13.7605],[100.564,13.762],[100.565,13.762],[100.5645,13.765],[100.566,13.7655],[100.5675,13.7645],[100.567,13.763],[100.569,13.762],[100.57,13.763]],[[100.563,13.751]],[[100.563,13.7565],[100.5645,13.755],[100.566,13.756],[100.5655,13.757],[100.5665,13.7605],[100.566,13.761],[100.5645,13.757],[100.563,13.7565]],[[100.5645,13.7605],[100.564,13.7605],[100.5645,13.7605]],[[100.5675,13.757]],[[100.568,13.761]]],[[[100.56,13.7485]]],[[[100.559,13.749],[100.5585,13.748],[100.558,13.7485],[100.557,13.748],[100.5555,13.75],[100.557,13.7515],[100.558,13.7515],[100.5595,13.75],[100.5585,13.7495],[100.559,13.749]]],[[[100.559,13.751]]],[[[100.559,13.751]]],[[[100.5595,13.751]]],[[[100.5595,13.751]]],[[[100.5595,13.751]]],[[[100.5595,13.751]]],[[[100.562,13.7505],[100.559,13.751],[100.5595,13.7515],[100.562,13.7505]]],[[[100.559,13.751],[100.5585,13.751],[100.559,13.751]]],[[[100.5585,13.751]]],[[[100.5585,13.751]]],[[[100.5585,13.751]]],[[[100.5585,13.751]]],[[[100.5585,13.751]]],[[[100.5585,13.751]]],[[[100.5585,13.751]]],[[[100.5585,13.751],[100.5585,13.7515],[100.5585,13.751]]],[[[100.5585,13.7515]]],[[[100.5585,13.7515]]],[[[100.5585,13.7515]]],[[[100.5585,13.7515]]],[[[100.5585,13.7515]]],[[[100.5585,13.7515]]],[[[100.556,13.7525],[100.556,13.7535],[100.559,13.753],[100.5585,13.752],[100.556,13.7525]]],[[[100.5575,13.7535],[100.5575,13.7545],[100.5595,13.754],[100.5575,13.7535]]],[[[100.5595,13.754]]],[[[100.5595,13.754]]],[[[100.5595,13.754]]],[[[100.5595,13.754]]],[[[100.5595,13.754]]],[[[100.5595,13.754]]],[[[100.5595,13.754]]],[[[100.5595,13.754]]],[[[100.5595,13.754]]],[[[100.56,13.754]]],[[[100.56,13.7535]]],[[[100.5665,13.765]]],[[[100.5665,13.765]]],[[[100.5665,13.7655],[100.5665,13.765],[100.5665,13.7655]]],[[[100.5665,13.7655]]],[[[100.567,13.7655]]],[[[100.567,13.7655]]],[[[100.567,13.7655]]],[[[100.567,13.7655]]],[[[100.567,13.7665],[100.568,13.766],[100.567,13.7655],[100.567,13.7665]]],[[[100.568,13.767]]],[[[100.572,13.791]]],[[[100.572,13.791]]],[[[100.572,13.791]]],[[[100.5725,13.791]]],[[[100.5725,13.791],[100.5735,13.791],[100.573,13.79],[100.5725,13.791]]],[[[100.555,13.8005],[100.5555,13.802],[100.556,13.8015],[100.5555,13.8],[100.555,13.8005]]],[[[100.5555,13.8]]],[[[100.5555,13.8]]],[[[100.551,13.795]]],[[[100.551,13.795]]],[[[100.551,13.795]]],[[[100.551,13.795]]],[[[100.551,13.795]]],[[[100.551,13.7945],[100.551,13.795],[100.551,13.7945]]],[[[100.551,13.7945]]],[[[100.5475,13.7795]]],[[[100.5345,13.7545],[100.534,13.7535],[100.5345,13.753],[100.5355,13.754],[100.5355,13.7525],[100.5365,13.752],[100.5355,13.7495],[100.539,13.7485],[100.5385,13.7465],[100.539,13.746],[100.538,13.7455],[100.5375,13.7465],[100.536,13.746],[100.5375,13.747],[100.5345,13.7475],[100.535,13.748],[100.5345,13.7485],[100.534,13.748],[100.534,13.749],[100.535,13.749],[100.534,13.751],[100.5335,13.749],[100.5315,13.749],[100.5325,13.75],[100.532,13.7525],[100.534,13.7525],[100.5325,13.7535],[100.5345,13.7545]],[[100.5355,13.749],[100.535,13.7485],[100.5355,13.748],[100.5355,13.749]],[[100.5375,13.7485],[100.537,13.748],[100.5375,13.748],[100.5375,13.7485]]],[[[100.5395,13.7455],[100.54,13.747],[100.5395,13.748],[100.5405,13.749],[100.5415,13.749],[100.542,13.748],[100.5415,13.7475],[100.5425,13.7475],[100.545,13.7495],[100.545,13.7485],[100.547,13.747],[100.547,13.748],[100.5485,13.7485],[100.5495,13.747],[100.5505,13.747],[100.551,13.7445],[100.5515,13.748],[100.5545,13.745],[100.5575,13.7455],[100.557,13.744],[100.5575,13.7445],[100.5585,13.7435],[100.558,13.7425],[100.561,13.743],[100.5605,13.742],[100.561,13.7415],[100.561,13.7425],[100.5625,13.7435],[100.5625,13.7405],[100.5635,13.7415],[100.5635,13.7405],[100.5645,13.74],[100.5645,13.7395],[100.564,13.74],[100.5645,13.7375],[100.564,13.737],[100.5635,13.738],[100.563,13.737],[100.5645,13.737],[100.565,13.7365],[100.5645,13.7355],[100.5655,13.736],[100.566,13.735],[100.5665,13.736],[100.5685,13.736],[100.568,13.733],[100.567,13.734],[100.566,13.733],[100.5665,13.732],[100.566,13.7325],[100.5655,13.7315],[100.566,13.731],[100.5655,13.73],[100.567,13.7285],[100.5685,13.7285],[100.568,13.728],[100.569,13.727],[100.568,13.726],[100.569,13.726],[100.57,13.728],[100.571,13.727],[100.572,13.7285],[100.572,13.728],[100.573,13.7285],[100.572,13.7295],[100.5725,13.73],[100.5715,13.7305],[100.572,13.7315],[100.5715,13.733],[100.5705,13.732],[100.57,13.7335],[100.5705,13.734],[100.5695,13.7345],[100.569,13.7335],[100.5695,13.7365],[100.5705,13.7355],[100.572,13.736],[100.572,13.7345],[100.573,13.7345],[100.5735,13.7335],[100.573,13.733],[100.5735,13.732],[100.5725,13.731],[100.5735,13.7315],[100.574,13.731],[100.5735,13.7295],[100.574,13.7285],[100.574,13.7295],[100.575,13.729],[100.576,13.73],[100.576,13.729],[100.5765,13.7305],[100.577,13.729],[100.578,13.7305],[100.579,13.729],[100.5805,13.7295],[100.582,13.728],[100.5805,13.7265],[100.582,13.7265],[100.5805,13.726],[100.582,13.7255],[100.582,13.7245],[100.5825,13.724],[100.585,13.726],[100.5855,13.7235],[100.5855,13.7245],[100.5875,13.7235],[100.586,13.7225],[100.588,13.7215],[100.587,13.72],[100.588,13.7195],[100.5885,13.7205],[100.589,13.7195],[100.5895,13.72],[100.5915,13.719],[100.5925,13.7195],[100.5935,13.7165],[100.5925,13.716],[100.5925,13.717],[100.5915,13.717],[100.591,13.718],[100.5885,13.7175],[100.588,13.718],[100.5885,13.719],[100.588,13.7195],[100.587,13.719],[100.586,13.7205],[100.5865,13.7215],[100.5855,13.721],[100.5845,13.723],[100.584,13.722],[100.583,13.7225],[100.582,13.722],[100.582,13.7205],[100.583,13.7205],[100.5825,13.7195],[100.5835,13.719],[100.583,13.718],[100.5815,13.7185],[100.582,13.72],[100.581,13.72],[100.581,13.7185],[100.58,13.719],[100.5795,13.718],[100.578,13.72],[100.5785,13.7205],[100.576,13.719],[100.576,13.72],[100.575,13.7205],[100.5755,13.721],[100.574,13.7215],[100.5735,13.7225],[100.574,13.723],[100.573,13.7235],[100.573,13.7265],[100.5715,13.7255],[100.572,13.7275],[100.5715,13.726],[100.5685,13.7245],[100.569,13.7255],[100.5685,13.725],[100.568,13.7255],[100.567,13.7245],[100.5665,13.7265],[100.5655,13.727],[100.567,13.7285],[100.5655,13.729],[100.566,13.7285],[100.5655,13.728],[100.5645,13.729],[100.564,13.731],[100.5645,13.7325],[100.563,13.7335],[100.563,13.7315],[100.5625,13.7325],[100.5615,13.7325],[100.562,13.732],[100.561,13.731],[100.5605,13.7325],[100.5605,13.7315],[100.5575,13.7325],[100.558,13.734],[100.557,13.7345],[100.5575,13.7355],[100.5555,13.7345],[100.555,13.7385],[100.5555,13.7375],[100.557,13.7385],[100.558,13.737],[100.5585,13.7375],[100.559,13.737],[100.5595,13.735],[100.558,13.734],[100.563,13.735],[100.562,13.7405],[100.5615,13.74],[100.5605,13.7405],[100.561,13.74],[100.5605,13.7395],[100.56,13.74],[100.559,13.739],[100.558,13.74],[100.558,13.7415],[100.558,13.7405],[100.557,13.741],[100.5575,13.7425],[100.5555,13.7425],[100.556,13.743],[100.5555,13.744],[100.5525,13.743],[100.5515,13.745],[100.5505,13.7445],[100.5505,13.7435],[100.55,13.745],[100.546,13.7455],[100.547,13.745],[100.547,13.744],[100.543,13.747],[100.5425,13.746],[100.5415,13.747],[100.5395,13.7455]],[[100.5415,13.7475],[100.541,13.747],[100.5415,13.747],[100.5415,13.7475]],[[100.5455,13.7465]],[[100.5455,13.746]],[[100.55,13.7465]],[[100.55,13.746],[100.55,13.7455],[100.55,13.746]],[[100.5485,13.746],[100.549,13.7465],[100.5485,13.7465],[100.5485,13.746]],[[100.5575,13.7435],[100.557,13.743],[100.5575,13.743],[100.5575,13.7435]],[[100.5575,13.736],[100.5575,13.7355],[100.5575,13.736]],[[100.5525,13.7455],[100.553,13.7455],[100.5525,13.7455]],[[100.5525,13.745],[100.5525,13.7445],[100.5525,13.745]],[[100.556,13.7445]],[[100.5565,13.7355]],[[100.5565,13.7375]],[[100.5595,13.7415],[100.559,13.742],[100.559,13.7415],[100.5595,13.7415]],[[100.5595,13.74],[100.559,13.7405],[100.5595,13.74]],[[100.563,13.7335],[100.563,13.734],[100.563,13.7335]],[[100.5615,13.734]],[[100.5615,13.7335]],[[100.5615,13.741]],[[100.5645,13.7335]],[[100.564,13.739],[100.5635,13.7385],[100.564,13.739]],[[100.5665,13.734],[100.567,13.7345],[100.567,13.7355],[100.5665,13.734]],[[100.5675,13.727],[100.5675,13.728],[100.567,13.7275],[100.5675,13.727]],[[100.567,13.726],[100.5675,13.7265],[100.567,13.726]],[[100.576,13.728],[100.576,13.7265],[100.5755,13.727],[100.5745,13.726],[100.574,13.7265],[100.5745,13.725],[100.575,13.726],[100.575,13.7245],[100.5765,13.7245],[100.576,13.7235],[100.5765,13.722],[100.5785,13.7225],[100.579,13.721],[100.582,13.7215],[100.58,13.7265],[100.579,13.726],[100.578,13.728],[100.577,13.7275],[100.577,13.7265],[100.576,13.727],[100.576,13.728]],[[100.5705,13.7345],[100.571,13.735],[100.5705,13.7345]],[[100.572,13.7335],[100.5715,13.733],[100.572,13.7325],[100.5725,13.7335],[100.572,13.7335]],[[100.575,13.7285]],[[100.575,13.7275],[100.5745,13.7275],[100.575,13.727],[100.575,13.7275]],[[100.5735,13.7245],[100.5745,13.724],[100.575,13.7245],[100.5735,13.7245]],[[100.585,13.723]],[[100.5795,13.728],[100.5785,13.728],[100.579,13.7275],[100.58,13.728],[100.5795,13.728]],[[100.58,13.727]],[[100.5795,13.721]],[[100.58,13.7195],[100.5805,13.72],[100.5795,13.7205],[100.58,13.7195]],[[100.5775,13.728],[100.5775,13.7285],[100.5775,13.728]],[[100.5795,13.7265]],[[100.5825,13.723],[100.5825,13.7225],[100.583,13.723],[100.5825,13.723]],[[100.5815,13.7205]],[[100.5835,13.7235]],[[100.589,13.718],[100.5885,13.7175],[100.589,13.718]],[[100.587,13.721],[100.587,13.7215],[100.587,13.721]],[[100.591,13.7185]],[[100.591,13.7185]],[[100.592,13.718],[100.592,13.7175],[100.592,13.718]]],[[[100.593,13.716],[100.5955,13.717],[100.5965,13.716],[100.5955,13.715],[100.5965,13.714],[100.5955,13.714],[100.5965,13.714],[100.596,13.7125],[100.597,13.7125],[100.597,13.7115],[100.602,13.711],[100.6025,13.7095],[100.6035,13.71],[100.605,13.7085],[100.605,13.7075],[100.6065,13.708],[100.607,13.707],[100.606,13.706],[100.6065,13.7055],[100.6035,13.7045],[100.603,13.705],[100.604,13.705],[100.6035,13.706],[100.605,13.7065],[100.604,13.706],[100.603,13.7065],[100.6025,13.708],[100.5995,13.7095],[100.5985,13.708],[100.5995,13.7075],[100.598,13.7065],[100.598,13.7055],[100.5985,13.7045],[100.599,13.7045],[100.5985,13.7055],[100.5995,13.705],[100.599,13.7035],[100.601,13.703],[100.6005,13.702],[100.6015,13.7035],[100.603,13.702],[100.6025,13.7035],[100.6045,13.7045],[100.605,13.7025],[100.6045,13.703],[100.6035,13.702],[100.6045,13.7025],[100.6055,13.7015],[100.6065,13.702],[100.607,13.7015],[100.6055,13.7005],[100.6065,13.7],[100.6085,13.701],[100.6095,13.699],[100.611,13.6995],[100.611,13.6975],[100.6095,13.696],[100.61,13.6955],[100.608,13.694],[100.6105,13.6915],[100.611,13.692],[100.612,13.691],[100.614,13.6915],[100.6125,13.6885],[100.611,13.6895],[100.612,13.687],[100.613,13.6865],[100.611,13.6855],[100.612,13.685],[100.611,13.682],[100.612,13.6805],[100.613,13.681],[100.613,13.68],[100.614,13.68],[100.614,13.679],[100.6145,13.6795],[100.6155,13.6785],[100.6145,13.6785],[100.614,13.677],[100.613,13.6775],[100.6125,13.6765],[100.6095,13.6775],[100.6095,13.678],[100.611,13.6775],[100.612,13.6785],[100.61,13.6825],[100.6085,13.6805],[100.609,13.6795],[100.6075,13.678],[100.608,13.677],[100.609,13.6775],[100.6095,13.677],[100.6075,13.674],[100.6055,13.6755],[100.6045,13.6775],[100.6065,13.6785],[100.606,13.679],[100.607,13.6805],[100.6065,13.6825],[100.607,13.683],[100.609,13.682],[100.6085,13.683],[100.609,13.6835],[100.6095,13.683],[100.61,13.6855],[100.609,13.6845],[100.607,13.6855],[100.608,13.686],[100.606,13.6865],[100.6065,13.689],[100.6085,13.688],[100.609,13.6885],[100.6105,13.6855],[100.6105,13.687],[100.6115,13.687],[100.6105,13.687],[100.611,13.688],[100.61,13.69],[100.611,13.6905],[100.608,13.692],[100.608,13.693],[100.607,13.6925],[100.6075,13.691],[100.607,13.691],[100.6065,13.692],[100.6055,13.6915],[100.6045,13.692],[100.604,13.6935],[100.603,13.693],[100.6005,13.6935],[100.601,13.6945],[100.6005,13.696],[100.602,13.6955],[100.6015,13.697],[100.6,13.697],[100.6025,13.6985],[100.603,13.698],[100.602,13.6975],[100.603,13.697],[100.602,13.696],[100.6025,13.6955],[100.6035,13.696],[100.603,13.6945],[100.605,13.695],[100.605,13.694],[100.607,13.693],[100.6075,13.6935],[100.607,13.6945],[100.608,13.6945],[100.6075,13.696],[100.6085,13.6965],[100.606,13.697],[100.608,13.698],[100.6075,13.6995],[100.607,13.699],[100.6045,13.6995],[100.604,13.7005],[100.603,13.6985],[100.601,13.6995],[100.603,13.701],[100.6015,13.7005],[100.601,13.701],[100.602,13.702],[100.6005,13.7005],[100.599,13.7015],[100.6,13.703],[100.5985,13.702],[100.598,13.7025],[100.5985,13.703],[100.5965,13.7045],[100.595,13.7045],[100.5955,13.7065],[100.5965,13.7055],[100.5975,13.706],[100.597,13.707],[100.598,13.709],[100.597,13.7095],[100.5975,13.7105],[100.5955,13.7115],[100.593,13.711],[100.593,13.71],[100.592,13.7095],[100.591,13.7105],[100.5915,13.712],[100.591,13.711],[100.5895,13.711],[100.589,13.7125],[100.5885,13.712],[100.5875,13.7125],[100.5865,13.7145],[100.5875,13.7155],[100.585,13.7155],[100.584,13.7135],[100.5835,13.714],[100.584,13.715],[100.582,13.716],[100.5835,13.7165],[100.581,13.717],[100.5815,13.718],[100.584,13.717],[100.586,13.7175],[100.5865,13.7165],[100.588,13.717],[100.588,13.716],[100.589,13.716],[100.5885,13.715],[100.5895,13.715],[100.5905,13.7125],[100.5945,13.713],[100.593,13.716]],[[100.5855,13.7165],[100.585,13.7165],[100.5855,13.7165]],[[100.584,13.7165]],[[100.5885,13.715]],[[100.5885,13.7145],[100.588,13.7135],[100.589,13.7135],[100.5885,13.7145]],[[100.5925,13.7115]],[[100.5995,13.7105],[100.5995,13.71],[100.5995,13.7105]],[[100.599,13.703]],[[100.5975,13.7045],[100.5975,13.705],[100.5975,13.7045]],[[100.603,13.6945]],[[100.603,13.694]],[[100.602,13.6945],[100.602,13.695],[100.602,13.6945]],[[100.603,13.7]],[[100.603,13.7085],[100.603,13.708],[100.603,13.7085]],[[100.604,13.7015]],[[100.603,13.703]],[[100.6035,13.7035],[100.604,13.7035],[100.6035,13.7035]],[[100.604,13.707]],[[100.607,13.679],[100.6075,13.6795],[100.608,13.68],[100.607,13.679]],[[100.607,13.677],[100.606,13.677],[100.6075,13.677],[100.607,13.677]],[[100.6085,13.676],[100.6085,13.6765],[100.6085,13.676]],[[100.608,13.6865],[100.6085,13.6865],[100.608,13.6865]],[[100.607,13.687],[100.607,13.6865],[100.607,13.687]],[[100.61,13.683]],[[100.6095,13.6865]],[[100.609,13.686],[100.609,13.6855],[100.609,13.686]],[[100.611,13.69],[100.611,13.6895],[100.611,13.69]],[[100.61,13.698]]],[[[100.603,13.698]]],[[[100.603,13.698],[100.603,13.6985],[100.603,13.698]]],[[[100.603,13.6985]]],[[[100.4865,13.7175],[100.4875,13.7175],[100.487,13.7165],[100.4865,13.7175]]],[[[100.487,13.7165]]],[[[100.5395,13.729]]],[[[100.5105,13.7265]]],[[[100.5005,13.7225]]],[[[100.5005,13.7225]]],[[[100.533,13.7295],[100.5335,13.729],[100.533,13.729],[100.533,13.7295]]],[[[100.5315,13.7285],[100.5315,13.728],[100.5315,13.7285]]],[[[100.5315,13.7285]]],[[[100.5315,13.7285],[100.5315,13.728],[100.5315,13.7285]]],[[[100.5315,13.728]]],[[[100.5315,13.728]]],[[[100.5315,13.728]]],[[[100.5315,13.728]]],[[[100.5315,13.728]]],[[[100.5315,13.728]]],[[[100.5315,13.728]]],[[[100.5315,13.728]]],[[[100.5315,13.728]]],[[[100.5315,13.728]]],[[[100.5345,13.728],[100.535,13.728],[100.5345,13.728]]],[[[100.5315,13.7485],[100.5325,13.748],[100.5335,13.7485],[100.5335,13.747],[100.5315,13.7485]]],[[[100.5315,13.7465]]],[[[100.531,13.745],[100.531,13.7455],[100.531,13.745]]],[[[100.5355,13.7635],[100.536,13.7645],[100.5365,13.763],[100.5355,13.7635]]],[[[100.539,13.7315]]],[[[100.539,13.7315]]],[[[100.539,13.7315]]],[[[100.5405,13.738]]],[[[100.5405,13.738]]],[[[100.5405,13.7385]]],[[[100.5405,13.7385]]],[[[100.543,13.7455],[100.543,13.746],[100.544,13.746],[100.544,13.7455],[100.543,13.7455]]],[[[100.558,13.7405]]],[[[100.5615,13.7345]]],[[[100.576,13.7265]]],[[[100.571,13.728],[100.5715,13.7275],[100.5705,13.7275],[100.571,13.728]]],[[[100.5695,13.728]]],[[[100.5875,13.717]]],[[[100.5875,13.717]]],[[[100.5875,13.717]]],[[[100.586,13.7175],[100.586,13.718],[100.586,13.7175]]],[[[100.586,13.7175]]],[[[100.586,13.7175]]],[[[100.586,13.7175]]],[[[100.586,13.7175]]],[[[100.586,13.7175]]],[[[100.586,13.7175]]],[[[100.588,13.719],[100.588,13.7185],[100.588,13.719]]],[[[100.588,13.7185]]],[[[100.588,13.7185]]],[[[100.588,13.7185]]],[[[100.5855,13.722]]],[[[100.5855,13.722]]],[[[100.5915,13.7165]]],[[[100.543,13.7725]]],[[[100.543,13.7725]]],[[[100.5425,13.7755]]],[[[100.5425,13.7755]]],[[[100.5445,13.7825]]],[[[100.5445,13.7825]]],[[[100.545,13.78],[100.5455,13.7795],[100.5455,13.779],[100.545,13.779],[100.545,13.78]]],[[[100.549,13.7955]]],[[[100.549,13.7955],[100.5485,13.7955],[100.549,13.7955]]],[[[100.556,13.8045]]],[[[100.5605,13.7525]]],[[[100.5605,13.7525]]],[[[100.5605,13.7525]]],[[[100.5615,13.75]]],[[[100.577,13.792],[100.5765,13.792],[100.577,13.792]]],[[[100.577,13.792]]],[[[100.577,13.792]]],[[[100.572,13.765]]],[[[100.572,13.765]]],[[[100.572,13.765]]],[[[100.572,13.765]]],[[[100.572,13.765]]],[[[100.572,13.765],[100.572,13.7645],[100.572,13.765]]],[[[100.572,13.7795]]],[[[100.572,13.7795]]],[[[100.572,13.7795]]],[[[100.572,13.78],[100.572,13.7795],[100.572,13.78]]],[[[100.573,13.805]]],[[[100.573,13.805]]],[[[100.573,13.805]]],[[[100.573,13.805]]],[[[100.573,13.805]]],[[[100.573,13.805]]],[[[100.573,13.8055]]],[[[100.481,13.7395],[100.4805,13.741],[100.482,13.7425],[100.4815,13.7435],[100.4845,13.742],[100.4855,13.743],[100.486,13.742],[100.4875,13.742],[100.487,13.741],[100.486,13.741],[100.487,13.7405],[100.4865,13.7395],[100.4855,13.74],[100.485,13.7395],[100.4835,13.741],[100.483,13.74],[100.484,13.7385],[100.482,13.738],[100.481,13.7395]],[[100.4845,13.7415]],[[100.484,13.741]],[[100.483,13.74],[100.483,13.7395],[100.483,13.74]],[[100.482,13.7405],[100.4825,13.7405],[100.482,13.741],[100.482,13.7405]],[[100.482,13.7415]]],[[[100.487,13.739],[100.4875,13.7385],[100.489,13.7395],[100.488,13.7365],[100.49,13.7365],[100.49,13.7345],[100.488,13.734],[100.488,13.735],[100.487,13.735],[100.486,13.7335],[100.4845,13.734],[100.484,13.7335],[100.4835,13.736],[100.483,13.7345],[100.482,13.7355],[100.4825,13.736],[100.4815,13.7365],[100.4835,13.7375],[100.483,13.7365],[100.4855,13.7365],[100.486,13.7355],[100.4875,13.736],[100.4865,13.7375],[100.487,13.739]],[[100.4885,13.735],[100.4885,13.7355],[100.4885,13.735]],[[100.4855,13.736],[100.485,13.7355],[100.4855,13.736]],[[100.4875,13.7355],[100.487,13.736],[100.487,13.7355],[100.4875,13.7355]]],[[[100.481,13.7755],[100.481,13.777],[100.483,13.779],[100.4835,13.7785],[100.483,13.778],[100.4835,13.7775],[100.4825,13.777],[100.4835,13.775],[100.4825,13.774],[100.483,13.773],[100.4815,13.7725],[100.481,13.7735],[100.482,13.7745],[100.4815,13.775],[100.4825,13.7755],[100.482,13.776],[100.481,13.7755]]],[[[100.485,13.78],[100.484,13.78],[100.4845,13.782],[100.487,13.781],[100.489,13.782],[100.4875,13.784],[100.489,13.785],[100.49,13.7845],[100.4895,13.7865],[100.4915,13.786],[100.492,13.787],[100.4935,13.786],[100.493,13.7865],[100.494,13.7865],[100.494,13.7875],[100.4965,13.788],[100.496,13.786],[100.4965,13.787],[100.4985,13.787],[100.498,13.786],[100.499,13.785],[100.498,13.7845],[100.497,13.785],[100.498,13.7845],[100.498,13.7835],[100.499,13.7835],[100.4985,13.7825],[100.498,13.782],[100.4965,13.7825],[100.4965,13.7815],[100.4955,13.782],[100.495,13.781],[100.4945,13.781],[100.495,13.7825],[100.494,13.783],[100.496,13.785],[100.4955,13.7855],[100.495,13.785],[100.4935,13.7855],[100.493,13.7845],[100.4915,13.785],[100.4925,13.784],[100.4905,13.7825],[100.491,13.782],[100.4935,13.7835],[100.493,13.7825],[100.4935,13.782],[100.49,13.7815],[100.49,13.7805],[100.4885,13.78],[100.49,13.7785],[100.4885,13.778],[100.4885,13.777],[100.4875,13.7775],[100.4875,13.7765],[100.486,13.7775],[100.4855,13.777],[100.486,13.776],[100.4845,13.776],[100.4875,13.7795],[100.487,13.78],[100.486,13.779],[100.485,13.78]],[[100.4905,13.7835]],[[100.4895,13.7835],[100.49,13.783],[100.4895,13.7835]]],[[[100.481,13.8675],[100.4815,13.868],[100.48,13.868],[100.4795,13.8695],[100.482,13.869],[100.4835,13.871],[100.4825,13.872],[100.479,13.871],[100.4795,13.8725],[100.4825,13.875],[100.483,13.874],[100.484,13.874],[100.483,13.872],[100.484,13.873],[100.4845,13.8715],[100.4865,13.87],[100.4835,13.8685],[100.4835,13.867],[100.4825,13.867],[100.482,13.866],[100.481,13.8675]],[[100.481,13.8715],[100.4805,13.8715],[100.481,13.8715]],[[100.4835,13.87],[100.484,13.87],[100.4835,13.87]]],[[[100.4825,13.8705]]],[[[100.4895,13.8645],[100.4905,13.8645],[100.491,13.8655],[100.4925,13.8645],[100.492,13.864],[100.4925,13.863],[100.494,13.864],[100.495,13.8635],[100.496,13.864],[100.496,13.863],[100.4965,13.8645],[100.496,13.8655],[100.498,13.865],[100.4995,13.8635],[100.5005,13.864],[100.503,13.8635],[100.504,13.862],[100.5015,13.8625],[100.502,13.861],[100.503,13.861],[100.501,13.86],[100.5,13.8605],[100.5,13.8615],[100.499,13.8615],[100.499,13.863],[100.498,13.8635],[100.498,13.8625],[100.497,13.863],[100.497,13.862],[100.4955,13.862],[100.495,13.861],[100.494,13.863],[100.493,13.862],[100.4935,13.861],[100.492,13.861],[100.4915,13.8625],[100.4895,13.8635],[100.4895,13.8645]],[[100.4915,13.863]],[[100.4955,13.8625]],[[100.4955,13.8625]],[[100.5,13.8625],[100.4995,13.862],[100.5,13.862],[100.5,13.8625]],[[100.5015,13.8615]]],[[[100.492,13.8665],[100.4905,13.8655],[100.489,13.866],[100.489,13.867],[100.49,13.8675],[100.489,13.8675],[100.488,13.869],[100.49,13.869],[100.492,13.8675],[100.491,13.8675],[100.491,13.8665],[100.492,13.8665]]],[[[100.507,13.8615],[100.51,13.862],[100.5105,13.8615],[100.511,13.8605],[100.5095,13.8605],[100.511,13.86],[100.5115,13.8585],[100.511,13.857],[100.5115,13.858],[100.513,13.8575],[100.512,13.8545],[100.5115,13.8565],[100.5095,13.8575],[100.5105,13.858],[100.5095,13.8585],[100.5095,13.8595],[100.5085,13.8585],[100.5075,13.8595],[100.5075,13.8585],[100.5065,13.8585],[100.5065,13.86],[100.5075,13.86],[100.507,13.8615]]],[[[100.512,13.8605],[100.5155,13.8635],[100.518,13.863],[100.517,13.866],[100.518,13.868],[100.515,13.872],[100.5155,13.8745],[100.516,13.873],[100.5155,13.8725],[100.517,13.871],[100.519,13.8735],[100.518,13.8735],[100.5185,13.8745],[100.5175,13.875],[100.517,13.877],[100.5165,13.876],[100.515,13.877],[100.5155,13.8745],[100.5145,13.875],[100.515,13.8765],[100.5135,13.876],[100.5135,13.8775],[100.5125,13.878],[100.5145,13.8795],[100.5195,13.8775],[100.519,13.876],[100.5225,13.8725],[100.522,13.872],[100.5195,13.8725],[100.518,13.871],[100.5195,13.8675],[100.5225,13.8655],[100.522,13.8645],[100.523,13.864],[100.5225,13.8605],[100.5245,13.8585],[100.522,13.8585],[100.5215,13.858],[100.522,13.857],[100.5205,13.8565],[100.519,13.858],[100.5195,13.859],[100.5205,13.8585],[100.5215,13.859],[100.521,13.86],[100.5215,13.8595],[100.522,13.8605],[100.5225,13.8635],[100.522,13.864],[100.5215,13.8635],[100.5215,13.865],[100.5205,13.8645],[100.5195,13.8655],[100.518,13.8635],[100.519,13.8625],[100.5185,13.8615],[100.5175,13.862],[100.517,13.8605],[100.5155,13.86],[100.512,13.8605]],[[100.5145,13.861]],[[100.5155,13.861],[100.516,13.861],[100.5155,13.861]],[[100.518,13.877],[100.5185,13.877],[100.518,13.8775],[100.518,13.877]],[[100.5145,13.8775],[100.514,13.8775],[100.5145,13.8775]],[[100.5165,13.8705],[100.517,13.8705],[100.5165,13.8715],[100.5165,13.8705]],[[100.5185,13.866],[100.519,13.866],[100.5185,13.866]]],[[[100.519,13.8585]]],[[[100.519,13.8585],[100.518,13.8575],[100.5135,13.8575],[100.514,13.859],[100.5165,13.858],[100.5155,13.8595],[100.519,13.8585]]],[[[100.506,13.859],[100.5055,13.8585],[100.502,13.859],[100.502,13.86],[100.506,13.859]]],[[[100.495,13.864]]],[[[100.495,13.864]]],[[[100.495,13.864]]],[[[100.495,13.864]]],[[[100.495,13.864]]],[[[100.495,13.864]]],[[[100.5155,13.859]]],[[[100.5155,13.859]]],[[[100.5155,13.859]]],[[[100.5155,13.859]]],[[[100.5155,13.859]]],[[[100.5155,13.859]]],[[[100.5155,13.859]]],[[[100.5155,13.859]]],[[[100.5145,13.8585],[100.5155,13.8585],[100.515,13.8585],[100.5145,13.8585]]],[[[100.513,13.8585]]],[[[100.513,13.8585]]],[[[100.513,13.8585]]],[[[100.513,13.8585]]],[[[100.513,13.8585]]],[[[100.513,13.8585]]],[[[100.5135,13.8585],[100.513,13.8585],[100.5135,13.8585]]],[[[100.5195,13.8605]]],[[[100.5195,13.8605]]],[[[100.5195,13.8605],[100.52,13.8605],[100.5195,13.8605]]],[[[100.5195,13.8605]]],[[[100.492,13.7435]]],[[[100.492,13.7435]]],[[[100.492,13.7435]]],[[[100.492,13.7435]]],[[[100.492,13.7435]]],[[[100.492,13.7435]]],[[[100.492,13.7435],[100.49,13.746],[100.4905,13.747],[100.494,13.748],[100.4925,13.7485],[100.494,13.7505],[100.495,13.75],[100.4945,13.7495],[100.4955,13.748],[100.495,13.7485],[100.496,13.7495],[100.4985,13.749],[100.4975,13.75],[100.4995,13.751],[100.5005,13.7525],[100.502,13.753],[100.503,13.752],[100.5045,13.753],[100.5065,13.7505],[100.5075,13.747],[100.5085,13.7465],[100.5125,13.747],[100.512,13.746],[100.5145,13.7445],[100.514,13.744],[100.5155,13.7425],[100.5165,13.743],[100.5165,13.74],[100.516,13.7405],[100.5155,13.7395],[100.5145,13.7395],[100.5135,13.7375],[100.5145,13.737],[100.5145,13.736],[100.5175,13.7345],[100.5185,13.736],[100.519,13.7355],[100.5205,13.736],[100.519,13.74],[100.518,13.7395],[100.517,13.7405],[100.5175,13.742],[100.519,13.7425],[100.521,13.7415],[100.521,13.74],[100.52,13.74],[100.522,13.7395],[100.5215,13.738],[100.522,13.7385],[100.523,13.7375],[100.522,13.7365],[100.523,13.735],[100.5195,13.7335],[100.5195,13.7325],[100.518,13.7325],[100.5175,13.7335],[100.515,13.732],[100.5155,13.733],[100.5115,13.7365],[100.5125,13.7365],[100.513,13.7375],[100.5115,13.739],[100.512,13.738],[100.51,13.737],[100.506,13.738],[100.5065,13.741],[100.5055,13.742],[100.506,13.743],[100.505,13.7425],[100.5045,13.7435],[100.5035,13.742],[100.502,13.7425],[100.5005,13.7415],[100.4995,13.7435],[100.499,13.7425],[100.5,13.741],[100.499,13.7395],[100.496,13.74],[100.496,13.742],[100.4975,13.7415],[100.4975,13.743],[100.4985,13.744],[100.4975,13.7435],[100.498,13.7445],[100.494,13.748],[100.4935,13.747],[100.494,13.7465],[100.4925,13.746],[100.493,13.745],[100.492,13.745],[100.4925,13.744],[100.492,13.7435]],[[100.5095,13.745]],[[100.5,13.7455],[100.5025,13.744],[100.506,13.7455],[100.506,13.7465],[100.505,13.747],[100.5055,13.7475],[100.504,13.75],[100.5035,13.749],[100.5015,13.75],[100.499,13.748],[100.499,13.7465],[100.5005,13.746],[100.5,13.7455]],[[100.4985,13.7445],[100.4985,13.745],[100.4985,13.7445]],[[100.4995,13.749]],[[100.5025,13.7505],[100.5025,13.7515],[100.5025,13.7505]],[[100.4995,13.7505]],[[100.5035,13.744]],[[100.5075,13.7435]],[[100.5055,13.745],[100.506,13.7445],[100.5065,13.7445],[100.5055,13.745],[100.5055,13.7445],[100.5055,13.745]],[[100.507,13.739],[100.507,13.7385],[100.507,13.739]],[[100.507,13.744]],[[100.51,13.7385],[100.51,13.739],[100.5095,13.7385],[100.51,13.7385]],[[100.5085,13.739],[100.5085,13.7385],[100.5085,13.739]],[[100.509,13.7405],[100.5085,13.7395],[100.5115,13.7405],[100.5125,13.74],[100.512,13.7415],[100.5125,13.7425],[100.5105,13.7445],[100.5075,13.744],[100.508,13.743],[100.5075,13.742],[100.5085,13.742],[100.508,13.741],[100.509,13.7405]],[[100.508,13.7455],[100.508,13.746],[100.508,13.7455]],[[100.515,13.741],[100.5145,13.741],[100.515,13.741]],[[100.51,13.746],[100.51,13.7455],[100.51,13.746]],[[100.5135,13.744],[100.513,13.744],[100.5135,13.744]],[[100.52,13.7385],[100.5205,13.739],[100.52,13.739],[100.52,13.7385]],[[100.52,13.734]],[[100.5185,13.7355]],[[100.519,13.7335],[100.519,13.733],[100.519,13.7335]],[[100.5185,13.735]],[[100.521,13.737]]],[[[100.5,13.7455]]],[[[100.5,13.7455]]],[[[100.5,13.7455]]],[[[100.5,13.788],[100.5,13.7895],[100.5015,13.79],[100.5,13.79],[100.5,13.7925],[100.502,13.794],[100.5005,13.7955],[100.5035,13.7945],[100.502,13.7965],[100.503,13.797],[100.5045,13.796],[100.5055,13.7965],[100.506,13.797],[100.505,13.798],[100.5055,13.7985],[100.5065,13.798],[100.507,13.7985],[100.507,13.7975],[100.508,13.797],[100.5075,13.7965],[100.509,13.797],[100.51,13.7965],[100.51,13.7975],[100.5125,13.797],[100.5125,13.798],[100.5135,13.7975],[100.5125,13.797],[100.513,13.796],[100.5105,13.796],[100.511,13.7945],[100.509,13.7955],[100.5095,13.7945],[100.5085,13.7935],[100.509,13.7925],[100.508,13.793],[100.507,13.792],[100.506,13.793],[100.507,13.794],[100.5065,13.795],[100.506,13.7945],[100.505,13.795],[100.504,13.794],[100.5035,13.7945],[100.5025,13.7935],[100.503,13.792],[100.5025,13.79],[100.505,13.79],[100.5045,13.791],[100.505,13.7905],[100.5055,13.791],[100.507,13.79],[100.5065,13.7885],[100.5,13.788]],[[100.5045,13.795],[100.5045,13.7955],[100.5045,13.795]],[[100.505,13.789],[100.505,13.7895],[100.505,13.789]],[[100.5085,13.7945],[100.508,13.795],[100.5085,13.7945]]],[[[100.5075,13.7995]]],[[[100.5075,13.7995]]],[[[100.5075,13.7995]]],[[[100.5075,13.7995],[100.506,13.8005],[100.507,13.801],[100.5065,13.8025],[100.5095,13.802],[100.512,13.805],[100.513,13.804],[100.5125,13.803],[100.5135,13.803],[100.514,13.802],[100.512,13.8015],[100.515,13.8],[100.5135,13.798],[100.5125,13.799],[100.512,13.7985],[100.5125,13.8],[100.5115,13.8015],[100.5105,13.801],[100.5095,13.8015],[100.5075,13.7995]]],[[[100.507,13.792],[100.508,13.791],[100.5075,13.79],[100.506,13.7905],[100.507,13.7905],[100.5065,13.7915],[100.507,13.792]]],[[[100.502,13.897],[100.503,13.8975],[100.5015,13.8975],[100.5015,13.8985],[100.503,13.898],[100.5045,13.8985],[100.5045,13.8965],[100.505,13.8975],[100.5065,13.896],[100.5085,13.8965],[100.5095,13.894],[100.512,13.893],[100.511,13.8925],[100.512,13.8915],[100.512,13.89],[100.514,13.89],[100.5135,13.888],[100.514,13.8885],[100.5155,13.887],[100.5145,13.886],[100.513,13.8865],[100.5135,13.8845],[100.512,13.8835],[100.51,13.886],[100.509,13.886],[100.511,13.8875],[100.509,13.8875],[100.51,13.8895],[100.5095,13.891],[100.509,13.8905],[100.509,13.8915],[100.5075,13.8915],[100.5065,13.8925],[100.507,13.893],[100.505,13.894],[100.505,13.895],[100.504,13.895],[100.5035,13.8965],[100.502,13.897]],[[100.5035,13.8975]],[[100.5075,13.8935]],[[100.5135,13.8875]],[[100.5125,13.888],[100.5105,13.89],[100.5115,13.891],[100.5095,13.892],[100.5115,13.886],[100.5125,13.888]]],[[[100.5055,13.8985],[100.5035,13.9],[100.504,13.9025],[100.505,13.9025],[100.504,13.905],[100.5025,13.9065],[100.5015,13.9065],[100.5025,13.9075],[100.5015,13.908],[100.502,13.909],[100.503,13.9085],[100.504,13.9095],[100.505,13.909],[100.507,13.91],[100.507,13.909],[100.506,13.909],[100.507,13.908],[100.51,13.9075],[100.5105,13.9085],[100.511,13.9075],[100.512,13.9075],[100.5125,13.9095],[100.5135,13.909],[100.514,13.9075],[100.5135,13.908],[100.5125,13.907],[100.514,13.905],[100.5125,13.904],[100.512,13.9055],[100.511,13.9045],[100.5105,13.9065],[100.5075,13.9055],[100.507,13.9075],[100.5045,13.9075],[100.505,13.906],[100.5055,13.9065],[100.505,13.906],[100.5065,13.9025],[100.506,13.902],[100.5085,13.902],[100.5105,13.901],[100.5105,13.9],[100.5115,13.9],[100.512,13.899],[100.511,13.898],[100.512,13.896],[100.509,13.897],[100.5095,13.8975],[100.508,13.8985],[100.509,13.899],[100.508,13.899],[100.5075,13.9],[100.507,13.8995],[100.5065,13.901],[100.506,13.8995],[100.5055,13.9],[100.505,13.8995],[100.5055,13.8985]],[[100.507,13.9005]],[[100.508,13.901],[100.509,13.901],[100.508,13.901]],[[100.513,13.9055]],[[100.511,13.906]],[[100.5125,13.908],[100.5125,13.907],[100.5125,13.908]]],[[[100.5165,13.9085],[100.517,13.9095],[100.5155,13.909],[100.516,13.91],[100.5155,13.9105],[100.517,13.9105],[100.518,13.9115],[100.519,13.911],[100.5175,13.908],[100.5165,13.9085]]],[[[100.5175,13.9075],[100.5185,13.9075],[100.5185,13.907],[100.5175,13.907],[100.5175,13.9075]]],[[[100.5185,13.907],[100.5205,13.908],[100.5205,13.907],[100.524,13.906],[100.526,13.9075],[100.528,13.907],[100.5285,13.9055],[100.528,13.906],[100.527,13.9055],[100.527,13.907],[100.526,13.906],[100.5265,13.9055],[100.526,13.9045],[100.525,13.905],[100.5245,13.904],[100.523,13.9055],[100.5205,13.905],[100.519,13.9055],[100.519,13.9045],[100.518,13.9035],[100.517,13.904],[100.517,13.903],[100.516,13.9025],[100.514,13.905],[100.515,13.906],[100.517,13.905],[100.5185,13.906],[100.5185,13.907]]],[[[100.5285,13.9055]]],[[[100.5285,13.9055]]],[[[100.529,13.9065],[100.5295,13.907],[100.5275,13.908],[100.53,13.9095],[100.531,13.9075],[100.5325,13.9075],[100.5325,13.9065],[100.5315,13.907],[100.532,13.9055],[100.5325,13.906],[100.534,13.905],[100.535,13.9025],[100.5355,13.9035],[100.536,13.902],[100.537,13.903],[100.5375,13.9015],[100.5375,13.903],[100.5365,13.9035],[100.538,13.9035],[100.5375,13.9045],[100.538,13.905],[100.539,13.9035],[100.539,13.905],[100.5405,13.906],[100.541,13.9025],[100.5425,13.9025],[100.5435,13.9035],[100.5435,13.9015],[100.5415,13.9005],[100.5395,13.903],[100.539,13.901],[100.538,13.902],[100.5365,13.9],[100.5355,13.9],[100.5345,13.902],[100.529,13.899],[100.5275,13.902],[100.525,13.902],[100.5245,13.903],[100.5265,13.9045],[100.528,13.9035],[100.5275,13.9025],[100.529,13.9025],[100.529,13.9015],[100.5305,13.902],[100.5305,13.903],[100.5325,13.9025],[100.5315,13.9055],[100.5305,13.905],[100.531,13.906],[100.53,13.907],[100.529,13.9065]],[[100.533,13.9015],[100.5325,13.9015],[100.533,13.9015]],[[100.531,13.907],[100.531,13.906],[100.531,13.907]],[[100.5305,13.9015],[100.5315,13.9015],[100.5315,13.902],[100.5305,13.902],[100.5305,13.9015]],[[100.5295,13.901],[100.5295,13.9015],[100.5295,13.901]],[[100.53,13.908]],[[100.5385,13.903]]],[[[100.5425,13.9],[100.543,13.9005],[100.544,13.8995],[100.544,13.901],[100.545,13.9005],[100.545,13.899],[100.5465,13.8995],[100.5455,13.8975],[100.5465,13.8975],[100.547,13.896],[100.5465,13.895],[100.5485,13.8935],[100.5475,13.8935],[100.5475,13.8945],[100.546,13.894],[100.546,13.895],[100.544,13.8955],[100.5435,13.898],[100.5425,13.898],[100.543,13.897],[100.5425,13.897],[100.5415,13.8975],[100.542,13.898],[100.5395,13.8985],[100.5395,13.9],[100.5415,13.8985],[100.5425,13.899],[100.542,13.9],[100.5425,13.9]],[[100.545,13.8965],[100.5455,13.8975],[100.545,13.8975],[100.545,13.8965]],[[100.5435,13.8985],[100.543,13.8985],[100.5435,13.8985]],[[100.546,13.896]],[[100.5455,13.8955]]],[[[100.547,13.8985],[100.548,13.8995],[100.5495,13.8985],[100.551,13.9005],[100.553,13.8965],[100.5565,13.8955],[100.5565,13.897],[100.5575,13.897],[100.5575,13.896],[100.5595,13.896],[100.56,13.8975],[100.562,13.8985],[100.5635,13.897],[100.563,13.896],[100.5645,13.8955],[100.564,13.8945],[100.5665,13.895],[100.57,13.894],[100.571,13.893],[100.571,13.892],[100.57,13.8915],[100.5715,13.891],[100.5715,13.89],[100.572,13.891],[100.573,13.89],[100.5735,13.891],[100.576,13.8915],[100.576,13.8905],[100.578,13.8895],[100.579,13.89],[100.5795,13.8895],[100.5805,13.8915],[100.5825,13.8915],[100.5845,13.893],[100.585,13.8925],[100.5855,13.8935],[100.585,13.895],[100.586,13.895],[100.586,13.896],[100.5875,13.8955],[100.588,13.896],[100.5855,13.8915],[100.586,13.8885],[100.587,13.888],[100.5865,13.886],[100.585,13.886],[100.584,13.888],[100.5845,13.8895],[100.5825,13.89],[100.5815,13.889],[100.582,13.8885],[100.579,13.8855],[100.5795,13.885],[100.579,13.884],[100.58,13.883],[100.5805,13.8835],[100.5815,13.883],[100.582,13.8815],[100.5835,13.8815],[100.585,13.883],[100.586,13.8825],[100.584,13.884],[100.584,13.8855],[100.585,13.886],[100.5855,13.8855],[100.585,13.8845],[100.5865,13.885],[100.5875,13.8835],[100.5865,13.8835],[100.5865,13.882],[100.5885,13.8835],[100.5895,13.883],[100.591,13.8835],[100.591,13.8825],[100.5915,13.883],[100.5935,13.882],[100.594,13.8805],[100.593,13.88],[100.5925,13.881],[100.5915,13.881],[100.5925,13.8805],[100.592,13.8795],[100.5925,13.8785],[100.594,13.88],[100.5945,13.8795],[100.5935,13.8785],[100.596,13.879],[100.5965,13.878],[100.596,13.8765],[100.595,13.877],[100.5945,13.8765],[100.5955,13.876],[100.5945,13.875],[100.5955,13.8745],[100.595,13.8725],[100.5955,13.872],[100.596,13.873],[100.597,13.873],[100.5965,13.872],[100.597,13.873],[100.598,13.8725],[100.597,13.871],[100.5955,13.871],[100.596,13.8685],[100.595,13.869],[100.5945,13.868],[100.5925,13.87],[100.5905,13.8695],[100.5895,13.8685],[100.59,13.8675],[100.5895,13.8655],[100.5905,13.8645],[100.5935,13.869],[100.59,13.863],[100.5905,13.862],[100.5895,13.8625],[100.5885,13.862],[100.588,13.8625],[100.5895,13.864],[100.587,13.865],[100.587,13.866],[100.5885,13.866],[100.588,13.8675],[100.589,13.8675],[100.5885,13.87],[100.589,13.8705],[100.5895,13.87],[100.589,13.8715],[100.5905,13.873],[100.592,13.8715],[100.5935,13.872],[100.5925,13.8725],[100.593,13.8735],[100.5925,13.874],[100.593,13.875],[100.594,13.875],[100.5915,13.8765],[100.593,13.8775],[100.5915,13.8785],[100.592,13.8785],[100.5915,13.8815],[100.5905,13.882],[100.589,13.881],[100.5885,13.882],[100.5875,13.8815],[100.5875,13.8805],[100.586,13.881],[100.585,13.88],[100.584,13.8805],[100.584,13.8795],[100.5825,13.881],[100.5785,13.88],[100.5775,13.882],[100.578,13.8835],[100.5775,13.885],[100.576,13.884],[100.576,13.885],[100.575,13.8855],[100.5745,13.8835],[100.5735,13.8835],[100.573,13.885],[100.574,13.886],[100.5735,13.8875],[100.5705,13.8885],[100.5685,13.8865],[100.568,13.8875],[100.5685,13.888],[100.566,13.8875],[100.5665,13.887],[100.565,13.8865],[100.5655,13.8875],[100.5645,13.887],[100.5645,13.888],[100.5635,13.888],[100.563,13.8915],[100.5625,13.891],[100.563,13.89],[100.5615,13.89],[100.5615,13.889],[100.561,13.89],[100.5595,13.8905],[100.559,13.8895],[100.5595,13.889],[100.558,13.8885],[100.5585,13.89],[100.557,13.8905],[100.558,13.893],[100.559,13.8925],[100.559,13.891],[100.561,13.8915],[100.561,13.8925],[100.562,13.892],[100.563,13.8925],[100.562,13.8945],[100.5615,13.894],[100.5615,13.896],[100.561,13.895],[100.559,13.8955],[100.557,13.895],[100.558,13.894],[100.5565,13.892],[100.556,13.893],[100.5565,13.894],[100.5555,13.8935],[100.5545,13.895],[100.551,13.894],[100.551,13.895],[100.55,13.8955],[100.5515,13.8965],[100.5465,13.8985],[100.547,13.8985]],[[100.549,13.8975],[100.549,13.898],[100.549,13.8975]],[[100.551,13.8955]],[[100.55,13.898],[100.5505,13.898],[100.55,13.898]],[[100.5605,13.8965],[100.56,13.896],[100.561,13.896],[100.5605,13.8965]],[[100.5655,13.893]],[[100.5665,13.8925],[100.5645,13.8925],[100.566,13.892],[100.5645,13.892],[100.566,13.8895],[100.5705,13.89],[100.569,13.8925],[100.567,13.893],[100.5675,13.8935],[100.566,13.893],[100.5665,13.8925]],[[100.5645,13.89],[100.564,13.889],[100.565,13.8885],[100.5655,13.8895],[100.5645,13.89]],[[100.563,13.8945],[100.563,13.895],[100.563,13.8945]],[[100.563,13.894],[100.5625,13.894],[100.563,13.894]],[[100.562,13.896],[100.5615,13.896],[100.562,13.896]],[[100.561,13.8905]],[[100.564,13.8935],[100.565,13.893],[100.565,13.894],[100.564,13.8935]],[[100.594,13.876],[100.5935,13.8765],[100.593,13.8765],[100.594,13.876]],[[100.5775,13.889],[100.5775,13.8885],[100.578,13.8885],[100.5775,13.889]],[[100.574,13.8895],[100.5735,13.8895],[100.574,13.8895]],[[100.5695,13.8925],[100.57,13.8925],[100.5695,13.8925]],[[100.57,13.889],[100.5705,13.8885],[100.571,13.889],[100.57,13.889]],[[100.5705,13.8905]],[[100.5745,13.891],[100.5745,13.889],[100.575,13.89],[100.5745,13.891]],[[100.5745,13.889],[100.5735,13.8885],[100.5745,13.8875],[100.574,13.8865],[100.5745,13.887],[100.575,13.8865],[100.5755,13.8875],[100.5785,13.886],[100.578,13.888],[100.576,13.8885],[100.576,13.8895],[100.5745,13.889]],[[100.5765,13.8865],[100.577,13.886],[100.5765,13.8865]],[[100.583,13.891],[100.583,13.8905],[100.5835,13.89],[100.5835,13.8905],[100.583,13.891]],[[100.578,13.884],[100.5785,13.884],[100.579,13.885],[100.5785,13.8845],[100.578,13.884]],[[100.579,13.8825]],[[100.5805,13.888],[100.5805,13.8885],[100.5805,13.888]],[[100.5825,13.881],[100.5825,13.8815],[100.5825,13.881]],[[100.586,13.888],[100.5855,13.888],[100.586,13.888]],[[100.5855,13.888],[100.585,13.888],[100.5855,13.888]],[[100.585,13.881],[100.5855,13.8815],[100.5845,13.8815],[100.585,13.881]],[[100.5845,13.8875]],[[100.596,13.872]],[[100.5955,13.8715]],[[100.589,13.8645]],[[100.5895,13.865],[100.589,13.865],[100.5895,13.865]],[[100.589,13.8675]],[[100.5895,13.8675]],[[100.5915,13.8705],[100.592,13.8705],[100.592,13.871],[100.5915,13.871],[100.5915,13.8705]],[[100.5945,13.8705]]],[[[100.5875,13.897],[100.587,13.897],[100.5875,13.897]]],[[[100.587,13.897]]],[[[100.587,13.897]]],[[[100.587,13.897]]],[[[100.587,13.897]]],[[[100.5865,13.8975],[100.585,13.8955],[100.5855,13.8965],[100.584,13.898],[100.584,13.9005],[100.5855,13.9005],[100.5875,13.902],[100.588,13.9015],[100.5885,13.9025],[100.5875,13.903],[100.588,13.9035],[100.5905,13.9025],[100.5905,13.9035],[100.5915,13.9035],[100.5905,13.901],[100.5905,13.9015],[100.589,13.9005],[100.5885,13.901],[100.587,13.8995],[100.5875,13.8985],[100.5865,13.8975]]],[[[100.5965,13.878],[100.5965,13.879],[100.595,13.88],[100.596,13.88],[100.596,13.881],[100.5975,13.882],[100.5965,13.8825],[100.597,13.884],[100.5955,13.8855],[100.598,13.8845],[100.599,13.8845],[100.5975,13.885],[100.598,13.886],[100.6015,13.8855],[100.5995,13.8875],[100.6005,13.8875],[100.6005,13.8885],[100.6015,13.888],[100.602,13.889],[100.604,13.889],[100.6045,13.89],[100.6025,13.886],[100.605,13.886],[100.6065,13.89],[100.6055,13.891],[100.606,13.8935],[100.605,13.8955],[100.606,13.8955],[100.6065,13.8965],[100.6075,13.8935],[100.6085,13.894],[100.61,13.897],[100.6095,13.895],[100.611,13.8945],[100.6095,13.892],[100.6085,13.8925],[100.608,13.891],[100.6095,13.889],[100.6085,13.889],[100.6075,13.8875],[100.6065,13.888],[100.606,13.887],[100.607,13.886],[100.6055,13.884],[100.604,13.884],[100.606,13.8825],[100.602,13.88],[100.6005,13.8805],[100.6,13.8795],[100.6015,13.8785],[100.5995,13.878],[100.601,13.878],[100.6015,13.877],[100.6005,13.876],[100.6045,13.875],[100.605,13.873],[100.6055,13.874],[100.607,13.8725],[100.6065,13.8715],[100.6075,13.872],[100.608,13.8705],[100.6065,13.8705],[100.606,13.8695],[100.6075,13.8695],[100.608,13.868],[100.604,13.87],[100.6055,13.8705],[100.6045,13.8715],[100.605,13.8725],[100.604,13.8725],[100.6035,13.8735],[100.602,13.8735],[100.601,13.8725],[100.5985,13.8735],[100.5995,13.874],[100.599,13.877],[100.599,13.8765],[100.598,13.877],[100.5985,13.8775],[100.597,13.8785],[100.5965,13.878]],[[100.598,13.8835]],[[100.5985,13.882],[100.599,13.8795],[100.6005,13.882],[100.602,13.883],[100.603,13.8825],[100.6025,13.885],[100.6005,13.885],[100.601,13.884],[100.6,13.8845],[100.5985,13.883],[100.5995,13.8825],[100.5985,13.882]],[[100.5975,13.8805],[100.598,13.8805],[100.5975,13.8805]],[[100.6,13.8855],[100.6005,13.885],[100.6,13.8855]],[[100.6,13.876]],[[100.599,13.878]],[[100.5985,13.8775]],[[100.5995,13.8775]],[[100.6015,13.873],[100.6015,13.8735],[100.6015,13.873]],[[100.606,13.8695]],[[100.606,13.8715]],[[100.603,13.8875]],[[100.6065,13.891]]],[[[100.6095,13.898],[100.61,13.898],[100.61,13.8975],[100.6095,13.898]]],[[[100.6015,13.871],[100.6005,13.8715],[100.598,13.873],[100.5985,13.873],[100.6015,13.871]]],[[[100.549,13.895]]],[[[100.549,13.895]]],[[[100.5485,13.8945],[100.549,13.895],[100.549,13.8945],[100.5485,13.8945]]],[[[100.5395,13.9]]],[[[100.5395,13.9]]],[[[100.5395,13.9],[100.5395,13.898],[100.538,13.897],[100.537,13.8975],[100.537,13.9],[100.538,13.9005],[100.5385,13.8995],[100.5395,13.9]]],[[[100.5075,13.9065],[100.507,13.906],[100.5065,13.906],[100.507,13.906],[100.5075,13.9065]]],[[[100.509,13.897]]],[[[100.509,13.897]]],[[[100.5085,13.897]]],[[[100.5085,13.897]]],[[[100.5085,13.897]]],[[[100.5085,13.897]]],[[[100.5085,13.897],[100.508,13.8975],[100.5085,13.8975],[100.5085,13.897]]],[[[100.505,13.906]]],[[[100.505,13.906]]],[[[100.505,13.906]]],[[[100.5295,13.902]]],[[[100.53,13.905]]],[[[100.53,13.905]]],[[[100.5695,13.891],[100.569,13.891],[100.5695,13.891]]],[[[100.5475,13.895]]],[[[100.5885,13.8815]]],[[[100.5885,13.8815]]],[[[100.5885,13.8815]]],[[[100.588,13.8815],[100.5885,13.881],[100.588,13.8815]]],[[[100.5885,13.8815]]],[[[100.597,13.8735]]],[[[100.6,13.884]]],[[[100.605,13.8885]]],[[[100.605,13.8885],[100.605,13.889],[100.605,13.8885]]],[[[100.605,13.889]]],[[[100.6055,13.8885]]],[[[100.605,13.8885]]],[[[100.5095,13.845],[100.509,13.846],[100.511,13.846],[100.5105,13.8465],[100.511,13.848],[100.5105,13.8475],[100.5105,13.8485],[100.5095,13.849],[100.51,13.8495],[100.5085,13.8505],[100.51,13.8505],[100.5115,13.8525],[100.512,13.85],[100.5125,13.851],[100.513,13.8505],[100.512,13.8495],[100.5135,13.849],[100.5125,13.847],[100.512,13.8475],[100.5115,13.847],[100.5125,13.8455],[100.512,13.845],[100.513,13.845],[100.5135,13.844],[100.5125,13.842],[100.514,13.841],[100.5145,13.8415],[100.515,13.8405],[100.516,13.8415],[100.517,13.841],[100.519,13.8385],[100.5185,13.837],[100.52,13.8365],[100.5195,13.8355],[100.5185,13.836],[100.5175,13.835],[100.516,13.8365],[100.513,13.836],[100.512,13.839],[100.5105,13.839],[100.5115,13.841],[100.51,13.8425],[100.5105,13.843],[100.5095,13.8445],[100.511,13.845],[100.5095,13.845]],[[100.512,13.8425],[100.512,13.8435],[100.5115,13.843],[100.512,13.8425]],[[100.5135,13.8375],[100.514,13.8375],[100.5135,13.8375]],[[100.513,13.8385],[100.513,13.839],[100.513,13.8385]],[[100.516,13.8375],[100.5175,13.8375],[100.5175,13.8385],[100.5125,13.8415],[100.512,13.8405],[100.513,13.84],[100.5135,13.8405],[100.5145,13.838],[100.516,13.8375]],[[100.517,13.84],[100.5165,13.84],[100.517,13.84]]],[[[100.5165,13.8515],[100.515,13.852],[100.5155,13.853],[100.5175,13.853],[100.518,13.855],[100.519,13.8545],[100.519,13.853],[100.518,13.853],[100.5185,13.852],[100.5175,13.8495],[100.517,13.85],[100.5175,13.8525],[100.5165,13.8515]]],[[[100.517,13.8485],[100.5165,13.847],[100.516,13.8485],[100.5155,13.848],[100.516,13.849],[100.517,13.8485]]],[[[100.5165,13.847]]],[[[100.5165,13.847]]],[[[100.5165,13.847]]],[[[100.5165,13.847]]],[[[100.517,13.847],[100.5185,13.8455],[100.517,13.8445],[100.5175,13.8435],[100.5155,13.843],[100.515,13.844],[100.514,13.844],[100.514,13.846],[100.5155,13.8465],[100.5165,13.846],[100.517,13.847]],[[100.5165,13.844],[100.5165,13.8445],[100.516,13.8445],[100.5165,13.844]],[[100.515,13.845]],[[100.515,13.8445],[100.5145,13.8445],[100.515,13.8445]]],[[[100.519,13.805],[100.519,13.8075],[100.5205,13.808],[100.5235,13.8055],[100.523,13.8045],[100.524,13.804],[100.523,13.8025],[100.521,13.8015],[100.521,13.8025],[100.5195,13.804],[100.521,13.8045],[100.521,13.8065],[100.5195,13.8065],[100.519,13.805]],[[100.522,13.8055]]],[[[100.52,13.804]]],[[[100.52,13.804]]],[[[100.519,13.8045]]],[[[100.519,13.8045]]],[[[100.519,13.8045]]],[[[100.519,13.8045]]],[[[100.519,13.8045]]],[[[100.519,13.805],[100.519,13.8045],[100.519,13.805]]],[[[100.523,13.831],[100.5215,13.8335],[100.522,13.834],[100.5235,13.833],[100.5245,13.834],[100.526,13.8335],[100.5265,13.8345],[100.528,13.8345],[100.5285,13.832],[100.532,13.8305],[100.5315,13.8295],[100.532,13.8285],[100.53,13.8275],[100.5315,13.8275],[100.532,13.827],[100.531,13.8265],[100.532,13.8255],[100.533,13.826],[100.534,13.8255],[100.5335,13.824],[100.535,13.8245],[100.536,13.823],[100.534,13.822],[100.5375,13.822],[100.5365,13.819],[100.534,13.818],[100.534,13.816],[100.532,13.814],[100.5305,13.8155],[100.531,13.816],[100.5305,13.8155],[100.5295,13.816],[100.5285,13.8185],[100.5275,13.8185],[100.5275,13.8195],[100.529,13.8205],[100.528,13.821],[100.529,13.822],[100.528,13.8225],[100.532,13.8245],[100.5305,13.826],[100.5255,13.8255],[100.525,13.826],[100.526,13.827],[100.5255,13.828],[100.526,13.8285],[100.524,13.83],[100.526,13.8295],[100.526,13.83],[100.529,13.8275],[100.5295,13.828],[100.528,13.829],[100.5295,13.8295],[100.529,13.831],[100.528,13.832],[100.5265,13.8305],[100.526,13.832],[100.523,13.831]],[[100.525,13.833],[100.525,13.8325],[100.525,13.833]],[[100.5325,13.8155]],[[100.5295,13.8165],[100.5295,13.817],[100.5295,13.8165]],[[100.529,13.822],[100.5295,13.822],[100.529,13.822]],[[100.5285,13.8265]],[[100.531,13.82],[100.53,13.82],[100.53,13.819],[100.532,13.818],[100.532,13.817],[100.533,13.8175],[100.5325,13.8185],[100.534,13.819],[100.5335,13.82],[100.533,13.8195],[100.533,13.8205],[100.5355,13.821],[100.5335,13.822],[100.534,13.8225],[100.5325,13.8235],[100.532,13.823],[100.5325,13.8225],[100.5305,13.8215],[100.531,13.82]],[[100.536,13.821]]],[[[100.5315,13.818]]],[[[100.532,13.818]]],[[[100.532,13.818]]],[[[100.525,13.805],[100.524,13.8065],[100.528,13.8095],[100.529,13.8095],[100.5315,13.813],[100.5325,13.812],[100.533,13.8095],[100.5325,13.809],[100.5345,13.81],[100.5365,13.8065],[100.5375,13.8075],[100.54,13.806],[100.5405,13.807],[100.5395,13.807],[100.5395,13.808],[100.5415,13.8085],[100.5405,13.8055],[100.54,13.806],[100.5395,13.805],[100.538,13.8055],[100.5375,13.8045],[100.5365,13.8045],[100.5365,13.803],[100.539,13.801],[100.5385,13.7995],[100.539,13.801],[100.54,13.801],[100.5395,13.8025],[100.5425,13.8],[100.538,13.799],[100.537,13.7995],[100.5375,13.8005],[100.536,13.8],[100.536,13.802],[100.5345,13.8015],[100.5345,13.8025],[100.5335,13.8025],[100.5325,13.8015],[100.5305,13.804],[100.53,13.803],[100.5275,13.8025],[100.526,13.805],[100.5255,13.8055],[100.525,13.805]],[[100.5275,13.806],[100.527,13.806],[100.5275,13.806]],[[100.5325,13.8065],[100.533,13.808],[100.531,13.81],[100.529,13.8085],[100.5285,13.807],[100.528,13.8075],[100.5275,13.8055],[100.5325,13.8045],[100.5345,13.805],[100.5335,13.807],[100.533,13.806],[100.5325,13.8065]],[[100.532,13.803]],[[100.5305,13.8045],[100.53,13.8045],[100.5305,13.8045]],[[100.529,13.805]],[[100.5345,13.806],[100.536,13.805],[100.5365,13.8055],[100.5345,13.806]],[[100.5345,13.8045],[100.535,13.804],[100.5355,13.8045],[100.5345,13.8045]],[[100.534,13.8045],[100.5335,13.8045],[100.534,13.8045]],[[100.533,13.8085]],[[100.5395,13.8],[100.5395,13.7995],[100.54,13.8],[100.5395,13.8]]],[[[100.54,13.804],[100.5405,13.8045],[100.541,13.804],[100.5395,13.803],[100.54,13.804]]],[[[100.5385,13.911],[100.5385,13.9125],[100.5405,13.912],[100.54,13.913],[100.542,13.9135],[100.5425,13.915],[100.5435,13.9135],[100.543,13.9125],[100.544,13.912],[100.5445,13.914],[100.5435,13.914],[100.5435,13.916],[100.5425,13.9155],[100.543,13.917],[100.541,13.918],[100.5415,13.9185],[100.5435,13.918],[100.544,13.921],[100.5435,13.923],[100.545,13.923],[100.5445,13.924],[100.5465,13.9245],[100.5465,13.9215],[100.546,13.922],[100.545,13.921],[100.5455,13.9205],[100.5445,13.9205],[100.544,13.917],[100.5445,13.916],[100.546,13.916],[100.547,13.917],[100.546,13.9175],[100.5465,13.9215],[100.547,13.9205],[100.5465,13.919],[100.5475,13.919],[100.547,13.9175],[100.5475,13.917],[100.548,13.919],[100.5495,13.916],[100.5465,13.9165],[100.5465,13.9155],[100.5475,13.9155],[100.548,13.9145],[100.5465,13.915],[100.5455,13.914],[100.545,13.9115],[100.542,13.912],[100.5415,13.9105],[100.543,13.91],[100.542,13.9075],[100.5415,13.909],[100.5395,13.9095],[100.5395,13.911],[100.5385,13.911]],[[100.542,13.913],[100.542,13.9125],[100.542,13.913]],[[100.546,13.918],[100.546,13.9175],[100.546,13.9185],[100.546,13.918]]],[[[100.5465,13.9215]]],[[[100.5465,13.911],[100.548,13.9135],[100.5475,13.9115],[100.55,13.91],[100.548,13.908],[100.547,13.9085],[100.5465,13.911]]],[[[100.5445,13.91],[100.544,13.907],[100.5435,13.9065],[100.5435,13.9075],[100.5435,13.907],[100.544,13.9075],[100.5445,13.91]]],[[[100.5445,13.918]]],[[[100.5445,13.918]]],[[[100.5445,13.918]]],[[[100.5445,13.918]]],[[[100.5445,13.918]]],[[[100.5445,13.918]]],[[[100.5445,13.918]]],[[[100.5445,13.918]]],[[[100.5445,13.918]]],[[[100.5445,13.918]]],[[[100.547,13.8215],[100.546,13.823],[100.5475,13.8235],[100.5465,13.8245],[100.5475,13.8255],[100.547,13.825],[100.549,13.8245],[100.547,13.8215]]],[[[100.5495,13.829],[100.549,13.828],[100.5505,13.8315],[100.5525,13.832],[100.551,13.829],[100.55,13.8285],[100.5495,13.829]],[[100.5505,13.83]]],[[[100.554,13.8375],[100.553,13.84],[100.555,13.8395],[100.5555,13.8415],[100.556,13.839],[100.557,13.839],[100.5575,13.8405],[100.558,13.84],[100.557,13.8365],[100.5565,13.838],[100.5555,13.8365],[100.5545,13.8365],[100.554,13.8375]]],[[[100.5585,13.844],[100.558,13.8445],[100.559,13.845],[100.56,13.8475],[100.561,13.8465],[100.5625,13.8505],[100.5635,13.8505],[100.5625,13.8475],[100.564,13.846],[100.561,13.846],[100.5585,13.843],[100.5585,13.844]],[[100.562,13.847]]],[[[100.56,13.848],[100.557,13.8495],[100.5585,13.851],[100.5585,13.8495],[100.5605,13.8535],[100.5625,13.8535],[100.5645,13.855],[100.5635,13.856],[100.566,13.8615],[100.564,13.8615],[100.564,13.8625],[100.5655,13.863],[100.5655,13.864],[100.566,13.863],[100.567,13.8645],[100.5675,13.8635],[100.5685,13.865],[100.568,13.8635],[100.57,13.865],[100.569,13.8625],[100.568,13.863],[100.5675,13.862],[100.5665,13.8625],[100.567,13.8615],[100.566,13.86],[100.567,13.86],[100.5655,13.8585],[100.566,13.858],[100.5685,13.8615],[100.5645,13.854],[100.565,13.8535],[100.564,13.8535],[100.563,13.8505],[100.563,13.852],[100.561,13.851],[100.5605,13.849],[100.5595,13.8485],[100.56,13.848]],[[100.56,13.851],[100.5605,13.851],[100.56,13.851]],[[100.5595,13.8495]],[[100.5625,13.853]],[[100.5625,13.852],[100.562,13.852],[100.5625,13.852]],[[100.561,13.8525],[100.561,13.852],[100.561,13.8525]]],[[[100.563,13.8505]]],[[[100.563,13.8505]]],[[[100.5585,13.843]]],[[[100.5585,13.843]]],[[[100.5585,13.843]]],[[[100.5755,13.753],[100.572,13.7555],[100.573,13.757],[100.574,13.756],[100.5745,13.7575],[100.576,13.7575],[100.576,13.7595],[100.577,13.7585],[100.578,13.759],[100.5775,13.7575],[100.578,13.7575],[100.5785,13.7585],[100.578,13.7595],[100.577,13.7595],[100.577,13.7605],[100.579,13.7605],[100.579,13.7585],[100.581,13.758],[100.58,13.757],[100.581,13.7555],[100.579,13.7565],[100.579,13.7585],[100.578,13.756],[100.577,13.757],[100.5755,13.7565],[100.575,13.7555],[100.5765,13.755],[100.5755,13.753]],[[100.5755,13.7565]],[[100.574,13.755],[100.574,13.7545],[100.574,13.755]]],[[[100.581,13.7555],[100.583,13.7575],[100.5835,13.756],[100.583,13.7555],[100.5845,13.7545],[100.58,13.754],[100.581,13.7535],[100.5805,13.7535],[100.581,13.7525],[100.5795,13.7515],[100.578,13.7525],[100.579,13.754],[100.5765,13.7535],[100.5765,13.7545],[100.5775,13.754],[100.5805,13.7545],[100.5815,13.755],[100.581,13.7555]],[[100.58,13.7535]]],[[[100.5885,13.618],[100.5875,13.62],[100.5865,13.62],[100.5865,13.621],[100.5855,13.6215],[100.586,13.623],[100.588,13.6235],[100.5885,13.623],[100.588,13.6225],[100.5885,13.6215],[100.586,13.622],[100.589,13.621],[100.588,13.6205],[100.589,13.6185],[100.5885,13.618]]],[[[100.589,13.6245],[100.589,13.6235],[100.588,13.627],[100.5885,13.6275],[100.5895,13.6275],[100.589,13.6265],[100.5895,13.6255],[100.5915,13.626],[100.591,13.6255],[100.5915,13.6245],[100.5925,13.6255],[100.595,13.6235],[100.5945,13.6225],[100.593,13.6225],[100.589,13.6245]]],[[[100.5915,13.621],[100.5945,13.621],[100.5915,13.6195],[100.5925,13.6205],[100.5915,13.621]]],[[[100.589,13.621]]],[[[100.589,13.621]]],[[[100.5935,13.912],[100.5935,13.913],[100.5945,13.913],[100.595,13.914],[100.5925,13.9145],[100.593,13.915],[100.5925,13.9155],[100.5935,13.916],[100.5945,13.9155],[100.595,13.9165],[100.596,13.916],[100.5965,13.917],[100.595,13.918],[100.597,13.9175],[100.598,13.9195],[100.5985,13.919],[100.5985,13.92],[100.6,13.9195],[100.601,13.92],[100.599,13.9165],[100.5985,13.917],[100.599,13.918],[100.598,13.918],[100.5975,13.9175],[100.598,13.917],[100.597,13.9165],[100.5965,13.917],[100.5955,13.916],[100.596,13.9145],[100.595,13.914],[100.596,13.9135],[100.5955,13.913],[100.596,13.912],[100.597,13.913],[100.596,13.91],[100.594,13.9095],[100.5945,13.911],[100.5935,13.912]],[[100.598,13.919],[100.5985,13.919],[100.598,13.919]],[[100.5955,13.9135]]],[[[100.5925,13.6335],[100.594,13.6365],[100.595,13.636],[100.594,13.6375],[100.5955,13.64],[100.596,13.639],[100.5955,13.638],[100.596,13.6385],[100.5965,13.638],[100.596,13.6365],[100.597,13.6375],[100.598,13.635],[100.596,13.634],[100.5955,13.634],[100.596,13.635],[100.595,13.634],[100.594,13.635],[100.5935,13.6335],[100.5925,13.6335]],[[100.595,13.6355],[100.595,13.635],[100.595,13.6355]],[[100.5955,13.637],[100.5955,13.6365],[100.5955,13.6375],[100.5955,13.637]]],[[[100.5945,13.647],[100.594,13.6465],[100.5925,13.6475],[100.593,13.6485],[100.5945,13.6475],[100.5955,13.648],[100.5955,13.6465],[100.5945,13.647]]],[[[100.596,13.607],[100.595,13.607],[100.595,13.6075],[100.596,13.6075],[100.596,13.607]]],[[[100.597,13.6095],[100.6005,13.61],[100.6,13.6085],[100.599,13.6085],[100.599,13.6075],[100.6,13.607],[100.5985,13.6065],[100.599,13.605],[100.598,13.604],[100.5965,13.607],[100.5975,13.607],[100.598,13.608],[100.598,13.609],[100.597,13.6095]]],[[[100.5975,13.7405],[100.597,13.7425],[100.596,13.743],[100.597,13.744],[100.5985,13.7435],[100.5995,13.7465],[100.601,13.745],[100.6005,13.7455],[100.601,13.7465],[100.605,13.747],[100.6045,13.746],[100.6055,13.745],[100.605,13.7435],[100.604,13.7435],[100.6035,13.7425],[100.606,13.7425],[100.606,13.7415],[100.602,13.742],[100.603,13.745],[100.6,13.745],[100.5985,13.743],[100.6005,13.7425],[100.6,13.7415],[100.6005,13.7405],[100.6025,13.741],[100.602,13.742],[100.6035,13.7415],[100.603,13.741],[100.604,13.74],[100.6035,13.739],[100.602,13.7395],[100.6015,13.7385],[100.6005,13.739],[100.5985,13.7385],[100.599,13.7405],[100.5975,13.7405]],[[100.5985,13.741]],[[100.598,13.7425],[100.5975,13.7425],[100.598,13.7425]],[[100.6,13.7425],[100.5995,13.7425],[100.6,13.7425]],[[100.603,13.746],[100.6025,13.7455],[100.603,13.746]],[[100.604,13.745]]],[[[100.6,13.7445]]],[[[100.6,13.7445]]],[[[100.6,13.7445]]],[[[100.6,13.7445]]],[[[100.6,13.7445]]],[[[100.6015,13.995],[100.6025,13.994],[100.6025,13.992],[100.6035,13.992],[100.603,13.99],[100.602,13.9905],[100.6015,13.9955],[100.6015,13.995]]],[[[100.603,13.9895],[100.6035,13.987],[100.6045,13.9865],[100.603,13.9855],[100.603,13.9845],[100.603,13.9895]]],[[[100.5985,13.66],[100.599,13.662],[100.598,13.663],[100.5985,13.6635],[100.6,13.663],[100.599,13.6615],[100.5995,13.6605],[100.5985,13.66]]],[[[100.6035,13.663],[100.603,13.6635],[100.604,13.6635],[100.6035,13.663]]],[[[100.604,13.6635],[100.6045,13.6645],[100.604,13.665],[100.605,13.666],[100.605,13.665],[100.606,13.6645],[100.6055,13.6635],[100.6085,13.6615],[100.607,13.66],[100.6065,13.6605],[100.6055,13.659],[100.6045,13.6595],[100.605,13.6605],[100.6045,13.66],[100.6025,13.6605],[100.6035,13.66],[100.604,13.6615],[100.6045,13.661],[100.6055,13.6615],[100.604,13.6635]],[[100.6055,13.66]],[[100.6055,13.661],[100.606,13.661],[100.6055,13.661]]],[[[100.6025,13.661]]],[[[100.6025,13.6615]]],[[[100.6025,13.6615]]],[[[100.6025,13.6615]]],[[[100.6025,13.6615]]],[[[100.602,13.6585],[100.603,13.659],[100.6045,13.657],[100.6035,13.6565],[100.603,13.657],[100.6025,13.656],[100.601,13.657],[100.6005,13.659],[100.6015,13.658],[100.602,13.6585]],[[100.6025,13.6575],[100.602,13.6575],[100.6025,13.6575]]],[[[100.6045,13.972],[100.6045,13.9715],[100.605,13.968],[100.605,13.9685],[100.6045,13.972]]],[[[100.6055,13.9675],[100.6055,13.9665],[100.605,13.967],[100.6055,13.9675]]],[[[100.6055,13.9635],[100.606,13.962],[100.6055,13.9615],[100.6055,13.963],[100.6055,13.9635]]],[[[100.6025,13.67],[100.601,13.671],[100.602,13.6725],[100.603,13.672],[100.603,13.671],[100.604,13.6715],[100.6035,13.6725],[100.604,13.674],[100.607,13.673],[100.606,13.67],[100.606,13.672],[100.605,13.672],[100.605,13.671],[100.6045,13.6715],[100.6035,13.671],[100.604,13.67],[100.6025,13.6705],[100.6025,13.67]],[[100.6025,13.6715],[100.602,13.671],[100.6025,13.6715]],[[100.6055,13.673],[100.605,13.673],[100.6055,13.673]]],[[[100.6065,13.5735],[100.6055,13.5755],[100.6085,13.5765],[100.6085,13.5775],[100.607,13.578],[100.6075,13.5795],[100.6065,13.579],[100.607,13.5805],[100.608,13.581],[100.6085,13.58],[100.608,13.5785],[100.61,13.579],[100.6115,13.576],[100.611,13.575],[100.609,13.5755],[100.609,13.5745],[100.6075,13.575],[100.6065,13.5735]],[[100.609,13.577]]],[[[100.6065,13.579]]],[[[100.6065,13.579]]],[[[100.6065,13.579]]],[[[100.6065,13.579]]],[[[100.6125,13.8655],[100.6135,13.8665],[100.6145,13.865],[100.6145,13.866],[100.6155,13.8655],[100.6165,13.8665],[100.618,13.866],[100.6185,13.867],[100.6205,13.867],[100.621,13.868],[100.6225,13.865],[100.621,13.864],[100.6215,13.8635],[100.621,13.863],[100.62,13.8635],[100.6205,13.864],[100.62,13.865],[100.619,13.8645],[100.6165,13.865],[100.6165,13.863],[100.6125,13.8655]],[[100.6165,13.865],[100.616,13.865],[100.6165,13.865]],[[100.6205,13.8655],[100.621,13.865],[100.621,13.8655],[100.6205,13.8655]],[[100.617,13.8655],[100.6165,13.866],[100.6165,13.8655],[100.617,13.8655]],[[100.6195,13.866],[100.619,13.8665],[100.6195,13.866]],[[100.6185,13.8655]]],[[[100.621,13.8615],[100.621,13.8625],[100.622,13.863],[100.6225,13.8625],[100.6215,13.862],[100.622,13.861],[100.6225,13.862],[100.624,13.862],[100.6245,13.8635],[100.6265,13.862],[100.6275,13.863],[100.6275,13.8615],[100.6295,13.862],[100.629,13.8605],[100.631,13.86],[100.63,13.86],[100.63,13.8585],[100.629,13.858],[100.6305,13.8575],[100.6315,13.8585],[100.6335,13.8565],[100.6345,13.8565],[100.6385,13.852],[100.639,13.853],[100.64,13.853],[100.6395,13.852],[100.641,13.851],[100.6405,13.8505],[100.644,13.848],[100.645,13.848],[100.6455,13.8505],[100.6485,13.851],[100.65,13.85],[100.6495,13.848],[100.6515,13.8475],[100.651,13.847],[100.6485,13.8475],[100.647,13.8445],[100.648,13.845],[100.6485,13.844],[100.6495,13.845],[100.649,13.8445],[100.649,13.845],[100.65,13.845],[100.6495,13.8445],[100.6505,13.8435],[100.6515,13.8445],[100.653,13.8435],[100.6535,13.844],[100.6515,13.8455],[100.652,13.846],[100.653,13.8455],[100.653,13.847],[100.6545,13.846],[100.6555,13.844],[100.659,13.8445],[100.659,13.8435],[100.6575,13.8425],[100.659,13.843],[100.6595,13.8425],[100.6575,13.842],[100.657,13.843],[100.656,13.8425],[100.657,13.8425],[100.6565,13.842],[100.657,13.841],[100.654,13.8425],[100.652,13.8415],[100.651,13.8425],[100.6495,13.842],[100.647,13.843],[100.6475,13.8435],[100.644,13.844],[100.6455,13.8455],[100.6445,13.847],[100.645,13.8475],[100.644,13.8475],[100.6435,13.8485],[100.643,13.8475],[100.642,13.848],[100.643,13.8485],[100.637,13.852],[100.635,13.851],[100.63,13.8515],[100.6295,13.853],[100.63,13.854],[100.6275,13.8555],[100.628,13.8565],[100.6255,13.8545],[100.623,13.854],[100.6225,13.8545],[100.6235,13.856],[100.6225,13.855],[100.6215,13.857],[100.622,13.8575],[100.6235,13.857],[100.624,13.858],[100.6245,13.856],[100.627,13.8575],[100.6295,13.856],[100.629,13.8555],[100.63,13.8555],[100.6305,13.8545],[100.6295,13.8545],[100.631,13.855],[100.6325,13.8545],[100.6315,13.8535],[100.632,13.853],[100.633,13.854],[100.635,13.854],[100.6335,13.856],[100.633,13.8555],[100.6325,13.8565],[100.6315,13.856],[100.6305,13.857],[100.629,13.857],[100.629,13.858],[100.6285,13.8575],[100.628,13.858],[100.629,13.859],[100.628,13.86],[100.6275,13.859],[100.6265,13.861],[100.623,13.86],[100.6225,13.8575],[100.622,13.86],[100.621,13.86],[100.6195,13.8615],[100.62,13.862],[100.621,13.8615]],[[100.6465,13.8485],[100.648,13.847],[100.648,13.8485],[100.6465,13.8485]],[[100.647,13.8465],[100.646,13.8465],[100.646,13.8455],[100.647,13.845],[100.6465,13.846],[100.647,13.8465]],[[100.635,13.853]],[[100.634,13.8525]],[[100.6475,13.844]],[[100.648,13.8435]],[[100.653,13.843],[100.6515,13.843],[100.653,13.843]],[[100.648,13.849],[100.6485,13.8495],[100.648,13.849]]],[[[100.6415,13.8515],[100.6415,13.853],[100.641,13.8525],[100.6405,13.853],[100.641,13.8545],[100.642,13.853],[100.645,13.853],[100.645,13.851],[100.6425,13.851],[100.6425,13.8525],[100.6415,13.8515]]],[[[100.6605,13.84],[100.661,13.841],[100.6635,13.842],[100.663,13.8405],[100.6645,13.8405],[100.6635,13.839],[100.6645,13.838],[100.664,13.8375],[100.6655,13.838],[100.668,13.837],[100.669,13.838],[100.6725,13.838],[100.6715,13.836],[100.6725,13.836],[100.6715,13.8345],[100.6725,13.8315],[100.6715,13.831],[100.6725,13.83],[100.6715,13.8295],[100.6695,13.8315],[100.67,13.8315],[100.6695,13.8335],[100.6705,13.8345],[100.6695,13.836],[100.6675,13.835],[100.667,13.8355],[100.6675,13.836],[100.6655,13.8355],[100.6635,13.8375],[100.6615,13.8365],[100.6605,13.8395],[100.662,13.8395],[100.6605,13.84]],[[100.6705,13.8335],[100.671,13.8335],[100.6705,13.8335]],[[100.665,13.837]],[[100.6655,13.8365]],[[100.6655,13.8375]]],[[[100.6305,13.8545]]],[[[100.6305,13.8545]]],[[[100.6135,13.9075],[100.613,13.909],[100.6135,13.91],[100.6125,13.9105],[100.614,13.911],[100.614,13.91],[100.6145,13.9105],[100.616,13.91],[100.6165,13.9105],[100.616,13.911],[100.6175,13.912],[100.62,13.916],[100.621,13.916],[100.6195,13.913],[100.622,13.912],[100.6205,13.911],[100.622,13.9105],[100.621,13.91],[100.6225,13.9105],[100.6225,13.909],[100.6205,13.9085],[100.62,13.9065],[100.6185,13.907],[100.6175,13.9065],[100.618,13.9075],[100.617,13.908],[100.618,13.909],[100.619,13.9085],[100.6205,13.9095],[100.6195,13.91],[100.62,13.9115],[100.619,13.9135],[100.6155,13.909],[100.6165,13.9085],[100.616,13.907],[100.6165,13.906],[100.615,13.9055],[100.614,13.906],[100.6145,13.907],[100.6135,13.9075]],[[100.614,13.909]]],[[[100.617,13.909]]],[[[100.617,13.909]]],[[[100.6195,13.9105]]],[[[100.624,13.778],[100.6265,13.778],[100.6275,13.7785],[100.627,13.78],[100.629,13.7795],[100.6305,13.7805],[100.632,13.777],[100.633,13.7765],[100.632,13.776],[100.632,13.774],[100.6335,13.774],[100.635,13.772],[100.634,13.7715],[100.6335,13.772],[100.6335,13.771],[100.6325,13.7705],[100.631,13.771],[100.629,13.77],[100.628,13.771],[100.6285,13.773],[100.6285,13.772],[100.6295,13.7715],[100.6295,13.7725],[100.63,13.772],[100.6305,13.773],[100.6315,13.7725],[100.632,13.773],[100.631,13.775],[100.6315,13.7755],[100.63,13.7775],[100.6275,13.777],[100.627,13.775],[100.628,13.7745],[100.6265,13.773],[100.6245,13.775],[100.6255,13.7765],[100.624,13.778]],[[100.6275,13.7775],[100.627,13.7775],[100.6275,13.777],[100.6275,13.7775]],[[100.6325,13.7715],[100.6325,13.772],[100.6325,13.7715]],[[100.633,13.7735]]],[[[100.6295,13.7725]]],[[[100.6245,13.92],[100.6235,13.9195],[100.6225,13.92],[100.623,13.921],[100.622,13.922],[100.6225,13.923],[100.6235,13.922],[100.624,13.923],[100.626,13.922],[100.6245,13.92]]],[[[100.6235,13.924],[100.621,13.9255],[100.622,13.927],[100.623,13.926],[100.6235,13.9275],[100.6245,13.927],[100.6235,13.924]]],[[[100.6255,13.927],[100.624,13.9275],[100.624,13.9295],[100.626,13.931],[100.6265,13.9295],[100.629,13.929],[100.6285,13.928],[100.6305,13.928],[100.631,13.9255],[100.6305,13.926],[100.629,13.925],[100.6275,13.926],[100.628,13.927],[100.6265,13.9285],[100.6255,13.927]],[[100.625,13.928],[100.6245,13.9285],[100.6245,13.928],[100.625,13.928]],[[100.6295,13.927],[100.629,13.927],[100.6295,13.927]]],[[[100.6285,13.925],[100.6285,13.924],[100.627,13.9235],[100.6275,13.9225],[100.6255,13.9225],[100.6265,13.923],[100.6255,13.9235],[100.626,13.9245],[100.627,13.9245],[100.6275,13.9255],[100.6285,13.925]],[[100.6255,13.9235]]],[[[100.644,13.735],[100.643,13.735],[100.6435,13.736],[100.643,13.7365],[100.641,13.735],[100.6405,13.7355],[100.641,13.737],[100.64,13.738],[100.6415,13.7385],[100.642,13.7405],[100.643,13.7395],[100.6445,13.741],[100.6455,13.741],[100.6465,13.743],[100.648,13.743],[100.646,13.7405],[100.6505,13.7395],[100.6495,13.7385],[100.6505,13.7375],[100.648,13.738],[100.647,13.739],[100.6475,13.7395],[100.6455,13.7395],[100.6455,13.7405],[100.645,13.7395],[100.644,13.74],[100.6425,13.7395],[100.643,13.739],[100.6415,13.739],[100.6415,13.738],[100.645,13.737],[100.644,13.735]],[[100.644,13.7375],[100.6435,13.7375],[100.644,13.7375]],[[100.6485,13.739]]],[[[100.645,13.737]]],[[[100.643,13.739]]],[[[100.643,13.739]]],[[[100.643,13.739]]],[[[100.643,13.739]]],[[[100.6455,13.9315],[100.64,13.9325],[100.6425,13.933],[100.6415,13.935],[100.6435,13.933],[100.643,13.9325],[100.6455,13.9315]]],[[[100.6445,13.933],[100.645,13.9335],[100.6455,13.933],[100.645,13.9335],[100.6445,13.933]]],[[[100.646,13.933],[100.6505,13.9335],[100.652,13.9325],[100.651,13.9315],[100.6485,13.932],[100.649,13.9325],[100.6485,13.933],[100.646,13.933]],[[100.65,13.933],[100.649,13.933],[100.65,13.933]]],[[[100.6745,13.827],[100.675,13.8275],[100.6745,13.829],[100.6755,13.829],[100.676,13.828],[100.6755,13.8275],[100.6795,13.8295],[100.6805,13.8295],[100.681,13.828],[100.6805,13.8275],[100.682,13.827],[100.68,13.8245],[100.6785,13.8245],[100.6805,13.8265],[100.6795,13.8275],[100.677,13.826],[100.676,13.8265],[100.6765,13.824],[100.6755,13.823],[100.675,13.8235],[100.676,13.8245],[100.6745,13.827]],[[100.6765,13.827],[100.677,13.8265],[100.6775,13.827],[100.6765,13.827]],[[100.679,13.828],[100.6785,13.8275],[100.679,13.828]]],[[[100.68,13.8245]]],[[[100.6785,13.8235],[100.68,13.8225],[100.679,13.822],[100.6775,13.8235],[100.6785,13.8235]]],[[[100.695,13.732],[100.692,13.7325],[100.6935,13.734],[100.6885,13.735],[100.6895,13.7345],[100.692,13.7365],[100.6935,13.7365],[100.694,13.736],[100.693,13.7355],[100.6935,13.734],[100.6965,13.733],[100.696,13.7325],[100.6955,13.733],[100.695,13.732]],[[100.6915,13.7345]],[[100.6925,13.7345],[100.6925,13.735],[100.6925,13.7345]]],[[[100.692,13.7325],[100.6885,13.733],[100.6895,13.7335],[100.692,13.7325]]],[[[100.6885,13.733]]],[[[100.6885,13.733]]],[[[100.6885,13.733]]],[[[100.6885,13.733]]],[[[100.688,13.733],[100.686,13.734],[100.685,13.7335],[100.6845,13.7345],[100.688,13.7355],[100.6885,13.735],[100.6875,13.734],[100.688,13.733]]],[[[100.7245,13.8095],[100.723,13.81],[100.722,13.812],[100.722,13.8105],[100.721,13.812],[100.7195,13.812],[100.7195,13.813],[100.7205,13.813],[100.7205,13.8145],[100.7225,13.813],[100.7215,13.8155],[100.723,13.814],[100.724,13.8145],[100.7245,13.813],[100.725,13.814],[100.7255,13.813],[100.7275,13.813],[100.7275,13.8145],[100.728,13.8135],[100.73,13.8145],[100.7305,13.813],[100.732,13.8135],[100.7315,13.812],[100.729,13.81],[100.7275,13.81],[100.7265,13.811],[100.7275,13.8115],[100.728,13.811],[100.729,13.8125],[100.723,13.813],[100.7225,13.812],[100.724,13.812],[100.7265,13.8095],[100.7255,13.809],[100.7245,13.8095]],[[100.728,13.811]],[[100.7305,13.8125],[100.73,13.812],[100.7305,13.8125]]],[[[100.727,13.8105]]],[[[100.727,13.8105],[100.727,13.81],[100.7265,13.81],[100.727,13.8105]]],[[[100.7,13.8125],[100.6995,13.8135],[100.7015,13.8145],[100.7015,13.817],[100.7035,13.816],[100.704,13.815],[100.7025,13.8155],[100.703,13.814],[100.7,13.8125]]],[[[100.686,13.818],[100.6855,13.8185],[100.6865,13.819],[100.687,13.818],[100.686,13.818]]],[[[100.7535,13.686],[100.753,13.6855],[100.7495,13.6865],[100.7525,13.6865],[100.7535,13.6905],[100.753,13.691],[100.754,13.69],[100.753,13.6865],[100.7535,13.686]]],[[[100.747,13.6875],[100.7435,13.688],[100.7435,13.689],[100.7455,13.6885],[100.7465,13.6915],[100.7475,13.692],[100.7465,13.688],[100.747,13.6875]]],[[[100.7475,13.692]]],[[[100.7475,13.692]]],[[[100.753,13.691]]],[[[100.753,13.691]]],[[[100.754,13.691],[100.753,13.691],[100.753,13.692],[100.749,13.693],[100.7495,13.6935],[100.754,13.692],[100.7535,13.693],[100.754,13.694],[100.753,13.695],[100.7545,13.6955],[100.755,13.694],[100.754,13.691]]],[[[100.7485,13.6935],[100.747,13.6925],[100.748,13.6965],[100.749,13.6965],[100.7495,13.6955],[100.7485,13.6955],[100.748,13.694],[100.7485,13.6935]]],[[[100.7465,13.724],[100.745,13.726],[100.746,13.727],[100.747,13.7255],[100.748,13.7275],[100.75,13.7275],[100.7515,13.7285],[100.752,13.7295],[100.7515,13.7295],[100.7545,13.7295],[100.754,13.728],[100.7485,13.7275],[100.75,13.7255],[100.749,13.7255],[100.7485,13.724],[100.747,13.724],[100.747,13.725],[100.7465,13.724]]],[[[100.7455,13.7285],[100.742,13.729],[100.7425,13.7295],[100.7455,13.7285]]],[[[100.7455,13.729]]],[[[100.4215,13.7105]]],[[[100.4215,13.7105],[100.4215,13.71],[100.4215,13.7105]]],[[[100.503,13.793]]],[[[100.511,13.798]]],[[[100.511,13.889],[100.5115,13.8885],[100.511,13.889]]],[[[100.51,13.8915],[100.5105,13.8915],[100.51,13.8915]]],[[[100.527,13.7225]]],[[[100.527,13.723],[100.527,13.7225],[100.527,13.723]]],[[[100.5175,13.7395],[100.518,13.7395],[100.5175,13.739],[100.5175,13.7395]]],[[[100.53,13.753]]],[[[100.534,13.7565],[100.535,13.7565],[100.534,13.7565]]],[[[100.5485,13.825]]],[[[100.5535,13.805]]],[[[100.5595,13.892]]],[[[100.576,13.798],[100.576,13.7985],[100.576,13.798]]],[[[100.5755,13.7905]]],[[[100.577,13.888],[100.5775,13.888],[100.577,13.888]]],[[[100.6005,13.705],[100.6005,13.7045],[100.6005,13.705]]]]}},{"type":"Feature","properties":{"class":"10-15","speed_kmh":4.0},"geometry":{"type":"MultiPolygon","coordinates":[[[[100.4065,13.704],[100.4065,13.7055],[100.406,13.705],[100.4055,13.706],[100.4065,13.7065],[100.406,13.7075],[100.4065,13.7065],[100.407,13.7075],[100.408,13.7075],[100.4085,13.7065],[100.41,13.707],[100.411,13.7065],[100.407,13.7055],[100.4075,13.7045],[100.4065,13.704]],[[100.408,13.7065],[100.4075,13.707],[100.407,13.707],[100.407,13.7065],[100.408,13.7065]]],[[[100.407,13.715],[100.406,13.715],[100.406,13.7165],[100.4075,13.7165],[100.407,13.7185],[100.4085,13.7185],[100.409,13.7195],[100.4095,13.7165],[100.409,13.717],[100.409,13.716],[100.408,13.7155],[100.407,13.7165],[100.407,13.715]],[[100.4085,13.718],[100.408,13.7175],[100.4085,13.7175],[100.4085,13.718]]],[[[100.4105,13.716],[100.411,13.7165],[100.41,13.717],[100.4115,13.7175],[100.4125,13.716],[100.413,13.7165],[100.415,13.716],[100.4155,13.715],[100.4165,13.716],[100.418,13.7135],[100.417,13.7125],[100.416,13.713],[100.416,13.712],[100.4145,13.7125],[100.4135,13.712],[100.4135,13.7145],[100.412,13.714],[100.4125,13.7155],[100.412,13.716],[100.411,13.715],[100.4105,13.716]],[[100.413,13.715]],[[100.413,13.7155],[100.4135,13.7155],[100.413,13.7155]]],[[[100.42,13.7165],[100.419,13.717],[100.4195,13.718],[100.418,13.7185],[100.419,13.7195],[100.42,13.7185],[100.4195,13.72],[100.4205,13.719],[100.4215,13.7195],[100.4215,13.7185],[100.4235,13.7185],[100.4235,13.7195],[100.4245,13.7195],[100.425,13.717],[100.426,13.717],[100.4255,13.7165],[100.426,13.7145],[100.428,13.7165],[100.429,13.715],[100.4295,13.7155],[100.43,13.715],[100.43,13.713],[100.428,13.713],[100.427,13.715],[100.4265,13.714],[100.4255,13.714],[100.425,13.715],[100.4255,13.7165],[100.424,13.716],[100.4235,13.717],[100.422,13.717],[100.422,13.718],[100.4215,13.717],[100.42,13.7175],[100.4205,13.7165],[100.42,13.716],[100.42,13.7165]],[[100.4275,13.715]],[[100.4205,13.7185],[100.421,13.718],[100.421,13.7185],[100.4205,13.7185]],[[100.42,13.7185],[100.42,13.718],[100.42,13.7185]],[[100.429,13.7145]]],[[[100.4305,13.7135],[100.431,13.7145],[100.4305,13.7165],[100.4315,13.7165],[100.4325,13.714],[100.434,13.7145],[100.4335,13.713],[100.4315,13.713],[100.431,13.714],[100.4305,13.7135]]],[[[100.4355,13.7135],[100.4365,13.7155],[100.4375,13.7145],[100.4375,13.717],[100.4385,13.7165],[100.4395,13.717],[100.4405,13.7155],[100.441,13.7165],[100.442,13.7165],[100.441,13.718],[100.4415,13.7185],[100.441,13.7205],[100.443,13.721],[100.4435,13.7195],[100.4425,13.7195],[100.442,13.7185],[100.4435,13.716],[100.4425,13.7155],[100.442,13.7165],[100.4415,13.7155],[100.4395,13.7145],[100.439,13.715],[100.4385,13.714],[100.4345,13.713],[100.434,13.7135],[100.4355,13.7135]],[[100.4425,13.7175],[100.4425,13.717],[100.4425,13.7175]]],[[[100.4435,13.7205],[100.443,13.7215],[100.444,13.7215],[100.4445,13.7225],[100.4455,13.7205],[100.448,13.722],[100.449,13.7205],[100.45,13.722],[100.4505,13.721],[100.452,13.7215],[100.452,13.7205],[100.4525,13.722],[100.451,13.724],[100.4525,13.724],[100.452,13.725],[100.4525,13.7255],[100.4535,13.725],[100.454,13.721],[100.453,13.719],[100.452,13.7195],[100.4515,13.718],[100.4495,13.7195],[100.449,13.7185],[100.449,13.7195],[100.4475,13.7205],[100.4455,13.7205],[100.446,13.7195],[100.4445,13.719],[100.4445,13.72],[100.4435,13.7205]],[[100.444,13.721],[100.4445,13.7205],[100.444,13.721]],[[100.4525,13.7235]]],[[[100.4545,13.7235],[100.4535,13.7235],[100.4535,13.724],[100.454,13.724],[100.4545,13.7235]]],[[[100.4545,13.725],[100.4535,13.727],[100.4525,13.727],[100.453,13.7275],[100.4525,13.729],[100.455,13.7275],[100.456,13.7285],[100.459,13.7275],[100.4585,13.7285],[100.4595,13.729],[100.459,13.7305],[100.461,13.729],[100.463,13.73],[100.463,13.7315],[100.464,13.731],[100.464,13.7295],[100.465,13.7295],[100.4645,13.729],[100.463,13.7295],[100.4625,13.7285],[100.4615,13.729],[100.461,13.727],[100.46,13.727],[100.4605,13.7285],[100.459,13.727],[100.46,13.7265],[100.46,13.727],[100.4615,13.7255],[100.461,13.7245],[100.4595,13.725],[100.4595,13.7235],[100.4595,13.7245],[100.4575,13.7245],[100.4575,13.726],[100.455,13.727],[100.4545,13.7265],[100.456,13.724],[100.455,13.7255],[100.4545,13.725]],[[100.458,13.727]],[[100.458,13.727],[100.458,13.726],[100.4585,13.7255],[100.4585,13.7265],[100.458,13.727]],[[100.458,13.7245]],[[100.4595,13.7255]]],[[[100.466,13.7265],[100.4655,13.728],[100.4685,13.729],[100.468,13.728],[100.4685,13.7275],[100.466,13.7265]]],[[[100.4685,13.7295],[100.466,13.73],[100.468,13.7315],[100.467,13.733],[100.468,13.7335],[100.468,13.735],[100.4695,13.736],[100.4705,13.733],[100.4695,13.7325],[100.469,13.731],[100.4695,13.73],[100.4685,13.7305],[100.4685,13.7295]],[[100.47,13.7335],[100.47,13.734],[100.47,13.7335]]],[[[100.468,13.736]]],[[[100.468,13.736],[100.4655,13.736],[100.4655,13.737],[100.4685,13.737],[100.469,13.7365],[100.468,13.736]]],[[[100.467,13.738],[100.464,13.738],[100.4625,13.7405],[100.4635,13.742],[100.464,13.741],[100.466,13.742],[100.467,13.746],[100.4695,13.747],[100.469,13.748],[100.468,13.748],[100.4685,13.749],[100.466,13.7495],[100.466,13.751],[100.4645,13.751],[100.4675,13.752],[100.4675,13.751],[100.469,13.7515],[100.4685,13.7505],[100.47,13.75],[100.4705,13.751],[100.47,13.752],[100.4725,13.7525],[100.4725,13.7535],[100.4715,13.7535],[100.4735,13.7535],[100.474,13.755],[100.475,13.755],[100.4745,13.756],[100.4735,13.7555],[100.474,13.756],[100.472,13.7565],[100.4725,13.758],[100.4715,13.7575],[100.4715,13.7585],[100.4705,13.7585],[100.472,13.7595],[100.4725,13.759],[100.4735,13.7605],[100.474,13.76],[100.4735,13.7585],[100.4745,13.7585],[100.4745,13.7575],[100.4755,13.757],[100.475,13.756],[100.476,13.756],[100.4755,13.7565],[100.4765,13.757],[100.478,13.7555],[100.4765,13.755],[100.477,13.7535],[100.473,13.752],[100.4735,13.751],[100.4715,13.749],[100.4705,13.749],[100.4715,13.748],[100.4705,13.748],[100.474,13.746],[100.4745,13.744],[100.4765,13.7435],[100.4765,13.742],[100.4755,13.7415],[100.4765,13.739],[100.475,13.738],[100.477,13.735],[100.478,13.7345],[100.4775,13.7365],[100.4795,13.7365],[100.48,13.7375],[100.4795,13.738],[100.4815,13.738],[100.48,13.7395],[100.4795,13.738],[100.478,13.7395],[100.4775,13.7415],[100.4795,13.7425],[100.48,13.7435],[100.4795,13.745],[100.4805,13.746],[100.4815,13.7455],[100.481,13.745],[100.4815,13.7445],[100.483,13.7455],[100.484,13.7445],[100.4825,13.744],[100.483,13.7435],[100.486,13.7445],[100.489,13.7435],[100.488,13.743],[100.49,13.7435],[100.4895,13.7415],[100.4905,13.741],[100.4895,13.74],[100.4905,13.739],[100.4895,13.7375],[100.4925,13.736],[100.492,13.734],[100.493,13.7335],[100.492,13.732],[100.491,13.733],[100.49,13.732],[100.489,13.733],[100.488,13.7325],[100.488,13.7335],[100.487,13.7315],[100.486,13.7335],[100.4865,13.733],[100.486,13.7325],[100.4845,13.7335],[100.484,13.733],[100.4845,13.7315],[100.4835,13.732],[100.4835,13.731],[100.4825,13.7315],[100.482,13.731],[100.484,13.7275],[100.483,13.7265],[100.482,13.727],[100.4815,13.726],[100.481,13.7265],[100.482,13.725],[100.4815,13.724],[100.48,13.724],[100.479,13.7255],[100.4785,13.7235],[100.4775,13.723],[100.4785,13.722],[100.4775,13.7215],[100.4785,13.721],[100.4785,13.718],[100.4775,13.719],[100.476,13.719],[100.4755,13.7205],[100.475,13.7195],[100.473,13.719],[100.4735,13.7185],[100.473,13.718],[100.474,13.718],[100.4745,13.717],[100.4735,13.7165],[100.474,13.7145],[100.473,13.7145],[100.4725,13.7165],[100.47,13.717],[100.4695,13.716],[100.469,13.717],[100.47,13.717],[100.4685,13.718],[100.4675,13.7175],[100.468,13.7165],[100.4665,13.717],[100.466,13.7155],[100.4655,13.716],[100.464,13.7155],[100.464,13.7145],[100.4625,13.7145],[100.461,13.715],[100.4615,13.7155],[100.462,13.715],[100.463,13.718],[100.466,13.717],[100.465,13.718],[100.466,13.7185],[100.4665,13.718],[100.4665,13.7195],[100.468,13.719],[100.469,13.7195],[100.47,13.7185],[100.4715,13.7195],[100.472,13.719],[100.4735,13.7205],[100.474,13.7225],[100.4765,13.722],[100.4765,13.7225],[100.4755,13.722],[100.475,13.7235],[100.474,13.723],[100.474,13.7245],[100.475,13.724],[100.475,13.7255],[100.4755,13.7235],[100.4765,13.7235],[100.4775,13.725],[100.477,13.7265],[100.4785,13.7255],[100.481,13.728],[100.4805,13.7295],[100.479,13.73],[100.4795,13.7315],[100.4785,13.732],[100.479,13.733],[100.4815,13.7315],[100.4825,13.733],[100.4815,13.7335],[100.4815,13.7345],[100.4805,13.7345],[100.4805,13.7335],[100.48,13.7345],[100.4795,13.7335],[100.479,13.734],[100.4775,13.7335],[100.476,13.735],[100.4755,13.7335],[100.474,13.735],[100.473,13.7355],[100.4725,13.735],[100.474,13.7375],[100.4725,13.738],[100.4725,13.7395],[100.4715,13.7395],[100.4735,13.739],[100.474,13.7395],[100.473,13.741],[100.474,13.7405],[100.4745,13.7415],[100.4725,13.743],[100.472,13.7425],[100.472,13.7445],[100.471,13.7445],[100.47,13.7465],[100.47,13.7455],[100.4685,13.7445],[100.4685,13.743],[100.467,13.743],[100.467,13.742],[100.4655,13.741],[100.465,13.739],[100.467,13.738]],[[100.4635,13.7155],[100.463,13.7155],[100.464,13.7155],[100.4635,13.7155]],[[100.471,13.747]],[[100.471,13.747]],[[100.4685,13.745]],[[100.4645,13.74],[100.465,13.7405],[100.4645,13.7405],[100.4645,13.74]],[[100.4645,13.7385]],[[100.4675,13.75],[100.468,13.75],[100.4675,13.75]],[[100.4665,13.751]],[[100.466,13.717]],[[100.4715,13.7175]],[[100.4715,13.7185],[100.472,13.7185],[100.4715,13.7185]],[[100.474,13.744],[100.4735,13.744],[100.4735,13.7435],[100.474,13.744]],[[100.474,13.7385],[100.4745,13.7385],[100.474,13.7385]],[[100.474,13.737],[100.4745,13.7355],[100.475,13.736],[100.474,13.737]],[[100.4735,13.736]],[[100.4755,13.721],[100.476,13.7215],[100.4755,13.721]],[[100.475,13.7415],[100.4755,13.7415],[100.475,13.742],[100.475,13.7415]],[[100.4745,13.7575],[100.474,13.757],[100.4745,13.7575]],[[100.4725,13.7585],[100.472,13.758],[100.4725,13.7585]],[[100.473,13.758]],[[100.472,13.7505]],[[100.472,13.751],[100.4715,13.751],[100.472,13.7505],[100.472,13.751]],[[100.473,13.7595],[100.4735,13.7595],[100.473,13.7595]],[[100.475,13.755],[100.475,13.7545],[100.475,13.755]],[[100.4755,13.7545],[100.476,13.7545],[100.4755,13.7545]],[[100.4755,13.7535],[100.4755,13.754],[100.4755,13.7535]],[[100.4895,13.7335],[100.49,13.7335],[100.49,13.734],[100.4895,13.7335]],[[100.4835,13.7385],[100.4835,13.7375],[100.4825,13.737],[100.4815,13.7375],[100.481,13.7365],[100.4825,13.736],[100.482,13.735],[100.483,13.7345],[100.4835,13.7355],[100.484,13.7335],[100.4845,13.734],[100.486,13.7335],[100.487,13.734],[100.487,13.735],[100.488,13.735],[100.488,13.734],[100.49,13.7345],[100.49,13.7365],[100.489,13.737],[100.4885,13.736],[100.488,13.7365],[100.489,13.7395],[100.488,13.7385],[100.4865,13.7395],[100.4865,13.741],[100.4875,13.742],[100.486,13.742],[100.4855,13.743],[100.4845,13.742],[100.4815,13.7435],[100.4805,13.7395],[100.482,13.738],[100.4835,13.7385]],[[100.48,13.7435],[100.48,13.743],[100.4805,13.743],[100.4805,13.7435],[100.48,13.7435]],[[100.4835,13.7335],[100.483,13.734],[100.4835,13.7335]],[[100.4825,13.733],[100.4825,13.7325],[100.4825,13.733]],[[100.48,13.7375],[100.4805,13.737],[100.4805,13.7375],[100.48,13.7375]],[[100.4805,13.7305]],[[100.4795,13.736]],[[100.479,13.735]],[[100.479,13.7405]],[[100.48,13.74],[100.4795,13.74],[100.48,13.74]],[[100.48,13.7425],[100.4795,13.7425],[100.48,13.7425]],[[100.4815,13.736],[100.4815,13.7355],[100.4815,13.736]],[[100.489,13.7425],[100.4895,13.742],[100.489,13.7425]],[[100.488,13.7405],[100.4885,13.74],[100.488,13.7405]],[[100.489,13.7415],[100.489,13.741],[100.4895,13.7415],[100.489,13.7415]],[[100.4915,13.735],[100.491,13.734],[100.4915,13.7345],[100.4915,13.735]]],[[[100.4665,13.7525],[100.464,13.752],[100.4635,13.7535],[100.462,13.7525],[100.4615,13.7535],[100.463,13.754],[100.462,13.754],[100.4615,13.755],[100.464,13.7555],[100.4635,13.7565],[100.464,13.7575],[100.467,13.758],[100.4665,13.759],[100.466,13.7585],[100.4655,13.759],[100.467,13.7595],[100.4665,13.7605],[100.467,13.762],[100.4685,13.7625],[100.4675,13.7625],[100.468,13.764],[100.4695,13.7635],[100.469,13.763],[100.4695,13.7635],[100.4705,13.7615],[100.4695,13.7625],[100.47,13.762],[100.469,13.762],[100.4695,13.7615],[100.469,13.7595],[100.468,13.7595],[100.4685,13.7585],[100.468,13.7575],[100.467,13.758],[100.4665,13.757],[100.467,13.756],[100.4655,13.7565],[100.4655,13.7555],[100.4635,13.755],[100.465,13.7545],[100.4645,13.7535],[100.466,13.754],[100.4655,13.7535],[100.4665,13.7535],[100.466,13.753],[100.4665,13.7525]],[[100.468,13.76],[100.468,13.7605],[100.468,13.76]]],[[[100.4685,13.7655],[100.4675,13.7665],[100.467,13.766],[100.4665,13.7675],[100.4685,13.768],[100.468,13.7685],[100.4685,13.769],[100.469,13.7685],[100.4685,13.7705],[100.4705,13.77],[100.471,13.7705],[100.4715,13.77],[100.4705,13.7685],[100.4715,13.7695],[100.473,13.768],[100.472,13.7675],[100.4715,13.7685],[100.4705,13.768],[100.47,13.767],[100.4705,13.7655],[100.4685,13.767],[100.4685,13.7655]],[[100.47,13.769]]],[[[100.473,13.768]]],[[[100.473,13.768]]],[[[100.473,13.768]]],[[[100.473,13.768]]],[[[100.4735,13.768]]],[[[100.4735,13.768]]],[[[100.4735,13.768]]],[[[100.4735,13.768]]],[[[100.4735,13.768]]],[[[100.4735,13.768]]],[[[100.4735,13.768]]],[[[100.4735,13.768]]],[[[100.4735,13.768]]],[[[100.4735,13.768]]],[[[100.4735,13.768]]],[[[100.4735,13.768],[100.474,13.767],[100.473,13.767],[100.4735,13.768]]],[[[100.4755,13.7685],[100.475,13.7665],[100.474,13.768],[100.4745,13.7685],[100.473,13.769],[100.474,13.7695],[100.4735,13.7705],[100.476,13.769],[100.478,13.7695],[100.4775,13.7705],[100.4785,13.77],[100.4795,13.771],[100.479,13.772],[100.48,13.7715],[100.48,13.773],[100.479,13.773],[100.4805,13.775],[100.4785,13.7765],[100.48,13.7765],[100.481,13.7775],[100.4805,13.7785],[100.482,13.778],[100.4805,13.776],[100.4815,13.7755],[100.481,13.7735],[100.482,13.7725],[100.483,13.773],[100.4825,13.774],[100.4845,13.776],[100.486,13.7765],[100.4855,13.777],[100.486,13.7775],[100.4875,13.7765],[100.4875,13.7775],[100.4885,13.777],[100.4885,13.778],[100.4895,13.778],[100.4895,13.7795],[100.4885,13.78],[100.491,13.782],[100.4915,13.7815],[100.4935,13.782],[100.493,13.7825],[100.4935,13.7835],[100.495,13.7825],[100.4945,13.781],[100.495,13.782],[100.496,13.781],[100.4965,13.7825],[100.4985,13.7815],[100.498,13.7825],[100.499,13.7835],[100.498,13.7835],[100.497,13.785],[100.498,13.7845],[100.4985,13.785],[100.498,13.786],[100.4985,13.787],[100.4965,13.787],[100.4965,13.788],[100.494,13.7875],[100.494,13.7865],[100.493,13.7865],[100.4935,13.786],[100.492,13.787],[100.4915,13.786],[100.4895,13.7865],[100.49,13.7845],[100.489,13.785],[100.4875,13.784],[100.489,13.782],[100.487,13.781],[100.4845,13.782],[100.484,13.781],[100.4845,13.7805],[100.484,13.78],[100.485,13.7795],[100.4845,13.779],[100.4835,13.7795],[100.482,13.7785],[100.482,13.78],[100.483,13.781],[100.482,13.781],[100.4815,13.783],[100.485,13.784],[100.4855,13.7855],[100.4875,13.7845],[100.4865,13.786],[100.4875,13.7865],[100.4865,13.7865],[100.4865,13.7875],[100.4905,13.787],[100.4925,13.789],[100.494,13.788],[100.4935,13.789],[100.494,13.7895],[100.4955,13.789],[100.4955,13.79],[100.4995,13.7905],[100.4985,13.792],[100.4975,13.7915],[100.498,13.7925],[100.4975,13.794],[100.4985,13.794],[100.499,13.795],[100.502,13.794],[100.501,13.794],[100.501,13.793],[100.5,13.7925],[100.5,13.79],[100.5015,13.79],[100.5,13.7895],[100.5,13.788],[100.502,13.7885],[100.5025,13.7875],[100.5035,13.7885],[100.5055,13.788],[100.5055,13.7875],[100.5045,13.788],[100.504,13.7865],[100.5015,13.7875],[100.5005,13.786],[100.4995,13.786],[100.5,13.7855],[100.4995,13.785],[100.5015,13.784],[100.501,13.783],[100.502,13.781],[100.4975,13.7795],[100.495,13.78],[100.495,13.779],[100.492,13.78],[100.4915,13.779],[100.4925,13.778],[100.4915,13.7775],[100.492,13.776],[100.4915,13.7755],[100.49,13.776],[100.489,13.7755],[100.49,13.775],[100.489,13.774],[100.487,13.775],[100.487,13.774],[100.4855,13.7745],[100.4845,13.7735],[100.4835,13.7745],[100.483,13.774],[100.485,13.7725],[100.4845,13.7705],[100.482,13.771],[100.4795,13.7705],[100.4785,13.7685],[100.4795,13.7685],[100.479,13.768],[100.4795,13.767],[100.478,13.7665],[100.4785,13.766],[100.478,13.765],[100.476,13.7655],[100.4775,13.7685],[100.4755,13.7685]],[[100.4775,13.767],[100.4775,13.7675],[100.4775,13.767]],[[100.4905,13.777],[100.491,13.777],[100.4895,13.777],[100.4905,13.777]],[[100.481,13.7715],[100.4815,13.7715],[100.481,13.7715]],[[100.482,13.772]],[[100.4845,13.7745],[100.484,13.7745],[100.4845,13.7745]],[[100.4835,13.7825],[100.484,13.7825],[100.4835,13.7825]],[[100.484,13.7825]],[[100.488,13.7755]],[[100.4875,13.7765],[100.4875,13.776],[100.4875,13.7765]],[[100.489,13.776],[100.4885,13.776],[100.489,13.776]],[[100.4925,13.781],[100.492,13.781],[100.494,13.7805],[100.4925,13.781]],[[100.4895,13.7855],[100.489,13.786],[100.4895,13.7855]],[[100.4905,13.779],[100.491,13.779],[100.491,13.7795],[100.4905,13.779]],[[100.491,13.7815],[100.492,13.781],[100.491,13.7815]],[[100.491,13.78],[100.491,13.7805],[100.491,13.78]],[[100.4955,13.7805],[100.4955,13.78],[100.4955,13.7805]],[[100.4945,13.7875]],[[100.496,13.7885]],[[100.4985,13.781]],[[100.499,13.7805]],[[100.498,13.789],[100.497,13.788],[100.4975,13.7875],[100.4985,13.788],[100.498,13.789]],[[100.5,13.791]]],[[[100.5005,13.7955]]],[[[100.5005,13.7955]]],[[[100.5005,13.7955]]],[[[100.5005,13.7955]]],[[[100.5005,13.7955]]],[[[100.5005,13.7955]]],[[[100.501,13.7955]]],[[[100.501,13.7955]]],[[[100.501,13.7955]]],[[[100.501,13.7955]]],[[[100.501,13.7955]]],[[[100.501,13.7955]]],[[[100.501,13.7955]]],[[[100.501,13.7955]]],[[[100.501,13.7955]]],[[[100.501,13.7955],[100.502,13.795],[100.502,13.7945],[100.5015,13.7955],[100.501,13.7955]]],[[[100.502,13.7965],[100.5015,13.7985],[100.503,13.7985],[100.504,13.8],[100.505,13.7995],[100.5055,13.8005],[100.506,13.8],[100.5055,13.799],[100.506,13.7995],[100.5075,13.7985],[100.5075,13.798],[100.505,13.7985],[100.506,13.797],[100.5045,13.796],[100.503,13.797],[100.502,13.7965]],[[100.504,13.7985],[100.504,13.798],[100.5045,13.798],[100.504,13.798],[100.504,13.7985]]],[[[100.507,13.801],[100.5045,13.8015],[100.5055,13.802],[100.5045,13.803],[100.5055,13.804],[100.506,13.803],[100.507,13.803],[100.5065,13.8025],[100.507,13.801]]],[[[100.509,13.802],[100.5075,13.804],[100.509,13.805],[100.51,13.8045],[100.5095,13.8055],[100.511,13.806],[100.5115,13.8075],[100.5145,13.806],[100.5135,13.805],[100.515,13.8055],[100.5145,13.805],[100.515,13.8045],[100.5145,13.803],[100.5155,13.8025],[100.515,13.801],[100.512,13.8015],[100.514,13.802],[100.5125,13.8035],[100.513,13.804],[100.5125,13.805],[100.509,13.802]],[[100.513,13.805]],[[100.5135,13.8035]]],[[[100.5145,13.8005],[100.515,13.8],[100.515,13.7995],[100.5145,13.8005]]],[[[100.514,13.7985],[100.513,13.798],[100.5125,13.799],[100.5135,13.798],[100.514,13.7985]]],[[[100.511,13.795],[100.512,13.7945],[100.5105,13.794],[100.511,13.793],[100.5095,13.794],[100.51,13.7925],[100.509,13.793],[100.5095,13.7925],[100.509,13.7915],[100.508,13.7915],[100.508,13.793],[100.509,13.7925],[100.5085,13.7935],[100.509,13.7945],[100.511,13.795]]],[[[100.508,13.793]]],[[[100.508,13.793]]],[[[100.508,13.793]]],[[[100.4755,13.765],[100.4765,13.764],[100.475,13.7645],[100.4745,13.763],[100.4735,13.763],[100.475,13.761],[100.4725,13.7605],[100.4725,13.7615],[100.476,13.7655],[100.4755,13.765]],[[100.4725,13.7615],[100.4725,13.762],[100.4725,13.7615]]],[[[100.4785,13.717],[100.48,13.718],[100.4805,13.716],[100.482,13.7165],[100.4845,13.715],[100.487,13.7155],[100.488,13.7145],[100.489,13.716],[100.488,13.7155],[100.4885,13.7165],[100.4875,13.7175],[100.4885,13.7175],[100.488,13.718],[100.49,13.719],[100.4905,13.7175],[100.491,13.7185],[100.4915,13.718],[100.493,13.7185],[100.4925,13.7175],[100.494,13.7165],[100.495,13.718],[100.4985,13.7175],[100.4985,13.716],[100.5,13.7165],[100.5015,13.7145],[100.501,13.714],[100.499,13.7155],[100.4985,13.715],[100.4945,13.7155],[100.494,13.715],[100.4955,13.7145],[100.4935,13.7135],[100.4925,13.7145],[100.492,13.717],[100.4915,13.7155],[100.49,13.7155],[100.4895,13.7135],[100.488,13.713],[100.4865,13.7135],[100.4865,13.7125],[100.485,13.7125],[100.4845,13.7135],[100.482,13.713],[100.483,13.715],[100.4825,13.7155],[100.481,13.7145],[100.4815,13.714],[100.481,13.7135],[100.48,13.715],[100.479,13.715],[100.479,13.713],[100.4785,13.717]],[[100.4975,13.717]],[[100.4815,13.7155]],[[100.4865,13.7145],[100.486,13.714],[100.4865,13.7145]],[[100.4905,13.7175],[100.492,13.7175],[100.492,13.718],[100.4905,13.718],[100.4905,13.7175]],[[100.491,13.717],[100.49,13.7165],[100.491,13.7165],[100.491,13.717]],[[100.496,13.7175],[100.495,13.7175],[100.496,13.7175]],[[100.4965,13.716],[100.496,13.716],[100.4965,13.716]],[[100.4965,13.716],[100.4965,13.7165],[100.497,13.7165],[100.4965,13.716]],[[100.498,13.7165],[100.4985,13.716],[100.4985,13.7165],[100.498,13.7165]]],[[[100.4805,13.718],[100.4805,13.719],[100.479,13.719],[100.4795,13.7205],[100.4805,13.7205],[100.4795,13.7205],[100.479,13.7215],[100.48,13.7235],[100.483,13.724],[100.4845,13.7255],[100.4865,13.7255],[100.487,13.7235],[100.4895,13.7245],[100.49,13.726],[100.4905,13.7255],[100.4905,13.727],[100.493,13.7275],[100.494,13.729],[100.4945,13.728],[100.495,13.729],[100.497,13.728],[100.5,13.7285],[100.499,13.729],[100.5005,13.73],[100.5005,13.731],[100.499,13.732],[100.499,13.7335],[100.5015,13.734],[100.502,13.7355],[100.5045,13.7345],[100.505,13.736],[100.506,13.7355],[100.5065,13.736],[100.509,13.7345],[100.5075,13.733],[100.507,13.7345],[100.505,13.7325],[100.504,13.7335],[100.504,13.732],[100.5035,13.733],[100.502,13.7325],[100.5025,13.731],[100.5035,13.731],[100.5025,13.7305],[100.503,13.7295],[100.502,13.7285],[100.504,13.7285],[100.5045,13.727],[100.506,13.7265],[100.504,13.725],[100.503,13.7255],[100.503,13.727],[100.5015,13.7265],[100.5025,13.725],[100.501,13.7245],[100.503,13.724],[100.502,13.7245],[100.5015,13.7235],[100.499,13.725],[100.498,13.7245],[100.4975,13.725],[100.498,13.726],[100.497,13.726],[100.4965,13.727],[100.4945,13.727],[100.4945,13.726],[100.492,13.725],[100.4915,13.7235],[100.4905,13.723],[100.491,13.722],[100.489,13.723],[100.488,13.722],[100.4885,13.7225],[100.4855,13.7215],[100.485,13.723],[100.4825,13.724],[100.482,13.723],[100.4825,13.72],[100.481,13.7205],[100.4815,13.7185],[100.4805,13.718]],[[100.5065,13.735]],[[100.4805,13.72],[100.48,13.7195],[100.4805,13.72]],[[100.49,13.7235],[100.4905,13.7235],[100.49,13.7235]],[[100.4815,13.721],[100.481,13.7215],[100.481,13.721],[100.4815,13.721]],[[100.4915,13.7255],[100.491,13.7245],[100.492,13.725],[100.4915,13.7255]],[[100.5015,13.7295],[100.502,13.7295],[100.5015,13.7295]],[[100.5025,13.728],[100.5,13.727],[100.5005,13.7265],[100.5025,13.728]],[[100.5,13.727],[100.5,13.7275],[100.4995,13.7275],[100.5,13.727]],[[100.499,13.7255],[100.499,13.725],[100.499,13.7255]],[[100.498,13.727]],[[100.499,13.7275]],[[100.499,13.728],[100.499,13.7275],[100.499,13.728]],[[100.503,13.733]],[[100.503,13.728]],[[100.505,13.734]]],[[[100.512,13.7225],[100.5115,13.7215],[100.5105,13.7215],[100.5115,13.7205],[100.51,13.721],[100.51,13.7225],[100.512,13.7225]]],[[[100.5135,13.7225],[100.5145,13.726],[100.516,13.727],[100.518,13.7255],[100.5185,13.7265],[100.5195,13.726],[100.521,13.7275],[100.523,13.728],[100.5205,13.7305],[100.5185,13.7295],[100.5165,13.73],[100.5155,13.729],[100.5115,13.733],[100.5105,13.7355],[100.5065,13.738],[100.51,13.737],[100.512,13.738],[100.5115,13.739],[100.513,13.7375],[100.5125,13.7365],[100.5115,13.7365],[100.5155,13.733],[100.515,13.732],[100.5175,13.7335],[100.518,13.7325],[100.5195,13.7325],[100.5195,13.7335],[100.523,13.735],[100.522,13.7365],[100.523,13.7375],[100.522,13.7385],[100.5215,13.738],[100.521,13.74],[100.5205,13.7395],[100.52,13.74],[100.521,13.7405],[100.521,13.7415],[100.519,13.7425],[100.5175,13.742],[100.518,13.7465],[100.5185,13.745],[100.5205,13.745],[100.521,13.744],[100.5205,13.743],[100.5215,13.743],[100.522,13.7445],[100.521,13.745],[100.522,13.745],[100.521,13.7455],[100.522,13.7465],[100.52,13.7465],[100.519,13.7485],[100.521,13.7485],[100.5225,13.7495],[100.523,13.749],[100.5235,13.75],[100.524,13.7495],[100.5225,13.751],[100.523,13.7515],[100.5245,13.7505],[100.5225,13.7525],[100.5235,13.754],[100.525,13.7545],[100.5245,13.754],[100.524,13.7545],[100.5235,13.7565],[100.526,13.756],[100.527,13.7565],[100.5265,13.7575],[100.529,13.7585],[100.526,13.76],[100.5255,13.762],[100.529,13.7615],[100.528,13.762],[100.5295,13.7635],[100.5285,13.7655],[100.53,13.7665],[100.531,13.766],[100.531,13.7685],[100.532,13.768],[100.5325,13.769],[100.534,13.7685],[100.5345,13.7695],[100.5355,13.769],[100.535,13.77],[100.5365,13.77],[100.5385,13.7745],[100.538,13.776],[100.539,13.7765],[100.5385,13.776],[100.538,13.7765],[100.539,13.778],[100.538,13.7775],[100.5375,13.779],[100.539,13.7795],[100.5395,13.782],[100.5385,13.783],[100.5395,13.784],[100.539,13.785],[100.5395,13.786],[100.5415,13.786],[100.5415,13.788],[100.54,13.7875],[100.5395,13.789],[100.5405,13.79],[100.541,13.789],[100.5415,13.7905],[100.545,13.7925],[100.5455,13.796],[100.5465,13.7945],[100.546,13.7935],[100.547,13.794],[100.5465,13.7915],[100.547,13.791],[100.546,13.7905],[100.5465,13.789],[100.5455,13.79],[100.544,13.7885],[100.5435,13.789],[100.542,13.788],[100.5425,13.7875],[100.542,13.7855],[100.543,13.785],[100.543,13.784],[100.5425,13.785],[100.5405,13.784],[100.541,13.782],[100.5415,13.7825],[100.542,13.7815],[100.54,13.7785],[100.5405,13.7765],[100.5385,13.775],[100.5405,13.773],[100.5395,13.773],[100.5385,13.7715],[100.538,13.772],[100.5375,13.771],[100.5385,13.768],[100.538,13.7675],[100.536,13.768],[100.535,13.767],[100.5345,13.7675],[100.5335,13.7665],[100.534,13.765],[100.531,13.7645],[100.532,13.7635],[100.5315,13.764],[100.5305,13.761],[100.5285,13.7605],[100.529,13.7585],[100.53,13.7585],[100.529,13.758],[100.53,13.7575],[100.53,13.756],[100.5285,13.7565],[100.528,13.7555],[100.5275,13.756],[100.5265,13.7555],[100.5265,13.754],[100.5275,13.7545],[100.5255,13.7525],[100.527,13.751],[100.528,13.7515],[100.5275,13.75],[100.524,13.7495],[100.522,13.7475],[100.523,13.747],[100.523,13.745],[100.526,13.744],[100.5255,13.743],[100.527,13.7425],[100.5275,13.741],[100.53,13.7405],[100.531,13.742],[100.5325,13.742],[100.534,13.7415],[100.5335,13.74],[100.535,13.739],[100.536,13.742],[100.5375,13.7425],[100.538,13.7415],[100.537,13.7415],[100.5365,13.739],[100.535,13.737],[100.5365,13.7365],[100.536,13.736],[100.537,13.7355],[100.537,13.734],[100.535,13.733],[100.5335,13.734],[100.532,13.7335],[100.533,13.7345],[100.531,13.738],[100.53,13.738],[100.5295,13.739],[100.527,13.7365],[100.5275,13.7365],[100.5235,13.735],[100.524,13.7325],[100.523,13.7315],[100.5245,13.731],[100.524,13.7295],[100.525,13.73],[100.526,13.729],[100.525,13.726],[100.5235,13.725],[100.5245,13.7245],[100.525,13.7225],[100.5245,13.722],[100.5235,13.7245],[100.5215,13.725],[100.5205,13.724],[100.5215,13.7235],[100.521,13.7225],[100.5195,13.7235],[100.5175,13.723],[100.5165,13.7245],[100.516,13.7225],[100.5145,13.722],[100.5135,13.7225]],[[100.5375,13.7695],[100.5375,13.769],[100.5375,13.7695]],[[100.524,13.741],[100.5235,13.7395],[100.5245,13.7395],[100.525,13.7385],[100.524,13.7385],[100.5235,13.7375],[100.5245,13.7375],[100.526,13.739],[100.524,13.741]],[[100.5245,13.726],[100.524,13.726],[100.524,13.7255],[100.5245,13.726]],[[100.518,13.732],[100.5175,13.732],[100.5175,13.731],[100.518,13.732]],[[100.5165,13.732],[100.516,13.732],[100.5165,13.732]],[[100.5165,13.7305]],[[100.5185,13.7315],[100.5185,13.731],[100.5185,13.732],[100.5185,13.7315]],[[100.5195,13.726]],[[100.5195,13.724]],[[100.522,13.7265],[100.522,13.726],[100.522,13.7265]],[[100.5225,13.7425],[100.5225,13.7435],[100.5225,13.744],[100.5225,13.7425]],[[100.522,13.742],[100.5215,13.7415],[100.522,13.7415],[100.5225,13.742],[100.522,13.742]],[[100.521,13.733]],[[100.5215,13.732],[100.5215,13.7315],[100.5215,13.732]],[[100.5215,13.74],[100.5215,13.7395],[100.5215,13.74]],[[100.523,13.7385]],[[100.5305,13.7635],[100.53,13.7625],[100.5305,13.7635]],[[100.531,13.739],[100.531,13.738],[100.531,13.739]],[[100.5255,13.737],[100.526,13.737],[100.526,13.738],[100.5255,13.738],[100.5255,13.737]],[[100.526,13.751]],[[100.525,13.7545]],[[100.5265,13.739]],[[100.5265,13.751]],[[100.5295,13.7405],[100.529,13.7405],[100.5295,13.7405]],[[100.5285,13.739],[100.529,13.7385],[100.529,13.739],[100.5285,13.739]],[[100.528,13.74],[100.528,13.7405],[100.5275,13.7405],[100.528,13.74]],[[100.528,13.7575],[100.528,13.757],[100.528,13.7575]],[[100.5285,13.76],[100.5275,13.76],[100.528,13.7595],[100.5285,13.76]],[[100.5335,13.738],[100.5335,13.7375],[100.5335,13.738]],[[100.5335,13.735],[100.5335,13.7345],[100.5335,13.735]],[[100.532,13.7665],[100.5325,13.7655],[100.533,13.7665],[100.532,13.7665]],[[100.532,13.741]],[[100.532,13.7405],[100.5325,13.7405],[100.532,13.7405]],[[100.5325,13.7395],[100.5325,13.738],[100.533,13.739],[100.5325,13.7395]],[[100.5355,13.7365],[100.535,13.7365],[100.535,13.736],[100.5355,13.7365]],[[100.5345,13.7335],[100.535,13.7335],[100.5355,13.7345],[100.535,13.7345],[100.5345,13.7335]],[[100.5345,13.768]],[[100.5365,13.7685],[100.5365,13.768],[100.537,13.7685],[100.5365,13.7685]],[[100.541,13.785],[100.541,13.7845],[100.541,13.785]],[[100.5415,13.782],[100.541,13.782],[100.5405,13.7815],[100.5415,13.782]],[[100.539,13.7785]],[[100.54,13.782]],[[100.543,13.7895],[100.5435,13.789],[100.543,13.7905],[100.543,13.7895]],[[100.542,13.789]],[[100.5465,13.793]]],[[[100.506,13.738],[100.504,13.7385],[100.504,13.7395],[100.5025,13.7395],[100.502,13.7405],[100.4995,13.7395],[100.4965,13.7365],[100.496,13.7385],[100.495,13.7385],[100.4955,13.7395],[100.497,13.739],[100.4975,13.74],[100.499,13.7395],[100.5,13.741],[100.499,13.7425],[100.4995,13.7435],[100.5005,13.7415],[100.502,13.7425],[100.5035,13.742],[100.5045,13.7435],[100.505,13.7425],[100.506,13.743],[100.5055,13.7415],[100.505,13.742],[100.5065,13.741],[100.506,13.738]],[[100.5015,13.7415],[100.5015,13.741],[100.5015,13.7415]],[[100.4985,13.7395],[100.498,13.7395],[100.498,13.739],[100.4985,13.7395]],[[100.5,13.743],[100.4995,13.743],[100.5,13.7425],[100.5,13.743]],[[100.5035,13.742],[100.503,13.7415],[100.5035,13.742]]],[[[100.49,13.7455],[100.489,13.7495],[100.49,13.75],[100.4905,13.749],[100.4915,13.749],[100.4915,13.75],[100.4905,13.7505],[100.492,13.751],[100.4915,13.7515],[100.4935,13.7535],[100.4955,13.7525],[100.4955,13.7515],[100.496,13.7525],[100.497,13.752],[100.5015,13.7555],[100.5045,13.7545],[100.505,13.756],[100.506,13.7545],[100.507,13.7545],[100.5065,13.754],[100.5075,13.754],[100.5085,13.751],[100.508,13.7495],[100.512,13.749],[100.513,13.75],[100.5135,13.749],[100.5145,13.7495],[100.515,13.746],[100.516,13.7465],[100.517,13.7455],[100.5165,13.7425],[100.516,13.743],[100.5155,13.7425],[100.515,13.743],[100.5155,13.7435],[100.512,13.746],[100.5125,13.747],[100.508,13.7465],[100.505,13.753],[100.503,13.752],[100.502,13.753],[100.5,13.752],[100.4975,13.75],[100.4985,13.749],[100.496,13.7495],[100.495,13.7485],[100.4955,13.748],[100.4945,13.7495],[100.495,13.75],[100.494,13.7505],[100.4925,13.749],[100.494,13.748],[100.4905,13.747],[100.49,13.7455]],[[100.5055,13.752],[100.506,13.752],[100.5055,13.752]],[[100.491,13.7475],[100.491,13.747],[100.491,13.7475]],[[100.495,13.7505],[100.4955,13.75],[100.4955,13.751],[100.495,13.7505]],[[100.497,13.751],[100.497,13.7505],[100.497,13.751]],[[100.5015,13.754],[100.502,13.7535],[100.502,13.754],[100.5015,13.754]],[[100.5105,13.748]],[[100.5145,13.747],[100.514,13.747],[100.5145,13.747]]],[[[100.546,13.7965],[100.543,13.7965],[100.5425,13.797],[100.544,13.797],[100.5465,13.7965],[100.546,13.7965]]],[[[100.5415,13.7975],[100.5405,13.7975],[100.54,13.796],[100.5395,13.7975],[100.5385,13.7975],[100.54,13.7985],[100.5405,13.8],[100.5415,13.7995],[100.5425,13.8],[100.542,13.7985],[100.5445,13.798],[100.5415,13.7975]],[[100.541,13.799],[100.5415,13.7995],[100.541,13.799]]],[[[100.539,13.799]]],[[[100.539,13.799]]],[[[100.539,13.799],[100.5385,13.799],[100.539,13.799]]],[[[100.5385,13.799]]],[[[100.5385,13.799]]],[[[100.5385,13.799],[100.536,13.796],[100.537,13.798],[100.536,13.8],[100.537,13.7995],[100.5375,13.8005],[100.537,13.7995],[100.5385,13.799]]],[[[100.536,13.8],[100.5355,13.8005],[100.535,13.7995],[100.534,13.8],[100.5335,13.799],[100.5325,13.799],[100.531,13.8],[100.531,13.801],[100.5295,13.8005],[100.528,13.8015],[100.5275,13.8],[100.527,13.8005],[100.5275,13.8015],[100.526,13.8015],[100.5255,13.8025],[100.5245,13.8015],[100.524,13.8025],[100.524,13.801],[100.5215,13.8],[100.5215,13.799],[100.521,13.8],[100.519,13.8005],[100.5195,13.802],[100.518,13.802],[100.5185,13.803],[100.5195,13.803],[100.5185,13.804],[100.519,13.805],[100.521,13.8015],[100.523,13.8025],[100.524,13.804],[100.523,13.8045],[100.5235,13.8055],[100.522,13.8075],[100.5205,13.807],[100.5205,13.808],[100.519,13.8075],[100.519,13.8085],[100.5205,13.8085],[100.5215,13.8105],[100.5225,13.8095],[100.5255,13.81],[100.527,13.8125],[100.5295,13.813],[100.529,13.814],[100.528,13.814],[100.5285,13.815],[100.5275,13.8145],[100.5275,13.8155],[100.5265,13.8155],[100.527,13.817],[100.526,13.8165],[100.525,13.8175],[100.5275,13.819],[100.5255,13.8185],[100.526,13.8195],[100.525,13.8205],[100.526,13.821],[100.525,13.8215],[100.526,13.8225],[100.5285,13.823],[100.529,13.8245],[100.5285,13.825],[100.527,13.824],[100.523,13.8235],[100.523,13.8255],[100.524,13.826],[100.523,13.828],[100.5235,13.8285],[100.5255,13.8265],[100.5255,13.8255],[100.5305,13.826],[100.532,13.8245],[100.528,13.8225],[100.529,13.822],[100.528,13.8205],[100.529,13.8205],[100.5275,13.8195],[100.5275,13.8185],[100.5285,13.8185],[100.529,13.8165],[100.53,13.816],[100.5295,13.815],[100.53,13.816],[100.5305,13.8155],[100.531,13.816],[100.5305,13.815],[100.532,13.814],[100.5345,13.8165],[100.5335,13.815],[100.5345,13.814],[100.534,13.813],[100.535,13.813],[100.5355,13.8115],[100.5365,13.8115],[100.535,13.81],[100.537,13.8105],[100.5375,13.809],[100.5385,13.809],[100.54,13.811],[100.5415,13.811],[100.542,13.812],[100.5425,13.811],[100.5415,13.8085],[100.5395,13.808],[100.5395,13.807],[100.5405,13.807],[100.54,13.806],[100.538,13.8075],[100.5365,13.8065],[100.5345,13.81],[100.5325,13.809],[100.533,13.8115],[100.5315,13.813],[100.529,13.8095],[100.528,13.8095],[100.524,13.8065],[100.5245,13.805],[100.526,13.805],[100.524,13.804],[100.526,13.8045],[100.5275,13.8025],[100.53,13.803],[100.5305,13.804],[100.5325,13.8015],[100.5335,13.8025],[100.5345,13.8025],[100.5345,13.8015],[100.536,13.802],[100.536,13.8]],[[100.523,13.809],[100.5235,13.8085],[100.5245,13.809],[100.523,13.809]],[[100.521,13.8015]],[[100.524,13.8055],[100.524,13.806],[100.5235,13.8055],[100.524,13.8055]],[[100.5235,13.803],[100.524,13.803],[100.5235,13.803]],[[100.525,13.826],[100.5245,13.826],[100.525,13.826]],[[100.525,13.8245]],[[100.528,13.8115]],[[100.525,13.8085],[100.526,13.8085],[100.5255,13.8085],[100.525,13.8085]],[[100.5275,13.811],[100.527,13.811],[100.5275,13.811]],[[100.5255,13.825]],[[100.5275,13.8195],[100.5265,13.8195],[100.5275,13.8195]],[[100.528,13.8155]],[[100.5265,13.821],[100.527,13.8215],[100.5265,13.821]],[[100.5285,13.812]],[[100.534,13.812],[100.5335,13.812],[100.534,13.812]],[[100.535,13.8015],[100.535,13.801],[100.535,13.8015]],[[100.5405,13.81],[100.54,13.8105],[100.5395,13.8085],[100.54,13.808],[100.5405,13.81]],[[100.54,13.8065]]],[[[100.519,13.806],[100.5185,13.8065],[100.519,13.807],[100.5185,13.8065],[100.519,13.806]]],[[[100.526,13.8265],[100.523,13.8295],[100.521,13.8295],[100.5215,13.833],[100.5185,13.834],[100.5185,13.836],[100.5195,13.8355],[100.52,13.8365],[100.519,13.837],[100.519,13.8385],[100.518,13.839],[100.5185,13.8395],[100.5175,13.841],[100.516,13.8415],[100.515,13.8405],[100.5145,13.8415],[100.514,13.841],[100.5125,13.842],[100.5135,13.8435],[100.513,13.845],[100.514,13.846],[100.515,13.8425],[100.5155,13.8435],[100.5185,13.842],[100.5195,13.8425],[100.52,13.8375],[100.521,13.837],[100.5215,13.835],[100.523,13.8355],[100.5235,13.8345],[100.524,13.8355],[100.5245,13.835],[100.527,13.836],[100.529,13.834],[100.5295,13.8345],[100.531,13.8335],[100.531,13.8325],[100.53,13.833],[100.5305,13.8315],[100.533,13.831],[100.5345,13.8315],[100.535,13.8305],[100.5335,13.8295],[100.5345,13.8285],[100.533,13.828],[100.5345,13.8265],[100.5355,13.827],[100.536,13.826],[100.5355,13.8245],[100.538,13.825],[100.5385,13.824],[100.538,13.823],[100.5395,13.8215],[100.535,13.822],[100.536,13.8225],[100.536,13.8235],[100.535,13.8245],[100.5345,13.824],[100.5345,13.825],[100.5335,13.824],[100.534,13.8255],[100.533,13.826],[100.532,13.8255],[100.531,13.8265],[100.532,13.827],[100.531,13.8275],[100.532,13.8305],[100.5285,13.832],[100.528,13.8345],[100.5265,13.8345],[100.526,13.8335],[100.5245,13.834],[100.5235,13.833],[100.5225,13.834],[100.5215,13.8335],[100.523,13.831],[100.5235,13.8315],[100.526,13.829],[100.5255,13.828],[100.526,13.8265]],[[100.514,13.8445]],[[100.5135,13.8425],[100.5145,13.8415],[100.515,13.842],[100.5135,13.8425]],[[100.5135,13.842]],[[100.5175,13.841]],[[100.5165,13.842]],[[100.519,13.84]],[[100.5185,13.841]],[[100.5225,13.8345],[100.523,13.8345],[100.5225,13.8345]],[[100.523,13.8305],[100.5225,13.8305],[100.523,13.83],[100.523,13.8305]],[[100.5235,13.8345],[100.524,13.8345],[100.5235,13.8345]],[[100.5265,13.835],[100.526,13.835],[100.5265,13.835]],[[100.532,13.83]],[[100.5335,13.83],[100.534,13.8305],[100.533,13.8305],[100.5335,13.83]],[[100.5335,13.826],[100.534,13.8265],[100.5335,13.826]],[[100.5335,13.826]],[[100.536,13.8225],[100.5365,13.8225],[100.536,13.8225]]],[[[100.5185,13.836]]],[[[100.5185,13.836]]],[[[100.5185,13.836]]],[[[100.5185,13.836]]],[[[100.5175,13.8355],[100.5175,13.8325],[100.5165,13.8325],[100.5165,13.8335],[100.5145,13.834],[100.513,13.8355],[100.514,13.8365],[100.516,13.8365],[100.5175,13.8355]]],[[[100.513,13.836],[100.512,13.834],[100.5115,13.836],[100.5105,13.835],[100.5095,13.8365],[100.5105,13.838],[100.51,13.8395],[100.509,13.839],[100.508,13.84],[100.509,13.843],[100.507,13.8445],[100.508,13.8445],[100.509,13.846],[100.511,13.8445],[100.51,13.845],[100.5095,13.8445],[100.5105,13.843],[100.51,13.8425],[100.511,13.842],[100.5105,13.8415],[100.5115,13.841],[100.5105,13.839],[100.512,13.839],[100.513,13.836]],[[100.51,13.8425],[100.5095,13.843],[100.5095,13.8425],[100.51,13.8425]],[[100.5095,13.842]]],[[[100.509,13.846]]],[[[100.509,13.846]]],[[[100.509,13.846]]],[[[100.509,13.846]]],[[[100.509,13.846]]],[[[100.509,13.846]]],[[[100.509,13.846]]],[[[100.509,13.846]]],[[[100.509,13.846]]],[[[100.509,13.846]]],[[[100.509,13.846]]],[[[100.509,13.846]]],[[[100.509,13.846]]],[[[100.509,13.846]]],[[[100.5095,13.846]]],[[[100.5095,13.846]]],[[[100.5095,13.846]]],[[[100.5095,13.846]]],[[[100.51,13.847],[100.508,13.8475],[100.508,13.849],[100.507,13.849],[100.5055,13.851],[100.507,13.852],[100.51,13.8515],[100.51,13.8505],[100.5085,13.8505],[100.5095,13.85],[100.5105,13.8475],[100.511,13.848],[100.5105,13.846],[100.5095,13.846],[100.51,13.847]]],[[[100.511,13.852],[100.5105,13.8535],[100.5085,13.855],[100.5095,13.8555],[100.5095,13.8585],[100.5105,13.8585],[100.5095,13.8575],[100.5105,13.8565],[100.5115,13.8565],[100.5115,13.8545],[100.5125,13.855],[100.513,13.857],[100.5135,13.8555],[100.515,13.855],[100.515,13.856],[100.5165,13.8545],[100.516,13.8565],[100.517,13.857],[100.5165,13.8575],[100.518,13.8575],[100.5185,13.8565],[100.52,13.8575],[100.5205,13.8565],[100.522,13.857],[100.5215,13.858],[100.522,13.8585],[100.5245,13.8585],[100.5225,13.8605],[100.5235,13.8605],[100.5235,13.8615],[100.5245,13.862],[100.5275,13.8585],[100.526,13.857],[100.523,13.8565],[100.5235,13.856],[100.5215,13.8545],[100.5225,13.8535],[100.5205,13.8535],[100.52,13.8515],[100.5185,13.851],[100.518,13.8495],[100.5185,13.852],[100.518,13.853],[100.519,13.853],[100.5185,13.855],[100.5175,13.853],[100.516,13.8535],[100.515,13.853],[100.5155,13.8535],[100.5145,13.854],[100.5135,13.854],[100.514,13.853],[100.513,13.853],[100.513,13.854],[100.512,13.852],[100.511,13.852]],[[100.5245,13.858],[100.524,13.858],[100.524,13.8575],[100.5245,13.858]],[[100.511,13.8545],[100.511,13.854],[100.511,13.8545]],[[100.521,13.8565],[100.5205,13.8565],[100.521,13.856],[100.521,13.8565]],[[100.5205,13.855],[100.521,13.855],[100.521,13.8555],[100.5205,13.855]],[[100.5175,13.8565],[100.518,13.8565],[100.5175,13.8565]],[[100.5175,13.8555],[100.5175,13.855],[100.5175,13.8555]],[[100.5175,13.855]],[[100.518,13.856],[100.5185,13.8555],[100.518,13.856]],[[100.5225,13.857],[100.523,13.857],[100.5235,13.857],[100.5225,13.857]],[[100.5225,13.8565]],[[100.5255,13.8595],[100.5255,13.859],[100.5255,13.8595]]],[[[100.5095,13.8585],[100.5085,13.858],[100.509,13.8595],[100.5095,13.8585]]],[[[100.5085,13.8585],[100.5075,13.8585],[100.5075,13.8595],[100.5085,13.8585]]],[[[100.5025,13.859],[100.5,13.8595],[100.4985,13.8585],[100.498,13.86],[100.4965,13.8595],[100.496,13.8605],[100.496,13.8595],[100.495,13.8595],[100.4945,13.861],[100.4945,13.8595],[100.4935,13.859],[100.4945,13.858],[100.4935,13.858],[100.4935,13.857],[100.491,13.8585],[100.492,13.8595],[100.4925,13.859],[100.492,13.861],[100.4935,13.861],[100.493,13.862],[100.494,13.8625],[100.495,13.861],[100.4955,13.862],[100.497,13.862],[100.497,13.863],[100.4985,13.862],[100.4985,13.863],[100.5005,13.86],[100.502,13.86],[100.503,13.861],[100.503,13.86],[100.502,13.86],[100.5025,13.859]],[[100.493,13.86],[100.4935,13.86],[100.493,13.86]],[[100.4995,13.86]],[[100.4985,13.861]]],[[[100.492,13.861],[100.491,13.8605],[100.4915,13.8615],[100.492,13.861]]],[[[100.49,13.8635],[100.4905,13.862],[100.4895,13.8605],[100.4895,13.862],[100.488,13.8615],[100.488,13.8625],[100.486,13.864],[100.487,13.8655],[100.489,13.8665],[100.491,13.866],[100.4895,13.864],[100.49,13.8635]],[[100.489,13.865],[100.489,13.8645],[100.4895,13.8645],[100.4895,13.865],[100.489,13.865]]],[[[100.489,13.867],[100.4885,13.8665],[100.488,13.867],[100.488,13.8685],[100.4855,13.869],[100.486,13.868],[100.4835,13.8675],[100.4845,13.866],[100.4825,13.8635],[100.481,13.864],[100.4815,13.865],[100.48,13.8655],[100.481,13.866],[100.4805,13.8675],[100.482,13.866],[100.4825,13.867],[100.4835,13.867],[100.4835,13.8685],[100.4845,13.8685],[100.486,13.87],[100.4855,13.871],[100.487,13.8735],[100.4865,13.8705],[100.487,13.871],[100.488,13.8695],[100.489,13.8705],[100.4885,13.871],[100.4895,13.8715],[100.4905,13.8695],[100.491,13.8705],[100.492,13.87],[100.4905,13.8685],[100.492,13.869],[100.4925,13.8675],[100.494,13.867],[100.497,13.868],[100.496,13.866],[100.4965,13.8655],[100.49,13.869],[100.488,13.8685],[100.489,13.868],[100.489,13.867]],[[100.4955,13.867],[100.4955,13.8665],[100.4955,13.867]]],[[[100.4815,13.868],[100.4785,13.8685],[100.4795,13.8695],[100.4795,13.868],[100.4815,13.868]]],[[[100.475,13.87],[100.4725,13.8695],[100.472,13.868],[100.471,13.8685],[100.471,13.867],[100.4695,13.867],[100.47,13.868],[100.4665,13.8685],[100.467,13.8695],[100.4695,13.8685],[100.4705,13.8695],[100.473,13.87],[100.472,13.872],[100.471,13.871],[100.4705,13.8725],[100.47,13.8715],[100.4695,13.872],[100.4705,13.8725],[100.4705,13.8735],[100.4715,13.8735],[100.472,13.875],[100.4725,13.8735],[100.4745,13.8725],[100.4745,13.8705],[100.478,13.871],[100.4775,13.87],[100.475,13.87]],[[100.4705,13.869]],[[100.474,13.872],[100.473,13.8715],[100.4735,13.871],[100.474,13.872]]],[[[100.466,13.8685],[100.4655,13.869],[100.466,13.8685]]],[[[100.4655,13.869],[100.465,13.8685],[100.464,13.8695],[100.463,13.869],[100.462,13.8695],[100.463,13.87],[100.4615,13.8715],[100.4615,13.87],[100.46,13.871],[100.459,13.8705],[100.46,13.8715],[100.458,13.8725],[100.46,13.873],[100.4645,13.871],[100.464,13.8705],[100.4655,13.869]],[[100.4635,13.87],[100.4635,13.8695],[100.4635,13.87]],[[100.4605,13.8715],[100.4605,13.872],[100.46,13.8725],[100.4605,13.8715]]],[[[100.458,13.8725],[100.4575,13.873],[100.4575,13.872],[100.4565,13.872],[100.4565,13.8735],[100.455,13.873],[100.4555,13.8745],[100.4545,13.875],[100.4575,13.874],[100.458,13.8725]]],[[[100.4545,13.875],[100.4525,13.8755],[100.4515,13.875],[100.451,13.873],[100.45,13.8755],[100.451,13.875],[100.451,13.8765],[100.4545,13.875]],[[100.452,13.8755],[100.4515,13.8755],[100.452,13.8755]]],[[[100.448,13.8735]]],[[[100.4475,13.8735],[100.4485,13.8735],[100.4485,13.8725],[100.447,13.872],[100.4465,13.8725],[100.4465,13.8715],[100.4455,13.871],[100.444,13.8725],[100.446,13.874],[100.444,13.873],[100.4435,13.8735],[100.445,13.875],[100.4465,13.8745],[100.446,13.874],[100.4465,13.8735],[100.447,13.874],[100.4475,13.8735]],[[100.4455,13.872]],[[100.445,13.8715]]],[[[100.4405,13.8745],[100.4395,13.8745],[100.439,13.873],[100.4375,13.875],[100.438,13.8755],[100.4385,13.874],[100.44,13.8755],[100.4405,13.8745]]],[[[100.437,13.8705],[100.438,13.871],[100.4395,13.87],[100.4365,13.8685],[100.436,13.8705],[100.437,13.871],[100.437,13.8705]]],[[[100.4335,13.8715],[100.434,13.87],[100.4335,13.8695],[100.4325,13.8705],[100.433,13.869],[100.4315,13.8695],[100.4315,13.8705],[100.431,13.87],[100.4305,13.8705],[100.4315,13.873],[100.4325,13.8725],[100.432,13.872],[100.4325,13.8715],[100.433,13.872],[100.4335,13.8715]],[[100.4315,13.8715]]],[[[100.433,13.8725],[100.432,13.874],[100.432,13.8745],[100.4325,13.8745],[100.4335,13.8725],[100.433,13.873],[100.433,13.8725]]],[[[100.4305,13.875],[100.4305,13.874],[100.4295,13.874],[100.4285,13.8725],[100.428,13.874],[100.4265,13.8745],[100.426,13.873],[100.425,13.873],[100.4265,13.8725],[100.4255,13.8715],[100.426,13.871],[100.4255,13.8705],[100.4245,13.8715],[100.424,13.871],[100.4245,13.8695],[100.4225,13.8695],[100.4215,13.871],[100.422,13.8715],[100.4205,13.8715],[100.422,13.873],[100.423,13.872],[100.424,13.8735],[100.425,13.873],[100.4255,13.875],[100.4245,13.8755],[100.4255,13.8755],[100.426,13.8775],[100.429,13.876],[100.4275,13.8755],[100.428,13.8745],[100.429,13.874],[100.4295,13.875],[100.43,13.8745],[100.4305,13.875]],[[100.424,13.872],[100.4235,13.872],[100.424,13.8715],[100.424,13.872]],[[100.425,13.872]]],[[[100.4205,13.871],[100.4205,13.8705],[100.42,13.8705],[100.42,13.871],[100.4205,13.871]]],[[[100.4185,13.8705],[100.4165,13.8695],[100.414,13.87],[100.4145,13.8725],[100.415,13.872],[100.416,13.873],[100.4165,13.873],[100.416,13.8715],[100.4185,13.8705]]],[[[100.414,13.8735],[100.4105,13.8725],[100.41,13.8735],[100.4115,13.874],[100.411,13.8745],[100.41,13.874],[100.41,13.872],[100.409,13.872],[100.409,13.873],[100.408,13.8725],[100.4075,13.874],[100.4085,13.875],[100.409,13.8745],[100.411,13.877],[100.413,13.8755],[100.4135,13.8765],[100.4155,13.876],[100.417,13.878],[100.4165,13.8795],[100.4185,13.8805],[100.4195,13.88],[100.42,13.878],[100.422,13.878],[100.4225,13.877],[100.422,13.8765],[100.425,13.877],[100.423,13.8755],[100.4195,13.8755],[100.419,13.8765],[100.418,13.8765],[100.418,13.878],[100.4165,13.876],[100.416,13.8765],[100.4145,13.8745],[100.413,13.874],[100.414,13.8735]],[[100.4145,13.875],[100.4145,13.8755],[100.414,13.875],[100.4145,13.875]],[[100.4215,13.876]]],[[[100.409,13.875]]],[[[100.409,13.875]]],[[[100.409,13.875]]],[[[100.409,13.875]]],[[[100.409,13.875]]],[[[100.409,13.875]]],[[[100.409,13.875]]],[[[100.409,13.875]]],[[[100.409,13.875]]],[[[100.409,13.875]]],[[[100.4085,13.875],[100.4075,13.876],[100.408,13.875],[100.4075,13.8745],[100.406,13.875],[100.4055,13.8745],[100.4035,13.8765],[100.404,13.877],[100.403,13.878],[100.4035,13.879],[100.4025,13.8795],[100.402,13.882],[100.401,13.8825],[100.405,13.8875],[100.4035,13.8885],[100.404,13.89],[100.4025,13.8915],[100.4035,13.8945],[100.404,13.8935],[100.407,13.894],[100.4075,13.8925],[100.407,13.892],[100.405,13.8925],[100.4055,13.8915],[100.405,13.8905],[100.407,13.8895],[100.4065,13.8895],[100.4065,13.8885],[100.4075,13.8885],[100.407,13.8875],[100.408,13.888],[100.4085,13.887],[100.4065,13.8845],[100.4055,13.8845],[100.406,13.884],[100.405,13.8835],[100.4045,13.884],[100.4045,13.8825],[100.4035,13.8825],[100.405,13.881],[100.4045,13.8805],[100.4055,13.8795],[100.405,13.879],[100.4065,13.878],[100.406,13.877],[100.409,13.877],[100.4085,13.875]],[[100.4055,13.878]],[[100.4045,13.878],[100.4045,13.8785],[100.4045,13.878]],[[100.4035,13.8805],[100.4045,13.8805],[100.4035,13.881],[100.4035,13.8805]],[[100.4055,13.884]],[[100.407,13.888],[100.4065,13.888],[100.407,13.888]],[[100.4065,13.886],[100.4065,13.8855],[100.4065,13.886]],[[100.406,13.8865],[100.4065,13.887],[100.406,13.887],[100.406,13.8865]]],[[[100.4075,13.895],[100.4065,13.8945],[100.407,13.8985],[100.406,13.898],[100.4065,13.899],[100.4055,13.9],[100.4065,13.9005],[100.4075,13.8995],[100.407,13.901],[100.4075,13.9015],[100.4085,13.9005],[100.408,13.8995],[100.41,13.899],[100.4095,13.898],[100.4105,13.897],[100.41,13.8965],[100.4085,13.8975],[100.409,13.897],[100.408,13.8985],[100.407,13.896],[100.4075,13.895]],[[100.407,13.8965],[100.407,13.897],[100.407,13.8965]]],[[[100.4105,13.8935],[100.411,13.896],[100.4115,13.8935],[100.4105,13.8935]]],[[[100.411,13.8875],[100.4115,13.8905],[100.412,13.89],[100.413,13.891],[100.4135,13.889],[100.4125,13.889],[100.414,13.886],[100.4125,13.8865],[100.412,13.8855],[100.414,13.882],[100.413,13.882],[100.4145,13.881],[100.414,13.8795],[100.4125,13.88],[100.412,13.879],[100.4135,13.878],[100.4135,13.877],[100.41,13.879],[100.4105,13.881],[100.4115,13.881],[100.411,13.8815],[100.412,13.884],[100.41,13.8855],[100.41,13.885],[100.4095,13.8865],[100.4105,13.887],[100.41,13.888],[100.412,13.887],[100.411,13.8875]],[[100.412,13.88],[100.4115,13.8805],[100.4105,13.8795],[100.412,13.88]],[[100.412,13.8835]]],[[[100.429,13.8775],[100.4285,13.878],[100.43,13.8795],[100.4295,13.881],[100.431,13.88],[100.432,13.8805],[100.4315,13.8815],[100.432,13.883],[100.433,13.8825],[100.4325,13.8835],[100.433,13.8845],[100.434,13.8835],[100.434,13.8815],[100.437,13.883],[100.438,13.88],[100.4385,13.881],[100.439,13.8805],[100.4385,13.8775],[100.4365,13.8785],[100.436,13.8805],[100.4345,13.8805],[100.435,13.881],[100.4345,13.8815],[100.4315,13.88],[100.433,13.8785],[100.4315,13.8785],[100.431,13.8775],[100.4305,13.878],[100.43,13.877],[100.429,13.8775]],[[100.4305,13.8785],[100.431,13.8785],[100.4305,13.8785]],[[100.438,13.8795],[100.438,13.879],[100.438,13.8795]]],[[[100.439,13.877],[100.441,13.8785],[100.4415,13.877],[100.4425,13.879],[100.4435,13.879],[100.4435,13.8805],[100.446,13.881],[100.4455,13.883],[100.4475,13.8825],[100.449,13.881],[100.449,13.8795],[100.4465,13.8805],[100.445,13.879],[100.4455,13.8775],[100.4395,13.8765],[100.439,13.877]],[[100.442,13.8775],[100.442,13.877],[100.4425,13.877],[100.4425,13.8775],[100.442,13.8775]],[[100.448,13.881],[100.4475,13.881],[100.448,13.881]]],[[[100.448,13.8785],[100.4485,13.878],[100.4485,13.8775],[100.448,13.8785]]],[[[100.4485,13.8775],[100.4505,13.8815],[100.4515,13.8815],[100.453,13.88],[100.452,13.8795],[100.453,13.879],[100.452,13.878],[100.451,13.879],[100.451,13.8775],[100.4485,13.8775]],[[100.4515,13.881]],[[100.4505,13.878],[100.45,13.8775],[100.4505,13.8775],[100.4505,13.878]],[[100.451,13.8785]],[[100.451,13.879]]],[[[100.453,13.878],[100.4535,13.879],[100.456,13.8785],[100.4565,13.8765],[100.454,13.877],[100.453,13.878]]],[[[100.4585,13.876],[100.459,13.8765],[100.4585,13.877],[100.4595,13.8775],[100.4605,13.876],[100.4595,13.8755],[100.4605,13.875],[100.46,13.8745],[100.461,13.8745],[100.461,13.8735],[100.463,13.8735],[100.4625,13.8755],[100.4655,13.8765],[100.4665,13.8755],[100.466,13.875],[100.4675,13.876],[100.469,13.8755],[100.4695,13.8735],[100.468,13.8735],[100.467,13.872],[100.4665,13.8725],[100.467,13.8735],[100.466,13.874],[100.4665,13.8725],[100.466,13.872],[100.464,13.874],[100.463,13.872],[100.458,13.875],[100.4585,13.876]],[[100.464,13.8755],[100.4645,13.8755],[100.464,13.8755]],[[100.4655,13.8755]]],[[[100.4785,13.8715],[100.479,13.873],[100.478,13.873],[100.478,13.8745],[100.4795,13.8745],[100.4785,13.875],[100.4795,13.876],[100.4805,13.8755],[100.481,13.877],[100.483,13.8765],[100.483,13.8775],[100.484,13.8775],[100.4845,13.875],[100.486,13.8745],[100.4855,13.8735],[100.486,13.8725],[100.485,13.871],[100.484,13.873],[100.483,13.872],[100.484,13.874],[100.483,13.874],[100.4835,13.8745],[100.4825,13.875],[100.4805,13.874],[100.4805,13.873],[100.4785,13.8715]],[[100.4835,13.8755],[100.4835,13.876],[100.4835,13.8755]],[[100.4835,13.875]],[[100.482,13.8755],[100.4815,13.875],[100.4815,13.8745],[100.482,13.875],[100.482,13.8755]],[[100.4805,13.8745],[100.481,13.875],[100.4805,13.875],[100.4805,13.8745]]],[[[100.498,13.865],[100.4985,13.8675],[100.5,13.8665],[100.5,13.8655],[100.4985,13.8645],[100.4995,13.864],[100.5,13.865],[100.5015,13.865],[100.502,13.8675],[100.503,13.867],[100.502,13.8635],[100.5015,13.864],[100.4995,13.8635],[100.498,13.865]]],[[[100.502,13.8635],[100.503,13.8645],[100.503,13.866],[100.504,13.866],[100.5045,13.8645],[100.5055,13.864],[100.505,13.863],[100.5055,13.8625],[100.507,13.8625],[100.5065,13.8635],[100.508,13.8635],[100.5075,13.8615],[100.508,13.861],[100.504,13.862],[100.502,13.8635]]],[[[100.509,13.8615],[100.5085,13.8635],[100.51,13.865],[100.5115,13.8635],[100.5115,13.8625],[100.512,13.8635],[100.513,13.8625],[100.514,13.865],[100.516,13.8635],[100.5145,13.862],[100.513,13.862],[100.5125,13.861],[100.5105,13.8605],[100.51,13.862],[100.509,13.8615]]],[[[100.518,13.863],[100.5175,13.8645],[100.5165,13.8635],[100.516,13.8645],[100.515,13.8645],[100.5145,13.8665],[100.5175,13.8675],[100.516,13.8675],[100.5155,13.869],[100.513,13.8695],[100.513,13.8705],[100.514,13.8705],[100.515,13.872],[100.514,13.8715],[100.514,13.873],[100.5125,13.8735],[100.513,13.874],[100.5115,13.875],[100.5115,13.8765],[100.5095,13.8785],[100.51,13.8795],[100.511,13.879],[100.5125,13.8795],[100.512,13.881],[100.513,13.881],[100.513,13.882],[100.5115,13.8825],[100.5105,13.882],[100.51,13.8835],[100.509,13.883],[100.509,13.884],[100.5075,13.885],[100.508,13.888],[100.507,13.8875],[100.506,13.889],[100.508,13.89],[100.5025,13.8935],[100.5015,13.8955],[100.5005,13.8955],[100.4995,13.8975],[100.499,13.897],[100.4985,13.8975],[100.5,13.898],[100.501,13.902],[100.503,13.903],[100.5005,13.9045],[100.5005,13.9055],[100.499,13.9055],[100.5,13.909],[100.499,13.91],[100.4995,13.9105],[100.501,13.9095],[100.5015,13.911],[100.5025,13.911],[100.5025,13.91],[100.5045,13.9095],[100.503,13.9085],[100.502,13.909],[100.5015,13.908],[100.5025,13.9075],[100.5015,13.907],[100.504,13.905],[100.505,13.9025],[100.504,13.9025],[100.503,13.899],[100.5035,13.9],[100.505,13.8985],[100.503,13.898],[100.5015,13.8985],[100.5015,13.8975],[100.503,13.8975],[100.502,13.8965],[100.5035,13.8965],[100.504,13.895],[100.505,13.895],[100.505,13.894],[100.507,13.893],[100.5065,13.8925],[100.5075,13.8915],[100.509,13.8915],[100.509,13.8905],[100.5095,13.891],[100.51,13.8895],[100.5095,13.8885],[100.5085,13.8885],[100.5095,13.887],[100.509,13.8855],[100.51,13.886],[100.512,13.8835],[100.5135,13.8845],[100.513,13.8865],[100.514,13.886],[100.5155,13.887],[100.5145,13.8875],[100.515,13.89],[100.5145,13.8895],[100.513,13.89],[100.5145,13.8915],[100.516,13.89],[100.5155,13.8885],[100.5175,13.8875],[100.5175,13.8865],[100.5185,13.8865],[100.5175,13.8855],[100.516,13.8855],[100.5155,13.8865],[100.5155,13.8855],[100.5145,13.885],[100.515,13.884],[100.514,13.8835],[100.516,13.883],[100.514,13.8825],[100.516,13.88],[100.5145,13.88],[100.515,13.8795],[100.514,13.8795],[100.514,13.8785],[100.5125,13.878],[100.5135,13.8775],[100.5135,13.876],[100.515,13.8765],[100.5145,13.875],[100.5155,13.8745],[100.515,13.872],[100.5155,13.8705],[100.518,13.868],[100.517,13.866],[100.518,13.863]],[[100.502,13.9]],[[100.5015,13.899],[100.5025,13.899],[100.5025,13.8995],[100.5015,13.899]],[[100.501,13.897]],[[100.502,13.909]],[[100.5035,13.905]],[[100.504,13.904],[100.504,13.9045],[100.504,13.904]],[[100.503,13.9045],[100.5035,13.9045],[100.503,13.9045]],[[100.509,13.89]],[[100.5115,13.8835],[100.5115,13.883],[100.5115,13.8835]],[[100.5105,13.8835],[100.511,13.884],[100.5105,13.884],[100.5105,13.8835]],[[100.5125,13.8755]],[[100.5145,13.8815],[100.514,13.8815],[100.514,13.881],[100.5145,13.8815]],[[100.5135,13.879],[100.513,13.8785],[100.5135,13.879]]],[[[100.505,13.909],[100.5035,13.9105],[100.504,13.911],[100.5055,13.9105],[100.505,13.9115],[100.507,13.911],[100.509,13.912],[100.509,13.9105],[100.5075,13.9085],[100.507,13.909],[100.507,13.908],[100.506,13.909],[100.507,13.909],[100.5065,13.91],[100.505,13.909]]],[[[100.509,13.908],[100.51,13.9085],[100.51,13.91],[100.512,13.909],[100.512,13.9075],[100.511,13.9075],[100.511,13.9085],[100.51,13.9075],[100.509,13.908]]],[[[100.512,13.9095],[100.512,13.9105],[100.5135,13.91],[100.514,13.9085],[100.512,13.9095]]],[[[100.517,13.9095],[100.5165,13.909],[100.516,13.909],[100.5165,13.9095],[100.517,13.9095]]],[[[100.5155,13.9095],[100.5145,13.9095],[100.513,13.911],[100.516,13.911],[100.515,13.912],[100.5165,13.9125],[100.5165,13.9135],[100.518,13.913],[100.5185,13.914],[100.52,13.9135],[100.52,13.9125],[100.5215,13.913],[100.5215,13.912],[100.5205,13.9115],[100.521,13.9105],[100.5195,13.9105],[100.5215,13.9095],[100.522,13.91],[100.5235,13.9065],[100.5235,13.908],[100.525,13.91],[100.526,13.9095],[100.527,13.9095],[100.5275,13.9105],[100.5285,13.91],[100.5285,13.912],[100.53,13.9115],[100.5305,13.913],[100.531,13.9125],[100.5305,13.912],[100.532,13.912],[100.533,13.9085],[100.5345,13.9085],[100.535,13.907],[100.534,13.9065],[100.537,13.9065],[100.5375,13.908],[100.5395,13.908],[100.5385,13.909],[100.538,13.9085],[100.537,13.909],[100.536,13.911],[100.5375,13.9125],[100.537,13.9135],[100.5385,13.9135],[100.5395,13.9155],[100.539,13.9185],[100.5395,13.918],[100.54,13.9185],[100.5395,13.9195],[100.54,13.92],[100.5415,13.9185],[100.542,13.92],[100.543,13.9195],[100.541,13.918],[100.543,13.917],[100.5425,13.9155],[100.5435,13.916],[100.5435,13.914],[100.5445,13.914],[100.5445,13.913],[100.5435,13.913],[100.5425,13.915],[100.542,13.9135],[100.5405,13.913],[100.54,13.912],[100.5385,13.9125],[100.5395,13.9095],[100.5415,13.909],[100.5405,13.909],[100.54,13.9085],[100.541,13.908],[100.54,13.9075],[100.5425,13.908],[100.542,13.907],[100.541,13.907],[100.5425,13.9065],[100.5425,13.905],[100.541,13.9045],[100.541,13.9055],[100.5395,13.906],[100.539,13.9035],[100.538,13.905],[100.538,13.9035],[100.5365,13.9035],[100.5375,13.903],[100.5375,13.902],[100.5365,13.903],[100.536,13.9025],[100.536,13.9035],[100.535,13.903],[100.535,13.904],[100.533,13.906],[100.5335,13.9065],[100.5325,13.9065],[100.533,13.906],[100.532,13.9055],[100.5315,13.9065],[100.5325,13.9075],[100.531,13.908],[100.531,13.909],[100.53,13.9095],[100.5285,13.909],[100.5275,13.9075],[100.5265,13.908],[100.5275,13.909],[100.5255,13.909],[100.526,13.9075],[100.524,13.906],[100.5205,13.907],[100.5205,13.908],[100.5195,13.907],[100.5175,13.9075],[100.518,13.909],[100.5195,13.9085],[100.52,13.9095],[100.519,13.9095],[100.519,13.911],[100.518,13.9115],[100.517,13.9105],[100.5155,13.9105],[100.516,13.91],[100.5155,13.9095]],[[100.5385,13.9065],[100.5395,13.906],[100.5395,13.9065],[100.5385,13.9065]],[[100.5195,13.912]],[[100.5185,13.9115],[100.5185,13.911],[100.5185,13.9115]],[[100.5195,13.913],[100.519,13.913],[100.5195,13.913]],[[100.522,13.9075],[100.522,13.9065],[100.5225,13.9065],[100.5225,13.9075],[100.522,13.9075]],[[100.528,13.9095]],[[100.5325,13.9095],[100.5325,13.909],[100.5325,13.9095]],[[100.5335,13.908]],[[100.538,13.9115],[100.5375,13.9115],[100.538,13.911],[100.538,13.9115]],[[100.5395,13.9085]],[[100.539,13.9095]]],[[[100.5435,13.925],[100.542,13.9255],[100.5435,13.926],[100.5435,13.927],[100.5445,13.927],[100.546,13.9245],[100.545,13.9265],[100.5465,13.925],[100.5485,13.9265],[100.5465,13.924],[100.5485,13.922],[100.547,13.9215],[100.548,13.921],[100.549,13.923],[100.55,13.9225],[100.5475,13.9195],[100.5485,13.919],[100.55,13.921],[100.551,13.9175],[100.552,13.918],[100.553,13.916],[100.551,13.9145],[100.5505,13.916],[100.5495,13.916],[100.548,13.9125],[100.5485,13.913],[100.548,13.9135],[100.547,13.912],[100.548,13.9145],[100.5475,13.9155],[100.5495,13.9165],[100.5485,13.919],[100.5475,13.9185],[100.547,13.9195],[100.5465,13.919],[100.547,13.9205],[100.546,13.9235],[100.5465,13.9245],[100.5445,13.924],[100.5435,13.925]],[[100.5495,13.9195],[100.5495,13.92],[100.5495,13.9195]],[[100.55,13.919],[100.55,13.9185],[100.55,13.919]],[[100.55,13.9175],[100.5495,13.918],[100.5495,13.9175],[100.55,13.9175]]],[[[100.548,13.9125]]],[[[100.548,13.9125]]],[[[100.548,13.9125]]],[[[100.548,13.9125]]],[[[100.5485,13.911],[100.5505,13.9145],[100.552,13.9105],[100.5515,13.91],[100.5525,13.9095],[100.552,13.908],[100.5505,13.9085],[100.548,13.908],[100.55,13.91],[100.5485,13.911]],[[100.5495,13.9095],[100.55,13.9095],[100.5495,13.9095]],[[100.55,13.912]]],[[[100.548,13.908]]],[[[100.548,13.908]]],[[[100.544,13.9055],[100.545,13.905],[100.5445,13.9025],[100.545,13.901],[100.546,13.9025],[100.546,13.901],[100.5465,13.9015],[100.547,13.901],[100.546,13.9],[100.5475,13.9],[100.548,13.901],[100.5515,13.902],[100.5525,13.9],[100.5535,13.9005],[100.5545,13.899],[100.5515,13.8995],[100.551,13.9005],[100.5505,13.8995],[100.55,13.9],[100.5495,13.8985],[100.548,13.8995],[100.5475,13.8985],[100.546,13.9],[100.545,13.8995],[100.545,13.9005],[100.544,13.901],[100.544,13.9005],[100.5435,13.903],[100.541,13.9025],[100.5415,13.904],[100.5435,13.904],[100.5435,13.907],[100.544,13.9055]],[[100.5455,13.9],[100.5455,13.9005],[100.5455,13.9]]],[[[100.552,13.899],[100.553,13.898],[100.553,13.8965],[100.552,13.899]]],[[[100.5535,13.8965],[100.555,13.8985],[100.557,13.8975],[100.56,13.8975],[100.5595,13.8975],[100.56,13.896],[100.5575,13.896],[100.5575,13.897],[100.5565,13.897],[100.5555,13.8955],[100.556,13.897],[100.5555,13.8975],[100.555,13.8955],[100.5535,13.8965]]],[[[100.5615,13.8985],[100.559,13.8995],[100.56,13.9],[100.5615,13.8995],[100.562,13.9015],[100.563,13.9015],[100.562,13.899],[100.5645,13.8985],[100.5655,13.8965],[100.567,13.896],[100.566,13.8955],[100.5675,13.895],[100.564,13.8945],[100.5645,13.8955],[100.563,13.896],[100.5635,13.897],[100.5615,13.8985]]],[[[100.568,13.8945],[100.5715,13.8955],[100.5745,13.8925],[100.5745,13.8935],[100.575,13.8925],[100.577,13.893],[100.5775,13.8925],[100.577,13.8905],[100.5785,13.8905],[100.578,13.891],[100.5785,13.892],[100.5805,13.892],[100.58,13.8935],[100.581,13.894],[100.583,13.8935],[100.5825,13.894],[100.5835,13.895],[100.582,13.896],[100.5825,13.8975],[100.5815,13.9015],[100.583,13.902],[100.5825,13.9025],[100.583,13.903],[100.587,13.901],[100.584,13.9005],[100.584,13.898],[100.5855,13.8965],[100.585,13.8955],[100.586,13.896],[100.586,13.895],[100.5855,13.8955],[100.585,13.895],[100.5855,13.893],[100.5845,13.894],[100.584,13.893],[100.5855,13.893],[100.585,13.8925],[100.5845,13.893],[100.5825,13.8915],[100.5805,13.8915],[100.5795,13.8895],[100.5765,13.89],[100.575,13.892],[100.5745,13.891],[100.573,13.891],[100.5735,13.8905],[100.573,13.89],[100.5725,13.891],[100.5715,13.89],[100.5715,13.891],[100.57,13.8915],[100.571,13.892],[100.5705,13.8935],[100.568,13.8945]],[[100.5745,13.892],[100.5745,13.8915],[100.5745,13.892]],[[100.573,13.8925],[100.5725,13.892],[100.5725,13.8915],[100.573,13.8915],[100.573,13.8925]],[[100.5765,13.892],[100.576,13.8925],[100.576,13.892],[100.5765,13.892]],[[100.584,13.894],[100.584,13.8945],[100.584,13.894]],[[100.5845,13.901],[100.5835,13.9015],[100.584,13.9005],[100.5845,13.901]]],[[[100.585,13.9025],[100.5845,13.9035],[100.5855,13.903],[100.585,13.9045],[100.5875,13.904],[100.5885,13.9025],[100.588,13.9015],[100.585,13.9025]]],[[[100.588,13.9035]]],[[[100.588,13.9035]]],[[[100.588,13.9035]]],[[[100.588,13.9035]]],[[[100.588,13.9035]]],[[[100.588,13.9035]]],[[[100.5885,13.9035]]],[[[100.5885,13.9035]]],[[[100.5885,13.9035],[100.593,13.907],[100.592,13.91],[100.5925,13.9105],[100.5915,13.911],[100.591,13.9135],[100.593,13.9145],[100.595,13.914],[100.5935,13.913],[100.5935,13.9115],[100.5945,13.911],[100.594,13.9095],[100.596,13.9105],[100.5935,13.9065],[100.5935,13.905],[100.591,13.9015],[100.592,13.905],[100.59,13.9025],[100.5885,13.9035]],[[100.5935,13.911]],[[100.5925,13.9125],[100.5925,13.913],[100.5925,13.9125]],[[100.5935,13.9085],[100.593,13.909],[100.5935,13.9085]]],[[[100.593,13.9145]]],[[[100.593,13.9145]]],[[[100.5925,13.9145],[100.59,13.917],[100.593,13.916],[100.5925,13.9145]]],[[[100.5945,13.916],[100.5905,13.9175],[100.591,13.918],[100.596,13.9165],[100.5945,13.916]]],[[[100.5955,13.9175],[100.5925,13.919],[100.596,13.918],[100.595,13.918],[100.5955,13.9175]]],[[[100.5965,13.918],[100.5945,13.92],[100.5985,13.921],[100.5995,13.922],[100.5995,13.921],[100.6005,13.921],[100.6015,13.923],[100.6025,13.923],[100.602,13.9215],[100.6025,13.92],[100.601,13.92],[100.601,13.919],[100.601,13.92],[100.6,13.9195],[100.599,13.92],[100.5985,13.919],[100.5975,13.9195],[100.5965,13.918]]],[[[100.6005,13.9185],[100.5995,13.9155],[100.597,13.913],[100.6005,13.9185]]],[[[100.587,13.8945],[100.5875,13.893],[100.5865,13.8915],[100.588,13.8905],[100.588,13.889],[100.5895,13.8885],[100.587,13.887],[100.5855,13.8905],[100.587,13.8945]],[[100.587,13.89],[100.587,13.8895],[100.5875,13.89],[100.587,13.89]]],[[[100.5865,13.8865],[100.588,13.8865],[100.5885,13.886],[100.588,13.8855],[100.589,13.885],[100.59,13.886],[100.5905,13.885],[100.59,13.8845],[100.591,13.884],[100.5925,13.8855],[100.5915,13.883],[100.5935,13.883],[100.594,13.882],[100.5945,13.883],[100.5935,13.8835],[100.594,13.8845],[100.593,13.8855],[100.5945,13.8865],[100.5965,13.886],[100.5965,13.887],[100.5975,13.8875],[100.597,13.8895],[100.598,13.8885],[100.5975,13.89],[100.602,13.8895],[100.6015,13.8905],[100.602,13.8915],[100.603,13.891],[100.604,13.8915],[100.6035,13.892],[100.604,13.8925],[100.6055,13.8915],[100.6035,13.8935],[100.6025,13.8935],[100.603,13.8945],[100.6055,13.896],[100.6065,13.898],[100.608,13.8965],[100.607,13.897],[100.606,13.8955],[100.605,13.8955],[100.606,13.892],[100.604,13.89],[100.604,13.889],[100.6025,13.889],[100.6015,13.888],[100.6005,13.8885],[100.6005,13.8875],[100.5995,13.8875],[100.6015,13.8855],[100.598,13.886],[100.5975,13.885],[100.5985,13.8845],[100.5955,13.8855],[100.596,13.8845],[100.5955,13.884],[100.5965,13.8835],[100.5965,13.882],[100.5955,13.8825],[100.5955,13.882],[100.597,13.8815],[100.596,13.881],[100.596,13.88],[100.5955,13.881],[100.5945,13.8795],[100.596,13.8795],[100.5955,13.879],[100.594,13.8785],[100.5945,13.8795],[100.594,13.88],[100.5935,13.879],[100.5925,13.879],[100.592,13.8795],[100.594,13.8805],[100.5935,13.882],[100.5915,13.883],[100.591,13.8825],[100.5905,13.8835],[100.5895,13.883],[100.589,13.8835],[100.5865,13.882],[100.5865,13.8835],[100.5875,13.8835],[100.5865,13.885],[100.5855,13.8845],[100.585,13.8855],[100.5855,13.8865],[100.586,13.886],[100.5865,13.8865]],[[100.5905,13.8835],[100.59,13.884],[100.5905,13.8835]],[[100.5895,13.8835],[100.589,13.8835],[100.5895,13.8835]],[[100.6045,13.8935],[100.6045,13.894],[100.6045,13.8935]]],[[[100.6095,13.898],[100.6115,13.9005],[100.6115,13.8995],[100.6125,13.8995],[100.612,13.8985],[100.6125,13.8975],[100.614,13.8975],[100.613,13.896],[100.614,13.895],[100.6125,13.8945],[100.6115,13.8925],[100.6105,13.8935],[100.611,13.8945],[100.6095,13.895],[100.61,13.897],[100.6095,13.898]],[[100.611,13.897]],[[100.613,13.896]]],[[[100.6095,13.8925],[100.611,13.892],[100.61,13.89],[100.6115,13.89],[100.6115,13.887],[100.6095,13.8875],[100.609,13.8905],[100.608,13.891],[100.6085,13.8925],[100.609,13.892],[100.6095,13.8925]]],[[[100.6075,13.8875],[100.6085,13.887],[100.609,13.8855],[100.6085,13.883],[100.6075,13.8835],[100.607,13.882],[100.606,13.882],[100.6065,13.881],[100.6055,13.88],[100.604,13.8795],[100.602,13.88],[100.6035,13.8785],[100.604,13.877],[100.6035,13.876],[100.606,13.8765],[100.606,13.8755],[100.607,13.8755],[100.607,13.8745],[100.606,13.8745],[100.608,13.8745],[100.6085,13.8735],[100.608,13.873],[100.6095,13.8725],[100.6065,13.8715],[100.607,13.872],[100.6065,13.8725],[100.6075,13.873],[100.606,13.873],[100.6055,13.874],[100.605,13.873],[100.6045,13.875],[100.6005,13.876],[100.6015,13.877],[100.601,13.878],[100.5995,13.878],[100.6,13.8785],[100.601,13.878],[100.6005,13.879],[100.601,13.8795],[100.6,13.88],[100.6005,13.8805],[100.602,13.88],[100.6045,13.882],[100.606,13.882],[100.604,13.884],[100.6055,13.884],[100.607,13.886],[100.606,13.887],[100.6065,13.888],[100.6075,13.8875]],[[100.6025,13.8775],[100.602,13.878],[100.602,13.8775],[100.6025,13.8775]],[[100.605,13.8815],[100.6055,13.8815],[100.605,13.8815]]],[[[100.6075,13.8715],[100.6085,13.872],[100.6115,13.871],[100.61,13.8705],[100.609,13.868],[100.611,13.867],[100.6115,13.8675],[100.612,13.8665],[100.6135,13.8675],[100.614,13.869],[100.6165,13.8665],[100.615,13.868],[100.616,13.8675],[100.6165,13.8685],[100.6175,13.868],[100.618,13.869],[100.6195,13.8685],[100.62,13.87],[100.6225,13.8705],[100.6235,13.869],[100.622,13.868],[100.6245,13.867],[100.6245,13.8655],[100.623,13.8655],[100.6245,13.864],[100.625,13.866],[100.626,13.866],[100.629,13.864],[100.6285,13.8635],[100.6295,13.8635],[100.629,13.8625],[100.6325,13.862],[100.632,13.861],[100.6295,13.861],[100.6295,13.862],[100.6275,13.8615],[100.6275,13.863],[100.6265,13.862],[100.6245,13.8635],[100.624,13.862],[100.6225,13.862],[100.622,13.861],[100.6215,13.862],[100.6225,13.8625],[100.621,13.864],[100.6215,13.865],[100.6225,13.865],[100.622,13.8655],[100.6225,13.866],[100.6215,13.866],[100.622,13.867],[100.6215,13.8675],[100.6205,13.868],[100.6185,13.8665],[100.6175,13.867],[100.618,13.866],[100.6155,13.8665],[100.616,13.866],[100.6145,13.866],[100.6145,13.865],[100.6135,13.8665],[100.6125,13.866],[100.6125,13.865],[100.6075,13.868],[100.608,13.8685],[100.6075,13.87],[100.609,13.87],[100.6075,13.8705],[100.608,13.8705],[100.6075,13.8715]],[[100.626,13.8645],[100.627,13.8645],[100.626,13.8645]],[[100.626,13.864],[100.627,13.8635],[100.627,13.864],[100.626,13.864]],[[100.6215,13.8675],[100.622,13.8675],[100.6215,13.8675]],[[100.622,13.864],[100.6225,13.864],[100.622,13.864]],[[100.6185,13.8675],[100.618,13.868],[100.618,13.8675],[100.6185,13.8675]],[[100.6185,13.8685],[100.619,13.868],[100.6185,13.8685]],[[100.6205,13.868]],[[100.6215,13.8685]],[[100.6235,13.864]],[[100.626,13.8655],[100.6255,13.8655],[100.626,13.8655]],[[100.628,13.8645],[100.6275,13.8645],[100.628,13.8645]],[[100.6285,13.863]],[[100.6275,13.863],[100.628,13.863],[100.6275,13.863]],[[100.6275,13.8635],[100.628,13.8635],[100.6275,13.8635]]],[[[100.6295,13.861],[100.6295,13.8605],[100.629,13.8605],[100.629,13.861],[100.6295,13.861]]],[[[100.63,13.8605],[100.6325,13.861],[100.6335,13.859],[100.6345,13.8595],[100.6355,13.8585],[100.637,13.8585],[100.6375,13.8565],[100.637,13.8555],[100.638,13.8535],[100.639,13.8535],[100.6385,13.8545],[100.64,13.8555],[100.6395,13.856],[100.641,13.8565],[100.6415,13.854],[100.641,13.8545],[100.6405,13.8535],[100.6405,13.8525],[100.641,13.853],[100.6415,13.8525],[100.641,13.851],[100.6405,13.8525],[100.6405,13.851],[100.6395,13.852],[100.64,13.853],[100.639,13.853],[100.6385,13.852],[100.636,13.8545],[100.6365,13.8555],[100.635,13.8555],[100.6315,13.8585],[100.63,13.8575],[100.63,13.86],[100.631,13.8605],[100.63,13.8605]],[[100.6345,13.857],[100.6345,13.8575],[100.6345,13.857]]],[[[100.645,13.853],[100.648,13.8535],[100.6495,13.8505],[100.65,13.8505],[100.6495,13.8525],[100.6515,13.8515],[100.6515,13.8505],[100.6515,13.8515],[100.653,13.851],[100.653,13.849],[100.654,13.8495],[100.654,13.8485],[100.653,13.8485],[100.654,13.848],[100.6535,13.847],[100.655,13.8475],[100.6545,13.8485],[100.655,13.849],[100.6555,13.8475],[100.6565,13.848],[100.6595,13.844],[100.659,13.8445],[100.6555,13.844],[100.6545,13.846],[100.653,13.847],[100.653,13.8455],[100.651,13.8455],[100.6515,13.8465],[100.65,13.847],[100.6515,13.847],[100.651,13.848],[100.6525,13.8485],[100.652,13.85],[100.65,13.849],[100.6485,13.8505],[100.649,13.851],[100.6485,13.8515],[100.6455,13.8505],[100.645,13.853]]],[[[100.659,13.844]]],[[[100.659,13.844]]],[[[100.6605,13.841],[100.66,13.8425],[100.6625,13.843],[100.6635,13.845],[100.6645,13.8445],[100.664,13.8435],[100.6655,13.843],[100.6655,13.8415],[100.667,13.8405],[100.6655,13.8395],[100.6675,13.839],[100.667,13.838],[100.668,13.8375],[100.667,13.837],[100.6655,13.838],[100.664,13.8375],[100.6645,13.838],[100.6635,13.839],[100.665,13.841],[100.663,13.8405],[100.6635,13.8415],[100.663,13.842],[100.6615,13.8415],[100.662,13.841],[100.6605,13.841]],[[100.6645,13.8425]],[[100.661,13.8415]]],[[[100.669,13.838]]],[[[100.669,13.838],[100.6705,13.8395],[100.671,13.839],[100.672,13.8405],[100.674,13.837],[100.673,13.8365],[100.674,13.832],[100.6725,13.83],[100.6715,13.831],[100.6725,13.8315],[100.6715,13.833],[100.6715,13.8345],[100.6725,13.835],[100.6725,13.836],[100.6715,13.836],[100.6725,13.838],[100.669,13.838]],[[100.672,13.831],[100.6725,13.831],[100.672,13.8305],[100.672,13.831]],[[100.6705,13.8385],[100.672,13.8385],[100.671,13.839],[100.6705,13.8385]]],[[[100.6715,13.8295],[100.673,13.8295],[100.675,13.832],[100.6765,13.83],[100.677,13.831],[100.6775,13.8305],[100.6775,13.8285],[100.6785,13.8295],[100.679,13.829],[100.6755,13.8275],[100.676,13.828],[100.6755,13.829],[100.6735,13.828],[100.6705,13.8305],[100.6715,13.8295]],[[100.6745,13.83],[100.6735,13.829],[100.6745,13.8295],[100.6745,13.83]],[[100.6755,13.8285]]],[[[100.6795,13.8295],[100.6805,13.83],[100.681,13.8295],[100.6795,13.8295]]],[[[100.6805,13.8285],[100.682,13.827],[100.6815,13.8275],[100.681,13.827],[100.6805,13.8285]]],[[[100.682,13.827]]],[[[100.682,13.827]]],[[[100.682,13.827]]],[[[100.682,13.827]]],[[[100.676,13.823],[100.6755,13.822],[100.675,13.8225],[100.6755,13.8235],[100.676,13.823]]],[[[100.6755,13.825],[100.6735,13.8275],[100.6755,13.826],[100.6755,13.825]]],[[[100.6745,13.8275]]],[[[100.666,13.835],[100.6645,13.835],[100.663,13.8365],[100.661,13.834],[100.66,13.834],[100.6595,13.835],[100.66,13.8355],[100.6585,13.836],[100.66,13.8365],[100.658,13.838],[100.6585,13.84],[100.655,13.842],[100.6605,13.8395],[100.6615,13.8375],[100.661,13.837],[100.662,13.8365],[100.6635,13.8375],[100.666,13.835]],[[100.664,13.8365],[100.6635,13.8365],[100.664,13.8365]],[[100.6595,13.8385],[100.66,13.8385],[100.6595,13.8385]],[[100.659,13.8395]]],[[[100.655,13.842]]],[[[100.655,13.842],[100.6535,13.842],[100.653,13.8425],[100.654,13.8425],[100.655,13.842]]],[[[100.652,13.842],[100.653,13.841],[100.6525,13.84],[100.6485,13.8395],[100.648,13.841],[100.647,13.84],[100.646,13.8405],[100.647,13.842],[100.645,13.841],[100.645,13.8425],[100.6425,13.842],[100.642,13.8425],[100.644,13.8445],[100.6425,13.844],[100.642,13.845],[100.644,13.8465],[100.643,13.846],[100.6415,13.847],[100.645,13.8475],[100.6445,13.847],[100.6455,13.8455],[100.6445,13.845],[100.6445,13.844],[100.6475,13.8435],[100.647,13.843],[100.6495,13.842],[100.651,13.8425],[100.6515,13.8415],[100.652,13.842]]],[[[100.644,13.8475],[100.64,13.847],[100.64,13.848],[100.641,13.848],[100.6405,13.8485],[100.641,13.85],[100.6405,13.8485],[100.6395,13.8485],[100.639,13.849],[100.64,13.85],[100.639,13.85],[100.6385,13.851],[100.6365,13.8495],[100.637,13.851],[100.636,13.8505],[100.635,13.8515],[100.637,13.852],[100.642,13.8495],[100.6415,13.849],[100.6425,13.8485],[100.642,13.848],[100.644,13.8475]]],[[[100.6345,13.8515],[100.635,13.8515],[100.6345,13.8515]]],[[[100.6345,13.8515]]],[[[100.6345,13.851],[100.634,13.85],[100.632,13.851],[100.6345,13.851]]],[[[100.631,13.8515],[100.6305,13.85],[100.628,13.8505],[100.6285,13.851],[100.627,13.853],[100.6275,13.853],[100.625,13.854],[100.6265,13.8545],[100.626,13.8555],[100.6295,13.8545],[100.63,13.854],[100.6295,13.853],[100.631,13.8515]]],[[[100.623,13.854],[100.625,13.854],[100.6205,13.8515],[100.6215,13.8535],[100.6205,13.853],[100.621,13.854],[100.6195,13.8565],[100.6205,13.8575],[100.6205,13.859],[100.62,13.861],[100.6195,13.86],[100.619,13.8615],[100.6175,13.8615],[100.618,13.8625],[100.621,13.86],[100.622,13.86],[100.6225,13.858],[100.6215,13.857],[100.623,13.854]],[[100.6215,13.855],[100.622,13.8545],[100.622,13.855],[100.6215,13.855]],[[100.6215,13.8535]],[[100.6215,13.8585],[100.621,13.8585],[100.6215,13.8585]]],[[[100.597,13.8715],[100.598,13.871],[100.5975,13.868],[100.5985,13.867],[100.597,13.8675],[100.5965,13.8665],[100.5955,13.867],[100.595,13.866],[100.5935,13.867],[100.5935,13.868],[100.5955,13.8685],[100.5955,13.871],[100.597,13.8715]],[[100.597,13.8685],[100.5965,13.869],[100.5965,13.8685],[100.597,13.8685]],[[100.5965,13.868],[100.596,13.8675],[100.5965,13.868]]],[[[100.5905,13.864],[100.591,13.8635],[100.5915,13.8645],[100.592,13.864],[100.5915,13.863],[100.592,13.862],[100.591,13.8605],[100.5895,13.8615],[100.5905,13.8625],[100.59,13.863],[100.5905,13.864]],[[100.591,13.862],[100.5905,13.862],[100.5905,13.8615],[100.591,13.8615],[100.591,13.862]]],[[[100.588,13.8605],[100.5895,13.8595],[100.589,13.859],[100.5875,13.8595],[100.589,13.858],[100.589,13.857],[100.5875,13.8585],[100.5885,13.8615],[100.5865,13.861],[100.5865,13.86],[100.587,13.865],[100.588,13.865],[100.5885,13.864],[100.5875,13.863],[100.5885,13.862],[100.5895,13.8625],[100.588,13.8605]],[[100.588,13.8645]]],[[[100.587,13.858]]],[[[100.5875,13.8555],[100.5885,13.854],[100.5875,13.853],[100.5875,13.8505],[100.5865,13.85],[100.588,13.8495],[100.5875,13.848],[100.5865,13.8485],[100.586,13.847],[100.5855,13.849],[100.585,13.8485],[100.584,13.8505],[100.5845,13.8515],[100.5855,13.8505],[100.587,13.851],[100.5855,13.8515],[100.586,13.853],[100.585,13.852],[100.585,13.853],[100.584,13.8535],[100.5865,13.8535],[100.586,13.855],[100.5875,13.8555]]],[[[100.5835,13.8485],[100.5855,13.8475],[100.5845,13.846],[100.5835,13.846],[100.5835,13.845],[100.5825,13.845],[100.582,13.846],[100.5815,13.8425],[100.581,13.843],[100.5795,13.8425],[100.5795,13.844],[100.5785,13.844],[100.579,13.841],[100.5815,13.841],[100.5795,13.8385],[100.582,13.838],[100.583,13.837],[100.5815,13.8365],[100.5815,13.835],[100.579,13.835],[100.5795,13.834],[100.579,13.8335],[100.578,13.834],[100.5785,13.833],[100.5775,13.8325],[100.578,13.832],[100.5775,13.831],[100.576,13.8315],[100.576,13.8305],[100.577,13.83],[100.5765,13.829],[100.5755,13.829],[100.575,13.8275],[100.5725,13.8275],[100.574,13.8265],[100.5725,13.826],[100.5735,13.8255],[100.5735,13.8235],[100.571,13.822],[100.5715,13.821],[100.57,13.8205],[100.569,13.819],[100.568,13.8155],[100.5675,13.8165],[100.5665,13.8165],[100.5675,13.8145],[100.567,13.814],[100.5685,13.8135],[100.5695,13.814],[100.5695,13.815],[100.5705,13.815],[100.5705,13.814],[100.5725,13.815],[100.573,13.812],[100.575,13.8135],[100.5755,13.812],[100.577,13.8115],[100.577,13.8105],[100.578,13.81],[100.577,13.808],[100.578,13.809],[100.579,13.808],[100.578,13.8065],[100.5785,13.807],[100.579,13.8055],[100.58,13.8055],[100.58,13.803],[100.5815,13.803],[100.581,13.8025],[100.582,13.8015],[100.58,13.801],[100.5805,13.802],[100.5795,13.802],[100.579,13.801],[100.578,13.801],[100.578,13.7985],[100.577,13.7985],[100.577,13.8],[100.5755,13.8],[100.577,13.803],[100.5765,13.804],[100.5775,13.8015],[100.5785,13.802],[100.5785,13.803],[100.579,13.8025],[100.5795,13.803],[100.578,13.8045],[100.577,13.808],[100.576,13.808],[100.5755,13.811],[100.5745,13.811],[100.574,13.809],[100.5725,13.8095],[100.572,13.811],[100.5725,13.8115],[100.57,13.812],[100.5695,13.8105],[100.5705,13.8095],[100.5685,13.8095],[100.5695,13.8105],[100.569,13.81],[100.568,13.811],[100.5655,13.8115],[100.565,13.816],[100.566,13.8165],[100.5655,13.817],[100.566,13.8175],[100.567,13.8175],[100.5665,13.8185],[100.5655,13.8185],[100.567,13.819],[100.566,13.8195],[100.5665,13.8205],[100.5675,13.821],[100.568,13.82],[100.568,13.8215],[100.5695,13.822],[100.57,13.8235],[100.57,13.8245],[100.5685,13.8245],[100.569,13.825],[100.568,13.826],[100.5705,13.8255],[100.571,13.826],[100.57,13.8275],[100.5715,13.8275],[100.571,13.8285],[100.573,13.829],[100.574,13.8285],[100.5745,13.83],[100.574,13.831],[100.573,13.8305],[100.572,13.832],[100.5755,13.832],[100.5755,13.8335],[100.5765,13.833],[100.577,13.834],[100.5755,13.835],[100.5765,13.835],[100.577,13.836],[100.577,13.835],[100.5795,13.836],[100.5795,13.837],[100.578,13.837],[100.5775,13.838],[100.577,13.8375],[100.5765,13.8385],[100.5775,13.8385],[100.577,13.8395],[100.578,13.8395],[100.5785,13.8405],[100.5775,13.8405],[100.577,13.8415],[100.5795,13.8455],[100.5805,13.845],[100.5815,13.847],[100.5825,13.847],[100.582,13.848],[100.5835,13.8485]],[[100.569,13.8125],[100.5675,13.812],[100.5675,13.811],[100.569,13.8115],[100.5685,13.812],[100.569,13.8125]],[[100.5655,13.814]],[[100.569,13.82]],[[100.5785,13.8015]],[[100.572,13.8125],[100.572,13.813],[100.572,13.8125]],[[100.572,13.8135],[100.572,13.814],[100.572,13.8135]],[[100.5765,13.809]],[[100.5785,13.835]],[[100.573,13.8315],[100.574,13.832],[100.573,13.8315]],[[100.5705,13.824],[100.5725,13.824],[100.572,13.8245],[100.5705,13.824]],[[100.5705,13.8225]],[[100.5725,13.825]],[[100.5755,13.8295],[100.576,13.8295],[100.5755,13.8295]],[[100.5755,13.831],[100.576,13.8305],[100.575,13.8315],[100.5755,13.831]],[[100.577,13.834],[100.577,13.833],[100.577,13.834]],[[100.5805,13.845],[100.58,13.845],[100.5805,13.845]],[[100.581,13.8445],[100.5805,13.8445],[100.581,13.8445]],[[100.583,13.847],[100.5835,13.847],[100.583,13.847]],[[100.579,13.838]]],[[[100.575,13.7965],[100.577,13.797],[100.578,13.7965],[100.579,13.795],[100.577,13.795],[100.577,13.794],[100.5775,13.795],[100.578,13.7945],[100.579,13.795],[100.581,13.7925],[100.5805,13.791],[100.5815,13.791],[100.583,13.7895],[100.5815,13.788],[100.5805,13.788],[100.581,13.7875],[100.5805,13.787],[100.58,13.7875],[100.5805,13.786],[100.58,13.785],[100.578,13.7835],[100.577,13.784],[100.5765,13.782],[100.5765,13.783],[100.5755,13.7825],[100.575,13.7845],[100.58,13.7895],[100.578,13.7915],[100.579,13.793],[100.576,13.794],[100.5765,13.7955],[100.5755,13.7955],[100.575,13.7965]],[[100.5785,13.787],[100.5785,13.7875],[100.5785,13.787]],[[100.578,13.7855]],[[100.5805,13.7905]],[[100.579,13.7935]]],[[[100.5765,13.782],[100.5775,13.7835],[100.579,13.7835],[100.581,13.78],[100.5805,13.779],[100.582,13.7775],[100.581,13.7765],[100.5805,13.7775],[100.5795,13.775],[100.577,13.774],[100.5755,13.7745],[100.5755,13.7755],[100.577,13.7755],[100.578,13.7775],[100.5785,13.777],[100.5795,13.7775],[100.5785,13.779],[100.578,13.7785],[100.577,13.779],[100.5775,13.78],[100.579,13.78],[100.578,13.7805],[100.578,13.782],[100.5765,13.782]],[[100.579,13.7765],[100.5795,13.777],[100.579,13.7765]]],[[[100.576,13.774],[100.5755,13.773],[100.576,13.7735],[100.5765,13.773],[100.576,13.7715],[100.5765,13.771],[100.5745,13.77],[100.574,13.772],[100.575,13.774],[100.576,13.774]]],[[[100.5745,13.7685],[100.576,13.768],[100.5765,13.769],[100.5785,13.7675],[100.576,13.765],[100.573,13.7655],[100.5735,13.7675],[100.575,13.7675],[100.5745,13.7685]],[[100.5735,13.7665],[100.5745,13.766],[100.574,13.767],[100.5735,13.7665]],[[100.575,13.767],[100.5755,13.767],[100.575,13.767]]],[[[100.573,13.764],[100.574,13.7625],[100.573,13.762],[100.574,13.762],[100.574,13.761],[100.577,13.762],[100.578,13.7605],[100.577,13.76],[100.578,13.7595],[100.5785,13.758],[100.578,13.7575],[100.578,13.759],[100.577,13.7585],[100.576,13.7595],[100.576,13.7585],[100.5745,13.758],[100.5735,13.7585],[100.574,13.759],[100.5735,13.76],[100.573,13.7595],[100.574,13.7565],[100.5735,13.756],[100.573,13.757],[100.572,13.7555],[100.575,13.753],[100.5765,13.7545],[100.577,13.7515],[100.572,13.7525],[100.573,13.7535],[100.572,13.754],[100.573,13.755],[100.572,13.7545],[100.5715,13.755],[100.569,13.753],[100.566,13.753],[100.5665,13.7545],[100.567,13.754],[100.5685,13.7545],[100.568,13.7555],[100.569,13.755],[100.5695,13.756],[100.568,13.757],[100.568,13.7585],[100.5665,13.759],[100.566,13.758],[100.5665,13.759],[100.566,13.7595],[100.569,13.7605],[100.5685,13.76],[100.5695,13.7595],[100.568,13.7585],[100.5705,13.7585],[100.571,13.7565],[100.5715,13.7575],[100.5725,13.7575],[100.5715,13.7595],[100.572,13.76],[100.5715,13.761],[100.57,13.76],[100.5695,13.761],[100.5705,13.762],[100.57,13.7625],[100.571,13.763],[100.5715,13.7625],[100.572,13.763],[100.5725,13.761],[100.573,13.764]],[[100.569,13.757],[100.569,13.7565],[100.5695,13.7565],[100.569,13.757]],[[100.5685,13.7545],[100.5685,13.7535],[100.569,13.7535],[100.569,13.754],[100.5685,13.7545]],[[100.574,13.7535]],[[100.5725,13.757]],[[100.5695,13.7555],[100.5695,13.755],[100.5695,13.7555]],[[100.5755,13.752]],[[100.575,13.7605],[100.5755,13.7605],[100.575,13.7605]]],[[[100.5785,13.7605],[100.5815,13.7615],[100.582,13.761],[100.579,13.76],[100.5785,13.7605]]],[[[100.5825,13.757],[100.5835,13.7585],[100.584,13.7575],[100.5855,13.7575],[100.586,13.7565],[100.5855,13.7545],[100.587,13.7545],[100.587,13.7535],[100.5845,13.753],[100.5815,13.7535],[100.581,13.754],[100.5845,13.7545],[100.583,13.7555],[100.5835,13.756],[100.5825,13.757]],[[100.5845,13.7555],[100.585,13.7565],[100.5845,13.755],[100.5845,13.7555]],[[100.584,13.7575]]],[[[100.581,13.753],[100.581,13.7515],[100.5785,13.7485],[100.5785,13.7495],[100.5775,13.75],[100.5785,13.7505],[100.5785,13.7515],[100.577,13.7505],[100.577,13.752],[100.5805,13.752],[100.581,13.753]]],[[[100.578,13.7525]]],[[[100.578,13.7525]]],[[[100.578,13.7525]]],[[[100.578,13.7525]]],[[[100.5785,13.7525]]],[[[100.5785,13.753]]],[[[100.5785,13.753],[100.5785,13.7535],[100.579,13.754],[100.5785,13.753]]],[[[100.566,13.753]]],[[[100.566,13.753]]],[[[100.566,13.753],[100.568,13.7515],[100.5655,13.751],[100.5655,13.75],[100.5685,13.7495],[100.569,13.7485],[100.5685,13.7475],[100.568,13.748],[100.5655,13.746],[100.5645,13.747],[100.564,13.7415],[100.5625,13.7415],[100.563,13.7405],[100.5625,13.741],[100.5635,13.743],[100.5625,13.7425],[100.562,13.7435],[100.561,13.742],[100.5605,13.743],[100.559,13.743],[100.56,13.7435],[100.5595,13.7445],[100.5615,13.7455],[100.561,13.7475],[100.558,13.748],[100.5595,13.745],[100.559,13.743],[100.558,13.7425],[100.5585,13.744],[100.557,13.7445],[100.5575,13.7455],[100.5545,13.745],[100.552,13.747],[100.552,13.748],[100.55,13.747],[100.55,13.748],[100.548,13.749],[100.546,13.749],[100.546,13.7475],[100.545,13.7495],[100.5425,13.7475],[100.5415,13.7475],[100.542,13.748],[100.5405,13.749],[100.5395,13.7475],[100.5385,13.748],[100.539,13.7485],[100.538,13.7495],[100.5365,13.7495],[100.536,13.7505],[100.5365,13.752],[100.5355,13.7525],[100.5355,13.754],[100.534,13.754],[100.5345,13.7545],[100.535,13.754],[100.535,13.7555],[100.536,13.7535],[100.5375,13.754],[100.5375,13.755],[100.538,13.7545],[100.5395,13.756],[100.54,13.755],[100.538,13.754],[100.539,13.751],[100.5405,13.7515],[100.54,13.75],[100.541,13.749],[100.542,13.7495],[100.5415,13.7505],[100.543,13.75],[100.5425,13.751],[100.544,13.751],[100.544,13.75],[100.544,13.752],[100.545,13.7515],[100.548,13.753],[100.5465,13.756],[100.548,13.7565],[100.55,13.7555],[100.5495,13.754],[100.551,13.7525],[100.5495,13.7515],[100.549,13.7525],[100.548,13.7525],[100.5485,13.752],[100.547,13.75],[100.5485,13.75],[100.549,13.7515],[100.5495,13.75],[100.5505,13.75],[100.549,13.749],[100.5495,13.7485],[100.5535,13.7485],[100.554,13.749],[100.5525,13.7495],[100.553,13.751],[100.554,13.751],[100.555,13.7525],[100.5595,13.751],[100.557,13.7515],[100.5565,13.7505],[100.5555,13.7505],[100.556,13.7485],[100.5585,13.748],[100.559,13.749],[100.5615,13.748],[100.5625,13.7465],[100.566,13.7485],[100.564,13.7515],[100.565,13.753],[100.566,13.753]],[[100.536,13.7525]],[[100.5375,13.7525],[100.538,13.753],[100.5375,13.753],[100.5375,13.7525]],[[100.5375,13.7505],[100.537,13.75],[100.5375,13.7505]],[[100.549,13.755],[100.5475,13.7545],[100.5485,13.754],[100.549,13.755]],[[100.546,13.7505],[100.546,13.75],[100.5465,13.7505],[100.546,13.7505]],[[100.562,13.745],[100.561,13.7445],[100.561,13.7435],[100.562,13.745]],[[100.556,13.7515],[100.5555,13.7515],[100.556,13.7515]],[[100.5555,13.747],[100.555,13.747],[100.5545,13.747],[100.5555,13.747]],[[100.5585,13.745],[100.5585,13.7445],[100.5585,13.7455],[100.5585,13.745]],[[100.557,13.7455]],[[100.563,13.7455],[100.5635,13.7455],[100.563,13.7455]],[[100.564,13.7445],[100.5635,13.744],[100.563,13.744],[100.5635,13.744],[100.564,13.7445]]],[[[100.564,13.7405],[100.565,13.7435],[100.5655,13.7425],[100.565,13.741],[100.5665,13.7405],[100.566,13.738],[100.567,13.739],[100.5675,13.738],[100.568,13.739],[100.5685,13.738],[100.5705,13.7375],[100.5725,13.7385],[100.5735,13.7375],[100.573,13.737],[100.5745,13.7365],[100.5735,13.736],[100.574,13.735],[100.5735,13.7345],[100.575,13.735],[100.576,13.7325],[100.577,13.7325],[100.5775,13.7315],[100.578,13.7335],[100.579,13.733],[100.5785,13.732],[100.5795,13.7325],[100.5805,13.731],[100.582,13.732],[100.5825,13.7285],[100.5815,13.7285],[100.581,13.7295],[100.579,13.729],[100.5785,13.7305],[100.5775,13.73],[100.577,13.731],[100.5775,13.73],[100.5765,13.7305],[100.576,13.7295],[100.576,13.73],[100.574,13.729],[100.574,13.7315],[100.573,13.731],[100.574,13.733],[100.573,13.733],[100.5735,13.7335],[100.573,13.7345],[100.572,13.7345],[100.573,13.7355],[100.572,13.736],[100.5715,13.7355],[100.571,13.736],[100.5715,13.7365],[100.57,13.737],[100.5685,13.737],[100.569,13.736],[100.565,13.7355],[100.5655,13.7365],[100.565,13.736],[100.5645,13.737],[100.563,13.737],[100.565,13.738],[100.564,13.7405]],[[100.5675,13.7375]],[[100.5735,13.734],[100.574,13.734],[100.5735,13.734]],[[100.5755,13.7325]],[[100.5755,13.73]],[[100.575,13.731],[100.575,13.7315],[100.575,13.731]],[[100.575,13.7305]],[[100.575,13.73]],[[100.575,13.7295],[100.5745,13.7295],[100.575,13.7295]],[[100.58,13.7305],[100.58,13.7295],[100.58,13.7305]],[[100.579,13.7305],[100.579,13.7315],[100.5785,13.7315],[100.5785,13.7305],[100.579,13.7305]]],[[[100.5815,13.7285],[100.583,13.727],[100.5845,13.727],[100.585,13.7265],[100.584,13.7265],[100.5845,13.726],[100.5845,13.728],[100.586,13.729],[100.586,13.728],[100.587,13.7275],[100.586,13.7265],[100.5875,13.7265],[100.5885,13.7255],[100.5875,13.723],[100.586,13.7245],[100.5855,13.724],[100.585,13.726],[100.583,13.7245],[100.5825,13.7255],[100.582,13.725],[100.5815,13.7285]],[[100.5855,13.726]],[[100.587,13.7255],[100.587,13.726],[100.586,13.7255],[100.587,13.7255]],[[100.583,13.727],[100.5825,13.7255],[100.5835,13.726],[100.583,13.727]],[[100.584,13.7255]],[[100.5875,13.7245]],[[100.586,13.725],[100.586,13.7245],[100.586,13.725]]],[[[100.588,13.72],[100.588,13.723],[100.5905,13.721],[100.592,13.7215],[100.5945,13.717],[100.5955,13.718],[100.5945,13.719],[100.596,13.72],[100.5975,13.7185],[100.5965,13.7175],[100.5975,13.7175],[100.5985,13.716],[100.598,13.7155],[100.5995,13.7135],[100.599,13.7125],[100.5995,13.712],[100.598,13.712],[100.598,13.711],[100.597,13.7115],[100.597,13.7125],[100.596,13.7125],[100.5965,13.714],[100.5955,13.714],[100.5965,13.7145],[100.5955,13.715],[100.5965,13.716],[100.595,13.717],[100.593,13.716],[100.5935,13.718],[100.5925,13.718],[100.593,13.7185],[100.5925,13.7195],[100.5915,13.719],[100.5895,13.72],[100.589,13.7195],[100.5885,13.7205],[100.588,13.7195],[100.588,13.72]],[[100.5975,13.716],[100.597,13.716],[100.5975,13.716]],[[100.597,13.715]],[[100.597,13.714],[100.597,13.7135],[100.5975,13.7135],[100.597,13.714]],[[100.5975,13.7125],[100.598,13.7125],[100.598,13.7135],[100.5975,13.7125]],[[100.589,13.721],[100.589,13.7205],[100.589,13.721]],[[100.59,13.721]],[[100.59,13.7205],[100.59,13.72],[100.59,13.7205]],[[100.598,13.7155]]],[[[100.5985,13.711],[100.5985,13.7115],[100.5995,13.7115],[100.6,13.711],[100.5995,13.711],[100.5985,13.711]]],[[[100.6005,13.711],[100.6,13.7115],[100.6005,13.7115],[100.6005,13.711]]],[[[100.6015,13.711],[100.6015,13.712],[100.6005,13.7125],[100.602,13.7125],[100.603,13.7115],[100.6035,13.7125],[100.605,13.712],[100.605,13.711],[100.6025,13.7095],[100.6025,13.7105],[100.6015,13.711]]],[[[100.6045,13.709],[100.6075,13.7095],[100.6095,13.7075],[100.608,13.7055],[100.607,13.7055],[100.608,13.705],[100.6075,13.704],[100.608,13.702],[100.607,13.701],[100.607,13.702],[100.6055,13.7015],[100.6045,13.7025],[100.6055,13.705],[100.607,13.7055],[100.606,13.706],[100.607,13.7075],[100.6065,13.708],[100.605,13.7075],[100.6045,13.709]],[[100.6075,13.7025],[100.607,13.7025],[100.607,13.702],[100.6075,13.7025]],[[100.607,13.704],[100.6065,13.704],[100.607,13.704]]],[[[100.6055,13.7005],[100.61,13.703],[100.6125,13.7015],[100.6115,13.701],[100.6115,13.7],[100.6095,13.6995],[100.6085,13.701],[100.6065,13.7],[100.6055,13.7005]]],[[[100.611,13.6995],[100.6145,13.7],[100.613,13.6985],[100.6135,13.6975],[100.6105,13.6965],[100.611,13.6995]]],[[[100.61,13.696],[100.611,13.6955],[100.609,13.695],[100.61,13.696]]],[[[100.609,13.695]]],[[[100.609,13.695]]],[[[100.609,13.695]]],[[[100.609,13.695]]],[[[100.6085,13.695]]],[[[100.6085,13.694],[100.61,13.6935],[100.6125,13.6945],[100.6135,13.693],[100.6165,13.6915],[100.6145,13.6885],[100.614,13.689],[100.6135,13.6885],[100.614,13.6865],[100.613,13.688],[100.6125,13.6875],[100.615,13.684],[100.6135,13.682],[100.612,13.6835],[100.614,13.68],[100.6155,13.6805],[100.616,13.679],[100.6165,13.681],[100.6185,13.6785],[100.617,13.6775],[100.6155,13.678],[100.6155,13.677],[100.612,13.674],[100.6105,13.674],[100.6105,13.675],[100.6085,13.6755],[100.6095,13.676],[100.609,13.6775],[100.6125,13.6765],[100.613,13.6775],[100.614,13.677],[100.6145,13.6785],[100.6155,13.6785],[100.6145,13.6795],[100.614,13.679],[100.614,13.68],[100.613,13.68],[100.6125,13.681],[100.612,13.6805],[100.612,13.685],[100.611,13.6855],[100.613,13.6865],[100.612,13.687],[100.611,13.6895],[100.6125,13.6885],[100.614,13.6915],[100.612,13.691],[100.6115,13.692],[100.6105,13.6915],[100.6085,13.694]],[[100.614,13.677]],[[100.613,13.6765],[100.6135,13.6765],[100.613,13.6765]],[[100.6135,13.6895],[100.6135,13.69],[100.613,13.69],[100.6135,13.6895]],[[100.6125,13.686]],[[100.612,13.6935],[100.612,13.694],[100.612,13.6935]],[[100.617,13.679]],[[100.614,13.684]]],[[[100.6075,13.6745],[100.6095,13.673],[100.6085,13.673],[100.609,13.6725],[100.608,13.672],[100.607,13.6725],[100.6065,13.674],[100.6055,13.674],[100.6065,13.674],[100.607,13.675],[100.607,13.674],[100.6075,13.6745]]],[[[100.601,13.6715],[100.602,13.673],[100.601,13.6735],[100.601,13.6745],[100.6035,13.675],[100.6035,13.676],[100.6045,13.676],[100.6055,13.674],[100.604,13.674],[100.6035,13.672],[100.602,13.6725],[100.601,13.6715]],[[100.6035,13.6745]],[[100.6035,13.673],[100.604,13.673],[100.604,13.6735],[100.6035,13.6735],[100.6035,13.673]]],[[[100.6065,13.675],[100.6055,13.6745],[100.606,13.6755],[100.605,13.6755],[100.605,13.677],[100.6065,13.675]]],[[[100.605,13.677],[100.604,13.677],[100.6035,13.68],[100.606,13.6795],[100.6065,13.6785],[100.605,13.678],[100.6045,13.677],[100.605,13.677]]],[[[100.607,13.6805],[100.604,13.6805],[100.6055,13.682],[100.604,13.682],[100.604,13.6835],[100.605,13.684],[100.603,13.6855],[100.6045,13.688],[100.604,13.69],[100.605,13.6905],[100.6045,13.6915],[100.605,13.692],[100.6015,13.6905],[100.6,13.693],[100.5985,13.6925],[100.5975,13.6935],[100.5985,13.6955],[100.598,13.6965],[100.6,13.697],[100.6005,13.6965],[100.5995,13.696],[100.6015,13.6965],[100.6015,13.6955],[100.601,13.696],[100.5995,13.695],[100.601,13.6945],[100.6005,13.6935],[100.601,13.693],[100.603,13.6935],[100.602,13.6925],[100.604,13.6935],[100.603,13.692],[100.604,13.6925],[100.607,13.691],[100.6075,13.689],[100.6065,13.689],[100.6065,13.6875],[100.605,13.6865],[100.606,13.6875],[100.606,13.6865],[100.608,13.686],[100.607,13.6855],[100.6095,13.6845],[100.6095,13.685],[100.6075,13.683],[100.6065,13.683],[100.607,13.6805]],[[100.598,13.694]],[[100.5995,13.6935],[100.5995,13.694],[100.5985,13.6935],[100.5995,13.6935]],[[100.6015,13.6925],[100.601,13.692],[100.6015,13.6925]],[[100.602,13.6915],[100.6025,13.692],[100.602,13.6915]],[[100.605,13.6855],[100.605,13.686],[100.605,13.6855]],[[100.605,13.6895]],[[100.6055,13.684],[100.606,13.6845],[100.6055,13.6845],[100.6055,13.684]],[[100.606,13.686],[100.606,13.6865],[100.606,13.686]],[[100.6055,13.6895],[100.6055,13.69],[100.6055,13.6895]]],[[[100.6005,13.6975],[100.6005,13.6995],[100.602,13.6995],[100.6025,13.6985],[100.6005,13.6975]]],[[[100.601,13.6995],[100.599,13.699],[100.5985,13.7],[100.5985,13.699],[100.598,13.6995],[100.5965,13.699],[100.5975,13.7],[100.597,13.7005],[100.5975,13.702],[100.5985,13.7025],[100.598,13.702],[100.5995,13.702],[100.599,13.7015],[100.6005,13.7005],[100.602,13.702],[100.601,13.701],[100.6015,13.7],[100.601,13.6995]],[[100.5985,13.701]],[[100.599,13.7005],[100.5995,13.7005],[100.599,13.7005]]],[[[100.598,13.703],[100.597,13.703],[100.5965,13.7015],[100.5955,13.7035],[100.5945,13.7025],[100.5935,13.704],[100.593,13.7035],[100.5925,13.705],[100.5935,13.7045],[100.593,13.7055],[100.594,13.7095],[100.5935,13.709],[100.593,13.7095],[100.593,13.7075],[100.592,13.708],[100.592,13.709],[100.59,13.7075],[100.5895,13.709],[100.5905,13.7095],[100.59,13.7105],[100.5905,13.711],[100.592,13.7095],[100.593,13.71],[100.593,13.711],[100.5955,13.7115],[100.5975,13.7105],[100.595,13.7095],[100.595,13.7085],[100.5955,13.709],[100.596,13.708],[100.597,13.71],[100.598,13.709],[100.5965,13.708],[100.5975,13.706],[100.5965,13.7055],[100.5955,13.7065],[100.595,13.7045],[100.5965,13.7045],[100.598,13.703]],[[100.594,13.707],[100.5945,13.7065],[100.594,13.707]],[[100.594,13.705],[100.5935,13.7055],[100.594,13.705]],[[100.5945,13.7055],[100.5945,13.705],[100.5945,13.7055]],[[100.596,13.7035],[100.5965,13.7035],[100.596,13.7035]],[[100.5965,13.707],[100.5965,13.7075],[100.596,13.707],[100.5965,13.707]]],[[[100.59,13.711],[100.589,13.71],[100.588,13.7125],[100.5885,13.712],[100.589,13.7125],[100.59,13.711]]],[[[100.588,13.7125]]],[[[100.588,13.7125],[100.587,13.7125],[100.5875,13.7115],[100.5865,13.7115],[100.5865,13.7105],[100.586,13.712],[100.585,13.712],[100.585,13.711],[100.584,13.7105],[100.583,13.711],[100.5835,13.712],[100.5815,13.713],[100.5825,13.7135],[100.5825,13.7145],[100.5815,13.7145],[100.5815,13.7135],[100.581,13.7145],[100.58,13.7145],[100.5805,13.7165],[100.579,13.716],[100.579,13.718],[100.576,13.7165],[100.576,13.7175],[100.5745,13.7175],[100.5725,13.7205],[100.574,13.7215],[100.571,13.722],[100.5705,13.7245],[100.5695,13.7245],[100.5685,13.722],[100.568,13.7225],[100.5685,13.723],[100.5665,13.7225],[100.566,13.717],[100.5645,13.7175],[100.564,13.716],[100.5625,13.7175],[100.562,13.7155],[100.56,13.716],[100.5605,13.715],[100.559,13.7155],[100.5605,13.714],[100.559,13.7145],[100.558,13.7135],[100.5565,13.7145],[100.5555,13.714],[100.5545,13.715],[100.5535,13.7145],[100.5525,13.715],[100.552,13.7165],[100.5525,13.718],[100.5535,13.717],[100.554,13.718],[100.555,13.7175],[100.555,13.7185],[100.556,13.719],[100.558,13.7165],[100.557,13.716],[100.558,13.715],[100.558,13.7165],[100.5595,13.716],[100.559,13.717],[100.562,13.718],[100.5625,13.7175],[100.5625,13.7185],[100.564,13.719],[100.564,13.7245],[100.5625,13.726],[100.5625,13.7275],[100.562,13.728],[100.5615,13.7265],[100.5595,13.7295],[100.559,13.727],[100.5595,13.7275],[100.559,13.7325],[100.561,13.731],[100.562,13.732],[100.5625,13.731],[100.5635,13.733],[100.5645,13.7325],[100.564,13.731],[100.5645,13.7285],[100.5655,13.728],[100.566,13.7285],[100.5655,13.729],[100.5665,13.7285],[100.5655,13.728],[100.5655,13.727],[100.5665,13.727],[100.566,13.7265],[100.567,13.7245],[100.5685,13.7255],[100.569,13.7245],[100.5705,13.726],[100.572,13.7255],[100.5725,13.726],[100.573,13.7225],[100.575,13.7215],[100.5745,13.721],[100.575,13.7215],[100.576,13.719],[100.578,13.7205],[100.5785,13.7185],[100.5795,13.718],[100.5815,13.719],[100.5825,13.718],[100.581,13.7185],[100.581,13.717],[100.5825,13.7155],[100.581,13.715],[100.584,13.715],[100.5835,13.714],[100.584,13.7135],[100.5845,13.715],[100.587,13.715],[100.5865,13.7145],[100.5875,13.714],[100.587,13.7135],[100.588,13.7125]],[[100.555,13.7175],[100.554,13.717],[100.555,13.717],[100.555,13.716],[100.555,13.7175]],[[100.5555,13.718],[100.555,13.718],[100.5555,13.718]],[[100.556,13.716]],[[100.5605,13.731]],[[100.5655,13.7215],[100.565,13.722],[100.565,13.7225],[100.565,13.722],[100.5655,13.7215]],[[100.565,13.719],[100.566,13.7185],[100.5655,13.719],[100.565,13.719]],[[100.5635,13.732],[100.5635,13.7315],[100.5635,13.732]],[[100.5635,13.7295]],[[100.5635,13.7285],[100.5625,13.73],[100.562,13.7285],[100.5615,13.7295],[100.562,13.728],[100.5635,13.7285]],[[100.563,13.728],[100.5635,13.7275],[100.5635,13.728],[100.563,13.728]],[[100.5645,13.7255],[100.5645,13.725],[100.5645,13.7255]],[[100.565,13.7205]],[[100.5645,13.7265]],[[100.5685,13.7245]],[[100.5685,13.7245],[100.568,13.724],[100.5675,13.724],[100.5685,13.724],[100.5685,13.7245]],[[100.566,13.7245]],[[100.5655,13.723],[100.566,13.723],[100.5655,13.723]],[[100.5675,13.723]],[[100.5715,13.7235],[100.5715,13.724],[100.5715,13.7235]],[[100.571,13.725]],[[100.574,13.7205]],[[100.574,13.72],[100.574,13.7195],[100.574,13.72]],[[100.5755,13.718],[100.575,13.7185],[100.575,13.718],[100.5755,13.718]],[[100.575,13.7195],[100.575,13.72],[100.575,13.7195]],[[100.5765,13.7175]],[[100.58,13.7175],[100.58,13.717],[100.5805,13.7175],[100.58,13.7175]],[[100.585,13.7135],[100.586,13.7135],[100.586,13.714],[100.585,13.714],[100.585,13.7135]]],[[[100.5525,13.7185],[100.5515,13.7175],[100.5505,13.7185],[100.5485,13.7185],[100.548,13.7195],[100.548,13.719],[100.547,13.7195],[100.5465,13.7185],[100.5455,13.7195],[100.5445,13.7185],[100.544,13.719],[100.5445,13.721],[100.5415,13.7205],[100.5405,13.721],[100.542,13.7225],[100.5435,13.722],[100.5435,13.723],[100.544,13.7225],[100.5435,13.7215],[100.545,13.721],[100.5465,13.721],[100.5475,13.722],[100.5475,13.721],[100.549,13.7215],[100.548,13.7205],[100.5485,13.721],[100.549,13.7205],[100.549,13.7215],[100.5495,13.721],[100.5505,13.7215],[100.55,13.72],[100.551,13.72],[100.551,13.721],[100.5515,13.719],[100.5525,13.7185]],[[100.5495,13.72]],[[100.5495,13.7195],[100.55,13.719],[100.55,13.7195],[100.5495,13.7195]],[[100.551,13.72],[100.551,13.7195],[100.551,13.72]],[[100.551,13.719]],[[100.5505,13.719],[100.5505,13.7185],[100.551,13.719],[100.5505,13.719]]],[[[100.5415,13.7235]]],[[[100.5415,13.7235]]],[[[100.5415,13.723]]],[[[100.5415,13.723]]],[[[100.5415,13.723]]],[[[100.5415,13.723]]],[[[100.541,13.723],[100.5395,13.7225],[100.539,13.724],[100.5385,13.7235],[100.539,13.722],[100.538,13.722],[100.5375,13.721],[100.537,13.7215],[100.5355,13.721],[100.535,13.72],[100.5345,13.72],[100.535,13.722],[100.533,13.722],[100.534,13.7225],[100.5355,13.722],[100.5365,13.724],[100.535,13.725],[100.538,13.724],[100.539,13.7265],[100.5395,13.7255],[100.539,13.724],[100.54,13.7235],[100.5405,13.724],[100.541,13.723]],[[100.536,13.7245]],[[100.535,13.721]]],[[[100.5335,13.719],[100.5365,13.72],[100.536,13.718],[100.535,13.718],[100.536,13.7175],[100.5345,13.714],[100.531,13.715],[100.53,13.716],[100.5295,13.7145],[100.528,13.714],[100.529,13.7135],[100.5275,13.712],[100.527,13.7135],[100.5265,13.713],[100.526,13.7135],[100.527,13.715],[100.5235,13.7155],[100.526,13.7165],[100.5275,13.715],[100.5285,13.716],[100.5285,13.7175],[100.5295,13.718],[100.53,13.7175],[100.531,13.7185],[100.5305,13.7175],[100.531,13.718],[100.531,13.717],[100.533,13.7165],[100.534,13.7185],[100.5335,13.719]],[[100.5305,13.7165]],[[100.529,13.7165],[100.5295,13.7165],[100.529,13.7165]],[[100.5285,13.716],[100.529,13.716],[100.529,13.7165],[100.5285,13.716]],[[100.5295,13.715],[100.529,13.715],[100.5295,13.715]],[[100.534,13.7175]]],[[[100.5235,13.715],[100.524,13.7145],[100.5235,13.713],[100.522,13.713],[100.5225,13.7125],[100.5215,13.7115],[100.5205,13.712],[100.52,13.7105],[100.519,13.711],[100.5195,13.713],[100.5185,13.712],[100.518,13.7125],[100.5185,13.7135],[100.5175,13.7135],[100.516,13.712],[100.514,13.712],[100.512,13.7105],[100.5105,13.712],[100.5115,13.713],[100.5115,13.714],[100.511,13.7135],[100.5105,13.714],[100.512,13.7155],[100.513,13.7135],[100.517,13.7155],[100.5195,13.7155],[100.519,13.7145],[100.52,13.714],[100.5225,13.7155],[100.5235,13.715]],[[100.5185,13.7145],[100.5185,13.714],[100.5185,13.7145]],[[100.522,13.714],[100.523,13.715],[100.522,13.7145],[100.522,13.714]],[[100.5205,13.713],[100.5205,13.7125],[100.521,13.7125],[100.521,13.713],[100.5205,13.713]]],[[[100.512,13.7165],[100.512,13.717],[100.5125,13.717],[100.5125,13.7165],[100.512,13.7165]]],[[[100.511,13.719]]],[[[100.511,13.719]]],[[[100.511,13.719]]],[[[100.511,13.719]]],[[[100.511,13.719]]],[[[100.511,13.719]]],[[[100.511,13.719]]],[[[100.511,13.719]]],[[[100.511,13.7185]]],[[[100.511,13.7185]]],[[[100.511,13.7185]]],[[[100.511,13.7185],[100.5105,13.7185],[100.511,13.7185]]],[[[100.5105,13.7185],[100.5085,13.717],[100.5085,13.716],[100.5065,13.715],[100.5045,13.7145],[100.5045,13.7155],[100.5035,13.716],[100.5045,13.7165],[100.504,13.718],[100.5055,13.717],[100.5065,13.7175],[100.506,13.718],[100.5065,13.7175],[100.508,13.718],[100.509,13.72],[100.5105,13.7195],[100.5105,13.7185]],[[100.506,13.717],[100.5065,13.7165],[100.507,13.717],[100.506,13.717]],[[100.5085,13.718]],[[100.51,13.7185],[100.5095,13.719],[100.5095,13.7185],[100.51,13.7185]]],[[[100.502,13.7165],[100.503,13.715],[100.5015,13.715],[100.5005,13.717],[100.502,13.7165]]],[[[100.5005,13.7165],[100.5005,13.716],[100.5005,13.7165]]],[[[100.5005,13.716]]],[[[100.48,13.71],[100.4815,13.7075],[100.48,13.708],[100.479,13.7075],[100.4795,13.706],[100.4785,13.7055],[100.4775,13.706],[100.4775,13.707],[100.4765,13.7065],[100.4755,13.7075],[100.4765,13.708],[100.4765,13.709],[100.478,13.708],[100.478,13.709],[100.48,13.71]],[[100.48,13.7085],[100.4795,13.7085],[100.48,13.7085]]],[[[100.477,13.71],[100.4735,13.7075],[100.472,13.708],[100.4725,13.709],[100.472,13.71],[100.473,13.7105],[100.4755,13.71],[100.475,13.711],[100.4765,13.711],[100.477,13.71]],[[100.474,13.7095],[100.474,13.709],[100.474,13.7095]],[[100.474,13.709]]],[[[100.472,13.7095]]],[[[100.472,13.7095]]],[[[100.472,13.7095]]],[[[100.47,13.7085],[100.4715,13.709],[100.472,13.707],[100.47,13.707],[100.4705,13.7065],[100.468,13.7055],[100.468,13.707],[100.466,13.708],[100.466,13.7095],[100.4655,13.71],[100.4655,13.708],[100.4645,13.7095],[100.465,13.711],[100.4655,13.71],[100.4665,13.7105],[100.466,13.71],[100.467,13.7095],[100.468,13.71],[100.47,13.708],[100.47,13.7085]]],[[[100.4645,13.713],[100.463,13.7115],[100.461,13.712],[100.463,13.7145],[100.463,13.7135],[100.464,13.714],[100.4645,13.713]]],[[[100.473,13.724],[100.472,13.723],[100.4705,13.723],[100.4705,13.724],[100.47,13.723],[100.4695,13.724],[100.469,13.7235],[100.4695,13.7265],[100.471,13.7255],[100.4705,13.725],[100.471,13.7245],[100.473,13.725],[100.473,13.724]],[[100.47,13.724]],[[100.472,13.724],[100.4715,13.7235],[100.472,13.724]]],[[[100.4695,13.7225],[100.4715,13.722],[100.4705,13.72],[100.47,13.721],[100.469,13.72],[100.4665,13.72],[100.4655,13.721],[100.4645,13.7205],[100.4655,13.7205],[100.4645,13.719],[100.463,13.719],[100.463,13.72],[100.4605,13.719],[100.4615,13.7205],[100.4625,13.72],[100.4625,13.722],[100.465,13.721],[100.466,13.722],[100.468,13.7215],[100.4695,13.7225]]],[[[100.4555,13.717],[100.4565,13.718],[100.457,13.717],[100.458,13.717],[100.456,13.7155],[100.455,13.716],[100.4555,13.715],[100.455,13.713],[100.4535,13.713],[100.454,13.714],[100.453,13.714],[100.4525,13.7145],[100.453,13.715],[100.452,13.7155],[100.4505,13.7145],[100.4505,13.713],[100.4495,13.713],[100.449,13.712],[100.4485,13.712],[100.449,13.713],[100.448,13.7125],[100.4485,13.713],[100.448,13.715],[100.4495,13.7155],[100.4505,13.715],[100.4525,13.717],[100.454,13.7155],[100.4555,13.717]],[[100.449,13.714],[100.449,13.7135],[100.449,13.714]]],[[[100.446,13.7115]]],[[[100.446,13.7115]]],[[[100.446,13.7115]]],[[[100.446,13.7115]]],[[[100.446,13.7115]]],[[[100.446,13.7115]]],[[[100.446,13.7115]]],[[[100.446,13.7115]]],[[[100.446,13.7115]]],[[[100.446,13.7115]]],[[[100.446,13.711]]],[[[100.446,13.711]]],[[[100.446,13.711]]],[[[100.446,13.711]]],[[[100.446,13.711]]],[[[100.446,13.711],[100.4475,13.7095],[100.447,13.709],[100.445,13.71],[100.445,13.711],[100.446,13.711]]],[[[100.443,13.712],[100.442,13.711],[100.4415,13.7115],[100.4415,13.7105],[100.4405,13.71],[100.439,13.7105],[100.439,13.7095],[100.438,13.71],[100.4385,13.711],[100.438,13.7115],[100.4395,13.712],[100.4395,13.713],[100.4405,13.712],[100.443,13.7135],[100.443,13.7125],[100.442,13.712],[100.443,13.712]],[[100.4395,13.7115],[100.4395,13.711],[100.4395,13.7115]],[[100.44,13.7105]]],[[[100.4315,13.7105],[100.4315,13.709],[100.43,13.7095],[100.429,13.7085],[100.4285,13.7105],[100.427,13.71],[100.4285,13.712],[100.4315,13.7105]],[[100.43,13.711],[100.4305,13.7105],[100.4305,13.711],[100.43,13.711]],[[100.4305,13.7105]]],[[[100.427,13.71]]],[[[100.4265,13.71],[100.4275,13.7095],[100.427,13.7075],[100.426,13.708],[100.4255,13.707],[100.4245,13.7075],[100.423,13.7065],[100.424,13.7075],[100.423,13.708],[100.4235,13.7085],[100.4255,13.708],[100.4265,13.71]]],[[[100.4225,13.7065],[100.4215,13.706],[100.422,13.7035],[100.421,13.703],[100.42,13.704],[100.4205,13.705],[100.4195,13.705],[100.4195,13.7065],[100.4205,13.707],[100.42,13.7065],[100.4205,13.706],[100.422,13.707],[100.4225,13.7065]]],[[[100.4195,13.707],[100.419,13.7075],[100.42,13.708],[100.4195,13.707]]],[[[100.419,13.708],[100.4185,13.7075],[100.418,13.7085],[100.419,13.708]]],[[[100.418,13.71],[100.4175,13.7095],[100.417,13.7095],[100.4175,13.71],[100.418,13.71]]],[[[100.417,13.7095]]],[[[100.417,13.7095]]],[[[100.417,13.7095]]],[[[100.417,13.7095]]],[[[100.417,13.7095]]],[[[100.4165,13.7105],[100.4175,13.7085],[100.417,13.7075],[100.4155,13.7075],[100.416,13.709],[100.4155,13.71],[100.4145,13.707],[100.4135,13.708],[100.4135,13.7095],[100.4145,13.7095],[100.415,13.711],[100.4165,13.7105]]],[[[100.4135,13.7075],[100.413,13.707],[100.413,13.709],[100.4135,13.7075]]],[[[100.4125,13.706],[100.412,13.7055],[100.4115,13.7065],[100.4125,13.706]]],[[[100.5385,13.7525]]],[[[100.5035,13.724],[100.503,13.725],[100.505,13.725],[100.5055,13.726],[100.5065,13.7255],[100.506,13.7245],[100.505,13.7245],[100.506,13.724],[100.5035,13.724]]],[[[100.5055,13.726]]],[[[100.5055,13.726]]],[[[100.5055,13.726]]],[[[100.5055,13.726]]],[[[100.5055,13.726]]],[[[100.5055,13.726]]],[[[100.5055,13.726]]],[[[100.506,13.726],[100.5055,13.726],[100.506,13.726]]],[[[100.506,13.726]]],[[[100.506,13.726]]],[[[100.506,13.726]]],[[[100.506,13.726]]],[[[100.506,13.726]]],[[[100.506,13.724],[100.5065,13.724],[100.507,13.7235],[100.5065,13.7235],[100.506,13.724]]],[[[100.479,13.7305],[100.479,13.731],[100.479,13.7305]]],[[[100.422,13.7075],[100.422,13.708],[100.4225,13.708],[100.422,13.7075]]],[[[100.4255,13.7105],[100.426,13.711],[100.426,13.7105],[100.4255,13.7105]]],[[[100.423,13.717]]],[[[100.423,13.717]]],[[[100.423,13.717]]],[[[100.423,13.7165]]],[[[100.423,13.7165]]],[[[100.423,13.7165]]],[[[100.423,13.7165]]],[[[100.423,13.7165]]],[[[100.423,13.7165]]],[[[100.423,13.7165]]],[[[100.423,13.7165]]],[[[100.423,13.7165]]],[[[100.423,13.7165]]],[[[100.423,13.7165]]],[[[100.431,13.712],[100.4305,13.712],[100.431,13.712]]],[[[100.4515,13.717]]],[[[100.4515,13.717]]],[[[100.4515,13.717]]],[[[100.4515,13.717],[100.4515,13.7165],[100.4515,13.717]]],[[[100.4515,13.7165]]],[[[100.4515,13.7165]]],[[[100.4515,13.7165],[100.4515,13.716],[100.4505,13.7165],[100.4515,13.7165]]],[[[100.4445,13.7175],[100.445,13.7185],[100.446,13.718],[100.4455,13.7165],[100.4445,13.7165],[100.4445,13.7175]]],[[[100.472,13.73],[100.4705,13.73],[100.4705,13.7305],[100.4715,13.7305],[100.472,13.73]]],[[[100.4715,13.7265],[100.471,13.7265],[100.471,13.727],[100.4715,13.7265]]],[[[100.4665,13.7535]]],[[[100.469,13.73]]],[[[100.469,13.73]]],[[[100.473,13.711],[100.474,13.711],[100.474,13.7105],[100.473,13.7105],[100.473,13.711]]],[[[100.4725,13.738]]],[[[100.473,13.735]]],[[[100.473,13.735]]],[[[100.473,13.735]]],[[[100.472,13.736]]],[[[100.472,13.738]]],[[[100.4765,13.7335]]],[[[100.479,13.7105],[100.4785,13.71],[100.478,13.71],[100.478,13.7105],[100.479,13.7105]]],[[[100.4775,13.7335],[100.478,13.733],[100.4775,13.733],[100.4775,13.7335]]],[[[100.4775,13.7335]]],[[[100.4775,13.7335]]],[[[100.4775,13.7335]]],[[[100.4775,13.7335]]],[[[100.472,13.756],[100.4725,13.7555],[100.472,13.756]]],[[[100.472,13.768],[100.4725,13.768],[100.472,13.768]]],[[[100.4765,13.768]]],[[[100.4765,13.768]]],[[[100.4765,13.768]]],[[[100.476,13.768]]],[[[100.476,13.768]]],[[[100.476,13.768]]],[[[100.476,13.768]]],[[[100.476,13.768]]],[[[100.476,13.768],[100.4765,13.768],[100.476,13.768]]],[[[100.4765,13.768]]],[[[100.4765,13.7675]]],[[[100.4815,13.7425]]],[[[100.4815,13.7425]]],[[[100.489,13.7395]]],[[[100.489,13.7395]]],[[[100.489,13.7395]]],[[[100.489,13.739]]],[[[100.489,13.739]]],[[[100.489,13.739]]],[[[100.489,13.739]]],[[[100.489,13.739]]],[[[100.489,13.739]]],[[[100.489,13.739]]],[[[100.482,13.776]]],[[[100.482,13.7755]]],[[[100.482,13.7755]]],[[[100.482,13.7755]]],[[[100.5045,13.795]]],[[[100.486,13.716],[100.486,13.7155],[100.485,13.7155],[100.485,13.716],[100.486,13.716]]],[[[100.499,13.718]]],[[[100.499,13.7235]]],[[[100.506,13.7205],[100.508,13.72],[100.5085,13.7195],[100.5075,13.7195],[100.5075,13.72],[100.5065,13.72],[100.5065,13.7205],[100.506,13.7205]]],[[[100.4975,13.743],[100.498,13.7435],[100.4985,13.744],[100.4985,13.7435],[100.498,13.743],[100.4975,13.743]]],[[[100.5025,13.751],[100.5025,13.7515],[100.5025,13.751]]],[[[100.516,13.7155]]],[[[100.5095,13.72]]],[[[100.5095,13.72]]],[[[100.507,13.7265],[100.5075,13.727],[100.5075,13.7265],[100.507,13.7265]]],[[[100.5075,13.727],[100.507,13.7275],[100.5075,13.7275],[100.5075,13.727]]],[[[100.507,13.718]]],[[[100.5075,13.7185]]],[[[100.5085,13.739],[100.5085,13.7385],[100.508,13.7385],[100.5085,13.739]]],[[[100.507,13.739]]],[[[100.5215,13.722]]],[[[100.52,13.734]]],[[[100.531,13.7615],[100.5315,13.763],[100.5325,13.7625],[100.532,13.7615],[100.5325,13.761],[100.533,13.7615],[100.5335,13.7595],[100.5315,13.76],[100.531,13.7615]]],[[[100.525,13.7445],[100.526,13.7445],[100.526,13.746],[100.5255,13.746],[100.526,13.7445],[100.525,13.7445]]],[[[100.534,13.7655]]],[[[100.534,13.751],[100.5345,13.751],[100.5345,13.75],[100.534,13.7495],[100.534,13.751]]],[[[100.5345,13.7405]]],[[[100.5345,13.7405]]],[[[100.538,13.756],[100.538,13.7555],[100.538,13.756]]],[[[100.509,13.795],[100.509,13.7955],[100.509,13.795]]],[[[100.5375,13.8985],[100.5355,13.897],[100.5355,13.898],[100.5335,13.899],[100.534,13.9],[100.5315,13.9],[100.532,13.901],[100.535,13.9015],[100.5355,13.9],[100.537,13.9005],[100.5375,13.8985]]],[[[100.531,13.9],[100.5315,13.897],[100.5305,13.897],[100.53,13.899],[100.531,13.9]]],[[[100.5295,13.899],[100.529,13.898],[100.5295,13.8975],[100.528,13.8965],[100.528,13.8975],[100.527,13.8975],[100.5255,13.899],[100.5255,13.9],[100.523,13.9005],[100.5215,13.904],[100.5195,13.9045],[100.52,13.904],[100.5185,13.9035],[100.5185,13.9045],[100.5195,13.905],[100.519,13.9055],[100.524,13.905],[100.524,13.904],[100.525,13.904],[100.5245,13.903],[100.525,13.902],[100.5275,13.902],[100.5275,13.8995],[100.5285,13.9],[100.5295,13.899]],[[100.5195,13.905]],[[100.524,13.9015]],[[100.523,13.9025]],[[100.5275,13.899],[100.5285,13.899],[100.529,13.899],[100.5275,13.899]],[[100.5255,13.902]]],[[[100.517,13.9035],[100.518,13.903],[100.5175,13.9025],[100.5185,13.903],[100.519,13.9025],[100.5185,13.901],[100.516,13.9005],[100.5155,13.899],[100.5155,13.9005],[100.514,13.9005],[100.5155,13.9015],[100.5135,13.902],[100.513,13.899],[100.5105,13.9],[100.5095,13.9015],[100.512,13.9005],[100.5125,13.902],[100.5115,13.902],[100.512,13.904],[100.511,13.9035],[100.5095,13.904],[100.509,13.9045],[100.51,13.905],[100.5095,13.9055],[100.5085,13.904],[100.508,13.9045],[100.509,13.906],[100.5105,13.9065],[100.511,13.9045],[100.512,13.9055],[100.512,13.904],[100.5135,13.905],[100.516,13.9025],[100.517,13.9035]],[[100.517,13.9015],[100.5165,13.9015],[100.517,13.9015]],[[100.51,13.906],[100.5105,13.906],[100.51,13.906]]],[[[100.512,13.8995]]],[[[100.5115,13.899],[100.512,13.899],[100.5115,13.899]]],[[[100.511,13.897],[100.5115,13.897],[100.5115,13.8965],[100.511,13.897]]],[[[100.512,13.896],[100.5125,13.897],[100.512,13.8955],[100.5135,13.8955],[100.514,13.8945],[100.5135,13.894],[100.511,13.896],[100.512,13.896]]],[[[100.5095,13.8945],[100.51,13.8945],[100.51,13.894],[100.5095,13.894],[100.5095,13.8945]]],[[[100.5105,13.894],[100.511,13.895],[100.5115,13.893],[100.5105,13.894]]],[[[100.512,13.8925],[100.512,13.8915],[100.511,13.8925],[100.512,13.8925]]],[[[100.517,13.879]]],[[[100.517,13.879],[100.5175,13.879],[100.517,13.8785],[100.517,13.879]]],[[[100.519,13.876],[100.5195,13.8795],[100.5205,13.8795],[100.5215,13.8775],[100.523,13.8765],[100.522,13.876],[100.5235,13.8745],[100.523,13.8735],[100.524,13.874],[100.524,13.8725],[100.525,13.8725],[100.524,13.8715],[100.523,13.872],[100.523,13.87],[100.5215,13.87],[100.522,13.8725],[100.519,13.876]],[[100.5215,13.876]]],[[[100.5185,13.8715],[100.519,13.871],[100.5185,13.87],[100.5195,13.87],[100.5195,13.8715],[100.5205,13.871],[100.5205,13.87],[100.5215,13.87],[100.5205,13.869],[100.5215,13.8685],[100.52,13.868],[100.523,13.868],[100.523,13.867],[100.5245,13.866],[100.524,13.863],[100.523,13.863],[100.522,13.866],[100.5205,13.8665],[100.5185,13.869],[100.519,13.8695],[100.518,13.871],[100.5185,13.8715]],[[100.52,13.8695]],[[100.5215,13.8665],[100.522,13.866],[100.5225,13.8665],[100.5215,13.8665]]],[[[100.518,13.849],[100.519,13.8495],[100.519,13.8475],[100.5205,13.847],[100.519,13.845],[100.52,13.844],[100.5195,13.843],[100.5195,13.844],[100.517,13.8435],[100.517,13.8445],[100.5185,13.8455],[100.518,13.846],[100.5185,13.847],[100.5165,13.847],[100.518,13.849]]],[[[100.517,13.8435]]],[[[100.517,13.8435]]],[[[100.517,13.8435]]],[[[100.517,13.8435]]],[[[100.517,13.8435],[100.5165,13.8435],[100.517,13.8435]]],[[[100.5165,13.8435]]],[[[100.537,13.8195],[100.5365,13.817],[100.537,13.8165],[100.5355,13.816],[100.534,13.8175],[100.537,13.8195]]],[[[100.5415,13.8075],[100.542,13.807],[100.541,13.804],[100.5405,13.8045],[100.54,13.804],[100.5415,13.8075]]],[[[100.5415,13.8005],[100.543,13.803],[100.5425,13.8],[100.5415,13.8005]]],[[[100.5475,13.8025],[100.5475,13.804],[100.5465,13.804],[100.5465,13.805],[100.547,13.8055],[100.5475,13.8045],[100.548,13.8065],[100.5495,13.8055],[100.5505,13.807],[100.5505,13.808],[100.5495,13.8085],[100.551,13.8105],[100.552,13.809],[100.552,13.8105],[100.5535,13.8105],[100.5525,13.8075],[100.5515,13.807],[100.552,13.804],[100.5505,13.8035],[100.55,13.804],[100.5495,13.803],[100.5515,13.8025],[100.55,13.8025],[100.55,13.8015],[100.5485,13.8035],[100.5475,13.8025]],[[100.5515,13.807],[100.5515,13.8075],[100.5515,13.807]],[[100.55,13.806],[100.5505,13.806],[100.55,13.806]],[[100.55,13.8045],[100.5495,13.8045],[100.5495,13.804],[100.55,13.8045]],[[100.5505,13.8045],[100.551,13.8045],[100.5505,13.805],[100.5505,13.8045]],[[100.551,13.8075]],[[100.5515,13.8065],[100.5515,13.806],[100.5515,13.8065]]],[[[100.553,13.8085],[100.5555,13.8115],[100.5545,13.812],[100.555,13.8125],[100.557,13.8125],[100.558,13.8115],[100.5565,13.811],[100.557,13.81],[100.5565,13.8085],[100.5545,13.809],[100.554,13.808],[100.553,13.8085]],[[100.5555,13.8105],[100.556,13.8105],[100.5555,13.8105]]],[[[100.557,13.813],[100.558,13.815],[100.5555,13.8145],[100.556,13.817],[100.555,13.817],[100.555,13.816],[100.554,13.8165],[100.554,13.8175],[100.555,13.8175],[100.554,13.8185],[100.5555,13.818],[100.5555,13.819],[100.557,13.8195],[100.556,13.8205],[100.5575,13.8205],[100.5585,13.8215],[100.5585,13.824],[100.561,13.824],[100.561,13.823],[100.563,13.8225],[100.559,13.8215],[100.56,13.8215],[100.561,13.82],[100.562,13.821],[100.5625,13.8205],[100.561,13.819],[100.559,13.8195],[100.558,13.8185],[100.558,13.817],[100.5575,13.8175],[100.557,13.817],[100.557,13.816],[100.558,13.816],[100.557,13.813]],[[100.558,13.819],[100.5575,13.819],[100.558,13.819]],[[100.557,13.816],[100.5565,13.816],[100.557,13.816]],[[100.558,13.816],[100.558,13.8155],[100.558,13.816]],[[100.5595,13.8195],[100.56,13.82],[100.5595,13.8205],[100.5595,13.8195]]],[[[100.5595,13.824],[100.559,13.8255],[100.56,13.826],[100.56,13.827],[100.562,13.8275],[100.563,13.8245],[100.562,13.8245],[100.5615,13.8255],[100.561,13.8245],[100.5595,13.824]]],[[[100.563,13.826],[100.5635,13.8265],[100.565,13.8265],[100.565,13.827],[100.566,13.827],[100.566,13.8265],[100.563,13.826]]],[[[100.566,13.827],[100.565,13.8275],[100.5645,13.8265],[100.562,13.83],[100.563,13.8305],[100.564,13.83],[100.5645,13.832],[100.5655,13.8325],[100.5655,13.834],[100.567,13.834],[100.567,13.8355],[100.568,13.835],[100.5685,13.8365],[100.5695,13.8355],[100.5705,13.8365],[100.572,13.836],[100.5705,13.838],[100.5725,13.8385],[100.572,13.8405],[100.57,13.842],[100.5705,13.843],[100.5695,13.8435],[100.571,13.8445],[100.5715,13.8435],[100.572,13.844],[100.571,13.8455],[100.572,13.846],[100.5705,13.8465],[100.5715,13.8465],[100.5715,13.8475],[100.573,13.849],[100.576,13.8495],[100.5755,13.851],[100.575,13.8505],[100.5745,13.851],[100.5745,13.852],[100.5755,13.8515],[100.575,13.853],[100.576,13.8535],[100.5775,13.853],[100.5775,13.856],[100.5795,13.855],[100.578,13.8575],[100.581,13.858],[100.5805,13.857],[100.5815,13.8555],[100.5805,13.8545],[100.5795,13.855],[100.579,13.854],[100.58,13.853],[100.578,13.853],[100.5775,13.852],[100.5765,13.852],[100.5775,13.85],[100.5785,13.8505],[100.5775,13.849],[100.5785,13.8485],[100.5775,13.8475],[100.578,13.847],[100.577,13.847],[100.5765,13.846],[100.575,13.8475],[100.5735,13.846],[100.575,13.8455],[100.5735,13.846],[100.5735,13.845],[100.575,13.8445],[100.5745,13.8425],[100.574,13.8435],[100.5725,13.8425],[100.5735,13.8415],[100.573,13.8405],[100.5735,13.84],[100.5725,13.839],[100.574,13.8375],[100.572,13.836],[100.572,13.835],[100.569,13.834],[100.568,13.832],[100.567,13.832],[100.5645,13.8295],[100.565,13.828],[100.566,13.828],[100.566,13.827]],[[100.5645,13.8305]],[[100.5685,13.834],[100.568,13.834],[100.5685,13.834]],[[100.574,13.848],[100.573,13.848],[100.573,13.8475],[100.5735,13.8475],[100.574,13.848]],[[100.573,13.8465],[100.573,13.847],[100.573,13.8465]],[[100.573,13.844]],[[100.5725,13.8435],[100.5725,13.843],[100.573,13.8435],[100.5725,13.8435]],[[100.5725,13.8365]],[[100.5775,13.8475],[100.577,13.8485],[100.577,13.8475],[100.5775,13.8475]],[[100.58,13.856]]],[[[100.5815,13.858],[100.581,13.8615],[100.5825,13.8615],[100.583,13.861],[100.5825,13.8605],[100.5835,13.8605],[100.584,13.858],[100.5815,13.858]]],[[[100.5835,13.8605],[100.584,13.8605],[100.5835,13.8605]]],[[[100.587,13.8665],[100.588,13.867],[100.588,13.866],[100.587,13.8665]]],[[[100.588,13.8675],[100.5885,13.8695],[100.588,13.87],[100.5875,13.869],[100.5865,13.87],[100.587,13.8715],[100.5875,13.8705],[100.589,13.871],[100.5895,13.8705],[100.5885,13.87],[100.589,13.8675],[100.588,13.8675]]],[[[100.588,13.871],[100.5875,13.872],[100.5885,13.8725],[100.588,13.873],[100.5885,13.8735],[100.5905,13.873],[100.588,13.871]]],[[[100.591,13.8725]]],[[[100.591,13.8725],[100.59,13.8735],[100.591,13.876],[100.5895,13.876],[100.5905,13.879],[100.588,13.8795],[100.5875,13.8785],[100.5845,13.8775],[100.584,13.878],[100.5845,13.879],[100.5825,13.8795],[100.5815,13.881],[100.584,13.8795],[100.586,13.881],[100.593,13.8775],[100.5915,13.878],[100.591,13.8775],[100.592,13.8775],[100.5925,13.877],[100.5915,13.8765],[100.594,13.875],[100.5925,13.8745],[100.5935,13.872],[100.592,13.8715],[100.591,13.8725]],[[100.5845,13.8795],[100.585,13.8795],[100.5855,13.88],[100.585,13.88],[100.5845,13.8795]],[[100.591,13.874],[100.5915,13.874],[100.591,13.8745],[100.591,13.874]]],[[[100.581,13.8805],[100.5815,13.8795],[100.58,13.8795],[100.5805,13.8785],[100.577,13.8775],[100.5765,13.878],[100.577,13.88],[100.576,13.88],[100.5765,13.881],[100.5755,13.882],[100.5725,13.883],[100.572,13.8825],[100.5715,13.8835],[100.5725,13.885],[100.57,13.8855],[100.5695,13.8845],[100.5685,13.885],[100.5685,13.884],[100.5675,13.8835],[100.5655,13.885],[100.565,13.8845],[100.563,13.885],[100.5625,13.8875],[100.56,13.8865],[100.5605,13.889],[100.5585,13.886],[100.5585,13.8875],[100.5575,13.8875],[100.557,13.886],[100.556,13.8875],[100.5565,13.8895],[100.5545,13.8905],[100.555,13.8915],[100.554,13.892],[100.554,13.8935],[100.556,13.894],[100.5565,13.892],[100.5575,13.8925],[100.557,13.893],[100.558,13.893],[100.557,13.8905],[100.5585,13.89],[100.558,13.8885],[100.5595,13.889],[100.559,13.8895],[100.5595,13.8905],[100.5605,13.8905],[100.56,13.89],[100.561,13.89],[100.561,13.889],[100.5615,13.89],[100.563,13.89],[100.563,13.8915],[100.5635,13.888],[100.5645,13.888],[100.5645,13.887],[100.5655,13.8875],[100.565,13.887],[100.5655,13.8865],[100.5665,13.887],[100.566,13.8875],[100.568,13.888],[100.5685,13.8865],[100.5705,13.8885],[100.57,13.8875],[100.571,13.887],[100.571,13.888],[100.573,13.8875],[100.574,13.886],[100.573,13.885],[100.5735,13.8835],[100.5745,13.8835],[100.575,13.885],[100.576,13.885],[100.576,13.884],[100.5775,13.885],[100.578,13.8835],[100.5775,13.882],[100.5785,13.8805],[100.581,13.88],[100.58,13.88],[100.5805,13.881],[100.581,13.8805]],[[100.57,13.887],[100.5705,13.886],[100.57,13.887]],[[100.5565,13.8915],[100.557,13.891],[100.5565,13.8915]],[[100.5635,13.8865],[100.5635,13.886],[100.564,13.8865],[100.5635,13.8865]],[[100.562,13.889],[100.5625,13.889],[100.562,13.889]],[[100.5645,13.886],[100.565,13.8865],[100.5645,13.886]],[[100.5675,13.8865],[100.5675,13.887],[100.5675,13.8865]],[[100.572,13.8865],[100.5715,13.886],[100.5725,13.8855],[100.573,13.8865],[100.572,13.8865]],[[100.573,13.8835],[100.5735,13.8835],[100.5735,13.884],[100.573,13.8835]],[[100.5755,13.8835],[100.5755,13.884],[100.5755,13.8835]],[[100.5765,13.8835],[100.577,13.8835],[100.5775,13.8845],[100.577,13.8845],[100.5765,13.8835]],[[100.576,13.8825],[100.5765,13.8825],[100.576,13.8825]],[[100.5775,13.879],[100.5775,13.8795],[100.5775,13.88],[100.5775,13.879]]],[[[100.5545,13.8945],[100.5525,13.893],[100.549,13.894],[100.5495,13.8945],[100.552,13.894],[100.553,13.895],[100.5545,13.8945]]],[[[100.551,13.894],[100.549,13.8945],[100.5495,13.896],[100.551,13.895],[100.5505,13.8945],[100.551,13.894]]],[[[100.5475,13.894],[100.5435,13.893],[100.543,13.8955],[100.5415,13.895],[100.542,13.896],[100.5415,13.897],[100.544,13.8975],[100.544,13.8955],[100.546,13.895],[100.546,13.894],[100.547,13.894],[100.5465,13.8945],[100.5475,13.894]],[[100.545,13.894],[100.5455,13.894],[100.545,13.894]]],[[[100.539,13.898]]],[[[100.4205,13.8755]]],[[[100.43,13.8745]]],[[[100.43,13.8745]]],[[[100.431,13.8775]]],[[[100.431,13.8775]]],[[[100.466,13.872],[100.4665,13.872],[100.466,13.872]]],[[[100.483,13.874]]],[[[100.5055,13.9045],[100.5075,13.906],[100.5075,13.9035],[100.509,13.9025],[100.5085,13.902],[100.509,13.9015],[100.506,13.902],[100.5065,13.9025],[100.5055,13.9045]]],[[[100.516,13.844],[100.5165,13.844],[100.516,13.844]]],[[[100.511,13.858],[100.5115,13.858],[100.511,13.857],[100.511,13.858]]],[[[100.514,13.8895]]],[[[100.514,13.8895]]],[[[100.5135,13.889],[100.5145,13.889],[100.5145,13.888],[100.514,13.8885],[100.5135,13.888],[100.5135,13.889]]],[[[100.5185,13.9095]]],[[[100.5185,13.9095]]],[[[100.52,13.9055]]],[[[100.5305,13.816]]],[[[100.5305,13.8155],[100.5305,13.816],[100.5305,13.8155]]],[[[100.531,13.805],[100.5315,13.805],[100.531,13.805]]],[[[100.5285,13.8305],[100.5275,13.831],[100.528,13.832],[100.529,13.831],[100.5285,13.8305]]],[[[100.529,13.822],[100.5295,13.822],[100.529,13.822]]],[[[100.5305,13.804],[100.53,13.804],[100.5305,13.804]]],[[[100.5355,13.8055],[100.5365,13.8055],[100.536,13.805],[100.5355,13.8055]]],[[[100.532,13.9065]]],[[[100.532,13.907]]],[[[100.532,13.907]]],[[[100.532,13.907],[100.5315,13.907],[100.532,13.907]]],[[[100.5315,13.907]]],[[[100.537,13.901]]],[[[100.537,13.901]]],[[[100.537,13.9005]]],[[[100.537,13.9005]]],[[[100.537,13.9005]]],[[[100.537,13.901]]],[[[100.57,13.8245]]],[[[100.569,13.802],[100.567,13.804],[100.5675,13.805],[100.567,13.8065],[100.569,13.8065],[100.5675,13.806],[100.5685,13.806],[100.5685,13.805],[100.57,13.8045],[100.5715,13.8045],[100.572,13.8055],[100.572,13.8025],[100.571,13.8015],[100.573,13.8015],[100.573,13.8005],[100.571,13.8],[100.5705,13.802],[100.57,13.801],[100.569,13.802]],[[100.569,13.8045]],[[100.5705,13.8035],[100.5705,13.804],[100.5705,13.8035]]],[[[100.5665,13.808],[100.5645,13.8075],[100.565,13.8085],[100.566,13.8085],[100.565,13.8085],[100.5645,13.8095],[100.566,13.81],[100.566,13.809],[100.567,13.809],[100.5665,13.808]]],[[[100.5645,13.808],[100.564,13.807],[100.563,13.807],[100.563,13.806],[100.562,13.806],[100.5615,13.808],[100.5605,13.8035],[100.56,13.803],[100.5595,13.804],[100.5585,13.804],[100.5595,13.802],[100.558,13.801],[100.557,13.801],[100.5565,13.802],[100.557,13.8],[100.5565,13.8005],[100.5555,13.7995],[100.556,13.8015],[100.555,13.8015],[100.5555,13.8035],[100.556,13.8025],[100.558,13.803],[100.557,13.8035],[100.557,13.8045],[100.558,13.804],[100.5585,13.8055],[100.56,13.8055],[100.5585,13.807],[100.559,13.8075],[100.5585,13.806],[100.557,13.806],[100.5585,13.8075],[100.5575,13.8085],[100.558,13.809],[100.5595,13.81],[100.56,13.8085],[100.5615,13.809],[100.5625,13.808],[100.564,13.8085],[100.5645,13.808]],[[100.5605,13.8075],[100.561,13.8065],[100.561,13.8075],[100.5605,13.8075]],[[100.559,13.808],[100.559,13.8085],[100.559,13.808]],[[100.558,13.8085],[100.5575,13.8085],[100.558,13.8085]]],[[[100.5555,13.798],[100.5565,13.796],[100.555,13.7955],[100.555,13.7945],[100.5535,13.796],[100.5525,13.7955],[100.553,13.794],[100.552,13.792],[100.551,13.796],[100.5555,13.798]]],[[[100.552,13.7905]]],[[[100.552,13.7905]]],[[[100.552,13.7905]]],[[[100.552,13.79],[100.5545,13.789],[100.5545,13.788],[100.553,13.7875],[100.553,13.7865],[100.5545,13.786],[100.553,13.7845],[100.5535,13.7835],[100.551,13.783],[100.5515,13.782],[100.5505,13.7815],[100.5515,13.781],[100.5495,13.78],[100.5495,13.7815],[100.5485,13.782],[100.5495,13.7825],[100.5485,13.7835],[100.5495,13.7835],[100.549,13.7845],[100.551,13.785],[100.5525,13.787],[100.5515,13.787],[100.5505,13.7885],[100.552,13.79]],[[100.5495,13.783]]],[[[100.5475,13.7795],[100.5495,13.779],[100.547,13.7765],[100.5475,13.777],[100.549,13.776],[100.549,13.775],[100.5475,13.7745],[100.5485,13.774],[100.547,13.774],[100.5485,13.771],[100.547,13.77],[100.5465,13.7705],[100.546,13.7695],[100.5465,13.7705],[100.5455,13.771],[100.5465,13.7725],[100.5455,13.772],[100.5445,13.773],[100.5465,13.774],[100.546,13.7765],[100.5475,13.7795]],[[100.547,13.7765],[100.5465,13.7765],[100.547,13.7765]],[[100.5475,13.778]]],[[[100.5435,13.7675],[100.545,13.765],[100.5455,13.762],[100.547,13.762],[100.548,13.7585],[100.5485,13.759],[100.549,13.7585],[100.548,13.757],[100.546,13.757],[100.547,13.7585],[100.546,13.758],[100.546,13.759],[100.545,13.759],[100.5455,13.7595],[100.5445,13.7595],[100.544,13.7605],[100.543,13.7595],[100.543,13.761],[100.5415,13.7605],[100.5415,13.7595],[100.541,13.7605],[100.5405,13.762],[100.543,13.763],[100.542,13.764],[100.5425,13.765],[100.5415,13.7645],[100.5405,13.765],[100.54,13.767],[100.5445,13.7685],[100.5435,13.7675]],[[100.543,13.767],[100.543,13.7675],[100.543,13.767]],[[100.5435,13.7625],[100.5435,13.762],[100.5435,13.7625]],[[100.5465,13.759],[100.546,13.759],[100.5465,13.759]],[[100.5455,13.7605],[100.5455,13.761],[100.5455,13.7605]],[[100.5465,13.76],[100.5465,13.7595],[100.5465,13.76]]],[[[100.545,13.756]]],[[[100.5575,13.7535],[100.555,13.7545],[100.556,13.755],[100.558,13.7545],[100.5575,13.7535]]],[[[100.5595,13.754],[100.56,13.755],[100.558,13.756],[100.557,13.7575],[100.56,13.759],[100.561,13.758],[100.56,13.756],[100.561,13.756],[100.562,13.7545],[100.5625,13.755],[100.563,13.7535],[100.5595,13.754]]],[[[100.561,13.757],[100.562,13.761],[100.5625,13.7605],[100.563,13.7615],[100.562,13.7635],[100.564,13.7655],[100.5645,13.7665],[100.564,13.767],[100.5665,13.7675],[100.567,13.7695],[100.566,13.771],[100.567,13.7705],[100.567,13.7715],[100.5695,13.772],[100.57,13.7715],[100.57,13.773],[100.569,13.773],[100.5685,13.774],[100.568,13.7735],[100.5665,13.775],[100.566,13.776],[100.5665,13.7775],[100.5655,13.777],[100.5655,13.7785],[100.564,13.779],[100.566,13.779],[100.5655,13.7795],[100.5675,13.781],[100.5695,13.781],[100.57,13.783],[100.571,13.7835],[100.5705,13.785],[100.5685,13.7855],[100.569,13.787],[100.568,13.787],[100.568,13.788],[100.567,13.7875],[100.565,13.7895],[100.567,13.7915],[100.568,13.791],[100.5675,13.7915],[100.568,13.7935],[100.569,13.794],[100.57,13.7935],[100.5695,13.7945],[100.5685,13.794],[100.5675,13.795],[100.569,13.7965],[100.5675,13.7955],[100.5665,13.796],[100.5665,13.797],[100.5675,13.7975],[100.5675,13.7985],[100.5685,13.798],[100.5685,13.799],[100.5695,13.7995],[100.569,13.8005],[100.5705,13.8005],[100.571,13.8],[100.5695,13.797],[100.5705,13.7965],[100.57,13.796],[100.5705,13.7955],[100.5715,13.795],[100.572,13.7955],[100.5735,13.7935],[100.573,13.792],[100.5735,13.791],[100.572,13.7905],[100.57,13.792],[100.5695,13.79],[100.5685,13.7895],[100.57,13.7885],[100.57,13.7875],[100.5725,13.788],[100.5725,13.787],[100.5705,13.7865],[100.5725,13.7855],[100.572,13.785],[100.5735,13.7835],[100.5735,13.7825],[100.572,13.782],[100.571,13.7825],[100.5705,13.78],[100.57,13.7805],[100.569,13.78],[100.5685,13.779],[100.569,13.7785],[100.568,13.779],[100.5675,13.7775],[100.5685,13.7775],[100.568,13.7765],[100.57,13.776],[100.57,13.775],[100.5715,13.7745],[100.572,13.775],[100.573,13.7725],[100.5695,13.7715],[100.5695,13.77],[100.5675,13.769],[100.568,13.768],[100.5665,13.765],[100.5645,13.765],[100.565,13.762],[100.564,13.762],[100.5635,13.7605],[100.5645,13.7595],[100.563,13.759],[100.5625,13.7565],[100.563,13.758],[100.5625,13.7585],[100.562,13.757],[100.561,13.757]],[[100.5675,13.7805],[100.568,13.7805],[100.5675,13.7805]],[[100.568,13.7805],[100.5685,13.7805],[100.568,13.7805]],[[100.569,13.792],[100.569,13.7915],[100.569,13.792]],[[100.5685,13.789],[100.569,13.7885],[100.569,13.789],[100.5685,13.789]],[[100.5665,13.7905]],[[100.569,13.786],[100.5695,13.786],[100.569,13.786]],[[100.5715,13.785]],[[100.5725,13.774],[100.572,13.7735],[100.5725,13.774]],[[100.57,13.7745],[100.5715,13.774],[100.5715,13.7745],[100.57,13.7745]],[[100.5695,13.787],[100.5705,13.787],[100.57,13.7875],[100.5695,13.787]],[[100.57,13.786],[100.5705,13.786],[100.57,13.786]],[[100.5725,13.793]]],[[[100.569,13.736],[100.5695,13.735],[100.569,13.7335],[100.5685,13.734],[100.569,13.736]]],[[[100.552,13.787]]],[[[100.5525,13.7455],[100.553,13.7455],[100.5525,13.7455]]],[[[100.5525,13.744],[100.552,13.744],[100.5525,13.744]]],[[[100.553,13.7335],[100.551,13.737],[100.5485,13.735],[100.548,13.738],[100.5485,13.7375],[100.548,13.7365],[100.547,13.7365],[100.5475,13.736],[100.5465,13.7355],[100.547,13.734],[100.546,13.733],[100.548,13.7335],[100.549,13.7325],[100.548,13.732],[100.5485,13.7295],[100.5505,13.73],[100.5505,13.7285],[100.552,13.728],[100.5525,13.731],[100.5535,13.7295],[100.5545,13.7295],[100.5545,13.7285],[100.5555,13.7285],[100.557,13.7315],[100.5565,13.731],[100.5545,13.7335],[100.5575,13.7355],[100.558,13.734],[100.5575,13.733],[100.5585,13.7325],[100.5585,13.727],[100.5575,13.7275],[100.557,13.7265],[100.556,13.7275],[100.5555,13.726],[100.5565,13.7255],[100.5555,13.7255],[100.5545,13.726],[100.5545,13.727],[100.554,13.7265],[100.5525,13.728],[100.5525,13.725],[100.5525,13.7255],[100.5505,13.725],[100.551,13.726],[100.55,13.7265],[100.55,13.7275],[100.5485,13.728],[100.548,13.7295],[100.5475,13.729],[100.546,13.7325],[100.543,13.7305],[100.5425,13.731],[100.543,13.732],[100.5415,13.7335],[100.54,13.7335],[100.5405,13.7345],[100.5395,13.7355],[100.54,13.7365],[100.5435,13.736],[100.545,13.739],[100.5445,13.7405],[100.5435,13.7405],[100.545,13.74],[100.5455,13.7375],[100.546,13.739],[100.547,13.738],[100.5485,13.739],[100.549,13.738],[100.55,13.739],[100.552,13.739],[100.5525,13.7365],[100.5545,13.7375],[100.5545,13.7365],[100.5555,13.7365],[100.555,13.735],[100.553,13.7335]],[[100.545,13.736],[100.544,13.7345],[100.543,13.7355],[100.543,13.7345],[100.5445,13.7335],[100.546,13.736],[100.545,13.736]],[[100.544,13.7315],[100.5445,13.731],[100.544,13.732],[100.544,13.7315]],[[100.543,13.7335],[100.5435,13.733],[100.544,13.7335],[100.5435,13.7335],[100.543,13.7335]],[[100.5415,13.7335],[100.5425,13.7335],[100.5415,13.7335]],[[100.543,13.7315]],[[100.545,13.733]],[[100.545,13.737]],[[100.55,13.7285],[100.55,13.728],[100.55,13.7285]],[[100.55,13.727]],[[100.55,13.737],[100.5505,13.737],[100.55,13.737]]],[[[100.5525,13.7235],[100.5525,13.7245],[100.5525,13.7235]]],[[[100.5435,13.7295]]],[[[100.541,13.733],[100.541,13.7325],[100.541,13.733]]],[[[100.5405,13.7625],[100.5405,13.762],[100.54,13.762],[100.5405,13.7625]]],[[[100.538,13.7675]]],[[[100.541,13.776]]],[[[100.543,13.747]]],[[[100.547,13.7475]]],[[[100.547,13.7475]]],[[[100.547,13.748],[100.547,13.7485],[100.548,13.7485],[100.547,13.748]]],[[[100.5455,13.7405],[100.5455,13.741],[100.5455,13.7405]]],[[[100.5475,13.729]]],[[[100.551,13.7455],[100.551,13.747],[100.551,13.7465],[100.551,13.7455]]],[[[100.5485,13.7825],[100.5485,13.782],[100.5485,13.7825]]],[[[100.556,13.805],[100.556,13.804],[100.556,13.8045],[100.556,13.805]]],[[[100.5645,13.8155],[100.564,13.8155],[100.564,13.816],[100.5645,13.816],[100.5645,13.8155]]],[[[100.5685,13.8295],[100.5685,13.83],[100.5685,13.8295]]],[[[100.5625,13.752],[100.5635,13.7525],[100.5635,13.752],[100.5625,13.752]]],[[[100.5615,13.75],[100.561,13.7505],[100.5615,13.7505],[100.5615,13.75]]],[[[100.557,13.726]]],[[[100.557,13.726]]],[[[100.557,13.726]]],[[[100.556,13.7235],[100.556,13.724],[100.5565,13.7235],[100.556,13.7235]]],[[[100.5575,13.7355],[100.5575,13.736],[100.5575,13.7355]]],[[[100.5655,13.731],[100.566,13.732],[100.567,13.7315],[100.5655,13.731]]],[[[100.5635,13.7605]]],[[[100.564,13.739],[100.5635,13.739],[100.564,13.739]]],[[[100.567,13.7355]]],[[[100.5705,13.888]]],[[[100.5705,13.888]]],[[[100.5705,13.888]]],[[[100.5705,13.888]]],[[[100.5405,13.9045],[100.541,13.9045],[100.5405,13.9045]]],[[[100.5405,13.9045]]],[[[100.5405,13.9045]]],[[[100.5405,13.9045]]],[[[100.547,13.896],[100.548,13.896],[100.5475,13.895],[100.5465,13.895],[100.547,13.896]]],[[[100.547,13.916]]],[[[100.547,13.9155],[100.5475,13.9155],[100.547,13.9155]]],[[[100.5475,13.9155]]],[[[100.559,13.8965]]],[[[100.559,13.8965]]],[[[100.559,13.8965]]],[[[100.564,13.889]]],[[[100.565,13.8935],[100.5645,13.8935],[100.5645,13.894],[100.565,13.894],[100.565,13.8935]]],[[[100.5735,13.7945],[100.5735,13.795],[100.574,13.7945],[100.5735,13.7945]]],[[[100.5735,13.795]]],[[[100.5745,13.786],[100.5755,13.7865],[100.5755,13.7855],[100.5745,13.786]]],[[[100.5745,13.7755],[100.5745,13.7765],[100.5755,13.7755],[100.5745,13.7755]]],[[[100.5715,13.7905]]],[[[100.5725,13.7665]]],[[[100.5725,13.7665]]],[[[100.5725,13.7665]]],[[[100.5725,13.7665]]],[[[100.5725,13.7665]]],[[[100.572,13.7665],[100.5725,13.7665],[100.572,13.7665]]],[[[100.572,13.7665]]],[[[100.572,13.7665]]],[[[100.572,13.7665]]],[[[100.572,13.7665],[100.5725,13.7675],[100.572,13.7665]]],[[[100.5705,13.78]]],[[[100.5705,13.78]]],[[[100.5705,13.78]]],[[[100.5705,13.78]]],[[[100.5705,13.78]]],[[[100.571,13.8055],[100.571,13.805],[100.571,13.8055]]],[[[100.5725,13.805],[100.573,13.805],[100.5725,13.805]]],[[[100.5765,13.8035]]],[[[100.577,13.791],[100.5765,13.792],[100.5775,13.792],[100.577,13.791]]],[[[100.5785,13.847],[100.578,13.847],[100.5785,13.847]]],[[[100.572,13.829],[100.573,13.8295],[100.573,13.829],[100.572,13.829]]],[[[100.578,13.847]]],[[[100.578,13.847]]],[[[100.578,13.847]]],[[[100.578,13.847]]],[[[100.578,13.847]]],[[[100.578,13.847]]],[[[100.5785,13.8845],[100.579,13.8845],[100.5785,13.884],[100.578,13.884],[100.5785,13.8845]]],[[[100.573,13.8875]]],[[[100.573,13.8875]]],[[[100.573,13.8875]]],[[[100.5745,13.891]]],[[[100.5765,13.89]]],[[[100.58,13.88]]],[[[100.585,13.881]]],[[[100.585,13.881]]],[[[100.585,13.881]]],[[[100.585,13.881]]],[[[100.585,13.881]]],[[[100.585,13.881],[100.5855,13.881],[100.585,13.881]]],[[[100.5855,13.881]]],[[[100.5855,13.883],[100.586,13.883],[100.586,13.8825],[100.5855,13.883]]],[[[100.5855,13.888]]],[[[100.593,13.8765]]],[[[100.588,13.863]]],[[[100.588,13.863]]],[[[100.588,13.863]]],[[[100.587,13.86]]],[[[100.59,13.8815],[100.5895,13.881],[100.589,13.8805],[100.5895,13.8815],[100.59,13.8815]]],[[[100.592,13.871]]],[[[100.596,13.88]]],[[[100.6055,13.888],[100.606,13.888],[100.6055,13.888]]],[[[100.5985,13.8845]]],[[[100.5985,13.8845]]],[[[100.5985,13.8845]]],[[[100.6,13.8805]]],[[[100.6,13.8805]]],[[[100.623,13.8555]]],[[[100.6295,13.855],[100.6295,13.8545],[100.6295,13.855]]],[[[100.6645,13.8405]]],[[[100.6645,13.8405]]],[[[100.6645,13.8405]]],[[[100.648,13.8475],[100.6465,13.8485],[100.648,13.8485],[100.648,13.8475]]],[[[100.648,13.849],[100.6485,13.8495],[100.6485,13.849],[100.648,13.849]]],[[[100.6805,13.8265],[100.6805,13.826],[100.68,13.826],[100.6805,13.8265]]],[[[100.6795,13.8265],[100.679,13.827],[100.6795,13.8275],[100.68,13.827],[100.6795,13.8265]]],[[[100.6775,13.827]]],[[[100.5985,13.919],[100.598,13.919],[100.5985,13.919]]],[[[100.598,13.9175],[100.5985,13.917],[100.5975,13.9175],[100.5985,13.918],[100.598,13.9175]]],[[[100.574,13.7265],[100.575,13.726],[100.574,13.7255],[100.574,13.7265]]],[[[100.5815,13.7255]]],[[[100.5815,13.7255]]],[[[100.5815,13.7255]]],[[[100.5815,13.7255]]],[[[100.5795,13.728]]],[[[100.5865,13.717],[100.5865,13.7165],[100.5865,13.717]]],[[[100.5865,13.7165]]],[[[100.5865,13.7165]]],[[[100.5865,13.7165]]],[[[100.5865,13.7165]]],[[[100.601,13.6935]]],[[[100.604,13.6715],[100.604,13.672],[100.604,13.6715]]],[[[100.6055,13.672],[100.605,13.672],[100.6055,13.672]]],[[[100.607,13.6865]]],[[[100.607,13.6865]]],[[[100.607,13.6865],[100.607,13.687],[100.607,13.6865]]],[[[100.607,13.687]]],[[[100.6085,13.683],[100.61,13.6845],[100.6095,13.683],[100.6085,13.683]]],[[[100.609,13.6775]]],[[[100.609,13.6775]]],[[[100.609,13.6775]]],[[[100.6085,13.6765],[100.6085,13.676],[100.6085,13.6765]]],[[[100.6085,13.676]]],[[[100.608,13.6865]]],[[[100.6115,13.687],[100.6105,13.6865],[100.6105,13.687],[100.6115,13.687]]],[[[100.5455,13.821],[100.5445,13.82],[100.544,13.8205],[100.546,13.8235],[100.547,13.8215],[100.546,13.819],[100.545,13.8205],[100.546,13.8205],[100.546,13.8215],[100.5455,13.821]]],[[[100.5495,13.8275],[100.5485,13.8275],[100.5495,13.829],[100.55,13.8285],[100.5495,13.8275]]],[[[100.549,13.8295],[100.5475,13.8285],[100.5465,13.831],[100.547,13.8315],[100.5495,13.831],[100.5485,13.832],[100.549,13.8325],[100.553,13.8335],[100.552,13.836],[100.553,13.837],[100.5525,13.838],[100.5535,13.8385],[100.5525,13.8385],[100.552,13.8375],[100.551,13.838],[100.5515,13.839],[100.55,13.8395],[100.552,13.841],[100.553,13.843],[100.5535,13.8415],[100.554,13.842],[100.5545,13.8415],[100.555,13.8395],[100.5535,13.84],[100.553,13.8395],[100.554,13.837],[100.555,13.8365],[100.5525,13.8315],[100.552,13.8325],[100.549,13.8295]]],[[[100.555,13.841],[100.5565,13.8425],[100.556,13.841],[100.555,13.841]]],[[[100.556,13.85],[100.5545,13.85],[100.554,13.851],[100.5545,13.852],[100.556,13.853],[100.5565,13.852],[100.5575,13.852],[100.5565,13.8525],[100.558,13.8535],[100.558,13.8525],[100.559,13.8525],[100.5595,13.851],[100.5585,13.85],[100.5585,13.851],[100.5575,13.851],[100.557,13.8495],[100.556,13.85]],[[100.5575,13.851],[100.557,13.851],[100.5575,13.851]],[[100.555,13.8505]]],[[[100.5595,13.8525],[100.5595,13.8545],[100.5625,13.855],[100.565,13.8595],[100.5635,13.856],[100.5645,13.855],[100.5595,13.8525]]],[[[100.566,13.861]]],[[[100.566,13.861],[100.5625,13.8595],[100.561,13.8605],[100.5615,13.8625],[100.5635,13.864],[100.5655,13.8635],[100.564,13.8625],[100.564,13.8615],[100.566,13.861]]],[[[100.567,13.8645],[100.568,13.865],[100.5675,13.864],[100.567,13.8645]]],[[[100.568,13.865],[100.5675,13.865],[100.568,13.866],[100.569,13.866],[100.5685,13.8675],[100.572,13.868],[100.571,13.865],[100.5695,13.8645],[100.57,13.8665],[100.5685,13.8645],[100.568,13.865]]],[[[100.566,13.8565],[100.5665,13.8535],[100.5655,13.8535],[100.565,13.8525],[100.566,13.8525],[100.566,13.8515],[100.5645,13.852],[100.5635,13.85],[100.5625,13.8505],[100.564,13.8535],[100.565,13.8535],[100.5645,13.854],[100.566,13.8565]]],[[[100.5625,13.8475],[100.5665,13.846],[100.567,13.845],[100.565,13.8445],[100.5645,13.8455],[100.564,13.8435],[100.563,13.844],[100.5635,13.846],[100.563,13.845],[100.5595,13.8435],[100.559,13.842],[100.561,13.84],[100.5575,13.8365],[100.5565,13.834],[100.556,13.8355],[100.555,13.8355],[100.5565,13.8375],[100.557,13.8365],[100.5575,13.837],[100.558,13.84],[100.5575,13.8405],[100.557,13.84],[100.561,13.846],[100.564,13.846],[100.5625,13.8475]],[[100.559,13.839],[100.5595,13.839],[100.559,13.8395],[100.559,13.839]],[[100.5595,13.8405],[100.56,13.8405],[100.5595,13.8405]]],[[[100.547,13.8215]]],[[[100.557,13.8395]]],[[[100.557,13.8395]]],[[[100.557,13.8395]]],[[[100.557,13.8395]]],[[[100.557,13.8395]]],[[[100.557,13.8395]]],[[[100.557,13.8395]]],[[[100.557,13.8395]]],[[[100.557,13.8395]]],[[[100.557,13.8395]]],[[[100.562,13.847],[100.5615,13.847],[100.562,13.847]]],[[[100.586,13.6215],[100.5835,13.624],[100.584,13.6245],[100.586,13.6215]]],[[[100.588,13.627],[100.588,13.6285],[100.5895,13.63],[100.59,13.6295],[100.589,13.629],[100.589,13.628],[100.592,13.6265],[100.594,13.627],[100.5935,13.626],[100.597,13.624],[100.596,13.6225],[100.597,13.6215],[100.596,13.6205],[100.597,13.62],[100.597,13.619],[100.5955,13.619],[100.594,13.6205],[100.5945,13.621],[100.594,13.6215],[100.5925,13.6215],[100.595,13.6235],[100.5925,13.6255],[100.5915,13.6245],[100.591,13.6255],[100.5915,13.626],[100.5895,13.6255],[100.589,13.6265],[100.5895,13.6275],[100.588,13.627]]],[[[100.589,13.6185]]],[[[100.589,13.6185]]],[[[100.589,13.6185]]],[[[100.589,13.6185],[100.5905,13.617],[100.5895,13.6165],[100.59,13.616],[100.5895,13.6155],[100.5875,13.6165],[100.5875,13.618],[100.589,13.6185]]],[[[100.586,13.6215],[100.586,13.621],[100.586,13.6215]]],[[[100.586,13.6215]]],[[[100.586,13.622]]],[[[100.5935,13.6505],[100.5945,13.651],[100.5955,13.6495],[100.5935,13.648],[100.593,13.6485],[100.5935,13.6505]],[[100.594,13.65]]],[[[100.594,13.6465],[100.5925,13.646],[100.5925,13.6475],[100.5935,13.6475],[100.593,13.647],[100.594,13.6465]]],[[[100.5915,13.632],[100.5915,13.633],[100.5925,13.6325],[100.593,13.6335],[100.591,13.635],[100.593,13.6345],[100.5925,13.6335],[100.594,13.635],[100.5945,13.6345],[100.594,13.6335],[100.5955,13.6345],[100.595,13.633],[100.5955,13.6345],[100.596,13.634],[100.598,13.635],[100.5965,13.6375],[100.596,13.637],[100.5985,13.6395],[100.598,13.638],[100.599,13.6375],[100.598,13.6375],[100.598,13.6365],[100.599,13.636],[100.6,13.6365],[100.599,13.633],[100.596,13.6315],[100.5945,13.632],[100.595,13.6315],[100.5945,13.631],[100.593,13.6315],[100.594,13.632],[100.5935,13.6325],[100.5925,13.6315],[100.5915,13.632]],[[100.596,13.633],[100.596,13.6325],[100.596,13.633]]],[[[100.5955,13.639],[100.597,13.6385],[100.5965,13.638],[100.5955,13.639]]],[[[100.5935,13.742],[100.594,13.7445],[100.5955,13.7445],[100.598,13.747],[100.599,13.7465],[100.5985,13.7435],[100.598,13.7445],[100.596,13.743],[100.598,13.7405],[100.596,13.74],[100.595,13.7405],[100.596,13.7415],[100.5955,13.742],[100.595,13.7415],[100.5935,13.742]],[[100.596,13.744]],[[100.5965,13.7445],[100.597,13.7445],[100.5965,13.7445]]],[[[100.599,13.746],[100.601,13.749],[100.603,13.7475],[100.603,13.7485],[100.6075,13.7495],[100.608,13.7465],[100.607,13.7455],[100.6055,13.746],[100.6055,13.747],[100.6005,13.7465],[100.601,13.7455],[100.6,13.7455],[100.6,13.7465],[100.599,13.746]],[[100.6045,13.747]]],[[[100.605,13.7455],[100.6065,13.745],[100.6075,13.7455],[100.6085,13.744],[100.6065,13.7435],[100.607,13.744],[100.606,13.7445],[100.6055,13.743],[100.604,13.7425],[100.604,13.7435],[100.605,13.7435],[100.6055,13.745],[100.605,13.7455]]],[[[100.606,13.7425],[100.609,13.742],[100.609,13.741],[100.606,13.7425]]],[[[100.605,13.742],[100.6045,13.74],[100.6055,13.741],[100.606,13.739],[100.607,13.739],[100.6065,13.738],[100.6055,13.7375],[100.6045,13.739],[100.604,13.738],[100.603,13.738],[100.603,13.739],[100.6025,13.738],[100.601,13.738],[100.602,13.7385],[100.602,13.7395],[100.604,13.7395],[100.603,13.741],[100.605,13.742]]],[[[100.601,13.739],[100.6005,13.738],[100.599,13.738],[100.5995,13.737],[100.5985,13.7365],[100.5985,13.7355],[100.5975,13.7355],[100.5975,13.7365],[100.5965,13.737],[100.5985,13.7395],[100.599,13.7385],[100.601,13.739]]],[[[100.5985,13.7395]]],[[[100.5985,13.7395]]],[[[100.5975,13.7425]]],[[[100.5975,13.7425]]],[[[100.5975,13.7425]]],[[[100.5975,13.7425]]],[[[100.5975,13.7425]]],[[[100.5975,13.7425]]],[[[100.5975,13.7425]]],[[[100.598,13.7425],[100.5975,13.7425],[100.598,13.7425]]],[[[100.5975,13.7425]]],[[[100.5965,13.7425]]],[[[100.6025,13.9945],[100.6015,13.9945],[100.6015,13.9955],[100.6025,13.9945]]],[[[100.603,13.9905],[100.604,13.99],[100.604,13.9875],[100.6065,13.988],[100.607,13.987],[100.6065,13.986],[100.6055,13.986],[100.6055,13.984],[100.604,13.9835],[100.603,13.9815],[100.603,13.9855],[100.6045,13.9865],[100.6035,13.987],[100.603,13.9905]]],[[[100.6,13.61],[100.6,13.612],[100.6005,13.6115],[100.603,13.612],[100.603,13.611],[100.602,13.6105],[100.603,13.6095],[100.603,13.608],[100.6015,13.6075],[100.6005,13.608],[100.602,13.607],[100.6015,13.605],[100.6,13.6055],[100.5985,13.6045],[100.599,13.605],[100.5985,13.6065],[100.6,13.607],[100.599,13.6075],[100.599,13.6085],[100.6,13.6085],[100.6005,13.6095],[100.6,13.61]],[[100.5995,13.606],[100.5995,13.6065],[100.5995,13.606]],[[100.6005,13.6065],[100.601,13.606],[100.6005,13.6065]]],[[[100.598,13.604],[100.596,13.604],[100.5975,13.605],[100.598,13.604]]],[[[100.5975,13.6625],[100.5955,13.6635],[100.5965,13.665],[100.597,13.664],[100.5985,13.665],[100.598,13.6635],[100.599,13.662],[100.5985,13.6605],[100.597,13.6605],[100.5975,13.6625]]],[[[100.6005,13.663],[100.601,13.6635],[100.6015,13.663],[100.6005,13.663],[100.6005,13.6615],[100.5995,13.6615],[100.6,13.6635],[100.6005,13.663]]],[[[100.605,13.666],[100.6045,13.666],[100.6065,13.6655],[100.606,13.663],[100.606,13.665],[100.605,13.665],[100.605,13.666]]],[[[100.606,13.663],[100.607,13.6655],[100.6075,13.6655],[100.607,13.664],[100.6075,13.665],[100.6085,13.665],[100.6095,13.663],[100.609,13.6615],[100.6095,13.661],[100.6095,13.662],[100.6105,13.662],[100.61,13.661],[100.611,13.6605],[100.6105,13.6595],[100.61,13.6605],[100.608,13.658],[100.6075,13.659],[100.6065,13.658],[100.6075,13.656],[100.6065,13.6555],[100.606,13.656],[100.6055,13.655],[100.6045,13.6555],[100.604,13.6545],[100.6035,13.6555],[100.6045,13.6575],[100.604,13.6585],[100.6045,13.66],[100.605,13.6585],[100.6065,13.6605],[100.607,13.66],[100.6085,13.6615],[100.6075,13.6625],[100.607,13.662],[100.607,13.663],[100.606,13.663]],[[100.6065,13.657]],[[100.606,13.657]],[[100.608,13.6595],[100.6075,13.6595],[100.608,13.6595]],[[100.608,13.6605],[100.608,13.66],[100.608,13.6605]]],[[[100.6045,13.657]]],[[[100.6045,13.657],[100.604,13.657],[100.6045,13.657]]],[[[100.604,13.657]]],[[[100.604,13.657]]],[[[100.604,13.657]]],[[[100.604,13.657]]],[[[100.604,13.657]]],[[[100.604,13.657],[100.603,13.6545],[100.602,13.654],[100.6005,13.654],[100.6005,13.655],[100.599,13.6555],[100.601,13.657],[100.602,13.656],[100.6025,13.6565],[100.6025,13.6555],[100.603,13.657],[100.6035,13.6565],[100.604,13.657]],[[100.6015,13.6555],[100.602,13.6565],[100.601,13.656],[100.6015,13.6555]]],[[[100.604,13.66],[100.6045,13.6605],[100.604,13.658],[100.6035,13.6585],[100.604,13.66]]],[[[100.6045,13.6605]]],[[[100.6045,13.6605]]],[[[100.604,13.974],[100.6045,13.974],[100.6045,13.9715],[100.6045,13.972],[100.604,13.974]]],[[[100.605,13.9685],[100.6095,13.968],[100.609,13.967],[100.6095,13.9665],[100.6055,13.967],[100.605,13.9685]]],[[[100.606,13.962],[100.6065,13.958],[100.606,13.9575],[100.606,13.962]]],[[[100.608,13.579],[100.6085,13.5785],[100.609,13.58],[100.611,13.5785],[100.6125,13.579],[100.613,13.5785],[100.612,13.5775],[100.6125,13.5765],[100.613,13.577],[100.6135,13.5765],[100.6125,13.5755],[100.61,13.579],[100.609,13.5785],[100.608,13.579]]],[[[100.6115,13.576]]],[[[100.6115,13.576],[100.6115,13.575],[100.6105,13.575],[100.6115,13.576]]],[[[100.61,13.575],[100.611,13.574],[100.6105,13.5735],[100.611,13.572],[100.61,13.573],[100.6075,13.572],[100.6065,13.573],[100.6075,13.575],[100.609,13.5745],[100.609,13.5755],[100.61,13.575]],[[100.609,13.5735],[100.6085,13.574],[100.608,13.573],[100.609,13.5735]]],[[[100.611,13.9095],[100.6105,13.9105],[100.613,13.913],[100.6135,13.9125],[100.6125,13.911],[100.6145,13.9135],[100.616,13.9125],[100.618,13.9145],[100.6185,13.914],[100.619,13.9145],[100.6175,13.9155],[100.619,13.916],[100.6175,13.9165],[100.619,13.917],[100.6215,13.92],[100.6205,13.9195],[100.62,13.9205],[100.621,13.9215],[100.62,13.9215],[100.62,13.9225],[100.621,13.9225],[100.6195,13.925],[100.621,13.9295],[100.6215,13.9285],[100.622,13.929],[100.6225,13.9285],[100.622,13.9275],[100.6225,13.926],[100.6215,13.927],[100.621,13.9255],[100.6235,13.924],[100.6235,13.9225],[100.6225,13.923],[100.622,13.922],[100.623,13.921],[100.6225,13.9195],[100.6255,13.9205],[100.625,13.921],[100.626,13.9215],[100.6255,13.922],[100.6275,13.9225],[100.6275,13.924],[100.631,13.926],[100.631,13.9275],[100.63,13.9285],[100.6285,13.928],[100.629,13.929],[100.6285,13.9295],[100.6265,13.9295],[100.626,13.931],[100.6255,13.93],[100.6255,13.9315],[100.6245,13.931],[100.6235,13.9315],[100.6245,13.9335],[100.6255,13.9325],[100.625,13.9345],[100.6265,13.934],[100.6265,13.9325],[100.628,13.9325],[100.631,13.93],[100.63,13.9295],[100.6315,13.929],[100.633,13.9295],[100.632,13.9285],[100.6335,13.928],[100.632,13.927],[100.6325,13.9255],[100.6315,13.926],[100.629,13.9245],[100.6305,13.923],[100.6295,13.9215],[100.6305,13.922],[100.6315,13.9215],[100.631,13.92],[100.6265,13.921],[100.6265,13.918],[100.625,13.919],[100.6255,13.9175],[100.6235,13.918],[100.622,13.915],[100.6235,13.9145],[100.622,13.912],[100.6235,13.912],[100.623,13.91],[100.6235,13.9095],[100.6235,13.9105],[100.6245,13.91],[100.624,13.909],[100.625,13.9085],[100.6215,13.906],[100.6225,13.906],[100.622,13.905],[100.621,13.905],[100.621,13.906],[100.6205,13.905],[100.6175,13.9045],[100.617,13.9035],[100.6165,13.9045],[100.616,13.904],[100.615,13.9045],[100.614,13.903],[100.6125,13.9035],[100.612,13.9055],[100.613,13.906],[100.6115,13.9065],[100.613,13.907],[100.611,13.908],[100.6115,13.909],[100.611,13.9095]],[[100.6155,13.911],[100.6125,13.9105],[100.6135,13.91],[100.613,13.9075],[100.6145,13.907],[100.614,13.906],[100.615,13.9055],[100.6155,13.906],[100.6165,13.9055],[100.616,13.908],[100.618,13.907],[100.618,13.906],[100.6185,13.907],[100.6195,13.906],[100.62,13.9065],[100.619,13.907],[100.6205,13.907],[100.62,13.9075],[100.6205,13.9085],[100.621,13.9065],[100.6215,13.9075],[100.6225,13.9075],[100.6215,13.9085],[100.6225,13.909],[100.6225,13.91],[100.622,13.9105],[100.621,13.91],[100.6215,13.911],[100.6205,13.911],[100.622,13.9115],[100.6215,13.912],[100.6225,13.914],[100.621,13.912],[100.6205,13.9125],[100.6215,13.9145],[100.6205,13.913],[100.6195,13.913],[100.621,13.916],[100.62,13.916],[100.617,13.9115],[100.6165,13.9125],[100.616,13.9115],[100.615,13.9125],[100.616,13.911],[100.6155,13.91],[100.615,13.9105],[100.6155,13.911]],[[100.616,13.905],[100.615,13.9055],[100.616,13.905]],[[100.6135,13.9065]],[[100.6265,13.9315],[100.627,13.932],[100.6265,13.932],[100.6265,13.9315]],[[100.6265,13.9305],[100.627,13.9305],[100.6265,13.9305]],[[100.6215,13.9235],[100.622,13.923],[100.6225,13.9235],[100.6215,13.9235]],[[100.622,13.92],[100.622,13.9205],[100.622,13.92]],[[100.622,13.9175],[100.6215,13.9155],[100.6225,13.9175],[100.622,13.9175]],[[100.622,13.9105],[100.622,13.911],[100.622,13.9105]],[[100.6175,13.906],[100.619,13.9055],[100.6175,13.9065],[100.6175,13.906]],[[100.617,13.9065],[100.617,13.907],[100.6165,13.9065],[100.617,13.9065]],[[100.6215,13.919],[100.6205,13.917],[100.621,13.9175],[100.622,13.917],[100.6225,13.918],[100.6215,13.919]],[[100.621,13.915],[100.62,13.913],[100.621,13.915]],[[100.6215,13.922]],[[100.6205,13.9255]],[[100.6215,13.927],[100.621,13.926],[100.621,13.927],[100.6215,13.927]],[[100.6215,13.9285]],[[100.6235,13.908],[100.623,13.908],[100.6235,13.908]],[[100.623,13.918],[100.623,13.919],[100.6225,13.918],[100.623,13.918]],[[100.6245,13.9195],[100.624,13.9195],[100.624,13.919],[100.6245,13.9195]],[[100.626,13.9335],[100.626,13.933],[100.626,13.9335]],[[100.628,13.923]],[[100.6295,13.923],[100.6295,13.9225],[100.6295,13.923]],[[100.6305,13.921]],[[100.6285,13.924],[100.6285,13.9235],[100.6285,13.924]],[[100.6285,13.9295]],[[100.6275,13.9305]],[[100.6285,13.9305]]],[[[100.623,13.9265],[100.6225,13.9295],[100.624,13.93],[100.6245,13.927],[100.6235,13.9275],[100.623,13.9265]]],[[[100.627,13.9255],[100.6275,13.9255],[100.6265,13.925],[100.627,13.9245],[100.6265,13.925],[100.627,13.9255]]],[[[100.6255,13.922]]],[[[100.6255,13.922]]],[[[100.6245,13.772],[100.6225,13.775],[100.623,13.776],[100.6215,13.779],[100.623,13.78],[100.6255,13.78],[100.6275,13.7785],[100.625,13.7785],[100.624,13.7775],[100.6255,13.7765],[100.6245,13.775],[100.626,13.774],[100.626,13.773],[100.627,13.7735],[100.6285,13.773],[100.6285,13.7715],[100.6275,13.7705],[100.628,13.7685],[100.627,13.7685],[100.6255,13.772],[100.6245,13.772]],[[100.627,13.7725]],[[100.626,13.7725]],[[100.624,13.774],[100.624,13.7735],[100.624,13.774]],[[100.625,13.7735],[100.6255,13.773],[100.625,13.7735]],[[100.625,13.7795],[100.6245,13.7795],[100.625,13.7795]],[[100.627,13.7715]]],[[[100.627,13.78],[100.6265,13.783],[100.6275,13.783],[100.6275,13.781],[100.6305,13.7835],[100.6325,13.7815],[100.632,13.7785],[100.6305,13.7805],[100.629,13.7795],[100.627,13.78]],[[100.6295,13.781]],[[100.6305,13.781],[100.6315,13.781],[100.6305,13.781]]],[[[100.632,13.778],[100.633,13.7785],[100.633,13.7795],[100.634,13.7795],[100.634,13.7785],[100.6365,13.777],[100.6355,13.7765],[100.6355,13.7755],[100.6345,13.7755],[100.636,13.7725],[100.638,13.7725],[100.6375,13.772],[100.638,13.7705],[100.636,13.77],[100.634,13.768],[100.633,13.769],[100.633,13.767],[100.632,13.7675],[100.631,13.77],[100.631,13.768],[100.63,13.77],[100.6305,13.768],[100.6295,13.767],[100.6285,13.77],[100.6315,13.771],[100.6315,13.77],[100.6325,13.77],[100.6335,13.772],[100.634,13.7715],[100.635,13.772],[100.6335,13.774],[100.632,13.774],[100.632,13.776],[100.633,13.776],[100.632,13.777],[100.633,13.7775],[100.632,13.778]],[[100.632,13.769],[100.632,13.77],[100.632,13.769]]],[[[100.6275,13.774],[100.627,13.774],[100.6275,13.774]]],[[[100.6405,13.735],[100.6375,13.736],[100.6395,13.738],[100.639,13.7385],[100.64,13.7395],[100.6395,13.7395],[100.64,13.741],[100.6415,13.7395],[100.6435,13.7445],[100.6445,13.741],[100.643,13.7405],[100.6435,13.742],[100.643,13.742],[100.6415,13.7385],[100.64,13.738],[100.641,13.737],[100.6405,13.7355],[100.6415,13.735],[100.643,13.7365],[100.6435,13.736],[100.643,13.735],[100.644,13.7345],[100.644,13.736],[100.6445,13.7355],[100.6445,13.7365],[100.646,13.737],[100.6455,13.7355],[100.6465,13.735],[100.6465,13.734],[100.643,13.7345],[100.6435,13.7335],[100.6415,13.733],[100.642,13.7325],[100.6415,13.732],[100.6405,13.733],[100.6405,13.735]],[[100.64,13.7375],[100.6405,13.7375],[100.64,13.7375]],[[100.64,13.7375],[100.6395,13.738],[100.6395,13.7375],[100.64,13.7375]],[[100.642,13.735],[100.642,13.7345],[100.6415,13.735],[100.642,13.735]],[[100.644,13.741]]],[[[100.646,13.7425],[100.647,13.743],[100.646,13.7425]]],[[[100.647,13.743]]],[[[100.6475,13.743],[100.648,13.7455],[100.649,13.744],[100.65,13.744],[100.6495,13.743],[100.6505,13.742],[100.6475,13.743]]],[[[100.65,13.74],[100.654,13.738],[100.6525,13.736],[100.652,13.736],[100.6525,13.737],[100.6475,13.7375],[100.652,13.7375],[100.65,13.7385],[100.65,13.74]],[[100.6515,13.7385],[100.652,13.7385],[100.6515,13.7385]]],[[[100.637,13.932],[100.6405,13.933],[100.64,13.9325],[100.6405,13.932],[100.6375,13.9315],[100.637,13.932]]],[[[100.6415,13.934]]],[[[100.6415,13.934]]],[[[100.641,13.9345]]],[[[100.641,13.9345],[100.641,13.937],[100.642,13.938],[100.643,13.937],[100.642,13.935],[100.645,13.935],[100.6455,13.9335],[100.643,13.9335],[100.642,13.934],[100.642,13.935],[100.641,13.9345]]],[[[100.646,13.933],[100.6465,13.9335],[100.649,13.9335],[100.6485,13.933],[100.646,13.933]]],[[[100.649,13.9335]]],[[[100.649,13.9335]]],[[[100.651,13.9335],[100.6515,13.934],[100.653,13.9325],[100.6535,13.9335],[100.6545,13.9325],[100.6535,13.9305],[100.652,13.931],[100.6515,13.932],[100.652,13.9325],[100.651,13.9335]]],[[[100.649,13.932],[100.6495,13.9315],[100.649,13.931],[100.6475,13.932],[100.6505,13.932],[100.649,13.932]]],[[[100.686,13.7335],[100.685,13.7335],[100.686,13.734],[100.686,13.7335]]],[[[100.685,13.7335]]],[[[100.685,13.7335]]],[[[100.685,13.734],[100.685,13.7335],[100.685,13.734]]],[[[100.6845,13.7345],[100.684,13.7355],[100.685,13.735],[100.6855,13.7355],[100.6845,13.7345]]],[[[100.6875,13.7355],[100.6875,13.7385],[100.688,13.7365],[100.6885,13.737],[100.693,13.7365],[100.69,13.7355],[100.6895,13.7345],[100.6875,13.7355]],[[100.689,13.7355]]],[[[100.693,13.7365],[100.6935,13.7365],[100.693,13.7365]]],[[[100.6935,13.737],[100.6945,13.7375],[100.6955,13.736],[100.697,13.736],[100.6965,13.734],[100.6985,13.734],[100.6965,13.7335],[100.6995,13.733],[100.6995,13.732],[100.697,13.732],[100.696,13.7325],[100.6965,13.733],[100.696,13.7335],[100.6935,13.734],[100.694,13.735],[100.6955,13.735],[100.6955,13.734],[100.695,13.7355],[100.6935,13.736],[100.694,13.7365],[100.6935,13.737]],[[100.694,13.737],[100.694,13.7365],[100.694,13.737]]],[[[100.6955,13.7325],[100.6955,13.733],[100.6955,13.7325]]],[[[100.695,13.732],[100.6925,13.73],[100.694,13.732],[100.695,13.732]]],[[[100.7245,13.808],[100.7205,13.8095],[100.719,13.811],[100.717,13.811],[100.717,13.8125],[100.718,13.8135],[100.719,13.813],[100.719,13.814],[100.7205,13.813],[100.7195,13.812],[100.721,13.812],[100.7235,13.809],[100.7235,13.8095],[100.7255,13.809],[100.7275,13.8105],[100.73,13.8105],[100.731,13.809],[100.7285,13.808],[100.728,13.809],[100.729,13.8095],[100.7275,13.81],[100.7245,13.808]],[[100.721,13.8105],[100.7205,13.811],[100.721,13.8105]],[[100.729,13.809]],[[100.73,13.809],[100.73,13.8095],[100.7295,13.8095],[100.73,13.809]]],[[[100.72,13.8145],[100.721,13.8155],[100.722,13.813],[100.721,13.8145],[100.7205,13.814],[100.72,13.8145]]],[[[100.721,13.8155],[100.722,13.816],[100.7215,13.815],[100.7225,13.813],[100.721,13.8155]]],[[[100.723,13.814],[100.724,13.8165],[100.725,13.8155],[100.7265,13.8165],[100.727,13.8155],[100.728,13.816],[100.7295,13.8155],[100.73,13.8175],[100.7305,13.814],[100.73,13.8145],[100.728,13.8135],[100.7275,13.8145],[100.727,13.814],[100.7275,13.813],[100.7255,13.813],[100.725,13.814],[100.7245,13.813],[100.724,13.8145],[100.723,13.814]]],[[[100.7305,13.814]]],[[[100.7305,13.814],[100.733,13.8155],[100.7345,13.8145],[100.733,13.814],[100.734,13.8135],[100.7335,13.8125],[100.7305,13.811],[100.732,13.8135],[100.7305,13.813],[100.7305,13.814]]],[[[100.7305,13.8125],[100.73,13.812],[100.7305,13.8125]]],[[[100.701,13.8175],[100.7015,13.818],[100.702,13.817],[100.701,13.8175]]],[[[100.7555,13.685],[100.753,13.6855],[100.754,13.69],[100.755,13.6905],[100.7555,13.69],[100.7545,13.6895],[100.7535,13.6865],[100.7555,13.686],[100.756,13.688],[100.757,13.6875],[100.755,13.6825],[100.7555,13.685]]],[[[100.7435,13.688],[100.742,13.6865],[100.7425,13.689],[100.744,13.689],[100.7435,13.688]]],[[[100.746,13.6915],[100.7455,13.693],[100.7465,13.6915],[100.745,13.6885],[100.746,13.6915]]],[[[100.748,13.6965],[100.7465,13.698],[100.749,13.6975],[100.7505,13.699],[100.751,13.6985],[100.7495,13.697],[100.7495,13.696],[100.751,13.6975],[100.751,13.696],[100.752,13.696],[100.753,13.6975],[100.754,13.6965],[100.7535,13.6975],[100.754,13.698],[100.755,13.696],[100.7575,13.695],[100.7555,13.6945],[100.754,13.6955],[100.753,13.695],[100.7535,13.694],[100.75,13.695],[100.75,13.694],[100.7485,13.694],[100.7485,13.6955],[100.7495,13.696],[100.748,13.6965]]],[[[100.7535,13.694]]],[[[100.7455,13.7255],[100.7415,13.726],[100.7425,13.7275],[100.743,13.7265],[100.7455,13.7265],[100.745,13.726],[100.7455,13.7255]]],[[[100.7415,13.7285],[100.7415,13.7275],[100.741,13.7285],[100.74,13.7275],[100.739,13.7295],[100.7425,13.7295],[100.742,13.729],[100.7425,13.7285],[100.7415,13.7285]]],[[[100.7425,13.7295]]],[[[100.7425,13.7295]]],[[[100.7545,13.73],[100.7575,13.7295],[100.7545,13.728],[100.755,13.7295],[100.7545,13.73]]],[[[100.754,13.7285]]],[[[100.754,13.7285]]],[[[100.754,13.7285]]],[[[100.754,13.7285],[100.754,13.728],[100.754,13.7285]]],[[[100.754,13.728]]],[[[100.754,13.728]]],[[[100.754,13.728]]],[[[100.754,13.728]]],[[[100.754,13.728]]],[[[100.754,13.728],[100.755,13.726],[100.752,13.7245],[100.7485,13.724],[100.749,13.7255],[100.75,13.7255],[100.75,13.7265],[100.749,13.7265],[100.7485,13.7275],[100.754,13.728]],[[100.7515,13.7265],[100.753,13.726],[100.7515,13.7275],[100.7515,13.7265]]],[[[100.462,13.7235]]],[[[100.462,13.727],[100.4625,13.7265],[100.462,13.726],[100.462,13.727]]],[[[100.463,13.728]]],[[[100.4675,13.7385]]],[[[100.467,13.74],[100.4675,13.74],[100.467,13.74]]],[[[100.4665,13.7405]]],[[[100.47,13.7305]]],[[[100.407,13.8835]]],[[[100.4355,13.8795]]],[[[100.436,13.8795]]],[[[100.4775,13.7175],[100.477,13.7175],[100.4775,13.7175]]],[[[100.4735,13.712]]],[[[100.471,13.758],[100.4705,13.7575],[100.471,13.758]]],[[[100.4725,13.7665]]],[[[100.5005,13.7235]]],[[[100.508,13.721],[100.5085,13.721],[100.508,13.721]]],[[[100.522,13.716]]],[[[100.5255,13.7245],[100.5255,13.725],[100.5255,13.7245]]],[[[100.53,13.737],[100.53,13.7375],[100.53,13.737]]],[[[100.5295,13.728]]],[[[100.5345,13.724],[100.5345,13.7245],[100.5345,13.724]]],[[[100.528,13.7415],[100.5285,13.742],[100.528,13.7415]]],[[[100.525,13.748],[100.5245,13.748],[100.525,13.748]]],[[[100.531,13.757],[100.531,13.7565],[100.531,13.757]]],[[[100.5395,13.7265]]],[[[100.546,13.7225]]],[[[100.546,13.722]]],[[[100.557,13.725]]],[[[100.557,13.7235]]],[[[100.5575,13.7175]]],[[[100.551,13.74],[100.551,13.7395],[100.551,13.74]]],[[[100.541,13.747],[100.5415,13.747],[100.541,13.747]]],[[[100.542,13.737]]],[[[100.5525,13.745],[100.5525,13.7445],[100.5525,13.745]]],[[[100.5565,13.7355]]],[[[100.558,13.734],[100.5595,13.735],[100.5595,13.734],[100.558,13.734]]],[[[100.604,13.7015]]],[[[100.611,13.69],[100.611,13.6895],[100.611,13.69]]],[[[100.5415,13.776],[100.5415,13.7765],[100.5415,13.776]]],[[[100.5405,13.759]]],[[[100.5405,13.765]]],[[[100.544,13.7575],[100.544,13.758],[100.544,13.7575]]],[[[100.5495,13.789],[100.5495,13.7885],[100.5495,13.789]]],[[[100.5615,13.8185],[100.561,13.8185],[100.5615,13.8185]]],[[[100.5605,13.7505]]],[[[100.5645,13.7605],[100.564,13.7605],[100.5645,13.7605]]],[[[100.5675,13.757],[100.5675,13.7565],[100.5675,13.757]]],[[[100.572,13.7715]]],[[[100.572,13.78],[100.572,13.7795],[100.5715,13.78],[100.572,13.78]]],[[[100.572,13.7905]]],[[[100.5755,13.8005],[100.575,13.8005],[100.5755,13.8005]]],[[[100.5755,13.787],[100.576,13.787],[100.5755,13.787]]],[[[100.572,13.832],[100.5715,13.832],[100.572,13.832]]],[[[100.5755,13.844],[100.576,13.845],[100.5765,13.844],[100.5755,13.844]]],[[[100.5755,13.8435]]],[[[100.4885,13.735],[100.4885,13.7355],[100.4885,13.735]]],[[[100.4955,13.8625]]],[[[100.4955,13.8625]]],[[[100.5,13.8625],[100.5,13.862],[100.4995,13.862],[100.5,13.8625]]],[[[100.51,13.7385],[100.5095,13.7385],[100.51,13.739],[100.51,13.7385]]],[[[100.52,13.739],[100.5205,13.739],[100.52,13.7385],[100.52,13.739]]],[[[100.508,13.795],[100.5085,13.7945],[100.508,13.795]]],[[[100.5075,13.8935]]],[[[100.511,13.906]]],[[[100.551,13.8955]]],[[[100.57,13.889],[100.571,13.889],[100.5705,13.8885],[100.57,13.889]]],[[[100.5825,13.8815],[100.5825,13.881],[100.5825,13.8815]]],[[[100.586,13.888],[100.5855,13.888],[100.586,13.888]]],[[[100.5955,13.8715]]],[[[100.589,13.8675]]],[[[100.6,13.876]]],[[[100.5325,13.8155]]],[[[100.5295,13.817],[100.5295,13.8165],[100.5295,13.817]]],[[[100.536,13.821]]],[[[100.532,13.803]]],[[[100.53,13.8045],[100.5305,13.8045],[100.53,13.8045]]],[[[100.6025,13.6715],[100.602,13.671],[100.6025,13.6715]]],[[[100.609,13.577]]],[[[100.665,13.837]]],[[[100.6655,13.8375]]],[[[100.6475,13.844]]],[[[100.6515,13.843],[100.653,13.843],[100.6515,13.843]]],[[[100.614,13.909]]],[[[100.6275,13.774],[100.6275,13.7745],[100.6275,13.774]]],[[[100.627,13.7775],[100.6275,13.7775],[100.6275,13.777],[100.627,13.7775]]],[[[100.6435,13.7375],[100.644,13.7375],[100.6435,13.7375]]],[[[100.676,13.8255]]]]}},{"type":"Feature","properties":{"class":">15","speed_kmh":4.0},"geometry":{"type":"MultiPolygon","coordinates":[[[[100.464,13.606],[100.4575,13.6045],[100.454,13.606],[100.451,13.5945],[100.4465,13.587],[100.4445,13.553],[100.4535,13.502],[100.443,13.5005],[100.437,13.497],[100.435,13.498],[100.435,13.4965],[100.4305,13.496],[100.426,13.4975],[100.4235,13.496],[100.423,13.497],[100.4215,13.4945],[100.409,13.4935],[100.407,13.502],[100.4065,13.536],[100.414,13.536],[100.415,13.539],[100.4185,13.5405],[100.42,13.545],[100.4145,13.5515],[100.415,13.557],[100.4125,13.557],[100.412,13.5555],[100.4085,13.5545],[100.4045,13.555],[100.401,13.553],[100.396,13.5535],[100.3945,13.555],[100.393,13.5615],[100.3915,13.5635],[100.3915,13.569],[100.3895,13.57],[100.388,13.5745],[100.3865,13.5745],[100.3865,13.578],[100.385,13.579],[100.386,13.585],[100.3845,13.5895],[100.3785,13.5945],[100.3765,13.6195],[100.372,13.6225],[100.366,13.6335],[100.359,13.633],[100.3585,13.6375],[100.3555,13.6365],[100.3545,13.641],[100.35,13.6405],[100.3485,13.641],[100.3485,13.6435],[100.3475,13.6435],[100.347,13.645],[100.3455,13.6445],[100.3445,13.649],[100.3465,13.649],[100.347,13.6555],[100.3395,13.655],[100.341,13.6615],[100.3375,13.6775],[100.336,13.677],[100.3335,13.6815],[100.3305,13.699],[100.3325,13.7],[100.3335,13.7065],[100.3325,13.7125],[100.334,13.713],[100.336,13.711],[100.339,13.713],[100.333,13.721],[100.3305,13.7195],[100.33,13.721],[100.3355,13.723],[100.335,13.7285],[100.3365,13.73],[100.335,13.7335],[100.3375,13.734],[100.3375,13.736],[100.335,13.747],[100.3355,13.7535],[100.3345,13.755],[100.333,13.7555],[100.333,13.7595],[100.33,13.763],[100.331,13.7775],[100.332,13.7775],[100.332,13.7815],[100.334,13.782],[100.3305,13.798],[100.328,13.804],[100.411,13.8015],[100.464,13.7975],[100.4695,13.795],[100.466,13.789],[100.5005,13.8005],[100.5155,13.8135],[100.5075,13.816],[100.5025,13.8195],[100.4915,13.8095],[100.4885,13.8135],[100.4875,13.8195],[100.4855,13.819],[100.4855,13.821],[100.4815,13.821],[100.482,13.8225],[100.4795,13.825],[100.48,13.828],[100.4775,13.828],[100.4775,13.8315],[100.4735,13.8325],[100.466,13.8255],[100.4565,13.831],[100.44,13.828],[100.4275,13.834],[100.4255,13.8365],[100.425,13.8355],[100.4235,13.836],[100.4145,13.829],[100.403,13.824],[100.3995,13.8305],[100.393,13.8265],[100.3845,13.8245],[100.368,13.8155],[100.3595,13.817],[100.3495,13.817],[100.348,13.825],[100.328,13.8255],[100.319,13.8225],[100.297,13.8695],[100.2995,13.872],[100.302,13.879],[100.3115,13.8765],[100.3225,13.8775],[100.322,13.885],[100.3265,13.8855],[100.328,13.8825],[100.331,13.8815],[100.342,13.8835],[100.3415,13.89],[100.3325,13.912],[100.3305,13.9215],[100.341,13.9305],[100.356,13.95],[100.35,13.954],[100.355,13.962],[100.356,13.975],[100.3555,13.985],[100.3495,13.9965],[100.356,14.0005],[100.3645,13.9925],[100.3805,13.989],[100.3815,13.9945],[100.4345,13.9815],[100.4535,13.9675],[100.4565,13.971],[100.458,13.9775],[100.4585,13.9765],[100.4605,13.9765],[100.4625,13.9715],[100.467,13.9705],[100.467,13.9685],[100.486,13.95],[100.489,13.9425],[100.502,13.9365],[100.5045,13.9405],[100.5095,13.9435],[100.526,13.9435],[100.5315,13.945],[100.537,13.95],[100.539,13.9555],[100.542,13.9555],[100.542,13.9535],[100.544,13.9545],[100.5445,13.953],[100.554,13.9505],[100.555,13.9515],[100.557,13.95],[100.56,13.9505],[100.5615,13.9495],[100.5675,13.951],[100.574,13.9545],[100.592,13.9505],[100.6055,13.944],[100.604,13.9545],[100.6065,13.9545],[100.6055,13.9665],[100.6075,13.967],[100.609,13.9665],[100.6095,13.9675],[100.605,13.9685],[100.604,13.974],[100.605,13.9655],[100.6015,13.9955],[100.653,14.0075],[100.679,14.0095],[100.704,14.021],[100.7215,14.031],[100.7315,14.0315],[100.7315,14.0335],[100.7555,14.045],[100.914,14.0995],[100.915,14.068],[100.914,13.9465],[100.907,13.8855],[100.906,13.855],[100.904,13.8485],[100.9125,13.847],[100.9075,13.838],[100.9385,13.8145],[100.9285,13.8015],[100.91,13.7905],[100.879,13.738],[100.855,13.6995],[100.861,13.697],[100.8595,13.6895],[100.7945,13.7145],[100.7835,13.7165],[100.781,13.71],[100.7855,13.7065],[100.778,13.7005],[100.763,13.675],[100.7725,13.6735],[100.7905,13.677],[100.792,13.671],[100.7905,13.668],[100.7935,13.665],[100.787,13.6565],[100.7855,13.6505],[100.782,13.6475],[100.7835,13.647],[100.7805,13.6375],[100.7835,13.637],[100.7825,13.6315],[100.7845,13.631],[100.784,13.623],[100.7865,13.615],[100.7825,13.602],[100.7795,13.5995],[100.7795,13.595],[100.775,13.5965],[100.77,13.5885],[100.77,13.583],[100.768,13.5805],[100.7625,13.559],[100.763,13.556],[100.772,13.5535],[100.771,13.5455],[100.764,13.5275],[100.767,13.5235],[100.766,13.522],[100.777,13.5205],[100.78,13.5155],[100.7835,13.5165],[100.7845,13.5135],[100.787,13.513],[100.783,13.511],[100.785,13.509],[100.781,13.4995],[100.7805,13.492],[100.7765,13.4905],[100.7295,13.5005],[100.708,13.5015],[100.708,13.5045],[100.7055,13.5055],[100.681,13.506],[100.654,13.5165],[100.631,13.5205],[100.623,13.527],[100.622,13.5295],[100.612,13.539],[100.5975,13.539],[100.5955,13.542],[100.58,13.5535],[100.576,13.563],[100.5775,13.572],[100.592,13.5945],[100.5925,13.6],[100.591,13.6065],[100.585,13.61],[100.5625,13.6125],[100.5515,13.6185],[100.5525,13.621],[100.558,13.623],[100.5645,13.634],[100.569,13.6375],[100.573,13.634],[100.5735,13.635],[100.577,13.634],[100.5815,13.6305],[100.587,13.629],[100.5935,13.6495],[100.592,13.664],[100.5795,13.669],[100.589,13.683],[100.5885,13.69],[100.584,13.696],[100.5775,13.7],[100.567,13.7045],[100.56,13.706],[100.555,13.7055],[100.5515,13.7],[100.5525,13.688],[100.5515,13.68],[100.5475,13.6725],[100.542,13.6695],[100.5365,13.6695],[100.531,13.6715],[100.5235,13.678],[100.5205,13.6755],[100.522,13.6735],[100.5205,13.671],[100.521,13.669],[100.5175,13.6675],[100.5175,13.6615],[100.516,13.6515],[100.517,13.6455],[100.5155,13.645],[100.515,13.6395],[100.518,13.635],[100.514,13.6285],[100.5165,13.6125],[100.5205,13.609],[100.521,13.605],[100.5135,13.6025],[100.5115,13.597],[100.505,13.5975],[100.4995,13.5955],[100.499,13.592],[100.4965,13.589],[100.491,13.586],[100.4885,13.5895],[100.482,13.5925],[100.4805,13.598],[100.477,13.5995],[100.477,13.603],[100.473,13.599],[100.4735,13.594],[100.4695,13.5925],[100.467,13.597],[100.466,13.604],[100.464,13.606]],[[100.603,13.9815],[100.604,13.9835],[100.6055,13.984],[100.6055,13.986],[100.6065,13.986],[100.607,13.987],[100.6065,13.988],[100.604,13.9875],[100.604,13.99],[100.603,13.99],[100.6035,13.991],[100.6025,13.992],[100.6015,13.9955],[100.603,13.9815]],[[100.5925,13.646],[100.5945,13.647],[100.5955,13.646],[100.5985,13.6465],[100.597,13.6475],[100.5965,13.647],[100.596,13.648],[100.5945,13.6475],[100.594,13.6485],[100.5935,13.648],[100.5955,13.6485],[100.595,13.649],[100.5955,13.6505],[100.5945,13.651],[100.5935,13.6505],[100.5925,13.646]],[[100.4065,13.7045],[100.4075,13.7045],[100.407,13.7055],[100.4115,13.7065],[100.412,13.7055],[100.412,13.707],[100.4135,13.707],[100.4135,13.709],[100.4135,13.708],[100.415,13.707],[100.4155,13.71],[100.416,13.7095],[100.4155,13.708],[100.4165,13.7075],[100.4175,13.7085],[100.4165,13.71],[100.417,13.7095],[100.418,13.71],[100.4185,13.7075],[100.4195,13.709],[100.419,13.707],[100.4205,13.707],[100.4195,13.7065],[100.4195,13.705],[100.4205,13.705],[100.42,13.704],[100.4215,13.703],[100.422,13.7035],[100.4215,13.706],[100.4245,13.7075],[100.4255,13.707],[100.426,13.708],[100.427,13.7075],[100.4275,13.7095],[100.426,13.71],[100.4275,13.7105],[100.429,13.71],[100.4285,13.709],[100.429,13.7085],[100.43,13.7095],[100.4315,13.709],[100.4315,13.711],[100.4325,13.7095],[100.4375,13.7115],[100.4385,13.711],[100.438,13.71],[100.439,13.7095],[100.439,13.7105],[100.4405,13.71],[100.4415,13.7105],[100.4415,13.7115],[100.442,13.711],[100.443,13.712],[100.443,13.711],[100.445,13.711],[100.445,13.71],[100.4475,13.709],[100.4455,13.712],[100.4465,13.7125],[100.4475,13.711],[100.4475,13.713],[100.449,13.713],[100.4485,13.712],[100.449,13.712],[100.452,13.7155],[100.453,13.715],[100.4525,13.7145],[100.453,13.714],[100.454,13.714],[100.4535,13.713],[100.455,13.713],[100.4555,13.714],[100.455,13.716],[100.456,13.7155],[100.458,13.717],[100.457,13.717],[100.4565,13.718],[100.4555,13.717],[100.455,13.7175],[100.456,13.718],[100.4555,13.7185],[100.457,13.718],[100.457,13.7195],[100.458,13.7185],[100.463,13.72],[100.463,13.719],[100.4645,13.719],[100.4655,13.7205],[100.4645,13.7205],[100.4655,13.721],[100.4665,13.72],[100.469,13.72],[100.47,13.721],[100.47,13.72],[100.4715,13.7215],[100.4695,13.7225],[100.4705,13.724],[100.4705,13.723],[100.4715,13.723],[100.474,13.725],[100.474,13.723],[100.475,13.7235],[100.475,13.7225],[100.4765,13.722],[100.474,13.7225],[100.4735,13.7205],[100.472,13.719],[100.4715,13.7195],[100.4695,13.7185],[100.469,13.7195],[100.468,13.719],[100.4665,13.7195],[100.4665,13.718],[100.466,13.7185],[100.465,13.718],[100.466,13.717],[100.463,13.718],[100.462,13.715],[100.4615,13.7155],[100.461,13.715],[100.463,13.7145],[100.461,13.7125],[100.4615,13.7115],[100.4625,13.712],[100.464,13.7115],[100.465,13.7135],[100.466,13.712],[100.465,13.7115],[100.4645,13.709],[100.4655,13.708],[100.4655,13.71],[100.466,13.708],[100.468,13.707],[100.468,13.7055],[100.4705,13.7065],[100.47,13.707],[100.472,13.707],[100.4705,13.709],[100.471,13.7095],[100.4705,13.7105],[100.471,13.7095],[100.4725,13.7095],[100.472,13.708],[100.4735,13.7075],[100.4775,13.71],[100.4755,13.7075],[100.4765,13.7065],[100.4775,13.707],[100.4775,13.706],[100.479,13.7055],[100.4795,13.7065],[100.479,13.7075],[100.4815,13.708],[100.4795,13.711],[100.479,13.715],[100.48,13.715],[100.481,13.7135],[100.4815,13.714],[100.481,13.7145],[100.4825,13.7155],[100.483,13.715],[100.482,13.713],[100.4845,13.7135],[100.485,13.7125],[100.4865,13.7125],[100.4865,13.7135],[100.488,13.713],[100.4895,13.7135],[100.49,13.7155],[100.4915,13.7155],[100.492,13.717],[100.4925,13.7145],[100.494,13.7135],[100.4945,13.7145],[100.4955,13.7145],[100.494,13.715],[100.4945,13.7155],[100.4975,13.715],[100.499,13.7155],[100.501,13.714],[100.5015,13.715],[100.5,13.716],[100.501,13.7165],[100.5015,13.715],[100.5025,13.715],[100.503,13.7155],[100.502,13.7165],[100.5035,13.717],[100.5035,13.716],[100.505,13.7145],[100.5085,13.716],[100.5085,13.717],[100.511,13.719],[100.5125,13.7185],[100.512,13.7155],[100.5105,13.714],[100.511,13.7135],[100.5115,13.714],[100.5105,13.712],[100.5115,13.7115],[100.511,13.711],[100.5115,13.7105],[100.5135,13.711],[100.514,13.712],[100.516,13.712],[100.5175,13.7135],[100.5185,13.7135],[100.518,13.7125],[100.5185,13.712],[100.5195,13.713],[100.5195,13.711],[100.5205,13.712],[100.5215,13.7115],[100.5225,13.7125],[100.522,13.713],[100.5235,13.713],[100.524,13.7145],[100.5235,13.7155],[100.527,13.715],[100.526,13.7135],[100.5265,13.713],[100.527,13.7135],[100.528,13.712],[100.529,13.7135],[100.528,13.714],[100.5295,13.7145],[100.53,13.716],[100.531,13.715],[100.5345,13.714],[100.536,13.7175],[100.535,13.718],[100.536,13.718],[100.5365,13.72],[100.534,13.719],[100.534,13.7195],[100.5355,13.721],[100.537,13.7215],[100.5375,13.721],[100.538,13.722],[100.539,13.722],[100.5385,13.7235],[100.539,13.724],[100.5395,13.7225],[100.542,13.724],[100.5435,13.7235],[100.5435,13.722],[100.542,13.7225],[100.5405,13.721],[100.5415,13.7205],[100.5445,13.721],[100.544,13.7185],[100.5455,13.7195],[100.5465,13.7185],[100.547,13.7195],[100.547,13.719],[100.548,13.7195],[100.5485,13.7185],[100.5505,13.7185],[100.5515,13.7175],[100.5525,13.7185],[100.552,13.716],[100.553,13.7145],[100.5545,13.715],[100.5555,13.714],[100.5565,13.7145],[100.558,13.7135],[100.559,13.7145],[100.5605,13.7145],[100.559,13.7155],[100.5605,13.715],[100.56,13.716],[100.562,13.7155],[100.5625,13.7175],[100.564,13.716],[100.5645,13.7175],[100.566,13.717],[100.5665,13.7225],[100.5685,13.723],[100.568,13.7225],[100.5685,13.722],[100.5695,13.7245],[100.5705,13.7245],[100.571,13.722],[100.574,13.7215],[100.5725,13.7205],[100.5745,13.7175],[100.576,13.7175],[100.576,13.7165],[100.579,13.718],[100.579,13.716],[100.5805,13.7165],[100.58,13.7145],[100.581,13.7145],[100.581,13.7135],[100.5815,13.7145],[100.5825,13.7145],[100.5825,13.7135],[100.5815,13.713],[100.5835,13.712],[100.583,13.711],[100.584,13.7105],[100.585,13.711],[100.585,13.712],[100.586,13.712],[100.5865,13.7105],[100.5865,13.7115],[100.5875,13.7115],[100.587,13.7125],[100.588,13.7125],[100.589,13.71],[100.59,13.711],[100.5895,13.7105],[100.5905,13.7095],[100.5895,13.709],[100.5895,13.7075],[100.5915,13.708],[100.5915,13.709],[100.593,13.7075],[100.593,13.7095],[100.5935,13.709],[100.594,13.7095],[100.593,13.7055],[100.5935,13.7045],[100.5925,13.705],[100.593,13.704],[100.5945,13.7025],[100.5955,13.7035],[100.5965,13.7015],[100.597,13.703],[100.5985,13.703],[100.5965,13.699],[100.598,13.6995],[100.5985,13.699],[100.5985,13.7],[100.599,13.699],[100.6,13.699],[100.601,13.7],[100.6015,13.699],[100.6005,13.699],[100.6005,13.6975],[100.598,13.696],[100.5985,13.6955],[100.5975,13.6935],[100.5985,13.6925],[100.6,13.693],[100.601,13.6905],[100.605,13.692],[100.6045,13.6915],[100.605,13.6905],[100.604,13.69],[100.6045,13.688],[100.603,13.6855],[100.605,13.684],[100.604,13.6835],[100.604,13.682],[100.6055,13.682],[100.604,13.6805],[100.6065,13.681],[100.606,13.6795],[100.604,13.68],[100.604,13.677],[100.605,13.677],[100.605,13.676],[100.606,13.6755],[100.6055,13.6745],[100.607,13.675],[100.6065,13.674],[100.6055,13.674],[100.604,13.676],[100.6005,13.674],[100.602,13.673],[100.601,13.6705],[100.6045,13.6695],[100.604,13.667],[100.6045,13.667],[100.607,13.6725],[100.608,13.672],[100.609,13.6725],[100.6085,13.673],[100.6095,13.673],[100.608,13.674],[100.608,13.6755],[100.6105,13.675],[100.6105,13.674],[100.612,13.674],[100.6155,13.677],[100.6155,13.678],[100.617,13.6775],[100.6185,13.6785],[100.6165,13.681],[100.616,13.679],[100.6155,13.6805],[100.614,13.68],[100.612,13.6835],[100.6135,13.682],[100.615,13.684],[100.6125,13.6875],[100.613,13.688],[100.614,13.6865],[100.6135,13.6885],[100.615,13.689],[100.6165,13.692],[100.6155,13.6925],[100.615,13.692],[100.6125,13.6945],[100.61,13.6935],[100.608,13.694],[100.611,13.6955],[100.61,13.696],[100.613,13.6975],[100.613,13.6985],[100.6145,13.7],[100.6095,13.699],[100.6125,13.7015],[100.61,13.703],[100.6055,13.7005],[100.608,13.702],[100.6075,13.703],[100.608,13.705],[100.607,13.7055],[100.608,13.7055],[100.6095,13.7075],[100.6085,13.709],[100.6075,13.7095],[100.6045,13.709],[100.6035,13.7105],[100.6045,13.71],[100.605,13.712],[100.604,13.7125],[100.603,13.7115],[100.602,13.7125],[100.6005,13.7125],[100.6015,13.711],[100.598,13.711],[100.5985,13.712],[100.5995,13.712],[100.599,13.7125],[100.5995,13.7135],[100.598,13.7155],[100.5985,13.7165],[100.5965,13.7175],[100.5975,13.7185],[100.5955,13.72],[100.5945,13.719],[100.5955,13.718],[100.5945,13.717],[100.592,13.7215],[100.5905,13.721],[100.588,13.723],[100.588,13.722],[100.587,13.7225],[100.5865,13.722],[100.586,13.7225],[100.5875,13.723],[100.5885,13.725],[100.5875,13.7265],[100.586,13.7265],[100.587,13.7275],[100.586,13.728],[100.586,13.729],[100.5845,13.728],[100.5845,13.726],[100.584,13.7265],[100.585,13.7265],[100.5845,13.727],[100.583,13.727],[100.5815,13.7285],[100.5825,13.729],[100.582,13.732],[100.5805,13.731],[100.5795,13.7325],[100.5785,13.732],[100.579,13.733],[100.578,13.7335],[100.5775,13.7315],[100.577,13.7325],[100.576,13.7325],[100.575,13.735],[100.5735,13.7345],[100.574,13.735],[100.5735,13.736],[100.5745,13.7365],[100.573,13.737],[100.5735,13.7375],[100.5725,13.7385],[100.5705,13.7375],[100.571,13.7375],[100.5685,13.738],[100.568,13.739],[100.5675,13.738],[100.567,13.739],[100.566,13.738],[100.5665,13.7405],[100.565,13.741],[100.5655,13.7425],[100.565,13.7435],[100.5635,13.7405],[100.5645,13.747],[100.5655,13.746],[100.566,13.747],[100.568,13.748],[100.5685,13.7475],[100.569,13.7485],[100.5685,13.7495],[100.5655,13.75],[100.5655,13.751],[100.568,13.7515],[100.566,13.753],[100.569,13.753],[100.5715,13.755],[100.572,13.7545],[100.573,13.755],[100.572,13.754],[100.573,13.7535],[100.572,13.7525],[100.577,13.7515],[100.5765,13.7535],[100.579,13.754],[100.577,13.751],[100.5775,13.7505],[100.5785,13.7515],[100.5785,13.7505],[100.5775,13.75],[100.5785,13.7495],[100.5785,13.7485],[100.581,13.7515],[100.5805,13.7535],[100.581,13.754],[100.58,13.754],[100.5835,13.753],[100.587,13.7535],[100.587,13.7545],[100.5855,13.7545],[100.586,13.7565],[100.5855,13.7575],[100.584,13.7575],[100.5835,13.7585],[100.582,13.756],[100.581,13.7555],[100.58,13.7565],[100.581,13.758],[100.579,13.7585],[100.5785,13.76],[100.5815,13.7605],[100.5815,13.7615],[100.578,13.7605],[100.577,13.762],[100.574,13.761],[100.574,13.762],[100.573,13.762],[100.574,13.7625],[100.573,13.7635],[100.574,13.765],[100.5735,13.7655],[100.576,13.765],[100.5785,13.7675],[100.5765,13.769],[100.576,13.768],[100.574,13.7685],[100.5745,13.77],[100.5765,13.771],[100.576,13.7715],[100.5765,13.773],[100.576,13.7735],[100.5755,13.773],[100.576,13.7745],[100.577,13.774],[100.5785,13.7745],[100.5795,13.775],[100.5805,13.7775],[100.581,13.7765],[100.582,13.7775],[100.5805,13.779],[100.581,13.78],[100.58,13.7825],[100.579,13.7835],[100.5775,13.7835],[100.5765,13.782],[100.577,13.7825],[100.5765,13.7835],[100.5795,13.7845],[100.5805,13.786],[100.58,13.7875],[100.5805,13.787],[100.581,13.7875],[100.5805,13.788],[100.5815,13.788],[100.583,13.7895],[100.5815,13.791],[100.5805,13.791],[100.581,13.7925],[100.579,13.795],[100.578,13.7945],[100.5775,13.795],[100.577,13.794],[100.577,13.795],[100.579,13.795],[100.578,13.7965],[100.575,13.797],[100.5765,13.797],[100.5765,13.798],[100.578,13.7985],[100.578,13.801],[100.579,13.801],[100.5795,13.802],[100.5805,13.802],[100.58,13.801],[100.582,13.8015],[100.581,13.8025],[100.582,13.803],[100.58,13.803],[100.58,13.8055],[100.579,13.8055],[100.5785,13.807],[100.578,13.8065],[100.579,13.808],[100.578,13.809],[100.577,13.808],[100.5775,13.809],[100.577,13.8115],[100.576,13.8115],[100.575,13.8135],[100.573,13.812],[100.5725,13.8145],[100.5715,13.815],[100.5705,13.814],[100.57,13.815],[100.5695,13.814],[100.568,13.8135],[100.567,13.814],[100.5675,13.8145],[100.5665,13.816],[100.5675,13.8165],[100.5675,13.8155],[100.5685,13.8155],[100.569,13.819],[100.57,13.8205],[100.5715,13.821],[100.571,13.822],[100.5735,13.8235],[100.5735,13.8255],[100.5725,13.826],[100.574,13.8265],[100.5725,13.8275],[100.575,13.8275],[100.5755,13.829],[100.5765,13.829],[100.577,13.83],[100.576,13.8305],[100.576,13.8315],[100.5775,13.831],[100.578,13.832],[100.5775,13.8325],[100.5785,13.833],[100.578,13.834],[100.579,13.8335],[100.5795,13.834],[100.579,13.835],[100.5815,13.835],[100.5815,13.8365],[100.583,13.837],[100.582,13.838],[100.5795,13.8385],[100.5815,13.841],[100.579,13.841],[100.5785,13.844],[100.5795,13.844],[100.5795,13.8425],[100.581,13.843],[100.5815,13.8425],[100.582,13.846],[100.5825,13.845],[100.5835,13.845],[100.5835,13.846],[100.5845,13.846],[100.5855,13.8475],[100.5835,13.8485],[100.5855,13.849],[100.586,13.847],[100.5865,13.8485],[100.5875,13.848],[100.588,13.8495],[100.5865,13.85],[100.5875,13.8505],[100.5875,13.853],[100.5885,13.8545],[100.5875,13.855],[100.587,13.858],[100.5875,13.8585],[100.589,13.8575],[100.589,13.8585],[100.5875,13.8595],[100.5895,13.859],[100.588,13.8605],[100.5895,13.8625],[100.591,13.8605],[100.592,13.862],[100.5915,13.863],[100.592,13.8645],[100.591,13.8635],[100.5905,13.864],[100.5935,13.8695],[100.5935,13.867],[100.5945,13.866],[100.5955,13.867],[100.5965,13.8665],[100.597,13.8675],[100.5985,13.867],[100.5975,13.868],[100.598,13.871],[100.597,13.8715],[100.598,13.873],[100.618,13.8625],[100.6175,13.8615],[100.619,13.8615],[100.6195,13.86],[100.62,13.861],[100.6205,13.8575],[100.6195,13.8565],[100.621,13.854],[100.6205,13.853],[100.6215,13.8535],[100.6205,13.8515],[100.623,13.8525],[100.625,13.8545],[100.6275,13.853],[100.627,13.853],[100.6285,13.851],[100.628,13.8505],[100.6295,13.85],[100.6305,13.85],[100.631,13.8515],[100.634,13.85],[100.6345,13.8515],[100.636,13.8505],[100.637,13.851],[100.6365,13.85],[100.637,13.8495],[100.6385,13.851],[100.639,13.85],[100.64,13.85],[100.639,13.849],[100.6395,13.8485],[100.6405,13.8485],[100.641,13.85],[100.6405,13.8485],[100.641,13.848],[100.64,13.848],[100.64,13.847],[100.645,13.8475],[100.6415,13.847],[100.643,13.846],[100.644,13.8465],[100.642,13.845],[100.6425,13.844],[100.644,13.8445],[100.6425,13.843],[100.6425,13.842],[100.645,13.8425],[100.645,13.841],[100.647,13.842],[100.646,13.8405],[100.647,13.84],[100.648,13.841],[100.6485,13.8395],[100.6525,13.84],[100.653,13.841],[100.652,13.842],[100.653,13.8425],[100.658,13.8405],[100.6585,13.84],[100.658,13.838],[100.66,13.837],[100.6585,13.836],[100.66,13.8355],[100.6595,13.835],[100.66,13.834],[100.661,13.834],[100.663,13.8365],[100.6645,13.835],[100.666,13.835],[100.6725,13.8285],[100.6735,13.828],[100.6745,13.8285],[100.675,13.8275],[100.6745,13.827],[100.6735,13.8275],[100.676,13.8245],[100.675,13.8235],[100.6755,13.822],[100.6765,13.824],[100.6795,13.822],[100.68,13.8225],[100.6785,13.8235],[100.682,13.827],[100.682,13.828],[100.6805,13.8285],[100.681,13.8295],[100.6805,13.83],[100.6775,13.8285],[100.6775,13.8305],[100.677,13.831],[100.6765,13.83],[100.675,13.832],[100.6725,13.83],[100.674,13.832],[100.673,13.8365],[100.674,13.837],[100.672,13.8405],[100.668,13.837],[100.668,13.838],[100.667,13.838],[100.6675,13.839],[100.6655,13.8395],[100.667,13.8405],[100.6655,13.8415],[100.6655,13.843],[100.664,13.8435],[100.6645,13.8445],[100.664,13.845],[100.6625,13.843],[100.66,13.8425],[100.6605,13.84],[100.6575,13.842],[100.6595,13.8425],[100.659,13.843],[100.6575,13.8425],[100.6595,13.844],[100.658,13.8455],[100.658,13.8465],[100.6565,13.848],[100.6555,13.8475],[100.655,13.849],[100.6545,13.8485],[100.655,13.8475],[100.6535,13.847],[100.654,13.848],[100.653,13.8485],[100.654,13.8485],[100.654,13.8495],[100.653,13.849],[100.653,13.851],[100.6515,13.8515],[100.6515,13.8505],[100.6515,13.8515],[100.6495,13.8525],[100.65,13.8505],[100.6495,13.8505],[100.649,13.853],[100.648,13.8535],[100.642,13.853],[100.6415,13.8565],[100.6395,13.856],[100.64,13.8555],[100.6385,13.8545],[100.639,13.8535],[100.638,13.8535],[100.637,13.8555],[100.6375,13.8565],[100.637,13.8585],[100.6355,13.8585],[100.6345,13.8595],[100.6335,13.859],[100.6325,13.861],[100.6295,13.8605],[100.6295,13.8615],[100.632,13.861],[100.6325,13.8625],[100.63,13.862],[100.629,13.8625],[100.6295,13.8635],[100.6285,13.8635],[100.629,13.864],[100.626,13.866],[100.625,13.866],[100.6245,13.864],[100.623,13.8655],[100.6245,13.8655],[100.6245,13.867],[100.622,13.868],[100.6235,13.869],[100.623,13.8705],[100.62,13.87],[100.6195,13.8685],[100.618,13.869],[100.6175,13.868],[100.6165,13.8685],[100.616,13.8675],[100.615,13.868],[100.6165,13.8665],[100.614,13.869],[100.6135,13.8675],[100.6125,13.8675],[100.6125,13.8665],[100.6115,13.8675],[100.611,13.867],[100.609,13.868],[100.61,13.8705],[100.6115,13.871],[100.6085,13.872],[100.6075,13.8715],[100.6095,13.872],[100.6095,13.873],[100.608,13.873],[100.6085,13.8735],[100.608,13.8745],[100.606,13.8745],[100.607,13.8745],[100.606,13.8765],[100.6035,13.876],[100.604,13.8765],[100.6035,13.8785],[100.602,13.88],[100.604,13.8795],[100.6055,13.88],[100.6065,13.881],[100.606,13.882],[100.607,13.882],[100.6075,13.8835],[100.6085,13.883],[100.609,13.8855],[100.6085,13.887],[100.6075,13.8875],[100.6085,13.889],[100.6105,13.887],[100.612,13.8875],[100.6115,13.89],[100.61,13.89],[100.611,13.892],[100.6095,13.8925],[100.6105,13.8935],[100.6115,13.8925],[100.6125,13.8945],[100.614,13.895],[100.613,13.896],[100.614,13.8975],[100.6125,13.8975],[100.612,13.8985],[100.6125,13.8995],[100.6115,13.8995],[100.6115,13.9005],[100.6095,13.898],[100.608,13.8975],[100.608,13.8965],[100.6065,13.898],[100.6055,13.896],[100.603,13.8945],[100.6025,13.8935],[100.6035,13.8935],[100.6055,13.8915],[100.604,13.8925],[100.6035,13.892],[100.604,13.8915],[100.603,13.891],[100.602,13.8915],[100.6015,13.8905],[100.602,13.8895],[100.5975,13.89],[100.598,13.8885],[100.597,13.8895],[100.5975,13.8875],[100.5965,13.887],[100.5965,13.886],[100.5945,13.8865],[100.593,13.8855],[100.594,13.8845],[100.5935,13.8835],[100.5945,13.883],[100.594,13.882],[100.5935,13.883],[100.5915,13.883],[100.5925,13.8855],[100.591,13.884],[100.59,13.8845],[100.5905,13.885],[100.59,13.886],[100.589,13.885],[100.588,13.8855],[100.5885,13.886],[100.588,13.887],[100.5865,13.8865],[100.587,13.888],[100.587,13.887],[100.5895,13.888],[100.5865,13.8915],[100.5875,13.893],[100.587,13.8945],[100.5935,13.905],[100.5935,13.9065],[100.597,13.913],[100.5995,13.9155],[100.601,13.92],[100.602,13.9195],[100.6025,13.92],[100.602,13.923],[100.6005,13.921],[100.5995,13.921],[100.5995,13.922],[100.5985,13.921],[100.5945,13.92],[100.597,13.9175],[100.5925,13.919],[100.5965,13.917],[100.596,13.9165],[100.593,13.918],[100.5905,13.918],[100.591,13.917],[100.5945,13.916],[100.5945,13.9155],[100.591,13.917],[100.59,13.9165],[100.593,13.9145],[100.5925,13.9135],[100.5915,13.914],[100.591,13.9125],[100.5915,13.911],[100.5925,13.9105],[100.592,13.91],[100.593,13.907],[100.591,13.906],[100.589,13.9035],[100.585,13.9045],[100.5855,13.903],[100.5845,13.903],[100.587,13.901],[100.583,13.903],[100.5825,13.9025],[100.583,13.902],[100.5815,13.9015],[100.5825,13.8975],[100.582,13.896],[100.5835,13.895],[100.5825,13.894],[100.583,13.8935],[100.582,13.894],[100.58,13.8935],[100.5805,13.892],[100.5785,13.892],[100.578,13.891],[100.5785,13.8905],[100.577,13.8905],[100.5775,13.8925],[100.577,13.893],[100.575,13.8925],[100.5745,13.8935],[100.5745,13.8925],[100.5715,13.8955],[100.567,13.8945],[100.5675,13.8955],[100.566,13.8955],[100.567,13.896],[100.5655,13.8965],[100.5645,13.8985],[100.562,13.899],[100.563,13.901],[100.5625,13.9015],[100.5615,13.8995],[100.56,13.9],[100.559,13.8995],[100.5615,13.8985],[100.561,13.898],[100.557,13.8975],[100.555,13.8985],[100.5535,13.8965],[100.5515,13.8995],[100.554,13.899],[100.5545,13.8995],[100.5535,13.9005],[100.5525,13.9],[100.5515,13.902],[100.5475,13.9],[100.546,13.9],[100.547,13.9005],[100.5465,13.9015],[100.546,13.901],[100.546,13.9025],[100.545,13.901],[100.5445,13.9025],[100.545,13.905],[100.544,13.9055],[100.5445,13.9105],[100.5465,13.91],[100.5465,13.9085],[100.548,13.908],[100.5485,13.9085],[100.5515,13.908],[100.5525,13.9095],[100.5515,13.91],[100.552,13.9105],[100.5505,13.9145],[100.5485,13.911],[100.5475,13.9115],[100.5495,13.916],[100.5505,13.916],[100.551,13.9145],[100.553,13.916],[100.552,13.918],[100.551,13.9175],[100.55,13.921],[100.5485,13.919],[100.5475,13.9195],[100.55,13.9225],[100.549,13.923],[100.548,13.921],[100.547,13.9215],[100.5485,13.922],[100.5465,13.924],[100.5485,13.926],[100.548,13.9265],[100.5465,13.925],[100.545,13.9265],[100.546,13.9245],[100.5445,13.927],[100.543,13.927],[100.5435,13.926],[100.5425,13.926],[100.5425,13.925],[100.5435,13.925],[100.545,13.923],[100.5435,13.923],[100.544,13.921],[100.5435,13.918],[100.542,13.9185],[100.543,13.919],[100.5425,13.92],[100.5415,13.9185],[100.54,13.92],[100.5395,13.9195],[100.54,13.9185],[100.539,13.918],[100.5395,13.9155],[100.5385,13.9135],[100.537,13.9135],[100.5375,13.9125],[100.536,13.911],[100.537,13.909],[100.538,13.9085],[100.5385,13.909],[100.5395,13.908],[100.5375,13.908],[100.537,13.9065],[100.534,13.9065],[100.535,13.907],[100.5345,13.9085],[100.533,13.9085],[100.532,13.912],[100.5305,13.912],[100.531,13.9125],[100.5305,13.913],[100.53,13.9115],[100.5285,13.912],[100.5285,13.91],[100.5275,13.9105],[100.527,13.9095],[100.525,13.91],[100.5235,13.908],[100.5235,13.9065],[100.522,13.91],[100.5215,13.9095],[100.5195,13.9105],[100.521,13.9105],[100.5205,13.9115],[100.5215,13.912],[100.5215,13.913],[100.52,13.9125],[100.52,13.9135],[100.5185,13.914],[100.518,13.913],[100.5165,13.9135],[100.5165,13.9125],[100.515,13.912],[100.516,13.911],[100.513,13.911],[100.515,13.909],[100.517,13.9095],[100.5165,13.9085],[100.5155,13.9085],[100.516,13.908],[100.5155,13.907],[100.514,13.907],[100.514,13.91],[100.5125,13.9105],[100.512,13.909],[100.51,13.91],[100.51,13.9085],[100.509,13.9085],[100.5085,13.9075],[100.507,13.908],[100.507,13.909],[100.508,13.9085],[100.5085,13.9095],[100.509,13.912],[100.507,13.911],[100.505,13.9115],[100.5055,13.9105],[100.504,13.911],[100.5035,13.91],[100.505,13.909],[100.5025,13.91],[100.5025,13.911],[100.5015,13.911],[100.501,13.9095],[100.4995,13.9105],[100.499,13.91],[100.5,13.909],[100.499,13.9055],[100.5005,13.9055],[100.5005,13.9045],[100.503,13.903],[100.501,13.902],[100.5,13.898],[100.4985,13.8975],[100.499,13.897],[100.4995,13.8975],[100.5025,13.8935],[100.508,13.89],[100.506,13.889],[100.507,13.8875],[100.508,13.888],[100.5075,13.885],[100.509,13.884],[100.509,13.883],[100.51,13.8835],[100.5105,13.882],[100.5125,13.8825],[100.513,13.8815],[100.512,13.881],[100.5125,13.8795],[100.5095,13.879],[100.5115,13.8765],[100.5115,13.875],[100.513,13.874],[100.5125,13.8735],[100.514,13.873],[100.514,13.8715],[100.515,13.872],[100.514,13.8705],[100.513,13.8705],[100.513,13.8695],[100.5145,13.8695],[100.516,13.8675],[100.5175,13.8675],[100.516,13.8665],[100.515,13.867],[100.5145,13.866],[100.515,13.8645],[100.516,13.8645],[100.5165,13.8635],[100.5175,13.8645],[100.518,13.863],[100.514,13.865],[100.513,13.8625],[100.5125,13.8635],[100.5115,13.8625],[100.5115,13.8635],[100.51,13.865],[100.5085,13.8635],[100.509,13.8615],[100.5075,13.8615],[100.508,13.8635],[100.5065,13.8635],[100.507,13.8625],[100.5055,13.8625],[100.505,13.863],[100.5055,13.864],[100.5045,13.8645],[100.504,13.866],[100.503,13.866],[100.503,13.8645],[100.502,13.8635],[100.503,13.867],[100.502,13.867],[100.5015,13.865],[100.5,13.865],[100.4995,13.864],[100.4985,13.8645],[100.5,13.866],[100.499,13.8675],[100.498,13.865],[100.496,13.866],[100.497,13.868],[100.494,13.867],[100.4925,13.8675],[100.492,13.869],[100.4905,13.8685],[100.492,13.8705],[100.491,13.8705],[100.4905,13.8695],[100.4895,13.8715],[100.4885,13.871],[100.489,13.8705],[100.488,13.8695],[100.487,13.871],[100.4865,13.8705],[100.487,13.8735],[100.486,13.871],[100.485,13.871],[100.486,13.8725],[100.4855,13.8735],[100.486,13.8745],[100.4845,13.875],[100.484,13.8775],[100.483,13.8775],[100.483,13.8765],[100.481,13.877],[100.4805,13.8755],[100.4795,13.876],[100.4785,13.875],[100.4795,13.8745],[100.478,13.8745],[100.478,13.873],[100.479,13.873],[100.4785,13.872],[100.479,13.871],[100.4745,13.8705],[100.4745,13.8725],[100.4725,13.8735],[100.4725,13.875],[100.4715,13.8735],[100.4705,13.8735],[100.4705,13.8745],[100.4695,13.8735],[100.469,13.8755],[100.4675,13.876],[100.466,13.875],[100.4655,13.8765],[100.465,13.876],[100.4645,13.8765],[100.4625,13.8755],[100.463,13.8735],[100.461,13.8735],[100.461,13.8745],[100.46,13.8745],[100.4605,13.875],[100.4595,13.8755],[100.4605,13.876],[100.4595,13.8775],[100.4585,13.877],[100.459,13.8765],[100.4585,13.876],[100.4575,13.8765],[100.457,13.8755],[100.456,13.876],[100.4565,13.877],[100.456,13.8785],[100.4535,13.879],[100.453,13.8785],[100.4535,13.878],[100.452,13.878],[100.453,13.879],[100.452,13.8795],[100.453,13.88],[100.4515,13.8815],[100.4505,13.8815],[100.4485,13.8775],[100.4465,13.879],[100.449,13.8795],[100.449,13.881],[100.446,13.883],[100.4455,13.8825],[100.446,13.881],[100.4435,13.8805],[100.4435,13.879],[100.4425,13.879],[100.4415,13.877],[100.441,13.8785],[100.4405,13.8775],[100.438,13.877],[100.439,13.881],[100.438,13.88],[100.437,13.883],[100.434,13.8815],[100.434,13.8835],[100.433,13.8845],[100.4325,13.8835],[100.433,13.8825],[100.432,13.883],[100.4315,13.8815],[100.432,13.8805],[100.431,13.88],[100.4295,13.881],[100.43,13.8795],[100.4285,13.8775],[100.43,13.877],[100.43,13.876],[100.428,13.877],[100.427,13.8765],[100.4265,13.8775],[100.4255,13.8755],[100.424,13.8755],[100.425,13.876],[100.4245,13.877],[100.422,13.8765],[100.4225,13.877],[100.422,13.878],[100.42,13.878],[100.4195,13.88],[100.4185,13.8805],[100.4165,13.8795],[100.417,13.878],[100.4155,13.876],[100.414,13.8765],[100.4125,13.8755],[100.4105,13.878],[100.4135,13.877],[100.412,13.879],[100.4125,13.88],[100.414,13.8795],[100.4145,13.881],[100.413,13.882],[100.414,13.882],[100.412,13.8855],[100.4125,13.8865],[100.414,13.886],[100.4125,13.889],[100.4135,13.889],[100.413,13.891],[100.411,13.89],[100.4115,13.8885],[100.409,13.8895],[100.4115,13.8925],[100.4115,13.8955],[100.411,13.896],[100.4105,13.8955],[100.4095,13.8915],[100.4085,13.8975],[100.41,13.8965],[100.4105,13.897],[100.4095,13.898],[100.41,13.899],[100.408,13.8995],[100.4085,13.9005],[100.4075,13.9015],[100.407,13.901],[100.4075,13.8995],[100.4065,13.9005],[100.4055,13.9],[100.4065,13.899],[100.406,13.898],[100.407,13.8985],[100.406,13.8965],[100.407,13.8955],[100.4065,13.8945],[100.4075,13.895],[100.407,13.8935],[100.407,13.894],[100.404,13.8935],[100.4035,13.8945],[100.4025,13.893],[100.403,13.8925],[100.4025,13.8915],[100.404,13.89],[100.4035,13.889],[100.405,13.8875],[100.401,13.8825],[100.402,13.882],[100.4025,13.8795],[100.4035,13.879],[100.403,13.878],[100.404,13.877],[100.4035,13.8765],[100.4055,13.8745],[100.406,13.875],[100.4075,13.8745],[100.408,13.875],[100.4075,13.876],[100.409,13.875],[100.4075,13.874],[100.408,13.8725],[100.409,13.873],[100.409,13.872],[100.41,13.872],[100.41,13.874],[100.411,13.8745],[100.4115,13.874],[100.41,13.8735],[100.4105,13.8725],[100.415,13.8735],[100.414,13.8705],[100.4145,13.8695],[100.4205,13.8705],[100.4205,13.8715],[100.422,13.8715],[100.4215,13.871],[100.4225,13.8695],[100.4245,13.8695],[100.424,13.871],[100.4245,13.8715],[100.4255,13.8705],[100.426,13.871],[100.4255,13.8715],[100.4265,13.8725],[100.425,13.873],[100.426,13.873],[100.4265,13.8745],[100.428,13.874],[100.4285,13.8725],[100.4295,13.874],[100.4305,13.874],[100.4305,13.875],[100.431,13.875],[100.4305,13.874],[100.4335,13.875],[100.435,13.873],[100.434,13.8725],[100.432,13.8745],[100.433,13.872],[100.4325,13.8715],[100.432,13.872],[100.4325,13.873],[100.431,13.873],[100.4305,13.87],[100.4315,13.8705],[100.4315,13.8695],[100.433,13.869],[100.4325,13.8705],[100.4335,13.8695],[100.434,13.87],[100.4335,13.871],[100.4355,13.872],[100.437,13.8685],[100.4385,13.869],[100.4385,13.87],[100.4395,13.8705],[100.4375,13.871],[100.437,13.8705],[100.436,13.872],[100.4365,13.8745],[100.435,13.8745],[100.4345,13.8755],[100.4375,13.875],[100.439,13.873],[100.4395,13.8745],[100.441,13.875],[100.441,13.876],[100.4455,13.876],[100.446,13.875],[100.447,13.8755],[100.447,13.8745],[100.445,13.875],[100.4435,13.8735],[100.444,13.873],[100.446,13.874],[100.444,13.8725],[100.4455,13.871],[100.4465,13.8715],[100.4465,13.8725],[100.4475,13.872],[100.4485,13.873],[100.448,13.8735],[100.449,13.8735],[100.449,13.8745],[100.448,13.875],[100.4485,13.8765],[100.4485,13.8755],[100.4495,13.876],[100.4505,13.875],[100.45,13.8745],[100.451,13.873],[100.4515,13.875],[100.4545,13.8755],[100.4555,13.8745],[100.455,13.873],[100.4565,13.8735],[100.4565,13.872],[100.4575,13.872],[100.4575,13.873],[100.459,13.8715],[100.4595,13.872],[100.46,13.8715],[100.459,13.8705],[100.46,13.871],[100.4615,13.87],[100.4615,13.8715],[100.463,13.87],[100.462,13.8695],[100.47,13.868],[100.4695,13.8675],[100.47,13.867],[100.471,13.867],[100.471,13.8685],[100.472,13.868],[100.4725,13.8695],[100.4775,13.87],[100.478,13.869],[100.479,13.8695],[100.4785,13.8685],[100.479,13.868],[100.481,13.868],[100.481,13.866],[100.48,13.8655],[100.4815,13.865],[100.481,13.864],[100.482,13.8635],[100.4845,13.866],[100.4835,13.8675],[100.486,13.8675],[100.4865,13.868],[100.4855,13.869],[100.487,13.869],[100.488,13.8685],[100.488,13.8665],[100.49,13.8675],[100.488,13.8655],[100.487,13.8655],[100.486,13.8635],[100.488,13.8625],[100.488,13.8615],[100.4895,13.862],[100.4895,13.8605],[100.4905,13.863],[100.4915,13.8625],[100.491,13.8605],[100.4915,13.86],[100.492,13.861],[100.4925,13.859],[100.492,13.8595],[100.491,13.8585],[100.4935,13.857],[100.4935,13.858],[100.4945,13.858],[100.4935,13.859],[100.4945,13.8595],[100.4945,13.861],[100.4945,13.8595],[100.496,13.8595],[100.496,13.8605],[100.4965,13.8595],[100.4975,13.86],[100.4985,13.8585],[100.5,13.8595],[100.5055,13.8585],[100.506,13.86],[100.5065,13.8585],[100.5095,13.8585],[100.5095,13.8555],[100.5085,13.855],[100.5105,13.8535],[100.511,13.8515],[100.5075,13.852],[100.5055,13.8505],[100.507,13.849],[100.508,13.849],[100.508,13.8475],[100.51,13.847],[100.508,13.8445],[100.507,13.8445],[100.509,13.843],[100.508,13.84],[100.509,13.839],[100.51,13.8395],[100.5105,13.838],[100.5095,13.8365],[100.5105,13.835],[100.5115,13.836],[100.512,13.834],[100.5135,13.836],[100.5135,13.835],[100.5165,13.8335],[100.5165,13.8325],[100.5175,13.833],[100.5175,13.835],[100.5185,13.836],[100.5185,13.834],[100.5215,13.833],[100.521,13.8295],[100.523,13.8295],[100.526,13.8265],[100.5235,13.8285],[100.524,13.826],[100.523,13.8255],[100.523,13.8235],[100.527,13.824],[100.5285,13.825],[100.529,13.8245],[100.5285,13.823],[100.526,13.8225],[100.525,13.8215],[100.526,13.821],[100.525,13.8205],[100.526,13.8195],[100.5255,13.8185],[100.5275,13.819],[100.525,13.8175],[100.526,13.8165],[100.527,13.817],[100.5265,13.8155],[100.5275,13.8155],[100.5275,13.8145],[100.5285,13.815],[100.528,13.814],[100.529,13.814],[100.5295,13.813],[100.527,13.8125],[100.5255,13.81],[100.5225,13.8095],[100.5215,13.8105],[100.5205,13.8085],[100.519,13.8085],[100.5185,13.8065],[100.519,13.805],[100.5185,13.804],[100.5195,13.803],[100.5185,13.803],[100.5185,13.802],[100.5195,13.802],[100.519,13.8005],[100.521,13.8],[100.5215,13.799],[100.5215,13.8],[100.524,13.801],[100.524,13.8025],[100.5245,13.8015],[100.5255,13.8025],[100.526,13.8015],[100.5275,13.8015],[100.527,13.8005],[100.5275,13.8],[100.528,13.8015],[100.5295,13.8005],[100.531,13.801],[100.531,13.8],[100.5325,13.799],[100.5335,13.799],[100.534,13.8],[100.535,13.7995],[100.5355,13.8005],[100.536,13.799],[100.537,13.7985],[100.536,13.7965],[100.5365,13.796],[100.5405,13.8],[100.54,13.7985],[100.5385,13.7975],[100.5395,13.7975],[100.5395,13.796],[100.5405,13.7965],[100.5405,13.7975],[100.546,13.796],[100.545,13.7955],[100.5455,13.7945],[100.545,13.7925],[100.5415,13.7905],[100.541,13.789],[100.5405,13.79],[100.5395,13.789],[100.54,13.7875],[100.5415,13.788],[100.5415,13.786],[100.5395,13.786],[100.539,13.785],[100.5395,13.784],[100.5385,13.783],[100.5395,13.782],[100.539,13.7795],[100.5375,13.779],[100.538,13.7775],[100.539,13.778],[100.538,13.7765],[100.5385,13.776],[100.539,13.7765],[100.538,13.776],[100.5385,13.7745],[100.5365,13.77],[100.535,13.77],[100.5355,13.769],[100.5345,13.7695],[100.534,13.7685],[100.5335,13.769],[100.5325,13.769],[100.532,13.768],[100.531,13.7685],[100.531,13.766],[100.53,13.7665],[100.5285,13.7655],[100.5295,13.7635],[100.528,13.762],[100.529,13.7615],[100.5255,13.762],[100.526,13.76],[100.529,13.7585],[100.5265,13.7575],[100.527,13.7565],[100.526,13.756],[100.5235,13.7565],[100.524,13.7545],[100.5245,13.754],[100.525,13.7545],[100.5235,13.754],[100.5225,13.7525],[100.5245,13.7505],[100.523,13.7515],[100.5225,13.751],[100.524,13.7495],[100.5235,13.75],[100.523,13.749],[100.5225,13.7495],[100.521,13.7485],[100.519,13.7485],[100.52,13.7465],[100.522,13.7465],[100.521,13.7455],[100.522,13.745],[100.521,13.745],[100.522,13.7445],[100.5215,13.743],[100.5205,13.743],[100.521,13.7445],[100.5185,13.745],[100.518,13.746],[100.5165,13.74],[100.517,13.7455],[100.516,13.7465],[100.515,13.746],[100.5145,13.7495],[100.5135,13.749],[100.513,13.75],[100.512,13.749],[100.508,13.7495],[100.5085,13.751],[100.5075,13.754],[100.506,13.7545],[100.5055,13.756],[100.5045,13.7555],[100.5045,13.7545],[100.5015,13.7555],[100.497,13.752],[100.496,13.7525],[100.4955,13.7515],[100.4955,13.7525],[100.4935,13.7535],[100.4915,13.7515],[100.492,13.751],[100.4905,13.7505],[100.4915,13.75],[100.4915,13.749],[100.4905,13.749],[100.49,13.75],[100.489,13.7495],[100.49,13.7465],[100.4895,13.746],[100.491,13.744],[100.493,13.7435],[100.4925,13.743],[100.494,13.741],[100.4975,13.74],[100.497,13.739],[100.4955,13.739],[100.4965,13.7365],[100.4975,13.7375],[100.498,13.737],[100.4995,13.7395],[100.502,13.7405],[100.5025,13.7395],[100.504,13.7395],[100.504,13.7385],[100.508,13.7375],[100.509,13.736],[100.5105,13.7355],[100.5115,13.733],[100.5155,13.729],[100.5165,13.73],[100.5185,13.7295],[100.52,13.7305],[100.5215,13.73],[100.523,13.7275],[100.521,13.7275],[100.5195,13.726],[100.5185,13.7265],[100.518,13.7255],[100.516,13.727],[100.5145,13.726],[100.5135,13.7235],[100.514,13.7215],[100.5135,13.72],[100.5115,13.72],[100.5115,13.721],[100.5105,13.7215],[100.512,13.7215],[100.511,13.7235],[100.512,13.724],[100.512,13.725],[100.511,13.7255],[100.512,13.7255],[100.512,13.729],[100.511,13.7305],[100.508,13.731],[100.5105,13.7325],[100.5095,13.733],[100.5085,13.7355],[100.5075,13.735],[100.5075,13.736],[100.506,13.7355],[100.505,13.736],[100.5045,13.7345],[100.502,13.7355],[100.5015,13.734],[100.499,13.7335],[100.499,13.732],[100.5005,13.731],[100.5005,13.73],[100.499,13.729],[100.5,13.7285],[100.497,13.728],[100.495,13.729],[100.4945,13.728],[100.494,13.729],[100.493,13.7275],[100.4905,13.727],[100.4905,13.7255],[100.49,13.726],[100.4895,13.7245],[100.487,13.7235],[100.4865,13.7255],[100.4845,13.7255],[100.483,13.724],[100.48,13.7235],[100.479,13.7215],[100.4795,13.7205],[100.4805,13.7205],[100.4795,13.7205],[100.479,13.719],[100.4805,13.719],[100.4805,13.7175],[100.4795,13.718],[100.4785,13.717],[100.478,13.7195],[100.4785,13.721],[100.4775,13.7215],[100.4785,13.722],[100.4775,13.723],[100.4785,13.7235],[100.479,13.7255],[100.48,13.724],[100.4815,13.724],[100.482,13.725],[100.481,13.7265],[100.4815,13.726],[100.4815,13.727],[100.483,13.7265],[100.484,13.7275],[100.4835,13.729],[100.4825,13.7285],[100.482,13.731],[100.4825,13.7315],[100.4835,13.731],[100.4835,13.732],[100.4845,13.732],[100.484,13.733],[100.4845,13.7335],[100.486,13.7325],[100.4865,13.7335],[100.487,13.7315],[100.488,13.7335],[100.488,13.7325],[100.489,13.733],[100.49,13.732],[100.491,13.733],[100.492,13.732],[100.493,13.7335],[100.492,13.7345],[100.4925,13.736],[100.4895,13.7375],[100.4905,13.739],[100.4895,13.74],[100.4905,13.741],[100.4895,13.7415],[100.49,13.7435],[100.488,13.743],[100.489,13.7435],[100.486,13.7445],[100.483,13.7435],[100.4825,13.744],[100.4835,13.744],[100.4835,13.745],[100.483,13.7455],[100.4815,13.7445],[100.481,13.745],[100.4815,13.7455],[100.4805,13.746],[100.4795,13.745],[100.48,13.7435],[100.4795,13.7425],[100.4775,13.7415],[100.478,13.7395],[100.4795,13.738],[100.48,13.7395],[100.4815,13.738],[100.4795,13.738],[100.48,13.7375],[100.4785,13.736],[100.4775,13.7365],[100.4775,13.7345],[100.475,13.738],[100.4765,13.739],[100.4755,13.7415],[100.4765,13.742],[100.4765,13.7435],[100.4745,13.744],[100.474,13.746],[100.4705,13.748],[100.4715,13.748],[100.4705,13.749],[100.4715,13.749],[100.4735,13.751],[100.473,13.752],[100.477,13.7535],[100.4765,13.755],[100.478,13.7555],[100.4765,13.757],[100.4755,13.7565],[100.476,13.756],[100.475,13.756],[100.4755,13.757],[100.4745,13.7575],[100.4745,13.7585],[100.4735,13.7585],[100.474,13.76],[100.472,13.7605],[100.475,13.761],[100.4735,13.763],[100.4745,13.763],[100.475,13.7645],[100.4765,13.764],[100.4755,13.765],[100.476,13.7655],[100.4785,13.7655],[100.478,13.7665],[100.4795,13.767],[100.479,13.768],[100.4795,13.7685],[100.4785,13.7685],[100.4795,13.7705],[100.482,13.771],[100.4845,13.77],[100.485,13.7725],[100.483,13.774],[100.4835,13.7745],[100.4845,13.7735],[100.4855,13.7745],[100.487,13.774],[100.487,13.775],[100.489,13.774],[100.49,13.775],[100.489,13.7755],[100.49,13.776],[100.4915,13.7755],[100.492,13.776],[100.4915,13.7775],[100.4925,13.778],[100.4915,13.779],[100.492,13.78],[100.495,13.779],[100.495,13.78],[100.4975,13.7795],[100.502,13.781],[100.501,13.783],[100.5015,13.784],[100.4995,13.785],[100.5,13.7855],[100.4995,13.786],[100.5005,13.786],[100.5015,13.7875],[100.5045,13.787],[100.5045,13.788],[100.5055,13.7875],[100.5055,13.7885],[100.5065,13.7885],[100.507,13.79],[100.5045,13.791],[100.505,13.792],[100.5075,13.79],[100.508,13.791],[100.507,13.7925],[100.508,13.793],[100.508,13.792],[100.509,13.7915],[100.5095,13.7925],[100.509,13.793],[100.51,13.7925],[100.5095,13.794],[100.511,13.793],[100.5105,13.794],[100.512,13.7945],[100.5105,13.796],[100.513,13.796],[100.5125,13.797],[100.5135,13.797],[100.512,13.7985],[100.514,13.798],[100.515,13.8],[100.5125,13.801],[100.515,13.801],[100.5155,13.802],[100.5145,13.803],[100.515,13.8055],[100.5135,13.805],[100.5145,13.806],[100.5115,13.8075],[100.511,13.806],[100.5095,13.8055],[100.51,13.8045],[100.509,13.805],[100.5075,13.804],[100.5095,13.802],[100.507,13.803],[100.5065,13.8025],[100.506,13.804],[100.5045,13.803],[100.5055,13.802],[100.5045,13.8015],[100.507,13.801],[100.506,13.801],[100.506,13.8],[100.509,13.799],[100.5085,13.798],[100.5075,13.7975],[100.506,13.7995],[100.5055,13.799],[100.506,13.8],[100.5055,13.8005],[100.505,13.7995],[100.504,13.8],[100.503,13.7985],[100.5025,13.799],[100.5015,13.798],[100.502,13.796],[100.5035,13.7945],[100.5025,13.795],[100.502,13.7945],[100.501,13.7955],[100.5005,13.794],[100.4995,13.795],[100.4975,13.794],[100.498,13.7925],[100.4975,13.7915],[100.4985,13.792],[100.4995,13.7905],[100.4955,13.79],[100.4955,13.789],[100.494,13.7895],[100.4935,13.789],[100.494,13.788],[100.4925,13.789],[100.4905,13.787],[100.4865,13.7875],[100.4865,13.7865],[100.4875,13.7865],[100.4865,13.786],[100.4875,13.7845],[100.4855,13.7855],[100.485,13.784],[100.4815,13.783],[100.482,13.781],[100.483,13.781],[100.482,13.779],[100.4825,13.7785],[100.483,13.779],[100.482,13.778],[100.4805,13.7785],[100.4805,13.777],[100.4785,13.7765],[100.4805,13.775],[100.479,13.773],[100.48,13.773],[100.48,13.7715],[100.479,13.772],[100.4795,13.771],[100.4785,13.77],[100.4775,13.7705],[100.478,13.7695],[100.476,13.769],[100.4735,13.7705],[100.474,13.7695],[100.473,13.769],[100.4745,13.7685],[100.474,13.7675],[100.475,13.7665],[100.4755,13.7665],[100.475,13.7675],[100.476,13.767],[100.475,13.766],[100.472,13.7695],[100.4705,13.7685],[100.4715,13.77],[100.469,13.771],[100.469,13.7685],[100.468,13.769],[100.4685,13.768],[100.4665,13.7675],[100.47,13.764],[100.469,13.763],[100.468,13.764],[100.4675,13.7635],[100.4675,13.7625],[100.4685,13.7625],[100.467,13.762],[100.4665,13.7605],[100.467,13.7595],[100.4655,13.759],[100.466,13.7585],[100.4665,13.759],[100.467,13.758],[100.464,13.7575],[100.4635,13.7565],[100.464,13.7555],[100.4615,13.755],[100.462,13.754],[100.463,13.754],[100.4615,13.753],[100.462,13.7525],[100.4635,13.7535],[100.464,13.752],[100.4675,13.7525],[100.4645,13.751],[100.466,13.751],[100.4655,13.7505],[100.467,13.749],[100.4685,13.749],[100.468,13.748],[100.469,13.748],[100.4695,13.747],[100.467,13.746],[100.466,13.742],[100.464,13.741],[100.4635,13.742],[100.4625,13.741],[100.464,13.738],[100.465,13.7375],[100.47,13.7375],[100.469,13.7365],[100.4655,13.737],[100.4655,13.736],[100.4705,13.736],[100.469,13.736],[100.468,13.7335],[100.467,13.733],[100.468,13.7315],[100.466,13.73],[100.469,13.729],[100.4655,13.728],[100.466,13.7265],[100.4645,13.729],[100.465,13.7295],[100.464,13.7295],[100.463,13.7315],[100.463,13.73],[100.461,13.729],[100.459,13.7305],[100.4595,13.729],[100.4585,13.7285],[100.459,13.7275],[100.4565,13.7285],[100.455,13.7275],[100.4525,13.729],[100.453,13.728],[100.4525,13.727],[100.4535,13.727],[100.4545,13.7245],[100.4535,13.7235],[100.453,13.7255],[100.452,13.725],[100.4525,13.724],[100.451,13.724],[100.4525,13.722],[100.452,13.7205],[100.452,13.7215],[100.4505,13.721],[100.45,13.722],[100.4495,13.7205],[100.448,13.722],[100.4455,13.7205],[100.444,13.7225],[100.444,13.7215],[100.443,13.7215],[100.4435,13.7205],[100.443,13.72],[100.4425,13.721],[100.441,13.7205],[100.4415,13.7195],[100.441,13.718],[100.442,13.7165],[100.441,13.7165],[100.4405,13.7155],[100.4395,13.717],[100.4385,13.7165],[100.4375,13.717],[100.4375,13.7145],[100.4365,13.7155],[100.4355,13.7135],[100.434,13.7135],[100.434,13.7145],[100.4325,13.714],[100.431,13.7165],[100.4305,13.713],[100.43,13.715],[100.4295,13.7155],[100.429,13.715],[100.428,13.7165],[100.426,13.7145],[100.4255,13.7165],[100.426,13.717],[100.425,13.717],[100.4245,13.7195],[100.4235,13.7195],[100.4235,13.7185],[100.4215,13.7185],[100.4215,13.7195],[100.4205,13.719],[100.42,13.72],[100.4195,13.72],[100.42,13.7185],[100.4185,13.7195],[100.418,13.718],[100.4195,13.718],[100.419,13.717],[100.4205,13.7155],[100.4205,13.7135],[100.42,13.7155],[100.4195,13.714],[100.418,13.7135],[100.4165,13.716],[100.4155,13.715],[100.415,13.716],[100.413,13.7165],[100.4125,13.716],[100.4115,13.7175],[100.41,13.717],[100.411,13.716],[100.4095,13.7165],[100.4085,13.7195],[100.4085,13.7185],[100.407,13.7185],[100.4075,13.7165],[100.406,13.7165],[100.406,13.715],[100.407,13.715],[100.407,13.7135],[100.4065,13.7145],[100.406,13.7135],[100.408,13.7115],[100.4065,13.711],[100.406,13.71],[100.4065,13.7065],[100.4055,13.706],[100.406,13.705],[100.4065,13.7055],[100.4065,13.7045]],[[100.5835,13.624],[100.5865,13.621],[100.5865,13.62],[100.5875,13.62],[100.5875,13.6165],[100.5895,13.6155],[100.5905,13.6175],[100.5895,13.6175],[100.588,13.6205],[100.5895,13.6215],[100.591,13.6195],[100.594,13.6205],[100.5955,13.619],[100.597,13.619],[100.597,13.62],[100.596,13.6205],[100.597,13.6215],[100.596,13.6225],[100.597,13.624],[100.5935,13.626],[100.594,13.627],[100.592,13.6265],[100.589,13.628],[100.589,13.629],[100.59,13.6295],[100.5895,13.63],[100.5885,13.6295],[100.588,13.6275],[100.589,13.623],[100.5875,13.6235],[100.5855,13.6225],[100.5845,13.6245],[100.5835,13.624]],[[100.5915,13.632],[100.5925,13.6315],[100.5935,13.6325],[100.594,13.632],[100.593,13.6315],[100.5945,13.631],[100.595,13.6315],[100.5945,13.632],[100.596,13.6315],[100.599,13.633],[100.6,13.6365],[100.599,13.636],[100.598,13.6365],[100.598,13.6375],[100.599,13.6375],[100.598,13.638],[100.5985,13.6395],[100.5965,13.638],[100.597,13.639],[100.5955,13.639],[100.595,13.64],[100.594,13.637],[100.592,13.6375],[100.594,13.6365],[100.593,13.6345],[100.5905,13.635],[100.593,13.6335],[100.5925,13.6325],[100.5915,13.633],[100.5915,13.632]],[[100.5935,13.742],[100.595,13.7415],[100.5955,13.742],[100.596,13.7415],[100.595,13.7405],[100.596,13.74],[100.5985,13.741],[100.599,13.7405],[100.5975,13.7375],[100.5965,13.737],[100.598,13.7355],[100.5985,13.737],[100.5995,13.737],[100.599,13.738],[100.601,13.7385],[100.6025,13.738],[100.603,13.739],[100.603,13.738],[100.6045,13.739],[100.6045,13.738],[100.606,13.7375],[100.607,13.7385],[100.6065,13.7395],[100.606,13.739],[100.6055,13.7415],[100.6045,13.74],[100.605,13.742],[100.6085,13.7415],[100.608,13.741],[100.609,13.742],[100.605,13.743],[100.606,13.7445],[100.607,13.744],[100.6065,13.7435],[100.6085,13.744],[100.6085,13.745],[100.6045,13.746],[100.6055,13.747],[100.6055,13.746],[100.6065,13.7455],[100.608,13.746],[100.607,13.7485],[100.6075,13.749],[100.607,13.7495],[100.605,13.7485],[100.6045,13.749],[100.603,13.7485],[100.603,13.7475],[100.601,13.749],[100.599,13.7455],[100.5985,13.746],[100.599,13.7465],[100.598,13.747],[100.5955,13.7455],[100.5955,13.7445],[100.594,13.7445],[100.5935,13.742]],[[100.596,13.607],[100.596,13.6075],[100.5975,13.605],[100.5965,13.6035],[100.6,13.6055],[100.602,13.605],[100.6015,13.606],[100.602,13.607],[100.6005,13.608],[100.6015,13.6075],[100.603,13.608],[100.603,13.6095],[100.602,13.6105],[100.603,13.611],[100.603,13.612],[100.602,13.6115],[100.6,13.612],[100.6,13.61],[100.595,13.609],[100.595,13.607],[100.596,13.607]],[[100.5955,13.6635],[100.5975,13.6625],[100.5975,13.6605],[100.5995,13.66],[100.5995,13.661],[100.6005,13.661],[100.6015,13.66],[100.6005,13.659],[100.601,13.6585],[100.6005,13.656],[100.599,13.6555],[100.601,13.654],[100.603,13.6545],[100.604,13.657],[100.6045,13.657],[100.6035,13.6555],[100.604,13.6545],[100.6045,13.6555],[100.6055,13.655],[100.606,13.656],[100.6065,13.6555],[100.6075,13.656],[100.6065,13.658],[100.6075,13.659],[100.608,13.658],[100.61,13.6605],[100.6105,13.6595],[100.611,13.6605],[100.61,13.661],[100.6105,13.662],[100.6095,13.662],[100.6095,13.661],[100.609,13.6615],[100.6095,13.663],[100.6085,13.665],[100.6075,13.665],[100.607,13.664],[100.6075,13.6655],[100.607,13.6655],[100.606,13.663],[100.6065,13.6655],[100.605,13.666],[100.604,13.665],[100.6045,13.6645],[100.604,13.6635],[100.603,13.6635],[100.6035,13.6625],[100.5985,13.6635],[100.5985,13.665],[100.5975,13.664],[100.597,13.665],[100.596,13.665],[100.5955,13.6635]],[[100.5965,13.6015],[100.5975,13.602],[100.5965,13.603],[100.596,13.6025],[100.5965,13.6015]],[[100.6055,13.575],[100.6075,13.572],[100.61,13.573],[100.611,13.572],[100.6105,13.5735],[100.611,13.574],[100.61,13.575],[100.6115,13.575],[100.6115,13.5765],[100.613,13.5755],[100.6135,13.5765],[100.613,13.577],[100.6125,13.5765],[100.612,13.5775],[100.613,13.579],[100.611,13.5785],[100.609,13.58],[100.6085,13.5785],[100.608,13.579],[100.6085,13.58],[100.607,13.5805],[100.6065,13.578],[100.605,13.578],[100.606,13.577],[100.6055,13.575]],[[100.608,13.5665],[100.6085,13.567],[100.6075,13.568],[100.607,13.5675],[100.608,13.5665]],[[100.6075,13.5835],[100.6085,13.585],[100.608,13.5855],[100.6075,13.5835]],[[100.608,13.592],[100.6085,13.592],[100.609,13.5925],[100.6085,13.5925],[100.608,13.592]],[[100.611,13.9095],[100.6115,13.9095],[100.611,13.908],[100.613,13.907],[100.6115,13.9065],[100.613,13.906],[100.612,13.9055],[100.6125,13.9035],[100.614,13.903],[100.615,13.9045],[100.616,13.904],[100.6165,13.9045],[100.617,13.9035],[100.6175,13.9045],[100.6205,13.905],[100.621,13.906],[100.621,13.905],[100.622,13.905],[100.6225,13.906],[100.6215,13.906],[100.625,13.908],[100.624,13.909],[100.6245,13.91],[100.6235,13.9105],[100.6235,13.9095],[100.623,13.91],[100.6235,13.912],[100.622,13.912],[100.6235,13.9145],[100.622,13.915],[100.6235,13.918],[100.6255,13.9175],[100.625,13.919],[100.6265,13.918],[100.6265,13.921],[100.631,13.92],[100.6315,13.9215],[100.6305,13.922],[100.6295,13.9215],[100.6305,13.923],[100.629,13.9245],[100.6315,13.926],[100.6325,13.9255],[100.632,13.927],[100.6335,13.928],[100.632,13.9285],[100.633,13.9295],[100.6315,13.929],[100.63,13.9295],[100.631,13.93],[100.628,13.9325],[100.6265,13.9325],[100.6265,13.934],[100.625,13.9345],[100.6255,13.9325],[100.6245,13.9335],[100.6235,13.9315],[100.6245,13.931],[100.6255,13.9315],[100.6255,13.93],[100.6225,13.93],[100.623,13.926],[100.622,13.9275],[100.6225,13.929],[100.6215,13.9285],[100.621,13.9295],[100.621,13.928],[100.6195,13.9255],[100.621,13.9225],[100.62,13.9225],[100.62,13.9215],[100.621,13.9215],[100.62,13.9205],[100.6205,13.9195],[100.6215,13.92],[100.619,13.917],[100.6175,13.9165],[100.619,13.916],[100.6175,13.9155],[100.619,13.9145],[100.6185,13.914],[100.618,13.9145],[100.616,13.9125],[100.6145,13.9135],[100.6125,13.911],[100.6135,13.9125],[100.613,13.913],[100.6105,13.9105],[100.611,13.9095]],[[100.6245,13.772],[100.6255,13.772],[100.6265,13.769],[100.6275,13.7685],[100.628,13.769],[100.6275,13.7705],[100.6285,13.7705],[100.6295,13.767],[100.6305,13.768],[100.63,13.77],[100.6305,13.7685],[100.631,13.77],[100.632,13.7675],[100.633,13.767],[100.633,13.769],[100.634,13.768],[100.6355,13.77],[100.6365,13.7695],[100.638,13.7705],[100.6375,13.771],[100.638,13.7725],[100.636,13.7725],[100.6345,13.7755],[100.6355,13.7755],[100.6355,13.7765],[100.6365,13.777],[100.634,13.7785],[100.634,13.7795],[100.633,13.7795],[100.633,13.7785],[100.632,13.778],[100.6325,13.7815],[100.631,13.7825],[100.631,13.7835],[100.6275,13.781],[100.6265,13.783],[100.627,13.7795],[100.624,13.7805],[100.623,13.7795],[100.6215,13.7795],[100.622,13.777],[100.623,13.776],[100.6225,13.775],[100.6245,13.772]],[[100.638,13.7355],[100.6405,13.735],[100.6405,13.733],[100.6415,13.732],[100.642,13.7325],[100.6415,13.733],[100.6435,13.7335],[100.643,13.7345],[100.6465,13.734],[100.6465,13.735],[100.6455,13.7355],[100.646,13.7365],[100.645,13.7375],[100.6525,13.737],[100.652,13.736],[100.6545,13.7375],[100.653,13.739],[100.646,13.7405],[100.6465,13.742],[100.6505,13.742],[100.6495,13.743],[100.65,13.744],[100.649,13.744],[100.648,13.7455],[100.6475,13.7445],[100.648,13.7435],[100.646,13.7425],[100.6455,13.741],[100.6445,13.741],[100.6435,13.743],[100.644,13.744],[100.643,13.7445],[100.6415,13.7395],[100.64,13.741],[100.6395,13.7395],[100.64,13.7395],[100.639,13.7385],[100.6395,13.738],[100.6375,13.736],[100.638,13.7355]],[[100.637,13.932],[100.6375,13.9315],[100.648,13.932],[100.649,13.931],[100.6495,13.9315],[100.649,13.932],[100.651,13.9315],[100.6515,13.932],[100.6535,13.9305],[100.654,13.932],[100.655,13.9325],[100.654,13.9325],[100.6535,13.9335],[100.6525,13.9325],[100.6515,13.934],[100.6455,13.933],[100.645,13.9335],[100.6455,13.935],[100.642,13.935],[100.643,13.937],[100.642,13.938],[100.641,13.937],[100.641,13.934],[100.6425,13.933],[100.639,13.933],[100.637,13.932]],[[100.6875,13.733],[100.694,13.732],[100.6925,13.7305],[100.693,13.73],[100.6955,13.733],[100.699,13.7315],[100.6995,13.732],[100.6995,13.733],[100.6965,13.7335],[100.698,13.734],[100.6965,13.734],[100.697,13.736],[100.6955,13.736],[100.6945,13.7375],[100.6935,13.7365],[100.6905,13.737],[100.688,13.7365],[100.688,13.7385],[100.6875,13.735],[100.684,13.7355],[100.685,13.7335],[100.6875,13.733]],[[100.6865,13.8155],[100.687,13.8155],[100.6865,13.819],[100.6855,13.8185],[100.6855,13.8165],[100.6865,13.8155]],[[100.724,13.8085],[100.7245,13.808],[100.7275,13.81],[100.729,13.8095],[100.728,13.809],[100.7285,13.8085],[100.7305,13.8085],[100.731,13.8095],[100.73,13.811],[100.7335,13.8125],[100.734,13.8135],[100.733,13.814],[100.7345,13.8145],[100.7325,13.8155],[100.7305,13.814],[100.7305,13.817],[100.7295,13.818],[100.729,13.8175],[100.7295,13.8155],[100.728,13.816],[100.727,13.8155],[100.7265,13.8165],[100.725,13.8155],[100.7245,13.8165],[100.7225,13.8145],[100.7215,13.816],[100.721,13.8155],[100.722,13.813],[100.7205,13.8155],[100.72,13.8145],[100.7205,13.813],[100.719,13.814],[100.719,13.813],[100.718,13.8135],[100.717,13.8125],[100.7175,13.811],[100.718,13.8115],[100.7205,13.8095],[100.724,13.8085]],[[100.7,13.8125],[100.7045,13.813],[100.7035,13.816],[100.7025,13.816],[100.7015,13.818],[100.701,13.8175],[100.7015,13.815],[100.7005,13.8135],[100.6995,13.8135],[100.7,13.8125]],[[100.7555,13.685],[100.755,13.6825],[100.7565,13.688],[100.7555,13.686],[100.7535,13.6865],[100.7555,13.6905],[100.754,13.69],[100.753,13.691],[100.748,13.692],[100.7465,13.6915],[100.7455,13.693],[100.746,13.6915],[100.745,13.6885],[100.7425,13.689],[100.742,13.687],[100.7425,13.6865],[100.743,13.688],[100.7555,13.685]],[[100.754,13.6905],[100.755,13.6945],[100.757,13.6955],[100.755,13.696],[100.754,13.698],[100.7535,13.6975],[100.754,13.6965],[100.753,13.6975],[100.752,13.696],[100.751,13.696],[100.751,13.6975],[100.7495,13.696],[100.7495,13.697],[100.751,13.6985],[100.7505,13.699],[100.749,13.6975],[100.7465,13.698],[100.748,13.697],[100.747,13.6925],[100.748,13.6935],[100.753,13.692],[100.753,13.691],[100.754,13.6905]],[[100.7465,13.724],[100.747,13.725],[100.7475,13.724],[100.752,13.7245],[100.753,13.7255],[100.7535,13.725],[100.755,13.726],[100.754,13.727],[100.754,13.729],[100.755,13.728],[100.7575,13.7295],[100.751,13.7295],[100.7485,13.7285],[100.739,13.7295],[100.74,13.7275],[100.741,13.7285],[100.741,13.7275],[100.7415,13.7285],[100.7455,13.7285],[100.746,13.7265],[100.743,13.7265],[100.7425,13.7275],[100.7415,13.726],[100.746,13.7255],[100.7465,13.724]]],[[[100.5375,13.7695],[100.5375,13.769],[100.5375,13.7695]]],[[[100.5375,13.7625],[100.538,13.7625],[100.5375,13.7625]]],[[[100.5375,13.7595],[100.538,13.76],[100.538,13.7595],[100.5375,13.7595]]],[[[100.537,13.759],[100.5375,13.759],[100.5375,13.7585],[100.537,13.759]]],[[[100.5385,13.7545],[100.5385,13.755],[100.5385,13.7545]]],[[[100.5385,13.7525]]],[[[100.538,13.7495],[100.5355,13.7495],[100.536,13.7515],[100.5365,13.7495],[100.538,13.7495]]],[[[100.5385,13.7475],[100.54,13.747],[100.5395,13.745],[100.538,13.7455],[100.539,13.746],[100.5385,13.7475]]],[[[100.5385,13.7425]]],[[[100.538,13.7415],[100.5385,13.7385],[100.5365,13.739],[100.537,13.741],[100.538,13.7415]]],[[[100.5365,13.738],[100.538,13.738],[100.5375,13.736],[100.536,13.7365],[100.5365,13.738]]],[[[100.538,13.7355],[100.5385,13.7355],[100.538,13.7355]]],[[[100.538,13.7315],[100.538,13.732],[100.5385,13.731],[100.538,13.7315]]],[[[100.5385,13.7295],[100.539,13.73],[100.54,13.7285],[100.5385,13.7295]]],[[[100.538,13.728],[100.5375,13.728],[100.537,13.7285],[100.5375,13.7285],[100.538,13.728]]],[[[100.5065,13.735]]],[[[100.5065,13.732],[100.507,13.732],[100.5065,13.732]]],[[[100.5065,13.73],[100.507,13.73],[100.5065,13.73]]],[[[100.506,13.729],[100.5065,13.729],[100.506,13.729]]],[[[100.5045,13.7285],[100.506,13.7285],[100.5055,13.728],[100.5045,13.7285]]],[[[100.506,13.7265],[100.505,13.725],[100.5035,13.725],[100.503,13.724],[100.501,13.7245],[100.5025,13.725],[100.5015,13.7265],[100.503,13.727],[100.503,13.7255],[100.504,13.725],[100.506,13.7265]]],[[[100.5065,13.725],[100.5065,13.7245],[100.506,13.7245],[100.5065,13.725]]],[[[100.506,13.724],[100.5065,13.724],[100.506,13.724]]],[[[100.506,13.717],[100.507,13.717],[100.5065,13.7165],[100.506,13.717]]],[[[100.4785,13.7305],[100.479,13.7305],[100.4785,13.73],[100.4785,13.7305]]],[[[100.478,13.73]]],[[[100.459,13.727],[100.4605,13.7285],[100.46,13.7265],[100.459,13.727]]],[[[100.4625,13.725]]],[[[100.463,13.723]]],[[[100.4625,13.7225],[100.4625,13.722],[100.462,13.7225],[100.4625,13.7225]]],[[[100.4275,13.715]]],[[[100.433,13.712],[100.435,13.7125],[100.435,13.711],[100.433,13.711],[100.433,13.712]]],[[[100.412,13.7125],[100.4125,13.713],[100.4125,13.7125],[100.412,13.7125]]],[[[100.4125,13.7115],[100.412,13.7115],[100.4125,13.7115]]],[[[100.4175,13.7105],[100.418,13.7105],[100.4175,13.7105]]],[[[100.4115,13.71]]],[[[100.412,13.7085],[100.412,13.708],[100.412,13.7085]]],[[[100.4075,13.7085],[100.4075,13.709],[100.408,13.709],[100.408,13.7085],[100.4075,13.7085]]],[[[100.4075,13.7065],[100.407,13.7065],[100.407,13.707],[100.4075,13.707],[100.4075,13.7065]]],[[[100.407,13.7075]]],[[[100.4085,13.7065],[100.408,13.7075],[100.409,13.7095],[100.41,13.707],[100.4085,13.7065]]],[[[100.4105,13.709]]],[[[100.4075,13.716],[100.4075,13.7155],[100.4075,13.716]]],[[[100.4075,13.713],[100.408,13.715],[100.408,13.7125],[100.4075,13.713]]],[[[100.411,13.7115]]],[[[100.411,13.7155],[100.411,13.715],[100.411,13.7155]]],[[[100.4085,13.7175],[100.4085,13.718],[100.4085,13.7175]]],[[[100.4195,13.7095],[100.4195,13.709],[100.419,13.7095],[100.4195,13.7095]]],[[[100.4205,13.709],[100.42,13.7095],[100.4205,13.7105],[100.4205,13.709]]],[[[100.4135,13.712],[100.414,13.7135],[100.4135,13.712]]],[[[100.4175,13.7125],[100.4175,13.7135],[100.418,13.7135],[100.4175,13.7125]]],[[[100.413,13.712]]],[[[100.416,13.7125],[100.416,13.713],[100.416,13.7125]]],[[[100.4175,13.712]]],[[[100.4185,13.7125],[100.4185,13.713],[100.419,13.713],[100.419,13.7125],[100.4185,13.7125]]],[[[100.413,13.715]]],[[[100.413,13.7155],[100.4135,13.7155],[100.413,13.7155]]],[[[100.421,13.718],[100.4205,13.7185],[100.421,13.7185],[100.421,13.718]]],[[[100.4205,13.7165],[100.42,13.7175],[100.4205,13.7175],[100.4205,13.7165]]],[[[100.421,13.716]]],[[[100.42,13.718],[100.42,13.7185],[100.42,13.718]]],[[[100.422,13.7075],[100.421,13.7085],[100.422,13.7085],[100.422,13.7075]]],[[[100.422,13.709]]],[[[100.4265,13.714]]],[[[100.427,13.712]]],[[[100.427,13.711]]],[[[100.424,13.7125]]],[[[100.4255,13.715],[100.4255,13.7125],[100.425,13.7125],[100.425,13.715],[100.4255,13.715]]],[[[100.424,13.7105],[100.4235,13.711],[100.4235,13.7115],[100.424,13.7105]]],[[[100.426,13.711],[100.4255,13.7115],[100.425,13.7115],[100.426,13.7115],[100.426,13.711]]],[[[100.423,13.7155],[100.4225,13.7165],[100.4235,13.717],[100.424,13.7155],[100.423,13.7155]]],[[[100.4215,13.717]]],[[[100.4305,13.7105],[100.43,13.711],[100.4305,13.711],[100.4305,13.7105]]],[[[100.431,13.712],[100.4305,13.712],[100.431,13.712]]],[[[100.4305,13.7105]]],[[[100.4285,13.712]]],[[[100.429,13.712]]],[[[100.4315,13.7135],[100.4315,13.713],[100.4315,13.7135]]],[[[100.429,13.7145]]],[[[100.4505,13.716],[100.4515,13.717],[100.452,13.716],[100.4485,13.715],[100.45,13.7165],[100.45,13.7155],[100.4505,13.716]]],[[[100.4425,13.7155],[100.4425,13.716],[100.4425,13.7155]]],[[[100.4445,13.7145],[100.4445,13.713],[100.4435,13.7135],[100.4445,13.7145]]],[[[100.4395,13.713]]],[[[100.4405,13.7125],[100.4405,13.712],[100.44,13.712],[100.44,13.7125],[100.4405,13.7125]]],[[[100.442,13.7125],[100.4405,13.7125],[100.4415,13.7135],[100.4425,13.713],[100.442,13.7125]]],[[[100.4435,13.7135],[100.443,13.713],[100.443,13.7135],[100.4435,13.7135]]],[[[100.4395,13.711],[100.4395,13.7115],[100.4395,13.711]]],[[[100.44,13.7105]]],[[[100.4415,13.716],[100.4415,13.7155],[100.441,13.7155],[100.4415,13.716]]],[[[100.4435,13.716]]],[[[100.4445,13.7205],[100.444,13.721],[100.4445,13.7205]]],[[[100.4425,13.7175],[100.4425,13.717],[100.4425,13.7175]]],[[[100.446,13.7145],[100.4455,13.715],[100.4465,13.7155],[100.4465,13.7145],[100.448,13.715],[100.448,13.714],[100.4475,13.7145],[100.446,13.713],[100.4455,13.7135],[100.4465,13.714],[100.446,13.7145]]],[[[100.4485,13.715]]],[[[100.449,13.714],[100.449,13.7135],[100.4485,13.714],[100.449,13.714]]],[[[100.448,13.7155],[100.448,13.716],[100.448,13.7155]]],[[[100.446,13.7185]]],[[[100.448,13.719],[100.4485,13.719],[100.448,13.719]]],[[[100.449,13.7185]]],[[[100.4495,13.7175]]],[[[100.445,13.718]]],[[[100.446,13.718]]],[[[100.447,13.7185]]],[[[100.4525,13.7235]]],[[[100.4565,13.7235],[100.4555,13.724],[100.456,13.724],[100.4565,13.7235]]],[[[100.4535,13.719]]],[[[100.4515,13.718]]],[[[100.453,13.716],[100.453,13.717],[100.454,13.717],[100.454,13.716],[100.453,13.716]]],[[[100.454,13.721],[100.4535,13.7205],[100.454,13.721]]],[[[100.4555,13.721],[100.4555,13.722],[100.4555,13.721]]],[[[100.456,13.722]]],[[[100.457,13.722]]],[[[100.458,13.727]]],[[[100.458,13.726],[100.458,13.727],[100.4585,13.7255],[100.458,13.726]]],[[[100.458,13.7245]]],[[[100.457,13.726]]],[[[100.4585,13.7215],[100.4585,13.7225],[100.459,13.7225],[100.4585,13.7215]]],[[[100.461,13.7205],[100.461,13.721],[100.462,13.7205],[100.461,13.7205]]],[[[100.4585,13.723]]],[[[100.46,13.7255],[100.4595,13.7255],[100.46,13.7255]]],[[[100.4615,13.7255],[100.461,13.726],[100.4615,13.726],[100.4615,13.7255]]],[[[100.463,13.7155],[100.4635,13.7155],[100.464,13.7155],[100.463,13.7155]]],[[[100.4705,13.7635],[100.471,13.7635],[100.471,13.763],[100.4705,13.7635]]],[[[100.4705,13.7545],[100.472,13.7545],[100.4705,13.7545]]],[[[100.471,13.747]]],[[[100.471,13.747]]],[[[100.4715,13.7435],[100.472,13.7435],[100.472,13.743],[100.4715,13.743],[100.4715,13.7435]]],[[[100.4715,13.7415]]],[[[100.4715,13.739],[100.4715,13.7395],[100.4715,13.739]]],[[[100.472,13.7295],[100.4715,13.73],[100.472,13.73],[100.472,13.7295]]],[[[100.4715,13.7265]]],[[[100.471,13.7255]]],[[[100.4685,13.727],[100.4685,13.7275],[100.4685,13.727]]],[[[100.4675,13.725],[100.469,13.7255],[100.4695,13.7245],[100.469,13.7235],[100.467,13.725],[100.4675,13.725]]],[[[100.4665,13.7265],[100.466,13.7265],[100.4665,13.7265]]],[[[100.466,13.726],[100.4665,13.726],[100.466,13.726]]],[[[100.4655,13.7235],[100.466,13.7235],[100.4655,13.7235]]],[[[100.4635,13.725]]],[[[100.4665,13.724],[100.4665,13.723],[100.466,13.723],[100.4665,13.724]]],[[[100.4665,13.722]]],[[[100.467,13.7265]]],[[[100.468,13.727],[100.468,13.7265],[100.4675,13.727],[100.468,13.727]]],[[[100.4685,13.745]]],[[[100.4685,13.743],[100.469,13.743],[100.4685,13.743]]],[[[100.465,13.7405],[100.4645,13.74],[100.4645,13.7405],[100.465,13.7405]]],[[[100.4645,13.7385]]],[[[100.468,13.74],[100.4675,13.74],[100.468,13.7405],[100.468,13.74]]],[[[100.468,13.743],[100.4675,13.7425],[100.4675,13.743],[100.468,13.743]]],[[[100.468,13.7605],[100.468,13.76],[100.468,13.7605]]],[[[100.468,13.758],[100.4685,13.758],[100.4685,13.7575],[100.468,13.7575],[100.468,13.758]]],[[[100.468,13.757],[100.468,13.756],[100.467,13.756],[100.468,13.757]]],[[[100.468,13.756],[100.469,13.756],[100.469,13.7555],[100.468,13.756]]],[[[100.469,13.751],[100.469,13.752],[100.469,13.751]]],[[[100.466,13.756],[100.467,13.756],[100.4655,13.7555],[100.4655,13.7565],[100.466,13.756]]],[[[100.4655,13.7535],[100.4665,13.754],[100.467,13.7535],[100.4655,13.7535]]],[[[100.4675,13.75],[100.468,13.75],[100.4675,13.75]]],[[[100.4665,13.751]]],[[[100.4685,13.73],[100.469,13.7305],[100.4695,13.73],[100.4685,13.73]]],[[[100.4705,13.7615],[100.4695,13.7625],[100.4705,13.7615]]],[[[100.47,13.7575],[100.4695,13.7575],[100.47,13.7575]]],[[[100.47,13.752]]],[[[100.47,13.769]]],[[[100.469,13.7665],[100.4695,13.766],[100.4685,13.767],[100.469,13.7665]]],[[[100.4695,13.728],[100.469,13.728],[100.4695,13.728]]],[[[100.469,13.7265],[100.4695,13.7265],[100.4695,13.726],[100.469,13.7265]]],[[[100.47,13.724]]],[[[100.47,13.7335],[100.47,13.734],[100.47,13.7335]]],[[[100.4695,13.743],[100.47,13.7435],[100.47,13.743],[100.4695,13.743]]],[[[100.469,13.7405]]],[[[100.4705,13.7245],[100.4705,13.725],[100.4705,13.7245]]],[[[100.473,13.711]]],[[[100.473,13.71],[100.473,13.7105],[100.474,13.71],[100.4735,13.71],[100.473,13.71]]],[[[100.472,13.71]]],[[[100.469,13.714],[100.469,13.7145],[100.4695,13.714],[100.469,13.714]]],[[[100.468,13.7115],[100.4685,13.711],[100.468,13.7115]]],[[[100.4675,13.71],[100.468,13.71],[100.4675,13.71]]],[[[100.4685,13.709]]],[[[100.466,13.7105],[100.4665,13.7105],[100.466,13.7105]]],[[[100.466,13.717]]],[[[100.4665,13.7155],[100.466,13.7155],[100.467,13.716],[100.4665,13.7155]]],[[[100.467,13.7115],[100.4675,13.712],[100.4665,13.7115],[100.467,13.7115]]],[[[100.4665,13.717],[100.4675,13.7165],[100.4665,13.7165],[100.4665,13.717]]],[[[100.469,13.7175],[100.47,13.717],[100.469,13.7165],[100.469,13.7175]]],[[[100.469,13.7165],[100.4695,13.716],[100.4685,13.716],[100.469,13.7165]]],[[[100.4705,13.712],[100.4695,13.712],[100.47,13.712],[100.4705,13.712]]],[[[100.4695,13.7115]]],[[[100.4695,13.7105]]],[[[100.47,13.7085],[100.47,13.708],[100.4695,13.7085],[100.47,13.7085]]],[[[100.469,13.709],[100.469,13.7095],[100.4695,13.7095],[100.469,13.709]]],[[[100.4685,13.71]]],[[[100.469,13.7155],[100.4695,13.7155],[100.469,13.715],[100.469,13.7155]]],[[[100.476,13.719],[100.476,13.7195],[100.476,13.719]]],[[[100.4755,13.715],[100.476,13.715],[100.4755,13.715]]],[[[100.476,13.7125],[100.4765,13.713],[100.4765,13.7125],[100.476,13.7125]]],[[[100.4765,13.7105],[100.4765,13.711],[100.4765,13.7105]]],[[[100.474,13.718],[100.473,13.718],[100.4735,13.7185],[100.473,13.719],[100.475,13.7195],[100.476,13.7165],[100.474,13.716],[100.4745,13.7155],[100.474,13.715],[100.4735,13.7165],[100.4745,13.717],[100.474,13.718]]],[[[100.4735,13.714],[100.4745,13.7135],[100.473,13.713],[100.4735,13.714]]],[[[100.4745,13.712],[100.474,13.7125],[100.4745,13.712]]],[[[100.474,13.7095],[100.474,13.709],[100.474,13.7095]]],[[[100.474,13.709]]],[[[100.4725,13.7115]]],[[[100.4715,13.7175]]],[[[100.472,13.7185],[100.4715,13.7185],[100.472,13.7185]]],[[[100.4755,13.7115],[100.476,13.711],[100.475,13.711],[100.4755,13.7115]]],[[[100.475,13.7155],[100.4755,13.7155],[100.475,13.7155]]],[[[100.474,13.744],[100.4735,13.7435],[100.4735,13.744],[100.474,13.744]]],[[[100.4745,13.741]]],[[[100.474,13.7385],[100.4745,13.7385],[100.474,13.7385]]],[[[100.474,13.737],[100.475,13.736],[100.4745,13.7355],[100.474,13.737]]],[[[100.474,13.727],[100.474,13.7275],[100.474,13.727]]],[[[100.4745,13.7255],[100.474,13.7255],[100.474,13.726],[100.4745,13.726],[100.4745,13.7255]]],[[[100.4725,13.738]]],[[[100.4725,13.737],[100.4725,13.7365],[100.4725,13.737]]],[[[100.4725,13.735],[100.473,13.7355],[100.473,13.735],[100.4725,13.735]]],[[[100.4725,13.726],[100.473,13.727],[100.473,13.7265],[100.4725,13.726]]],[[[100.4715,13.7235],[100.472,13.724],[100.4715,13.7235]]],[[[100.472,13.736],[100.4715,13.736],[100.4715,13.7365],[100.472,13.7365],[100.472,13.736]]],[[[100.472,13.738],[100.4715,13.738],[100.472,13.738]]],[[[100.4735,13.7275],[100.473,13.7275],[100.4735,13.7275]]],[[[100.4735,13.736]]],[[[100.4735,13.741],[100.4735,13.7405],[100.473,13.741],[100.4735,13.741]]],[[[100.476,13.7215],[100.4755,13.721],[100.476,13.7215]]],[[[100.476,13.7345],[100.476,13.735],[100.476,13.7345]]],[[[100.4765,13.7335]]],[[[100.4765,13.732],[100.476,13.7315],[100.476,13.7325],[100.4765,13.732]]],[[[100.475,13.7255]]],[[[100.475,13.733],[100.4755,13.7345],[100.476,13.7335],[100.475,13.733]]],[[[100.4755,13.73]]],[[[100.475,13.7305]]],[[[100.4755,13.7415],[100.475,13.7415],[100.475,13.742],[100.4755,13.7415]]],[[[100.478,13.713]]],[[[100.4775,13.7115],[100.4785,13.712],[100.479,13.7105],[100.4775,13.7115]]],[[[100.4775,13.7145],[100.478,13.7145],[100.4775,13.7145]]],[[[100.4775,13.7085],[100.4775,13.708],[100.4775,13.7085]]],[[[100.478,13.71]]],[[[100.477,13.7155],[100.4765,13.716],[100.477,13.716],[100.477,13.7155]]],[[[100.4775,13.7335],[100.4775,13.7325],[100.4775,13.7335]]],[[[100.4795,13.7085],[100.48,13.7085],[100.4795,13.7085]]],[[[100.474,13.7575],[100.4745,13.7575],[100.474,13.757],[100.474,13.7575]]],[[[100.472,13.764],[100.4725,13.764],[100.472,13.764]]],[[[100.4725,13.762],[100.4725,13.7615],[100.4725,13.762]]],[[[100.4725,13.7585],[100.472,13.758],[100.4725,13.7585]]],[[[100.473,13.758]]],[[[100.4725,13.7525],[100.472,13.753],[100.4725,13.7535],[100.4725,13.7525]]],[[[100.472,13.7505]]],[[[100.4715,13.751],[100.472,13.751],[100.472,13.7505],[100.4715,13.751]]],[[[100.472,13.7555],[100.4725,13.7555],[100.472,13.7555]]],[[[100.4725,13.7675],[100.472,13.7675],[100.472,13.768],[100.4725,13.7675]]],[[[100.4735,13.7555],[100.4735,13.756],[100.474,13.756],[100.4735,13.7555]]],[[[100.473,13.7595],[100.4735,13.7595],[100.473,13.7595]]],[[[100.473,13.767]]],[[[100.475,13.755],[100.475,13.7545],[100.475,13.755]]],[[[100.4755,13.7545],[100.476,13.7545],[100.4755,13.7545]]],[[[100.4755,13.754],[100.4755,13.7535],[100.4755,13.754]]],[[[100.476,13.768],[100.4765,13.768],[100.476,13.768]]],[[[100.4775,13.7675]]],[[[100.48,13.7195],[100.4805,13.72],[100.48,13.7195]]],[[[100.4895,13.7335],[100.49,13.734],[100.49,13.7335],[100.4895,13.7335]]],[[[100.4845,13.7415]]],[[[100.4845,13.7405]]],[[[100.4835,13.7385],[100.485,13.738],[100.4835,13.7375],[100.4835,13.7385]]],[[[100.4855,13.736],[100.485,13.7355],[100.4855,13.736]]],[[[100.48,13.7435],[100.4805,13.7435],[100.48,13.743],[100.48,13.7435]]],[[[100.4815,13.7415],[100.481,13.7415],[100.4815,13.7415]]],[[[100.482,13.7405],[100.482,13.741],[100.4825,13.7405],[100.482,13.7405]]],[[[100.483,13.74],[100.483,13.7395],[100.483,13.74]]],[[[100.483,13.734],[100.4835,13.7335],[100.483,13.734]]],[[[100.4805,13.7345],[100.4825,13.733],[100.4815,13.733],[100.482,13.732],[100.4815,13.7315],[100.48,13.732],[100.4795,13.7335],[100.48,13.7345],[100.481,13.7335],[100.4805,13.7345]]],[[[100.4825,13.7325],[100.4825,13.733],[100.4825,13.7325]]],[[[100.4805,13.737],[100.4805,13.7375],[100.4805,13.737]]],[[[100.4805,13.7305]]],[[[100.479,13.732]]],[[[100.4795,13.7365],[100.4795,13.736],[100.4795,13.7365]]],[[[100.479,13.735]]],[[[100.479,13.7405]]],[[[100.48,13.74],[100.4795,13.74],[100.48,13.74]]],[[[100.48,13.7425],[100.4795,13.7425],[100.48,13.7425]]],[[[100.482,13.737],[100.4815,13.737],[100.4815,13.7375],[100.482,13.7375],[100.482,13.737]]],[[[100.4815,13.736],[100.4815,13.7355],[100.4815,13.736]]],[[[100.482,13.735]]],[[[100.482,13.736]]],[[[100.482,13.7415]]],[[[100.482,13.7425],[100.482,13.742],[100.4815,13.742],[100.4815,13.7425],[100.482,13.7425]]],[[[100.482,13.7435],[100.4825,13.743],[100.482,13.7435]]],[[[100.4835,13.7355],[100.483,13.7355],[100.4835,13.736],[100.4835,13.7355]]],[[[100.484,13.7365],[100.484,13.737],[100.484,13.7365]]],[[[100.484,13.741]]],[[[100.486,13.74],[100.488,13.7385],[100.486,13.739],[100.486,13.74]]],[[[100.4875,13.7355],[100.487,13.7355],[100.487,13.736],[100.4875,13.7355]]],[[[100.4865,13.734],[100.487,13.735],[100.487,13.7345],[100.487,13.734],[100.4865,13.734]]],[[[100.4865,13.7365],[100.4865,13.736],[100.4865,13.7365]]],[[[100.486,13.742]]],[[[100.487,13.741],[100.486,13.741],[100.487,13.741]]],[[[100.489,13.742],[100.489,13.7425],[100.4895,13.742],[100.489,13.742]]],[[[100.489,13.7345],[100.4885,13.7345],[100.489,13.7345]]],[[[100.488,13.737],[100.488,13.738],[100.489,13.7395],[100.489,13.739],[100.488,13.737]]],[[[100.4895,13.736],[100.4895,13.7355],[100.4895,13.736]]],[[[100.4895,13.737],[100.489,13.737],[100.4895,13.737]]],[[[100.488,13.7365],[100.4885,13.736],[100.488,13.7365]]],[[[100.4885,13.74],[100.488,13.7405],[100.4885,13.74]]],[[[100.489,13.741],[100.489,13.7415],[100.4895,13.7415],[100.489,13.741]]],[[[100.491,13.734],[100.491,13.7345],[100.4915,13.735],[100.4915,13.7345],[100.491,13.734]]],[[[100.4965,13.7865],[100.4965,13.787],[100.4965,13.7865]]],[[[100.4965,13.7825],[100.4975,13.782],[100.4985,13.7825],[100.4985,13.7815],[100.4965,13.7825]]],[[[100.489,13.7805],[100.4895,13.7805],[100.489,13.7805]]],[[[100.491,13.777],[100.4905,13.777],[100.4895,13.777],[100.491,13.777]]],[[[100.481,13.7745],[100.481,13.7755],[100.482,13.776],[100.4825,13.7755],[100.4815,13.775],[100.482,13.774],[100.481,13.7745]]],[[[100.481,13.7715]]],[[[100.482,13.772]]],[[[100.4815,13.777]]],[[[100.485,13.7795],[100.486,13.779],[100.4855,13.7795],[100.485,13.779],[100.4855,13.778],[100.4845,13.779],[100.485,13.7795]]],[[[100.4845,13.7745],[100.484,13.7745],[100.4845,13.7745]]],[[[100.484,13.78]]],[[[100.4835,13.7785],[100.484,13.778],[100.4835,13.778],[100.4835,13.7785]]],[[[100.4845,13.7805]]],[[[100.484,13.7825],[100.4835,13.7825],[100.484,13.7825]]],[[[100.484,13.7825]]],[[[100.488,13.7755]]],[[[100.487,13.7815],[100.4875,13.7815],[100.4885,13.7815],[100.488,13.781],[100.487,13.7815]]],[[[100.4875,13.776],[100.4875,13.7765],[100.4875,13.776]]],[[[100.4865,13.777],[100.487,13.777],[100.4865,13.777]]],[[[100.489,13.776],[100.4885,13.776],[100.4885,13.7765],[100.489,13.776]]],[[[100.488,13.7825],[100.489,13.7825],[100.488,13.7825]]],[[[100.4895,13.783],[100.49,13.783],[100.4895,13.783]]],[[[100.494,13.787]]],[[[100.4935,13.7835],[100.493,13.783],[100.4935,13.7835]]],[[[100.492,13.781],[100.4925,13.781],[100.494,13.7805],[100.492,13.781]]],[[[100.4915,13.7845],[100.4915,13.785],[100.4935,13.7845],[100.4915,13.7845]]],[[[100.489,13.786],[100.4895,13.7855],[100.489,13.786]]],[[[100.4905,13.779],[100.491,13.7795],[100.491,13.779],[100.4905,13.779]]],[[[100.491,13.7815],[100.491,13.781],[100.492,13.781],[100.491,13.7815]]],[[[100.491,13.7805],[100.491,13.78],[100.491,13.7805]]],[[[100.4905,13.7835]]],[[[100.4945,13.783],[100.495,13.7825],[100.4945,13.783]]],[[[100.4955,13.7805],[100.4955,13.78],[100.4955,13.7805]]],[[[100.4945,13.7875]]],[[[100.496,13.781],[100.495,13.782],[100.496,13.782],[100.496,13.781]]],[[[100.4955,13.7885],[100.496,13.7885],[100.4955,13.7885]]],[[[100.501,13.7935]]],[[[100.501,13.793]]],[[[100.501,13.788]]],[[[100.4985,13.781]]],[[[100.499,13.7805]]],[[[100.4975,13.789],[100.4985,13.788],[100.4975,13.7875],[100.497,13.788],[100.4975,13.789]]],[[[100.5,13.791]]],[[[100.5035,13.7935]]],[[[100.5025,13.788],[100.502,13.788],[100.502,13.7885],[100.5025,13.788]]],[[[100.504,13.7985],[100.504,13.798],[100.5045,13.798],[100.504,13.798],[100.504,13.7985]]],[[[100.5045,13.795]]],[[[100.5045,13.7945],[100.504,13.794],[100.505,13.793],[100.504,13.794],[100.5045,13.7945]]],[[[100.505,13.789],[100.505,13.7895],[100.505,13.789]]],[[[100.506,13.793],[100.5065,13.7925],[100.506,13.793]]],[[[100.496,13.7245]]],[[[100.497,13.7195],[100.497,13.72],[100.4975,13.72],[100.497,13.7195]]],[[[100.497,13.718],[100.4975,13.7175],[100.497,13.718]]],[[[100.4975,13.717]]],[[[100.49,13.7235],[100.4905,13.7235],[100.49,13.7235]]],[[[100.4895,13.723],[100.49,13.7225],[100.4895,13.723]]],[[[100.4855,13.721],[100.485,13.721],[100.4885,13.7225],[100.487,13.722],[100.487,13.721],[100.486,13.7205],[100.4855,13.721]]],[[[100.484,13.7195],[100.4845,13.7195],[100.4835,13.7195],[100.484,13.7195]]],[[[100.484,13.718],[100.4855,13.7185],[100.4845,13.718],[100.4845,13.717],[100.484,13.718]]],[[[100.4825,13.7215],[100.482,13.7215],[100.4835,13.7215],[100.4825,13.72],[100.4825,13.7215]]],[[[100.482,13.7185],[100.4825,13.719],[100.483,13.7185],[100.482,13.7185]]],[[[100.4815,13.7155]]],[[[100.4815,13.7185],[100.4815,13.718],[100.481,13.7185],[100.4815,13.7185]]],[[[100.4815,13.721],[100.481,13.721],[100.481,13.7215],[100.4815,13.721]]],[[[100.482,13.7225],[100.482,13.723],[100.4825,13.723],[100.482,13.7225]]],[[[100.487,13.72],[100.4875,13.7205],[100.487,13.72]]],[[[100.4865,13.7175],[100.4885,13.718],[100.487,13.7165],[100.4875,13.7175],[100.4865,13.7175]]],[[[100.4865,13.716],[100.4855,13.7155],[100.486,13.7165],[100.4865,13.716]]],[[[100.486,13.714],[100.4865,13.714],[100.486,13.714]]],[[[100.4855,13.717],[100.4855,13.7175],[100.486,13.717],[100.4855,13.717]]],[[[100.488,13.7155],[100.489,13.716],[100.488,13.715],[100.488,13.7155]]],[[[100.488,13.721],[100.4885,13.7205],[100.488,13.7205],[100.488,13.721]]],[[[100.493,13.7185]]],[[[100.4925,13.7185],[100.493,13.7185],[100.4925,13.7185]]],[[[100.4925,13.7175],[100.493,13.718],[100.493,13.7175],[100.4925,13.7175]]],[[[100.491,13.725],[100.4915,13.7255],[100.492,13.725],[100.491,13.725]]],[[[100.4925,13.7215],[100.4925,13.7225],[100.493,13.7215],[100.4925,13.7215]]],[[[100.4915,13.72],[100.492,13.72],[100.4915,13.72]]],[[[100.4905,13.7175],[100.4905,13.718],[100.492,13.718],[100.492,13.7175],[100.4905,13.7175]]],[[[100.49,13.7165],[100.491,13.717],[100.491,13.7165],[100.49,13.7165]]],[[[100.491,13.722]]],[[[100.4925,13.719]]],[[[100.495,13.7245],[100.495,13.725],[100.495,13.7245]]],[[[100.4945,13.722],[100.494,13.7225],[100.4945,13.7225],[100.4945,13.722]]],[[[100.495,13.7175],[100.496,13.7175],[100.495,13.7175]]],[[[100.4935,13.7185]]],[[[100.496,13.716],[100.4965,13.716],[100.496,13.716]]],[[[100.496,13.718]]],[[[100.4945,13.7185],[100.4955,13.7185],[100.4955,13.718],[100.495,13.718],[100.4945,13.7185]]],[[[100.4965,13.716],[100.4965,13.7165],[100.497,13.7165],[100.4965,13.716]]],[[[100.502,13.7295],[100.5015,13.7295],[100.502,13.7295]]],[[[100.501,13.7275],[100.5025,13.728],[100.5005,13.7265],[100.5,13.727],[100.501,13.7275]]],[[[100.5005,13.7205],[100.5015,13.72],[100.5005,13.7205]]],[[[100.5,13.7275],[100.5,13.727],[100.4995,13.7275],[100.5,13.7275]]],[[[100.4995,13.7225],[100.5,13.723],[100.4995,13.722],[100.4995,13.7225]]],[[[100.499,13.718],[100.499,13.7185],[100.499,13.718]]],[[[100.499,13.725],[100.499,13.7255],[100.499,13.725]]],[[[100.4975,13.7195],[100.499,13.72],[100.499,13.719],[100.4975,13.7195]]],[[[100.4985,13.716],[100.498,13.7165],[100.4985,13.7165],[100.4985,13.716]]],[[[100.497,13.722]]],[[[100.498,13.727]]],[[[100.499,13.717]]],[[[100.499,13.7235]]],[[[100.499,13.7275]]],[[[100.499,13.7275]]],[[[100.501,13.7225],[100.5005,13.7225],[100.501,13.7225]]],[[[100.501,13.7175]]],[[[100.5035,13.723]]],[[[100.5035,13.718],[100.504,13.7185],[100.5055,13.718],[100.505,13.7175],[100.5035,13.718]]],[[[100.502,13.7225]]],[[[100.505,13.724],[100.504,13.724],[100.505,13.724]]],[[[100.5045,13.7195],[100.505,13.72],[100.505,13.7195],[100.5045,13.7195]]],[[[100.5055,13.7195]]],[[[100.506,13.7205]]],[[[100.5055,13.73],[100.504,13.73],[100.504,13.7305],[100.5045,13.73],[100.5055,13.73]]],[[[100.504,13.7285],[100.504,13.728],[100.504,13.7285]]],[[[100.503,13.733]]],[[[100.503,13.7325]]],[[[100.5025,13.7295],[100.503,13.7295],[100.5025,13.7295]]],[[[100.503,13.728]]],[[[100.505,13.734]]],[[[100.505,13.7325],[100.5045,13.732],[100.504,13.7335],[100.505,13.7325]]],[[[100.506,13.733]]],[[[100.506,13.7515],[100.506,13.752],[100.506,13.7515]]],[[[100.5055,13.745],[100.5065,13.7445],[100.506,13.7445],[100.506,13.745],[100.5055,13.7445],[100.5055,13.745]]],[[[100.491,13.7475],[100.491,13.747],[100.491,13.7475]]],[[[100.495,13.7505],[100.4955,13.751],[100.4955,13.75],[100.495,13.7505]]],[[[100.495,13.7495],[100.4945,13.7495],[100.495,13.7495]]],[[[100.495,13.744]]],[[[100.502,13.745]]],[[[100.502,13.7415],[100.5015,13.741],[100.502,13.7415]]],[[[100.4985,13.7445],[100.4985,13.745],[100.4985,13.7445]]],[[[100.497,13.7505],[100.497,13.751],[100.497,13.7505]]],[[[100.4975,13.7435],[100.4975,13.743],[100.4975,13.7435]]],[[[100.498,13.7395],[100.4985,13.7395],[100.498,13.739],[100.498,13.7395]]],[[[100.5,13.7455],[100.5,13.746],[100.5005,13.746],[100.5,13.7455]]],[[[100.4995,13.743],[100.5,13.743],[100.5,13.7425],[100.4995,13.743]]],[[[100.4995,13.749]]],[[[100.4995,13.7505]]],[[[100.504,13.745],[100.505,13.7455],[100.5045,13.7445],[100.504,13.745]]],[[[100.5035,13.744]]],[[[100.5015,13.754],[100.502,13.7535],[100.5015,13.7535],[100.5015,13.754]]],[[[100.5015,13.7525],[100.5015,13.753],[100.5015,13.7525]]],[[[100.5025,13.7505],[100.5025,13.751],[100.5025,13.7505]]],[[[100.5025,13.749],[100.503,13.749],[100.5025,13.7485],[100.5025,13.749]]],[[[100.5035,13.742],[100.5035,13.7415],[100.503,13.7415],[100.5035,13.742]]],[[[100.505,13.7415],[100.505,13.742],[100.5055,13.7415],[100.505,13.7415]]],[[[100.524,13.741],[100.526,13.739],[100.5245,13.7375],[100.5235,13.7375],[100.524,13.7385],[100.525,13.7385],[100.5245,13.7395],[100.5235,13.7395],[100.524,13.741]]],[[[100.524,13.726],[100.5245,13.7255],[100.524,13.7255],[100.524,13.726]]],[[[100.525,13.7235]]],[[[100.5245,13.721],[100.525,13.721],[100.5245,13.721]]],[[[100.524,13.7185],[100.5245,13.719],[100.5245,13.7185],[100.524,13.7185]]],[[[100.516,13.7225],[100.516,13.722],[100.5155,13.7225],[100.5155,13.722],[100.516,13.7225]]],[[[100.516,13.7175],[100.5155,13.718],[100.516,13.718],[100.516,13.7175]]],[[[100.516,13.7155],[100.5155,13.7155],[100.516,13.7155]]],[[[100.5095,13.7295],[100.5095,13.729],[100.509,13.7295],[100.5095,13.7295]]],[[[100.5095,13.72],[100.5105,13.7195],[100.509,13.72],[100.5095,13.72]]],[[[100.5085,13.718]]],[[[100.508,13.733],[100.5085,13.7335],[100.508,13.733]]],[[[100.507,13.727],[100.5075,13.727],[100.507,13.7265],[100.507,13.727]]],[[[100.507,13.718]]],[[[100.5075,13.7185],[100.507,13.7185],[100.5075,13.7185]]],[[[100.507,13.7315],[100.5075,13.7315],[100.507,13.7315]]],[[[100.5095,13.719],[100.51,13.7185],[100.5095,13.7185],[100.5095,13.719]]],[[[100.5095,13.727],[100.511,13.726],[100.5095,13.726],[100.5095,13.727]]],[[[100.5125,13.715],[100.513,13.7155],[100.513,13.715],[100.5125,13.715]]],[[[100.5135,13.7165],[100.514,13.7165],[100.5135,13.7165]]],[[[100.514,13.7225]]],[[[100.515,13.722],[100.5145,13.722],[100.515,13.722]]],[[[100.515,13.7435],[100.5155,13.7435],[100.5155,13.743],[100.515,13.743],[100.515,13.7435]]],[[[100.515,13.741],[100.5145,13.741],[100.515,13.741]]],[[[100.5115,13.7405],[100.5115,13.74],[100.5115,13.7405]]],[[[100.5095,13.745]]],[[[100.5075,13.747],[100.508,13.7465],[100.5075,13.747]]],[[[100.508,13.746],[100.508,13.7455],[100.508,13.746]]],[[[100.5085,13.739]]],[[[100.507,13.739]]],[[[100.507,13.744]]],[[[100.5075,13.7435]]],[[[100.509,13.7405],[100.5085,13.7405],[100.509,13.7405]]],[[[100.5085,13.7415]]],[[[100.5105,13.748]]],[[[100.51,13.746],[100.51,13.7455],[100.51,13.746]]],[[[100.51,13.743]]],[[[100.511,13.744]]],[[[100.5135,13.744]]],[[[100.513,13.7455],[100.513,13.745],[100.513,13.7455]]],[[[100.512,13.742],[100.5125,13.742],[100.512,13.742]]],[[[100.514,13.747],[100.5145,13.747],[100.514,13.747]]],[[[100.514,13.744]]],[[[100.52,13.7375],[100.5195,13.737],[100.5195,13.7375],[100.52,13.7375]]],[[[100.5195,13.7355]]],[[[100.5165,13.739],[100.5165,13.74],[100.517,13.739],[100.5165,13.739]]],[[[100.518,13.733],[100.5175,13.7335],[100.518,13.7335],[100.518,13.733]]],[[[100.5175,13.732],[100.518,13.732],[100.5175,13.731],[100.5175,13.732]]],[[[100.5165,13.732],[100.516,13.732],[100.5165,13.732]]],[[[100.5165,13.7305]]],[[[100.5185,13.7355]]],[[[100.519,13.7335],[100.519,13.733],[100.519,13.7335]]],[[[100.5185,13.731],[100.5185,13.7315],[100.5185,13.732],[100.5185,13.731]]],[[[100.5185,13.735]]],[[[100.518,13.7425],[100.518,13.742],[100.518,13.7425]]],[[[100.5195,13.726]]],[[[100.5195,13.724]]],[[[100.519,13.716],[100.5195,13.7165],[100.5195,13.7155],[100.519,13.716]]],[[[100.518,13.721],[100.5175,13.722],[100.518,13.721]]],[[[100.5165,13.7205],[100.5175,13.72],[100.5165,13.7205]]],[[[100.5175,13.7185],[100.517,13.719],[100.5175,13.719],[100.5175,13.7185]]],[[[100.5175,13.7175],[100.5175,13.717],[100.5175,13.7175]]],[[[100.5185,13.7165],[100.518,13.7165],[100.5175,13.7165],[100.5175,13.717],[100.5185,13.7165]]],[[[100.5175,13.7155],[100.517,13.7155],[100.5175,13.7155]]],[[[100.516,13.719]]],[[[100.5165,13.7215],[100.517,13.7215],[100.517,13.721],[100.5165,13.7215]]],[[[100.5185,13.714],[100.5185,13.7145],[100.5185,13.714]]],[[[100.5185,13.719]]],[[[100.522,13.726],[100.522,13.7265],[100.522,13.726]]],[[[100.5215,13.722],[100.522,13.7215],[100.5215,13.7215],[100.5215,13.722]]],[[[100.5225,13.718],[100.523,13.719],[100.522,13.717],[100.5215,13.7175],[100.5225,13.718]]],[[[100.523,13.715],[100.5225,13.7145],[100.522,13.714],[100.522,13.7145],[100.523,13.715]]],[[[100.521,13.7195],[100.5205,13.72],[100.521,13.7195]]],[[[100.5215,13.718],[100.521,13.718],[100.5215,13.718]]],[[[100.5205,13.7145],[100.5205,13.714],[100.5205,13.7145]]],[[[100.5205,13.713],[100.521,13.713],[100.521,13.7125],[100.5205,13.7125],[100.5205,13.713]]],[[[100.5205,13.721],[100.52,13.721],[100.5205,13.721]]],[[[100.5225,13.7425],[100.5225,13.744],[100.5225,13.7435],[100.5225,13.7425]]],[[[100.522,13.742],[100.5225,13.742],[100.522,13.7415],[100.5215,13.7415],[100.522,13.742]]],[[[100.521,13.737]]],[[[100.521,13.733]]],[[[100.52,13.734]]],[[[100.5215,13.732],[100.5215,13.7315],[100.5215,13.732]]],[[[100.5215,13.7395],[100.5215,13.74],[100.5215,13.7395]]],[[[100.523,13.7205],[100.524,13.721],[100.524,13.7205],[100.523,13.7205]]],[[[100.5225,13.7225]]],[[[100.523,13.747]]],[[[100.523,13.7465]]],[[[100.523,13.7385]]],[[[100.524,13.717]]],[[[100.524,13.7245],[100.5235,13.724],[100.524,13.7245]]],[[[100.5305,13.7635],[100.53,13.7625],[100.5305,13.7635]]],[[[100.531,13.762],[100.5315,13.764],[100.532,13.7635],[100.531,13.7615],[100.531,13.762]]],[[[100.5305,13.7545],[100.5305,13.754],[100.5305,13.7545]]],[[[100.531,13.7435],[100.531,13.744],[100.5315,13.744],[100.5315,13.7435],[100.531,13.7435]]],[[[100.5315,13.742],[100.531,13.742],[100.531,13.7425],[100.5315,13.742]]],[[[100.531,13.739],[100.531,13.738],[100.531,13.739]]],[[[100.53,13.733],[100.531,13.733],[100.531,13.7325],[100.53,13.733]]],[[[100.5305,13.7265],[100.53,13.7265],[100.5305,13.7265]]],[[[100.53,13.725]]],[[[100.5305,13.72],[100.5305,13.7195],[100.5305,13.72]]],[[[100.5315,13.7185],[100.531,13.718],[100.5305,13.7175],[100.5315,13.7185]]],[[[100.5305,13.7165]]],[[[100.5275,13.756],[100.528,13.755],[100.527,13.7555],[100.5275,13.756]]],[[[100.527,13.75],[100.5255,13.7495],[100.527,13.75]]],[[[100.527,13.746],[100.528,13.746],[100.528,13.745],[100.527,13.746]]],[[[100.527,13.736],[100.528,13.7365],[100.528,13.736],[100.527,13.736]]],[[[100.5285,13.734],[100.528,13.7345],[100.5285,13.7345],[100.5285,13.734]]],[[[100.5275,13.725],[100.528,13.7255],[100.528,13.725],[100.5275,13.725]]],[[[100.5255,13.737],[100.5255,13.738],[100.526,13.738],[100.526,13.737],[100.5255,13.737]]],[[[100.5265,13.718],[100.5265,13.7185],[100.5265,13.718]]],[[[100.525,13.719],[100.5255,13.7195],[100.525,13.719]]],[[[100.525,13.7165]]],[[[100.526,13.751]]],[[[100.525,13.7445],[100.5255,13.7465],[100.526,13.7445],[100.525,13.7445]]],[[[100.525,13.7545]]],[[[100.5265,13.749]]],[[[100.526,13.7485],[100.5265,13.7485],[100.5265,13.7475],[100.526,13.7485]]],[[[100.5265,13.7445]]],[[[100.5265,13.739]]],[[[100.5265,13.725],[100.527,13.725],[100.5265,13.725]]],[[[100.5275,13.7215],[100.527,13.7215],[100.5275,13.7215]]],[[[100.5275,13.72]]],[[[100.5265,13.7175]]],[[[100.527,13.717]]],[[[100.5265,13.752]]],[[[100.5265,13.751]]],[[[100.529,13.7455]]],[[[100.529,13.7405],[100.5295,13.7405],[100.529,13.7405]]],[[[100.5285,13.739],[100.529,13.739],[100.529,13.7385],[100.5285,13.739]]],[[[100.5295,13.73],[100.5295,13.7305],[100.5295,13.73]]],[[[100.529,13.7285],[100.5295,13.729],[100.529,13.7285]]],[[[100.5295,13.7225],[100.5285,13.7225],[100.529,13.7225],[100.5295,13.7225]]],[[[100.5295,13.72],[100.529,13.721],[100.5295,13.72]]],[[[100.5295,13.719],[100.529,13.719],[100.5295,13.7195],[100.5295,13.719]]],[[[100.529,13.7185],[100.5295,13.718],[100.5285,13.7175],[100.529,13.7185]]],[[[100.5295,13.7165],[100.529,13.7165],[100.5295,13.7165]]],[[[100.529,13.716],[100.5285,13.716],[100.529,13.7165],[100.529,13.716]]],[[[100.529,13.7155],[100.529,13.715],[100.529,13.7155]]],[[[100.528,13.7405],[100.528,13.74],[100.5275,13.7405],[100.528,13.7405]]],[[[100.5285,13.7245],[100.528,13.7245],[100.5285,13.7245]]],[[[100.5275,13.75],[100.528,13.75],[100.5275,13.75]]],[[[100.528,13.749]]],[[[100.528,13.757],[100.528,13.7575],[100.528,13.757]]],[[[100.529,13.75]]],[[[100.5285,13.7445],[100.529,13.745],[100.529,13.7445],[100.5285,13.7445]]],[[[100.5275,13.76],[100.5285,13.76],[100.5285,13.7595],[100.528,13.7595],[100.528,13.76],[100.5275,13.76]]],[[[100.5295,13.7575],[100.53,13.757],[100.5295,13.7575]]],[[[100.5305,13.7525],[100.53,13.7525],[100.5305,13.7525]]],[[[100.53,13.7515],[100.5305,13.7505],[100.53,13.7505],[100.53,13.7515]]],[[[100.53,13.75]]],[[[100.53,13.7435],[100.53,13.7445],[100.53,13.7455],[100.53,13.7435]]],[[[100.53,13.7275]]],[[[100.5295,13.7545],[100.5295,13.755],[100.5295,13.7545]]],[[[100.5305,13.7555]]],[[[100.534,13.7655]]],[[[100.5335,13.765],[100.5345,13.7645],[100.533,13.764],[100.5335,13.765]]],[[[100.5335,13.7595],[100.534,13.7595],[100.5335,13.759],[100.5335,13.7595]]],[[[100.5345,13.755],[100.535,13.755],[100.535,13.754],[100.5345,13.7545],[100.5345,13.755]]],[[[100.5345,13.753],[100.534,13.754],[100.5345,13.7535],[100.5345,13.753]]],[[[100.534,13.751]]],[[[100.534,13.7505],[100.534,13.751],[100.534,13.7505]]],[[[100.5335,13.749],[100.5345,13.75],[100.535,13.7495],[100.534,13.748],[100.5315,13.7485],[100.5335,13.749]]],[[[100.5335,13.747]]],[[[100.5335,13.745],[100.534,13.745],[100.5335,13.745]]],[[[100.534,13.7415],[100.5335,13.7415],[100.534,13.7415]]],[[[100.534,13.74],[100.5335,13.7405],[100.534,13.7405],[100.534,13.74]]],[[[100.5335,13.7375],[100.5335,13.738],[100.5335,13.7375]]],[[[100.5335,13.735],[100.5335,13.7345],[100.5335,13.735]]],[[[100.5335,13.729]]],[[[100.5335,13.726],[100.5335,13.7265],[100.5335,13.726]]],[[[100.534,13.722],[100.5345,13.722],[100.534,13.722]]],[[[100.533,13.72],[100.5335,13.7195],[100.5325,13.7195],[100.533,13.72]]],[[[100.5335,13.719]]],[[[100.532,13.766],[100.533,13.7665],[100.5325,13.7655],[100.532,13.766]]],[[[100.5325,13.762],[100.532,13.7615],[100.5325,13.762]]],[[[100.5325,13.7595]]],[[[100.532,13.758],[100.533,13.758],[100.533,13.7575],[100.532,13.758]]],[[[100.5325,13.7525],[100.532,13.7525],[100.5325,13.7525]]],[[[100.533,13.747],[100.5315,13.7475],[100.533,13.7475],[100.533,13.747]]],[[[100.532,13.741]]],[[[100.5325,13.7405],[100.532,13.7405],[100.5325,13.7405]]],[[[100.5325,13.7395],[100.533,13.739],[100.5325,13.738],[100.5325,13.7395]]],[[[100.5315,13.7345],[100.532,13.734],[100.532,13.7335],[100.5315,13.7335],[100.5315,13.7345]]],[[[100.532,13.7215],[100.532,13.722],[100.532,13.7215]]],[[[100.5315,13.728],[100.5315,13.7285],[100.5315,13.728]]],[[[100.531,13.754],[100.5315,13.754],[100.531,13.754]]],[[[100.5315,13.7465]]],[[[100.531,13.7455],[100.531,13.745],[100.531,13.7455]]],[[[100.533,13.7295],[100.5325,13.7295],[100.533,13.7295]]],[[[100.533,13.7595]]],[[[100.5355,13.7675],[100.535,13.767],[100.5355,13.7675]]],[[[100.535,13.7635],[100.536,13.765],[100.537,13.765],[100.5365,13.763],[100.536,13.7645],[100.535,13.7635]]],[[[100.535,13.7555],[100.5355,13.7555],[100.536,13.7555],[100.535,13.7555]]],[[[100.5355,13.754],[100.5355,13.7535],[100.5355,13.754]]],[[[100.535,13.7485],[100.5355,13.749],[100.5355,13.748],[100.535,13.7485]]],[[[100.5345,13.7475],[100.5355,13.7475],[100.5355,13.746],[100.5345,13.746],[100.5345,13.7475]]],[[[100.5355,13.7405],[100.536,13.7425],[100.5365,13.7425],[100.536,13.742],[100.536,13.7405],[100.5355,13.7405]]],[[[100.535,13.7365],[100.5355,13.7365],[100.535,13.736],[100.535,13.7365]]],[[[100.5375,13.735],[100.537,13.7345],[100.537,13.735],[100.5375,13.735]]],[[[100.5355,13.7325],[100.536,13.7325],[100.536,13.732],[100.5355,13.7325]]],[[[100.5345,13.7405]]],[[[100.5345,13.7335],[100.535,13.7345],[100.5355,13.7345],[100.535,13.7335],[100.5345,13.7335]]],[[[100.5345,13.7315]]],[[[100.535,13.7295]]],[[[100.5345,13.726],[100.5355,13.7265],[100.535,13.7255],[100.5345,13.726]]],[[[100.536,13.7245]]],[[[100.5355,13.7225]]],[[[100.534,13.7175]]],[[[100.535,13.721]]],[[[100.5345,13.768]]],[[[100.534,13.76],[100.5345,13.76],[100.534,13.76]]],[[[100.5345,13.728],[100.5355,13.7285],[100.535,13.728],[100.5345,13.728]]],[[[100.536,13.7245]]],[[[100.536,13.725]]],[[[100.537,13.732],[100.537,13.7325],[100.537,13.732]]],[[[100.5375,13.7465],[100.536,13.7465],[100.536,13.747],[100.537,13.747],[100.5375,13.747],[100.5375,13.7465]]],[[[100.537,13.7425],[100.5375,13.7425],[100.537,13.7425]]],[[[100.537,13.748],[100.5375,13.7485],[100.5375,13.748],[100.537,13.748]]],[[[100.5365,13.7585],[100.536,13.758],[100.5365,13.7585]]],[[[100.536,13.7525]]],[[[100.5365,13.768],[100.5365,13.7685],[100.537,13.7685],[100.5365,13.768]]],[[[100.537,13.756],[100.538,13.7565],[100.538,13.7555],[100.537,13.756]]],[[[100.5375,13.755]]],[[[100.5375,13.7525],[100.5375,13.753],[100.538,13.753],[100.5375,13.7525]]],[[[100.5375,13.7505],[100.537,13.75],[100.5375,13.7505]]],[[[100.537,13.7615]]],[[[100.512,13.8015]]],[[[100.509,13.797],[100.5095,13.7965],[100.509,13.797]]],[[[100.5095,13.795],[100.509,13.795],[100.5095,13.7945],[100.5095,13.795]]],[[[100.508,13.7975],[100.508,13.797],[100.508,13.7975]]],[[[100.5095,13.803],[100.51,13.8035],[100.51,13.8025],[100.5095,13.803]]],[[[100.5115,13.8],[100.5115,13.7995],[100.5115,13.8]]],[[[100.514,13.799],[100.5135,13.7985],[100.514,13.799]]],[[[100.513,13.805]]],[[[100.5135,13.8035]]],[[[100.513,13.803],[100.5125,13.8035],[100.513,13.8035],[100.513,13.803]]],[[[100.5385,13.9065],[100.5395,13.9065],[100.5395,13.906],[100.5385,13.9065]]],[[[100.539,13.9035],[100.5385,13.9035],[100.539,13.9035]]],[[[100.5385,13.903]]],[[[100.538,13.897],[100.5395,13.8985],[100.5395,13.9],[100.5395,13.8985],[100.542,13.898],[100.5415,13.895],[100.543,13.8955],[100.5435,13.8925],[100.547,13.894],[100.5475,13.8935],[100.549,13.894],[100.548,13.8945],[100.551,13.894],[100.5495,13.8945],[100.549,13.894],[100.551,13.893],[100.5525,13.893],[100.553,13.894],[100.555,13.8945],[100.5555,13.894],[100.554,13.8935],[100.554,13.892],[100.555,13.8915],[100.5545,13.8905],[100.5555,13.8895],[100.5565,13.8895],[100.556,13.8875],[100.557,13.886],[100.5575,13.8875],[100.5585,13.8875],[100.5585,13.886],[100.5605,13.889],[100.56,13.8865],[100.5625,13.8875],[100.563,13.885],[100.565,13.8845],[100.5655,13.885],[100.5675,13.8835],[100.5685,13.884],[100.5685,13.885],[100.5695,13.8845],[100.57,13.8855],[100.5725,13.885],[100.5715,13.8835],[100.572,13.8825],[100.5725,13.883],[100.5755,13.882],[100.5765,13.881],[100.576,13.88],[100.577,13.88],[100.5765,13.879],[100.577,13.8775],[100.5805,13.8785],[100.58,13.8795],[100.5815,13.8795],[100.581,13.88],[100.5815,13.881],[100.5825,13.8795],[100.5845,13.879],[100.584,13.878],[100.5845,13.8775],[100.5875,13.8785],[100.588,13.8795],[100.5905,13.879],[100.5895,13.876],[100.591,13.876],[100.59,13.8735],[100.591,13.8725],[100.5885,13.8735],[100.5875,13.8715],[100.589,13.871],[100.5875,13.8705],[100.587,13.8715],[100.5865,13.871],[100.5875,13.869],[100.5885,13.8695],[100.588,13.869],[100.5885,13.866],[100.5875,13.867],[100.586,13.86],[100.5855,13.8605],[100.584,13.86],[100.5825,13.8605],[100.583,13.861],[100.5825,13.8615],[100.581,13.8615],[100.5815,13.858],[100.578,13.8575],[100.5795,13.855],[100.5775,13.856],[100.5775,13.853],[100.576,13.8535],[100.575,13.853],[100.5755,13.8515],[100.5745,13.852],[100.5745,13.851],[100.575,13.8505],[100.5755,13.851],[100.576,13.8495],[100.573,13.849],[100.5715,13.8475],[100.5715,13.8465],[100.5705,13.8465],[100.572,13.846],[100.571,13.8455],[100.572,13.844],[100.5715,13.8435],[100.571,13.8445],[100.5695,13.8435],[100.5705,13.843],[100.57,13.842],[100.572,13.8405],[100.5725,13.8385],[100.5705,13.838],[100.572,13.836],[100.5705,13.8365],[100.5695,13.8355],[100.5685,13.8365],[100.568,13.835],[100.567,13.8355],[100.567,13.834],[100.5655,13.834],[100.5655,13.8325],[100.5645,13.832],[100.564,13.83],[100.563,13.8305],[100.562,13.83],[100.5645,13.8265],[100.565,13.8275],[100.566,13.827],[100.563,13.826],[100.563,13.825],[100.5645,13.8255],[100.5645,13.825],[100.563,13.8245],[100.562,13.8275],[100.561,13.827],[100.5605,13.8275],[100.559,13.8245],[100.561,13.824],[100.5585,13.824],[100.5585,13.8215],[100.5575,13.8205],[100.556,13.8205],[100.557,13.8195],[100.556,13.8195],[100.5555,13.818],[100.554,13.8185],[100.555,13.8175],[100.5535,13.817],[100.5545,13.816],[100.555,13.817],[100.556,13.817],[100.556,13.8145],[100.558,13.815],[100.5565,13.8125],[100.5545,13.8125],[100.5555,13.8115],[100.553,13.8085],[100.5535,13.8105],[100.552,13.8105],[100.552,13.809],[100.5505,13.8105],[100.5495,13.8085],[100.5505,13.808],[100.5505,13.807],[100.5495,13.8055],[100.548,13.8065],[100.5475,13.8045],[100.547,13.8055],[100.5465,13.805],[100.5465,13.804],[100.5475,13.804],[100.5475,13.802],[100.546,13.8015],[100.546,13.798],[100.542,13.7985],[100.543,13.803],[100.5415,13.8005],[100.5405,13.8015],[100.542,13.802],[100.5405,13.803],[100.5425,13.8115],[100.5375,13.809],[100.5365,13.8105],[100.535,13.81],[100.5365,13.8115],[100.5355,13.8115],[100.535,13.813],[100.534,13.813],[100.5345,13.814],[100.5335,13.815],[100.5345,13.8165],[100.534,13.818],[100.535,13.818],[100.534,13.8175],[100.5355,13.816],[100.5365,13.816],[100.5375,13.8215],[100.539,13.821],[100.5395,13.8215],[100.538,13.823],[100.5385,13.823],[100.538,13.825],[100.5355,13.8245],[100.536,13.826],[100.5355,13.827],[100.5345,13.8265],[100.533,13.828],[100.5345,13.8285],[100.5335,13.8295],[100.535,13.8315],[100.533,13.831],[100.5305,13.8315],[100.53,13.833],[100.531,13.8325],[100.531,13.8335],[100.5295,13.8345],[100.529,13.834],[100.527,13.836],[100.5245,13.835],[100.524,13.8355],[100.5235,13.8345],[100.523,13.8355],[100.5215,13.835],[100.521,13.837],[100.52,13.8375],[100.5195,13.8425],[100.5185,13.842],[100.516,13.8435],[100.5195,13.844],[100.519,13.843],[100.52,13.8435],[100.519,13.845],[100.5205,13.847],[100.519,13.8475],[100.519,13.8495],[100.5185,13.849],[100.5175,13.8495],[100.5185,13.85],[100.519,13.8515],[100.52,13.8515],[100.5205,13.8535],[100.5225,13.8535],[100.5215,13.8545],[100.5235,13.8555],[100.523,13.8565],[100.5265,13.857],[100.5265,13.858],[100.5275,13.8585],[100.525,13.862],[100.5235,13.8615],[100.5235,13.8605],[100.5225,13.8605],[100.523,13.8615],[100.5225,13.863],[100.5245,13.8635],[100.524,13.8665],[100.523,13.867],[100.523,13.8685],[100.52,13.868],[100.5215,13.8685],[100.5205,13.869],[100.5215,13.8695],[100.5205,13.87],[100.52,13.8715],[100.5195,13.87],[100.5185,13.87],[100.5185,13.872],[100.5195,13.8725],[100.5215,13.872],[100.522,13.8695],[100.523,13.87],[100.523,13.872],[100.524,13.8715],[100.525,13.872],[100.524,13.8725],[100.524,13.874],[100.523,13.8735],[100.5235,13.8745],[100.522,13.876],[100.523,13.8765],[100.5215,13.8775],[100.5205,13.8795],[100.5195,13.8795],[100.5195,13.8775],[100.5145,13.88],[100.516,13.8805],[100.514,13.8825],[100.516,13.883],[100.514,13.8835],[100.515,13.884],[100.5145,13.885],[100.5155,13.8855],[100.5155,13.8865],[100.516,13.8855],[100.5185,13.8865],[100.5175,13.8865],[100.5175,13.8875],[100.5155,13.8885],[100.516,13.89],[100.515,13.8915],[100.512,13.89],[100.512,13.893],[100.511,13.895],[100.51,13.894],[100.508,13.897],[100.5095,13.897],[100.5115,13.895],[100.514,13.8945],[100.5135,13.8955],[100.512,13.8955],[100.5125,13.897],[100.5115,13.8965],[100.511,13.898],[100.5115,13.8995],[100.513,13.899],[100.5135,13.902],[100.5155,13.9015],[100.514,13.9005],[100.5155,13.9005],[100.5155,13.899],[100.516,13.9005],[100.5185,13.901],[100.519,13.9025],[100.5185,13.903],[100.5175,13.9025],[100.518,13.903],[100.517,13.904],[100.518,13.9035],[100.5185,13.9045],[100.5185,13.9035],[100.52,13.904],[100.5195,13.9045],[100.5215,13.904],[100.523,13.9005],[100.5255,13.9],[100.5255,13.899],[100.527,13.8975],[100.528,13.8975],[100.528,13.896],[100.5295,13.8975],[100.529,13.898],[100.5295,13.899],[100.5305,13.8985],[100.531,13.897],[100.531,13.9],[100.534,13.9],[100.5335,13.899],[100.5355,13.898],[100.5355,13.897],[100.537,13.8985],[100.537,13.8975],[100.538,13.897]],[[100.5445,13.82],[100.546,13.8215],[100.546,13.8205],[100.545,13.8205],[100.546,13.819],[100.5545,13.8355],[100.556,13.837],[100.556,13.836],[100.555,13.8355],[100.556,13.8355],[100.556,13.8345],[100.557,13.834],[100.5575,13.8365],[100.561,13.84],[100.559,13.842],[100.5595,13.8435],[100.563,13.845],[100.5635,13.846],[100.563,13.844],[100.564,13.8435],[100.5645,13.8455],[100.565,13.8445],[100.567,13.845],[100.5665,13.846],[100.5625,13.8475],[100.5645,13.852],[100.566,13.8515],[100.566,13.8525],[100.565,13.8525],[100.5655,13.8535],[100.5665,13.8535],[100.566,13.8565],[100.5705,13.865],[100.572,13.8665],[100.5715,13.867],[100.572,13.868],[100.5685,13.8675],[100.569,13.866],[100.568,13.8665],[100.5675,13.8635],[100.568,13.8645],[100.5675,13.865],[100.566,13.863],[100.566,13.864],[100.5635,13.8635],[100.5635,13.864],[100.5615,13.8625],[100.561,13.8605],[100.562,13.8595],[100.5655,13.8605],[100.566,13.8615],[100.5625,13.855],[100.5595,13.8545],[100.5595,13.8515],[100.559,13.8525],[100.558,13.8525],[100.558,13.8535],[100.5565,13.8525],[100.5575,13.852],[100.5565,13.852],[100.556,13.853],[100.5545,13.852],[100.554,13.851],[100.555,13.8495],[100.556,13.85],[100.56,13.8475],[100.559,13.845],[100.558,13.8445],[100.5585,13.844],[100.556,13.8425],[100.555,13.8405],[100.5545,13.842],[100.5535,13.8415],[100.553,13.843],[100.552,13.841],[100.551,13.84],[100.5505,13.8405],[100.55,13.8395],[100.5515,13.839],[100.551,13.838],[100.552,13.8375],[100.5525,13.8385],[100.5535,13.8385],[100.5525,13.838],[100.553,13.837],[100.552,13.836],[100.553,13.8335],[100.549,13.8325],[100.5485,13.832],[100.5495,13.831],[100.547,13.8315],[100.5465,13.8295],[100.5475,13.8285],[100.549,13.8295],[100.5485,13.8275],[100.5495,13.8275],[100.548,13.827],[100.549,13.826],[100.547,13.8255],[100.5465,13.8245],[100.5475,13.8235],[100.546,13.8235],[100.545,13.8225],[100.544,13.8205],[100.5445,13.82]]],[[[100.5375,13.807],[100.5385,13.8075],[100.5395,13.8065],[100.5375,13.807]]],[[[100.538,13.8055]]],[[[100.538,13.8025],[100.538,13.802],[100.537,13.8025],[100.538,13.8025]]],[[[100.5375,13.8]]],[[[100.4585,13.875],[100.459,13.875],[100.4585,13.875]]],[[[100.4595,13.8725],[100.459,13.8725],[100.459,13.873],[100.4595,13.8725]]],[[[100.408,13.885]]],[[[100.4075,13.882],[100.4085,13.8815],[100.4085,13.881],[100.408,13.8815],[100.4075,13.882]]],[[[100.4075,13.8805],[100.4085,13.88],[100.407,13.881],[100.4075,13.8805]]],[[[100.409,13.8765],[100.409,13.876],[100.4085,13.8765],[100.409,13.8765]]],[[[100.408,13.885],[100.407,13.885],[100.4075,13.8855],[100.408,13.885]]],[[[100.4055,13.878]]],[[[100.408,13.877]]],[[[100.4065,13.878],[100.407,13.878],[100.4065,13.878]]],[[[100.4045,13.8785],[100.4045,13.878],[100.4045,13.8785]]],[[[100.405,13.8825],[100.4045,13.884],[100.4055,13.8835],[100.405,13.8825]]],[[[100.4045,13.881],[100.404,13.8815],[100.4045,13.8815],[100.4045,13.881]]],[[[100.4035,13.8805],[100.4045,13.8805],[100.4035,13.8805]]],[[[100.408,13.8835]]],[[[100.4055,13.884]]],[[[100.4065,13.888],[100.407,13.888],[100.4065,13.888]]],[[[100.4075,13.8875],[100.4075,13.888],[100.4075,13.8875]]],[[[100.4065,13.886],[100.4065,13.8855],[100.4065,13.886]]],[[[100.408,13.8865],[100.408,13.886],[100.4075,13.886],[100.408,13.8865]]],[[[100.4065,13.887],[100.406,13.8865],[100.406,13.887],[100.4065,13.887]]],[[[100.407,13.892]]],[[[100.4075,13.8925]]],[[[100.407,13.8965],[100.407,13.897],[100.407,13.8965]]],[[[100.41,13.8825],[100.4095,13.8825],[100.41,13.8825]]],[[[100.412,13.88],[100.4105,13.8795],[100.4115,13.8805],[100.412,13.88]]],[[[100.4105,13.884]]],[[[100.412,13.8835]]],[[[100.4115,13.885],[100.4105,13.8845],[100.41,13.8855],[100.4115,13.885]]],[[[100.4115,13.887],[100.41,13.888],[100.412,13.887],[100.4115,13.887]]],[[[100.421,13.874],[100.4225,13.8735],[100.423,13.8745],[100.423,13.872],[100.4225,13.873],[100.4215,13.8725],[100.4195,13.8735],[100.421,13.874]]],[[[100.416,13.873],[100.4155,13.8725],[100.416,13.874],[100.4165,13.8735],[100.416,13.873]]],[[[100.4145,13.8755],[100.414,13.875],[100.4145,13.8755]]],[[[100.416,13.8755],[100.4155,13.8755],[100.416,13.8755]]],[[[100.421,13.8755],[100.42,13.876],[100.4205,13.876],[100.421,13.876],[100.421,13.8755]]],[[[100.418,13.8755],[100.418,13.875],[100.418,13.8755]]],[[[100.417,13.876],[100.4165,13.876],[100.4175,13.8775],[100.417,13.876]]],[[[100.4215,13.876]]],[[[100.424,13.873],[100.4235,13.873],[100.424,13.8735],[100.424,13.873]]],[[[100.424,13.872],[100.424,13.8715],[100.4235,13.872],[100.424,13.872]]],[[[100.425,13.872]]],[[[100.4225,13.8755],[100.422,13.8755],[100.4225,13.8755]]],[[[100.4235,13.8745],[100.424,13.874],[100.4235,13.874],[100.4235,13.8745]]],[[[100.4255,13.874]]],[[[100.4435,13.8775],[100.446,13.878],[100.4455,13.877],[100.4435,13.8775]]],[[[100.4315,13.8715]]],[[[100.4345,13.8805]]],[[[100.4345,13.8765],[100.435,13.877],[100.435,13.8765],[100.4345,13.8765]]],[[[100.4295,13.875],[100.43,13.8745],[100.4295,13.875]]],[[[100.4285,13.8745]]],[[[100.4305,13.877],[100.431,13.878],[100.433,13.8765],[100.4305,13.877]]],[[[100.431,13.876]]],[[[100.431,13.8785],[100.4305,13.8785],[100.431,13.8785]]],[[[100.4325,13.878],[100.432,13.8785],[100.4325,13.878]]],[[[100.4335,13.878],[100.433,13.878],[100.4335,13.878]]],[[[100.4385,13.875],[100.4375,13.8755],[100.438,13.8755],[100.4385,13.875]]],[[[100.4365,13.8765],[100.4365,13.878],[100.4375,13.878],[100.4365,13.8765]]],[[[100.4355,13.877],[100.436,13.877],[100.4355,13.877]]],[[[100.442,13.877],[100.4425,13.8775],[100.4425,13.877],[100.442,13.877]]],[[[100.438,13.879],[100.438,13.8795],[100.438,13.879]]],[[[100.436,13.8785],[100.4365,13.8785],[100.436,13.8785]]],[[[100.4455,13.872]]],[[[100.445,13.8715]]],[[[100.4515,13.881]]],[[[100.452,13.8755],[100.4515,13.8755],[100.452,13.8755]]],[[[100.447,13.8775]]],[[[100.45,13.8775],[100.4505,13.878],[100.4505,13.8775],[100.45,13.8775]]],[[[100.451,13.8785]]],[[[100.451,13.879]]],[[[100.446,13.8795]]],[[[100.448,13.881],[100.4475,13.881],[100.448,13.881]]],[[[100.4555,13.877],[100.455,13.876],[100.453,13.877],[100.4555,13.877]]],[[[100.458,13.875],[100.4575,13.875],[100.458,13.875]]],[[[100.472,13.8705],[100.472,13.871],[100.472,13.8705]]],[[[100.466,13.874],[100.467,13.8735],[100.4665,13.8725],[100.466,13.874]]],[[[100.4675,13.872],[100.468,13.8735],[100.469,13.873],[100.468,13.871],[100.4675,13.872]]],[[[100.467,13.8715]]],[[[100.4645,13.875],[100.464,13.8755],[100.4645,13.8755],[100.4645,13.875]]],[[[100.464,13.8735],[100.4635,13.8735],[100.464,13.8735]]],[[[100.4635,13.87],[100.4635,13.8695],[100.4635,13.87]]],[[[100.4605,13.872],[100.4605,13.8715],[100.46,13.8725],[100.4605,13.872]]],[[[100.4665,13.872],[100.4655,13.872],[100.4655,13.8725],[100.4665,13.872]]],[[[100.465,13.8725]]],[[[100.4655,13.8755]]],[[[100.4695,13.871],[100.4695,13.8715],[100.4695,13.872],[100.4695,13.8715],[100.4695,13.871]]],[[[100.4705,13.869]]],[[[100.4685,13.8695]]],[[[100.4705,13.8715],[100.4705,13.8725],[100.4705,13.8715]]],[[[100.471,13.871]]],[[[100.4735,13.872],[100.474,13.872],[100.4735,13.871],[100.473,13.8715],[100.4735,13.872]]],[[[100.4835,13.876],[100.4835,13.8755],[100.4835,13.876]]],[[[100.4835,13.875]]],[[[100.483,13.8745],[100.4835,13.874],[100.483,13.874],[100.483,13.8745]]],[[[100.483,13.873],[100.4835,13.873],[100.483,13.873]]],[[[100.483,13.872],[100.483,13.8725],[100.483,13.872]]],[[[100.4835,13.87],[100.484,13.87],[100.4835,13.87]]],[[[100.4815,13.875],[100.482,13.8755],[100.4815,13.8745],[100.4815,13.875]]],[[[100.481,13.8715],[100.4805,13.8715],[100.481,13.8715]]],[[[100.4805,13.8745],[100.4805,13.875],[100.481,13.875],[100.4805,13.8745]]],[[[100.481,13.874],[100.4815,13.874],[100.481,13.874]]],[[[100.4825,13.872],[100.4825,13.8715],[100.4825,13.872]]],[[[100.483,13.87],[100.4825,13.8705],[100.483,13.87]]],[[[100.4845,13.8715]]],[[[100.4845,13.8725]]],[[[100.491,13.866],[100.4925,13.866],[100.492,13.865],[100.491,13.866]]],[[[100.4925,13.864],[100.4925,13.8645],[100.4925,13.864]]],[[[100.4935,13.86],[100.493,13.86],[100.4935,13.86]]],[[[100.4895,13.865],[100.4895,13.8645],[100.489,13.8645],[100.489,13.865],[100.4895,13.865]]],[[[100.4915,13.863]]],[[[100.495,13.864],[100.495,13.8645],[100.495,13.865],[100.495,13.864]]],[[[100.496,13.863],[100.496,13.864],[100.496,13.8645],[100.496,13.863]]],[[[100.494,13.863],[100.494,13.8625],[100.494,13.863]]],[[[100.4955,13.8665],[100.4955,13.867],[100.4955,13.8665]]],[[[100.5015,13.8615]]],[[[100.4995,13.86],[100.499,13.86],[100.4995,13.86]]],[[[100.498,13.8635],[100.4985,13.862],[100.4975,13.8625],[100.498,13.8635]]],[[[100.4985,13.861]]],[[[100.5,13.8615]]],[[[100.5035,13.8605],[100.5035,13.861],[100.5035,13.8605]]],[[[100.503,13.8605],[100.503,13.861],[100.503,13.8605]]],[[[100.503,13.86],[100.5025,13.8605],[100.503,13.8605],[100.503,13.86]]],[[[100.5055,13.905],[100.5075,13.9065],[100.5075,13.9055],[100.5085,13.9055],[100.508,13.9045],[100.5085,13.904],[100.5095,13.9055],[100.51,13.905],[100.509,13.9045],[100.5095,13.904],[100.511,13.9035],[100.512,13.904],[100.5115,13.902],[100.5125,13.902],[100.512,13.9005],[100.5085,13.902],[100.509,13.9025],[100.5075,13.9035],[100.507,13.905],[100.5075,13.906],[100.506,13.9045],[100.5055,13.905]]],[[[100.506,13.902],[100.5065,13.902],[100.507,13.9015],[100.5065,13.9015],[100.506,13.902]]],[[[100.506,13.9],[100.506,13.8995],[100.506,13.9]]],[[[100.5065,13.8985],[100.506,13.8985],[100.5065,13.8985]]],[[[100.5065,13.896]]],[[[100.502,13.9]]],[[[100.5015,13.899],[100.502,13.8995],[100.5025,13.8995],[100.5015,13.899]]],[[[100.501,13.897]]],[[[100.502,13.909]]],[[[100.5035,13.905]]],[[[100.504,13.904],[100.504,13.9045],[100.504,13.904]]],[[[100.5035,13.9015]]],[[[100.503,13.9005],[100.5035,13.9005],[100.503,13.899],[100.503,13.9005]]],[[[100.503,13.8985],[100.5045,13.8985],[100.5045,13.898],[100.503,13.898],[100.503,13.8985]]],[[[100.5035,13.8975]]],[[[100.503,13.8975]]],[[[100.5025,13.9075]]],[[[100.503,13.9045],[100.5035,13.9045],[100.503,13.9045]]],[[[100.505,13.906]]],[[[100.505,13.9025]]],[[[100.505,13.8965],[100.5045,13.8965],[100.5045,13.8975],[100.505,13.8975],[100.505,13.8965]]],[[[100.525,13.905],[100.5265,13.904],[100.5245,13.903],[100.525,13.905]]],[[[100.5245,13.858],[100.524,13.8575],[100.524,13.858],[100.5245,13.858]]],[[[100.5155,13.861],[100.516,13.861],[100.5155,13.861]]],[[[100.517,13.8605],[100.516,13.8605],[100.517,13.8605]]],[[[100.5155,13.859],[100.5165,13.859],[100.5165,13.858],[100.5145,13.8585],[100.5155,13.859]]],[[[100.513,13.858],[100.517,13.857],[100.516,13.8565],[100.5165,13.8545],[100.515,13.856],[100.515,13.855],[100.5135,13.8555],[100.5135,13.8565],[100.5125,13.857],[100.513,13.858]]],[[[100.516,13.8535],[100.516,13.853],[100.516,13.8535]]],[[[100.5155,13.8535],[100.5155,13.852],[100.5165,13.8515],[100.516,13.851],[100.5135,13.85],[100.5125,13.851],[100.512,13.85],[100.5115,13.851],[100.513,13.854],[100.513,13.853],[100.514,13.853],[100.5135,13.854],[100.5155,13.8535]]],[[[100.516,13.849]]],[[[100.515,13.848],[100.5155,13.8485],[100.5155,13.848],[100.515,13.848]]],[[[100.5165,13.8445],[100.516,13.8445],[100.5165,13.8445]]],[[[100.5155,13.8425],[100.515,13.843],[100.5155,13.8435],[100.5155,13.8425]]],[[[100.516,13.8375]]],[[[100.5155,13.836],[100.516,13.8365],[100.516,13.836],[100.5155,13.836]]],[[[100.512,13.8425],[100.5115,13.843],[100.512,13.8435],[100.512,13.8425]]],[[[100.51,13.8495],[100.5095,13.849],[100.5095,13.8495],[100.51,13.8495]]],[[[100.511,13.8445],[100.51,13.845],[100.511,13.845],[100.511,13.8445]]],[[[100.51,13.843],[100.5095,13.843],[100.51,13.843]]],[[[100.5095,13.842]]],[[[100.511,13.8415],[100.5105,13.8415],[100.511,13.842],[100.511,13.8415]]],[[[100.5105,13.84],[100.511,13.8395],[100.5105,13.84]]],[[[100.511,13.848],[100.511,13.8475],[100.511,13.848]]],[[[100.5105,13.847],[100.511,13.847],[100.5105,13.8465],[100.511,13.846],[100.5105,13.846],[100.5105,13.847]]],[[[100.511,13.8585],[100.511,13.858],[100.511,13.8585]]],[[[100.511,13.854],[100.511,13.8545],[100.511,13.854]]],[[[100.5115,13.858],[100.5115,13.8575],[100.5115,13.858]]],[[[100.5145,13.8495],[100.5145,13.85],[100.515,13.8495],[100.5145,13.8495]]],[[[100.5145,13.8475],[100.5145,13.847],[100.5145,13.8475]]],[[[100.514,13.8445]]],[[[100.5135,13.8425],[100.515,13.842],[100.5145,13.8415],[100.5135,13.8425]]],[[[100.5135,13.8375],[100.514,13.8375],[100.5135,13.8375]]],[[[100.513,13.845]]],[[[100.5135,13.842]]],[[[100.513,13.8415]]],[[[100.513,13.839],[100.513,13.8385],[100.513,13.839]]],[[[100.5125,13.8375],[100.513,13.8375],[100.5125,13.8375]]],[[[100.5145,13.8365]]],[[[100.515,13.845]]],[[[100.515,13.8445]]],[[[100.5155,13.8465],[100.5155,13.846],[100.5155,13.8465]]],[[[100.5145,13.861]]],[[[100.513,13.862],[100.513,13.8615],[100.513,13.861],[100.513,13.862]]],[[[100.5135,13.8585],[100.513,13.8585],[100.5135,13.8585]]],[[[100.516,13.905],[100.516,13.9055],[100.516,13.905]]],[[[100.517,13.9015],[100.5165,13.9015],[100.517,13.9015]]],[[[100.516,13.873]]],[[[100.509,13.901],[100.508,13.9005],[100.508,13.901],[100.509,13.901]]],[[[100.508,13.899],[100.509,13.899],[100.508,13.899]]],[[[100.51,13.8895],[100.5095,13.889],[100.51,13.8895]]],[[[100.5095,13.8865],[100.51,13.8875],[100.511,13.8875],[100.5095,13.8865]]],[[[100.507,13.8995]]],[[[100.507,13.897],[100.5065,13.897],[100.5065,13.8975],[100.507,13.8975],[100.507,13.897]]],[[[100.507,13.9005]]],[[[100.509,13.89]]],[[[100.509,13.8905]]],[[[100.5115,13.883],[100.5115,13.8835],[100.5115,13.883]]],[[[100.511,13.8855],[100.511,13.885],[100.5105,13.885],[100.5105,13.8855],[100.511,13.8855]]],[[[100.5105,13.8835],[100.511,13.884],[100.5105,13.8835]]],[[[100.51,13.901]]],[[[100.5105,13.9]]],[[[100.5125,13.907],[100.5125,13.908],[100.5125,13.907]]],[[[100.513,13.9055]]],[[[100.5085,13.906],[100.509,13.906],[100.5085,13.906]]],[[[100.511,13.9075],[100.511,13.9085],[100.511,13.9075]]],[[[100.51,13.906],[100.5105,13.906],[100.51,13.906]]],[[[100.5095,13.908],[100.51,13.9075],[100.5095,13.9075],[100.5095,13.908]]],[[[100.5115,13.9055],[100.512,13.9055],[100.5115,13.9055]]],[[[100.512,13.9085],[100.512,13.9075],[100.512,13.9085]]],[[[100.5125,13.8755]]],[[[100.5135,13.889],[100.514,13.89],[100.5145,13.8895],[100.515,13.89],[100.5145,13.8875],[100.514,13.888],[100.5145,13.889],[100.5135,13.889]]],[[[100.5145,13.8815],[100.514,13.881],[100.514,13.8815],[100.5145,13.8815]]],[[[100.514,13.8775],[100.5145,13.8775],[100.514,13.8775]]],[[[100.5135,13.8875]]],[[[100.513,13.879],[100.5135,13.879],[100.513,13.8785],[100.513,13.879]]],[[[100.5135,13.877]]],[[[100.514,13.879]]],[[[100.514,13.8785]]],[[[100.5155,13.8745],[100.515,13.872],[100.5155,13.8745]]],[[[100.515,13.9055],[100.5145,13.906],[100.515,13.906],[100.515,13.9055]]],[[[100.5135,13.905],[100.515,13.9045],[100.5155,13.9035],[100.514,13.904],[100.5135,13.905]]],[[[100.52,13.8695]]],[[[100.5195,13.86],[100.5195,13.8605],[100.5195,13.86]]],[[[100.5205,13.8565],[100.521,13.8565],[100.521,13.856],[100.5205,13.8565]]],[[[100.5205,13.8555],[100.521,13.8555],[100.521,13.855],[100.5205,13.855],[100.5205,13.8555]]],[[[100.5175,13.859],[100.517,13.859],[100.5175,13.859]]],[[[100.518,13.8565],[100.5175,13.8565],[100.518,13.8565]]],[[[100.5175,13.855],[100.5175,13.8555],[100.5175,13.855]]],[[[100.5175,13.855]]],[[[100.5175,13.8535],[100.5175,13.854],[100.518,13.854],[100.5175,13.8535]]],[[[100.5175,13.8485],[100.518,13.8485],[100.5175,13.8475],[100.517,13.848],[100.5165,13.847],[100.5175,13.8485]]],[[[100.517,13.844],[100.517,13.8445],[100.5175,13.8445],[100.517,13.844]]],[[[100.5175,13.841]]],[[[100.517,13.84],[100.5165,13.84],[100.517,13.84]]],[[[100.5165,13.842]]],[[[100.5165,13.841]]],[[[100.5165,13.836]]],[[[100.5185,13.8745],[100.5175,13.8745],[100.5175,13.875],[100.5185,13.8745]]],[[[100.5165,13.8715],[100.517,13.8705],[100.5165,13.8705],[100.5165,13.8715]]],[[[100.5165,13.8765],[100.517,13.877],[100.517,13.876],[100.5165,13.8765]]],[[[100.5165,13.875],[100.5165,13.8745],[100.5165,13.875]]],[[[100.518,13.8385],[100.5185,13.839],[100.5185,13.8385],[100.518,13.8385]]],[[[100.5175,13.8405],[100.5175,13.84],[100.5175,13.8405]]],[[[100.519,13.84]]],[[[100.519,13.837],[100.5185,13.837],[100.519,13.837]]],[[[100.5185,13.841]]],[[[100.5175,13.847],[100.5185,13.847],[100.5185,13.846],[100.5175,13.847]]],[[[100.518,13.8445]]],[[[100.519,13.8695],[100.5185,13.869],[100.5185,13.8695],[100.519,13.8695]]],[[[100.519,13.866],[100.5185,13.866],[100.519,13.866]]],[[[100.5185,13.861],[100.519,13.8625],[100.5185,13.861]]],[[[100.518,13.86],[100.5185,13.8605],[100.5185,13.86],[100.518,13.86]]],[[[100.5185,13.8565],[100.519,13.8585],[100.52,13.8575],[100.5185,13.8565]]],[[[100.5185,13.8555],[100.518,13.856],[100.5185,13.8555]]],[[[100.5175,13.851]]],[[[100.518,13.871]]],[[[100.5185,13.877],[100.518,13.877],[100.518,13.8775],[100.5185,13.877]]],[[[100.523,13.858],[100.523,13.8585],[100.523,13.858]]],[[[100.5235,13.857],[100.523,13.857],[100.5225,13.857],[100.5235,13.857]]],[[[100.5225,13.8565]]],[[[100.5205,13.8645]]],[[[100.522,13.862],[100.522,13.8615],[100.5215,13.862],[100.522,13.862]]],[[[100.522,13.858],[100.522,13.8585],[100.5225,13.8585],[100.5225,13.858],[100.522,13.858]]],[[[100.5215,13.858]]],[[[100.5215,13.8665],[100.5225,13.8665],[100.5225,13.866],[100.5215,13.8665]]],[[[100.522,13.8625],[100.5215,13.863],[100.522,13.863],[100.522,13.8625]]],[[[100.5235,13.86]]],[[[100.5215,13.876]]],[[[100.5225,13.8345],[100.523,13.8345],[100.5225,13.8345]]],[[[100.5225,13.8305],[100.523,13.8305],[100.523,13.83],[100.5225,13.8305]]],[[[100.5235,13.8345],[100.524,13.8345],[100.5235,13.8345]]],[[[100.5235,13.8335]]],[[[100.524,13.8315],[100.524,13.831],[100.524,13.8315]]],[[[100.5195,13.912]]],[[[100.518,13.9095],[100.52,13.9095],[100.5195,13.9085],[100.5185,13.909],[100.5175,13.9085],[100.518,13.9095]]],[[[100.52,13.9055]]],[[[100.5195,13.905]]],[[[100.5175,13.9075]]],[[[100.5175,13.907],[100.5175,13.9075],[100.5175,13.907]]],[[[100.517,13.9095]]],[[[100.5185,13.907],[100.5195,13.907],[100.519,13.907],[100.5185,13.907]]],[[[100.519,13.9055]]],[[[100.5185,13.9115],[100.5185,13.911],[100.5185,13.9115]]],[[[100.5195,13.913],[100.519,13.913],[100.5195,13.913]]],[[[100.522,13.9065],[100.522,13.9075],[100.5225,13.9075],[100.5225,13.9065],[100.522,13.9065]]],[[[100.524,13.9015]]],[[[100.523,13.9025]]],[[[100.5235,13.8085],[100.523,13.809],[100.5245,13.809],[100.5235,13.8085]]],[[[100.524,13.8045],[100.526,13.805],[100.526,13.804],[100.524,13.8045]]],[[[100.522,13.8055]]],[[[100.523,13.8045]]],[[[100.521,13.8015]]],[[[100.524,13.806],[100.5235,13.8055],[100.524,13.806]]],[[[100.5235,13.803],[100.524,13.803],[100.5235,13.803]]],[[[100.5245,13.826]]],[[[100.525,13.8245]]],[[[100.5315,13.828],[100.53,13.8275],[100.5315,13.828]]],[[[100.5305,13.8155],[100.531,13.816],[100.5305,13.8155]]],[[[100.5305,13.809]]],[[[100.5315,13.805],[100.531,13.8055],[100.5315,13.805]]],[[[100.528,13.8115]]],[[[100.5275,13.8085],[100.527,13.809],[100.5275,13.809],[100.5275,13.8085]]],[[[100.527,13.806],[100.5275,13.806],[100.527,13.806]]],[[[100.526,13.8085],[100.525,13.8085],[100.5255,13.8085],[100.526,13.8085]]],[[[100.527,13.811],[100.5275,13.811],[100.527,13.811]]],[[[100.5275,13.831],[100.528,13.8305],[100.5275,13.831]]],[[[100.526,13.835],[100.5265,13.835],[100.526,13.835]]],[[[100.5255,13.825]]],[[[100.525,13.8325],[100.525,13.833],[100.525,13.8325]]],[[[100.5265,13.8305]]],[[[100.5265,13.8195],[100.5275,13.8195],[100.5265,13.8195]]],[[[100.528,13.8155]]],[[[100.527,13.8215],[100.5265,13.8215],[100.527,13.8215]]],[[[100.5285,13.812]]],[[[100.529,13.805]]],[[[100.5295,13.822],[100.529,13.822],[100.5295,13.822]]],[[[100.529,13.8175]]],[[[100.529,13.817],[100.529,13.8165],[100.529,13.817]]],[[[100.5295,13.815],[100.5295,13.8155],[100.53,13.816],[100.53,13.8155],[100.5295,13.815]]],[[[100.529,13.831],[100.529,13.8305],[100.528,13.8305],[100.529,13.831]]],[[[100.5285,13.8265]]],[[[100.5295,13.8105]]],[[[100.53,13.809]]],[[[100.53,13.8035],[100.5305,13.804],[100.53,13.8035]]],[[[100.53,13.803]]],[[[100.534,13.8245],[100.5345,13.825],[100.5345,13.824],[100.534,13.8245]]],[[[100.534,13.822],[100.5345,13.822],[100.535,13.822],[100.534,13.822]]],[[[100.5335,13.812],[100.534,13.812],[100.5335,13.812]]],[[[100.5335,13.8045],[100.534,13.8045],[100.5335,13.8045]]],[[[100.5325,13.8115],[100.533,13.812],[100.533,13.8115],[100.5325,13.8115]]],[[[100.533,13.8085]]],[[[100.532,13.8065],[100.5325,13.8065],[100.532,13.8065]]],[[[100.532,13.8055],[100.5325,13.805],[100.532,13.805],[100.532,13.8055]]],[[[100.531,13.82],[100.5315,13.8205],[100.5315,13.8195],[100.531,13.82]]],[[[100.5315,13.818],[100.532,13.818],[100.5315,13.818]]],[[[100.532,13.83]]],[[[100.532,13.819]]],[[[100.534,13.8305],[100.5335,13.83],[100.533,13.8305],[100.534,13.8305]]],[[[100.5335,13.826]]],[[[100.5335,13.826]]],[[[100.533,13.823],[100.5335,13.823],[100.533,13.823]]],[[[100.533,13.821],[100.5335,13.8215],[100.533,13.821]]],[[[100.533,13.826]]],[[[100.535,13.806],[100.5355,13.8055],[100.5345,13.806],[100.535,13.806]]],[[[100.535,13.804],[100.5345,13.8045],[100.5355,13.8045],[100.535,13.804]]],[[[100.535,13.801],[100.5355,13.8015],[100.535,13.801]]],[[[100.5365,13.807],[100.537,13.807],[100.5365,13.807]]],[[[100.537,13.8005]]],[[[100.5365,13.805]]],[[[100.5375,13.799],[100.5375,13.7995],[100.5375,13.799]]],[[[100.5355,13.8245],[100.5355,13.824],[100.5355,13.8245]]],[[[100.536,13.8225]]],[[[100.535,13.821],[100.5355,13.821],[100.535,13.821]]],[[[100.5365,13.8225],[100.536,13.8225],[100.5365,13.8225]]],[[[100.5255,13.859],[100.5255,13.8595],[100.5255,13.859]]],[[[100.532,13.9075],[100.531,13.908],[100.532,13.9075]]],[[[100.531,13.907],[100.531,13.906],[100.531,13.907]]],[[[100.531,13.903]]],[[[100.5305,13.9015],[100.5305,13.902],[100.5315,13.902],[100.5315,13.9015],[100.5305,13.9015]]],[[[100.528,13.9095]]],[[[100.5265,13.908],[100.5295,13.907],[100.5285,13.905],[100.528,13.907],[100.526,13.9075],[100.5255,13.909],[100.5275,13.909],[100.5265,13.908]]],[[[100.5275,13.9035],[100.5275,13.904],[100.5285,13.904],[100.5285,13.9035],[100.5275,13.9035]]],[[[100.5275,13.9015],[100.528,13.8995],[100.5275,13.8995],[100.5275,13.9015]]],[[[100.5285,13.899],[100.5275,13.899],[100.529,13.899],[100.5285,13.899]]],[[[100.5255,13.902]]],[[[100.526,13.906],[100.527,13.907],[100.527,13.9055],[100.526,13.906]]],[[[100.53,13.905]]],[[[100.5295,13.9025]]],[[[100.5295,13.901],[100.5295,13.9015],[100.5295,13.901]]],[[[100.53,13.9085],[100.5305,13.909],[100.531,13.909],[100.5305,13.9085],[100.53,13.9085]]],[[[100.53,13.908]]],[[[100.53,13.907],[100.53,13.9065],[100.53,13.907]]],[[[100.5345,13.903],[100.535,13.904],[100.535,13.9025],[100.5345,13.903]]],[[[100.534,13.9015],[100.5345,13.902],[100.535,13.9015],[100.534,13.9015]]],[[[100.5325,13.906],[100.5325,13.9065],[100.5335,13.9065],[100.5335,13.906],[100.5325,13.906]]],[[[100.532,13.9065],[100.5315,13.9065],[100.5315,13.907],[100.532,13.9065]]],[[[100.5315,13.9045],[100.5315,13.905],[100.5315,13.9045]]],[[[100.5325,13.909],[100.5325,13.9095],[100.5325,13.909]]],[[[100.533,13.9015],[100.5325,13.9015],[100.533,13.9015]]],[[[100.5335,13.908]]],[[[100.536,13.9025],[100.536,13.902],[100.536,13.9025]]],[[[100.5375,13.902],[100.5375,13.9015],[100.5375,13.902]]],[[[100.537,13.901],[100.538,13.9],[100.537,13.9],[100.537,13.901]]],[[[100.538,13.9035],[100.5375,13.9035],[100.538,13.9035]]],[[[100.5375,13.9115],[100.538,13.9115],[100.538,13.911],[100.5375,13.9115]]],[[[100.5695,13.833],[100.5695,13.834],[100.57,13.8345],[100.57,13.833],[100.5695,13.833]]],[[[100.569,13.8315],[100.5695,13.8315],[100.569,13.8315]]],[[[100.5695,13.83],[100.5695,13.8305],[100.5695,13.83]]],[[[100.5695,13.8285]]],[[[100.569,13.827],[100.57,13.8285],[100.5715,13.8275],[100.569,13.827]]],[[[100.5675,13.824],[100.57,13.8245],[100.5675,13.824]]],[[[100.569,13.8125],[100.5685,13.812],[100.569,13.8115],[100.5675,13.811],[100.5675,13.812],[100.569,13.8125]]],[[[100.5685,13.8105],[100.5695,13.8105],[100.5695,13.81],[100.5685,13.81],[100.5685,13.8105]]],[[[100.5695,13.8075],[100.5695,13.808],[100.5695,13.8075]]],[[[100.569,13.8045]]],[[[100.569,13.802],[100.57,13.801],[100.5705,13.802],[100.5715,13.7995],[100.5705,13.7995],[100.5705,13.8005],[100.569,13.8005],[100.5695,13.7995],[100.5685,13.799],[100.5685,13.798],[100.5675,13.7985],[100.5665,13.796],[100.5675,13.7955],[100.569,13.7965],[100.5675,13.795],[100.5685,13.794],[100.5695,13.7945],[100.57,13.7935],[100.5695,13.794],[100.568,13.7935],[100.5675,13.7915],[100.568,13.791],[100.567,13.7915],[100.565,13.7895],[100.567,13.7875],[100.568,13.788],[100.568,13.787],[100.569,13.787],[100.5685,13.7855],[100.5705,13.785],[100.571,13.7835],[100.57,13.783],[100.5695,13.781],[100.5675,13.781],[100.5655,13.7795],[100.566,13.779],[100.564,13.779],[100.5655,13.7785],[100.5655,13.777],[100.5665,13.7775],[100.566,13.776],[100.5665,13.775],[100.568,13.7735],[100.5685,13.774],[100.569,13.773],[100.57,13.773],[100.57,13.7715],[100.5695,13.772],[100.567,13.7715],[100.567,13.7705],[100.566,13.771],[100.567,13.7695],[100.5665,13.7675],[100.564,13.767],[100.5645,13.7665],[100.564,13.7655],[100.562,13.7635],[100.563,13.7615],[100.5625,13.7605],[100.562,13.761],[100.561,13.757],[100.561,13.7585],[100.56,13.759],[100.5575,13.7575],[100.558,13.756],[100.56,13.755],[100.559,13.754],[100.556,13.755],[100.555,13.7545],[100.559,13.7535],[100.559,13.753],[100.556,13.7535],[100.556,13.7525],[100.5585,13.7515],[100.5545,13.752],[100.5525,13.75],[100.554,13.7485],[100.5495,13.7485],[100.549,13.749],[100.5505,13.75],[100.5495,13.75],[100.549,13.7515],[100.5485,13.75],[100.547,13.75],[100.5485,13.752],[100.548,13.7525],[100.55,13.7515],[100.551,13.7535],[100.5495,13.754],[100.55,13.7555],[100.548,13.7565],[100.545,13.756],[100.546,13.7575],[100.548,13.757],[100.549,13.7585],[100.5485,13.759],[100.548,13.7585],[100.547,13.762],[100.5455,13.762],[100.545,13.765],[100.5435,13.7675],[100.5465,13.7695],[100.5465,13.7705],[100.547,13.77],[100.5485,13.771],[100.547,13.774],[100.548,13.7735],[100.5485,13.774],[100.5475,13.7745],[100.549,13.775],[100.549,13.776],[100.547,13.777],[100.549,13.778],[100.5495,13.779],[100.5485,13.7795],[100.549,13.7805],[100.5495,13.78],[100.5515,13.781],[100.5505,13.7815],[100.5515,13.782],[100.551,13.783],[100.5535,13.7835],[100.553,13.7845],[100.5545,13.786],[100.553,13.7865],[100.553,13.7875],[100.5545,13.788],[100.5545,13.789],[100.553,13.79],[100.552,13.7895],[100.5515,13.7905],[100.553,13.794],[100.5525,13.7955],[100.5535,13.796],[100.555,13.7945],[100.555,13.7955],[100.5565,13.796],[100.555,13.799],[100.5555,13.8],[100.556,13.7995],[100.557,13.8],[100.5565,13.802],[100.557,13.801],[100.5595,13.802],[100.5585,13.804],[100.5595,13.804],[100.56,13.803],[100.5605,13.8035],[100.5615,13.808],[100.562,13.806],[100.563,13.806],[100.564,13.808],[100.565,13.8075],[100.5665,13.808],[100.5675,13.805],[100.567,13.804],[100.569,13.802]]],[[[100.5685,13.7615],[100.5695,13.762],[100.57,13.7655],[100.571,13.763],[100.57,13.7625],[100.5705,13.762],[100.5695,13.761],[100.5705,13.76],[100.5715,13.761],[100.5725,13.7575],[100.5715,13.7575],[100.571,13.7565],[100.5705,13.7585],[100.568,13.7585],[100.5695,13.7595],[100.5685,13.76],[100.569,13.761],[100.5685,13.7615]]],[[[100.569,13.7565],[100.569,13.757],[100.5695,13.7565],[100.569,13.7565]]],[[[100.5685,13.7545],[100.569,13.754],[100.569,13.7535],[100.5685,13.7535],[100.5685,13.7545]]],[[[100.57,13.737],[100.5715,13.7365],[100.571,13.736],[100.5715,13.7355],[100.5695,13.7365],[100.569,13.734],[100.5695,13.7355],[100.5685,13.736],[100.5695,13.7365],[100.5685,13.737],[100.57,13.737]]],[[[100.57,13.7335],[100.57,13.734],[100.5705,13.734],[100.5705,13.7335],[100.57,13.7335]]],[[[100.57,13.7325],[100.5695,13.732],[100.57,13.7325]]],[[[100.569,13.7315],[100.5695,13.7315],[100.569,13.7315]]],[[[100.5695,13.728],[100.57,13.728],[100.5695,13.728]]],[[[100.5695,13.728],[100.569,13.726],[100.568,13.726],[100.569,13.7265],[100.5685,13.7275],[100.5695,13.728]]],[[[100.5515,13.807],[100.5515,13.8075],[100.5515,13.807]]],[[[100.553,13.803],[100.553,13.804],[100.5535,13.804],[100.553,13.803]]],[[[100.5525,13.7875],[100.5525,13.787],[100.5515,13.786],[100.552,13.787],[100.5525,13.787],[100.5525,13.7875]]],[[[100.5525,13.7455]]],[[[100.552,13.744],[100.5525,13.744],[100.552,13.7435],[100.552,13.744]]],[[[100.5515,13.7355],[100.553,13.7335],[100.5555,13.7355],[100.5555,13.734],[100.5545,13.733],[100.5565,13.731],[100.557,13.7315],[100.5555,13.7285],[100.5545,13.7285],[100.5545,13.7295],[100.5535,13.7295],[100.5525,13.731],[100.552,13.728],[100.5505,13.7285],[100.5505,13.73],[100.5485,13.7295],[100.548,13.732],[100.549,13.7325],[100.548,13.7335],[100.546,13.733],[100.547,13.734],[100.5465,13.7345],[100.5465,13.7355],[100.5475,13.736],[100.547,13.7365],[100.548,13.7365],[100.5485,13.7375],[100.548,13.738],[100.5485,13.735],[100.551,13.737],[100.5515,13.7355]]],[[[100.552,13.7255],[100.5525,13.725],[100.5515,13.725],[100.552,13.7255]]],[[[100.5525,13.724],[100.5525,13.7235],[100.5525,13.724]]],[[[100.552,13.719],[100.5525,13.719],[100.5525,13.7185],[100.552,13.719]]],[[[100.544,13.7885],[100.5445,13.788],[100.5455,13.788],[100.544,13.788],[100.544,13.7885]]],[[[100.545,13.787],[100.5445,13.787],[100.545,13.787]]],[[[100.544,13.7855],[100.544,13.786],[100.545,13.786],[100.544,13.7855]]],[[[100.5445,13.7825],[100.545,13.783],[100.545,13.782],[100.5445,13.7825]]],[[[100.5445,13.7725],[100.5445,13.773],[100.5455,13.772],[100.545,13.772],[100.5445,13.7725]]],[[[100.544,13.7555],[100.5445,13.755],[100.5435,13.7555],[100.544,13.7555]]],[[[100.545,13.755]]],[[[100.544,13.75],[100.5445,13.7515],[100.544,13.75]]],[[[100.545,13.746],[100.5445,13.7455],[100.5445,13.746],[100.545,13.746]]],[[[100.545,13.745]]],[[[100.5445,13.7445]]],[[[100.544,13.742],[100.544,13.7425],[100.5445,13.7425],[100.544,13.742]]],[[[100.5445,13.7405],[100.5445,13.74],[100.5445,13.7405]]],[[[100.545,13.7355],[100.546,13.736],[100.5445,13.7335],[100.543,13.7345],[100.543,13.7355],[100.544,13.7345],[100.545,13.7355]]],[[[100.544,13.7315],[100.544,13.732],[100.5445,13.731],[100.544,13.7315]]],[[[100.5435,13.7295],[100.5445,13.729],[100.544,13.728],[100.543,13.729],[100.5435,13.7295]]],[[[100.545,13.725],[100.546,13.725],[100.546,13.7245],[100.545,13.7245],[100.545,13.725]]],[[[100.541,13.7845],[100.541,13.785],[100.541,13.7845]]],[[[100.5405,13.7815],[100.5415,13.782],[100.5405,13.7815]]],[[[100.542,13.7815],[100.5415,13.781],[100.542,13.7815]]],[[[100.5405,13.779],[100.5415,13.78],[100.542,13.7805],[100.5425,13.7805],[100.541,13.779],[100.5405,13.779]]],[[[100.5405,13.775],[100.5415,13.775],[100.541,13.7745],[100.5405,13.775]]],[[[100.5415,13.774],[100.5415,13.7735],[100.5415,13.774]]],[[[100.5415,13.769],[100.5415,13.7685],[100.541,13.7685],[100.5415,13.769]]],[[[100.541,13.7685]]],[[[100.5415,13.7645],[100.5415,13.765],[100.542,13.765],[100.5415,13.7645]]],[[[100.5415,13.76],[100.542,13.7595],[100.5415,13.7595],[100.5415,13.76]]],[[[100.5415,13.757],[100.541,13.757],[100.5415,13.7575],[100.5415,13.757]]],[[[100.5415,13.7535],[100.5405,13.7535],[100.5415,13.7535]]],[[[100.541,13.752],[100.5405,13.7515],[100.54,13.7515],[100.5405,13.752],[100.541,13.752]]],[[[100.5415,13.743],[100.5415,13.744],[100.5415,13.743]]],[[[100.542,13.7415],[100.5405,13.742],[100.542,13.7415]]],[[[100.5415,13.7405]]],[[[100.541,13.7375],[100.541,13.737],[100.541,13.7375]]],[[[100.5415,13.7365]]],[[[100.5405,13.732],[100.541,13.733],[100.541,13.732],[100.539,13.731],[100.5405,13.732]]],[[[100.5405,13.7305],[100.541,13.7305],[100.5405,13.7305]]],[[[100.541,13.728],[100.5415,13.728],[100.541,13.728]]],[[[100.5395,13.7755]]],[[[100.54,13.771],[100.5405,13.772],[100.541,13.771],[100.54,13.771]]],[[[100.5405,13.77]]],[[[100.54,13.767]]],[[[100.54,13.7635]]],[[[100.5395,13.7625]]],[[[100.5405,13.7625]]],[[[100.54,13.7615],[100.5395,13.7615],[100.54,13.7615]]],[[[100.5395,13.7565],[100.5395,13.756],[100.539,13.756],[100.5395,13.7565]]],[[[100.54,13.7515]]],[[[100.538,13.767],[100.538,13.7675],[100.538,13.767]]],[[[100.538,13.7645],[100.5385,13.765],[100.538,13.7645]]],[[[100.538,13.7635],[100.538,13.763],[100.538,13.7635]]],[[[100.5385,13.7625],[100.5385,13.763],[100.5385,13.762],[100.5385,13.7625]]],[[[100.5385,13.761]]],[[[100.538,13.7615]]],[[[100.5395,13.753]]],[[[100.539,13.7785]]],[[[100.539,13.7275],[100.5385,13.7275],[100.539,13.7275]]],[[[100.54,13.738],[100.54,13.7385],[100.5405,13.7385],[100.54,13.738]]],[[[100.5395,13.737],[100.54,13.737],[100.5395,13.737]]],[[[100.5395,13.735],[100.5395,13.7355],[100.5395,13.735]]],[[[100.539,13.7335],[100.5405,13.7335],[100.539,13.733],[100.539,13.732],[100.539,13.7335]]],[[[100.54,13.7295],[100.54,13.7305],[100.5405,13.7295],[100.54,13.7295]]],[[[100.5385,13.744],[100.539,13.7435],[100.5385,13.7435],[100.5385,13.744]]],[[[100.5395,13.7415],[100.5395,13.742],[100.5395,13.7415]]],[[[100.54,13.782]]],[[[100.54,13.778]]],[[[100.5405,13.7765],[100.54,13.7765],[100.54,13.777],[100.5405,13.7765]]],[[[100.5405,13.774],[100.54,13.7745],[100.5405,13.774]]],[[[100.5405,13.741],[100.5405,13.7405],[100.54,13.7405],[100.5405,13.741]]],[[[100.5405,13.772],[100.5405,13.7725],[100.5405,13.772]]],[[[100.541,13.7685]]],[[[100.541,13.7755],[100.541,13.776],[100.541,13.7755]]],[[[100.5435,13.789],[100.543,13.7895],[100.543,13.7905],[100.5435,13.79],[100.5435,13.789]]],[[[100.543,13.786],[100.5435,13.786],[100.5435,13.7855],[100.5435,13.786],[100.543,13.786]]],[[[100.5435,13.7845],[100.543,13.7845],[100.5435,13.7845]]],[[[100.543,13.781],[100.543,13.7815],[100.543,13.781]]],[[[100.543,13.7765],[100.5425,13.7765],[100.543,13.7765]]],[[[100.5425,13.772],[100.5435,13.7745],[100.544,13.774],[100.5425,13.7715],[100.5425,13.772]]],[[[100.543,13.77],[100.5435,13.77],[100.543,13.77]]],[[[100.543,13.767],[100.543,13.7675],[100.543,13.767]]],[[[100.543,13.758]]],[[[100.5425,13.754],[100.543,13.7545],[100.543,13.754],[100.5425,13.754]]],[[[100.5425,13.7505],[100.543,13.75],[100.5415,13.7505],[100.5425,13.7505]]],[[[100.543,13.748]]],[[[100.543,13.747],[100.544,13.746],[100.543,13.746],[100.5425,13.7445],[100.542,13.745],[100.543,13.747]]],[[[100.543,13.742],[100.5425,13.743],[100.543,13.7425],[100.543,13.742]]],[[[100.543,13.7365],[100.5435,13.738],[100.544,13.7375],[100.5435,13.736],[100.543,13.7365]]],[[[100.543,13.7335],[100.5435,13.7335],[100.544,13.7335],[100.5435,13.733],[100.543,13.7335]]],[[[100.542,13.732],[100.5425,13.733],[100.5425,13.732],[100.542,13.732]]],[[[100.5425,13.731],[100.543,13.7305],[100.5425,13.731]]],[[[100.5425,13.725],[100.5425,13.7245],[100.5425,13.725]]],[[[100.542,13.789]]],[[[100.542,13.7875],[100.5425,13.7875],[100.542,13.7875]]],[[[100.5425,13.785]]],[[[100.5425,13.784],[100.5425,13.7835],[100.5425,13.784]]],[[[100.5425,13.782],[100.5425,13.7825],[100.5425,13.782]]],[[[100.5425,13.7335],[100.5415,13.7335],[100.5425,13.7335]]],[[[100.542,13.73]]],[[[100.542,13.729],[100.5425,13.7295],[100.542,13.729]]],[[[100.5415,13.7405],[100.542,13.741],[100.542,13.7405],[100.5415,13.7405]]],[[[100.5425,13.775],[100.5425,13.7755],[100.5425,13.775]]],[[[100.542,13.7705]]],[[[100.5425,13.7695]]],[[[100.542,13.7585]]],[[[100.544,13.725],[100.544,13.7255],[100.544,13.725]]],[[[100.544,13.724]]],[[[100.543,13.7315]]],[[[100.5435,13.7405]]],[[[100.544,13.7715],[100.5445,13.7715],[100.544,13.7715]]],[[[100.5435,13.762],[100.5435,13.7625],[100.5435,13.762]]],[[[100.541,13.799],[100.5415,13.7995],[100.541,13.799]]],[[[100.5385,13.7995],[100.539,13.801],[100.5395,13.801],[100.5385,13.7995]]],[[[100.54,13.8],[100.5395,13.8],[100.54,13.8]]],[[[100.5405,13.81],[100.54,13.808],[100.5395,13.8085],[100.54,13.8105],[100.5405,13.81]]],[[[100.54,13.8065]]],[[[100.54,13.8015],[100.54,13.802],[100.5405,13.8015],[100.54,13.8015]]],[[[100.5485,13.754],[100.5475,13.755],[100.549,13.755],[100.5485,13.754]]],[[[100.5485,13.746],[100.5485,13.7465],[100.549,13.7465],[100.5485,13.746]]],[[[100.548,13.742],[100.5475,13.742],[100.548,13.742]]],[[[100.548,13.739],[100.5485,13.7395],[100.5485,13.739],[100.548,13.739]]],[[[100.5485,13.728],[100.549,13.728],[100.549,13.7275],[100.5485,13.728]]],[[[100.5475,13.726],[100.548,13.7255],[100.5465,13.7265],[100.5475,13.726]]],[[[100.548,13.7205],[100.549,13.722],[100.549,13.7205],[100.5485,13.721],[100.548,13.7205]]],[[[100.546,13.759],[100.5465,13.759],[100.546,13.759]]],[[[100.5455,13.7585],[100.546,13.758],[100.5455,13.758],[100.5455,13.7585]]],[[[100.546,13.755],[100.5455,13.755],[100.546,13.755]]],[[[100.5465,13.7505],[100.546,13.75],[100.546,13.7505],[100.5465,13.7505]]],[[[100.5465,13.749],[100.548,13.749],[100.547,13.747],[100.5465,13.749]]],[[[100.5455,13.7465]]],[[[100.546,13.7455],[100.547,13.7455],[100.5475,13.745],[100.546,13.745],[100.546,13.7455]]],[[[100.5465,13.741],[100.5465,13.7415],[100.5465,13.741]]],[[[100.5465,13.74],[100.5465,13.739],[100.5455,13.7385],[100.546,13.7375],[100.545,13.738],[100.545,13.74],[100.5465,13.74]]],[[[100.5465,13.7295],[100.5465,13.729],[100.5465,13.7295]]],[[[100.5475,13.728],[100.546,13.7285],[100.5475,13.728]]],[[[100.546,13.727],[100.5465,13.7275],[100.5465,13.7265],[100.546,13.727]]],[[[100.5465,13.724],[100.5465,13.7245],[100.547,13.7235],[100.5465,13.724]]],[[[100.545,13.733]]],[[[100.5455,13.7405]]],[[[100.545,13.737]]],[[[100.5455,13.7535]]],[[[100.5455,13.746]]],[[[100.5455,13.7605],[100.5455,13.761],[100.5455,13.7605]]],[[[100.545,13.759]]],[[[100.547,13.753],[100.5475,13.753],[100.5475,13.7525],[100.547,13.753]]],[[[100.5465,13.76],[100.5465,13.7595],[100.5465,13.76]]],[[[100.547,13.722],[100.5475,13.7225],[100.5475,13.722],[100.547,13.722]]],[[[100.5475,13.7215],[100.5475,13.721],[100.5475,13.7215]]],[[[100.5475,13.729],[100.5475,13.7295],[100.5475,13.729]]],[[[100.55,13.728],[100.55,13.7285],[100.55,13.728]]],[[[100.55,13.727]]],[[[100.5495,13.72]]],[[[100.5495,13.7195],[100.55,13.7195],[100.55,13.719],[100.5495,13.7195]]],[[[100.5495,13.7255],[100.549,13.725],[100.549,13.7255],[100.5495,13.7255]]],[[[100.5495,13.7235]]],[[[100.549,13.7225]]],[[[100.551,13.721],[100.551,13.7205],[100.551,13.721]]],[[[100.551,13.7205]]],[[[100.551,13.7195],[100.551,13.72],[100.551,13.7195]]],[[[100.551,13.719]]],[[[100.5505,13.719],[100.5505,13.7185],[100.5505,13.719]]],[[[100.5505,13.7255],[100.551,13.7255],[100.5505,13.7255]]],[[[100.551,13.748],[100.5505,13.7465],[100.5505,13.7475],[100.551,13.748]]],[[[100.551,13.7455],[100.551,13.745],[100.551,13.7445],[100.551,13.7455]]],[[[100.55,13.7435],[100.55,13.744],[100.55,13.7445],[100.55,13.7435]]],[[[100.5505,13.737]]],[[[100.55,13.747],[100.549,13.748],[100.55,13.748],[100.55,13.747]]],[[[100.55,13.7455],[100.55,13.746],[100.55,13.7455]]],[[[100.55,13.7465]]],[[[100.5475,13.799],[100.548,13.7995],[100.548,13.799],[100.5475,13.799]]],[[[100.5475,13.7855],[100.548,13.7855],[100.548,13.785],[100.5475,13.7855]]],[[[100.5485,13.7845],[100.548,13.7845],[100.5485,13.7845]]],[[[100.548,13.783],[100.548,13.7835],[100.5485,13.7835],[100.548,13.783]]],[[[100.5485,13.7815],[100.5485,13.7825],[100.549,13.782],[100.5485,13.7815]]],[[[100.5465,13.7945],[100.547,13.7945],[100.5465,13.7935],[100.5465,13.7945]]],[[[100.5465,13.793]]],[[[100.5465,13.7875]]],[[[100.5455,13.787],[100.5465,13.7865],[100.5455,13.7865],[100.5455,13.787]]],[[[100.5465,13.783]]],[[[100.546,13.781]]],[[[100.545,13.78],[100.5455,13.78],[100.545,13.78]]],[[[100.5455,13.7895],[100.5455,13.79],[100.5455,13.7895]]],[[[100.547,13.7765],[100.5465,13.7765],[100.547,13.7765]]],[[[100.547,13.801]]],[[[100.547,13.8]]],[[[100.5475,13.7825]]],[[[100.5475,13.778]]],[[[100.55,13.806]]],[[[100.5495,13.8045],[100.55,13.8045],[100.5495,13.804],[100.5495,13.8045]]],[[[100.5505,13.8015],[100.55,13.8025],[100.551,13.8025],[100.5505,13.8015]]],[[[100.551,13.795],[100.551,13.796],[100.551,13.795]]],[[[100.55,13.793],[100.5505,13.792],[100.5505,13.793],[100.5495,13.7925],[100.55,13.793]]],[[[100.5505,13.787]]],[[[100.5495,13.802],[100.549,13.802],[100.5495,13.802]]],[[[100.5495,13.7915],[100.549,13.791],[100.5495,13.7915]]],[[[100.5495,13.79],[100.55,13.79],[100.5495,13.79]]],[[[100.5495,13.783]]],[[[100.5495,13.7835],[100.549,13.7835],[100.5495,13.7835]]],[[[100.549,13.7835]]],[[[100.549,13.7955],[100.5485,13.7965],[100.5495,13.7965],[100.549,13.7955]]],[[[100.549,13.793],[100.549,13.7935],[100.549,13.793]]],[[[100.551,13.8045],[100.5505,13.8045],[100.5505,13.805],[100.551,13.8045]]],[[[100.551,13.804],[100.551,13.8035],[100.5505,13.8035],[100.551,13.804]]],[[[100.551,13.8075]]],[[[100.5515,13.806],[100.5515,13.8065],[100.5515,13.806]]],[[[100.56,13.8215],[100.5645,13.822],[100.564,13.8205],[100.562,13.821],[100.561,13.82],[100.559,13.822],[100.56,13.8215]]],[[[100.56,13.8165],[100.561,13.8175],[100.5605,13.817],[100.56,13.8165]]],[[[100.561,13.8165],[100.5615,13.8175],[100.561,13.8155],[100.56,13.816],[100.561,13.8165]]],[[[100.5605,13.8085],[100.5605,13.809],[100.5605,13.8095],[100.561,13.8095],[100.561,13.8085],[100.5605,13.8085]]],[[[100.561,13.8065],[100.5605,13.8075],[100.561,13.8075],[100.561,13.8065]]],[[[100.557,13.81],[100.557,13.8105],[100.5575,13.81],[100.557,13.81]]],[[[100.557,13.805],[100.5585,13.805],[100.559,13.8075],[100.5585,13.807],[100.56,13.8055],[100.5585,13.8055],[100.558,13.804],[100.557,13.805]]],[[[100.5565,13.803],[100.557,13.8035],[100.558,13.8035],[100.558,13.803],[100.5565,13.803]]],[[[100.5545,13.8065],[100.555,13.8065],[100.5545,13.8065]]],[[[100.554,13.801],[100.5555,13.8035],[100.555,13.8005],[100.554,13.801]]],[[[100.5535,13.799],[100.553,13.799],[100.5535,13.799]]],[[[100.554,13.8055],[100.554,13.806],[100.554,13.8055]]],[[[100.556,13.8105],[100.5555,13.8105],[100.556,13.8105]]],[[[100.5555,13.808],[100.556,13.8085],[100.5565,13.809],[100.556,13.808],[100.5555,13.808]]],[[[100.556,13.805],[100.5565,13.805],[100.556,13.805]]],[[[100.5575,13.819],[100.558,13.819],[100.5575,13.819]]],[[[100.558,13.817],[100.557,13.8175],[100.5575,13.8175],[100.558,13.817]]],[[[100.5565,13.816],[100.557,13.816],[100.5565,13.816]]],[[[100.5585,13.814]]],[[[100.558,13.813],[100.5585,13.813],[100.558,13.8125],[100.558,13.813]]],[[[100.559,13.8085],[100.559,13.808],[100.559,13.8085]]],[[[100.558,13.8085],[100.5575,13.8085],[100.558,13.8085]]],[[[100.558,13.8155],[100.558,13.816],[100.558,13.8155]]],[[[100.56,13.8195],[100.5595,13.8195],[100.5595,13.8205],[100.56,13.82],[100.5595,13.82],[100.56,13.8195]]],[[[100.56,13.818],[100.5595,13.8185],[100.56,13.818]]],[[[100.5605,13.813]]],[[[100.5655,13.8235],[100.565,13.824],[100.566,13.824],[100.5655,13.8235]]],[[[100.565,13.821],[100.567,13.8215],[100.5675,13.821],[100.566,13.8195],[100.5645,13.8205],[100.565,13.821]]],[[[100.566,13.81]]],[[[100.565,13.8085],[100.566,13.8085],[100.565,13.8085]]],[[[100.5635,13.818],[100.5645,13.818],[100.5645,13.8175],[100.564,13.818],[100.5635,13.818]]],[[[100.5625,13.811],[100.563,13.811],[100.5635,13.811],[100.5625,13.811]]],[[[100.5615,13.809],[100.564,13.8085],[100.5625,13.808],[100.5615,13.809]]],[[[100.562,13.8155]]],[[[100.5615,13.814],[100.562,13.814],[100.562,13.813],[100.562,13.8135],[100.5615,13.814]]],[[[100.5615,13.812],[100.5615,13.8125],[100.562,13.812],[100.5615,13.812]]],[[[100.5615,13.8115]]],[[[100.5615,13.811]]],[[[100.5615,13.8195],[100.5625,13.8195],[100.5615,13.8195]]],[[[100.5635,13.8195],[100.563,13.8195],[100.5635,13.8195]]],[[[100.5625,13.8185],[100.562,13.819],[100.563,13.819],[100.5625,13.8185]]],[[[100.5625,13.817]]],[[[100.563,13.8145]]],[[[100.563,13.814]]],[[[100.5625,13.8115],[100.5625,13.812],[100.563,13.8115],[100.5625,13.8115]]],[[[100.563,13.8125]]],[[[100.562,13.8245]]],[[[100.5615,13.8235]]],[[[100.563,13.823],[100.563,13.8225],[100.563,13.823]]],[[[100.5645,13.8155],[100.565,13.816],[100.565,13.8145],[100.5645,13.8155]]],[[[100.565,13.813],[100.5645,13.813],[100.565,13.813]]],[[[100.5645,13.8115],[100.5655,13.812],[100.5655,13.811],[100.5645,13.8115]]],[[[100.565,13.8095],[100.5645,13.8095],[100.565,13.8095]]],[[[100.5655,13.814]]],[[[100.5645,13.8305]]],[[[100.5645,13.8295]]],[[[100.568,13.8315],[100.568,13.831],[100.568,13.8315]]],[[[100.568,13.826],[100.5685,13.826],[100.568,13.826]]],[[[100.5675,13.8235],[100.567,13.8235],[100.5675,13.8235]]],[[[100.566,13.8225],[100.567,13.8225],[100.567,13.822],[100.566,13.8225]]],[[[100.5685,13.823]]],[[[100.569,13.82]]],[[[100.5685,13.8295],[100.569,13.8295],[100.5685,13.8295]]],[[[100.5685,13.8285]]],[[[100.568,13.8275]]],[[[100.5685,13.834],[100.568,13.834],[100.5685,13.834]]],[[[100.5685,13.8325],[100.5685,13.8335],[100.569,13.8335],[100.569,13.833],[100.5685,13.8325]]],[[[100.5625,13.752],[100.5595,13.7525],[100.5595,13.753],[100.5625,13.752]]],[[[100.5595,13.7515]]],[[[100.561,13.75],[100.5615,13.75],[100.561,13.75]]],[[[100.5595,13.75],[100.56,13.75],[100.5595,13.75]]],[[[100.558,13.748],[100.561,13.7475],[100.5615,13.746],[100.5595,13.7445],[100.56,13.7435],[100.559,13.743],[100.5595,13.745],[100.558,13.748]]],[[[100.561,13.7445],[100.562,13.745],[100.561,13.7435],[100.561,13.7445]]],[[[100.561,13.7425],[100.561,13.7415],[100.5605,13.742],[100.561,13.7425]]],[[[100.5615,13.741]]],[[[100.5605,13.7405],[100.5615,13.74],[100.5615,13.7395],[100.561,13.74],[100.5605,13.7405]]],[[[100.5615,13.7345]]],[[[100.5615,13.734]]],[[[100.5615,13.7335]]],[[[100.5615,13.7325],[100.5625,13.7325],[100.5625,13.731],[100.5615,13.7325]]],[[[100.5605,13.7275],[100.561,13.726],[100.561,13.7255],[100.5605,13.7275]]],[[[100.562,13.7235],[100.561,13.7235],[100.562,13.7235]]],[[[100.561,13.7225]]],[[[100.561,13.7205],[100.5605,13.721],[100.561,13.721],[100.561,13.7205]]],[[[100.5575,13.716],[100.558,13.7165],[100.558,13.715],[100.5575,13.716]]],[[[100.5545,13.726],[100.5545,13.727],[100.5545,13.726]]],[[[100.5535,13.723],[100.553,13.725],[100.554,13.725],[100.5535,13.724],[100.555,13.7235],[100.555,13.7225],[100.5535,13.723]]],[[[100.554,13.7215]]],[[[100.554,13.72]]],[[[100.554,13.717],[100.555,13.7175],[100.5555,13.7165],[100.555,13.716],[100.555,13.717],[100.554,13.717]]],[[[100.5535,13.7215]]],[[[100.556,13.719]]],[[[100.555,13.7215],[100.555,13.721],[100.555,13.7215]]],[[[100.5555,13.718],[100.555,13.718],[100.5555,13.718]]],[[[100.555,13.72]]],[[[100.556,13.716]]],[[[100.5555,13.726],[100.556,13.7275],[100.557,13.727],[100.5555,13.726]]],[[[100.556,13.724],[100.556,13.7235],[100.556,13.724]]],[[[100.556,13.7445]]],[[[100.557,13.738],[100.557,13.7385],[100.557,13.738]]],[[[100.5565,13.7375]]],[[[100.5545,13.745],[100.5545,13.7455],[100.5545,13.745]]],[[[100.5545,13.742]]],[[[100.5545,13.7385],[100.5555,13.738],[100.5555,13.7365],[100.5535,13.7375],[100.5545,13.7385]]],[[[100.5535,13.7385]]],[[[100.5535,13.741],[100.554,13.741],[100.5535,13.741]]],[[[100.5555,13.7515],[100.556,13.7515],[100.5555,13.7515]]],[[[100.555,13.747],[100.5555,13.747],[100.5545,13.747],[100.555,13.747]]],[[[100.556,13.7425],[100.5555,13.7425],[100.556,13.7425]]],[[[100.5555,13.742]]],[[[100.5585,13.7445],[100.5585,13.745],[100.5585,13.7455],[100.5585,13.7445]]],[[[100.5585,13.744],[100.558,13.7435],[100.558,13.744],[100.5585,13.744]]],[[[100.558,13.7425],[100.5585,13.743],[100.558,13.7425]]],[[[100.558,13.74],[100.558,13.741],[100.558,13.7415],[100.558,13.7405],[100.558,13.74]]],[[[100.559,13.739],[100.559,13.7395],[100.559,13.739]]],[[[100.5585,13.7375],[100.559,13.737],[100.5595,13.737],[100.559,13.737],[100.5585,13.7375]]],[[[100.558,13.7325],[100.559,13.7325],[100.5595,13.727],[100.5585,13.727],[100.558,13.7325]]],[[[100.558,13.725],[100.5595,13.725],[100.5595,13.7235],[100.558,13.7235],[100.558,13.725]]],[[[100.559,13.7165],[100.5595,13.716],[100.5585,13.716],[100.559,13.7165]]],[[[100.5585,13.7225]]],[[[100.557,13.744],[100.557,13.7445],[100.5575,13.7445],[100.557,13.744]]],[[[100.557,13.743],[100.5575,13.7435],[100.5575,13.743],[100.557,13.743]]],[[[100.557,13.7425],[100.5575,13.7425],[100.5575,13.742],[100.557,13.7425]]],[[[100.5575,13.736]]],[[[100.557,13.7455]]],[[[100.5595,13.7415],[100.559,13.7415],[100.559,13.742],[100.5595,13.7415]]],[[[100.5595,13.7405],[100.559,13.7405],[100.5595,13.7405]]],[[[100.5605,13.7325],[100.5605,13.732],[100.5605,13.7325]]],[[[100.5605,13.731],[100.5605,13.7315],[100.5605,13.731]]],[[[100.559,13.749],[100.5595,13.749],[100.559,13.749]]],[[[100.565,13.736],[100.5655,13.7365],[100.5645,13.7355],[100.565,13.736]]],[[[100.566,13.731],[100.5655,13.731],[100.566,13.731]]],[[[100.5665,13.7285],[100.5655,13.729],[100.567,13.7285],[100.5655,13.727],[100.5655,13.728],[100.5665,13.7285]]],[[[100.5655,13.7215],[100.565,13.722],[100.565,13.7225],[100.5655,13.7215]]],[[[100.565,13.719],[100.566,13.719],[100.566,13.7185],[100.565,13.719]]],[[[100.5635,13.7605],[100.5635,13.7615],[100.564,13.7615],[100.5635,13.7605]]],[[[100.5625,13.7535],[100.564,13.753],[100.561,13.754],[100.5625,13.7535]]],[[[100.5635,13.752],[100.5635,13.7525],[100.5635,13.752]]],[[[100.5635,13.747],[100.5635,13.7475],[100.564,13.7475],[100.5635,13.747]]],[[[100.5635,13.7455],[100.563,13.7455],[100.5635,13.7455]]],[[[100.563,13.744],[100.564,13.7445],[100.5635,13.744],[100.563,13.744]]],[[[100.5635,13.743],[100.5625,13.7405],[100.5625,13.7425],[100.5635,13.743]]],[[[100.5635,13.739],[100.5635,13.7385],[100.5635,13.739]]],[[[100.5635,13.738],[100.563,13.737],[100.5635,13.738]]],[[[100.563,13.7355]]],[[[100.563,13.734],[100.563,13.7335],[100.563,13.734]]],[[[100.5635,13.733],[100.563,13.733],[100.563,13.7335],[100.5635,13.733]]],[[[100.5635,13.7315],[100.5635,13.732],[100.5635,13.7315]]],[[[100.5635,13.7295]]],[[[100.5625,13.73],[100.5635,13.7285],[100.562,13.728],[100.5615,13.7295],[100.562,13.7285],[100.5625,13.73]]],[[[100.5635,13.7275],[100.5635,13.728],[100.5635,13.7275]]],[[[100.5635,13.723]]],[[[100.5635,13.7225]]],[[[100.563,13.7225]]],[[[100.563,13.7215],[100.5635,13.7215],[100.563,13.7215]]],[[[100.5625,13.751]]],[[[100.563,13.751]]],[[[100.5625,13.7495],[100.5625,13.75],[100.5625,13.7495]]],[[[100.562,13.7475]]],[[[100.5625,13.7375]]],[[[100.5625,13.7365],[100.562,13.7365],[100.5625,13.7365]]],[[[100.562,13.7345],[100.562,13.735],[100.562,13.7345]]],[[[100.5615,13.7355],[100.562,13.7355],[100.5615,13.7355]]],[[[100.5625,13.755],[100.5625,13.7545],[100.562,13.7545],[100.562,13.755],[100.5625,13.755]]],[[[100.562,13.728],[100.5625,13.7275],[100.5615,13.7265],[100.562,13.728]]],[[[100.5615,13.7195],[100.5615,13.72],[100.5615,13.7195]]],[[[100.5645,13.7385]]],[[[100.5645,13.7375],[100.5645,13.738],[100.565,13.738],[100.5645,13.7375]]],[[[100.5645,13.7335]]],[[[100.5645,13.7315],[100.5645,13.732],[100.5645,13.7325],[100.565,13.7325],[100.5645,13.7315]]],[[[100.5645,13.73]]],[[[100.5645,13.725],[100.5645,13.7255],[100.5645,13.725]]],[[[100.564,13.721]]],[[[100.565,13.7205]]],[[[100.5645,13.7265]]],[[[100.564,13.7555]]],[[[100.5675,13.7375],[100.5675,13.737],[100.5675,13.7375]]],[[[100.567,13.736],[100.5675,13.7365],[100.5675,13.736],[100.567,13.736]]],[[[100.5665,13.7345],[100.567,13.7355],[100.567,13.7345],[100.5665,13.7345]]],[[[100.5675,13.73],[100.567,13.7305],[100.5675,13.7305],[100.5675,13.73]]],[[[100.568,13.729]]],[[[100.5675,13.727],[100.567,13.7275],[100.5675,13.728],[100.568,13.7275],[100.5675,13.727]]],[[[100.5685,13.725],[100.5675,13.725],[100.568,13.7255],[100.5685,13.725]]],[[[100.5685,13.7245]]],[[[100.568,13.724],[100.5685,13.724],[100.5675,13.724],[100.568,13.724]]],[[[100.566,13.7265],[100.5665,13.7265],[100.5665,13.726],[100.566,13.7265]]],[[[100.566,13.7245]]],[[[100.566,13.723],[100.5655,13.723],[100.566,13.723]]],[[[100.566,13.7355],[100.566,13.735],[100.566,13.7355]]],[[[100.566,13.732],[100.566,13.7325],[100.567,13.7315],[100.566,13.732]]],[[[100.566,13.731]]],[[[100.5675,13.723]]],[[[100.5675,13.726],[100.5675,13.7265],[100.5675,13.726]]],[[[100.5685,13.735],[100.568,13.735],[100.5685,13.735]]],[[[100.569,13.7325],[100.569,13.733],[100.569,13.7325]]],[[[100.5685,13.73],[100.569,13.7305],[100.569,13.73],[100.5685,13.73]]],[[[100.5685,13.7255],[100.569,13.7255],[100.5685,13.7255]]],[[[100.5675,13.767],[100.568,13.768],[100.568,13.7665],[100.5675,13.767]]],[[[100.5665,13.759],[100.566,13.758],[100.566,13.7595],[100.5665,13.759]]],[[[100.566,13.754],[100.566,13.7535],[100.566,13.754]]],[[[100.568,13.766],[100.568,13.7655],[100.568,13.766]]],[[[100.568,13.761]]],[[[100.5685,13.7555],[100.568,13.7555],[100.5685,13.7555]]],[[[100.5695,13.8925],[100.57,13.8925],[100.5695,13.8925]]],[[[100.57,13.8875],[100.571,13.888],[100.571,13.887],[100.57,13.8875]]],[[[100.5705,13.886],[100.57,13.887],[100.5705,13.886]]],[[[100.546,13.9175],[100.546,13.918],[100.546,13.9185],[100.546,13.9175]]],[[[100.546,13.914],[100.5465,13.915],[100.548,13.9145],[100.5465,13.911],[100.545,13.9115],[100.546,13.914]]],[[[100.5455,13.9],[100.5455,13.9005],[100.5455,13.9]]],[[[100.545,13.8995],[100.5455,13.899],[100.545,13.899],[100.545,13.8995]]],[[[100.545,13.8965],[100.545,13.8975],[100.5455,13.8975],[100.545,13.8965]]],[[[100.546,13.896]]],[[[100.5455,13.8955]]],[[[100.545,13.894]]],[[[100.54,13.9085],[100.5415,13.909],[100.541,13.9075],[100.54,13.9075],[100.541,13.908],[100.54,13.9085]]],[[[100.541,13.907],[100.5425,13.9075],[100.542,13.9085],[100.543,13.91],[100.5425,13.911],[100.5435,13.9105],[100.5435,13.904],[100.5405,13.9035],[100.5405,13.9045],[100.5425,13.9055],[100.5425,13.9065],[100.541,13.907]]],[[[100.5415,13.9025]]],[[[100.5425,13.9],[100.5415,13.9005],[100.5435,13.902],[100.544,13.8995],[100.543,13.9005],[100.5425,13.9]]],[[[100.5415,13.899],[100.5415,13.8985],[100.541,13.899],[100.5415,13.899]]],[[[100.5405,13.913],[100.541,13.913],[100.5405,13.913]]],[[[100.54,13.9125],[100.54,13.912],[100.5405,13.912],[100.54,13.912],[100.54,13.9125]]],[[[100.5405,13.901],[100.54,13.901],[100.5405,13.9015],[100.5405,13.901]]],[[[100.539,13.901],[100.539,13.902],[100.539,13.901]]],[[[100.5395,13.9085]]],[[[100.539,13.9095]]],[[[100.541,13.9025]]],[[[100.5435,13.8975],[100.5435,13.898],[100.544,13.8975],[100.5435,13.8975]]],[[[100.5425,13.8975],[100.5425,13.898],[100.5425,13.8975]]],[[[100.5435,13.8985],[100.543,13.8985],[100.5435,13.8985]]],[[[100.543,13.903],[100.5425,13.903],[100.542,13.903],[100.543,13.903]]],[[[100.5445,13.918],[100.5445,13.9205],[100.5455,13.9205],[100.5445,13.918]]],[[[100.5435,13.913],[100.5445,13.913],[100.544,13.912],[100.543,13.9125],[100.5435,13.913]]],[[[100.542,13.9125],[100.542,13.913],[100.542,13.9125]]],[[[100.549,13.898],[100.549,13.8975],[100.549,13.898]]],[[[100.5465,13.8995],[100.5475,13.8985],[100.5465,13.8985],[100.5465,13.8995]]],[[[100.548,13.896],[100.547,13.8965],[100.548,13.8965],[100.548,13.896]]],[[[100.5505,13.898]]],[[[100.5495,13.8965],[100.55,13.896],[100.55,13.8955],[100.5495,13.8965]]],[[[100.549,13.8955],[100.549,13.896],[100.549,13.8955]]],[[[100.552,13.8945],[100.552,13.894],[100.552,13.8945]]],[[[100.5485,13.918]]],[[[100.5485,13.917],[100.549,13.917],[100.5485,13.917]]],[[[100.547,13.9175],[100.5475,13.9185],[100.5475,13.917],[100.547,13.9175]]],[[[100.5465,13.9165],[100.548,13.9155],[100.5465,13.9155],[100.5465,13.9165]]],[[[100.55,13.9095],[100.5495,13.9095],[100.55,13.9095]]],[[[100.55,13.912]]],[[[100.5495,13.9195]]],[[[100.55,13.9185],[100.55,13.919],[100.55,13.9185]]],[[[100.55,13.918],[100.5495,13.9175],[100.5495,13.918],[100.55,13.918]]],[[[100.5615,13.894]]],[[[100.561,13.892],[100.561,13.8925],[100.561,13.892]]],[[[100.561,13.8905]]],[[[100.5605,13.8905],[100.561,13.89],[100.56,13.89],[100.5605,13.8905]]],[[[100.5615,13.89],[100.5615,13.889],[100.5615,13.89]]],[[[100.557,13.893],[100.557,13.8935],[100.5575,13.8935],[100.558,13.893],[100.557,13.893]]],[[[100.557,13.89]]],[[[100.556,13.897],[100.5555,13.8955],[100.5555,13.8975],[100.556,13.897]]],[[[100.5535,13.895]]],[[[100.5565,13.8955],[100.556,13.8965],[100.5565,13.8965],[100.5565,13.8955]]],[[[100.5565,13.894],[100.556,13.894],[100.5565,13.894]]],[[[100.5565,13.8915],[100.557,13.891],[100.5565,13.891],[100.5565,13.8915]]],[[[100.559,13.8965],[100.56,13.896],[100.559,13.896],[100.559,13.8965]]],[[[100.559,13.892],[100.559,13.8925],[100.559,13.892]]],[[[100.559,13.892]]],[[[100.56,13.896],[100.5605,13.8965],[100.561,13.896],[100.56,13.896]]],[[[100.56,13.894]]],[[[100.5645,13.895],[100.565,13.8945],[100.564,13.8945],[100.5645,13.895]]],[[[100.5655,13.893]]],[[[100.5645,13.8925],[100.5665,13.8925],[100.566,13.892],[100.5645,13.8925]]],[[[100.5645,13.89],[100.5655,13.8895],[100.565,13.8885],[100.564,13.889],[100.5645,13.89]]],[[[100.567,13.8875],[100.5665,13.8875],[100.567,13.8875]]],[[[100.563,13.8945],[100.563,13.895],[100.563,13.8945]]],[[[100.564,13.8935],[100.5635,13.894],[100.5645,13.894],[100.565,13.893],[100.564,13.8935]]],[[[100.5635,13.891],[100.5635,13.8905],[100.5635,13.891]]],[[[100.5635,13.8865],[100.564,13.8865],[100.5635,13.886],[100.5635,13.8865]]],[[[100.562,13.889],[100.5625,13.889],[100.562,13.889]]],[[[100.5615,13.896],[100.562,13.896],[100.5615,13.896]]],[[[100.5615,13.8945]]],[[[100.563,13.8915],[100.563,13.891],[100.563,13.8915]]],[[[100.563,13.894],[100.5625,13.894],[100.563,13.894]]],[[[100.5625,13.8935]]],[[[100.565,13.8865],[100.5645,13.886],[100.565,13.8865]]],[[[100.565,13.891]]],[[[100.568,13.888],[100.5685,13.888],[100.568,13.888]]],[[[100.567,13.89]]],[[[100.5675,13.887],[100.5675,13.8865],[100.5675,13.887]]],[[[100.5675,13.8935],[100.567,13.893],[100.567,13.8935],[100.5675,13.8935]]],[[[100.569,13.891]]],[[[100.569,13.778],[100.5695,13.778],[100.5695,13.7775],[100.569,13.7775],[100.569,13.778]]],[[[100.568,13.7805],[100.5675,13.7805],[100.568,13.7805]]],[[[100.5685,13.78],[100.568,13.7805],[100.5685,13.7805],[100.5685,13.78]]],[[[100.569,13.792],[100.569,13.7915],[100.569,13.792]]],[[[100.569,13.7885],[100.5685,13.789],[100.569,13.789],[100.569,13.7885]]],[[[100.5665,13.7905]]],[[[100.5695,13.786],[100.569,13.786],[100.5695,13.786]]],[[[100.5785,13.8025],[100.5785,13.803],[100.5785,13.8025]]],[[[100.5785,13.8015]]],[[[100.5785,13.7875],[100.5785,13.787],[100.5785,13.7875]]],[[[100.578,13.759],[100.578,13.7585],[100.578,13.7575],[100.5775,13.7575],[100.578,13.7585],[100.5775,13.759],[100.578,13.759]]],[[[100.5735,13.8095]]],[[[100.574,13.8085],[100.574,13.8095],[100.574,13.808],[100.574,13.8085]]],[[[100.5735,13.8055]]],[[[100.5735,13.7975],[100.5735,13.797],[100.5735,13.7975]]],[[[100.5735,13.795],[100.5735,13.7945],[100.5735,13.795]]],[[[100.5735,13.7935],[100.5735,13.792],[100.573,13.7915],[100.573,13.792],[100.5735,13.7935]]],[[[100.5735,13.7895],[100.573,13.7895],[100.5735,13.7895]]],[[[100.5745,13.786]]],[[[100.5745,13.7815]]],[[[100.5745,13.776],[100.574,13.7775],[100.5745,13.7775],[100.5745,13.776]]],[[[100.5735,13.7665],[100.574,13.767],[100.5745,13.766],[100.5735,13.7665]]],[[[100.5735,13.76],[100.574,13.758],[100.576,13.7585],[100.576,13.7575],[100.5745,13.7575],[100.5745,13.7565],[100.573,13.7595],[100.5735,13.76]]],[[[100.574,13.755],[100.574,13.7545],[100.574,13.755]]],[[[100.574,13.7535]]],[[[100.5725,13.757]]],[[[100.5695,13.755],[100.5695,13.7555],[100.5695,13.755]]],[[[100.5715,13.7905],[100.5715,13.79],[100.5715,13.7905]]],[[[100.5715,13.7855],[100.572,13.786],[100.573,13.785],[100.5715,13.7855]]],[[[100.5715,13.785]]],[[[100.5705,13.781],[100.5705,13.7805],[100.5705,13.781]]],[[[100.5715,13.7785],[100.572,13.7785],[100.5715,13.7785]]],[[[100.572,13.777],[100.5725,13.777],[100.572,13.777]]],[[[100.572,13.7765]]],[[[100.572,13.7735],[100.5725,13.774],[100.572,13.7735]]],[[[100.572,13.77],[100.5725,13.7705],[100.572,13.77]]],[[[100.572,13.7675],[100.5725,13.7665],[100.572,13.7645],[100.571,13.766],[100.572,13.7675]]],[[[100.572,13.762],[100.5715,13.762],[100.572,13.762]]],[[[100.571,13.768],[100.5705,13.768],[100.57,13.7685],[100.57,13.769],[100.571,13.768]]],[[[100.5695,13.7665],[100.5695,13.766],[100.5695,13.7665]]],[[[100.5705,13.7795],[100.5705,13.78],[100.5705,13.7795]]],[[[100.5715,13.774],[100.57,13.7745],[100.5715,13.7745],[100.5715,13.774]]],[[[100.5695,13.787],[100.57,13.7875],[100.5705,13.787],[100.5695,13.787]]],[[[100.5705,13.786],[100.57,13.786],[100.5705,13.786]]],[[[100.5715,13.769],[100.571,13.7695],[100.5715,13.769]]],[[[100.5715,13.8095]]],[[[100.572,13.8075]]],[[[100.572,13.8055],[100.572,13.806],[100.572,13.8055]]],[[[100.5705,13.804],[100.5705,13.8035],[100.5705,13.804]]],[[[100.57,13.8085],[100.5705,13.809],[100.5705,13.8085],[100.57,13.8085]]],[[[100.571,13.808]]],[[[100.571,13.8055],[100.571,13.8065],[100.571,13.8055]]],[[[100.571,13.8115],[100.5705,13.8115],[100.571,13.8115]]],[[[100.5725,13.784]]],[[[100.572,13.782],[100.572,13.7825],[100.5735,13.7825],[100.572,13.782]]],[[[100.572,13.7815]]],[[[100.5725,13.811],[100.572,13.811],[100.5725,13.811]]],[[[100.5725,13.81]]],[[[100.573,13.805],[100.5725,13.8055],[100.573,13.8055],[100.573,13.805]]],[[[100.5725,13.8035],[100.5725,13.804],[100.5725,13.8035]]],[[[100.5725,13.794],[100.572,13.7955],[100.5725,13.794]]],[[[100.5725,13.793]]],[[[100.572,13.7965],[100.572,13.797],[100.572,13.7965]]],[[[100.572,13.787]]],[[[100.572,13.7885],[100.5725,13.7885],[100.572,13.7885]]],[[[100.572,13.8015]]],[[[100.572,13.799],[100.572,13.7985],[100.5715,13.799],[100.572,13.799]]],[[[100.572,13.8125],[100.572,13.813],[100.572,13.8125]]],[[[100.572,13.8135],[100.572,13.814],[100.572,13.8135]]],[[[100.573,13.7765],[100.573,13.776],[100.5725,13.776],[100.573,13.7765]]],[[[100.573,13.779]]],[[[100.5765,13.809]]],[[[100.576,13.808],[100.576,13.8085],[100.576,13.808]]],[[[100.576,13.807],[100.577,13.8075],[100.577,13.807],[100.576,13.807]]],[[[100.5765,13.804],[100.5765,13.8035],[100.5765,13.804]]],[[[100.576,13.785]]],[[[100.575,13.7845],[100.575,13.785],[100.575,13.7845]]],[[[100.575,13.779]]],[[[100.575,13.7735]]],[[[100.574,13.8045],[100.574,13.804],[100.574,13.8045]]],[[[100.5745,13.8095],[100.574,13.8105],[100.5745,13.8105],[100.5745,13.8095]]],[[[100.5745,13.7755]]],[[[100.5755,13.78]]],[[[100.576,13.807]]],[[[100.577,13.791]]],[[[100.577,13.7905],[100.5775,13.79],[100.577,13.79],[100.577,13.7905]]],[[[100.5765,13.7775],[100.5765,13.778],[100.5765,13.7775]]],[[[100.578,13.7855]]],[[[100.5775,13.802],[100.5775,13.8015],[100.5775,13.802]]],[[[100.5755,13.752]]],[[[100.5755,13.7565]]],[[[100.575,13.7605]]],[[[100.577,13.759]]],[[[100.577,13.7565],[100.5765,13.7565],[100.5765,13.757],[100.577,13.7565]]],[[[100.5765,13.7545],[100.5765,13.754],[100.5765,13.7545]]],[[[100.575,13.767],[100.5755,13.767],[100.575,13.767]]],[[[100.58,13.7535]]],[[[100.5845,13.756],[100.5845,13.755],[100.5845,13.7565],[100.5845,13.756]]],[[[100.584,13.7575]]],[[[100.5795,13.777],[100.579,13.7765],[100.5795,13.777]]],[[[100.5805,13.791],[100.5805,13.7905],[100.5805,13.791]]],[[[100.579,13.7935]]],[[[100.596,13.8845],[100.597,13.884],[100.5965,13.8835],[100.5955,13.884],[100.596,13.8845]]],[[[100.5955,13.8825],[100.5975,13.882],[100.5975,13.8815],[100.5955,13.882],[100.5955,13.8825]]],[[[100.5965,13.879],[100.5965,13.878],[100.596,13.8795],[100.5965,13.879]]],[[[100.597,13.877]]],[[[100.579,13.854],[100.5795,13.854],[100.579,13.854]]],[[[100.579,13.8515],[100.5795,13.8515],[100.579,13.8515]]],[[[100.5785,13.8505],[100.579,13.8505],[100.579,13.85],[100.5785,13.85],[100.5785,13.8505]]],[[[100.579,13.8485]]],[[[100.579,13.848],[100.5785,13.848],[100.579,13.848]]],[[[100.5785,13.847],[100.579,13.8475],[100.5785,13.846],[100.5785,13.847]]],[[[100.5795,13.8365],[100.579,13.836],[100.5795,13.8365]]],[[[100.5785,13.835]]],[[[100.573,13.848],[100.574,13.848],[100.5735,13.8475],[100.573,13.848]]],[[[100.5735,13.8455],[100.575,13.8455],[100.575,13.8445],[100.574,13.8445],[100.5735,13.8455]]],[[[100.574,13.833]]],[[[100.574,13.832],[100.573,13.8315],[100.574,13.832]]],[[[100.5735,13.83],[100.573,13.831],[100.5735,13.831],[100.5735,13.83]]],[[[100.5705,13.824],[100.5705,13.8245],[100.5725,13.824],[100.5705,13.824]]],[[[100.5705,13.8225]]],[[[100.572,13.835],[100.572,13.8355],[100.572,13.835]]],[[[100.5705,13.835],[100.5705,13.8345],[100.5705,13.835]]],[[[100.5725,13.825]]],[[[100.573,13.847],[100.573,13.8465],[100.573,13.847]]],[[[100.573,13.844]]],[[[100.5725,13.8435],[100.573,13.843],[100.5725,13.843],[100.5725,13.8435]]],[[[100.573,13.8415]]],[[[100.5725,13.8365]]],[[[100.5725,13.833],[100.5725,13.8335],[100.573,13.833],[100.5725,13.833]]],[[[100.572,13.829],[100.5725,13.829],[100.573,13.829],[100.572,13.829]]],[[[100.5725,13.8365]]],[[[100.5755,13.8465]]],[[[100.5765,13.839]]],[[[100.5765,13.8375],[100.5765,13.8385],[100.577,13.8375],[100.5765,13.8375]]],[[[100.576,13.8365],[100.576,13.8375],[100.576,13.8365]]],[[[100.576,13.835],[100.5765,13.835],[100.576,13.835]]],[[[100.5765,13.8335],[100.576,13.833],[100.576,13.8335],[100.5765,13.8335]]],[[[100.576,13.8295],[100.5755,13.8295],[100.576,13.8295]]],[[[100.574,13.8305]]],[[[100.5745,13.837],[100.5745,13.8375],[100.575,13.837],[100.5745,13.837]]],[[[100.5745,13.8365],[100.574,13.8365],[100.5745,13.8365]]],[[[100.575,13.8345],[100.5755,13.8355],[100.5755,13.8345],[100.575,13.8345]]],[[[100.5755,13.8305],[100.575,13.8315],[100.576,13.8305],[100.5755,13.8305]]],[[[100.577,13.8485],[100.5775,13.8475],[100.577,13.8475],[100.577,13.8485]]],[[[100.578,13.8465],[100.5775,13.847],[100.578,13.847],[100.578,13.8465]]],[[[100.5765,13.846],[100.5765,13.8465],[100.577,13.8465],[100.5765,13.846]]],[[[100.577,13.833],[100.577,13.834],[100.577,13.833]]],[[[100.577,13.8415]]],[[[100.5775,13.8405],[100.577,13.841],[100.5775,13.841],[100.5775,13.8405]]],[[[100.5775,13.852],[100.577,13.852],[100.5775,13.852]]],[[[100.578,13.8375]]],[[[100.5785,13.8485],[100.5785,13.848],[100.578,13.848],[100.5785,13.8485]]],[[[100.5775,13.89]]],[[[100.5775,13.8885],[100.5775,13.889],[100.578,13.8885],[100.5775,13.8885]]],[[[100.579,13.8845],[100.5785,13.8845],[100.579,13.885],[100.579,13.8845]]],[[[100.578,13.883],[100.578,13.8835],[100.578,13.883]]],[[[100.5745,13.8915],[100.5745,13.892],[100.5745,13.8915]]],[[[100.5735,13.8895],[100.574,13.89],[100.574,13.8895],[100.5735,13.8895]]],[[[100.5745,13.8875],[100.574,13.8865],[100.5745,13.8875]]],[[[100.5715,13.891]]],[[[100.572,13.89],[100.5715,13.89],[100.572,13.89]]],[[[100.572,13.8865],[100.573,13.8865],[100.5725,13.8855],[100.5715,13.886],[100.572,13.8865]]],[[[100.5705,13.8905]]],[[[100.5735,13.8835],[100.573,13.8835],[100.5735,13.884],[100.5735,13.8835]]],[[[100.573,13.8925],[100.573,13.8915],[100.5725,13.8915],[100.5725,13.892],[100.573,13.8925]]],[[[100.573,13.891],[100.5735,13.891],[100.5735,13.8905],[100.573,13.891]]],[[[100.5735,13.89],[100.573,13.89],[100.5735,13.89]]],[[[100.573,13.8875],[100.5735,13.8875],[100.573,13.887],[100.573,13.8875]]],[[[100.5765,13.892],[100.576,13.8925],[100.5765,13.8925],[100.5765,13.892]]],[[[100.576,13.885],[100.5755,13.885],[100.575,13.885],[100.575,13.8855],[100.576,13.885]]],[[[100.5755,13.8835],[100.5755,13.884],[100.5755,13.8835]]],[[[100.5745,13.8845],[100.5745,13.884],[100.5745,13.8845]]],[[[100.575,13.8915],[100.575,13.892],[100.5755,13.892],[100.575,13.8915]]],[[[100.5745,13.889],[100.5745,13.891],[100.575,13.89],[100.5745,13.889]]],[[[100.5745,13.889]]],[[[100.5765,13.89]]],[[[100.577,13.886],[100.5765,13.8865],[100.577,13.886]]],[[[100.5765,13.8835],[100.577,13.8845],[100.5775,13.8845],[100.577,13.8835],[100.5765,13.8835]]],[[[100.5765,13.8825],[100.576,13.8825],[100.5765,13.8825]]],[[[100.5775,13.88],[100.5775,13.8795],[100.5775,13.879],[100.5775,13.88]]],[[[100.5865,13.8975],[100.5875,13.897],[100.587,13.896],[100.586,13.896],[100.5865,13.8975]]],[[[100.587,13.8895],[100.587,13.89],[100.5875,13.89],[100.587,13.8895]]],[[[100.587,13.882],[100.5865,13.8825],[100.5875,13.8825],[100.587,13.882]]],[[[100.5825,13.892]]],[[[100.5825,13.889],[100.5825,13.89],[100.5825,13.889]]],[[[100.582,13.8885],[100.5825,13.888],[100.582,13.8875],[100.582,13.8885]]],[[[100.5805,13.8885],[100.5805,13.888],[100.5805,13.8885]]],[[[100.5805,13.88],[100.58,13.88],[100.581,13.88],[100.5805,13.88]]],[[[100.579,13.8825]]],[[[100.5785,13.8895],[100.5785,13.89],[100.579,13.89],[100.5785,13.8895]]],[[[100.5815,13.887],[100.581,13.8855],[100.5815,13.887]]],[[[100.5855,13.88],[100.585,13.8795],[100.5845,13.8795],[100.585,13.88],[100.5855,13.88]]],[[[100.585,13.9005],[100.585,13.901],[100.585,13.9005]]],[[[100.5845,13.8935],[100.5855,13.893],[100.584,13.893],[100.5845,13.8935]]],[[[100.5845,13.8875]]],[[[100.585,13.886],[100.585,13.8865],[100.585,13.886]]],[[[100.5845,13.886],[100.5845,13.8855],[100.584,13.8855],[100.5845,13.886]]],[[[100.5845,13.881],[100.5845,13.8815],[100.5855,13.8815],[100.5855,13.881],[100.5845,13.881]]],[[[100.5835,13.8815],[100.583,13.883],[100.584,13.8825],[100.5835,13.8815]]],[[[100.584,13.8805],[100.5845,13.8805],[100.584,13.8805]]],[[[100.5835,13.8855]]],[[[100.584,13.885],[100.584,13.8835],[100.5835,13.884],[100.584,13.885]]],[[[100.5835,13.891],[100.5835,13.89],[100.583,13.8905],[100.5835,13.891]]],[[[100.584,13.8945],[100.584,13.894],[100.584,13.8945]]],[[[100.5845,13.901],[100.584,13.9005],[100.5835,13.9015],[100.5845,13.901]]],[[[100.5855,13.8835],[100.585,13.883],[100.585,13.8835],[100.5855,13.8835]]],[[[100.586,13.881]]],[[[100.5855,13.8845],[100.585,13.8845],[100.585,13.885],[100.5855,13.885],[100.5855,13.8845]]],[[[100.586,13.89]]],[[[100.5855,13.888]]],[[[100.586,13.895],[100.5855,13.895],[100.5855,13.8955],[100.586,13.895]]],[[[100.5865,13.859]]],[[[100.586,13.8515],[100.5855,13.8515],[100.586,13.8515]]],[[[100.587,13.851],[100.586,13.8505],[100.586,13.851],[100.587,13.851]]],[[[100.582,13.8565],[100.5825,13.8565],[100.5825,13.856],[100.582,13.856],[100.582,13.8565]]],[[[100.581,13.856],[100.5805,13.857],[100.581,13.857],[100.581,13.856]]],[[[100.5805,13.845],[100.58,13.845],[100.5805,13.845]]],[[[100.5805,13.8445],[100.581,13.8445],[100.5805,13.8445]]],[[[100.58,13.8545]]],[[[100.58,13.856]]],[[[100.581,13.848],[100.5815,13.8475],[100.581,13.8475],[100.581,13.848]]],[[[100.5815,13.8515]]],[[[100.5815,13.8515]]],[[[100.5815,13.855],[100.581,13.8555],[100.5815,13.8555],[100.5815,13.855]]],[[[100.5815,13.854],[100.581,13.8535],[100.581,13.854],[100.5815,13.854]]],[[[100.584,13.858],[100.585,13.859],[100.585,13.858],[100.584,13.858]]],[[[100.585,13.857],[100.5845,13.857],[100.585,13.857]]],[[[100.585,13.856],[100.5845,13.8565],[100.585,13.856]]],[[[100.584,13.8525],[100.584,13.853],[100.5845,13.853],[100.5845,13.8525],[100.584,13.8525]]],[[[100.583,13.847],[100.5835,13.847],[100.583,13.847]]],[[[100.5825,13.8535]]],[[[100.5835,13.8505],[100.584,13.8515],[100.5835,13.8505]]],[[[100.5835,13.8545],[100.583,13.855],[100.5835,13.857],[100.5835,13.8545]]],[[[100.5825,13.858],[100.583,13.858],[100.5825,13.858]]],[[[100.586,13.8525],[100.5855,13.8525],[100.586,13.853],[100.586,13.8525]]],[[[100.586,13.8585],[100.5855,13.8585],[100.5855,13.859],[100.586,13.8585]]],[[[100.5925,13.879],[100.593,13.879],[100.5925,13.8785],[100.5925,13.879]]],[[[100.591,13.8775],[100.5915,13.878],[100.593,13.8775],[100.591,13.8775]]],[[[100.593,13.8765],[100.5935,13.8765],[100.594,13.876],[100.5935,13.876],[100.593,13.8765]]],[[[100.593,13.8735],[100.5925,13.8735],[100.593,13.8735]]],[[[100.5935,13.872],[100.593,13.8725],[100.5935,13.872]]],[[[100.5895,13.8675]]],[[[100.5895,13.865],[100.589,13.865],[100.5895,13.865]]],[[[100.589,13.8645]]],[[[100.5885,13.864],[100.5895,13.864],[100.5875,13.863],[100.5885,13.864]]],[[[100.587,13.86]]],[[[100.588,13.8645]]],[[[100.588,13.865]]],[[[100.589,13.8695]]],[[[100.59,13.884],[100.5905,13.8835],[100.59,13.884]]],[[[100.589,13.8835],[100.5895,13.8835],[100.589,13.8835]]],[[[100.5895,13.881],[100.5905,13.882],[100.591,13.8815],[100.5895,13.881]]],[[[100.5885,13.8815],[100.588,13.8815],[100.5885,13.882],[100.5885,13.8815]]],[[[100.5905,13.867]]],[[[100.59,13.863],[100.59,13.8635],[100.59,13.863]]],[[[100.591,13.862],[100.5905,13.8615],[100.591,13.8625],[100.591,13.862]]],[[[100.59,13.8675]]],[[[100.592,13.8705],[100.5915,13.871],[100.592,13.871],[100.592,13.8705]]],[[[100.592,13.872],[100.5915,13.872],[100.5915,13.8725],[100.592,13.872]]],[[[100.5915,13.874],[100.591,13.874],[100.591,13.8745],[100.5915,13.874]]],[[[100.5925,13.88],[100.5915,13.881],[100.5925,13.881],[100.5925,13.88]]],[[[100.591,13.8825]]],[[[100.5955,13.8805],[100.595,13.8795],[100.5945,13.8795],[100.595,13.8795],[100.5955,13.8805]]],[[[100.595,13.8755],[100.5955,13.876],[100.595,13.875],[100.595,13.8755]]],[[[100.595,13.8685],[100.5945,13.8685],[100.595,13.869],[100.595,13.8685]]],[[[100.5945,13.8705]]],[[[100.5935,13.8785],[100.594,13.8785],[100.594,13.878],[100.5935,13.8785]]],[[[100.5935,13.8805],[100.5935,13.88],[100.593,13.8805],[100.5935,13.8805]]],[[[100.597,13.874],[100.597,13.8735],[100.597,13.874]]],[[[100.5965,13.872],[100.597,13.873],[100.5965,13.872]]],[[[100.5965,13.869],[100.597,13.8685],[100.5965,13.8685],[100.5965,13.869]]],[[[100.5965,13.868],[100.596,13.8675],[100.596,13.868],[100.5965,13.868]]],[[[100.596,13.872]]],[[[100.596,13.8805],[100.596,13.88],[100.596,13.8805]]],[[[100.597,13.8755]]],[[[100.589,13.9005],[100.5895,13.9005],[100.589,13.9005]]],[[[100.587,13.898],[100.5875,13.899],[100.5885,13.8985],[100.588,13.8975],[100.587,13.898]]],[[[100.5885,13.8995],[100.5885,13.9],[100.589,13.8995],[100.5885,13.8995]]],[[[100.5915,13.904],[100.591,13.904],[100.592,13.905],[100.5915,13.904]]],[[[100.5905,13.9025],[100.5905,13.903],[100.5905,13.9025]]],[[[100.5935,13.911]]],[[[100.5925,13.913],[100.5925,13.9125],[100.5925,13.913]]],[[[100.5955,13.915],[100.5955,13.9155],[100.596,13.9155],[100.5955,13.915]]],[[[100.5955,13.9135]]],[[[100.5945,13.913],[100.594,13.913],[100.5945,13.913]]],[[[100.5935,13.909],[100.593,13.909],[100.5935,13.909]]],[[[100.594,13.912]]],[[[100.595,13.914],[100.594,13.914],[100.595,13.914]]],[[[100.596,13.9145]]],[[[100.579,13.838]]],[[[100.615,13.866],[100.6145,13.866],[100.615,13.866]]],[[[100.6145,13.865]]],[[[100.606,13.8885],[100.605,13.8885],[100.605,13.889],[100.606,13.8885]]],[[[100.6045,13.882],[100.6045,13.8815],[100.604,13.8815],[100.6045,13.882]]],[[[100.604,13.8725],[100.6035,13.873],[100.604,13.873],[100.604,13.8725]]],[[[100.6015,13.8845],[100.6015,13.885],[100.6015,13.8845]]],[[[100.6015,13.8735],[100.6015,13.873],[100.6015,13.8735]]],[[[100.599,13.8845],[100.5985,13.8845],[100.598,13.885],[100.599,13.8845]]],[[[100.5985,13.882],[100.599,13.8815],[100.5985,13.8815],[100.5985,13.882]]],[[[100.6005,13.8805]]],[[[100.601,13.8795],[100.6,13.8795],[100.6,13.88],[100.601,13.8795]]],[[[100.599,13.878]]],[[[100.5985,13.8775]]],[[[100.598,13.8805],[100.5975,13.8805],[100.598,13.8805]]],[[[100.598,13.8835]]],[[[100.599,13.877],[100.599,13.8765],[100.599,13.877]]],[[[100.5985,13.8735],[100.599,13.874],[100.5985,13.8735]]],[[[100.5995,13.8775]]],[[[100.599,13.8855],[100.5985,13.8855],[100.599,13.8855]]],[[[100.6005,13.885],[100.6,13.8855],[100.6005,13.885]]],[[[100.6005,13.884],[100.6,13.8845],[100.6005,13.8845],[100.6005,13.884]]],[[[100.6,13.882],[100.5995,13.883],[100.6005,13.8825],[100.6,13.882]]],[[[100.603,13.8875]]],[[[100.6025,13.887],[100.603,13.887],[100.6025,13.887]]],[[[100.6025,13.8775],[100.602,13.878],[100.6025,13.8775]]],[[[100.602,13.872]]],[[[100.604,13.872],[100.6035,13.872],[100.604,13.872]]],[[[100.604,13.871]]],[[[100.604,13.889]]],[[[100.6045,13.8935],[100.6045,13.894],[100.6045,13.8935]]],[[[100.6065,13.8705],[100.609,13.87],[100.606,13.8695],[100.6065,13.8705]]],[[[100.6075,13.873],[100.6065,13.8725],[100.6065,13.873],[100.6075,13.873]]],[[[100.606,13.8715]]],[[[100.606,13.8695]]],[[[100.6075,13.869]]],[[[100.607,13.872]]],[[[100.606,13.892]]],[[[100.6065,13.891]]],[[[100.6055,13.8815],[100.605,13.8815],[100.6055,13.8815]]],[[[100.6065,13.895],[100.6075,13.8945],[100.607,13.894],[100.6065,13.895]]],[[[100.611,13.897]]],[[[100.613,13.896]]],[[[100.6215,13.857],[100.6225,13.858],[100.623,13.8575],[100.623,13.8595],[100.6235,13.857],[100.622,13.8575],[100.6215,13.857]]],[[[100.623,13.855],[100.623,13.856],[100.6235,13.856],[100.623,13.855]]],[[[100.622,13.8545],[100.6215,13.855],[100.622,13.855],[100.622,13.8545]]],[[[100.6215,13.8535]]],[[[100.6415,13.853],[100.641,13.853],[100.6415,13.853]]],[[[100.6415,13.849],[100.642,13.8495],[100.643,13.8485],[100.6415,13.849]]],[[[100.627,13.8645],[100.626,13.8645],[100.627,13.8645]]],[[[100.626,13.864],[100.627,13.864],[100.627,13.8635],[100.626,13.864]]],[[[100.6265,13.857],[100.627,13.8575],[100.6265,13.857]]],[[[100.626,13.855],[100.626,13.8555],[100.627,13.8545],[100.6265,13.8545],[100.626,13.855]]],[[[100.6215,13.8675],[100.622,13.8675],[100.6215,13.8675]]],[[[100.6215,13.866],[100.6225,13.866],[100.6225,13.8655],[100.622,13.8655],[100.6215,13.866]]],[[[100.6215,13.865]]],[[[100.6225,13.864],[100.622,13.864],[100.6225,13.864]]],[[[100.6215,13.862],[100.6215,13.8615],[100.6215,13.862]]],[[[100.622,13.858],[100.622,13.8585],[100.622,13.858]]],[[[100.6165,13.865],[100.616,13.865],[100.6165,13.865]]],[[[100.619,13.8645],[100.618,13.865],[100.619,13.8645]]],[[[100.6185,13.863]]],[[[100.6195,13.8625]]],[[[100.62,13.8625],[100.6195,13.8635],[100.621,13.863],[100.6215,13.864],[100.621,13.8615],[100.62,13.8625]]],[[[100.6215,13.8585],[100.621,13.8585],[100.6215,13.8585]]],[[[100.6185,13.864],[100.618,13.8645],[100.6185,13.864]]],[[[100.6205,13.864]]],[[[100.6195,13.8645],[100.6195,13.864],[100.6195,13.8645]]],[[[100.618,13.8675],[100.6185,13.8675],[100.618,13.8675]]],[[[100.6205,13.8675],[100.62,13.8675],[100.6205,13.8675]]],[[[100.6155,13.8665],[100.616,13.866],[100.6155,13.8665]]],[[[100.618,13.866],[100.6175,13.866],[100.617,13.8665],[100.618,13.866]]],[[[100.618,13.8665],[100.6175,13.867],[100.6185,13.8665],[100.618,13.8665]]],[[[100.6195,13.867]]],[[[100.6165,13.866],[100.617,13.8655],[100.6165,13.8655],[100.6165,13.866]]],[[[100.6185,13.8655]]],[[[100.6195,13.866],[100.619,13.8665],[100.6195,13.866]]],[[[100.6205,13.8655],[100.621,13.8655],[100.621,13.865],[100.6205,13.8655]]],[[[100.619,13.868],[100.6185,13.8685],[100.619,13.868]]],[[[100.6205,13.868]]],[[[100.6215,13.8685]]],[[[100.6245,13.8575],[100.6245,13.858],[100.6245,13.8575]]],[[[100.625,13.8565],[100.6255,13.8565],[100.625,13.8565]]],[[[100.6245,13.8585],[100.625,13.8585],[100.6245,13.8585]]],[[[100.6235,13.864]]],[[[100.626,13.8655],[100.6255,13.8655],[100.626,13.8655]]],[[[100.631,13.856]]],[[[100.6385,13.852]]],[[[100.6395,13.852],[100.64,13.8515],[100.6395,13.852]]],[[[100.6405,13.851],[100.6405,13.8525],[100.641,13.852],[100.6405,13.851]]],[[[100.627,13.8555],[100.6275,13.856],[100.628,13.8565],[100.6275,13.8555],[100.627,13.8555]]],[[[100.63,13.856],[100.6295,13.8555],[100.629,13.8555],[100.629,13.856],[100.63,13.856]]],[[[100.6305,13.8545],[100.6295,13.855],[100.6305,13.8545]]],[[[100.631,13.855]]],[[[100.628,13.858]]],[[[100.6285,13.8585],[100.6285,13.858],[100.628,13.858],[100.6285,13.8585]]],[[[100.63,13.858],[100.629,13.858],[100.63,13.8585],[100.63,13.8575],[100.63,13.858]]],[[[100.6305,13.8575]]],[[[100.6275,13.8645],[100.628,13.8645],[100.6275,13.8645]]],[[[100.6285,13.863]]],[[[100.6275,13.863],[100.628,13.863],[100.6275,13.863]]],[[[100.6275,13.8635],[100.628,13.8635],[100.6275,13.8635]]],[[[100.635,13.853]]],[[[100.634,13.8525]]],[[[100.6335,13.8565],[100.633,13.8575],[100.634,13.857],[100.6335,13.8565]]],[[[100.633,13.8555]]],[[[100.635,13.856]]],[[[100.636,13.8555],[100.6365,13.8555],[100.636,13.8555]]],[[[100.6345,13.857],[100.6345,13.8575],[100.6345,13.857]]],[[[100.648,13.8435]]],[[[100.6645,13.8425]]],[[[100.6645,13.8405],[100.665,13.841],[100.6645,13.8405]]],[[[100.649,13.8445],[100.6495,13.845],[100.649,13.8445]]],[[[100.648,13.847],[100.648,13.8475],[100.648,13.847]]],[[[100.6465,13.8455],[100.646,13.8465],[100.6465,13.847],[100.647,13.845],[100.6465,13.8455]]],[[[100.648,13.846],[100.648,13.8455],[100.6475,13.846],[100.648,13.846]]],[[[100.645,13.845],[100.6445,13.8445],[100.6445,13.845],[100.645,13.845]]],[[[100.6435,13.848],[100.6435,13.8485],[100.6435,13.848]]],[[[100.648,13.8495],[100.648,13.849],[100.648,13.8495]]],[[[100.661,13.837],[100.6615,13.8375],[100.661,13.837]]],[[[100.664,13.8365],[100.6635,13.8365],[100.664,13.8365]]],[[[100.6595,13.8385],[100.66,13.8385],[100.6595,13.8385]]],[[[100.659,13.8395]]],[[[100.662,13.842],[100.662,13.8415],[100.6615,13.8415],[100.662,13.842]]],[[[100.657,13.8425],[100.656,13.8425],[100.657,13.843],[100.657,13.8425]]],[[[100.661,13.8415]]],[[[100.651,13.8425]]],[[[100.654,13.8425]]],[[[100.6495,13.8465],[100.65,13.847],[100.65,13.8465],[100.6495,13.8465]]],[[[100.6495,13.846],[100.649,13.8465],[100.6495,13.8465],[100.6495,13.846]]],[[[100.65,13.849],[100.652,13.85],[100.6525,13.8485],[100.6495,13.848],[100.65,13.849]]],[[[100.6715,13.834],[100.6715,13.8345],[100.6715,13.834]]],[[[100.6725,13.835],[100.672,13.835],[100.6725,13.8355],[100.6725,13.835]]],[[[100.679,13.8245],[100.678,13.825],[100.678,13.826],[100.68,13.827],[100.6805,13.8265],[100.679,13.8245]]],[[[100.679,13.828],[100.6785,13.8275],[100.679,13.8285],[100.679,13.828]]],[[[100.677,13.8265],[100.6765,13.827],[100.677,13.827],[100.6775,13.8265],[100.677,13.8265]]],[[[100.6805,13.8275],[100.681,13.827],[100.6805,13.8275]]],[[[100.6735,13.829],[100.674,13.8295],[100.6745,13.83],[100.6745,13.8295],[100.6735,13.829]]],[[[100.6755,13.8285]]],[[[100.672,13.8305],[100.6725,13.831],[100.672,13.8305]]],[[[100.669,13.833],[100.6695,13.834],[100.669,13.833]]],[[[100.671,13.8335],[100.6705,13.8335],[100.671,13.8335]]],[[[100.6695,13.8325],[100.67,13.8325],[100.6695,13.8325]]],[[[100.666,13.8375],[100.6665,13.8375],[100.666,13.8375]]],[[[100.667,13.8355],[100.6675,13.836],[100.667,13.8355]]],[[[100.6655,13.8365]]],[[[100.6725,13.8365]]],[[[100.6705,13.8385],[100.671,13.839],[100.672,13.8385],[100.6705,13.8385]]],[[[100.598,13.919],[100.5985,13.919],[100.598,13.919]]],[[[100.5985,13.9175],[100.598,13.9175],[100.599,13.918],[100.5985,13.9175]]],[[[100.5975,13.7165],[100.5975,13.716],[100.597,13.716],[100.5975,13.7165]]],[[[100.597,13.715]]],[[[100.597,13.7135],[100.597,13.714],[100.5975,13.7135],[100.597,13.7135]]],[[[100.5975,13.712],[100.5975,13.7125],[100.598,13.7135],[100.598,13.7125],[100.5975,13.712]]],[[[100.5955,13.7095],[100.5975,13.71],[100.596,13.708],[100.5955,13.709],[100.595,13.7085],[100.5955,13.7095]]],[[[100.5975,13.7085],[100.5975,13.709],[100.598,13.709],[100.598,13.7085],[100.5975,13.7085]]],[[[100.5965,13.708],[100.597,13.708],[100.5965,13.708]]],[[[100.597,13.7075],[100.5975,13.7075],[100.597,13.7075]]],[[[100.597,13.7055],[100.5965,13.7055],[100.597,13.7055]]],[[[100.5975,13.705],[100.5975,13.7045],[100.5975,13.705]]],[[[100.5775,13.731],[100.5775,13.7305],[100.5775,13.73],[100.5775,13.731]]],[[[100.5775,13.7285],[100.5775,13.728],[100.5775,13.7285]]],[[[100.5785,13.7265],[100.5785,13.727],[100.5785,13.7265]]],[[[100.578,13.7235],[100.5785,13.724],[100.5785,13.7235],[100.578,13.7235]]],[[[100.5735,13.734],[100.574,13.734],[100.5735,13.734]]],[[[100.573,13.733],[100.574,13.733],[100.5735,13.732],[100.573,13.733]]],[[[100.574,13.7315],[100.574,13.731],[100.574,13.7315]]],[[[100.5735,13.7295],[100.574,13.7305],[100.574,13.7285],[100.5735,13.7295]]],[[[100.5745,13.724],[100.5735,13.7245],[100.575,13.7245],[100.5745,13.724]]],[[[100.573,13.7225],[100.573,13.723],[100.574,13.723],[100.573,13.7225]]],[[[100.5725,13.7345],[100.572,13.7355],[100.573,13.7355],[100.5725,13.7345]]],[[[100.572,13.7345]]],[[[100.5715,13.733],[100.5725,13.7335],[100.572,13.7325],[100.5715,13.733]]],[[[100.5715,13.732],[100.572,13.7315],[100.571,13.7305],[100.5715,13.732]]],[[[100.5725,13.73],[100.5725,13.7295],[100.5725,13.73]]],[[[100.5715,13.726],[100.572,13.727],[100.5715,13.726]]],[[[100.5715,13.724],[100.5715,13.7235],[100.5715,13.724]]],[[[100.5715,13.7275],[100.571,13.729],[100.572,13.7285],[100.5705,13.727],[100.5715,13.7275]]],[[[100.5705,13.726],[100.571,13.726],[100.5705,13.726]]],[[[100.571,13.725]]],[[[100.5705,13.7345],[100.571,13.735],[100.5705,13.7345]]],[[[100.573,13.7315],[100.573,13.731],[100.5725,13.731],[100.573,13.7315]]],[[[100.5725,13.726],[100.573,13.7265],[100.573,13.7255],[100.5725,13.726]]],[[[100.574,13.7205]]],[[[100.574,13.72],[100.574,13.7195],[100.574,13.72]]],[[[100.5755,13.7325]]],[[[100.5755,13.73]]],[[[100.576,13.729],[100.5765,13.7295],[100.576,13.729]]],[[[100.576,13.727],[100.576,13.7275],[100.576,13.728],[100.576,13.727]]],[[[100.576,13.7265],[100.576,13.727],[100.576,13.7265]]],[[[100.575,13.7185],[100.5755,13.718],[100.575,13.718],[100.575,13.7185]]],[[[100.575,13.721],[100.5745,13.7215],[100.575,13.7215],[100.575,13.721]]],[[[100.575,13.72],[100.575,13.7195],[100.575,13.72]]],[[[100.575,13.731],[100.575,13.7315],[100.575,13.731]]],[[[100.575,13.7305]]],[[[100.575,13.73]]],[[[100.575,13.7295],[100.5745,13.7295],[100.575,13.7295]]],[[[100.575,13.7285]]],[[[100.5745,13.7275],[100.575,13.7275],[100.575,13.727],[100.5745,13.7275]]],[[[100.5745,13.726],[100.575,13.7265],[100.575,13.726],[100.5745,13.726]]],[[[100.5745,13.7255],[100.5745,13.725],[100.5745,13.7255]]],[[[100.5775,13.729],[100.577,13.729],[100.577,13.73],[100.5775,13.73],[100.5775,13.729]]],[[[100.5775,13.726],[100.577,13.7265],[100.577,13.7275],[100.5775,13.7275],[100.577,13.727],[100.5775,13.7265],[100.5775,13.726]]],[[[100.5765,13.7175]]],[[[100.5765,13.7245],[100.576,13.7245],[100.5765,13.7245]]],[[[100.5855,13.726]]],[[[100.586,13.7255],[100.5865,13.726],[100.587,13.726],[100.587,13.7255],[100.586,13.7255]]],[[[100.5855,13.7235],[100.5855,13.724],[100.5855,13.7235]]],[[[100.585,13.723]]],[[[100.5855,13.722],[100.5855,13.7215],[100.5855,13.722]]],[[[100.585,13.7215],[100.5855,13.7215],[100.585,13.7215]]],[[[100.5855,13.721]]],[[[100.585,13.7205],[100.5855,13.72],[100.585,13.72],[100.585,13.7205]]],[[[100.5885,13.7185],[100.588,13.7185],[100.5885,13.719],[100.5885,13.7185]]],[[[100.5885,13.7175],[100.589,13.7185],[100.589,13.718],[100.5885,13.7175]]],[[[100.5885,13.716]]],[[[100.5885,13.7155]]],[[[100.5885,13.715]]],[[[100.588,13.714],[100.5885,13.7145],[100.589,13.7135],[100.588,13.714]]],[[[100.5895,13.712],[100.589,13.712],[100.589,13.7125],[100.5895,13.712]]],[[[100.5815,13.727],[100.582,13.7275],[100.5805,13.7265],[100.5815,13.727]]],[[[100.582,13.726],[100.581,13.7255],[100.5805,13.7255],[100.5805,13.726],[100.582,13.726]]],[[[100.5805,13.725],[100.5805,13.7245],[100.5805,13.725]]],[[[100.5815,13.7205]]],[[[100.5815,13.719],[100.581,13.72],[100.582,13.72],[100.5815,13.719]]],[[[100.581,13.7185],[100.583,13.718],[100.5835,13.719],[100.5825,13.7195],[100.583,13.7205],[100.5835,13.72],[100.5835,13.7175],[100.582,13.718],[100.581,13.7175],[100.581,13.7185]]],[[[100.5815,13.7165],[100.5825,13.7165],[100.5835,13.7165],[100.583,13.7165],[100.5815,13.7165]]],[[[100.583,13.715],[100.5835,13.7155],[100.584,13.715],[100.581,13.7155],[100.583,13.715]]],[[[100.58,13.7295],[100.58,13.7305],[100.58,13.7295]]],[[[100.5785,13.7285],[100.58,13.728],[100.579,13.7275],[100.5785,13.7285]]],[[[100.58,13.727]]],[[[100.5795,13.7265]]],[[[100.5795,13.721]]],[[[100.58,13.7195],[100.5795,13.7205],[100.5805,13.72],[100.58,13.7195]]],[[[100.5785,13.7185],[100.579,13.7185],[100.5785,13.7185]]],[[[100.5785,13.7195],[100.579,13.7195],[100.5785,13.7195]]],[[[100.5785,13.7205]]],[[[100.579,13.722],[100.5785,13.7225],[100.579,13.722]]],[[[100.579,13.73],[100.5785,13.7305],[100.5785,13.7315],[100.579,13.7315],[100.579,13.73]]],[[[100.5805,13.7175],[100.58,13.717],[100.58,13.7175],[100.5805,13.7175]]],[[[100.58,13.719],[100.5805,13.719],[100.5805,13.7185],[100.58,13.7185],[100.58,13.719]]],[[[100.583,13.7265],[100.5835,13.727],[100.5835,13.726],[100.5825,13.7255],[100.583,13.7265]]],[[[100.5835,13.7235]]],[[[100.5825,13.724],[100.582,13.725],[100.5825,13.7255],[100.5825,13.724]]],[[[100.583,13.723],[100.582,13.723],[100.5825,13.723],[100.583,13.723]]],[[[100.5855,13.7135],[100.585,13.714],[100.586,13.714],[100.5855,13.7135]]],[[[100.585,13.7185],[100.5855,13.719],[100.5855,13.7185],[100.585,13.7185]]],[[[100.586,13.718],[100.588,13.7165],[100.5865,13.7165],[100.586,13.718]]],[[[100.585,13.7165],[100.5855,13.7165],[100.585,13.7165]]],[[[100.5865,13.715],[100.5845,13.715],[100.5875,13.7155],[100.5865,13.715]]],[[[100.584,13.7165]]],[[[100.584,13.7255]]],[[[100.5875,13.7135],[100.587,13.714],[100.5875,13.714],[100.5875,13.7135]]],[[[100.586,13.718],[100.5865,13.718],[100.586,13.718]]],[[[100.592,13.7175],[100.592,13.718],[100.592,13.7175]]],[[[100.591,13.7175],[100.5915,13.717],[100.5905,13.717],[100.591,13.7175]]],[[[100.587,13.721],[100.587,13.7215],[100.587,13.721]]],[[[100.5875,13.72],[100.5875,13.7205],[100.588,13.7205],[100.588,13.72],[100.5875,13.72]]],[[[100.5865,13.724],[100.5865,13.7235],[100.5865,13.724]]],[[[100.5875,13.7245]]],[[[100.586,13.725],[100.586,13.7245],[100.586,13.725]]],[[[100.5905,13.711],[100.5915,13.712],[100.591,13.71],[100.5905,13.711]]],[[[100.5915,13.716],[100.5915,13.7165],[100.5915,13.716]]],[[[100.59,13.7135],[100.5895,13.714],[100.5895,13.715],[100.59,13.7135]]],[[[100.591,13.714],[100.591,13.7135],[100.5905,13.7145],[100.591,13.714]]],[[[100.589,13.721],[100.589,13.7205],[100.589,13.721]]],[[[100.59,13.721]]],[[[100.591,13.719]]],[[[100.591,13.7185]]],[[[100.591,13.7185]]],[[[100.59,13.7175]]],[[[100.59,13.7205],[100.59,13.72],[100.59,13.7205]]],[[[100.5925,13.7115]]],[[[100.5925,13.716],[100.593,13.716],[100.5925,13.716]]],[[[100.5945,13.7065],[100.594,13.707],[100.5945,13.7065]]],[[[100.5935,13.7055],[100.594,13.705],[100.5935,13.7055]]],[[[100.596,13.711],[100.5955,13.7115],[100.596,13.711]]],[[[100.596,13.704],[100.596,13.7045],[100.596,13.704]]],[[[100.593,13.7175],[100.593,13.717],[100.593,13.7175]]],[[[100.5945,13.705],[100.5945,13.7055],[100.5945,13.705]]],[[[100.596,13.7035],[100.5965,13.7035],[100.596,13.7035]]],[[[100.5965,13.7075],[100.5965,13.707],[100.596,13.707],[100.5965,13.7075]]],[[[100.605,13.7065],[100.6035,13.706],[100.604,13.706],[100.605,13.7065]]],[[[100.603,13.704],[100.603,13.705],[100.6035,13.7045],[100.6055,13.705],[100.6055,13.704],[100.603,13.704]]],[[[100.604,13.7035],[100.6035,13.7035],[100.604,13.7035]]],[[[100.6035,13.702],[100.6045,13.703],[100.6045,13.7025],[100.604,13.702],[100.6035,13.702]]],[[[100.603,13.7]]],[[[100.6035,13.699],[100.603,13.699],[100.6035,13.6995],[100.6035,13.699]]],[[[100.603,13.6945]]],[[[100.6035,13.694],[100.603,13.694],[100.6035,13.694]]],[[[100.6035,13.6935],[100.604,13.6935],[100.6035,13.6935]]],[[[100.602,13.6925],[100.603,13.693],[100.602,13.6925]]],[[[100.604,13.693],[100.603,13.692],[100.604,13.693]]],[[[100.5995,13.696],[100.601,13.6965],[100.6015,13.697],[100.6015,13.6965],[100.5995,13.696]]],[[[100.6005,13.695],[100.6,13.695],[100.5995,13.695],[100.6005,13.6955],[100.6005,13.695]]],[[[100.601,13.6945],[100.6005,13.694],[100.601,13.6945]]],[[[100.598,13.694]]],[[[100.5995,13.6935],[100.5985,13.6935],[100.5995,13.694],[100.5995,13.6935]]],[[[100.599,13.702],[100.6,13.703],[100.5995,13.702],[100.599,13.702]]],[[[100.6005,13.702],[100.601,13.703],[100.6015,13.7035],[100.601,13.7025],[100.6005,13.702]]],[[[100.5985,13.701]]],[[[100.6,13.707],[100.5985,13.707],[100.5995,13.7075],[100.6,13.707]]],[[[100.598,13.705],[100.5985,13.7055],[100.599,13.7045],[100.598,13.705]]],[[[100.599,13.703]]],[[[100.598,13.7155]]],[[[100.5995,13.7005],[100.599,13.7005],[100.5995,13.7005]]],[[[100.5995,13.7045]]],[[[100.5995,13.71],[100.5995,13.7105],[100.5995,13.71]]],[[[100.6015,13.6955],[100.602,13.6955],[100.6015,13.6955]]],[[[100.602,13.695],[100.602,13.6945],[100.602,13.695]]],[[[100.601,13.693],[100.6015,13.6935],[100.6015,13.693],[100.601,13.693]]],[[[100.601,13.6925],[100.601,13.692],[100.601,13.6925]]],[[[100.602,13.7015]]],[[[100.6015,13.7015],[100.602,13.7015],[100.6015,13.7015]]],[[[100.6015,13.7],[100.6025,13.701],[100.603,13.701],[100.6015,13.7]]],[[[100.602,13.7085],[100.602,13.708],[100.602,13.7085]]],[[[100.603,13.7065],[100.601,13.7065],[100.6025,13.7075],[100.603,13.7065]]],[[[100.6025,13.692],[100.602,13.6915],[100.6025,13.692]]],[[[100.603,13.6955],[100.6025,13.6955],[100.6025,13.696],[100.603,13.696],[100.603,13.6955]]],[[[100.603,13.698],[100.6025,13.6985],[100.603,13.698]]],[[[100.603,13.703]]],[[[100.6025,13.7035]]],[[[100.603,13.7085],[100.603,13.708],[100.603,13.7085]]],[[[100.6035,13.6745]]],[[[100.6035,13.673],[100.6035,13.6735],[100.604,13.6735],[100.604,13.673],[100.6035,13.673]]],[[[100.603,13.671],[100.603,13.672],[100.604,13.672],[100.603,13.671]]],[[[100.606,13.672],[100.6055,13.6705],[100.605,13.672],[100.606,13.672]]],[[[100.6045,13.67]]],[[[100.605,13.673],[100.6055,13.673],[100.605,13.673]]],[[[100.607,13.679],[100.608,13.68],[100.6075,13.679],[100.607,13.679]]],[[[100.606,13.677],[100.607,13.677],[100.6075,13.677],[100.606,13.677]]],[[[100.605,13.6775],[100.605,13.678],[100.605,13.6775]]],[[[100.6055,13.6775],[100.6055,13.678],[100.6055,13.6775]]],[[[100.6065,13.7055]]],[[[100.6075,13.7025],[100.607,13.702],[100.607,13.7025],[100.6075,13.7025]]],[[[100.6085,13.701]]],[[[100.6065,13.7],[100.6075,13.7005],[100.608,13.7005],[100.6065,13.7]]],[[[100.606,13.6975],[100.6065,13.6975],[100.606,13.697],[100.606,13.6975]]],[[[100.607,13.69],[100.6075,13.6915],[100.6075,13.6905],[100.607,13.69]]],[[[100.608,13.6885],[100.6075,13.6885],[100.6075,13.689],[100.608,13.6885]]],[[[100.607,13.687]]],[[[100.6075,13.6825],[100.6065,13.683],[100.6095,13.6845],[100.61,13.6855],[100.6095,13.6835],[100.6085,13.683],[100.609,13.682],[100.6075,13.6825]]],[[[100.607,13.6815]]],[[[100.605,13.6865],[100.6065,13.6875],[100.605,13.6865]]],[[[100.605,13.6855],[100.605,13.686],[100.605,13.6855]]],[[[100.605,13.6895]]],[[[100.606,13.7015],[100.6055,13.7015],[100.606,13.702],[100.606,13.7015]]],[[[100.605,13.6995],[100.6055,13.7],[100.606,13.6995],[100.605,13.6995]]],[[[100.6045,13.697],[100.604,13.697],[100.6035,13.6975],[100.6045,13.6975],[100.6045,13.697]]],[[[100.605,13.696],[100.6045,13.696],[100.605,13.6965],[100.605,13.696]]],[[[100.605,13.694],[100.605,13.695],[100.606,13.694],[100.605,13.694]]],[[[100.605,13.7075],[100.6055,13.7075],[100.605,13.7075]]],[[[100.604,13.707]]],[[[100.606,13.6845],[100.6055,13.684],[100.6055,13.6845],[100.606,13.6845]]],[[[100.606,13.6865],[100.606,13.686],[100.606,13.6865]]],[[[100.6055,13.69]]],[[[100.6065,13.691]]],[[[100.6065,13.6915],[100.6065,13.692],[100.6065,13.6915]]],[[[100.607,13.704],[100.6065,13.704],[100.607,13.704]]],[[[100.606,13.706],[100.6065,13.7065],[100.606,13.706]]],[[[100.6065,13.708],[100.606,13.708],[100.6065,13.708]]],[[[100.61,13.683]]],[[[100.6105,13.678],[100.61,13.678],[100.609,13.678],[100.6095,13.6785],[100.6105,13.6785],[100.6105,13.678]]],[[[100.61,13.6775],[100.609,13.6775],[100.61,13.6775]]],[[[100.611,13.677]]],[[[100.6145,13.6775],[100.614,13.6775],[100.6145,13.6775]]],[[[100.614,13.677]]],[[[100.6135,13.6765],[100.613,13.6765],[100.6135,13.6765]]],[[[100.6075,13.6775]]],[[[100.608,13.6775]]],[[[100.6085,13.6765],[100.6085,13.676],[100.6085,13.6765]]],[[[100.6085,13.679]]],[[[100.61,13.698]]],[[[100.61,13.688],[100.6095,13.689],[100.61,13.688]]],[[[100.6095,13.6865]]],[[[100.609,13.6915],[100.609,13.691],[100.609,13.6915]]],[[[100.6085,13.6885],[100.6085,13.689],[100.609,13.6885],[100.6085,13.6885]]],[[[100.608,13.6865],[100.6085,13.6865],[100.608,13.6865]]],[[[100.609,13.686],[100.609,13.6855],[100.609,13.686]]],[[[100.6095,13.687],[100.609,13.688],[100.6095,13.687]]],[[[100.609,13.69],[100.6095,13.69],[100.609,13.69]]],[[[100.6075,13.696],[100.608,13.6965],[100.6085,13.6965],[100.6075,13.696]]],[[[100.608,13.6925],[100.608,13.693],[100.608,13.6925]]],[[[100.613,13.69],[100.6135,13.69],[100.6135,13.6895],[100.613,13.69]]],[[[100.611,13.6855],[100.6115,13.686],[100.611,13.6855]]],[[[100.612,13.682],[100.6115,13.6815],[100.611,13.682],[100.6115,13.6825],[100.611,13.683],[100.612,13.682]]],[[[100.612,13.679]]],[[[100.6125,13.686]]],[[[100.611,13.6865],[100.6115,13.687],[100.611,13.6865]]],[[[100.612,13.694],[100.6115,13.694],[100.612,13.694]]],[[[100.614,13.679],[100.614,13.6795],[100.614,13.679]]],[[[100.617,13.679]]],[[[100.614,13.684]]],[[[100.57,13.8665],[100.569,13.864],[100.568,13.8635],[100.57,13.8665]]],[[[100.55,13.831]]],[[[100.5505,13.83]]],[[[100.561,13.852],[100.561,13.8525],[100.561,13.852]]],[[[100.5605,13.849],[100.561,13.8505],[100.5615,13.8495],[100.5605,13.849]]],[[[100.557,13.839],[100.5565,13.839],[100.5575,13.8405],[100.557,13.839]]],[[[100.5565,13.8415],[100.5565,13.842],[100.5565,13.8415]]],[[[100.5565,13.8405],[100.556,13.8415],[100.5565,13.841],[100.5565,13.8405]]],[[[100.5565,13.8375],[100.556,13.837],[100.5565,13.838],[100.5565,13.8375]]],[[[100.5575,13.851],[100.557,13.851],[100.5575,13.851]]],[[[100.555,13.8505]]],[[[100.5585,13.839],[100.559,13.8395],[100.5595,13.839],[100.559,13.839],[100.5585,13.839]]],[[[100.5585,13.8495],[100.5585,13.85],[100.5585,13.8495]]],[[[100.5575,13.85]]],[[[100.5595,13.8405],[100.56,13.8405],[100.5595,13.8405]]],[[[100.5605,13.851],[100.56,13.851],[100.5605,13.851]]],[[[100.5595,13.8495]]],[[[100.563,13.854]]],[[[100.562,13.847]]],[[[100.5615,13.854],[100.562,13.854],[100.562,13.8535],[100.5615,13.8535],[100.5615,13.854]]],[[[100.562,13.852],[100.5625,13.852],[100.562,13.852]]],[[[100.5625,13.853]]],[[[100.5675,13.8625],[100.5675,13.862],[100.5675,13.8625]]],[[[100.587,13.622],[100.5885,13.6215],[100.5875,13.621],[100.586,13.622],[100.587,13.622]]],[[[100.593,13.6225],[100.5935,13.6225],[100.593,13.6225]]],[[[100.593,13.622],[100.593,13.621],[100.591,13.6205],[100.5905,13.6215],[100.593,13.622]]],[[[100.591,13.623],[100.592,13.623],[100.591,13.623]]],[[[100.5915,13.6245],[100.592,13.6245],[100.5915,13.6245]]],[[[100.592,13.6245]]],[[[100.5935,13.647],[100.593,13.647],[100.5935,13.6475],[100.5935,13.647]]],[[[100.594,13.65]]],[[[100.596,13.6365],[100.5965,13.638],[100.596,13.6365]]],[[[100.5955,13.6375],[100.5955,13.637],[100.5955,13.6365],[100.5955,13.6375]]],[[[100.595,13.635],[100.595,13.6355],[100.595,13.635]]],[[[100.596,13.635],[100.595,13.633],[100.596,13.635]]],[[[100.5945,13.6335],[100.594,13.6335],[100.595,13.6345],[100.5945,13.6335]]],[[[100.596,13.633],[100.596,13.6325],[100.596,13.633]]],[[[100.596,13.6385],[100.5955,13.638],[100.596,13.6385]]],[[[100.5985,13.7435],[100.5975,13.7435],[100.598,13.7445],[100.5985,13.7435]]],[[[100.5975,13.7425],[100.598,13.7425],[100.5975,13.7425]]],[[[100.596,13.744]]],[[[100.5965,13.7425],[100.596,13.7425],[100.5965,13.7425]]],[[[100.597,13.7445],[100.5965,13.7445],[100.597,13.7445]]],[[[100.604,13.747]]],[[[100.604,13.743],[100.604,13.7425],[100.6035,13.7425],[100.604,13.743]]],[[[100.602,13.742],[100.604,13.742],[100.6035,13.7415],[100.602,13.742]]],[[[100.6035,13.741],[100.603,13.741],[100.6035,13.741]]],[[[100.601,13.745],[100.6,13.7455],[100.601,13.745]]],[[[100.5995,13.744],[100.6,13.745],[100.601,13.7435],[100.5995,13.744]]],[[[100.5985,13.741]]],[[[100.6,13.7425],[100.5995,13.7425],[100.6,13.7425]]],[[[100.602,13.7435],[100.602,13.743],[100.602,13.7435]]],[[[100.6015,13.741],[100.602,13.741],[100.6015,13.741]]],[[[100.6025,13.7455],[100.603,13.746],[100.6025,13.7455]]],[[[100.604,13.745]]],[[[100.6045,13.747]]],[[[100.5995,13.606],[100.5995,13.6065],[100.5995,13.606]]],[[[100.599,13.6055],[100.5985,13.6055],[100.599,13.606],[100.599,13.6055]]],[[[100.5985,13.6065],[100.599,13.6065],[100.5985,13.6065]]],[[[100.601,13.606],[100.6005,13.6065],[100.601,13.606]]],[[[100.6025,13.66],[100.604,13.66],[100.6035,13.6585],[100.602,13.659],[100.6025,13.6615],[100.6025,13.66]]],[[[100.6025,13.656],[100.603,13.657],[100.6025,13.6555],[100.6025,13.656]]],[[[100.602,13.6565],[100.601,13.656],[100.6015,13.6565],[100.602,13.6565]]],[[[100.602,13.6575],[100.6025,13.6575],[100.602,13.6575]]],[[[100.6065,13.657]]],[[[100.6045,13.6605],[100.604,13.6585],[100.6045,13.658],[100.604,13.658],[100.6045,13.6605]]],[[[100.604,13.6615],[100.604,13.661],[100.604,13.6615]]],[[[100.606,13.659],[100.605,13.6585],[100.605,13.659],[100.606,13.659]]],[[[100.606,13.657]]],[[[100.6055,13.66]]],[[[100.606,13.661],[100.6055,13.661],[100.606,13.661]]],[[[100.608,13.6595],[100.6075,13.6595],[100.608,13.6595]]],[[[100.608,13.6605],[100.608,13.66],[100.608,13.6605]]],[[[100.6085,13.662],[100.608,13.6615],[100.608,13.662],[100.6085,13.662]]],[[[100.6085,13.574],[100.609,13.5735],[100.608,13.573],[100.6085,13.574]]],[[[100.615,13.9105],[100.6155,13.911],[100.615,13.9105]]],[[[100.616,13.905],[100.615,13.9055],[100.616,13.905]]],[[[100.6135,13.9075],[100.6145,13.907],[100.613,13.9075],[100.6135,13.9075]]],[[[100.6135,13.9065]]],[[[100.614,13.9105],[100.614,13.91],[100.614,13.9105]]],[[[100.627,13.932],[100.6265,13.9315],[100.6265,13.932],[100.627,13.932]]],[[[100.627,13.9305],[100.6265,13.9305],[100.627,13.9305]]],[[[100.6265,13.9295],[100.627,13.9295],[100.6265,13.9295]]],[[[100.627,13.9255]]],[[[100.6275,13.924],[100.6275,13.9235],[100.627,13.9235],[100.6275,13.924]]],[[[100.6255,13.923],[100.627,13.922],[100.625,13.9225],[100.6255,13.923]]],[[[100.6215,13.9235],[100.622,13.924],[100.622,13.923],[100.6215,13.9235]]],[[[100.622,13.92],[100.622,13.9205],[100.622,13.92]]],[[[100.622,13.9175],[100.6215,13.9155],[100.621,13.9155],[100.622,13.9175]]],[[[100.6225,13.914],[100.6215,13.912],[100.621,13.912],[100.6225,13.914]]],[[[100.622,13.9105],[100.622,13.911],[100.622,13.9105]]],[[[100.6205,13.9085],[100.6225,13.9075],[100.621,13.9065],[100.6205,13.908],[100.62,13.9075],[100.6205,13.9085]]],[[[100.616,13.911],[100.615,13.9125],[100.616,13.9115],[100.6165,13.9125],[100.617,13.912],[100.616,13.911]]],[[[100.6195,13.912],[100.62,13.912],[100.6195,13.912]]],[[[100.6155,13.906],[100.6165,13.9055],[100.6155,13.906]]],[[[100.619,13.9055],[100.6175,13.906],[100.6175,13.9065],[100.6185,13.906],[100.619,13.9055]]],[[[100.6155,13.91],[100.6165,13.9105],[100.616,13.91],[100.6155,13.91]]],[[[100.6185,13.9095],[100.619,13.909],[100.618,13.909],[100.6185,13.9095]]],[[[100.618,13.907],[100.616,13.908],[100.6165,13.9085],[100.618,13.907]]],[[[100.616,13.907]]],[[[100.617,13.9065],[100.617,13.907],[100.617,13.9065]]],[[[100.6185,13.907],[100.62,13.9065],[100.6195,13.906],[100.6185,13.907]]],[[[100.617,13.909]]],[[[100.618,13.911]]],[[[100.619,13.9105],[100.6195,13.91],[100.619,13.9105]]],[[[100.621,13.911],[100.6215,13.911],[100.621,13.911]]],[[[100.621,13.91]]],[[[100.6215,13.919],[100.6205,13.917],[100.6215,13.919]]],[[[100.618,13.9125],[100.6185,13.9135],[100.618,13.9125]]],[[[100.619,13.9125]]],[[[100.6215,13.9145],[100.6205,13.913],[100.6215,13.9145]]],[[[100.621,13.915],[100.62,13.913],[100.6195,13.913],[100.621,13.915]]],[[[100.6215,13.922]]],[[[100.6205,13.9255]]],[[[100.621,13.926],[100.621,13.927],[100.621,13.926]]],[[[100.6215,13.9285]]],[[[100.6235,13.908],[100.623,13.908],[100.6235,13.908]]],[[[100.625,13.921],[100.625,13.9215],[100.625,13.921]]],[[[100.623,13.9185],[100.6225,13.918],[100.623,13.919],[100.623,13.9185]]],[[[100.6245,13.92],[100.6245,13.9205],[100.6245,13.92]]],[[[100.6235,13.92],[100.623,13.9195],[100.6235,13.92]]],[[[100.624,13.919],[100.624,13.9195],[100.6245,13.9195],[100.624,13.919]]],[[[100.623,13.9215],[100.623,13.921],[100.623,13.9215]]],[[[100.6265,13.925],[100.6265,13.9245],[100.6265,13.925]]],[[[100.6235,13.9225],[100.623,13.924],[100.6245,13.9235],[100.6235,13.9225]]],[[[100.6255,13.9235]]],[[[100.626,13.9265],[100.6245,13.927],[100.626,13.927],[100.626,13.9265]]],[[[100.625,13.928],[100.6245,13.928],[100.6245,13.9285],[100.625,13.9285],[100.625,13.928]]],[[[100.626,13.933],[100.626,13.9335],[100.626,13.933]]],[[[100.6285,13.9295],[100.628,13.9295],[100.6285,13.9295]]],[[[100.628,13.923]]],[[[100.629,13.9225],[100.6295,13.923],[100.6295,13.9225],[100.629,13.9225]]],[[[100.6305,13.921],[100.63,13.921],[100.6305,13.921]]],[[[100.6285,13.9235]]],[[[100.6295,13.927],[100.629,13.927],[100.6295,13.927]]],[[[100.6285,13.926]]],[[[100.6285,13.9295]]],[[[100.6275,13.9305]]],[[[100.6285,13.9305]]],[[[100.6295,13.781]]],[[[100.63,13.7805]]],[[[100.627,13.773],[100.6275,13.774],[100.6285,13.773],[100.627,13.773]]],[[[100.627,13.7725]]],[[[100.626,13.7725]]],[[[100.626,13.774],[100.626,13.773],[100.626,13.774]]],[[[100.624,13.7735],[100.624,13.774],[100.624,13.7735]]],[[[100.6255,13.773],[100.625,13.7735],[100.6255,13.773]]],[[[100.625,13.7795],[100.6245,13.7795],[100.625,13.7795]]],[[[100.627,13.7715]]],[[[100.6295,13.7725],[100.6295,13.7715],[100.6295,13.7725]]],[[[100.6285,13.772]]],[[[100.6295,13.774],[100.6295,13.7735],[100.6295,13.774]]],[[[100.6315,13.781],[100.6305,13.781],[100.6315,13.781]]],[[[100.633,13.7735]]],[[[100.631,13.7705],[100.632,13.771],[100.631,13.7705]]],[[[100.632,13.769],[100.632,13.77],[100.632,13.769]]],[[[100.6325,13.772],[100.6325,13.7715],[100.6325,13.772]]],[[[100.633,13.776],[100.632,13.776],[100.633,13.776]]],[[[100.632,13.7775],[100.633,13.7775],[100.632,13.7775]]],[[[100.648,13.738],[100.6485,13.738],[100.648,13.738]]],[[[100.64,13.7375],[100.6405,13.7375],[100.64,13.7375]]],[[[100.6395,13.738],[100.6395,13.7375],[100.6395,13.738]]],[[[100.642,13.7345],[100.642,13.735],[100.6415,13.735],[100.642,13.7345]]],[[[100.6425,13.736],[100.6425,13.7355],[100.6425,13.736]]],[[[100.6445,13.7355],[100.644,13.736],[100.6445,13.7365],[100.6445,13.7355]]],[[[100.6435,13.7405],[100.6425,13.7395],[100.643,13.742],[100.6435,13.7405]]],[[[100.6435,13.739],[100.643,13.7385],[100.6425,13.7385],[100.6435,13.739]]],[[[100.645,13.7395],[100.6435,13.7395],[100.644,13.74],[100.645,13.7395]]],[[[100.6465,13.7395],[100.6455,13.7395],[100.6455,13.74],[100.646,13.7395],[100.6465,13.7395]]],[[[100.645,13.74]]],[[[100.644,13.741]]],[[[100.6505,13.7375],[100.6495,13.739],[100.652,13.738],[100.6505,13.7375]]],[[[100.652,13.7385],[100.6515,13.7385],[100.652,13.7385]]],[[[100.6485,13.739]]],[[[100.649,13.933],[100.65,13.933],[100.649,13.933]]],[[[100.6445,13.9335],[100.6435,13.933],[100.643,13.9335],[100.6445,13.9335]]],[[[100.6905,13.7355],[100.691,13.7355],[100.6905,13.7355]]],[[[100.6915,13.7345]]],[[[100.689,13.7355]]],[[[100.69,13.7355]]],[[[100.6895,13.7335]]],[[[100.6895,13.7345],[100.689,13.7345],[100.6895,13.7345]]],[[[100.6935,13.7355],[100.693,13.7355],[100.6935,13.736],[100.695,13.7355],[100.6955,13.734],[100.6955,13.735],[100.6935,13.7345],[100.6935,13.7355]]],[[[100.6925,13.735],[100.6925,13.7345],[100.6925,13.735]]],[[[100.694,13.7365]]],[[[100.724,13.8145]]],[[[100.727,13.814],[100.7275,13.814],[100.7275,13.8135],[100.727,13.814]]],[[[100.721,13.8105],[100.7205,13.811],[100.721,13.8105]]],[[[100.723,13.8105],[100.7235,13.809],[100.722,13.812],[100.723,13.8105]]],[[[100.726,13.81],[100.7265,13.81],[100.726,13.81]]],[[[100.7275,13.8105],[100.727,13.8105],[100.7275,13.8105]]],[[[100.7295,13.81]]],[[[100.729,13.809]]],[[[100.73,13.8095],[100.73,13.809],[100.7295,13.8095],[100.73,13.8095]]],[[[100.725,13.811],[100.725,13.8115],[100.7245,13.812],[100.725,13.811]]],[[[100.73,13.812]]],[[[100.727,13.8105],[100.7265,13.811],[100.727,13.8105]]],[[[100.728,13.811]]],[[[100.7245,13.8135],[100.7245,13.813],[100.7245,13.8135]]],[[[100.7305,13.8135]]],[[[100.75,13.6905],[100.7485,13.6875],[100.7465,13.688],[100.7475,13.6915],[100.75,13.6905]]],[[[100.75,13.687],[100.7505,13.691],[100.753,13.69],[100.7525,13.6865],[100.75,13.687]]],[[[100.7485,13.6955],[100.7485,13.694],[100.7485,13.6945],[100.7485,13.6955]]],[[[100.753,13.6935],[100.75,13.694],[100.75,13.695],[100.754,13.694],[100.7535,13.693],[100.753,13.6935]]],[[[100.754,13.695]]],[[[100.753,13.7265],[100.7515,13.7265],[100.7515,13.7275],[100.752,13.7265],[100.753,13.7265]]],[[[100.749,13.7245],[100.749,13.725],[100.749,13.7255],[100.749,13.7245]]],[[[100.7505,13.7285],[100.751,13.728],[100.75,13.728],[100.7505,13.7285]]],[[[100.753,13.728]]]]}}]}