{"type":"FeatureCollection","features":[{"type":"Feature","properties":{"class":"0","n":0,"threshold_min":15,"speed_kmh":4.0},"geometry":{"type":"MultiPolygon","coordinates":[[[[100.338,13.8035],[100.4145,13.801],[100.4205,13.8],[100.4645,13.797],[100.4695,13.795],[100.466,13.789],[100.476,13.7915],[100.477,13.7925],[100.489,13.796],[100.497,13.7995],[100.5,13.7995],[100.5025,13.8015],[100.5025,13.8025],[100.5045,13.8035],[100.5045,13.8025],[100.5055,13.8025],[100.5055,13.8005],[100.5025,13.8005],[100.5025,13.7995],[100.501,13.799],[100.501,13.796],[100.5025,13.796],[100.5035,13.794],[100.5015,13.794],[100.502,13.795],[100.501,13.7945],[100.497,13.795],[100.497,13.7925],[100.498,13.7925],[100.498,13.7915],[100.497,13.7915],[100.497,13.79],[100.495,13.79],[100.495,13.789],[100.4945,13.79],[100.4925,13.79],[100.4915,13.788],[100.4895,13.788],[100.489,13.789],[100.488,13.787],[100.486,13.787],[100.486,13.7855],[100.484,13.786],[100.484,13.7845],[100.483,13.7845],[100.483,13.7835],[100.4805,13.7835],[100.4805,13.7825],[100.4815,13.7825],[100.4815,13.779],[100.4795,13.778],[100.4795,13.777],[100.4785,13.777],[100.4795,13.7765],[100.4795,13.7755],[100.4805,13.7755],[100.4805,13.7745],[100.4785,13.7735],[100.4785,13.771],[100.4765,13.771],[100.4765,13.769],[100.475,13.769],[100.475,13.768],[100.472,13.768],[100.472,13.771],[100.469,13.771],[100.469,13.772],[100.4675,13.772],[100.4675,13.769],[100.469,13.769],[100.469,13.768],[100.4675,13.7675],[100.4675,13.7665],[100.4685,13.7665],[100.469,13.7645],[100.4675,13.7645],[100.4675,13.7635],[100.4665,13.7635],[100.4665,13.761],[100.4645,13.76],[100.4645,13.7575],[100.4625,13.7565],[100.4625,13.7545],[100.46,13.7545],[100.4615,13.754],[100.4615,13.752],[100.4635,13.752],[100.4635,13.75],[100.4655,13.751],[100.4655,13.75],[100.4665,13.75],[100.467,13.7485],[100.4665,13.742],[100.4645,13.742],[100.4645,13.741],[100.4635,13.741],[100.4635,13.743],[100.4615,13.742],[100.4615,13.7395],[100.4635,13.7395],[100.4635,13.7375],[100.466,13.7375],[100.466,13.7385],[100.468,13.7385],[100.468,13.7375],[100.469,13.7375],[100.469,13.7365],[100.468,13.7365],[100.468,13.7355],[100.469,13.735],[100.467,13.735],[100.467,13.734],[100.466,13.734],[100.4655,13.733],[100.4655,13.732],[100.467,13.732],[100.467,13.7305],[100.4655,13.7305],[100.4655,13.7295],[100.468,13.7295],[100.468,13.7285],[100.466,13.7285],[100.466,13.7265],[100.465,13.7265],[100.4655,13.7285],[100.4645,13.7285],[100.4645,13.7305],[100.4635,13.7305],[100.4635,13.732],[100.4625,13.732],[100.4625,13.733],[100.4615,13.733],[100.4615,13.731],[100.4625,13.731],[100.4625,13.7295],[100.4605,13.7295],[100.4605,13.7305],[100.459,13.731],[100.4595,13.7285],[100.456,13.7285],[100.456,13.7295],[100.455,13.7295],[100.455,13.7275],[100.454,13.7275],[100.454,13.7295],[100.4525,13.7295],[100.4525,13.7265],[100.4515,13.727],[100.4515,13.726],[100.4525,13.726],[100.4525,13.724],[100.4515,13.724],[100.4515,13.7215],[100.4485,13.7215],[100.4485,13.7225],[100.4475,13.7225],[100.4475,13.7215],[100.446,13.7215],[100.446,13.7205],[100.445,13.7205],[100.445,13.723],[100.443,13.723],[100.444,13.7225],[100.444,13.7215],[100.441,13.7215],[100.4405,13.7225],[100.4395,13.7195],[100.44,13.7185],[100.441,13.7185],[100.441,13.717],[100.442,13.717],[100.442,13.716],[100.44,13.716],[100.44,13.717],[100.4385,13.717],[100.4385,13.718],[100.4375,13.718],[100.4375,13.716],[100.4355,13.716],[100.4355,13.7135],[100.4335,13.7135],[100.4345,13.714],[100.4345,13.715],[100.432,13.715],[100.432,13.717],[100.431,13.717],[100.431,13.718],[100.43,13.718],[100.431,13.714],[100.429,13.715],[100.429,13.717],[100.428,13.717],[100.428,13.718],[100.4275,13.716],[100.4255,13.716],[100.4255,13.717],[100.4245,13.717],[100.4245,13.7195],[100.421,13.7195],[100.421,13.7205],[100.419,13.7205],[100.419,13.7195],[100.418,13.7195],[100.418,13.718],[100.419,13.718],[100.419,13.716],[100.42,13.716],[100.42,13.7145],[100.418,13.7135],[100.418,13.715],[100.417,13.715],[100.417,13.717],[100.416,13.717],[100.416,13.716],[100.4125,13.716],[100.4125,13.717],[100.4115,13.717],[100.4115,13.719],[100.4105,13.719],[100.4105,13.716],[100.4095,13.716],[100.409,13.72],[100.408,13.72],[100.408,13.719],[100.407,13.719],[100.408,13.717],[100.406,13.717],[100.406,13.7155],[100.407,13.7155],[100.407,13.7145],[100.406,13.7145],[100.406,13.7135],[100.407,13.7135],[100.407,13.711],[100.406,13.711],[100.406,13.706],[100.404,13.7055],[100.406,13.7055],[100.406,13.7035],[100.408,13.7025],[100.408,13.706],[100.4125,13.7055],[100.4125,13.707],[100.4135,13.707],[100.4135,13.708],[100.4145,13.708],[100.4145,13.707],[100.415,13.708],[100.416,13.708],[100.416,13.706],[100.417,13.706],[100.417,13.708],[100.419,13.708],[100.419,13.707],[100.42,13.707],[100.42,13.705],[100.418,13.7055],[100.418,13.7045],[100.419,13.7045],[100.419,13.7035],[100.4205,13.7035],[100.4205,13.7025],[100.4225,13.7025],[100.4235,13.7045],[100.4215,13.705],[100.4215,13.706],[100.4245,13.706],[100.4255,13.708],[100.427,13.708],[100.427,13.7105],[100.429,13.7105],[100.429,13.709],[100.433,13.7095],[100.433,13.7125],[100.4345,13.7125],[100.4335,13.7105],[100.4375,13.7105],[100.4375,13.7115],[100.4385,13.7115],[100.4385,13.7095],[100.4375,13.709],[100.441,13.7095],[100.441,13.7115],[100.444,13.7115],[100.444,13.7105],[100.4455,13.7105],[100.4455,13.7125],[100.4475,13.7115],[100.4475,13.7125],[100.4505,13.7125],[100.4505,13.714],[100.453,13.714],[100.453,13.7125],[100.455,13.7125],[100.455,13.716],[100.457,13.716],[100.457,13.715],[100.458,13.715],[100.4585,13.7175],[100.457,13.7175],[100.457,13.7195],[100.458,13.7195],[100.458,13.7185],[100.4605,13.7185],[100.4605,13.7195],[100.4625,13.7185],[100.4625,13.713],[100.4615,13.713],[100.4615,13.712],[100.4605,13.7115],[100.4615,13.7115],[100.4615,13.7105],[100.4635,13.7105],[100.464,13.713],[100.465,13.713],[100.465,13.712],[100.466,13.7115],[100.465,13.7115],[100.465,13.7095],[100.464,13.7095],[100.464,13.7085],[100.467,13.707],[100.467,13.705],[100.469,13.705],[100.469,13.706],[100.4715,13.706],[100.4715,13.7075],[100.476,13.7065],[100.477,13.706],[100.477,13.705],[100.479,13.705],[100.479,13.706],[100.482,13.7065],[100.482,13.7085],[100.481,13.7085],[100.481,13.7095],[100.48,13.7095],[100.48,13.711],[100.479,13.711],[100.479,13.714],[100.481,13.714],[100.482,13.712],[100.4825,13.713],[100.4835,13.713],[100.4835,13.712],[100.4855,13.712],[100.4855,13.711],[100.4865,13.711],[100.4875,13.713],[100.489,13.713],[100.489,13.714],[100.491,13.714],[100.491,13.715],[100.493,13.715],[100.494,13.713],[100.495,13.713],[100.495,13.714],[100.4975,13.7145],[100.4975,13.7155],[100.4995,13.7155],[100.4995,13.7145],[100.5005,13.714],[100.503,13.714],[100.503,13.7155],[100.505,13.7155],[100.505,13.7145],[100.504,13.714],[100.507,13.714],[100.5075,13.7155],[100.5085,13.7155],[100.5085,13.7165],[100.5105,13.7165],[100.5105,13.7175],[100.5095,13.7175],[100.5095,13.7185],[100.5105,13.719],[100.5125,13.719],[100.5125,13.7155],[100.5105,13.7145],[100.5105,13.7135],[100.5115,13.7135],[100.5105,13.713],[100.5105,13.709],[100.5115,13.709],[100.5115,13.71],[100.514,13.71],[100.514,13.711],[100.516,13.711],[100.516,13.712],[100.518,13.712],[100.518,13.711],[100.5205,13.711],[100.5205,13.71],[100.5215,13.71],[100.5225,13.712],[100.5245,13.713],[100.5235,13.7135],[100.5235,13.7155],[100.527,13.7155],[100.527,13.7145],[100.5255,13.7145],[100.526,13.712],[100.53,13.7125],[100.529,13.7145],[100.531,13.7145],[100.531,13.7135],[100.5355,13.7135],[100.5355,13.7155],[100.5365,13.7155],[100.5365,13.72],[100.538,13.72],[100.5385,13.721],[100.539,13.72],[100.544,13.72],[100.543,13.718],[100.5465,13.718],[100.5465,13.719],[100.5475,13.719],[100.5475,13.717],[100.5485,13.717],[100.5485,13.718],[100.5505,13.718],[100.55,13.716],[100.552,13.716],[100.552,13.7145],[100.553,13.7145],[100.553,13.7135],[100.555,13.7135],[100.555,13.7145],[100.556,13.7145],[100.556,13.7135],[100.5575,13.7135],[100.5575,13.7125],[100.5595,13.7125],[100.5595,13.715],[100.5605,13.715],[100.5605,13.7135],[100.5615,13.7135],[100.5615,13.7145],[100.564,13.715],[100.564,13.716],[100.566,13.716],[100.567,13.718],[100.568,13.718],[100.568,13.7205],[100.567,13.7205],[100.567,13.7225],[100.569,13.7225],[100.5695,13.7215],[100.5695,13.724],[100.5705,13.724],[100.5705,13.7215],[100.5715,13.7215],[100.5715,13.7195],[100.5745,13.719],[100.575,13.716],[100.58,13.716],[100.579,13.714],[100.58,13.714],[100.5805,13.7125],[100.5815,13.7125],[100.5815,13.7115],[100.5835,13.7105],[100.5835,13.7095],[100.5845,13.7095],[100.5845,13.7115],[100.5855,13.7115],[100.5855,13.7105],[100.59,13.7105],[100.59,13.7095],[100.591,13.7095],[100.591,13.7085],[100.59,13.7085],[100.59,13.707],[100.591,13.707],[100.591,13.708],[100.5925,13.708],[100.5925,13.7095],[100.5945,13.7095],[100.5945,13.7085],[100.5935,13.7085],[100.5935,13.707],[100.5925,13.707],[100.592,13.706],[100.592,13.704],[100.591,13.7035],[100.5925,13.7035],[100.5935,13.7015],[100.5955,13.7025],[100.5955,13.7015],[100.5965,13.7015],[100.5965,13.6995],[100.5955,13.699],[100.599,13.698],[100.599,13.697],[100.598,13.697],[100.5965,13.694],[100.5965,13.6925],[100.6,13.6925],[100.6,13.6915],[100.601,13.6915],[100.602,13.6895],[100.603,13.6895],[100.6035,13.6905],[100.6025,13.684],[100.6045,13.684],[100.6035,13.6835],[100.6035,13.6825],[100.6045,13.6825],[100.6045,13.6805],[100.6035,13.6805],[100.6035,13.677],[100.6025,13.677],[100.6035,13.675],[100.6025,13.6745],[100.601,13.675],[100.6,13.6745],[100.6,13.6735],[100.601,13.6735],[100.601,13.6705],[100.6045,13.67],[100.6045,13.668],[100.6055,13.668],[100.6055,13.67],[100.6065,13.67],[100.6065,13.6725],[100.61,13.6725],[100.61,13.6735],[100.608,13.6735],[100.608,13.675],[100.611,13.675],[100.611,13.674],[100.613,13.674],[100.613,13.675],[100.614,13.675],[100.6155,13.678],[100.6175,13.678],[100.6175,13.677],[100.6195,13.678],[100.6185,13.6785],[100.6185,13.6795],[100.6175,13.6795],[100.6175,13.6805],[100.613,13.6805],[100.6145,13.6835],[100.6155,13.6835],[100.615,13.687],[100.614,13.687],[100.614,13.688],[100.6155,13.688],[100.6155,13.6905],[100.6175,13.6905],[100.6175,13.6925],[100.6155,13.6925],[100.615,13.694],[100.614,13.694],[100.614,13.695],[100.611,13.695],[100.611,13.696],[100.61,13.696],[100.61,13.697],[100.613,13.697],[100.613,13.6985],[100.615,13.6985],[100.615,13.6995],[100.611,13.6995],[100.611,13.7005],[100.614,13.7005],[100.614,13.7015],[100.613,13.7015],[100.613,13.7025],[100.61,13.703],[100.6105,13.704],[100.6095,13.704],[100.6095,13.7025],[100.6075,13.703],[100.6075,13.704],[100.6095,13.705],[100.6095,13.7095],[100.6085,13.7095],[100.6085,13.7105],[100.6075,13.7105],[100.6075,13.7095],[100.605,13.7095],[100.6055,13.713],[100.604,13.713],[100.604,13.714],[100.603,13.714],[100.603,13.7125],[100.6,13.713],[100.6,13.714],[100.599,13.714],[100.5995,13.7175],[100.5985,13.7175],[100.5985,13.7185],[100.5965,13.7195],[100.5965,13.7215],[100.5955,13.7215],[100.5955,13.7195],[100.5935,13.7185],[100.593,13.7215],[100.592,13.7215],[100.592,13.7225],[100.588,13.723],[100.589,13.725],[100.588,13.725],[100.588,13.727],[100.5865,13.727],[100.5865,13.7295],[100.5855,13.7295],[100.5855,13.7285],[100.5825,13.7285],[100.582,13.7295],[100.5825,13.733],[100.577,13.7325],[100.577,13.734],[100.5755,13.734],[100.5755,13.737],[100.5745,13.737],[100.5745,13.738],[100.5735,13.7385],[100.568,13.738],[100.568,13.7405],[100.567,13.7405],[100.566,13.7425],[100.565,13.7425],[100.565,13.746],[100.566,13.746],[100.566,13.747],[100.57,13.7475],[100.57,13.7485],[100.569,13.7485],[100.569,13.7505],[100.568,13.7505],[100.568,13.7525],[100.566,13.753],[100.569,13.753],[100.569,13.752],[100.571,13.753],[100.5715,13.7515],[100.5735,13.752],[100.578,13.7515],[100.5775,13.7505],[100.578,13.7475],[100.579,13.7475],[100.579,13.7505],[100.581,13.7515],[100.581,13.754],[100.582,13.754],[100.582,13.753],[100.5885,13.753],[100.5875,13.755],[100.5855,13.755],[100.5855,13.7585],[100.583,13.7585],[100.583,13.7565],[100.581,13.756],[100.581,13.7585],[100.579,13.7585],[100.5785,13.7605],[100.5745,13.7615],[100.5745,13.763],[100.5735,13.763],[100.5735,13.7665],[100.5745,13.7665],[100.5745,13.765],[100.5775,13.765],[100.5775,13.7665],[100.579,13.7665],[100.5785,13.7685],[100.5765,13.7695],[100.5765,13.774],[100.5795,13.774],[100.5795,13.775],[100.581,13.775],[100.581,13.7765],[100.583,13.7765],[100.583,13.7785],[100.581,13.7795],[100.581,13.783],[100.5795,13.783],[100.5795,13.7845],[100.5805,13.7845],[100.581,13.7875],[100.584,13.789],[100.584,13.79],[100.583,13.79],[100.583,13.792],[100.582,13.792],[100.5815,13.791],[100.5815,13.794],[100.5795,13.7945],[100.5795,13.7955],[100.5785,13.7955],[100.5785,13.7975],[100.5775,13.7975],[100.5775,13.7985],[100.5785,13.7985],[100.5785,13.801],[100.5805,13.801],[100.5805,13.8],[100.583,13.8],[100.583,13.802],[100.5825,13.803],[100.5815,13.803],[100.5815,13.8045],[100.5795,13.8035],[100.5795,13.8065],[100.5785,13.8065],[100.5785,13.809],[100.5775,13.809],[100.5775,13.811],[100.5785,13.811],[100.5785,13.812],[100.576,13.812],[100.576,13.8145],[100.574,13.8135],[100.573,13.8155],[100.572,13.8155],[100.572,13.8145],[100.571,13.8145],[100.571,13.8155],[100.5705,13.8145],[100.5685,13.8145],[100.5685,13.8155],[100.5695,13.8155],[100.5695,13.82],[100.5715,13.819],[100.572,13.822],[100.574,13.8225],[100.574,13.8245],[100.573,13.8245],[100.573,13.8255],[100.574,13.8255],[100.574,13.827],[100.575,13.827],[100.575,13.828],[100.577,13.828],[100.577,13.83],[100.578,13.83],[100.578,13.8315],[100.579,13.8315],[100.5795,13.8345],[100.5805,13.8345],[100.5805,13.8355],[100.5825,13.8355],[100.5825,13.837],[100.5835,13.837],[100.5825,13.839],[100.5805,13.838],[100.5805,13.84],[100.5815,13.84],[100.5815,13.841],[100.579,13.841],[100.579,13.8425],[100.5805,13.8425],[100.5805,13.8415],[100.5815,13.8415],[100.5815,13.8425],[100.5835,13.8435],[100.5835,13.8445],[100.5845,13.8445],[100.5845,13.8455],[100.5855,13.845],[100.5855,13.848],[100.5865,13.848],[100.5865,13.847],[100.588,13.847],[100.588,13.8525],[100.589,13.8525],[100.589,13.8545],[100.587,13.855],[100.5875,13.859],[100.588,13.857],[100.589,13.857],[100.591,13.8605],[100.593,13.8605],[100.593,13.864],[100.594,13.864],[100.594,13.866],[100.5955,13.866],[100.5955,13.867],[100.5975,13.866],[100.5975,13.867],[100.5985,13.867],[100.5985,13.8725],[100.6005,13.8725],[100.601,13.8705],[100.605,13.8695],[100.605,13.8685],[100.607,13.8685],[100.607,13.8675],[100.6105,13.867],[100.6105,13.866],[100.6125,13.866],[100.6125,13.865],[100.614,13.865],[100.615,13.863],[100.617,13.863],[100.617,13.862],[100.6185,13.8615],[100.6185,13.8605],[100.6205,13.8615],[100.6205,13.8575],[100.618,13.857],[100.618,13.856],[100.6195,13.856],[100.6195,13.855],[100.6205,13.855],[100.6205,13.853],[100.6195,13.853],[100.6205,13.8515],[100.6235,13.852],[100.624,13.854],[100.626,13.854],[100.626,13.852],[100.627,13.852],[100.627,13.8505],[100.63,13.8505],[100.63,13.8495],[100.6315,13.8495],[100.6305,13.8515],[100.6325,13.8515],[100.6325,13.8505],[100.6345,13.8505],[100.6345,13.8515],[100.637,13.851],[100.6355,13.8505],[100.636,13.8485],[100.639,13.8485],[100.639,13.8465],[100.641,13.8465],[100.641,13.8475],[100.642,13.8475],[100.642,13.8465],[100.6435,13.8465],[100.6435,13.844],[100.6425,13.844],[100.6425,13.842],[100.641,13.8415],[100.6435,13.8405],[100.6465,13.841],[100.6475,13.8405],[100.648,13.8385],[100.649,13.8385],[100.649,13.8395],[100.652,13.8395],[100.652,13.8405],[100.653,13.8405],[100.653,13.842],[100.6555,13.842],[100.6555,13.841],[100.6575,13.8405],[100.6575,13.8395],[100.6565,13.8395],[100.6565,13.8375],[100.6585,13.8375],[100.6575,13.8355],[100.6595,13.8355],[100.659,13.833],[100.661,13.833],[100.661,13.835],[100.662,13.8355],[100.6655,13.835],[100.6655,13.834],[100.6675,13.834],[100.6685,13.832],[100.6695,13.832],[100.6695,13.831],[100.6705,13.831],[100.6705,13.83],[100.672,13.8295],[100.672,13.8285],[100.674,13.8275],[100.674,13.8255],[100.676,13.825],[100.676,13.824],[100.6775,13.824],[100.6775,13.823],[100.6785,13.823],[100.6785,13.824],[100.6805,13.8245],[100.6805,13.8255],[100.6815,13.8255],[100.6825,13.8275],[100.6805,13.8285],[100.6805,13.83],[100.6795,13.83],[100.6795,13.831],[100.6775,13.83],[100.677,13.832],[100.674,13.832],[100.674,13.834],[100.673,13.834],[100.673,13.8365],[100.675,13.8355],[100.675,13.8375],[100.673,13.8375],[100.673,13.839],[100.672,13.839],[100.6725,13.842],[100.6715,13.842],[100.6715,13.8395],[100.6695,13.8395],[100.6695,13.8385],[100.6685,13.8385],[100.6685,13.8395],[100.6665,13.84],[100.666,13.841],[100.6665,13.844],[100.664,13.844],[100.664,13.8455],[100.663,13.8455],[100.663,13.8445],[100.661,13.844],[100.66,13.84],[100.6595,13.841],[100.6575,13.841],[100.6575,13.842],[100.6595,13.842],[100.6595,13.843],[100.6585,13.843],[100.6585,13.844],[100.6595,13.844],[100.6595,13.8455],[100.6585,13.8455],[100.6595,13.8475],[100.6555,13.8485],[100.6555,13.8495],[100.6545,13.8495],[100.654,13.851],[100.652,13.851],[100.652,13.853],[100.65,13.853],[100.65,13.854],[100.6465,13.854],[100.6465,13.853],[100.642,13.853],[100.642,13.8555],[100.641,13.8555],[100.641,13.8565],[100.639,13.8565],[100.639,13.8555],[100.637,13.856],[100.638,13.8565],[100.638,13.8575],[100.637,13.8575],[100.637,13.8595],[100.6345,13.8595],[100.6345,13.8585],[100.6335,13.8585],[100.6335,13.8595],[100.6315,13.8605],[100.6335,13.861],[100.6335,13.862],[100.63,13.862],[100.63,13.863],[100.631,13.863],[100.63,13.865],[100.628,13.865],[100.628,13.8665],[100.626,13.8665],[100.626,13.8675],[100.6245,13.866],[100.6245,13.8675],[100.6235,13.8675],[100.6235,13.871],[100.618,13.8705],[100.618,13.8685],[100.614,13.8685],[100.614,13.8705],[100.613,13.8705],[100.613,13.8675],[100.6105,13.8675],[100.6105,13.8695],[100.6125,13.8695],[100.6125,13.8705],[100.6115,13.8705],[100.6115,13.872],[100.6105,13.872],[100.6095,13.874],[100.6075,13.874],[100.6075,13.876],[100.607,13.875],[100.606,13.875],[100.606,13.877],[100.605,13.877],[100.605,13.8785],[100.604,13.8785],[100.604,13.8795],[100.606,13.8795],[100.606,13.8815],[100.6085,13.882],[100.6085,13.8865],[100.6095,13.8865],[100.6095,13.8875],[100.6105,13.8875],[100.6105,13.8865],[100.6115,13.8865],[100.6115,13.8875],[100.6135,13.8875],[100.6135,13.8885],[100.6125,13.8885],[100.6125,13.8905],[100.6105,13.891],[100.6105,13.892],[100.6125,13.892],[100.6125,13.893],[100.6135,13.893],[100.6135,13.895],[100.6145,13.895],[100.6145,13.8975],[100.6125,13.8975],[100.6125,13.8985],[100.6135,13.8985],[100.6135,13.9],[100.6115,13.9],[100.6115,13.901],[100.6105,13.901],[100.6095,13.8975],[100.609,13.8985],[100.608,13.8985],[100.608,13.8975],[100.606,13.8985],[100.606,13.8975],[100.605,13.8975],[100.605,13.8955],[100.604,13.896],[100.604,13.895],[100.603,13.895],[100.6025,13.892],[100.6005,13.892],[100.6005,13.891],[100.6015,13.891],[100.6005,13.8905],[100.6005,13.8895],[100.5995,13.8895],[100.5995,13.8915],[100.5985,13.8915],[100.5985,13.8905],[100.5965,13.8905],[100.596,13.887],[100.593,13.887],[100.592,13.885],[100.59,13.885],[100.5895,13.8905],[100.5875,13.8905],[100.5875,13.8915],[100.5865,13.8915],[100.5875,13.892],[100.5875,13.893],[100.5885,13.893],[100.5875,13.895],[100.5885,13.895],[100.5885,13.8975],[100.5895,13.8975],[100.5895,13.8995],[100.5905,13.8995],[100.5905,13.9015],[100.5915,13.9015],[100.592,13.905],[100.594,13.905],[100.594,13.9085],[100.595,13.9085],[100.595,13.9105],[100.596,13.9105],[100.596,13.912],[100.598,13.913],[100.598,13.915],[100.5995,13.9155],[100.5995,13.9185],[100.6005,13.9185],[100.6005,13.9195],[100.6025,13.9195],[100.6025,13.922],[100.6035,13.922],[100.6035,13.923],[100.5995,13.923],[100.5995,13.922],[100.599,13.923],[100.598,13.923],[100.598,13.921],[100.594,13.921],[100.594,13.92],[100.5915,13.9195],[100.5905,13.9175],[100.5885,13.9175],[100.5885,13.9155],[100.5905,13.9155],[100.5905,13.911],[100.592,13.911],[100.5915,13.9095],[100.592,13.9065],[100.5905,13.906],[100.5905,13.905],[100.5895,13.905],[100.5895,13.903],[100.5875,13.903],[100.5865,13.905],[100.584,13.905],[100.584,13.904],[100.583,13.904],[100.582,13.902],[100.58,13.9015],[100.58,13.8995],[100.582,13.8985],[100.582,13.8975],[100.581,13.8975],[100.582,13.897],[100.582,13.895],[100.581,13.895],[100.581,13.894],[100.579,13.894],[100.579,13.893],[100.578,13.893],[100.578,13.8915],[100.5775,13.893],[100.5745,13.8925],[100.5745,13.895],[100.5725,13.895],[100.572,13.894],[100.572,13.895],[100.568,13.895],[100.568,13.896],[100.566,13.896],[100.566,13.898],[100.5635,13.8985],[100.5635,13.8995],[100.5645,13.8995],[100.5645,13.9015],[100.56,13.9015],[100.56,13.9005],[100.559,13.9005],[100.559,13.899],[100.5615,13.898],[100.557,13.898],[100.557,13.899],[100.555,13.899],[100.554,13.8995],[100.554,13.9005],[100.5525,13.9005],[100.5515,13.9025],[100.5495,13.9025],[100.5495,13.9015],[100.547,13.9015],[100.547,13.9025],[100.546,13.9025],[100.546,13.9035],[100.547,13.904],[100.546,13.905],[100.544,13.905],[100.544,13.9095],[100.546,13.9105],[100.546,13.9115],[100.545,13.9115],[100.545,13.914],[100.548,13.914],[100.547,13.9135],[100.547,13.909],[100.5485,13.909],[100.5485,13.908],[100.5525,13.907],[100.5525,13.908],[100.5545,13.9085],[100.5545,13.9095],[100.5535,13.9095],[100.5535,13.9105],[100.5515,13.9115],[100.5515,13.9125],[100.5525,13.9125],[100.5525,13.9135],[100.5515,13.9135],[100.5515,13.915],[100.5535,13.914],[100.5535,13.916],[100.5525,13.916],[100.5525,13.9185],[100.5505,13.9185],[100.55,13.923],[100.547,13.923],[100.547,13.925],[100.545,13.926],[100.546,13.928],[100.5425,13.928],[100.5425,13.927],[100.5435,13.927],[100.5425,13.925],[100.544,13.925],[100.544,13.924],[100.545,13.924],[100.545,13.923],[100.5435,13.9235],[100.544,13.9215],[100.5435,13.9195],[100.5425,13.9195],[100.5425,13.9205],[100.5405,13.9195],[100.5395,13.9215],[100.5385,13.9215],[100.5385,13.9135],[100.5365,13.9135],[100.5365,13.9125],[100.535,13.9125],[100.535,13.9105],[100.536,13.9105],[100.5365,13.9095],[100.5365,13.907],[100.536,13.908],[100.534,13.908],[100.534,13.909],[100.533,13.909],[100.533,13.9105],[100.532,13.9105],[100.531,13.9125],[100.5285,13.9125],[100.5285,13.9115],[100.5275,13.9115],[100.5275,13.91],[100.5245,13.9105],[100.524,13.907],[100.522,13.906],[100.522,13.908],[100.523,13.908],[100.523,13.91],[100.522,13.91],[100.522,13.9135],[100.518,13.9135],[100.518,13.9145],[100.5175,13.9135],[100.5165,13.9135],[100.5165,13.9125],[100.5145,13.9125],[100.5145,13.9115],[100.5155,13.911],[100.5115,13.911],[100.5115,13.91],[100.51,13.91],[100.51,13.9125],[100.508,13.9125],[100.508,13.9115],[100.507,13.911],[100.5055,13.911],[100.5045,13.912],[100.5045,13.911],[100.5035,13.911],[100.5035,13.912],[100.5005,13.912],[100.5005,13.911],[100.498,13.911],[100.4995,13.908],[100.499,13.9045],[100.5015,13.9045],[100.5015,13.902],[100.4995,13.902],[100.4995,13.899],[100.498,13.899],[100.498,13.8975],[100.4995,13.8975],[100.4985,13.8955],[100.5005,13.8955],[100.5015,13.8935],[100.504,13.893],[100.505,13.891],[100.507,13.891],[100.507,13.89],[100.506,13.89],[100.506,13.8875],[100.507,13.8875],[100.507,13.8845],[100.509,13.8845],[100.509,13.882],[100.5115,13.882],[100.5115,13.879],[100.5095,13.879],[100.5095,13.8775],[100.5105,13.8775],[100.5105,13.8745],[100.5125,13.8745],[100.5125,13.872],[100.5135,13.872],[100.5135,13.871],[100.5125,13.871],[100.5125,13.869],[100.514,13.8685],[100.5135,13.8645],[100.5105,13.8645],[100.5105,13.8655],[100.5095,13.8655],[100.5095,13.8645],[100.5085,13.864],[100.506,13.864],[100.505,13.8645],[100.505,13.8665],[100.503,13.8665],[100.503,13.8685],[100.502,13.8685],[100.5015,13.8665],[100.502,13.865],[100.5005,13.865],[100.5005,13.8685],[100.4975,13.8685],[100.4975,13.8675],[100.4965,13.8675],[100.4965,13.8685],[100.495,13.8685],[100.495,13.8675],[100.494,13.8675],[100.494,13.8685],[100.491,13.8685],[100.491,13.8695],[100.49,13.8695],[100.49,13.872],[100.4885,13.872],[100.4885,13.8705],[100.4865,13.871],[100.4865,13.872],[100.4875,13.872],[100.4875,13.874],[100.4865,13.874],[100.4865,13.875],[100.4845,13.875],[100.4845,13.8785],[100.484,13.8775],[100.482,13.8775],[100.482,13.8765],[100.481,13.8765],[100.481,13.8775],[100.48,13.8775],[100.48,13.8765],[100.478,13.8765],[100.478,13.873],[100.479,13.873],[100.479,13.871],[100.4745,13.871],[100.4745,13.874],[100.4735,13.874],[100.4735,13.875],[100.47,13.875],[100.47,13.8765],[100.466,13.876],[100.4625,13.877],[100.4625,13.875],[100.4635,13.875],[100.4635,13.874],[100.4615,13.874],[100.4615,13.875],[100.4595,13.875],[100.4605,13.877],[100.4595,13.877],[100.459,13.8785],[100.459,13.8775],[100.456,13.876],[100.456,13.8785],[100.453,13.8785],[100.453,13.8805],[100.4515,13.882],[100.4505,13.882],[100.4505,13.8805],[100.4495,13.8805],[100.4495,13.8815],[100.4485,13.8815],[100.4485,13.883],[100.446,13.8825],[100.446,13.8805],[100.443,13.8805],[100.443,13.8795],[100.441,13.8795],[100.441,13.8785],[100.4395,13.8785],[100.4405,13.878],[100.4405,13.877],[100.4385,13.877],[100.4385,13.8795],[100.4395,13.8795],[100.4395,13.8815],[100.4375,13.8825],[100.4375,13.884],[100.4355,13.883],[100.4355,13.8815],[100.434,13.8815],[100.434,13.885],[100.432,13.884],[100.433,13.8825],[100.432,13.8825],[100.431,13.8805],[100.429,13.8815],[100.4285,13.879],[100.43,13.876],[100.428,13.876],[100.428,13.877],[100.4265,13.877],[100.4265,13.878],[100.4255,13.878],[100.4255,13.876],[100.4245,13.876],[100.4245,13.877],[100.4225,13.877],[100.4225,13.879],[100.422,13.878],[100.421,13.878],[100.421,13.8805],[100.417,13.8805],[100.417,13.8795],[100.416,13.8795],[100.417,13.879],[100.417,13.878],[100.4145,13.878],[100.4145,13.877],[100.4135,13.877],[100.4125,13.879],[100.4145,13.879],[100.4145,13.88],[100.4155,13.8795],[100.4155,13.8825],[100.4145,13.8825],[100.4145,13.8845],[100.4125,13.8845],[100.4115,13.885],[100.4115,13.886],[100.4145,13.886],[100.4145,13.888],[100.4155,13.888],[100.4155,13.889],[100.4135,13.889],[100.4145,13.8895],[100.4135,13.8915],[100.4125,13.8915],[100.4125,13.8905],[100.4105,13.8905],[100.4105,13.8895],[100.4115,13.889],[100.409,13.889],[100.409,13.8905],[100.41,13.8905],[100.41,13.8915],[100.409,13.8915],[100.409,13.897],[100.411,13.896],[100.4115,13.8985],[100.408,13.899],[100.408,13.9005],[100.409,13.9005],[100.409,13.9015],[100.406,13.9015],[100.406,13.9005],[100.4045,13.9005],[100.4045,13.8995],[100.406,13.899],[100.405,13.897],[100.407,13.896],[100.407,13.895],[100.406,13.895],[100.406,13.8935],[100.405,13.8935],[100.405,13.8945],[100.4015,13.895],[100.4025,13.8945],[100.4025,13.8925],[100.4015,13.8925],[100.4015,13.8915],[100.4035,13.8905],[100.4035,13.8895],[100.4025,13.89],[100.4025,13.889],[100.4035,13.889],[100.4035,13.887],[100.4025,13.887],[100.4035,13.885],[100.3995,13.8845],[100.3995,13.8835],[100.4005,13.8835],[100.4005,13.8815],[100.4015,13.8815],[100.4015,13.88],[100.4025,13.88],[100.4025,13.877],[100.4035,13.877],[100.404,13.8745],[100.408,13.8735],[100.408,13.8715],[100.4095,13.8715],[100.4095,13.8705],[100.4105,13.8705],[100.4105,13.8725],[100.4115,13.8725],[100.4115,13.8735],[100.4145,13.8735],[100.4145,13.87],[100.4215,13.8705],[100.4225,13.87],[100.4225,13.869],[100.4255,13.869],[100.4255,13.8705],[100.4265,13.8705],[100.4265,13.8725],[100.4255,13.8725],[100.4255,13.8735],[100.428,13.874],[100.428,13.8725],[100.43,13.8735],[100.43,13.8715],[100.431,13.8715],[100.43,13.8695],[100.433,13.869],[100.434,13.8695],[100.434,13.8715],[100.4355,13.8715],[100.4355,13.8705],[100.4365,13.8705],[100.4365,13.874],[100.4355,13.874],[100.4355,13.875],[100.4375,13.875],[100.4375,13.874],[100.4395,13.8735],[100.4405,13.874],[100.441,13.876],[100.446,13.876],[100.446,13.875],[100.444,13.875],[100.444,13.874],[100.443,13.874],[100.443,13.8715],[100.445,13.8725],[100.445,13.8705],[100.446,13.8705],[100.446,13.8715],[100.4475,13.8715],[100.4475,13.8725],[100.4495,13.873],[100.4495,13.874],[100.4485,13.874],[100.4475,13.876],[100.4495,13.876],[100.4495,13.875],[100.4505,13.875],[100.4505,13.8725],[100.4515,13.8725],[100.4515,13.875],[100.455,13.875],[100.455,13.874],[100.454,13.874],[100.454,13.8725],[100.455,13.8725],[100.455,13.8715],[100.456,13.8715],[100.456,13.8725],[100.458,13.8715],[100.458,13.8725],[100.459,13.872],[100.4585,13.8705],[100.4595,13.8705],[100.4595,13.8695],[100.4615,13.8705],[100.4615,13.8685],[100.469,13.8685],[100.469,13.867],[100.47,13.867],[100.47,13.866],[100.471,13.867],[100.4725,13.867],[100.4725,13.8695],[100.4745,13.8685],[100.4745,13.8695],[100.4765,13.8695],[100.477,13.8705],[100.477,13.8695],[100.479,13.8695],[100.479,13.8675],[100.48,13.8675],[100.48,13.8665],[100.479,13.8665],[100.479,13.865],[100.48,13.865],[100.48,13.864],[100.482,13.864],[100.482,13.862],[100.483,13.862],[100.483,13.864],[100.4845,13.864],[100.4845,13.866],[100.4855,13.866],[100.4835,13.8665],[100.4835,13.8675],[100.4865,13.8675],[100.4855,13.8695],[100.4875,13.8695],[100.4875,13.8685],[100.4885,13.8685],[100.4885,13.866],[100.4865,13.866],[100.4865,13.865],[100.4855,13.865],[100.4855,13.863],[100.4875,13.863],[100.4875,13.861],[100.4885,13.8605],[100.49,13.861],[100.49,13.863],[100.491,13.863],[100.491,13.8605],[100.492,13.8605],[100.492,13.8595],[100.491,13.8595],[100.491,13.8575],[100.492,13.8575],[100.492,13.856],[100.494,13.856],[100.494,13.8575],[100.4955,13.8575],[100.495,13.8585],[100.4955,13.8605],[100.4965,13.8605],[100.4965,13.8595],[100.4985,13.8595],[100.4985,13.8575],[100.5005,13.8585],[100.5005,13.8595],[100.502,13.8595],[100.502,13.8585],[100.5095,13.8585],[100.5095,13.8565],[100.5075,13.8555],[100.5085,13.855],[100.5085,13.854],[100.5095,13.854],[100.5095,13.852],[100.506,13.852],[100.506,13.851],[100.504,13.851],[100.505,13.8505],[100.505,13.8495],[100.506,13.8495],[100.5065,13.8475],[100.5075,13.8475],[100.5075,13.8455],[100.5065,13.846],[100.506,13.844],[100.506,13.843],[100.5085,13.843],[100.5085,13.841],[100.5075,13.841],[100.5075,13.8385],[100.5095,13.8385],[100.5095,13.836],[100.5105,13.836],[100.5105,13.834],[100.511,13.835],[100.514,13.835],[100.514,13.833],[100.517,13.833],[100.517,13.832],[100.5175,13.834],[100.5185,13.834],[100.5195,13.832],[100.5215,13.831],[100.5195,13.8305],[100.5195,13.8295],[100.5205,13.8295],[100.5205,13.8285],[100.5225,13.8285],[100.523,13.8295],[100.523,13.8275],[100.524,13.8275],[100.524,13.8265],[100.523,13.8265],[100.5225,13.823],[100.525,13.823],[100.525,13.824],[100.528,13.824],[100.527,13.822],[100.525,13.822],[100.525,13.821],[100.524,13.821],[100.524,13.8195],[100.525,13.8195],[100.525,13.8175],[100.526,13.8175],[100.526,13.815],[100.527,13.815],[100.527,13.812],[100.525,13.812],[100.525,13.8105],[100.526,13.8105],[100.526,13.8095],[100.523,13.8095],[100.522,13.8115],[100.5215,13.8105],[100.5205,13.8105],[100.5205,13.8095],[100.5185,13.8095],[100.5185,13.804],[100.5195,13.804],[100.5195,13.803],[100.5185,13.803],[100.5195,13.8025],[100.5185,13.8005],[100.5205,13.8005],[100.5205,13.7985],[100.522,13.7985],[100.522,13.7995],[100.524,13.7995],[100.524,13.8005],[100.526,13.8005],[100.526,13.8015],[100.527,13.8015],[100.527,13.7995],[100.5305,13.7995],[100.5305,13.7985],[100.5325,13.7985],[100.5325,13.7975],[100.533,13.7985],[100.534,13.7985],[100.534,13.7995],[100.536,13.7995],[100.535,13.7975],[100.538,13.7975],[100.538,13.7965],[100.5395,13.7965],[100.5385,13.796],[100.5385,13.795],[100.5405,13.795],[100.5405,13.7965],[100.5425,13.7965],[100.5425,13.795],[100.5435,13.795],[100.5435,13.7965],[100.546,13.7965],[100.545,13.796],[100.545,13.793],[100.5435,13.793],[100.5435,13.792],[100.5415,13.7915],[100.5415,13.7885],[100.5405,13.7885],[100.5405,13.7895],[100.5385,13.7895],[100.5385,13.7885],[100.5395,13.7885],[100.5395,13.787],[100.5405,13.787],[100.5395,13.785],[100.5385,13.785],[100.5385,13.7825],[100.5375,13.7825],[100.5375,13.7815],[100.5385,13.7815],[100.5385,13.7795],[100.537,13.7795],[100.5375,13.776],[100.5385,13.776],[100.5375,13.774],[100.5385,13.774],[100.5385,13.773],[100.5375,13.773],[100.5375,13.7715],[100.5365,13.7715],[100.5365,13.7695],[100.536,13.7705],[100.533,13.7705],[100.533,13.7695],[100.53,13.769],[100.53,13.766],[100.5275,13.766],[100.5275,13.765],[100.5295,13.764],[100.5285,13.7635],[100.5285,13.7615],[100.5275,13.7615],[100.5275,13.7625],[100.5245,13.7625],[100.5245,13.7605],[100.5275,13.76],[100.5275,13.759],[100.5255,13.758],[100.5255,13.756],[100.5245,13.756],[100.5245,13.758],[100.5235,13.758],[100.523,13.7535],[100.522,13.7535],[100.522,13.7515],[100.5235,13.7515],[100.5235,13.75],[100.5225,13.75],[100.522,13.749],[100.522,13.7505],[100.521,13.751],[100.52,13.749],[100.518,13.749],[100.518,13.748],[100.519,13.748],[100.519,13.747],[100.518,13.747],[100.518,13.7445],[100.517,13.7445],[100.517,13.747],[100.516,13.747],[100.5155,13.749],[100.5145,13.749],[100.5135,13.751],[100.5115,13.751],[100.5115,13.749],[100.5105,13.749],[100.51,13.751],[100.509,13.751],[100.509,13.7535],[100.508,13.7535],[100.508,13.7545],[100.507,13.7545],[100.507,13.7555],[100.506,13.7555],[100.506,13.7565],[100.505,13.757],[100.5015,13.7565],[100.5015,13.7555],[100.4995,13.7555],[100.4995,13.7545],[100.498,13.7545],[100.498,13.7535],[100.494,13.7535],[100.494,13.7545],[100.493,13.7545],[100.493,13.7525],[100.4915,13.7525],[100.4915,13.751],[100.4885,13.751],[100.4885,13.748],[100.4895,13.748],[100.4895,13.7455],[100.4905,13.7455],[100.491,13.7435],[100.493,13.7435],[100.493,13.742],[100.494,13.742],[100.494,13.741],[100.496,13.741],[100.496,13.74],[100.4985,13.74],[100.4985,13.739],[100.5025,13.74],[100.503,13.738],[100.508,13.738],[100.508,13.7365],[100.509,13.7365],[100.509,13.7355],[100.504,13.7355],[100.504,13.7365],[100.503,13.7365],[100.503,13.7355],[100.5015,13.7355],[100.5015,13.7345],[100.4985,13.7345],[100.4985,13.7335],[100.4975,13.7335],[100.4985,13.733],[100.4985,13.731],[100.4995,13.731],[100.4995,13.73],[100.4975,13.73],[100.4975,13.729],[100.4985,13.7285],[100.496,13.7285],[100.496,13.73],[100.495,13.73],[100.495,13.729],[100.493,13.729],[100.493,13.7275],[100.4895,13.7275],[100.4895,13.7245],[100.4885,13.7245],[100.4875,13.7265],[100.4845,13.7265],[100.4845,13.7295],[100.482,13.73],[100.483,13.73],[100.483,13.731],[100.4845,13.731],[100.4845,13.733],[100.4865,13.733],[100.4865,13.731],[100.4875,13.731],[100.4875,13.732],[100.493,13.732],[100.493,13.7365],[100.4905,13.7365],[100.491,13.7375],[100.4905,13.7435],[100.4895,13.7435],[100.4895,13.7445],[100.4875,13.7445],[100.4875,13.7455],[100.4855,13.7455],[100.4855,13.7435],[100.485,13.7455],[100.482,13.7455],[100.482,13.7445],[100.481,13.7445],[100.481,13.7465],[100.48,13.7465],[100.48,13.7475],[100.479,13.7475],[100.4785,13.742],[100.4775,13.742],[100.4775,13.744],[100.4745,13.7445],[100.4745,13.7465],[100.4735,13.7465],[100.473,13.7485],[100.472,13.749],[100.4735,13.749],[100.4745,13.753],[100.4765,13.753],[100.4775,13.7535],[100.4775,13.7545],[100.4785,13.7545],[100.4785,13.7565],[100.4745,13.7575],[100.474,13.76],[100.4745,13.761],[100.4755,13.761],[100.4755,13.763],[100.4745,13.7635],[100.4765,13.7635],[100.4755,13.7655],[100.4775,13.7655],[100.4775,13.7645],[100.4785,13.7645],[100.4785,13.7665],[100.4805,13.7665],[100.4805,13.771],[100.481,13.77],[100.485,13.77],[100.485,13.769],[100.486,13.769],[100.486,13.771],[100.485,13.771],[100.485,13.7735],[100.4875,13.7735],[100.4875,13.7745],[100.4895,13.7735],[100.4895,13.7755],[100.4925,13.7755],[100.4925,13.777],[100.4915,13.777],[100.4915,13.778],[100.494,13.778],[100.494,13.779],[100.496,13.779],[100.496,13.78],[100.497,13.78],[100.497,13.779],[100.5,13.779],[100.5005,13.7815],[100.5015,13.7815],[100.5015,13.787],[100.5045,13.787],[100.5055,13.789],[100.507,13.789],[100.508,13.7915],[100.509,13.7915],[100.51,13.7935],[100.512,13.794],[100.511,13.796],[100.513,13.796],[100.513,13.798],[100.5145,13.798],[100.5145,13.8015],[100.5155,13.8015],[100.5155,13.8025],[100.5145,13.8025],[100.515,13.805],[100.5165,13.805],[100.5165,13.806],[100.515,13.806],[100.515,13.807],[100.513,13.807],[100.513,13.8085],[100.51,13.8085],[100.512,13.8105],[100.513,13.8105],[100.514,13.8125],[100.515,13.812],[100.5155,13.8135],[100.5095,13.816],[100.5075,13.816],[100.503,13.8195],[100.502,13.8195],[100.4945,13.8125],[100.4935,13.8125],[100.4935,13.8115],[100.4915,13.8105],[100.4915,13.8095],[100.4905,13.8105],[100.491,13.8115],[100.49,13.8115],[100.489,13.8135],[100.488,13.8195],[100.4855,13.819],[100.4855,13.821],[100.4815,13.821],[100.482,13.8225],[100.4815,13.8235],[100.4795,13.8245],[100.48,13.828],[100.478,13.828],[100.478,13.8305],[100.476,13.8325],[100.4735,13.8325],[100.466,13.8255],[100.4595,13.829],[100.4595,13.83],[100.4575,13.83],[100.4565,13.831],[100.44,13.828],[100.437,13.83],[100.4355,13.83],[100.4355,13.831],[100.429,13.833],[100.426,13.8365],[100.425,13.8355],[100.4245,13.8365],[100.4215,13.8355],[100.4215,13.8345],[100.4205,13.8345],[100.417,13.831],[100.416,13.831],[100.416,13.83],[100.415,13.83],[100.4145,13.829],[100.413,13.829],[100.4115,13.8275],[100.4095,13.8275],[100.403,13.824],[100.3995,13.8305],[100.3935,13.8275],[100.393,13.8265],[100.3845,13.825],[100.3685,13.816],[100.364,13.817],[100.3495,13.817],[100.3495,13.8215],[100.3485,13.825],[100.328,13.826],[100.3225,13.8235],[100.3195,13.8235],[100.319,13.8225],[100.319,13.824],[100.316,13.829],[100.316,13.8305],[100.3135,13.834],[100.3135,13.836],[100.3085,13.8445],[100.308,13.848],[100.307,13.848],[100.307,13.8495],[100.3035,13.855],[100.3005,13.863],[100.297,13.8695],[100.3005,13.873],[100.302,13.8785],[100.308,13.8775],[100.308,13.8765],[100.319,13.8765],[100.323,13.8775],[100.322,13.885],[100.3265,13.8855],[100.3285,13.882],[100.331,13.8815],[100.342,13.8835],[100.3415,13.891],[100.338,13.898],[100.337,13.903],[100.3325,13.912],[100.3315,13.92],[100.3305,13.9215],[100.336,13.9265],[100.338,13.927],[100.338,13.928],[100.339,13.928],[100.3395,13.9295],[100.3425,13.9315],[100.3445,13.9355],[100.3455,13.9355],[100.348,13.94],[100.349,13.94],[100.351,13.9435],[100.352,13.9435],[100.352,13.9445],[100.3545,13.947],[100.356,13.95],[100.353,13.9525],[100.352,13.9525],[100.352,13.9535],[100.35,13.954],[100.352,13.956],[100.3545,13.9605],[100.3555,13.965],[100.356,13.985],[100.3495,13.9965],[100.3505,13.9965],[100.351,13.9975],[100.352,13.9975],[100.356,14.0005],[100.3625,13.9945],[100.364,13.992],[100.374,13.9905],[100.381,13.9885],[100.381,13.993],[100.382,13.993],[100.382,13.9945],[100.391,13.9925],[100.401,13.989],[100.407,13.9885],[100.4085,13.9875],[100.4125,13.987],[100.427,13.9825],[100.4345,13.9815],[100.438,13.978],[100.439,13.978],[100.439,13.977],[100.442,13.976],[100.4425,13.9745],[100.4475,13.972],[100.449,13.97],[100.45,13.97],[100.45,13.969],[100.453,13.968],[100.453,13.967],[100.454,13.967],[100.454,13.968],[100.4565,13.97],[100.458,13.977],[100.4585,13.976],[100.4605,13.976],[100.462,13.9715],[100.467,13.9705],[100.4675,13.967],[100.4685,13.967],[100.485,13.9505],[100.486,13.9505],[100.486,13.949],[100.4875,13.947],[100.4895,13.9415],[100.4915,13.9415],[100.499,13.937],[100.502,13.9365],[100.5045,13.9405],[100.5075,13.9415],[100.5095,13.9435],[100.526,13.943],[100.5275,13.944],[100.5295,13.944],[100.5335,13.946],[100.534,13.9475],[100.535,13.9475],[100.535,13.9485],[100.537,13.9495],[100.539,13.9555],[100.5415,13.9555],[100.542,13.9535],[100.544,13.954],[100.5455,13.952],[100.5475,13.952],[100.549,13.951],[100.5525,13.9505],[100.5555,13.951],[100.557,13.95],[100.5605,13.9505],[100.561,13.9495],[100.5685,13.951],[100.574,13.9545],[100.5925,13.95],[100.5935,13.949],[100.5955,13.949],[100.5955,13.948],[100.5985,13.9475],[100.6055,13.944],[100.6055,13.949],[100.6045,13.952],[100.6045,13.9545],[100.6065,13.9545],[100.6065,13.961],[100.6055,13.961],[100.6055,13.967],[100.6075,13.967],[100.6075,13.966],[100.61,13.966],[100.61,13.967],[100.6095,13.968],[100.6055,13.968],[100.6055,13.969],[100.6045,13.969],[100.6035,13.9805],[100.604,13.9815],[100.605,13.9815],[100.605,13.9835],[100.6055,13.9845],[100.6065,13.9845],[100.6065,13.986],[100.6075,13.986],[100.6075,13.988],[100.6065,13.988],[100.6065,13.9895],[100.604,13.989],[100.604,13.9915],[100.603,13.9915],[100.603,13.9935],[100.602,13.9935],[100.602,13.996],[100.606,13.996],[100.613,13.9985],[100.617,13.9985],[100.6245,14.001],[100.6325,14.002],[100.6325,14.003],[100.6365,14.003],[100.64,14.0045],[100.6475,14.0055],[100.653,14.0075],[100.6585,14.0075],[100.668,14.009],[100.677,14.009],[100.681,14.01],[100.6825,14.0115],[100.6865,14.0125],[100.693,14.016],[100.695,14.016],[100.6965,14.0175],[100.703,14.0205],[100.705,14.0205],[100.705,14.0215],[100.7125,14.025],[100.713,14.026],[100.7145,14.026],[100.7145,14.027],[100.721,14.0305],[100.732,14.0315],[100.732,14.0335],[100.746,14.0405],[100.7485,14.041],[100.7535,14.044],[100.757,14.0445],[100.757,14.0455],[100.759,14.0455],[100.7655,14.0485],[100.769,14.049],[100.7775,14.0525],[100.7795,14.0525],[100.786,14.0555],[100.7925,14.057],[100.795,14.0585],[100.8055,14.0615],[100.8065,14.0625],[100.8185,14.066],[100.822,14.068],[100.823,14.0675],[100.8295,14.0705],[100.8315,14.0705],[100.837,14.073],[100.849,14.0765],[100.85,14.0775],[100.8565,14.079],[100.8575,14.08],[100.862,14.081],[100.8655,14.083],[100.8695,14.0835],[100.874,14.086],[100.8825,14.088],[100.884,14.0895],[100.89,14.0905],[100.897,14.094],[100.903,14.095],[100.9045,14.0965],[100.9075,14.097],[100.91,14.0985],[100.913,14.0985],[100.914,14.0995],[100.9145,14.0755],[100.9135,13.943],[100.9065,13.888],[100.906,13.8565],[100.904,13.8485],[100.9065,13.8475],[100.912,13.847],[100.912,13.8455],[100.91,13.843],[100.909,13.84],[100.908,13.84],[100.9075,13.838],[100.9385,13.814],[100.9375,13.814],[100.9355,13.81],[100.9345,13.81],[100.9325,13.8065],[100.929,13.803],[100.929,13.802],[100.928,13.802],[100.928,13.801],[100.918,13.796],[100.918,13.795],[100.915,13.794],[100.9145,13.793],[100.9105,13.7915],[100.9095,13.7895],[100.9085,13.7895],[100.9085,13.7885],[100.9075,13.788],[100.901,13.775],[100.9,13.775],[100.9,13.7735],[100.899,13.7735],[100.8935,13.7625],[100.8925,13.7625],[100.891,13.758],[100.888,13.7545],[100.885,13.748],[100.884,13.748],[100.883,13.7445],[100.8805,13.742],[100.8805,13.7405],[100.8785,13.7385],[100.8775,13.7355],[100.873,13.7295],[100.871,13.725],[100.87,13.725],[100.867,13.7185],[100.8655,13.716],[100.8645,13.716],[100.8645,13.7145],[100.8635,13.714],[100.8635,13.713],[100.862,13.7115],[100.862,13.71],[100.858,13.705],[100.856,13.7005],[100.855,13.7005],[100.855,13.699],[100.8605,13.697],[100.8595,13.6895],[100.855,13.691],[100.8535,13.6925],[100.8485,13.6935],[100.8485,13.6945],[100.8445,13.695],[100.8415,13.697],[100.8385,13.6975],[100.834,13.7],[100.8175,13.7055],[100.8175,13.7065],[100.8135,13.707],[100.81,13.709],[100.807,13.7095],[100.8055,13.711],[100.7915,13.7155],[100.7835,13.7165],[100.781,13.71],[100.782,13.7085],[100.785,13.707],[100.785,13.706],[100.7815,13.704],[100.7815,13.703],[100.7805,13.703],[100.7775,13.7],[100.7765,13.6975],[100.7755,13.6975],[100.775,13.6945],[100.771,13.6895],[100.771,13.688],[100.769,13.686],[100.7665,13.6815],[100.7665,13.68],[100.7655,13.6795],[100.765,13.6775],[100.763,13.675],[100.7645,13.674],[100.7725,13.673],[100.782,13.6755],[100.791,13.6765],[100.791,13.673],[100.792,13.6705],[100.791,13.6705],[100.7905,13.6675],[100.793,13.6655],[100.791,13.6615],[100.79,13.6615],[100.789,13.6585],[100.7865,13.656],[100.7855,13.6505],[100.7845,13.6505],[100.7835,13.6485],[100.782,13.648],[100.782,13.647],[100.7835,13.6465],[100.7805,13.6375],[100.7835,13.637],[100.7825,13.6315],[100.7845,13.631],[100.7835,13.6225],[100.785,13.6195],[100.786,13.6135],[100.785,13.6135],[100.7825,13.602],[100.7795,13.6],[100.7795,13.5955],[100.777,13.5955],[100.777,13.5965],[100.775,13.5965],[100.772,13.5925],[100.7705,13.589],[100.77,13.583],[100.7685,13.582],[100.7675,13.58],[100.764,13.5655],[100.7625,13.562],[100.7625,13.5555],[100.7655,13.5555],[100.772,13.5535],[100.771,13.5455],[100.7695,13.542],[100.768,13.5405],[100.767,13.536],[100.766,13.536],[100.7645,13.5315],[100.765,13.525],[100.766,13.525],[100.766,13.524],[100.767,13.5235],[100.766,13.523],[100.766,13.5215],[100.777,13.5205],[100.778,13.5175],[100.78,13.5155],[100.784,13.516],[100.7845,13.5135],[100.7865,13.513],[100.783,13.511],[100.7845,13.5095],[100.7845,13.5075],[100.7805,13.4995],[100.7805,13.4925],[100.7795,13.4925],[100.7795,13.4915],[100.7765,13.4905],[100.766,13.4935],[100.752,13.4955],[100.73,13.501],[100.708,13.502],[100.7085,13.5045],[100.707,13.5055],[100.6805,13.5065],[100.6765,13.5085],[100.6745,13.5085],[100.6745,13.5095],[100.6705,13.51],[100.6645,13.513],[100.6615,13.5135],[100.66,13.515],[100.658,13.515],[100.657,13.516],[100.6395,13.519],[100.635,13.5205],[100.631,13.5205],[100.631,13.5215],[100.6275,13.523],[100.625,13.526],[100.623,13.5265],[100.622,13.5295],[100.613,13.5385],[100.5975,13.539],[100.597,13.5405],[100.5925,13.545],[100.589,13.547],[100.589,13.548],[100.588,13.548],[100.5825,13.5525],[100.5815,13.5525],[100.5815,13.5535],[100.5805,13.5535],[100.579,13.556],[100.579,13.558],[100.578,13.559],[100.577,13.5625],[100.576,13.563],[100.577,13.565],[100.578,13.5725],[100.579,13.573],[100.5805,13.577],[100.5825,13.5785],[100.583,13.5805],[100.5855,13.583],[100.588,13.5885],[100.592,13.594],[100.593,13.6],[100.591,13.6065],[100.5855,13.61],[100.5625,13.6125],[100.5515,13.619],[100.5525,13.6195],[100.5525,13.621],[100.557,13.622],[100.557,13.623],[100.559,13.624],[100.562,13.6305],[100.5645,13.633],[100.5645,13.634],[100.5675,13.6355],[100.569,13.6375],[100.569,13.6365],[100.571,13.6355],[100.571,13.6345],[100.572,13.634],[100.5765,13.6345],[100.58,13.631],[100.581,13.631],[100.581,13.63],[100.584,13.629],[100.5875,13.629],[100.5885,13.634],[100.5905,13.638],[100.591,13.642],[100.5925,13.6425],[100.593,13.647],[100.594,13.6465],[100.598,13.647],[100.596,13.647],[100.596,13.65],[100.595,13.65],[100.595,13.651],[100.594,13.651],[100.5935,13.652],[100.5925,13.6635],[100.5895,13.6655],[100.588,13.6655],[100.588,13.6665],[100.583,13.6675],[100.5815,13.669],[100.5795,13.669],[100.5825,13.6725],[100.5835,13.6755],[100.586,13.678],[100.587,13.6805],[100.588,13.6805],[100.588,13.682],[100.589,13.6825],[100.589,13.6905],[100.588,13.6905],[100.588,13.6915],[100.5835,13.697],[100.5825,13.697],[100.578,13.7005],[100.5765,13.7005],[100.5735,13.7025],[100.572,13.7025],[100.566,13.7055],[100.562,13.706],[100.555,13.7055],[100.551,13.7],[100.5525,13.6865],[100.5515,13.68],[100.547,13.6725],[100.542,13.6695],[100.5365,13.6695],[100.5305,13.672],[100.528,13.674],[100.528,13.675],[100.527,13.675],[100.5235,13.678],[100.5205,13.6755],[100.522,13.6735],[100.5205,13.672],[100.521,13.6695],[100.5175,13.6675],[100.5175,13.6615],[100.516,13.6515],[100.5165,13.6455],[100.5155,13.645],[100.515,13.6395],[100.518,13.635],[100.514,13.6285],[100.5165,13.6125],[100.5205,13.609],[100.521,13.605],[100.517,13.6045],[100.5135,13.6025],[100.5115,13.597],[100.504,13.598],[100.5025,13.5965],[100.5005,13.5965],[100.4995,13.5955],[100.499,13.592],[100.4975,13.591],[100.4975,13.59],[100.4955,13.588],[100.491,13.5865],[100.4905,13.588],[100.4895,13.588],[100.4895,13.589],[100.4885,13.589],[100.4885,13.59],[100.482,13.593],[100.481,13.598],[100.477,13.5995],[100.477,13.603],[100.473,13.599],[100.4735,13.594],[100.4695,13.593],[100.467,13.5965],[100.4665,13.6035],[100.464,13.606],[100.459,13.6045],[100.457,13.6045],[100.454,13.606],[100.4535,13.6055],[100.4505,13.594],[100.447,13.5885],[100.446,13.583],[100.4445,13.553],[100.4455,13.544],[100.449,13.529],[100.449,13.5245],[100.4535,13.502],[100.4435,13.501],[100.438,13.497],[100.435,13.498],[100.435,13.4965],[100.4305,13.496],[100.428,13.4975],[100.425,13.4975],[100.4235,13.496],[100.423,13.497],[100.4215,13.4945],[100.409,13.494],[100.407,13.501],[100.407,13.5355],[100.414,13.536],[100.415,13.539],[100.419,13.5405],[100.42,13.546],[100.4145,13.5515],[100.415,13.557],[100.4125,13.557],[100.4115,13.5555],[100.4085,13.5545],[100.404,13.5555],[100.4035,13.5545],[100.4025,13.5545],[100.4025,13.5535],[100.401,13.553],[100.396,13.5535],[100.396,13.5545],[100.395,13.5545],[100.394,13.56],[100.3915,13.5635],[100.3915,13.569],[100.3895,13.57],[100.3885,13.5745],[100.3865,13.5745],[100.3865,13.578],[100.385,13.579],[100.386,13.5815],[100.386,13.587],[100.385,13.587],[100.385,13.589],[100.381,13.592],[100.3805,13.5935],[100.3795,13.5935],[100.3795,13.5945],[100.3785,13.5945],[100.377,13.6105],[100.377,13.6195],[100.375,13.6205],[100.375,13.6215],[100.372,13.6225],[100.366,13.6335],[100.3595,13.6335],[100.3585,13.6375],[100.3555,13.637],[100.3545,13.641],[100.35,13.6405],[100.3485,13.641],[100.3485,13.6435],[100.3475,13.6435],[100.3475,13.645],[100.3455,13.645],[100.3445,13.649],[100.3465,13.649],[100.347,13.6555],[100.3395,13.655],[100.341,13.6585],[100.341,13.664],[100.3395,13.6685],[100.3385,13.677],[100.3375,13.6775],[100.336,13.677],[100.3345,13.6805],[100.3335,13.681],[100.333,13.6885],[100.331,13.6965],[100.331,13.6995],[100.333,13.7005],[100.334,13.7055],[100.333,13.7125],[100.334,13.713],[100.336,13.711],[100.3375,13.711],[100.3375,13.712],[100.3385,13.712],[100.339,13.713],[100.336,13.7165],[100.335,13.7195],[100.334,13.7195],[100.333,13.721],[100.3315,13.72],[100.3305,13.72],[100.33,13.721],[100.336,13.723],[100.335,13.7285],[100.3365,13.729],[100.3365,13.731],[100.336,13.733],[100.335,13.7335],[100.3375,13.7335],[100.3375,13.7375],[100.336,13.7455],[100.335,13.747],[100.3355,13.7535],[100.335,13.7555],[100.333,13.7555],[100.333,13.76],[100.3305,13.7625],[100.331,13.777],[100.3325,13.778],[100.332,13.7815],[100.334,13.782],[100.3315,13.796],[100.3295,13.8],[100.329,13.8035],[100.328,13.804],[100.338,13.8035]],[[100.475,13.77],[100.4755,13.771],[100.474,13.771],[100.474,13.772],[100.473,13.772],[100.473,13.769],[100.475,13.769],[100.475,13.77]],[[100.4675,13.768],[100.4655,13.7685],[100.4655,13.7675],[100.4675,13.768]],[[100.4515,13.725],[100.4505,13.725],[100.4505,13.724],[100.4515,13.724],[100.4515,13.725]],[[100.428,13.709],[100.428,13.708],[100.429,13.708],[100.429,13.709],[100.428,13.709]],[[100.4455,13.7095],[100.4475,13.7085],[100.4475,13.7105],[100.4455,13.7105],[100.4455,13.7095]],[[100.5815,13.7105],[100.5815,13.7095],[100.5825,13.7095],[100.5825,13.7105],[100.5815,13.7105]],[[100.6035,13.668],[100.6035,13.667],[100.6045,13.667],[100.6045,13.668],[100.6035,13.668]],[[100.5745,13.763],[100.5765,13.763],[100.5765,13.764],[100.5745,13.764],[100.5745,13.763]],[[100.5985,13.866],[100.5995,13.866],[100.5995,13.867],[100.5985,13.867],[100.5985,13.866]],[[100.6425,13.845],[100.6415,13.844],[100.6425,13.844],[100.6425,13.845]],[[100.675,13.824],[100.675,13.823],[100.676,13.823],[100.676,13.824],[100.675,13.824]],[[100.6785,13.822],[100.6795,13.822],[100.6795,13.823],[100.6785,13.823],[100.6785,13.822]],[[100.6125,13.901],[100.6125,13.902],[100.6135,13.902],[100.6145,13.904],[100.6155,13.904],[100.616,13.903],[100.617,13.9045],[100.62,13.9045],[100.62,13.9055],[100.621,13.9055],[100.621,13.9045],[100.6225,13.9045],[100.623,13.9055],[100.622,13.9055],[100.622,13.9065],[100.6235,13.9065],[100.6235,13.9075],[100.6255,13.9075],[100.6255,13.9085],[100.6245,13.9085],[100.6245,13.91],[100.6235,13.91],[100.6235,13.913],[100.6245,13.9135],[100.6235,13.9135],[100.6235,13.9145],[100.622,13.9145],[100.621,13.9165],[100.623,13.9165],[100.623,13.9175],[100.624,13.918],[100.6275,13.9175],[100.6265,13.918],[100.6275,13.92],[100.631,13.92],[100.631,13.9225],[100.6305,13.9235],[100.6295,13.9235],[100.6295,13.9245],[100.631,13.9245],[100.631,13.9255],[100.632,13.9255],[100.632,13.9265],[100.633,13.927],[100.632,13.927],[100.632,13.929],[100.6305,13.929],[100.631,13.931],[100.6295,13.931],[100.6305,13.9315],[100.6305,13.9325],[100.6265,13.9335],[100.6255,13.9355],[100.624,13.9355],[100.624,13.9345],[100.625,13.9345],[100.624,13.9325],[100.622,13.9325],[100.623,13.932],[100.623,13.931],[100.624,13.931],[100.624,13.93],[100.621,13.93],[100.621,13.9275],[100.62,13.9275],[100.62,13.9255],[100.619,13.9255],[100.62,13.9235],[100.622,13.923],[100.62,13.923],[100.62,13.922],[100.619,13.922],[100.62,13.918],[100.6175,13.9175],[100.618,13.9145],[100.617,13.9135],[100.6165,13.9145],[100.6125,13.914],[100.6125,13.912],[100.6115,13.912],[100.611,13.91],[100.61,13.91],[100.6105,13.9065],[100.6125,13.9065],[100.6125,13.9055],[100.6115,13.9055],[100.6115,13.901],[100.6125,13.901]],[[100.631,13.919],[100.632,13.919],[100.632,13.92],[100.631,13.92],[100.631,13.919]],[[100.633,13.929],[100.633,13.93],[100.632,13.93],[100.632,13.929],[100.633,13.929]],[[100.548,13.925],[100.548,13.926],[100.547,13.926],[100.547,13.925],[100.548,13.925]],[[100.549,13.926],[100.549,13.927],[100.548,13.927],[100.548,13.926],[100.549,13.926]],[[100.537,13.9145],[100.536,13.9145],[100.536,13.9135],[100.537,13.9145]],[[100.492,13.8695],[100.492,13.87],[100.491,13.87],[100.491,13.8695],[100.492,13.8695]],[[100.446,13.8825],[100.446,13.884],[100.445,13.884],[100.445,13.8825],[100.446,13.8825]],[[100.411,13.8915],[100.411,13.8925],[100.41,13.8925],[100.41,13.8915],[100.411,13.8915]],[[100.4115,13.8925],[100.4115,13.895],[100.411,13.895],[100.411,13.8925],[100.4115,13.8925]],[[100.4365,13.8705],[100.4365,13.868],[100.4375,13.868],[100.4375,13.869],[100.441,13.8695],[100.441,13.8705],[100.4365,13.8705]],[[100.4375,13.868],[100.4375,13.866],[100.4385,13.866],[100.4385,13.868],[100.4375,13.868]],[[100.4985,13.739],[100.495,13.739],[100.495,13.7365],[100.4985,13.7365],[100.4985,13.739]],[[100.4605,13.715],[100.4615,13.715],[100.4615,13.716],[100.4605,13.716],[100.4605,13.715]],[[100.6015,13.6635],[100.599,13.6635],[100.599,13.6645],[100.597,13.6645],[100.597,13.666],[100.5945,13.6655],[100.5945,13.6645],[100.596,13.6645],[100.596,13.661],[100.598,13.661],[100.598,13.66],[100.6,13.66],[100.6,13.661],[100.6005,13.66],[100.6035,13.6605],[100.6035,13.659],[100.6005,13.659],[100.6005,13.656],[100.599,13.656],[100.6005,13.6555],[100.6,13.6535],[100.6015,13.6535],[100.6015,13.6525],[100.6025,13.6525],[100.6025,13.6545],[100.606,13.6545],[100.606,13.6555],[100.608,13.656],[100.608,13.658],[100.61,13.658],[100.611,13.66],[100.6125,13.66],[100.611,13.6605],[100.611,13.6615],[100.61,13.6615],[100.61,13.6625],[100.609,13.6625],[100.609,13.665],[100.6065,13.665],[100.6065,13.666],[100.6045,13.666],[100.6045,13.6635],[100.6035,13.6635],[100.6035,13.6625],[100.6015,13.6625],[100.6015,13.6635]],[[100.612,13.6615],[100.612,13.6625],[100.611,13.6625],[100.611,13.6615],[100.612,13.6615]],[[100.6015,13.612],[100.5995,13.612],[100.5995,13.609],[100.5985,13.609],[100.5985,13.61],[100.5975,13.61],[100.5975,13.609],[100.595,13.6095],[100.595,13.6075],[100.5965,13.6075],[100.5965,13.6055],[100.5975,13.6055],[100.5975,13.6045],[100.5965,13.604],[100.5985,13.604],[100.5995,13.6045],[100.5995,13.6055],[100.6015,13.6055],[100.602,13.6075],[100.604,13.6075],[100.604,13.6085],[100.603,13.6085],[100.604,13.609],[100.604,13.61],[100.603,13.61],[100.603,13.611],[100.604,13.611],[100.604,13.613],[100.6015,13.613],[100.6015,13.612]],[[100.6015,13.6055],[100.6015,13.604],[100.602,13.604],[100.602,13.6055],[100.6015,13.6055]],[[100.5915,13.632],[100.5905,13.632],[100.5915,13.63],[100.592,13.632],[100.593,13.632],[100.593,13.631],[100.597,13.631],[100.597,13.632],[100.5985,13.632],[100.5985,13.6335],[100.5995,13.6335],[100.5995,13.6355],[100.6005,13.6355],[100.6005,13.6375],[100.5995,13.6375],[100.5995,13.64],[100.598,13.64],[100.598,13.638],[100.597,13.638],[100.597,13.639],[100.594,13.639],[100.594,13.6375],[100.592,13.6375],[100.592,13.6365],[100.593,13.6365],[100.593,13.6345],[100.5915,13.6345],[100.5915,13.6335],[100.593,13.633],[100.5915,13.633],[100.5915,13.632]],[[100.5905,13.63],[100.5885,13.63],[100.5885,13.624],[100.5895,13.624],[100.5895,13.623],[100.585,13.623],[100.5855,13.621],[100.5875,13.62],[100.5875,13.6175],[100.5865,13.6175],[100.5865,13.6165],[100.5905,13.6165],[100.5905,13.6185],[100.5885,13.6185],[100.5885,13.621],[100.5905,13.621],[100.5905,13.619],[100.593,13.619],[100.593,13.62],[100.596,13.62],[100.596,13.619],[100.5975,13.619],[100.5975,13.6245],[100.596,13.6245],[100.596,13.6255],[100.594,13.6255],[100.595,13.6275],[100.593,13.6275],[100.593,13.6265],[100.5905,13.6265],[100.5905,13.6275],[100.5895,13.6275],[100.5895,13.6285],[100.5905,13.6285],[100.5905,13.63]],[[100.585,13.623],[100.585,13.6245],[100.584,13.6245],[100.584,13.623],[100.585,13.623]],[[100.59,13.6145],[100.59,13.6155],[100.5895,13.6155],[100.5895,13.6145],[100.59,13.6145]],[[100.5995,13.7475],[100.5995,13.7465],[100.5975,13.7475],[100.5975,13.7465],[100.594,13.746],[100.593,13.744],[100.592,13.744],[100.592,13.743],[100.593,13.743],[100.594,13.741],[100.595,13.741],[100.595,13.7385],[100.5955,13.7405],[100.5985,13.7405],[100.5985,13.7385],[100.5965,13.7375],[100.5965,13.735],[100.5985,13.735],[100.5985,13.7365],[100.5995,13.7365],[100.6005,13.7385],[100.601,13.7375],[100.602,13.7375],[100.602,13.7385],[100.603,13.7385],[100.603,13.7375],[100.604,13.7375],[100.604,13.7385],[100.605,13.7385],[100.605,13.7375],[100.6075,13.7375],[100.6075,13.7395],[100.607,13.741],[100.606,13.741],[100.606,13.742],[100.607,13.742],[100.607,13.743],[100.6085,13.743],[100.608,13.7485],[100.607,13.7485],[100.607,13.7495],[100.605,13.7495],[100.605,13.7485],[100.603,13.7495],[100.603,13.7485],[100.602,13.7485],[100.6015,13.7495],[100.6015,13.7485],[100.5995,13.7475]],[[100.607,13.7495],[100.6085,13.7495],[100.6085,13.75],[100.607,13.75],[100.607,13.7495]],[[100.581,13.7595],[100.582,13.7595],[100.582,13.761],[100.579,13.761],[100.581,13.7605],[100.581,13.7595]],[[100.632,13.78],[100.632,13.7835],[100.631,13.7835],[100.631,13.7845],[100.6295,13.7845],[100.6295,13.7825],[100.6285,13.7825],[100.6285,13.7815],[100.6275,13.7815],[100.6275,13.7835],[100.6265,13.7835],[100.6265,13.781],[100.6255,13.781],[100.6255,13.78],[100.6235,13.78],[100.6235,13.781],[100.623,13.78],[100.62,13.78],[100.621,13.778],[100.622,13.778],[100.622,13.777],[100.621,13.777],[100.621,13.7755],[100.622,13.7755],[100.622,13.7735],[100.6235,13.7735],[100.6235,13.772],[100.6245,13.772],[100.6245,13.77],[100.6265,13.77],[100.6265,13.768],[100.6275,13.768],[100.6275,13.767],[100.629,13.7665],[100.63,13.7665],[100.63,13.768],[100.631,13.768],[100.631,13.767],[100.634,13.7665],[100.6355,13.77],[100.6385,13.77],[100.6385,13.7735],[100.6365,13.7725],[100.6365,13.7755],[100.6355,13.7755],[100.6365,13.776],[100.6365,13.777],[100.6375,13.777],[100.6375,13.778],[100.6355,13.778],[100.635,13.78],[100.632,13.78]],[[100.6105,13.742],[100.6075,13.742],[100.6075,13.741],[100.6105,13.741],[100.6105,13.742]],[[100.6065,13.5805],[100.6065,13.5775],[100.6055,13.5775],[100.6055,13.574],[100.6065,13.574],[100.6065,13.572],[100.6075,13.572],[100.6075,13.5705],[100.611,13.571],[100.6105,13.575],[100.615,13.575],[100.612,13.5765],[100.612,13.5785],[100.614,13.5785],[100.614,13.5795],[100.6115,13.58],[100.6115,13.5785],[100.6105,13.5785],[100.6105,13.5795],[100.6085,13.5795],[100.6085,13.5805],[100.6065,13.5805]],[[100.6075,13.5665],[100.6085,13.5665],[100.6085,13.5675],[100.6075,13.5675],[100.6075,13.5665]],[[100.6085,13.584],[100.6085,13.5855],[100.6075,13.5855],[100.6075,13.584],[100.6085,13.584]],[[100.608,13.6715],[100.6075,13.6715],[100.6075,13.6705],[100.608,13.6705],[100.608,13.6715]],[[100.6475,13.7425],[100.6445,13.7425],[100.644,13.7455],[100.643,13.7455],[100.643,13.7425],[100.642,13.7425],[100.642,13.74],[100.64,13.741],[100.64,13.742],[100.638,13.741],[100.639,13.739],[100.6375,13.739],[100.6375,13.7365],[100.6365,13.7365],[100.6365,13.7355],[100.638,13.7355],[100.638,13.7345],[100.639,13.7345],[100.639,13.7355],[100.641,13.7355],[100.641,13.7345],[100.64,13.7345],[100.64,13.732],[100.641,13.732],[100.641,13.731],[100.642,13.731],[100.642,13.733],[100.6465,13.7335],[100.6465,13.7345],[100.6475,13.7345],[100.6475,13.7365],[100.6455,13.7365],[100.6455,13.7375],[100.652,13.738],[100.652,13.7365],[100.653,13.7365],[100.653,13.7355],[100.655,13.7355],[100.655,13.7365],[100.654,13.7365],[100.654,13.738],[100.655,13.738],[100.655,13.739],[100.652,13.739],[100.652,13.74],[100.6475,13.74],[100.6475,13.741],[100.6465,13.741],[100.6465,13.742],[100.6495,13.7425],[100.6485,13.7465],[100.6475,13.7465],[100.6475,13.7425]],[[100.6465,13.733],[100.6475,13.733],[100.6475,13.7335],[100.6465,13.7335],[100.6465,13.733]],[[100.6505,13.742],[100.651,13.742],[100.651,13.7425],[100.6505,13.7425],[100.6505,13.742]],[[100.535,13.795],[100.537,13.795],[100.537,13.797],[100.536,13.797],[100.535,13.795]],[[100.645,13.9315],[100.647,13.9315],[100.647,13.9305],[100.648,13.9305],[100.648,13.9315],[100.6515,13.9315],[100.6515,13.9305],[100.6535,13.9305],[100.6535,13.9315],[100.656,13.9315],[100.656,13.9325],[100.6555,13.9335],[100.6515,13.9335],[100.6515,13.9345],[100.6505,13.9345],[100.6505,13.9335],[100.646,13.9335],[100.645,13.9315]],[[100.645,13.9325],[100.645,13.935],[100.6425,13.9355],[100.644,13.936],[100.6435,13.939],[100.6415,13.94],[100.6415,13.937],[100.6405,13.937],[100.6405,13.9355],[100.6415,13.9355],[100.6415,13.9335],[100.6425,13.9335],[100.6425,13.9325],[100.645,13.9325]],[[100.6395,13.9325],[100.637,13.9325],[100.637,13.9315],[100.6395,13.9315],[100.6395,13.9325]],[[100.688,13.737],[100.688,13.739],[100.687,13.739],[100.687,13.735],[100.68,13.7345],[100.6855,13.7345],[100.6855,13.7335],[100.688,13.7335],[100.688,13.7325],[100.6935,13.7325],[100.6935,13.7315],[100.6925,13.7315],[100.6925,13.7295],[100.6945,13.7305],[100.6955,13.7325],[100.6985,13.7325],[100.6985,13.7305],[100.699,13.7325],[100.7,13.7325],[100.7,13.7335],[100.6975,13.734],[100.6975,13.735],[100.6955,13.736],[100.6945,13.738],[100.6935,13.738],[100.6935,13.737],[100.692,13.737],[100.692,13.738],[100.688,13.737]],[[100.687,13.8155],[100.687,13.8195],[100.686,13.8195],[100.686,13.8155],[100.687,13.8155]],[[100.7,13.814],[100.7,13.813],[100.7045,13.813],[100.7045,13.8145],[100.7035,13.8145],[100.7035,13.8165],[100.7015,13.8165],[100.7015,13.8145],[100.7,13.814]],[[100.738,13.7295],[100.739,13.7275],[100.7415,13.7275],[100.7415,13.7285],[100.7455,13.7285],[100.7455,13.7265],[100.7415,13.726],[100.7465,13.726],[100.7465,13.724],[100.751,13.724],[100.751,13.725],[100.752,13.725],[100.752,13.724],[100.7535,13.724],[100.7535,13.725],[100.7555,13.7255],[100.7555,13.7265],[100.7535,13.7275],[100.7535,13.7295],[100.75,13.7295],[100.75,13.7285],[100.7465,13.7285],[100.7465,13.7295],[100.738,13.7295]],[[100.7435,13.688],[100.747,13.6885],[100.747,13.6915],[100.75,13.6915],[100.75,13.6895],[100.749,13.6895],[100.749,13.688],[100.747,13.688],[100.747,13.687],[100.7495,13.687],[100.7495,13.688],[100.7505,13.688],[100.7505,13.6905],[100.7535,13.6905],[100.7535,13.6885],[100.7525,13.6885],[100.7525,13.687],[100.7505,13.687],[100.7505,13.686],[100.7535,13.686],[100.7535,13.687],[100.7545,13.687],[100.7545,13.6895],[100.756,13.6895],[100.756,13.6905],[100.7545,13.6905],[100.7545,13.6915],[100.7555,13.6915],[100.7555,13.694],[100.757,13.695],[100.757,13.696],[100.7555,13.696],[100.7555,13.697],[100.7545,13.697],[100.7545,13.6985],[100.7535,13.6985],[100.7535,13.6975],[100.7515,13.6975],[100.7515,13.6995],[100.75,13.6995],[100.75,13.6975],[100.748,13.6985],[100.748,13.6975],[100.747,13.6975],[100.748,13.697],[100.748,13.695],[100.747,13.695],[100.747,13.6925],[100.746,13.6925],[100.745,13.6885],[100.7435,13.6885],[100.7435,13.6895],[100.7425,13.6895],[100.7425,13.687],[100.7435,13.687],[100.7435,13.688]],[[100.756,13.6895],[100.756,13.6875],[100.757,13.6875],[100.757,13.6895],[100.756,13.6895]],[[100.7265,13.817],[100.723,13.817],[100.723,13.8145],[100.722,13.8145],[100.722,13.8165],[100.721,13.8165],[100.721,13.8155],[100.72,13.8155],[100.72,13.8135],[100.719,13.8135],[100.719,13.8125],[100.7165,13.812],[100.7165,13.81],[100.72,13.81],[100.72,13.809],[100.722,13.809],[100.722,13.808],[100.723,13.8075],[100.7255,13.808],[100.7255,13.809],[100.7275,13.809],[100.7275,13.81],[100.7285,13.81],[100.7285,13.808],[100.731,13.808],[100.7305,13.811],[100.732,13.8115],[100.732,13.8125],[100.734,13.8125],[100.734,13.8135],[100.735,13.8135],[100.736,13.8155],[100.733,13.816],[100.732,13.8155],[100.732,13.8145],[100.7305,13.8145],[100.7305,13.819],[100.7295,13.819],[100.7295,13.8155],[100.7285,13.8155],[100.7285,13.8165],[100.7265,13.8155],[100.7265,13.817]],[[100.7275,13.808],[100.7275,13.807],[100.7285,13.807],[100.7285,13.808],[100.7275,13.808]],[[100.7545,13.7285],[100.7585,13.7285],[100.7585,13.73],[100.7555,13.73],[100.7545,13.7295],[100.7545,13.7285]],[[100.756,13.684],[100.7555,13.687],[100.7545,13.685],[100.7555,13.685],[100.755,13.684],[100.756,13.684]],[[100.7435,13.6915],[100.7435,13.6905],[100.744,13.6905],[100.744,13.6915],[100.7435,13.6915]]],[[[100.404,13.887],[100.404,13.886],[100.4035,13.886],[100.4035,13.887],[100.404,13.887]]],[[[100.408,13.707],[100.408,13.706],[100.407,13.706],[100.407,13.707],[100.408,13.707]]],[[[100.409,13.8755],[100.409,13.8745],[100.408,13.8745],[100.408,13.8755],[100.409,13.8755]]],[[[100.407,13.88],[100.407,13.8805],[100.409,13.8805],[100.409,13.88],[100.407,13.88]]],[[[100.4085,13.71],[100.4095,13.71],[100.4095,13.707],[100.408,13.707],[100.4085,13.71]]],[[[100.4115,13.877],[100.4105,13.877],[100.4105,13.878],[100.4125,13.878],[100.4125,13.876],[100.4115,13.876],[100.4115,13.877]]],[[[100.4115,13.8805],[100.4115,13.88],[100.4105,13.88],[100.4105,13.8805],[100.4115,13.8805]]],[[[100.41,13.885],[100.4115,13.885],[100.4115,13.8845],[100.41,13.8845],[100.41,13.885]]],[[[100.4135,13.888],[100.4135,13.887],[100.4125,13.887],[100.4125,13.888],[100.4135,13.888]]],[[[100.416,13.71],[100.416,13.709],[100.415,13.709],[100.415,13.71],[100.416,13.71]]],[[[100.416,13.8735],[100.416,13.8725],[100.4155,13.8725],[100.4155,13.8735],[100.416,13.8735]]],[[[100.418,13.71],[100.418,13.709],[100.417,13.709],[100.417,13.71],[100.418,13.71]]],[[[100.421,13.71],[100.421,13.709],[100.419,13.709],[100.419,13.71],[100.421,13.71]]],[[[100.417,13.7135],[100.418,13.7135],[100.418,13.7125],[100.417,13.7125],[100.417,13.7135]]],[[[100.42,13.8745],[100.422,13.8745],[100.422,13.8735],[100.42,13.8735],[100.42,13.8745]]],[[[100.421,13.876],[100.421,13.875],[100.42,13.875],[100.42,13.876],[100.421,13.876]]],[[[100.4235,13.717],[100.4235,13.716],[100.4225,13.716],[100.4225,13.717],[100.4235,13.717]]],[[[100.4245,13.8725],[100.4245,13.8715],[100.4235,13.8715],[100.4235,13.8725],[100.4245,13.8725]]],[[[100.43,13.8735],[100.43,13.875],[100.432,13.874],[100.43,13.8735]]],[[[100.433,13.8725],[100.433,13.8715],[100.432,13.8715],[100.432,13.8725],[100.433,13.8725]]],[[[100.433,13.8735],[100.432,13.874],[100.432,13.875],[100.434,13.875],[100.4345,13.8725],[100.434,13.8735],[100.433,13.8735]]],[[[100.432,13.878],[100.432,13.877],[100.431,13.877],[100.431,13.878],[100.432,13.878]]],[[[100.4375,13.878],[100.4375,13.877],[100.4365,13.877],[100.4365,13.878],[100.4375,13.878]]],[[[100.4385,13.8815],[100.4385,13.8805],[100.4375,13.8805],[100.4375,13.8815],[100.4385,13.8815]]],[[[100.442,13.7135],[100.442,13.7125],[100.441,13.7125],[100.441,13.7135],[100.442,13.7135]]],[[[100.442,13.7195],[100.442,13.7185],[100.441,13.7185],[100.441,13.7195],[100.442,13.7195]]],[[[100.445,13.714],[100.445,13.713],[100.444,13.713],[100.444,13.714],[100.445,13.714]]],[[[100.446,13.874],[100.446,13.873],[100.445,13.873],[100.445,13.874],[100.446,13.874]]],[[[100.446,13.877],[100.443,13.877],[100.443,13.878],[100.446,13.878],[100.446,13.877]]],[[[100.446,13.715],[100.4465,13.715],[100.4465,13.713],[100.446,13.713],[100.446,13.715]]],[[[100.4485,13.715],[100.4485,13.714],[100.4475,13.714],[100.4475,13.715],[100.4485,13.715]]],[[[100.4485,13.874],[100.4485,13.873],[100.4475,13.873],[100.4475,13.874],[100.4485,13.874]]],[[[100.4485,13.8795],[100.4485,13.8805],[100.4495,13.8805],[100.4495,13.8785],[100.447,13.8785],[100.447,13.8795],[100.4485,13.8795]]],[[[100.4505,13.716],[100.4505,13.715],[100.4495,13.715],[100.4495,13.716],[100.4505,13.716]]],[[[100.453,13.8785],[100.453,13.8775],[100.4525,13.8775],[100.4525,13.8785],[100.453,13.8785]]],[[[100.454,13.717],[100.454,13.716],[100.453,13.716],[100.453,13.717],[100.454,13.717]]],[[[100.452,13.717],[100.452,13.716],[100.4515,13.716],[100.4515,13.717],[100.452,13.717]]],[[[100.456,13.7175],[100.456,13.717],[100.455,13.717],[100.455,13.7175],[100.456,13.7175]]],[[[100.454,13.7215],[100.454,13.7205],[100.453,13.7205],[100.453,13.7215],[100.454,13.7215]]],[[[100.454,13.724],[100.454,13.723],[100.453,13.723],[100.453,13.726],[100.455,13.725],[100.455,13.724],[100.454,13.724]]],[[[100.456,13.873],[100.456,13.8725],[100.455,13.8725],[100.455,13.873],[100.456,13.873]]],[[[100.455,13.877],[100.455,13.876],[100.454,13.876],[100.454,13.877],[100.455,13.877]]],[[[100.459,13.7265],[100.459,13.726],[100.458,13.726],[100.458,13.7265],[100.459,13.7265]]],[[[100.458,13.873],[100.458,13.8725],[100.457,13.8725],[100.457,13.873],[100.458,13.873]]],[[[100.4615,13.874],[100.4615,13.873],[100.4605,13.873],[100.4605,13.874],[100.4615,13.874]]],[[[100.459,13.877],[100.459,13.876],[100.458,13.876],[100.458,13.877],[100.459,13.877]]],[[[100.4635,13.7185],[100.4635,13.7195],[100.465,13.7195],[100.465,13.7185],[100.4635,13.7185]]],[[[100.4615,13.7215],[100.4615,13.7205],[100.4605,13.7205],[100.4605,13.7215],[100.4615,13.7215]]],[[[100.4655,13.753],[100.4655,13.752],[100.4645,13.752],[100.4645,13.753],[100.4655,13.753]]],[[[100.468,13.712],[100.468,13.7115],[100.467,13.7115],[100.467,13.712],[100.468,13.712]]],[[[100.467,13.716],[100.467,13.715],[100.466,13.715],[100.466,13.716],[100.467,13.716]]],[[[100.469,13.7175],[100.47,13.7175],[100.47,13.716],[100.469,13.716],[100.469,13.7175]]],[[[100.466,13.724],[100.466,13.723],[100.465,13.723],[100.465,13.724],[100.466,13.724]]],[[[100.469,13.724],[100.468,13.724],[100.468,13.726],[100.469,13.726],[100.469,13.724]]],[[[100.469,13.726],[100.469,13.7265],[100.47,13.7265],[100.47,13.726],[100.469,13.726]]],[[[100.469,13.7275],[100.469,13.7265],[100.468,13.7265],[100.468,13.7275],[100.469,13.7275]]],[[[100.4675,13.753],[100.4665,13.752],[100.4665,13.753],[100.4675,13.753]]],[[[100.469,13.7585],[100.469,13.7575],[100.468,13.7575],[100.468,13.7585],[100.469,13.7585]]],[[[100.471,13.872],[100.471,13.8715],[100.47,13.8715],[100.47,13.872],[100.471,13.872]]],[[[100.469,13.873],[100.469,13.8715],[100.467,13.872],[100.467,13.873],[100.469,13.873]]],[[[100.476,13.7075],[100.4745,13.7075],[100.4755,13.7095],[100.476,13.7075]]],[[[100.4725,13.7095],[100.4725,13.7085],[100.4715,13.7085],[100.4715,13.7095],[100.4725,13.7095]]],[[[100.4745,13.716],[100.4745,13.715],[100.4735,13.715],[100.4735,13.7165],[100.4755,13.7165],[100.4745,13.716]]],[[[100.4735,13.724],[100.4735,13.723],[100.4755,13.723],[100.4755,13.722],[100.4725,13.722],[100.4725,13.721],[100.4735,13.7205],[100.471,13.7205],[100.4715,13.722],[100.47,13.722],[100.47,13.724],[100.471,13.724],[100.471,13.723],[100.4725,13.723],[100.4725,13.724],[100.4735,13.724]]],[[[100.4745,13.724],[100.4735,13.724],[100.4735,13.725],[100.4745,13.725],[100.4745,13.724]]],[[[100.473,13.761],[100.473,13.76],[100.472,13.76],[100.472,13.761],[100.473,13.761]]],[[[100.47,13.7645],[100.47,13.7635],[100.469,13.7635],[100.469,13.7645],[100.47,13.7645]]],[[[100.475,13.7675],[100.474,13.7665],[100.474,13.7675],[100.475,13.7675]]],[[[100.471,13.769],[100.471,13.768],[100.47,13.768],[100.47,13.769],[100.471,13.769]]],[[[100.48,13.7075],[100.48,13.7065],[100.479,13.7065],[100.479,13.7075],[100.48,13.7075]]],[[[100.479,13.7205],[100.479,13.7165],[100.478,13.7165],[100.478,13.7205],[100.479,13.7205]]],[[[100.4745,13.7175],[100.4745,13.7195],[100.4755,13.7195],[100.4755,13.7175],[100.4745,13.7175]]],[[[100.479,13.724],[100.479,13.723],[100.478,13.723],[100.478,13.724],[100.479,13.724]]],[[[100.479,13.731],[100.479,13.73],[100.478,13.73],[100.478,13.731],[100.479,13.731]]],[[[100.4785,13.7385],[100.4785,13.7395],[100.479,13.7365],[100.478,13.7365],[100.4785,13.7375],[100.4765,13.7365],[100.4765,13.7385],[100.4785,13.7385]]],[[[100.4755,13.741],[100.4775,13.741],[100.4775,13.7395],[100.4755,13.74],[100.4755,13.741]]],[[[100.4795,13.769],[100.4795,13.768],[100.4785,13.768],[100.4785,13.769],[100.4795,13.769]]],[[[100.4805,13.7725],[100.4805,13.772],[100.4795,13.772],[100.4795,13.7725],[100.4805,13.7725]]],[[[100.48,13.875],[100.48,13.874],[100.479,13.874],[100.479,13.875],[100.48,13.875]]],[[[100.481,13.7185],[100.481,13.7175],[100.48,13.7175],[100.48,13.7185],[100.481,13.7185]]],[[[100.483,13.72],[100.483,13.722],[100.4835,13.722],[100.4835,13.72],[100.483,13.72]]],[[[100.483,13.725],[100.4835,13.7265],[100.4845,13.7265],[100.4845,13.725],[100.4835,13.725],[100.4835,13.724],[100.482,13.724],[100.482,13.725],[100.483,13.725]]],[[[100.48,13.733],[100.479,13.733],[100.479,13.734],[100.481,13.734],[100.481,13.732],[100.48,13.732],[100.48,13.733]]],[[[100.4845,13.7385],[100.4845,13.7375],[100.484,13.7375],[100.484,13.7385],[100.4845,13.7385]]],[[[100.481,13.739],[100.481,13.7385],[100.48,13.7385],[100.48,13.739],[100.481,13.739]]],[[[100.484,13.7745],[100.484,13.7735],[100.483,13.7735],[100.483,13.7745],[100.484,13.7745]]],[[[100.483,13.779],[100.483,13.778],[100.482,13.778],[100.482,13.779],[100.483,13.779]]],[[[100.485,13.781],[100.485,13.78],[100.484,13.78],[100.484,13.781],[100.485,13.781]]],[[[100.4865,13.7165],[100.4865,13.7155],[100.4855,13.7155],[100.4855,13.7165],[100.4865,13.7165]]],[[[100.4875,13.7345],[100.4875,13.734],[100.4865,13.734],[100.4865,13.7345],[100.4875,13.7345]]],[[[100.4865,13.74],[100.4865,13.739],[100.4855,13.739],[100.4855,13.74],[100.4865,13.74]]],[[[100.486,13.779],[100.486,13.778],[100.485,13.778],[100.485,13.779],[100.486,13.779]]],[[[100.4885,13.7815],[100.4885,13.781],[100.488,13.781],[100.488,13.7815],[100.4885,13.7815]]],[[[100.4855,13.874],[100.4865,13.874],[100.4865,13.872],[100.4855,13.872],[100.4855,13.874]]],[[[100.493,13.7165],[100.493,13.7155],[100.492,13.7155],[100.492,13.7165],[100.493,13.7165]]],[[[100.492,13.7255],[100.492,13.7245],[100.491,13.7245],[100.491,13.7255],[100.492,13.7255]]],[[[100.4905,13.7385],[100.4905,13.7375],[100.4895,13.7375],[100.4895,13.7385],[100.4905,13.7385]]],[[[100.4915,13.75],[100.4915,13.749],[100.4905,13.749],[100.4905,13.75],[100.4915,13.75]]],[[[100.4925,13.7855],[100.4925,13.7845],[100.4915,13.7845],[100.4915,13.7855],[100.4925,13.7855]]],[[[100.493,13.8665],[100.493,13.8655],[100.492,13.8655],[100.492,13.8665],[100.493,13.8665]]],[[[100.4955,13.7155],[100.4955,13.7145],[100.495,13.715],[100.4955,13.7155]]],[[[100.4985,13.72],[100.4985,13.719],[100.4975,13.719],[100.4975,13.72],[100.4985,13.72]]],[[[100.4985,13.7275],[100.4985,13.7265],[100.4975,13.7265],[100.4975,13.7275],[100.4985,13.7275]]],[[[100.496,13.751],[100.496,13.75],[100.495,13.75],[100.495,13.751],[100.496,13.751]]],[[[100.4985,13.863],[100.4985,13.862],[100.4975,13.862],[100.4975,13.863],[100.4985,13.863]]],[[[100.4955,13.8655],[100.4955,13.8665],[100.4985,13.8665],[100.4985,13.865],[100.4955,13.8655]]],[[[100.504,13.7185],[100.504,13.7175],[100.503,13.7175],[100.503,13.7185],[100.504,13.7185]]],[[[100.503,13.73],[100.503,13.729],[100.502,13.729],[100.503,13.73]]],[[[100.504,13.7445],[100.504,13.7435],[100.5035,13.7435],[100.5035,13.7445],[100.504,13.7445]]],[[[100.504,13.861],[100.504,13.86],[100.503,13.86],[100.503,13.861],[100.504,13.861]]],[[[100.5035,13.911],[100.5035,13.91],[100.5025,13.91],[100.5025,13.911],[100.5035,13.911]]],[[[100.5015,13.911],[100.5015,13.91],[100.5005,13.91],[100.5005,13.911],[100.5015,13.911]]],[[[100.507,13.7175],[100.507,13.7165],[100.506,13.7165],[100.506,13.7175],[100.507,13.7175]]],[[[100.5115,13.7335],[100.5115,13.732],[100.5135,13.731],[100.5135,13.729],[100.5145,13.729],[100.515,13.728],[100.515,13.7265],[100.514,13.7265],[100.5135,13.7255],[100.514,13.7245],[100.5135,13.72],[100.5115,13.72],[100.5115,13.7235],[100.5125,13.7235],[100.5125,13.7245],[100.5115,13.7245],[100.5115,13.7255],[100.5125,13.7255],[100.5125,13.729],[100.5115,13.729],[100.5115,13.731],[100.5085,13.731],[100.5085,13.732],[100.5105,13.732],[100.509,13.7335],[100.509,13.7355],[100.5105,13.7355],[100.5105,13.7335],[100.5115,13.7335]]],[[[100.506,13.742],[100.506,13.741],[100.505,13.741],[100.505,13.742],[100.506,13.742]]],[[[100.506,13.7455],[100.506,13.7445],[100.505,13.7445],[100.505,13.7455],[100.506,13.7455]]],[[[100.5055,13.7915],[100.5055,13.7905],[100.5045,13.7905],[100.5045,13.7915],[100.5055,13.7915]]],[[[100.508,13.7925],[100.508,13.7915],[100.5075,13.7915],[100.5075,13.7925],[100.508,13.7925]]],[[[100.509,13.7985],[100.5075,13.798],[100.5075,13.7995],[100.508,13.7985],[100.509,13.7985]]],[[[100.5075,13.8015],[100.5075,13.8005],[100.5065,13.8005],[100.5065,13.8015],[100.5075,13.8015]]],[[[100.5055,13.804],[100.5055,13.8035],[100.5045,13.8035],[100.5045,13.804],[100.5055,13.804]]],[[[100.511,13.808],[100.511,13.806],[100.509,13.806],[100.509,13.805],[100.5075,13.805],[100.5075,13.804],[100.5055,13.804],[100.51,13.8085],[100.511,13.808]]],[[[100.5105,13.8395],[100.5105,13.8385],[100.5095,13.8385],[100.5095,13.8395],[100.5105,13.8395]]],[[[100.5095,13.8475],[100.5095,13.8465],[100.5085,13.8465],[100.5085,13.8475],[100.5095,13.8475]]],[[[100.5085,13.862],[100.5085,13.861],[100.5075,13.861],[100.5075,13.862],[100.5085,13.862]]],[[[100.5125,13.897],[100.5105,13.897],[100.5105,13.898],[100.5115,13.898],[100.5115,13.899],[100.5125,13.899],[100.5125,13.898],[100.5135,13.898],[100.5135,13.899],[100.5165,13.899],[100.5165,13.901],[100.52,13.9015],[100.52,13.9025],[100.518,13.9025],[100.518,13.9035],[100.522,13.9035],[100.522,13.9015],[100.523,13.9015],[100.523,13.899],[100.5245,13.899],[100.5245,13.9],[100.5255,13.9],[100.5255,13.899],[100.5275,13.898],[100.5265,13.896],[100.5285,13.896],[100.529,13.897],[100.529,13.896],[100.531,13.8955],[100.531,13.9],[100.532,13.9],[100.532,13.899],[100.534,13.899],[100.534,13.898],[100.5365,13.898],[100.5365,13.897],[100.5385,13.897],[100.5395,13.899],[100.5405,13.899],[100.5405,13.898],[100.542,13.898],[100.541,13.8935],[100.542,13.8935],[100.542,13.8925],[100.544,13.8925],[100.544,13.8935],[100.5485,13.8935],[100.5485,13.8945],[100.5495,13.8945],[100.5495,13.8935],[100.5535,13.8935],[100.5525,13.8915],[100.5535,13.8915],[100.553,13.8905],[100.554,13.8905],[100.554,13.8895],[100.556,13.8895],[100.556,13.886],[100.558,13.886],[100.558,13.885],[100.5605,13.885],[100.5615,13.887],[100.5625,13.887],[100.5625,13.8845],[100.566,13.884],[100.567,13.8835],[100.567,13.8825],[100.57,13.884],[100.5715,13.884],[100.5715,13.8815],[100.5725,13.8815],[100.5725,13.8825],[100.5755,13.8825],[100.5755,13.8805],[100.5765,13.8805],[100.5765,13.8795],[100.5755,13.879],[100.577,13.879],[100.5765,13.877],[100.578,13.877],[100.578,13.878],[100.58,13.877],[100.58,13.878],[100.582,13.878],[100.582,13.8795],[100.5835,13.8795],[100.5835,13.877],[100.5855,13.877],[100.5855,13.878],[100.5885,13.878],[100.5885,13.8795],[100.5895,13.8795],[100.589,13.8785],[100.59,13.8785],[100.5885,13.877],[100.589,13.873],[100.5875,13.8735],[100.5875,13.8725],[100.5865,13.8725],[100.5865,13.8695],[100.5875,13.8695],[100.588,13.868],[100.5875,13.866],[100.5865,13.866],[100.5865,13.865],[100.5875,13.865],[100.5875,13.8635],[100.5865,13.8635],[100.5865,13.8595],[100.5845,13.8595],[100.5845,13.8605],[100.5835,13.8605],[100.5825,13.8625],[100.581,13.8625],[100.5815,13.858],[100.578,13.858],[100.578,13.856],[100.577,13.856],[100.577,13.8545],[100.575,13.8545],[100.5745,13.8525],[100.5735,13.8525],[100.5735,13.8515],[100.5745,13.8515],[100.575,13.85],[100.574,13.85],[100.574,13.849],[100.5715,13.849],[100.5715,13.848],[100.5695,13.847],[100.5695,13.8455],[100.5715,13.846],[100.5715,13.8445],[100.5685,13.8445],[100.5685,13.8435],[100.5695,13.8435],[100.5695,13.8415],[100.5715,13.8415],[100.5705,13.841],[100.5705,13.839],[100.5725,13.839],[100.5725,13.838],[100.5705,13.838],[100.5705,13.8365],[100.5685,13.8365],[100.5685,13.8355],[100.5675,13.8355],[100.567,13.8365],[100.567,13.8345],[100.566,13.8345],[100.566,13.8335],[100.564,13.8335],[100.564,13.832],[100.563,13.832],[100.563,13.831],[100.561,13.831],[100.561,13.829],[100.563,13.829],[100.563,13.8265],[100.562,13.8265],[100.562,13.8275],[100.56,13.8275],[100.56,13.8265],[100.5595,13.8275],[100.5585,13.8275],[100.5585,13.8255],[100.5595,13.8255],[100.5595,13.8245],[100.5585,13.8245],[100.5585,13.823],[100.5575,13.823],[100.5575,13.821],[100.5555,13.821],[100.5555,13.819],[100.553,13.8185],[100.553,13.8155],[100.5555,13.8155],[100.5535,13.812],[100.5555,13.812],[100.5555,13.811],[100.5545,13.811],[100.5545,13.81],[100.5535,13.81],[100.5535,13.811],[100.552,13.811],[100.552,13.81],[100.55,13.811],[100.55,13.8095],[100.549,13.8095],[100.549,13.8075],[100.548,13.8075],[100.548,13.8065],[100.546,13.8065],[100.546,13.803],[100.547,13.803],[100.547,13.802],[100.546,13.802],[100.546,13.7985],[100.5425,13.7985],[100.5425,13.801],[100.5415,13.801],[100.5415,13.803],[100.5405,13.803],[100.5405,13.805],[100.5415,13.805],[100.5415,13.8065],[100.5425,13.8065],[100.5415,13.8105],[100.5435,13.811],[100.5435,13.812],[100.5415,13.813],[100.5415,13.811],[100.537,13.8105],[100.537,13.812],[100.536,13.812],[100.536,13.813],[100.535,13.813],[100.535,13.814],[100.534,13.814],[100.5335,13.815],[100.5335,13.816],[100.536,13.815],[100.537,13.8155],[100.537,13.8165],[100.538,13.8165],[100.538,13.8175],[100.537,13.8175],[100.537,13.821],[100.54,13.821],[100.54,13.822],[100.538,13.823],[100.538,13.824],[100.539,13.824],[100.539,13.8255],[100.535,13.825],[100.536,13.8255],[100.536,13.8275],[100.535,13.8275],[100.536,13.831],[100.5345,13.831],[100.5335,13.833],[100.5325,13.833],[100.5325,13.831],[100.5315,13.831],[100.5315,13.835],[100.5305,13.835],[100.53,13.834],[100.53,13.835],[100.527,13.8355],[100.527,13.8365],[100.526,13.8365],[100.526,13.8355],[100.5235,13.8355],[100.5235,13.8365],[100.5225,13.8365],[100.5225,13.8355],[100.5215,13.8355],[100.5215,13.8385],[100.5195,13.8385],[100.5195,13.8395],[100.5205,13.8395],[100.5195,13.8465],[100.5205,13.8465],[100.5215,13.8485],[100.5205,13.8485],[100.5205,13.85],[100.518,13.85],[100.519,13.85],[100.5195,13.853],[100.5225,13.853],[100.5225,13.854],[100.5255,13.8555],[100.5255,13.8565],[100.527,13.8565],[100.527,13.8585],[100.528,13.8585],[100.528,13.86],[100.527,13.86],[100.526,13.862],[100.5245,13.862],[100.5245,13.863],[100.5255,13.8635],[100.5245,13.8635],[100.5245,13.8665],[100.5235,13.8665],[100.5235,13.8675],[100.5245,13.868],[100.5225,13.869],[100.5235,13.871],[100.5255,13.871],[100.5255,13.872],[100.5265,13.8725],[100.5245,13.873],[100.5245,13.8755],[100.5235,13.8755],[100.5235,13.8765],[100.5215,13.8775],[100.521,13.88],[100.52,13.88],[100.52,13.8775],[100.517,13.878],[100.517,13.879],[100.516,13.879],[100.517,13.881],[100.516,13.881],[100.5155,13.8865],[100.516,13.8855],[100.519,13.8855],[100.519,13.887],[100.518,13.888],[100.516,13.888],[100.5155,13.892],[100.5145,13.892],[100.5145,13.891],[100.5125,13.89],[100.5125,13.891],[100.5115,13.891],[100.5115,13.8945],[100.509,13.8945],[100.509,13.8965],[100.508,13.8965],[100.508,13.8975],[100.51,13.897],[100.5105,13.8955],[100.5125,13.8955],[100.5125,13.897]],[[100.577,13.857],[100.576,13.857],[100.576,13.856],[100.577,13.856],[100.577,13.857]],[[100.5435,13.801],[100.5435,13.804],[100.5425,13.804],[100.5425,13.801],[100.5435,13.801]],[[100.5445,13.804],[100.5445,13.805],[100.5435,13.805],[100.5435,13.804],[100.5445,13.804]],[[100.5125,13.8945],[100.5135,13.8945],[100.5135,13.8955],[100.5125,13.8955],[100.5125,13.8945]],[[100.556,13.8525],[100.556,13.8535],[100.554,13.8525],[100.554,13.849],[100.555,13.849],[100.555,13.848],[100.5565,13.848],[100.5565,13.849],[100.5585,13.849],[100.5585,13.848],[100.5605,13.848],[100.5605,13.847],[100.5595,13.847],[100.5595,13.8455],[100.5585,13.8455],[100.5585,13.8435],[100.5565,13.8435],[100.5565,13.8425],[100.5555,13.8425],[100.5555,13.841],[100.555,13.8425],[100.554,13.8425],[100.554,13.8435],[100.552,13.843],[100.552,13.841],[100.55,13.841],[100.55,13.842],[100.549,13.842],[100.549,13.839],[100.552,13.839],[100.552,13.838],[100.551,13.838],[100.551,13.8365],[100.552,13.8365],[100.552,13.833],[100.55,13.833],[100.55,13.832],[100.549,13.832],[100.549,13.833],[100.548,13.833],[100.548,13.832],[100.5475,13.833],[100.5465,13.833],[100.5455,13.829],[100.548,13.8285],[100.5475,13.8275],[100.548,13.8255],[100.5465,13.8255],[100.5465,13.8245],[100.5455,13.8245],[100.5455,13.823],[100.5445,13.823],[100.5445,13.821],[100.5435,13.821],[100.5435,13.82],[100.5455,13.82],[100.5455,13.821],[100.547,13.821],[100.547,13.823],[100.548,13.823],[100.548,13.8245],[100.549,13.8245],[100.55,13.8285],[100.552,13.829],[100.552,13.831],[100.553,13.831],[100.553,13.833],[100.5545,13.8335],[100.5545,13.8355],[100.5555,13.8355],[100.5555,13.8335],[100.5575,13.833],[100.5575,13.8355],[100.5585,13.8355],[100.5585,13.8375],[100.5605,13.838],[100.5605,13.84],[100.562,13.84],[100.561,13.842],[100.5595,13.842],[100.5605,13.8425],[100.5605,13.8435],[100.5615,13.8435],[100.5615,13.8445],[100.562,13.8435],[100.563,13.8435],[100.563,13.8425],[100.565,13.8425],[100.566,13.8445],[100.567,13.8445],[100.5675,13.8435],[100.568,13.8455],[100.567,13.8455],[100.567,13.8465],[100.562,13.847],[100.562,13.848],[100.563,13.848],[100.563,13.85],[100.564,13.85],[100.564,13.851],[100.566,13.851],[100.566,13.8525],[100.567,13.8525],[100.567,13.8545],[100.566,13.8545],[100.566,13.8555],[100.568,13.8555],[100.567,13.856],[100.567,13.859],[100.568,13.859],[100.568,13.8605],[100.569,13.8605],[100.5695,13.8645],[100.5715,13.865],[100.5715,13.867],[100.5725,13.867],[100.5725,13.868],[100.5705,13.869],[100.5705,13.868],[100.569,13.868],[100.569,13.867],[100.567,13.867],[100.567,13.866],[100.568,13.866],[100.568,13.865],[100.567,13.8655],[100.567,13.8635],[100.566,13.8635],[100.566,13.8645],[100.564,13.8635],[100.564,13.8655],[100.5625,13.8655],[100.5625,13.8635],[100.5615,13.8635],[100.5615,13.86],[100.565,13.86],[100.565,13.859],[100.564,13.859],[100.564,13.857],[100.563,13.857],[100.5625,13.8545],[100.5575,13.8545],[100.5575,13.8535],[100.5565,13.8535],[100.556,13.8525]],[[100.5455,13.8195],[100.5465,13.8195],[100.5465,13.82],[100.5455,13.82],[100.5455,13.8195]],[[100.5445,13.8195],[100.5445,13.8175],[100.5455,13.8175],[100.5455,13.8195],[100.5445,13.8195]]],[[[100.505,13.8975],[100.505,13.8965],[100.504,13.8965],[100.504,13.8975],[100.505,13.8975]]],[[[100.511,13.902],[100.509,13.9025],[100.51,13.9045],[100.511,13.9045],[100.5115,13.9035],[100.5115,13.901],[100.511,13.902]]],[[[100.51,13.9055],[100.51,13.9045],[100.509,13.9045],[100.509,13.9055],[100.51,13.9055]]],[[[100.506,13.9055],[100.506,13.9045],[100.505,13.9045],[100.505,13.9055],[100.506,13.9055]]],[[[100.507,13.9065],[100.507,13.9055],[100.506,13.9055],[100.506,13.9065],[100.507,13.9065]]],[[[100.507,13.908],[100.508,13.91],[100.51,13.91],[100.51,13.908],[100.509,13.908],[100.509,13.907],[100.507,13.908]]],[[[100.5135,13.7155],[100.5125,13.7145],[100.5125,13.7155],[100.5135,13.7155]]],[[[100.5105,13.72],[100.5105,13.719],[100.5095,13.719],[100.5095,13.72],[100.5105,13.72]]],[[[100.513,13.7985],[100.513,13.798],[100.512,13.798],[100.512,13.7985],[100.513,13.7985]]],[[[100.5115,13.842],[100.5115,13.841],[100.5105,13.841],[100.5105,13.842],[100.5115,13.842]]],[[[100.5115,13.8475],[100.5115,13.8465],[100.5105,13.8465],[100.5105,13.8475],[100.5115,13.8475]]],[[[100.515,13.85],[100.5125,13.85],[100.513,13.853],[100.514,13.853],[100.514,13.852],[100.516,13.852],[100.515,13.85]]],[[[100.5105,13.852],[100.5105,13.851],[100.5095,13.851],[100.5095,13.852],[100.5105,13.852]]],[[[100.515,13.8575],[100.515,13.8565],[100.513,13.8565],[100.513,13.8575],[100.515,13.8575]]],[[[100.515,13.88],[100.515,13.879],[100.5145,13.879],[100.5145,13.88],[100.515,13.88]]],[[[100.5125,13.883],[100.5125,13.882],[100.5115,13.882],[100.5115,13.883],[100.5125,13.883]]],[[[100.5155,13.9045],[100.5155,13.9035],[100.5145,13.9035],[100.5145,13.9045],[100.5155,13.9045]]],[[[100.5155,13.9065],[100.5155,13.9055],[100.5145,13.9055],[100.5145,13.9065],[100.5155,13.9065]]],[[[100.5135,13.909],[100.5135,13.91],[100.5155,13.91],[100.5165,13.908],[100.5155,13.908],[100.5155,13.907],[100.5135,13.907],[100.5135,13.908],[100.5145,13.908],[100.5145,13.909],[100.5135,13.909]]],[[[100.519,13.7135],[100.519,13.713],[100.518,13.713],[100.518,13.7135],[100.519,13.7135]]],[[[100.5195,13.7165],[100.5195,13.7155],[100.519,13.7155],[100.519,13.7165],[100.5195,13.7165]]],[[[100.517,13.721],[100.517,13.72],[100.516,13.72],[100.516,13.721],[100.517,13.721]]],[[[100.5205,13.727],[100.518,13.7275],[100.518,13.7265],[100.517,13.7265],[100.517,13.7275],[100.516,13.7275],[100.516,13.729],[100.518,13.729],[100.518,13.728],[100.519,13.728],[100.519,13.729],[100.5205,13.729],[100.5215,13.73],[100.5215,13.728],[100.5205,13.728],[100.5205,13.727]]],[[[100.518,13.732],[100.518,13.731],[100.517,13.731],[100.517,13.732],[100.518,13.732]]],[[[100.517,13.7435],[100.517,13.739],[100.516,13.739],[100.516,13.7435],[100.517,13.7435]]],[[[100.52,13.746],[100.52,13.7455],[100.519,13.7455],[100.519,13.746],[100.52,13.746]]],[[[100.5185,13.8355],[100.5185,13.835],[100.5175,13.835],[100.5175,13.8355],[100.5185,13.8355]]],[[[100.5185,13.844],[100.5185,13.843],[100.516,13.843],[100.516,13.844],[100.5185,13.844]]],[[[100.518,13.8585],[100.519,13.8585],[100.5195,13.8565],[100.518,13.8565],[100.518,13.8585]]],[[[100.517,13.8575],[100.517,13.8565],[100.516,13.8565],[100.516,13.8575],[100.517,13.8575]]],[[[100.516,13.859],[100.515,13.8585],[100.515,13.8595],[100.516,13.859]]],[[[100.517,13.864],[100.518,13.8645],[100.518,13.863],[100.516,13.863],[100.516,13.864],[100.517,13.864]]],[[[100.517,13.8675],[100.517,13.8665],[100.516,13.8665],[100.516,13.8675],[100.517,13.8675]]],[[[100.517,13.871],[100.517,13.87],[100.516,13.87],[100.516,13.871],[100.517,13.871]]],[[[100.519,13.872],[100.52,13.872],[100.52,13.87],[100.519,13.87],[100.519,13.872]]],[[[100.5215,13.872],[100.5215,13.871],[100.5205,13.871],[100.5205,13.872],[100.5215,13.872]]],[[[100.5225,13.8765],[100.5225,13.8755],[100.5215,13.8755],[100.5215,13.8765],[100.5225,13.8765]]],[[[100.52,13.91],[100.52,13.909],[100.518,13.909],[100.518,13.91],[100.52,13.91]]],[[[100.5225,13.718],[100.5225,13.7175],[100.5215,13.7175],[100.5215,13.718],[100.5225,13.718]]],[[[100.529,13.718],[100.529,13.717],[100.528,13.7175],[100.529,13.718]]],[[[100.5265,13.746],[100.5265,13.7455],[100.5255,13.7455],[100.5255,13.746],[100.5265,13.746]]],[[[100.528,13.746],[100.528,13.7455],[100.5275,13.7455],[100.5275,13.746],[100.528,13.746]]],[[[100.5285,13.759],[100.5285,13.758],[100.5275,13.758],[100.5275,13.759],[100.5285,13.759]]],[[[100.523,13.804],[100.523,13.805],[100.525,13.805],[100.525,13.804],[100.523,13.804]]],[[[100.5295,13.814],[100.5295,13.813],[100.5285,13.813],[100.5285,13.814],[100.5295,13.814]]],[[[100.526,13.8205],[100.526,13.8195],[100.525,13.8195],[100.525,13.8205],[100.526,13.8205]]],[[[100.5235,13.835],[100.5235,13.834],[100.5225,13.834],[100.5225,13.835],[100.5235,13.835]]],[[[100.53,13.899],[100.53,13.898],[100.529,13.898],[100.529,13.899],[100.53,13.899]]],[[[100.5285,13.901],[100.5285,13.9],[100.5275,13.9],[100.5275,13.901],[100.5285,13.901]]],[[[100.5285,13.9045],[100.5285,13.9035],[100.5275,13.9035],[100.5275,13.9045],[100.5285,13.9045]]],[[[100.5265,13.9035],[100.5245,13.9035],[100.5245,13.9055],[100.5265,13.9045],[100.5265,13.9035]]],[[[100.5265,13.908],[100.5255,13.908],[100.5255,13.909],[100.5275,13.909],[100.5275,13.9055],[100.5265,13.9055],[100.5265,13.908]]],[[[100.5285,13.9055],[100.5285,13.907],[100.5295,13.907],[100.5295,13.9055],[100.5285,13.9055]]],[[[100.5355,13.7165],[100.5355,13.7155],[100.5345,13.7155],[100.5345,13.7165],[100.5355,13.7165]]],[[[100.5355,13.7345],[100.5355,13.7335],[100.5345,13.7335],[100.5345,13.7345],[100.5355,13.7345]]],[[[100.532,13.7345],[100.532,13.7335],[100.531,13.7335],[100.531,13.7345],[100.532,13.7345]]],[[[100.5355,13.746],[100.5345,13.746],[100.5345,13.748],[100.5355,13.748],[100.5355,13.746]]],[[[100.532,13.748],[100.532,13.749],[100.534,13.749],[100.534,13.748],[100.532,13.748]]],[[[100.535,13.75],[100.534,13.749],[100.534,13.75],[100.535,13.75]]],[[[100.5365,13.7505],[100.5365,13.75],[100.5355,13.75],[100.5355,13.7505],[100.5365,13.7505]]],[[[100.534,13.765],[100.534,13.764],[100.533,13.764],[100.533,13.765],[100.534,13.765]]],[[[100.5365,13.765],[100.5365,13.764],[100.536,13.764],[100.536,13.765],[100.5365,13.765]]],[[[100.536,13.768],[100.536,13.767],[100.535,13.767],[100.535,13.768],[100.536,13.768]]],[[[100.5345,13.8285],[100.5345,13.8275],[100.5335,13.8275],[100.5335,13.8285],[100.5345,13.8285]]],[[[100.5305,13.833],[100.5305,13.832],[100.5295,13.832],[100.5295,13.833],[100.5305,13.833]]],[[[100.535,13.9025],[100.534,13.9025],[100.534,13.9045],[100.535,13.9045],[100.535,13.9025]]],[[[100.532,13.905],[100.531,13.9045],[100.531,13.9055],[100.532,13.905]]],[[[100.54,13.7215],[100.54,13.721],[100.539,13.721],[100.539,13.7215],[100.54,13.7215]]],[[[100.543,13.7215],[100.542,13.7215],[100.541,13.7235],[100.543,13.7235],[100.543,13.7215]]],[[[100.54,13.7225],[100.541,13.7225],[100.541,13.7215],[100.54,13.7215],[100.54,13.7225]]],[[[100.539,13.73],[100.539,13.729],[100.5385,13.729],[100.5385,13.73],[100.539,13.73]]],[[[100.544,13.73],[100.544,13.729],[100.543,13.729],[100.543,13.73],[100.544,13.73]]],[[[100.541,13.7325],[100.541,13.7315],[100.54,13.7315],[100.54,13.7325],[100.541,13.7325]]],[[[100.544,13.738],[100.544,13.736],[100.543,13.736],[100.543,13.738],[100.544,13.738]]],[[[100.5365,13.738],[100.5385,13.738],[100.5385,13.737],[100.5365,13.736],[100.5365,13.738]]],[[[100.5365,13.739],[100.5365,13.7415],[100.5385,13.7415],[100.5385,13.739],[100.5365,13.739]]],[[[100.5385,13.745],[100.5385,13.748],[100.5395,13.748],[100.5395,13.745],[100.5385,13.745]]],[[[100.5375,13.747],[100.5375,13.746],[100.5365,13.746],[100.5365,13.747],[100.5375,13.747]]],[[[100.5385,13.7495],[100.5365,13.749],[100.5365,13.75],[100.5385,13.7495]]],[[[100.544,13.774],[100.544,13.773],[100.543,13.773],[100.543,13.774],[100.544,13.774]]],[[[100.5415,13.7795],[100.5415,13.7785],[100.5405,13.7785],[100.5405,13.7795],[100.5415,13.7795]]],[[[100.5395,13.7975],[100.538,13.7975],[100.538,13.7985],[100.539,13.7985],[100.539,13.7995],[100.5405,13.7995],[100.5395,13.7975]]],[[[100.5395,13.801],[100.539,13.8005],[100.539,13.8015],[100.5395,13.801]]],[[[100.5405,13.802],[100.5405,13.801],[100.5395,13.801],[100.5395,13.802],[100.5405,13.802]]],[[[100.539,13.8075],[100.539,13.8065],[100.538,13.8065],[100.538,13.8075],[100.539,13.8075]]],[[[100.5405,13.8105],[100.5405,13.8095],[100.54,13.8095],[100.54,13.8105],[100.5405,13.8105]]],[[[100.543,13.895],[100.543,13.8945],[100.542,13.8945],[100.542,13.895],[100.543,13.895]]],[[[100.542,13.9],[100.544,13.9005],[100.544,13.8995],[100.542,13.9]]],[[[100.544,13.9025],[100.546,13.9025],[100.546,13.9015],[100.544,13.9015],[100.544,13.9025]]],[[[100.5415,13.9045],[100.5415,13.9035],[100.5405,13.9035],[100.5405,13.9045],[100.5415,13.9045]]],[[[100.543,13.9045],[100.5415,13.9045],[100.542,13.906],[100.543,13.906],[100.543,13.9045]]],[[[100.5425,13.9105],[100.544,13.9105],[100.544,13.9095],[100.543,13.9095],[100.543,13.907],[100.542,13.907],[100.5425,13.9105]]],[[[100.5415,13.909],[100.5415,13.908],[100.5405,13.908],[100.5405,13.909],[100.5415,13.909]]],[[[100.5415,13.9135],[100.5415,13.9125],[100.5405,13.9125],[100.5405,13.9135],[100.5415,13.9135]]],[[[100.5435,13.9185],[100.543,13.918],[100.5425,13.918],[100.5425,13.9185],[100.5435,13.9185]]],[[[100.544,13.918],[100.544,13.9205],[100.545,13.9205],[100.545,13.918],[100.544,13.918]]],[[[100.5495,13.7215],[100.5495,13.7205],[100.5485,13.721],[100.5495,13.7215]]],[[[100.5455,13.7255],[100.5455,13.7245],[100.5445,13.7245],[100.5455,13.7255]]],[[[100.5485,13.726],[100.5485,13.7255],[100.5475,13.7255],[100.5475,13.726],[100.5485,13.726]]],[[[100.5495,13.728],[100.5495,13.727],[100.5485,13.727],[100.5485,13.728],[100.5495,13.728]]],[[[100.5505,13.729],[100.5505,13.728],[100.5495,13.728],[100.5495,13.729],[100.5505,13.729]]],[[[100.5515,13.7335],[100.552,13.7325],[100.554,13.7325],[100.554,13.7315],[100.556,13.7315],[100.556,13.7295],[100.555,13.7295],[100.555,13.7305],[100.553,13.7305],[100.553,13.7315],[100.5515,13.7315],[100.552,13.729],[100.551,13.729],[100.5515,13.73],[100.5485,13.73],[100.5485,13.7315],[100.5495,13.7315],[100.5495,13.7325],[100.5485,13.7325],[100.5485,13.7345],[100.5515,13.735],[100.5515,13.7335]]],[[[100.5475,13.736],[100.5475,13.735],[100.5465,13.735],[100.5465,13.736],[100.5475,13.736]]],[[[100.546,13.738],[100.545,13.738],[100.545,13.74],[100.546,13.74],[100.546,13.738]]],[[[100.5485,13.7425],[100.5485,13.7415],[100.5475,13.7415],[100.5475,13.7425],[100.5485,13.7425]]],[[[100.5465,13.746],[100.5465,13.745],[100.546,13.745],[100.546,13.746],[100.5465,13.746]]],[[[100.5475,13.749],[100.5475,13.748],[100.547,13.748],[100.547,13.749],[100.5475,13.749]]],[[[100.5505,13.7495],[100.5505,13.749],[100.5495,13.749],[100.5495,13.7495],[100.5505,13.7495]]],[[[100.5525,13.7535],[100.5495,13.754],[100.5495,13.756],[100.547,13.756],[100.5475,13.758],[100.5495,13.758],[100.5495,13.7595],[100.548,13.7595],[100.548,13.7605],[100.547,13.7605],[100.548,13.7625],[100.547,13.7625],[100.547,13.764],[100.545,13.765],[100.545,13.768],[100.544,13.7685],[100.545,13.7685],[100.545,13.7695],[100.547,13.7695],[100.547,13.7705],[100.549,13.7705],[100.549,13.7785],[100.5495,13.7795],[100.5515,13.7795],[100.5515,13.7805],[100.5525,13.7805],[100.5525,13.7815],[100.5515,13.782],[100.5535,13.782],[100.5535,13.783],[100.5545,13.783],[100.5545,13.786],[100.5555,13.786],[100.5535,13.7865],[100.5535,13.7875],[100.5545,13.7875],[100.5555,13.7895],[100.5545,13.7895],[100.5545,13.7905],[100.5535,13.791],[100.5515,13.7905],[100.5515,13.792],[100.5525,13.792],[100.5525,13.796],[100.5545,13.7955],[100.5545,13.794],[100.5555,13.794],[100.5555,13.7955],[100.5565,13.7955],[100.5565,13.8],[100.5575,13.7995],[100.559,13.8],[100.559,13.803],[100.562,13.8045],[100.562,13.8055],[100.563,13.8055],[100.564,13.8075],[100.5645,13.8065],[100.5655,13.8065],[100.5655,13.8085],[100.5665,13.8085],[100.5665,13.8055],[100.5675,13.8055],[100.5675,13.8045],[100.5665,13.8045],[100.5675,13.804],[100.5675,13.801],[100.5695,13.801],[100.5695,13.8],[100.5675,13.7995],[100.5665,13.7975],[100.5655,13.7975],[100.5655,13.7965],[100.5665,13.7965],[100.5665,13.795],[100.5685,13.794],[100.5685,13.793],[100.5665,13.793],[100.5665,13.792],[100.5645,13.791],[100.5645,13.7885],[100.5665,13.7875],[100.5665,13.7855],[100.571,13.785],[100.571,13.784],[100.569,13.784],[100.569,13.783],[100.5675,13.782],[100.5675,13.7805],[100.5645,13.7805],[100.5635,13.7785],[100.5645,13.7785],[100.5645,13.7765],[100.5655,13.7765],[100.5655,13.775],[100.5675,13.774],[100.569,13.771],[100.567,13.771],[100.5675,13.772],[100.5655,13.772],[100.5655,13.7705],[100.5665,13.7705],[100.5665,13.7685],[100.5645,13.7685],[100.5645,13.767],[100.5625,13.767],[100.5635,13.765],[100.5625,13.765],[100.5625,13.764],[100.5605,13.764],[100.5605,13.762],[100.5615,13.762],[100.5615,13.7585],[100.56,13.7585],[100.56,13.7595],[100.559,13.7595],[100.559,13.7585],[100.557,13.7585],[100.557,13.755],[100.555,13.755],[100.555,13.754],[100.557,13.754],[100.557,13.753],[100.5535,13.7525],[100.553,13.7505],[100.5495,13.7505],[100.5495,13.7515],[100.5515,13.7515],[100.5525,13.7535]],[[100.56,13.802],[100.561,13.802],[100.561,13.803],[100.56,13.803],[100.56,13.802]]],[[[100.5485,13.7515],[100.5485,13.7505],[100.5475,13.7505],[100.5475,13.7515],[100.5485,13.7515]]],[[[100.5495,13.7525],[100.5495,13.7515],[100.5485,13.7515],[100.5485,13.7525],[100.5495,13.7525]]],[[[100.5475,13.7535],[100.5475,13.7525],[100.547,13.7525],[100.547,13.7535],[100.5475,13.7535]]],[[[100.5485,13.755],[100.5485,13.754],[100.5475,13.754],[100.5475,13.755],[100.5485,13.755]]],[[[100.545,13.773],[100.545,13.7725],[100.544,13.7725],[100.544,13.773],[100.545,13.773]]],[[[100.545,13.783],[100.545,13.782],[100.544,13.782],[100.544,13.783],[100.545,13.783]]],[[[100.547,13.795],[100.547,13.794],[100.546,13.794],[100.546,13.795],[100.547,13.795]]],[[[100.548,13.7995],[100.548,13.7985],[100.547,13.7985],[100.547,13.7995],[100.548,13.7995]]],[[[100.55,13.8075],[100.55,13.8065],[100.549,13.8065],[100.549,13.8075],[100.55,13.8075]]],[[[100.547,13.824],[100.547,13.823],[100.5465,13.823],[100.5465,13.824],[100.547,13.824]]],[[[100.5475,13.831],[100.5475,13.83],[100.5465,13.83],[100.5465,13.831],[100.5475,13.831]]],[[[100.549,13.832],[100.549,13.831],[100.548,13.831],[100.548,13.832],[100.549,13.832]]],[[[100.546,13.898],[100.546,13.897],[100.545,13.897],[100.545,13.898],[100.546,13.898]]],[[[100.546,13.8995],[100.546,13.899],[100.545,13.899],[100.545,13.8995],[100.546,13.8995]]],[[[100.5525,13.898],[100.5525,13.899],[100.5515,13.8995],[100.554,13.899],[100.554,13.897],[100.5535,13.898],[100.5525,13.898]]],[[[100.549,13.9135],[100.549,13.9115],[100.548,13.9115],[100.548,13.9135],[100.549,13.9135]]],[[[100.5495,13.915],[100.5495,13.9135],[100.549,13.9135],[100.549,13.915],[100.5495,13.915]]],[[[100.5505,13.916],[100.5505,13.915],[100.5495,13.915],[100.5495,13.916],[100.5505,13.916]]],[[[100.548,13.9185],[100.548,13.918],[100.547,13.918],[100.547,13.9185],[100.548,13.9185]]],[[[100.549,13.9205],[100.549,13.9195],[100.548,13.9195],[100.548,13.9205],[100.549,13.9205]]],[[[100.5595,13.717],[100.5595,13.716],[100.5585,13.716],[100.5585,13.717],[100.5595,13.717]]],[[[100.555,13.7235],[100.555,13.7225],[100.554,13.7225],[100.554,13.7235],[100.555,13.7235]]],[[[100.5595,13.7235],[100.5575,13.7235],[100.5575,13.725],[100.5595,13.725],[100.5595,13.7235]]],[[[100.553,13.7235],[100.553,13.725],[100.554,13.725],[100.554,13.7235],[100.553,13.7235]]],[[[100.555,13.727],[100.555,13.726],[100.554,13.726],[100.554,13.727],[100.555,13.727]]],[[[100.557,13.727],[100.557,13.726],[100.556,13.726],[100.556,13.727],[100.557,13.727]]],[[[100.5585,13.7325],[100.5585,13.7315],[100.5575,13.7315],[100.5585,13.7325]]],[[[100.5525,13.7495],[100.5525,13.7485],[100.5515,13.7485],[100.5515,13.7495],[100.5525,13.7495]]],[[[100.557,13.7515],[100.557,13.7525],[100.559,13.7525],[100.559,13.7515],[100.557,13.7515]]],[[[100.558,13.755],[100.558,13.756],[100.559,13.756],[100.559,13.754],[100.557,13.754],[100.557,13.755],[100.558,13.755]]],[[[100.5555,13.802],[100.5555,13.801],[100.5545,13.801],[100.5545,13.802],[100.5555,13.802]]],[[[100.558,13.805],[100.558,13.804],[100.5575,13.804],[100.5575,13.805],[100.558,13.805]]],[[[100.5525,13.81],[100.5525,13.8095],[100.552,13.8095],[100.552,13.81],[100.5525,13.81]]],[[[100.5555,13.8145],[100.5575,13.814],[100.5555,13.813],[100.5555,13.8145]]],[[[100.5575,13.8165],[100.5575,13.8155],[100.5565,13.8155],[100.5565,13.8165],[100.5575,13.8165]]],[[[100.5565,13.8175],[100.5565,13.8165],[100.5555,13.8165],[100.5555,13.8175],[100.5565,13.8175]]],[[[100.553,13.8375],[100.553,13.8365],[100.552,13.8365],[100.552,13.8375],[100.553,13.8375]]],[[[100.5605,13.888],[100.5605,13.887],[100.5595,13.887],[100.5595,13.888],[100.5605,13.888]]],[[[100.558,13.8935],[100.558,13.8925],[100.557,13.8925],[100.557,13.8935],[100.558,13.8935]]],[[[100.555,13.8945],[100.555,13.8935],[100.554,13.8935],[100.554,13.8945],[100.555,13.8945]]],[[[100.556,13.897],[100.556,13.896],[100.555,13.896],[100.555,13.897],[100.556,13.897]]],[[[100.563,13.717],[100.563,13.716],[100.5625,13.716],[100.5625,13.717],[100.563,13.717]]],[[[100.567,13.727],[100.567,13.726],[100.566,13.726],[100.566,13.727],[100.567,13.727]]],[[[100.5615,13.727],[100.5615,13.726],[100.5605,13.726],[100.5605,13.727],[100.5615,13.727]]],[[[100.568,13.728],[100.568,13.727],[100.567,13.727],[100.567,13.728],[100.568,13.728]]],[[[100.566,13.728],[100.566,13.727],[100.565,13.727],[100.565,13.728],[100.566,13.728]]],[[[100.5585,13.727],[100.5585,13.7295],[100.5595,13.7295],[100.5595,13.727],[100.5585,13.727]]],[[[100.5625,13.729],[100.5625,13.728],[100.5615,13.728],[100.5615,13.729],[100.5625,13.729]]],[[[100.567,13.729],[100.567,13.728],[100.566,13.728],[100.566,13.729],[100.567,13.729]]],[[[100.567,13.7325],[100.567,13.7315],[100.566,13.7315],[100.566,13.7325],[100.567,13.7325]]],[[[100.565,13.736],[100.565,13.735],[100.564,13.735],[100.564,13.736],[100.565,13.736]]],[[[100.5615,13.7405],[100.5615,13.7395],[100.5605,13.7395],[100.5605,13.7405],[100.5615,13.7405]]],[[[100.5645,13.7415],[100.5645,13.7405],[100.5635,13.7405],[100.5635,13.7415],[100.5645,13.7415]]],[[[100.5615,13.7425],[100.5615,13.7415],[100.5605,13.7415],[100.5605,13.7425],[100.5615,13.7425]]],[[[100.5635,13.7425],[100.5635,13.7415],[100.5625,13.7415],[100.5625,13.7425],[100.5635,13.7425]]],[[[100.5605,13.747],[100.5605,13.745],[100.5595,13.745],[100.5595,13.748],[100.5615,13.748],[100.5615,13.747],[100.5605,13.747]]],[[[100.566,13.7505],[100.568,13.7505],[100.568,13.7495],[100.566,13.7495],[100.566,13.7505]]],[[[100.566,13.7515],[100.566,13.7505],[100.5655,13.7505],[100.5655,13.7515],[100.566,13.7515]]],[[[100.5605,13.753],[100.5605,13.7525],[100.5595,13.7525],[100.5595,13.753],[100.5605,13.753]]],[[[100.5625,13.755],[100.5625,13.754],[100.5615,13.754],[100.5615,13.755],[100.5625,13.755]]],[[[100.562,13.8085],[100.562,13.809],[100.564,13.809],[100.564,13.8085],[100.562,13.8085]]],[[[100.561,13.809],[100.56,13.8085],[100.56,13.8095],[100.561,13.809]]],[[[100.5655,13.812],[100.5655,13.811],[100.5645,13.811],[100.5655,13.812]]],[[[100.561,13.8165],[100.561,13.8155],[100.56,13.8155],[100.56,13.8165],[100.561,13.8165]]],[[[100.563,13.819],[100.563,13.8185],[100.562,13.8185],[100.562,13.819],[100.563,13.819]]],[[[100.565,13.82],[100.565,13.821],[100.5665,13.821],[100.5665,13.82],[100.565,13.82]]],[[[100.562,13.821],[100.562,13.82],[100.561,13.82],[100.561,13.822],[100.564,13.822],[100.564,13.821],[100.562,13.821]]],[[[100.561,13.8245],[100.561,13.8235],[100.56,13.8235],[100.56,13.8245],[100.561,13.8245]]],[[[100.564,13.8255],[100.564,13.8245],[100.563,13.8245],[100.563,13.8255],[100.564,13.8255]]],[[[100.565,13.8445],[100.562,13.8445],[100.562,13.8455],[100.565,13.8455],[100.565,13.8445]]],[[[100.565,13.887],[100.565,13.886],[100.5645,13.886],[100.5645,13.887],[100.565,13.887]]],[[[100.567,13.888],[100.567,13.887],[100.566,13.887],[100.566,13.888],[100.567,13.888]]],[[[100.5655,13.8895],[100.5655,13.889],[100.5645,13.889],[100.5645,13.8895],[100.5655,13.8895]]],[[[100.5605,13.8905],[100.5605,13.8895],[100.5595,13.8895],[100.5595,13.8905],[100.5605,13.8905]]],[[[100.566,13.8925],[100.566,13.8915],[100.5655,13.8915],[100.5655,13.8925],[100.566,13.8925]]],[[[100.5645,13.894],[100.5645,13.8935],[100.5635,13.8935],[100.5635,13.894],[100.5645,13.894]]],[[[100.5655,13.895],[100.5655,13.894],[100.5645,13.894],[100.5645,13.895],[100.5655,13.895]]],[[[100.5735,13.725],[100.5725,13.725],[100.5725,13.727],[100.5735,13.727],[100.5735,13.725]]],[[[100.5695,13.726],[100.569,13.726],[100.569,13.728],[100.5695,13.728],[100.5695,13.726]]],[[[100.5735,13.7295],[100.5735,13.7305],[100.5745,13.7305],[100.5745,13.7295],[100.5735,13.7295]]],[[[100.5735,13.7315],[100.5735,13.7305],[100.5725,13.7305],[100.5725,13.7315],[100.5735,13.7315]]],[[[100.5725,13.733],[100.5715,13.7325],[100.5715,13.7335],[100.5725,13.733]]],[[[100.5705,13.734],[100.5705,13.7335],[100.57,13.7335],[100.57,13.734],[100.5705,13.734]]],[[[100.569,13.735],[100.569,13.737],[100.57,13.737],[100.57,13.735],[100.569,13.735]]],[[[100.5715,13.737],[100.5715,13.736],[100.5705,13.736],[100.5705,13.737],[100.5715,13.737]]],[[[100.572,13.753],[100.571,13.755],[100.5725,13.755],[100.572,13.753]]],[[[100.5745,13.7575],[100.5745,13.7565],[100.5735,13.7565],[100.5735,13.7575],[100.5745,13.7575]]],[[[100.572,13.7595],[100.572,13.7585],[100.571,13.7585],[100.571,13.7595],[100.572,13.7595]]],[[[100.569,13.7595],[100.569,13.7585],[100.568,13.7585],[100.568,13.7595],[100.569,13.7595]]],[[[100.57,13.7605],[100.57,13.7595],[100.569,13.7595],[100.569,13.7605],[100.57,13.7605]]],[[[100.57,13.765],[100.571,13.765],[100.571,13.763],[100.57,13.763],[100.57,13.765]]],[[[100.572,13.7665],[100.572,13.766],[100.571,13.766],[100.571,13.7665],[100.572,13.7665]]],[[[100.5735,13.7695],[100.5755,13.7695],[100.5755,13.7685],[100.5735,13.7685],[100.5735,13.7695]]],[[[100.572,13.7695],[100.572,13.7685],[100.571,13.7685],[100.571,13.7695],[100.572,13.7695]]],[[[100.5745,13.7775],[100.5745,13.7765],[100.574,13.7765],[100.574,13.7775],[100.5745,13.7775]]],[[[100.57,13.7875],[100.57,13.7865],[100.569,13.7865],[100.569,13.7875],[100.57,13.7875]]],[[[100.5765,13.7975],[100.5765,13.7965],[100.576,13.7965],[100.576,13.7975],[100.5765,13.7975]]],[[[100.571,13.812],[100.571,13.811],[100.5705,13.811],[100.5705,13.812],[100.571,13.812]]],[[[100.5705,13.8275],[100.5705,13.8265],[100.5695,13.8265],[100.5695,13.8275],[100.5705,13.8275]]],[[[100.5715,13.828],[100.5715,13.8275],[100.5705,13.8275],[100.5705,13.828],[100.5715,13.828]]],[[[100.573,13.8335],[100.573,13.8325],[100.5725,13.8325],[100.5725,13.8335],[100.573,13.8335]]],[[[100.5705,13.8325],[100.5695,13.8325],[100.5695,13.8345],[100.5705,13.8345],[100.5705,13.8325]]],[[[100.575,13.8455],[100.575,13.8445],[100.574,13.8445],[100.574,13.8455],[100.575,13.8455]]],[[[100.5695,13.865],[100.5695,13.8645],[100.569,13.8645],[100.569,13.865],[100.5695,13.865]]],[[[100.5775,13.884],[100.5775,13.8835],[100.5765,13.8835],[100.5765,13.884],[100.5775,13.884]]],[[[100.5725,13.887],[100.5725,13.886],[100.5715,13.886],[100.5715,13.887],[100.5725,13.887]]],[[[100.5735,13.888],[100.5735,13.887],[100.5725,13.887],[100.5725,13.888],[100.5735,13.888]]],[[[100.5815,13.716],[100.5815,13.715],[100.5805,13.715],[100.5815,13.716]]],[[[100.5815,13.716],[100.5815,13.717],[100.5835,13.717],[100.5835,13.716],[100.5815,13.716]]],[[[100.581,13.7205],[100.581,13.7195],[100.58,13.7195],[100.58,13.7205],[100.581,13.7205]]],[[[100.5815,13.724],[100.5815,13.725],[100.5825,13.725],[100.5825,13.724],[100.5815,13.724]]],[[[100.582,13.726],[100.581,13.725],[100.581,13.726],[100.582,13.726]]],[[[100.58,13.727],[100.58,13.726],[100.579,13.726],[100.579,13.727],[100.58,13.727]]],[[[100.578,13.7285],[100.578,13.727],[100.577,13.727],[100.577,13.7285],[100.578,13.7285]]],[[[100.578,13.7305],[100.578,13.7295],[100.577,13.7295],[100.577,13.7305],[100.578,13.7305]]],[[[100.579,13.7315],[100.579,13.7305],[100.578,13.7305],[100.578,13.7315],[100.579,13.7315]]],[[[100.5775,13.754],[100.579,13.754],[100.579,13.753],[100.578,13.753],[100.578,13.752],[100.5765,13.752],[100.5775,13.754]]],[[[100.5785,13.7595],[100.5785,13.7585],[100.5775,13.7585],[100.5775,13.7595],[100.5785,13.7595]]],[[[100.5775,13.784],[100.5775,13.782],[100.5765,13.782],[100.5765,13.784],[100.5775,13.784]]],[[[100.579,13.8335],[100.579,13.8325],[100.578,13.8325],[100.578,13.8335],[100.579,13.8335]]],[[[100.5825,13.8445],[100.5825,13.8435],[100.5815,13.8435],[100.5815,13.8445],[100.5825,13.8445]]],[[[100.579,13.847],[100.579,13.846],[100.578,13.846],[100.578,13.847],[100.579,13.847]]],[[[100.579,13.8505],[100.579,13.85],[100.578,13.85],[100.578,13.8505],[100.579,13.8505]]],[[[100.579,13.856],[100.579,13.855],[100.578,13.855],[100.578,13.856],[100.579,13.856]]],[[[100.58,13.8785],[100.58,13.878],[100.579,13.878],[100.579,13.8785],[100.58,13.8785]]],[[[100.581,13.8805],[100.581,13.8795],[100.58,13.8795],[100.58,13.8805],[100.581,13.8805]]],[[[100.5835,13.8815],[100.583,13.8815],[100.583,13.883],[100.5835,13.883],[100.5835,13.8815]]],[[[100.579,13.885],[100.579,13.884],[100.578,13.884],[100.578,13.885],[100.579,13.885]]],[[[100.583,13.8895],[100.583,13.8885],[100.582,13.8885],[100.582,13.8895],[100.583,13.8895]]],[[[100.584,13.8915],[100.584,13.8905],[100.583,13.8905],[100.583,13.8915],[100.584,13.8915]]],[[[100.5875,13.622],[100.5875,13.621],[100.5865,13.621],[100.5865,13.622],[100.5875,13.622]]],[[[100.5865,13.714],[100.5865,13.7135],[100.5855,13.7135],[100.5855,13.714],[100.5865,13.714]]],[[[100.5865,13.716],[100.5865,13.718],[100.587,13.718],[100.587,13.716],[100.5865,13.716]]],[[[100.5835,13.7185],[100.5835,13.718],[100.5825,13.718],[100.5825,13.7185],[100.5835,13.7185]]],[[[100.5835,13.7205],[100.5835,13.7195],[100.5825,13.7195],[100.5825,13.7205],[100.5835,13.7205]]],[[[100.5875,13.723],[100.5875,13.7225],[100.5865,13.7225],[100.5865,13.723],[100.5875,13.723]]],[[[100.5865,13.726],[100.5865,13.725],[100.5855,13.725],[100.5855,13.726],[100.5865,13.726]]],[[[100.5835,13.725],[100.5835,13.726],[100.5845,13.726],[100.5845,13.725],[100.5835,13.725]]],[[[100.5825,13.726],[100.5825,13.728],[100.5835,13.728],[100.5835,13.726],[100.5825,13.726]]],[[[100.5855,13.7275],[100.5845,13.727],[100.5845,13.728],[100.5855,13.7275]]],[[[100.5835,13.848],[100.5835,13.849],[100.5855,13.849],[100.5855,13.848],[100.5835,13.848]]],[[[100.5845,13.8535],[100.5845,13.8525],[100.5835,13.8525],[100.5835,13.8535],[100.5845,13.8535]]],[[[100.5845,13.859],[100.5845,13.858],[100.5835,13.858],[100.5835,13.859],[100.5845,13.859]]],[[[100.59,13.8615],[100.59,13.8595],[100.588,13.8595],[100.588,13.8615],[100.589,13.8615],[100.589,13.8625],[100.591,13.8625],[100.591,13.8615],[100.59,13.8615]]],[[[100.5875,13.8625],[100.5875,13.8635],[100.588,13.8635],[100.588,13.8625],[100.5875,13.8625]]],[[[100.5855,13.885],[100.5855,13.884],[100.5845,13.884],[100.5845,13.885],[100.5855,13.885]]],[[[100.5865,13.8905],[100.5865,13.8895],[100.5855,13.8895],[100.5855,13.8905],[100.5865,13.8905]]],[[[100.5855,13.896],[100.5855,13.897],[100.5875,13.897],[100.5875,13.896],[100.5855,13.896]]],[[[100.5885,13.8985],[100.5885,13.8975],[100.5875,13.8975],[100.5875,13.8985],[100.5885,13.8985]]],[[[100.593,13.621],[100.5905,13.621],[100.5905,13.622],[100.593,13.622],[100.593,13.621]]],[[[100.592,13.7115],[100.592,13.7105],[100.591,13.7105],[100.591,13.7115],[100.592,13.7115]]],[[[100.589,13.714],[100.589,13.7135],[100.588,13.7135],[100.588,13.714],[100.589,13.714]]],[[[100.589,13.864],[100.589,13.8635],[100.588,13.8635],[100.588,13.864],[100.589,13.864]]],[[[100.591,13.864],[100.592,13.868],[100.594,13.8685],[100.594,13.866],[100.593,13.866],[100.593,13.864],[100.591,13.864]]],[[[100.591,13.877],[100.591,13.878],[100.593,13.8775],[100.591,13.877]]],[[[100.591,13.8825],[100.591,13.8815],[100.59,13.8815],[100.59,13.8825],[100.591,13.8825]]],[[[100.593,13.884],[100.593,13.883],[100.592,13.883],[100.592,13.884],[100.593,13.884]]],[[[100.5895,13.886],[100.5895,13.885],[100.5885,13.885],[100.5885,13.886],[100.5895,13.886]]],[[[100.594,13.9165],[100.594,13.9155],[100.593,13.9155],[100.593,13.9165],[100.594,13.9165]]],[[[100.5915,13.9185],[100.593,13.9185],[100.593,13.9175],[100.5915,13.9175],[100.5915,13.9185]]],[[[100.594,13.622],[100.593,13.622],[100.593,13.623],[100.594,13.623],[100.594,13.622]]],[[[100.593,13.632],[100.593,13.633],[100.594,13.633],[100.594,13.632],[100.593,13.632]]],[[[100.595,13.6345],[100.595,13.6335],[100.594,13.6335],[100.594,13.6345],[100.595,13.6345]]],[[[100.595,13.649],[100.595,13.647],[100.594,13.647],[100.594,13.649],[100.595,13.649]]],[[[100.5975,13.882],[100.5975,13.8815],[100.5965,13.8815],[100.5965,13.882],[100.5975,13.882]]],[[[100.596,13.9175],[100.596,13.9165],[100.595,13.9165],[100.595,13.9175],[100.596,13.9175]]],[[[100.597,13.9185],[100.597,13.9175],[100.596,13.9175],[100.596,13.9185],[100.597,13.9185]]],[[[100.594,13.9195],[100.594,13.9185],[100.593,13.9185],[100.593,13.9195],[100.594,13.9195]]],[[[100.5995,13.6375],[100.5995,13.6365],[100.5985,13.6365],[100.5985,13.6375],[100.5995,13.6375]]],[[[100.6,13.694],[100.6,13.6935],[100.599,13.6935],[100.599,13.694],[100.6,13.694]]],[[[100.601,13.6995],[100.601,13.698],[100.599,13.698],[100.6,13.6985],[100.6,13.6995],[100.601,13.6995]]],[[[100.598,13.7035],[100.598,13.7025],[100.5975,13.7025],[100.5975,13.7035],[100.598,13.7035]]],[[[100.599,13.705],[100.599,13.704],[100.598,13.704],[100.598,13.705],[100.599,13.705]]],[[[100.6,13.708],[100.6,13.707],[100.599,13.707],[100.599,13.708],[100.6,13.708]]],[[[100.5965,13.7095],[100.5965,13.7085],[100.5955,13.7085],[100.5955,13.7095],[100.5965,13.7095]]],[[[100.5975,13.7105],[100.5975,13.7095],[100.5965,13.7095],[100.5965,13.7105],[100.5975,13.7105]]],[[[100.5985,13.7125],[100.601,13.7125],[100.601,13.7115],[100.5985,13.7115],[100.5985,13.7125]]],[[[100.5985,13.713],[100.5985,13.7125],[100.5975,13.7125],[100.5975,13.713],[100.5985,13.713]]],[[[100.5985,13.7175],[100.5985,13.717],[100.5975,13.717],[100.5975,13.7175],[100.5985,13.7175]]],[[[100.5975,13.742],[100.5975,13.744],[100.5985,13.744],[100.5985,13.742],[100.5975,13.742]]],[[[100.6005,13.745],[100.6005,13.744],[100.5995,13.744],[100.5995,13.745],[100.6005,13.745]]],[[[100.6005,13.883],[100.6005,13.882],[100.5995,13.882],[100.5995,13.883],[100.6005,13.883]]],[[[100.5995,13.921],[100.5995,13.922],[100.6005,13.922],[100.6005,13.921],[100.5995,13.921]]],[[[100.6045,13.657],[100.6045,13.656],[100.6025,13.656],[100.6025,13.657],[100.6045,13.657]]],[[[100.602,13.697],[100.602,13.696],[100.6,13.696],[100.6,13.697],[100.602,13.697]]],[[[100.604,13.6995],[100.604,13.6985],[100.603,13.6985],[100.603,13.6995],[100.604,13.6995]]],[[[100.604,13.705],[100.604,13.704],[100.603,13.704],[100.603,13.705],[100.604,13.705]]],[[[100.605,13.7095],[100.604,13.7085],[100.604,13.7095],[100.605,13.7095]]],[[[100.602,13.7115],[100.602,13.7105],[100.601,13.7105],[100.601,13.7115],[100.602,13.7115]]],[[[100.603,13.7115],[100.603,13.7125],[100.604,13.7125],[100.604,13.7115],[100.603,13.7115]]],[[[100.6015,13.7455],[100.6015,13.745],[100.6005,13.745],[100.6005,13.7455],[100.6015,13.7455]]],[[[100.602,13.7485],[100.602,13.7475],[100.6015,13.7475],[100.6015,13.7485],[100.602,13.7485]]],[[[100.604,13.877],[100.605,13.877],[100.605,13.876],[100.604,13.876],[100.604,13.877]]],[[[100.6055,13.676],[100.6055,13.6745],[100.6045,13.6745],[100.6045,13.676],[100.6055,13.676]]],[[[100.6065,13.6805],[100.6065,13.6795],[100.6055,13.6795],[100.6055,13.6805],[100.6065,13.6805]]],[[[100.6085,13.6835],[100.6085,13.6825],[100.6075,13.6825],[100.6075,13.6835],[100.6085,13.6835]]],[[[100.6045,13.698],[100.6045,13.697],[100.6035,13.697],[100.6045,13.698]]],[[[100.6065,13.7025],[100.6065,13.7015],[100.6055,13.7015],[100.6055,13.7025],[100.6065,13.7025]]],[[[100.6055,13.705],[100.6055,13.704],[100.6045,13.704],[100.6045,13.705],[100.6055,13.705]]],[[[100.606,13.745],[100.606,13.7455],[100.607,13.7455],[100.607,13.745],[100.606,13.745]]],[[[100.606,13.7465],[100.606,13.7455],[100.605,13.7455],[100.605,13.7465],[100.606,13.7465]]],[[[100.6075,13.8705],[100.6075,13.8695],[100.607,13.8695],[100.607,13.8705],[100.6075,13.8705]]],[[[100.6095,13.8715],[100.6075,13.8715],[100.6075,13.872],[100.6095,13.872],[100.6095,13.8715]]],[[[100.6075,13.873],[100.6075,13.872],[100.607,13.872],[100.607,13.873],[100.6075,13.873]]],[[[100.609,13.678],[100.609,13.679],[100.611,13.679],[100.611,13.678],[100.609,13.678]]],[[[100.61,13.685],[100.61,13.6835],[100.6085,13.6835],[100.609,13.685],[100.61,13.685]]],[[[100.6085,13.695],[100.611,13.695],[100.611,13.694],[100.6085,13.694],[100.6085,13.695]]],[[[100.61,13.6995],[100.61,13.6985],[100.6095,13.6985],[100.6095,13.6995],[100.61,13.6995]]],[[[100.6105,13.891],[100.6105,13.8905],[100.6095,13.8905],[100.6095,13.891],[100.6105,13.891]]],[[[100.612,13.5765],[100.612,13.5755],[100.611,13.5755],[100.611,13.5765],[100.612,13.5765]]],[[[100.612,13.6815],[100.611,13.6815],[100.611,13.6835],[100.612,13.6835],[100.612,13.6815]]],[[[100.614,13.686],[100.614,13.685],[100.613,13.685],[100.613,13.686],[100.614,13.686]]],[[[100.6135,13.912],[100.6135,13.911],[100.6125,13.911],[100.6125,13.912],[100.6135,13.912]]],[[[100.618,13.8665],[100.618,13.866],[100.617,13.866],[100.617,13.8665],[100.618,13.8665]]],[[[100.617,13.9065],[100.618,13.9065],[100.618,13.9055],[100.617,13.9055],[100.617,13.9065]]],[[[100.619,13.9065],[100.618,13.9065],[100.618,13.9075],[100.619,13.9075],[100.619,13.9065]]],[[[100.617,13.9085],[100.617,13.9075],[100.6165,13.9075],[100.6165,13.9085],[100.617,13.9085]]],[[[100.619,13.9165],[100.619,13.9155],[100.618,13.9155],[100.618,13.9165],[100.619,13.9165]]],[[[100.6195,13.862],[100.6195,13.863],[100.6215,13.863],[100.6215,13.862],[100.6195,13.862]]],[[[100.622,13.9085],[100.622,13.9075],[100.621,13.9075],[100.621,13.9085],[100.622,13.9085]]],[[[100.622,13.913],[100.622,13.912],[100.621,13.912],[100.621,13.913],[100.622,13.913]]],[[[100.62,13.921],[100.62,13.922],[100.621,13.922],[100.621,13.921],[100.62,13.921]]],[[[100.623,13.928],[100.623,13.9275],[100.622,13.9275],[100.622,13.928],[100.623,13.928]]],[[[100.6235,13.8575],[100.6235,13.857],[100.6225,13.857],[100.6225,13.8575],[100.6235,13.8575]]],[[[100.6235,13.91],[100.6235,13.909],[100.623,13.909],[100.623,13.91],[100.6235,13.91]]],[[[100.6235,13.9135],[100.6235,13.913],[100.623,13.913],[100.623,13.9135],[100.6235,13.9135]]],[[[100.624,13.92],[100.624,13.919],[100.623,13.919],[100.623,13.92],[100.624,13.92]]],[[[100.623,13.9225],[100.623,13.9235],[100.6245,13.9235],[100.6245,13.9225],[100.623,13.9225]]],[[[100.625,13.93],[100.625,13.932],[100.6255,13.932],[100.6255,13.93],[100.625,13.93]]],[[[100.6255,13.92],[100.6265,13.92],[100.6265,13.919],[100.6255,13.919],[100.6255,13.92]]],[[[100.6275,13.92],[100.6265,13.92],[100.6265,13.921],[100.6275,13.921],[100.6275,13.92]]],[[[100.6265,13.9225],[100.6265,13.922],[100.6255,13.922],[100.6255,13.9225],[100.6265,13.9225]]],[[[100.6275,13.93],[100.6275,13.929],[100.6265,13.929],[100.6265,13.93],[100.6275,13.93]]],[[[100.629,13.768],[100.6285,13.768],[100.6285,13.77],[100.629,13.77],[100.629,13.768]]],[[[100.6285,13.771],[100.6285,13.77],[100.6275,13.77],[100.6275,13.771],[100.6285,13.771]]],[[[100.6285,13.7735],[100.6285,13.7725],[100.6275,13.7725],[100.6275,13.7735],[100.6285,13.7735]]],[[[100.631,13.861],[100.631,13.8605],[100.63,13.8605],[100.63,13.861],[100.631,13.861]]],[[[100.633,13.776],[100.633,13.7755],[100.632,13.7755],[100.632,13.776],[100.633,13.776]]],[[[100.641,13.8485],[100.641,13.8475],[100.64,13.8475],[100.64,13.8485],[100.641,13.8485]]],[[[100.6425,13.8495],[100.6425,13.8485],[100.642,13.8485],[100.642,13.8495],[100.6425,13.8495]]],[[[100.6445,13.7365],[100.6445,13.7355],[100.644,13.7355],[100.644,13.7365],[100.6445,13.7365]]],[[[100.6445,13.739],[100.644,13.739],[100.644,13.74],[100.6445,13.74],[100.6445,13.739]]],[[[100.644,13.741],[100.644,13.74],[100.643,13.74],[100.643,13.741],[100.644,13.741]]],[[[100.6445,13.842],[100.6445,13.841],[100.6435,13.841],[100.6435,13.842],[100.6445,13.842]]],[[[100.6455,13.843],[100.6455,13.842],[100.6445,13.842],[100.6445,13.843],[100.6455,13.843]]],[[[100.6465,13.74],[100.6465,13.739],[100.6455,13.739],[100.6455,13.74],[100.6465,13.74]]],[[[100.6475,13.841],[100.6465,13.841],[100.6465,13.842],[100.6475,13.842],[100.6475,13.841]]],[[[100.6465,13.846],[100.6475,13.846],[100.6475,13.845],[100.6465,13.845],[100.6465,13.846]]],[[[100.652,13.8485],[100.65,13.8485],[100.65,13.8495],[100.652,13.8495],[100.652,13.8485]]],[[[100.675,13.8275],[100.674,13.8275],[100.674,13.8285],[100.675,13.8285],[100.675,13.8275]]],[[[100.674,13.83],[100.673,13.83],[100.673,13.832],[100.674,13.832],[100.674,13.83]]],[[[100.6795,13.8245],[100.6775,13.825],[100.6775,13.8265],[100.6795,13.8265],[100.6795,13.8275],[100.6805,13.8275],[100.6805,13.8255],[100.6795,13.8255],[100.6795,13.8245]]],[[[100.6945,13.736],[100.6945,13.735],[100.6935,13.735],[100.6935,13.736],[100.6945,13.736]]],[[[100.723,13.812],[100.723,13.811],[100.722,13.811],[100.722,13.812],[100.723,13.812]]],[[[100.721,13.8145],[100.722,13.8145],[100.722,13.8135],[100.721,13.8135],[100.721,13.8145]]],[[[100.724,13.81],[100.724,13.809],[100.723,13.809],[100.723,13.81],[100.724,13.81]]],[[[100.7525,13.6925],[100.7525,13.6915],[100.75,13.6915],[100.75,13.6925],[100.748,13.693],[100.7525,13.6925]]],[[[100.7525,13.694],[100.75,13.694],[100.75,13.695],[100.7525,13.695],[100.7525,13.694]]],[[[100.7535,13.694],[100.7535,13.693],[100.7525,13.693],[100.7525,13.694],[100.7535,13.694]]]]}},{"type":"Feature","properties":{"class":"1","n":1,"threshold_min":15,"speed_kmh":4.0},"geometry":{"type":"MultiPolygon","coordinates":[[[[100.406,13.706],[100.406,13.711],[100.407,13.711],[100.407,13.7135],[100.406,13.7135],[100.407,13.7155],[100.406,13.7155],[100.406,13.717],[100.408,13.717],[100.407,13.719],[100.409,13.72],[100.4095,13.716],[100.4105,13.716],[100.4105,13.719],[100.4115,13.719],[100.4115,13.717],[100.4125,13.717],[100.4125,13.716],[100.416,13.716],[100.416,13.715],[100.4145,13.7145],[100.4145,13.7135],[100.4135,13.7135],[100.4135,13.7125],[100.4115,13.7115],[100.4115,13.71],[100.4145,13.71],[100.4145,13.708],[100.4125,13.707],[100.4125,13.7055],[100.408,13.706],[100.408,13.7025],[100.406,13.7035],[100.406,13.7055],[100.404,13.7055],[100.406,13.706]],[[100.408,13.707],[100.407,13.707],[100.407,13.706],[100.408,13.706],[100.408,13.707]],[[100.408,13.707],[100.4095,13.707],[100.4095,13.71],[100.4085,13.71],[100.408,13.707]]],[[[100.404,13.8745],[100.4035,13.877],[100.4025,13.877],[100.4025,13.88],[100.4015,13.88],[100.4015,13.8815],[100.4005,13.8815],[100.4005,13.8835],[100.3995,13.8835],[100.3995,13.8845],[100.4035,13.885],[100.404,13.886],[100.4035,13.889],[100.4025,13.889],[100.4025,13.89],[100.4035,13.8895],[100.4035,13.8905],[100.4015,13.8915],[100.4015,13.8925],[100.4025,13.8925],[100.4025,13.8945],[100.4015,13.895],[100.405,13.8945],[100.405,13.8935],[100.406,13.8935],[100.406,13.895],[100.407,13.895],[100.406,13.897],[100.405,13.897],[100.406,13.899],[100.405,13.899],[100.4055,13.8995],[100.4045,13.8995],[100.4045,13.9005],[100.406,13.9005],[100.406,13.9015],[100.409,13.9015],[100.409,13.9005],[100.408,13.9005],[100.408,13.899],[100.4115,13.8985],[100.411,13.896],[100.409,13.897],[100.409,13.8915],[100.41,13.8915],[100.41,13.8905],[100.406,13.8905],[100.406,13.889],[100.405,13.889],[100.405,13.886],[100.407,13.886],[100.407,13.8845],[100.408,13.8845],[100.408,13.8825],[100.41,13.8825],[100.4105,13.8845],[100.4115,13.885],[100.4145,13.8845],[100.4145,13.8825],[100.4155,13.8825],[100.4155,13.8795],[100.4145,13.88],[100.4145,13.879],[100.4105,13.878],[100.4115,13.876],[100.4105,13.876],[100.4105,13.8745],[100.409,13.8745],[100.409,13.8735],[100.4115,13.8735],[100.4115,13.8725],[100.4105,13.8725],[100.4105,13.8705],[100.4095,13.8705],[100.4095,13.8715],[100.408,13.8715],[100.408,13.8735],[100.404,13.8745]],[[100.409,13.8755],[100.408,13.8755],[100.408,13.8745],[100.409,13.8745],[100.409,13.8755]],[[100.407,13.88],[100.409,13.88],[100.409,13.8805],[100.407,13.8805],[100.407,13.88]],[[100.4115,13.8805],[100.4105,13.8805],[100.4105,13.88],[100.4115,13.88],[100.4115,13.8805]]],[[[100.4145,13.8745],[100.4135,13.875],[100.4135,13.876],[100.4125,13.876],[100.4125,13.878],[100.4145,13.877],[100.4145,13.878],[100.417,13.878],[100.417,13.879],[100.416,13.879],[100.417,13.8795],[100.417,13.8805],[100.421,13.8805],[100.421,13.878],[100.422,13.878],[100.4225,13.879],[100.4225,13.877],[100.4245,13.877],[100.4245,13.875],[100.4235,13.8745],[100.4255,13.8745],[100.4265,13.8705],[100.4255,13.8705],[100.4255,13.869],[100.4225,13.869],[100.4225,13.87],[100.4215,13.8705],[100.4145,13.87],[100.4145,13.8735],[100.4115,13.8735],[100.4115,13.8745],[100.4145,13.8745]],[[100.4235,13.8725],[100.4235,13.8715],[100.4245,13.8715],[100.4245,13.8725],[100.4235,13.8725]],[[100.42,13.876],[100.42,13.875],[100.421,13.875],[100.421,13.876],[100.42,13.876]],[[100.4155,13.8725],[100.416,13.8725],[100.416,13.8735],[100.4155,13.8735],[100.4155,13.8725]],[[100.422,13.8745],[100.42,13.8745],[100.42,13.8735],[100.422,13.8735],[100.422,13.8745]]],[[[100.4105,13.8905],[100.4125,13.8905],[100.4125,13.8915],[100.4145,13.8905],[100.4145,13.8895],[100.4135,13.8895],[100.4155,13.889],[100.4155,13.888],[100.4145,13.888],[100.4145,13.886],[100.4115,13.886],[100.4115,13.887],[100.4105,13.887],[100.4105,13.889],[100.4115,13.889],[100.4105,13.8895],[100.4105,13.8905]],[[100.4135,13.888],[100.4125,13.888],[100.4125,13.887],[100.4135,13.887],[100.4135,13.888]]],[[[100.4035,13.887],[100.4035,13.886],[100.4025,13.886],[100.4025,13.887],[100.4035,13.887]]],[[[100.411,13.8925],[100.411,13.8915],[100.41,13.8915],[100.41,13.8925],[100.411,13.8925]]],[[[100.411,13.8925],[100.411,13.895],[100.4115,13.895],[100.4115,13.8925],[100.411,13.8925]]],[[[100.42,13.705],[100.42,13.707],[100.419,13.707],[100.419,13.708],[100.417,13.708],[100.418,13.71],[100.421,13.7115],[100.421,13.7125],[100.419,13.7125],[100.419,13.7145],[100.42,13.7145],[100.42,13.716],[100.419,13.716],[100.419,13.718],[100.418,13.718],[100.418,13.7195],[100.419,13.7195],[100.419,13.7205],[100.421,13.7205],[100.421,13.7195],[100.4245,13.7195],[100.4245,13.717],[100.4255,13.717],[100.4255,13.716],[100.4275,13.716],[100.4275,13.718],[100.428,13.717],[100.429,13.717],[100.429,13.716],[100.428,13.716],[100.4275,13.715],[100.4275,13.7135],[100.4255,13.7135],[100.4255,13.7125],[100.4245,13.7125],[100.4245,13.7115],[100.4265,13.7115],[100.427,13.708],[100.4255,13.708],[100.4245,13.706],[100.4215,13.706],[100.4215,13.705],[100.4235,13.7045],[100.4225,13.7025],[100.4205,13.7025],[100.4205,13.7035],[100.419,13.7035],[100.419,13.7045],[100.418,13.7045],[100.418,13.7055],[100.42,13.705]],[[100.419,13.709],[100.421,13.709],[100.421,13.71],[100.419,13.71],[100.419,13.709]],[[100.4225,13.716],[100.4235,13.716],[100.4235,13.717],[100.4225,13.717],[100.4225,13.716]]],[[[100.416,13.707],[100.417,13.707],[100.417,13.706],[100.416,13.706],[100.416,13.707]]],[[[100.415,13.707],[100.4145,13.707],[100.4145,13.708],[100.415,13.708],[100.415,13.707]]],[[[100.428,13.709],[100.429,13.709],[100.429,13.708],[100.428,13.708],[100.428,13.709]]],[[[100.415,13.709],[100.416,13.709],[100.416,13.708],[100.415,13.708],[100.415,13.709]]],[[[100.433,13.7125],[100.433,13.7095],[100.43,13.709],[100.431,13.7095],[100.43,13.7115],[100.432,13.7115],[100.432,13.7125],[100.433,13.7125]]],[[[100.417,13.715],[100.418,13.715],[100.418,13.7145],[100.417,13.7145],[100.417,13.715]]],[[[100.431,13.715],[100.431,13.716],[100.43,13.716],[100.43,13.718],[100.432,13.717],[100.432,13.715],[100.431,13.715]]],[[[100.417,13.717],[100.417,13.716],[100.416,13.716],[100.416,13.717],[100.417,13.717]]],[[[100.431,13.8695],[100.43,13.8695],[100.43,13.8705],[100.431,13.8705],[100.431,13.8715],[100.43,13.8715],[100.43,13.8735],[100.432,13.874],[100.431,13.874],[100.431,13.875],[100.43,13.875],[100.43,13.877],[100.429,13.877],[100.4285,13.879],[100.429,13.8815],[100.431,13.8805],[100.431,13.8815],[100.433,13.8825],[100.432,13.8835],[100.433,13.884],[100.433,13.885],[100.434,13.885],[100.434,13.8815],[100.4355,13.8815],[100.4355,13.883],[100.4375,13.884],[100.4375,13.8825],[100.4395,13.8815],[100.4395,13.8795],[100.4385,13.8795],[100.4385,13.875],[100.4375,13.875],[100.4375,13.876],[100.4345,13.876],[100.4345,13.875],[100.4365,13.874],[100.4365,13.8705],[100.4355,13.8705],[100.4355,13.8715],[100.434,13.8715],[100.434,13.8695],[100.433,13.869],[100.431,13.8695]],[[100.433,13.874],[100.4345,13.8725],[100.434,13.875],[100.432,13.875],[100.432,13.874],[100.433,13.874]],[[100.4375,13.8815],[100.4375,13.8805],[100.4385,13.8805],[100.4385,13.8815],[100.4375,13.8815]],[[100.432,13.8725],[100.432,13.8715],[100.433,13.8715],[100.433,13.8725],[100.432,13.8725]],[[100.432,13.878],[100.431,13.878],[100.431,13.877],[100.432,13.877],[100.432,13.878]],[[100.4375,13.878],[100.4365,13.878],[100.4365,13.877],[100.4375,13.877],[100.4375,13.878]]],[[[100.428,13.8735],[100.429,13.8735],[100.429,13.8725],[100.428,13.8725],[100.428,13.8735]]],[[[100.43,13.875],[100.43,13.8735],[100.429,13.8735],[100.429,13.875],[100.43,13.875]]],[[[100.4255,13.876],[100.4255,13.878],[100.4265,13.878],[100.4265,13.876],[100.4255,13.876]]],[[[100.4275,13.877],[100.428,13.877],[100.428,13.876],[100.4275,13.876],[100.4275,13.877]]],[[[100.4375,13.7095],[100.439,13.7095],[100.439,13.709],[100.4375,13.709],[100.4375,13.7095]]],[[[100.4455,13.7095],[100.4455,13.7105],[100.4475,13.7105],[100.4475,13.7085],[100.4455,13.7095]]],[[[100.441,13.7105],[100.441,13.7095],[100.439,13.7095],[100.4395,13.7105],[100.441,13.7105]]],[[[100.4375,13.7105],[100.4335,13.7105],[100.4335,13.7115],[100.4345,13.7115],[100.4345,13.7125],[100.4365,13.7125],[100.4375,13.7105]]],[[[100.444,13.7115],[100.442,13.7115],[100.442,13.7135],[100.443,13.713],[100.443,13.714],[100.444,13.714],[100.445,13.716],[100.442,13.716],[100.442,13.717],[100.441,13.717],[100.441,13.7185],[100.44,13.7185],[100.4395,13.7195],[100.4405,13.7225],[100.441,13.7215],[100.444,13.7215],[100.444,13.7225],[100.443,13.723],[100.445,13.723],[100.445,13.7205],[100.446,13.7205],[100.446,13.7215],[100.4475,13.7215],[100.4475,13.7225],[100.4485,13.7225],[100.4485,13.7215],[100.4505,13.722],[100.4505,13.7205],[100.4485,13.7195],[100.4485,13.717],[100.4465,13.717],[100.4465,13.716],[100.4475,13.716],[100.4475,13.714],[100.4495,13.715],[100.4495,13.714],[100.4505,13.714],[100.4505,13.7125],[100.4475,13.7125],[100.4475,13.7115],[100.4455,13.7125],[100.4455,13.7105],[100.444,13.7105],[100.444,13.7115]],[[100.444,13.713],[100.445,13.713],[100.445,13.714],[100.444,13.714],[100.444,13.713]],[[100.442,13.7185],[100.442,13.7195],[100.441,13.7195],[100.441,13.7185],[100.442,13.7185]],[[100.4465,13.713],[100.4465,13.715],[100.446,13.715],[100.446,13.713],[100.4465,13.713]]],[[[100.453,13.717],[100.453,13.716],[100.454,13.716],[100.454,13.7175],[100.455,13.7175],[100.456,13.7195],[100.457,13.7195],[100.457,13.7175],[100.4585,13.7175],[100.458,13.715],[100.457,13.715],[100.457,13.716],[100.455,13.716],[100.455,13.7125],[100.453,13.7125],[100.453,13.714],[100.4505,13.714],[100.4505,13.715],[100.452,13.715],[100.452,13.717],[100.453,13.717]],[[100.455,13.717],[100.456,13.717],[100.456,13.7175],[100.455,13.7175],[100.455,13.717]]],[[[100.4335,13.7135],[100.4345,13.7135],[100.4345,13.7125],[100.4335,13.7125],[100.4335,13.7135]]],[[[100.4335,13.714],[100.432,13.7135],[100.432,13.715],[100.4345,13.715],[100.4345,13.714],[100.4335,13.714]]],[[[100.4355,13.714],[100.4355,13.716],[100.4375,13.716],[100.4375,13.714],[100.4355,13.714]]],[[[100.4385,13.718],[100.4385,13.717],[100.4375,13.717],[100.4375,13.718],[100.4385,13.718]]],[[[100.4515,13.7215],[100.4515,13.724],[100.4525,13.724],[100.4525,13.726],[100.4515,13.726],[100.4515,13.727],[100.4525,13.7265],[100.4525,13.7295],[100.454,13.7295],[100.454,13.7275],[100.455,13.7275],[100.455,13.7295],[100.456,13.7295],[100.456,13.7285],[100.4595,13.7285],[100.459,13.731],[100.4605,13.7305],[100.4605,13.7295],[100.4625,13.7295],[100.4625,13.731],[100.4615,13.731],[100.4615,13.733],[100.4635,13.732],[100.4635,13.7305],[100.4645,13.7305],[100.4645,13.7285],[100.4655,13.7285],[100.4645,13.726],[100.4615,13.726],[100.4615,13.7275],[100.4595,13.7275],[100.4595,13.7265],[100.459,13.7275],[100.457,13.7275],[100.457,13.7265],[100.458,13.7265],[100.457,13.726],[100.457,13.723],[100.456,13.723],[100.456,13.722],[100.457,13.7215],[100.455,13.7205],[100.455,13.7195],[100.454,13.7195],[100.454,13.7215],[100.4515,13.7215]],[[100.453,13.723],[100.455,13.724],[100.454,13.726],[100.453,13.726],[100.453,13.723]]],[[[100.4515,13.725],[100.4515,13.724],[100.4505,13.724],[100.4505,13.725],[100.4515,13.725]]],[[[100.4375,13.866],[100.4375,13.868],[100.4385,13.868],[100.4385,13.866],[100.4375,13.866]]],[[[100.4395,13.8695],[100.4365,13.868],[100.4365,13.8705],[100.441,13.8705],[100.441,13.8695],[100.4395,13.8695]]],[[[100.445,13.8725],[100.443,13.8715],[100.443,13.874],[100.444,13.874],[100.444,13.875],[100.446,13.875],[100.446,13.876],[100.444,13.876],[100.444,13.877],[100.4505,13.877],[100.4505,13.876],[100.453,13.876],[100.453,13.875],[100.4515,13.875],[100.4515,13.8725],[100.4505,13.8725],[100.4505,13.875],[100.4495,13.875],[100.4495,13.876],[100.4475,13.876],[100.4475,13.875],[100.4485,13.875],[100.4485,13.874],[100.4475,13.874],[100.4475,13.873],[100.4485,13.873],[100.4475,13.8725],[100.4475,13.8715],[100.446,13.8715],[100.446,13.8705],[100.445,13.8705],[100.445,13.8725]],[[100.446,13.873],[100.446,13.874],[100.445,13.874],[100.445,13.873],[100.446,13.873]]],[[[100.456,13.8725],[100.456,13.8715],[100.455,13.8715],[100.455,13.8725],[100.456,13.8725]]],[[[100.454,13.874],[100.455,13.874],[100.455,13.875],[100.453,13.876],[100.4525,13.877],[100.453,13.8785],[100.456,13.8785],[100.456,13.876],[100.457,13.876],[100.457,13.877],[100.459,13.876],[100.459,13.875],[100.457,13.875],[100.457,13.874],[100.458,13.874],[100.458,13.873],[100.457,13.8725],[100.454,13.8725],[100.454,13.874]],[[100.455,13.876],[100.455,13.877],[100.454,13.877],[100.454,13.876],[100.455,13.876]]],[[[100.4485,13.874],[100.4495,13.874],[100.4495,13.873],[100.4485,13.873],[100.4485,13.874]]],[[[100.443,13.8805],[100.446,13.8805],[100.446,13.8825],[100.447,13.883],[100.4485,13.883],[100.4485,13.8815],[100.4495,13.8815],[100.4485,13.8795],[100.447,13.8795],[100.447,13.8785],[100.4485,13.8785],[100.4485,13.8775],[100.443,13.878],[100.443,13.877],[100.442,13.877],[100.442,13.8785],[100.441,13.8785],[100.441,13.8795],[100.443,13.8795],[100.443,13.8805]]],[[[100.4505,13.882],[100.4525,13.8815],[100.453,13.8805],[100.4525,13.8775],[100.4505,13.8785],[100.4505,13.882]]],[[[100.441,13.878],[100.4395,13.878],[100.4395,13.8785],[100.441,13.8785],[100.441,13.878]]],[[[100.446,13.884],[100.446,13.8825],[100.445,13.8825],[100.445,13.884],[100.446,13.884]]],[[[100.466,13.712],[100.464,13.713],[100.4635,13.7105],[100.4615,13.7105],[100.4615,13.7115],[100.4605,13.7115],[100.4615,13.712],[100.4615,13.713],[100.4625,13.713],[100.4625,13.7185],[100.467,13.7185],[100.467,13.7195],[100.468,13.7195],[100.468,13.7205],[100.466,13.7205],[100.466,13.7195],[100.465,13.7195],[100.465,13.721],[100.466,13.721],[100.466,13.724],[100.469,13.724],[100.469,13.723],[100.468,13.723],[100.469,13.721],[100.47,13.721],[100.47,13.722],[100.4715,13.722],[100.471,13.721],[100.4715,13.7185],[100.4735,13.7185],[100.4735,13.721],[100.4725,13.721],[100.4725,13.722],[100.4755,13.722],[100.4755,13.721],[100.4765,13.721],[100.4765,13.7195],[100.478,13.7195],[100.478,13.7185],[100.477,13.7185],[100.477,13.7165],[100.478,13.716],[100.4715,13.7165],[100.4705,13.716],[100.4705,13.715],[100.469,13.715],[100.469,13.714],[100.467,13.714],[100.467,13.713],[100.469,13.713],[100.469,13.712],[100.467,13.712],[100.468,13.7115],[100.468,13.7105],[100.469,13.7105],[100.469,13.7085],[100.47,13.7085],[100.4705,13.7105],[100.4715,13.7105],[100.4715,13.7085],[100.4725,13.7085],[100.4725,13.7075],[100.4715,13.7075],[100.4715,13.706],[100.469,13.706],[100.469,13.705],[100.467,13.705],[100.467,13.707],[100.464,13.7085],[100.464,13.7095],[100.465,13.7095],[100.465,13.7115],[100.466,13.712]],[[100.47,13.716],[100.47,13.7175],[100.469,13.7175],[100.469,13.716],[100.47,13.716]],[[100.4755,13.7195],[100.4745,13.7195],[100.4745,13.7175],[100.4755,13.7175],[100.4755,13.7195]],[[100.467,13.715],[100.467,13.716],[100.466,13.716],[100.466,13.715],[100.467,13.715]]],[[[100.4615,13.716],[100.4615,13.715],[100.4605,13.715],[100.4605,13.716],[100.4615,13.716]]],[[[100.4605,13.7195],[100.4605,13.7185],[100.4595,13.7185],[100.4595,13.7195],[100.4605,13.7195]]],[[[100.459,13.726],[100.459,13.725],[100.458,13.725],[100.458,13.726],[100.459,13.726]]],[[[100.466,13.7285],[100.467,13.7285],[100.467,13.7275],[100.466,13.7275],[100.466,13.7285]]],[[[100.466,13.733],[100.466,13.734],[100.468,13.735],[100.468,13.734],[100.469,13.734],[100.469,13.732],[100.471,13.732],[100.471,13.731],[100.468,13.7305],[100.468,13.7295],[100.4655,13.7295],[100.4655,13.7305],[100.467,13.7305],[100.467,13.732],[100.4655,13.732],[100.466,13.733]]],[[[100.4625,13.742],[100.4625,13.743],[100.4635,13.743],[100.4635,13.741],[100.4645,13.741],[100.4645,13.742],[100.4665,13.742],[100.467,13.7455],[100.4665,13.75],[100.4655,13.75],[100.4655,13.751],[100.4635,13.75],[100.4635,13.752],[100.4615,13.752],[100.4615,13.754],[100.46,13.754],[100.4625,13.7545],[100.4625,13.7565],[100.4645,13.7575],[100.4645,13.76],[100.4655,13.76],[100.4655,13.7585],[100.468,13.7585],[100.468,13.7575],[100.4665,13.7575],[100.4665,13.7565],[100.468,13.7565],[100.468,13.7545],[100.47,13.7545],[100.47,13.7565],[100.472,13.7565],[100.471,13.7585],[100.473,13.759],[100.473,13.76],[100.474,13.76],[100.4745,13.7575],[100.4785,13.7565],[100.4785,13.7545],[100.4775,13.7545],[100.4775,13.7535],[100.4765,13.753],[100.4745,13.753],[100.4735,13.749],[100.472,13.749],[100.473,13.7485],[100.4735,13.7465],[100.4745,13.7465],[100.4745,13.7445],[100.4775,13.744],[100.4775,13.742],[100.4785,13.742],[100.479,13.743],[100.4785,13.7445],[100.479,13.7475],[100.481,13.7465],[100.481,13.7445],[100.482,13.7445],[100.482,13.7455],[100.485,13.7455],[100.4855,13.7435],[100.4855,13.7455],[100.4875,13.7455],[100.4875,13.7445],[100.4895,13.7445],[100.4895,13.7435],[100.4905,13.7435],[100.491,13.741],[100.4905,13.7365],[100.493,13.7365],[100.493,13.732],[100.4875,13.732],[100.4875,13.731],[100.4865,13.731],[100.4865,13.733],[100.4845,13.733],[100.4845,13.731],[100.483,13.731],[100.483,13.733],[100.481,13.733],[100.481,13.7345],[100.482,13.7345],[100.482,13.7365],[100.481,13.7365],[100.481,13.7375],[100.479,13.7365],[100.479,13.733],[100.481,13.732],[100.481,13.73],[100.4845,13.7295],[100.4845,13.7265],[100.4875,13.7265],[100.4875,13.7255],[100.4885,13.7255],[100.4885,13.722],[100.4865,13.722],[100.4875,13.72],[100.4845,13.72],[100.4845,13.7185],[100.4855,13.7185],[100.4855,13.7175],[100.4875,13.7175],[100.4875,13.7155],[100.4885,13.7155],[100.489,13.714],[100.489,13.713],[100.4875,13.713],[100.4865,13.711],[100.4855,13.711],[100.4855,13.712],[100.4835,13.712],[100.4835,13.713],[100.4825,13.713],[100.482,13.712],[100.481,13.714],[100.479,13.714],[100.479,13.711],[100.48,13.711],[100.48,13.7095],[100.482,13.7085],[100.482,13.7065],[100.479,13.706],[100.479,13.705],[100.477,13.705],[100.477,13.706],[100.476,13.7065],[100.4725,13.707],[100.476,13.7075],[100.476,13.711],[100.478,13.711],[100.478,13.712],[100.477,13.712],[100.477,13.713],[100.478,13.713],[100.478,13.715],[100.479,13.715],[100.479,13.716],[100.481,13.715],[100.482,13.7155],[100.482,13.7175],[100.483,13.7175],[100.483,13.7185],[100.48,13.7185],[100.48,13.7195],[100.479,13.7195],[100.479,13.722],[100.477,13.722],[100.477,13.723],[100.4765,13.722],[100.4755,13.722],[100.4755,13.723],[100.4735,13.723],[100.4735,13.724],[100.4715,13.723],[100.4715,13.725],[100.4725,13.725],[100.4715,13.7255],[100.4715,13.7275],[100.4735,13.7275],[100.4735,13.7285],[100.4745,13.7285],[100.4745,13.73],[100.4735,13.73],[100.4735,13.732],[100.4745,13.732],[100.4745,13.734],[100.4755,13.734],[100.4755,13.7375],[100.4735,13.7365],[100.472,13.7395],[100.47,13.7395],[100.469,13.7375],[100.468,13.7375],[100.468,13.7385],[100.466,13.7385],[100.466,13.7375],[100.4635,13.7375],[100.4635,13.7395],[100.4615,13.7395],[100.4615,13.742],[100.4625,13.742]],[[100.471,13.7485],[100.47,13.749],[100.47,13.75],[100.469,13.75],[100.469,13.749],[100.468,13.7495],[100.468,13.7475],[100.47,13.7475],[100.47,13.7455],[100.471,13.7455],[100.471,13.7475],[100.472,13.7475],[100.472,13.7485],[100.471,13.7485]],[[100.4905,13.7385],[100.4895,13.7385],[100.4895,13.7375],[100.4905,13.7375],[100.4905,13.7385]],[[100.479,13.7365],[100.4785,13.7395],[100.4785,13.7385],[100.4765,13.7385],[100.4765,13.7365],[100.4775,13.7365],[100.4775,13.7375],[100.4785,13.7375],[100.478,13.7365],[100.479,13.7365]],[[100.4835,13.7265],[100.4835,13.7255],[100.482,13.725],[100.482,13.724],[100.4835,13.724],[100.4835,13.725],[100.4845,13.725],[100.4845,13.7265],[100.4835,13.7265]],[[100.48,13.7075],[100.479,13.7075],[100.479,13.7065],[100.48,13.7065],[100.48,13.7075]],[[100.4745,13.724],[100.4745,13.725],[100.4735,13.725],[100.4735,13.724],[100.4745,13.724]],[[100.4665,13.753],[100.467,13.752],[100.4675,13.753],[100.4665,13.753]],[[100.4645,13.753],[100.4645,13.752],[100.4655,13.752],[100.4655,13.753],[100.4645,13.753]],[[100.48,13.739],[100.48,13.7385],[100.481,13.7385],[100.481,13.739],[100.48,13.739]],[[100.4835,13.722],[100.483,13.722],[100.483,13.72],[100.4835,13.72],[100.4835,13.722]],[[100.4755,13.741],[100.4755,13.74],[100.4775,13.7395],[100.4775,13.741],[100.4755,13.741]],[[100.479,13.723],[100.479,13.724],[100.478,13.724],[100.478,13.723],[100.479,13.723]],[[100.478,13.731],[100.478,13.73],[100.479,13.73],[100.479,13.731],[100.478,13.731]],[[100.4855,13.7165],[100.4855,13.7155],[100.4865,13.7155],[100.4865,13.7165],[100.4855,13.7165]],[[100.4875,13.734],[100.4875,13.7345],[100.4865,13.7345],[100.4865,13.734],[100.4875,13.734]],[[100.4855,13.739],[100.4865,13.739],[100.4865,13.74],[100.4855,13.74],[100.4855,13.739]],[[100.484,13.7385],[100.484,13.7375],[100.4845,13.7375],[100.4845,13.7385],[100.484,13.7385]]],[[[100.4665,13.762],[100.4665,13.7635],[100.4675,13.7635],[100.4675,13.7645],[100.469,13.7645],[100.469,13.7635],[100.468,13.7635],[100.468,13.762],[100.4665,13.762]]],[[[100.469,13.769],[100.4675,13.769],[100.4675,13.772],[100.469,13.772],[100.469,13.771],[100.472,13.771],[100.472,13.768],[100.475,13.768],[100.475,13.769],[100.4765,13.769],[100.4765,13.771],[100.4785,13.771],[100.4785,13.77],[100.4805,13.77],[100.4805,13.7665],[100.4785,13.7665],[100.4785,13.7645],[100.4775,13.7645],[100.4775,13.7655],[100.4755,13.7655],[100.4765,13.7635],[100.4745,13.7635],[100.4755,13.763],[100.4755,13.761],[100.4745,13.761],[100.474,13.76],[100.474,13.761],[100.473,13.761],[100.473,13.763],[100.47,13.763],[100.47,13.7645],[100.469,13.7645],[100.4685,13.7665],[100.4675,13.7665],[100.4675,13.7675],[100.4685,13.7675],[100.469,13.769]],[[100.474,13.7665],[100.475,13.7675],[100.474,13.7675],[100.474,13.7665]],[[100.471,13.768],[100.471,13.769],[100.47,13.769],[100.47,13.768],[100.471,13.768]],[[100.4795,13.768],[100.4795,13.769],[100.4785,13.769],[100.4785,13.768],[100.4795,13.768]]],[[[100.4655,13.7685],[100.4675,13.7675],[100.4655,13.7675],[100.4655,13.7685]]],[[[100.4625,13.8715],[100.4645,13.8715],[100.4635,13.872],[100.4635,13.873],[100.4625,13.873],[100.4625,13.874],[100.4635,13.874],[100.4635,13.875],[100.4625,13.875],[100.4625,13.877],[100.466,13.876],[100.47,13.8765],[100.47,13.875],[100.4735,13.875],[100.4735,13.874],[100.4745,13.874],[100.4745,13.871],[100.4765,13.871],[100.4765,13.8695],[100.4755,13.8695],[100.4755,13.8705],[100.471,13.8705],[100.471,13.8695],[100.4725,13.8695],[100.4725,13.867],[100.471,13.867],[100.47,13.866],[100.47,13.867],[100.469,13.867],[100.469,13.8685],[100.4615,13.8685],[100.4615,13.8695],[100.4625,13.8695],[100.4625,13.8715]],[[100.468,13.872],[100.469,13.8715],[100.469,13.873],[100.467,13.873],[100.467,13.872],[100.468,13.872]],[[100.47,13.872],[100.47,13.8715],[100.471,13.8715],[100.471,13.872],[100.47,13.872]]],[[[100.4605,13.8695],[100.4585,13.8705],[100.459,13.8715],[100.4615,13.8715],[100.4605,13.8695]]],[[[100.458,13.8725],[100.458,13.8715],[100.457,13.8715],[100.457,13.8725],[100.458,13.8725]]],[[[100.459,13.873],[100.4595,13.873],[100.4595,13.872],[100.459,13.872],[100.459,13.873]]],[[[100.4615,13.875],[100.4615,13.874],[100.4605,13.874],[100.4605,13.875],[100.4615,13.875]]],[[[100.459,13.8785],[100.4595,13.877],[100.4605,13.877],[100.4605,13.876],[100.459,13.876],[100.459,13.877],[100.458,13.877],[100.459,13.8775],[100.459,13.8785]]],[[[100.4725,13.7295],[100.4725,13.73],[100.4735,13.73],[100.4735,13.7295],[100.4725,13.7295]]],[[[100.472,13.731],[100.4725,13.73],[100.4715,13.7305],[100.472,13.731]]],[[[100.4755,13.771],[100.475,13.769],[100.473,13.769],[100.473,13.772],[100.474,13.772],[100.474,13.771],[100.4755,13.771]]],[[[100.4785,13.7765],[100.4795,13.777],[100.4795,13.778],[100.4805,13.778],[100.4805,13.779],[100.4815,13.779],[100.4815,13.7825],[100.4805,13.7825],[100.4805,13.7835],[100.483,13.7835],[100.483,13.7845],[100.485,13.7835],[100.485,13.7815],[100.484,13.7815],[100.484,13.78],[100.485,13.78],[100.485,13.777],[100.487,13.777],[100.487,13.778],[100.4885,13.778],[100.4885,13.779],[100.4935,13.779],[100.4935,13.78],[100.4905,13.78],[100.4905,13.781],[100.4935,13.7815],[100.4925,13.7855],[100.4915,13.7855],[100.4915,13.7835],[100.4905,13.7835],[100.4905,13.7845],[100.4895,13.7845],[100.4895,13.7835],[100.487,13.7835],[100.487,13.7845],[100.486,13.7845],[100.486,13.787],[100.488,13.787],[100.489,13.789],[100.4895,13.788],[100.4915,13.788],[100.4925,13.79],[100.4945,13.79],[100.4945,13.789],[100.495,13.79],[100.497,13.79],[100.497,13.7915],[100.498,13.7915],[100.498,13.7925],[100.497,13.7925],[100.497,13.795],[100.5,13.7945],[100.502,13.795],[100.5015,13.794],[100.5035,13.794],[100.5035,13.7905],[100.5065,13.7905],[100.5065,13.7915],[100.508,13.7915],[100.507,13.789],[100.5055,13.789],[100.5045,13.787],[100.5025,13.787],[100.5025,13.788],[100.5015,13.788],[100.501,13.7895],[100.499,13.79],[100.498,13.788],[100.496,13.788],[100.496,13.787],[100.497,13.787],[100.497,13.785],[100.5,13.785],[100.5,13.786],[100.5015,13.786],[100.5015,13.7815],[100.5005,13.7815],[100.5,13.779],[100.497,13.779],[100.497,13.78],[100.496,13.78],[100.496,13.779],[100.494,13.779],[100.494,13.778],[100.4915,13.778],[100.4915,13.777],[100.4925,13.777],[100.4925,13.7755],[100.4895,13.7755],[100.4895,13.7735],[100.4885,13.7735],[100.4885,13.7745],[100.4875,13.7745],[100.4875,13.7735],[100.485,13.7735],[100.485,13.771],[100.486,13.771],[100.486,13.769],[100.485,13.769],[100.485,13.77],[100.481,13.77],[100.4805,13.7725],[100.4795,13.7725],[100.4795,13.771],[100.4785,13.771],[100.4785,13.7735],[100.4805,13.7745],[100.4805,13.7755],[100.4785,13.7765]],[[100.484,13.7735],[100.484,13.7745],[100.483,13.7745],[100.483,13.7735],[100.484,13.7735]],[[100.482,13.778],[100.483,13.778],[100.483,13.779],[100.482,13.779],[100.482,13.778]]],[[[100.479,13.8695],[100.477,13.8695],[100.477,13.871],[100.479,13.871],[100.479,13.873],[100.478,13.873],[100.478,13.8765],[100.48,13.8765],[100.48,13.8775],[100.482,13.8765],[100.482,13.8775],[100.484,13.8775],[100.4845,13.8785],[100.4845,13.875],[100.4865,13.875],[100.4865,13.874],[100.4855,13.874],[100.4855,13.872],[100.4865,13.872],[100.4865,13.871],[100.4845,13.8705],[100.4845,13.8695],[100.4855,13.8695],[100.4865,13.8675],[100.4835,13.8675],[100.4835,13.8665],[100.4855,13.866],[100.4845,13.866],[100.4845,13.864],[100.483,13.864],[100.483,13.862],[100.482,13.862],[100.482,13.864],[100.48,13.864],[100.48,13.865],[100.479,13.865],[100.479,13.8665],[100.48,13.8665],[100.48,13.8675],[100.479,13.8675],[100.479,13.8695]],[[100.479,13.875],[100.479,13.874],[100.48,13.874],[100.48,13.875],[100.479,13.875]]],[[[100.485,13.786],[100.485,13.7845],[100.484,13.7845],[100.484,13.786],[100.485,13.786]]],[[[100.4885,13.8675],[100.49,13.8675],[100.4885,13.872],[100.49,13.872],[100.49,13.8695],[100.491,13.8695],[100.491,13.8685],[100.494,13.8685],[100.494,13.8675],[100.495,13.8675],[100.495,13.8685],[100.4965,13.8685],[100.4965,13.8675],[100.4975,13.8675],[100.4975,13.8685],[100.5005,13.8685],[100.5005,13.865],[100.4985,13.865],[100.4995,13.8655],[100.4995,13.8665],[100.4955,13.8665],[100.495,13.8655],[100.4955,13.861],[100.4965,13.8605],[100.4955,13.8605],[100.495,13.8595],[100.4955,13.8575],[100.494,13.8575],[100.494,13.856],[100.492,13.856],[100.492,13.8575],[100.491,13.8575],[100.491,13.8595],[100.492,13.8595],[100.492,13.8605],[100.491,13.8605],[100.491,13.863],[100.49,13.863],[100.49,13.861],[100.489,13.8605],[100.4875,13.861],[100.4875,13.863],[100.4855,13.863],[100.4855,13.865],[100.4865,13.865],[100.4865,13.866],[100.4885,13.866],[100.4885,13.8675]],[[100.493,13.8665],[100.492,13.8665],[100.492,13.8655],[100.493,13.8655],[100.493,13.8665]]],[[[100.4875,13.871],[100.4875,13.8705],[100.4865,13.8705],[100.4865,13.871],[100.4875,13.871]]],[[[100.4875,13.874],[100.4875,13.872],[100.4865,13.872],[100.4865,13.874],[100.4875,13.874]]],[[[100.493,13.7185],[100.495,13.7185],[100.4955,13.7165],[100.495,13.715],[100.4965,13.7145],[100.495,13.714],[100.495,13.713],[100.494,13.713],[100.493,13.715],[100.491,13.7155],[100.491,13.7175],[100.493,13.7175],[100.493,13.7185]],[[100.493,13.7155],[100.493,13.7165],[100.492,13.7165],[100.492,13.7155],[100.493,13.7155]]],[[[100.491,13.714],[100.489,13.714],[100.489,13.715],[100.491,13.715],[100.491,13.714]]],[[[100.4885,13.7165],[100.489,13.7165],[100.489,13.7155],[100.4885,13.7155],[100.4885,13.7165]]],[[[100.491,13.7245],[100.4895,13.7245],[100.4895,13.7275],[100.493,13.7275],[100.493,13.729],[100.495,13.729],[100.495,13.73],[100.496,13.73],[100.496,13.7285],[100.4975,13.7285],[100.4975,13.7265],[100.4985,13.7265],[100.4985,13.7255],[100.4965,13.7255],[100.4965,13.7245],[100.495,13.724],[100.493,13.7245],[100.493,13.7255],[100.491,13.7255],[100.491,13.7245]]],[[[100.4985,13.739],[100.4985,13.7365],[100.495,13.7365],[100.495,13.739],[100.4985,13.739]]],[[[100.4905,13.7455],[100.4895,13.7455],[100.4895,13.748],[100.4885,13.748],[100.4885,13.751],[100.4915,13.751],[100.4915,13.7525],[100.493,13.7525],[100.493,13.7545],[100.494,13.7545],[100.494,13.7535],[100.498,13.7535],[100.498,13.7545],[100.4995,13.7545],[100.4995,13.7555],[100.5015,13.7555],[100.5015,13.7565],[100.505,13.757],[100.506,13.7565],[100.506,13.7555],[100.507,13.7555],[100.507,13.7545],[100.508,13.7545],[100.508,13.7535],[100.509,13.7535],[100.509,13.75],[100.506,13.75],[100.506,13.749],[100.504,13.75],[100.5035,13.748],[100.5015,13.748],[100.5015,13.749],[100.4995,13.75],[100.4995,13.751],[100.4985,13.751],[100.498,13.7525],[100.496,13.7525],[100.495,13.752],[100.495,13.75],[100.493,13.75],[100.493,13.7475],[100.492,13.7475],[100.492,13.7465],[100.494,13.7455],[100.494,13.7445],[100.495,13.7445],[100.495,13.743],[100.496,13.743],[100.496,13.742],[100.497,13.742],[100.497,13.74],[100.496,13.74],[100.496,13.741],[100.494,13.741],[100.494,13.742],[100.493,13.742],[100.493,13.7435],[100.491,13.7435],[100.4905,13.7455]],[[100.4915,13.75],[100.4905,13.75],[100.4905,13.749],[100.4915,13.749],[100.4915,13.75]]],[[[100.492,13.87],[100.492,13.8695],[100.491,13.8695],[100.491,13.87],[100.492,13.87]]],[[[100.501,13.7175],[100.504,13.7175],[100.504,13.7185],[100.506,13.719],[100.506,13.7165],[100.507,13.7165],[100.5075,13.7145],[100.504,13.714],[100.505,13.7145],[100.505,13.7155],[100.503,13.7155],[100.503,13.714],[100.5005,13.714],[100.4995,13.7145],[100.4995,13.7155],[100.5005,13.7155],[100.501,13.7175]]],[[[100.502,13.7265],[100.503,13.7265],[100.503,13.7245],[100.502,13.7245],[100.502,13.7265]]],[[[100.4995,13.73],[100.4995,13.731],[100.4985,13.731],[100.4985,13.733],[100.4975,13.733],[100.4985,13.7335],[100.4985,13.7345],[100.5015,13.7345],[100.5015,13.7355],[100.503,13.7355],[100.503,13.7365],[100.504,13.7365],[100.504,13.7355],[100.509,13.7355],[100.509,13.7335],[100.508,13.7335],[100.508,13.7325],[100.507,13.7325],[100.507,13.7335],[100.5025,13.733],[100.503,13.73],[100.502,13.7275],[100.4975,13.729],[100.4975,13.73],[100.4995,13.73]]],[[[100.502,13.7995],[100.5025,13.796],[100.501,13.796],[100.501,13.799],[100.502,13.7995]]],[[[100.502,13.861],[100.505,13.8595],[100.505,13.8585],[100.502,13.8585],[100.502,13.8595],[100.5005,13.8595],[100.5005,13.8585],[100.4985,13.8575],[100.4985,13.8595],[100.4995,13.8595],[100.4995,13.8605],[100.5005,13.86],[100.501,13.862],[100.502,13.862],[100.502,13.861]]],[[[100.4965,13.8605],[100.4985,13.8605],[100.4985,13.8595],[100.4965,13.8595],[100.4965,13.8605]]],[[[100.503,13.8685],[100.503,13.8665],[100.505,13.8665],[100.505,13.8645],[100.506,13.8645],[100.505,13.864],[100.505,13.863],[100.504,13.863],[100.504,13.862],[100.502,13.863],[100.5015,13.8655],[100.502,13.8685],[100.503,13.8685]]],[[[100.5005,13.8945],[100.5005,13.8955],[100.4985,13.8955],[100.4995,13.8975],[100.498,13.8975],[100.498,13.899],[100.4995,13.899],[100.4995,13.902],[100.5045,13.9025],[100.5045,13.901],[100.506,13.901],[100.506,13.9],[100.508,13.9],[100.508,13.902],[100.511,13.902],[100.5115,13.901],[100.511,13.9045],[100.5135,13.9045],[100.5135,13.9055],[100.5155,13.9055],[100.5155,13.908],[100.5165,13.908],[100.5155,13.91],[100.5135,13.91],[100.5135,13.909],[100.511,13.909],[100.5115,13.911],[100.5155,13.911],[100.5145,13.9115],[100.5145,13.9125],[100.5165,13.9125],[100.5175,13.9145],[100.518,13.9135],[100.522,13.9135],[100.522,13.91],[100.523,13.91],[100.523,13.908],[100.521,13.908],[100.521,13.907],[100.519,13.906],[100.52,13.9055],[100.52,13.9035],[100.518,13.9035],[100.518,13.9025],[100.52,13.9025],[100.52,13.9015],[100.5165,13.901],[100.5165,13.899],[100.5135,13.899],[100.5135,13.898],[100.5115,13.899],[100.5105,13.897],[100.5125,13.897],[100.5125,13.8955],[100.5105,13.8955],[100.51,13.897],[100.507,13.898],[100.504,13.8975],[100.504,13.8965],[100.506,13.8965],[100.506,13.8955],[100.505,13.8955],[100.505,13.8945],[100.5035,13.8945],[100.5035,13.893],[100.5005,13.8945]],[[100.518,13.909],[100.52,13.909],[100.52,13.91],[100.518,13.91],[100.518,13.909]],[[100.5145,13.9035],[100.5155,13.9035],[100.5155,13.9045],[100.5145,13.9045],[100.5145,13.9035]],[[100.5125,13.901],[100.5125,13.9],[100.5135,13.9],[100.5135,13.901],[100.5125,13.901]]],[[[100.498,13.91],[100.498,13.911],[100.5005,13.911],[100.5005,13.912],[100.5035,13.912],[100.5035,13.911],[100.5045,13.911],[100.5045,13.912],[100.5055,13.911],[100.507,13.911],[100.508,13.9115],[100.508,13.9125],[100.51,13.9125],[100.51,13.91],[100.508,13.91],[100.507,13.908],[100.505,13.908],[100.505,13.907],[100.5025,13.9065],[100.5025,13.9035],[100.5015,13.9035],[100.5015,13.9045],[100.499,13.9045],[100.4995,13.908],[100.499,13.91],[100.498,13.91]],[[100.5005,13.91],[100.5015,13.91],[100.5015,13.911],[100.5005,13.911],[100.5005,13.91]],[[100.5025,13.911],[100.5025,13.91],[100.5035,13.91],[100.5035,13.911],[100.5025,13.911]]],[[[100.5075,13.7155],[100.5075,13.7165],[100.5085,13.7165],[100.5085,13.7155],[100.5075,13.7155]]],[[[100.5085,13.7165],[100.5085,13.7175],[100.5105,13.7175],[100.5105,13.7165],[100.5085,13.7165]]],[[[100.505,13.72],[100.505,13.719],[100.504,13.719],[100.504,13.72],[100.505,13.72]]],[[[100.505,13.7235],[100.503,13.7235],[100.503,13.7245],[100.504,13.7245],[100.504,13.7255],[100.507,13.7255],[100.507,13.7245],[100.505,13.7245],[100.505,13.7235]]],[[[100.507,13.7275],[100.508,13.7275],[100.508,13.7265],[100.507,13.7265],[100.507,13.7275]]],[[[100.509,13.7335],[100.5095,13.7325],[100.5085,13.7325],[100.509,13.7335]]],[[[100.509,13.7365],[100.5095,13.7365],[100.5095,13.7355],[100.509,13.7355],[100.509,13.7365]]],[[[100.509,13.738],[100.503,13.738],[100.503,13.739],[100.505,13.739],[100.505,13.74],[100.508,13.74],[100.509,13.738]]],[[[100.508,13.7935],[100.508,13.7925],[100.5075,13.7925],[100.5075,13.7935],[100.508,13.7935]]],[[[100.5055,13.8005],[100.5055,13.8025],[100.5045,13.8025],[100.5045,13.8035],[100.5075,13.804],[100.5075,13.805],[100.509,13.805],[100.509,13.806],[100.511,13.806],[100.511,13.808],[100.51,13.8085],[100.513,13.8085],[100.513,13.807],[100.515,13.807],[100.515,13.806],[100.5165,13.806],[100.5165,13.805],[100.515,13.805],[100.5145,13.8025],[100.5155,13.8025],[100.5155,13.8015],[100.5145,13.8015],[100.5145,13.798],[100.513,13.798],[100.513,13.796],[100.511,13.796],[100.511,13.8005],[100.508,13.8005],[100.5075,13.7985],[100.5065,13.7995],[100.5025,13.7995],[100.5025,13.8005],[100.5055,13.8005]],[[100.513,13.7985],[100.512,13.7985],[100.512,13.798],[100.513,13.798],[100.513,13.7985]],[[100.5075,13.8005],[100.5075,13.8015],[100.5065,13.8015],[100.5065,13.8005],[100.5075,13.8005]]],[[[100.5095,13.836],[100.5105,13.841],[100.512,13.841],[100.512,13.8395],[100.515,13.8395],[100.515,13.841],[100.513,13.842],[100.513,13.843],[100.515,13.843],[100.515,13.844],[100.513,13.845],[100.514,13.8455],[100.514,13.8475],[100.5125,13.8475],[100.512,13.8455],[100.5095,13.8455],[100.5095,13.8475],[100.5075,13.8465],[100.506,13.8495],[100.505,13.8495],[100.505,13.8505],[100.504,13.851],[100.506,13.851],[100.506,13.852],[100.5095,13.852],[100.5095,13.854],[100.5075,13.855],[100.5085,13.8555],[100.5085,13.8565],[100.5095,13.8565],[100.5095,13.8585],[100.5105,13.8585],[100.5105,13.8565],[100.5115,13.8565],[100.5115,13.8575],[100.5125,13.8575],[100.5135,13.8595],[100.515,13.8595],[100.515,13.8585],[100.517,13.8585],[100.517,13.8575],[100.516,13.8575],[100.516,13.8545],[100.514,13.8545],[100.514,13.8555],[100.513,13.8555],[100.513,13.8545],[100.5125,13.8555],[100.5105,13.8555],[100.5115,13.855],[100.5115,13.851],[100.5125,13.851],[100.5125,13.85],[100.515,13.85],[100.515,13.851],[100.516,13.851],[100.516,13.852],[100.514,13.852],[100.514,13.853],[100.513,13.853],[100.5125,13.852],[100.5125,13.854],[100.518,13.854],[100.518,13.853],[100.519,13.853],[100.519,13.854],[100.5225,13.854],[100.5225,13.853],[100.5195,13.853],[100.519,13.85],[100.518,13.85],[100.5205,13.85],[100.5205,13.8485],[100.5215,13.8485],[100.5215,13.8475],[100.5195,13.8465],[100.5195,13.843],[100.5205,13.843],[100.5205,13.8395],[100.5195,13.8395],[100.5195,13.8385],[100.5215,13.8385],[100.5215,13.8375],[100.5195,13.8375],[100.5195,13.8365],[100.5185,13.8365],[100.5185,13.8355],[100.5175,13.835],[100.5195,13.835],[100.5195,13.834],[100.5215,13.834],[100.5215,13.833],[100.5225,13.833],[100.5225,13.834],[100.5235,13.834],[100.5235,13.8355],[100.526,13.8355],[100.526,13.8365],[100.527,13.8365],[100.527,13.8355],[100.53,13.835],[100.53,13.834],[100.5305,13.835],[100.5315,13.835],[100.5315,13.831],[100.5325,13.831],[100.5325,13.833],[100.5335,13.833],[100.5345,13.831],[100.536,13.831],[100.535,13.8275],[100.5345,13.8285],[100.5315,13.8285],[100.5315,13.8275],[100.5305,13.8275],[100.5305,13.8285],[100.528,13.8285],[100.528,13.825],[100.5295,13.825],[100.5295,13.824],[100.5315,13.824],[100.5315,13.822],[100.5335,13.822],[100.5335,13.823],[100.5345,13.823],[100.5345,13.825],[100.539,13.8255],[100.539,13.824],[100.538,13.824],[100.538,13.823],[100.539,13.823],[100.54,13.821],[100.537,13.821],[100.537,13.8175],[100.538,13.8175],[100.538,13.8165],[100.537,13.8165],[100.537,13.8155],[100.536,13.815],[100.5315,13.8165],[100.5305,13.816],[100.5305,13.815],[100.5295,13.815],[100.5295,13.814],[100.5285,13.814],[100.5285,13.812],[100.5295,13.812],[100.5305,13.8105],[100.5325,13.8105],[100.5325,13.812],[100.5335,13.812],[100.5335,13.813],[100.536,13.813],[100.536,13.812],[100.537,13.812],[100.537,13.8105],[100.54,13.8105],[100.5415,13.811],[100.5415,13.813],[100.5425,13.813],[100.5435,13.811],[100.5415,13.8105],[100.5425,13.8065],[100.5415,13.8065],[100.5415,13.805],[100.5405,13.805],[100.5405,13.803],[100.5395,13.803],[100.5395,13.806],[100.536,13.8065],[100.536,13.8085],[100.535,13.8085],[100.535,13.8095],[100.5335,13.8095],[100.5335,13.8075],[100.5325,13.8075],[100.5325,13.8065],[100.5315,13.8065],[100.5315,13.8075],[100.5295,13.8065],[100.5305,13.806],[100.5305,13.804],[100.5325,13.803],[100.5325,13.7985],[100.5305,13.7985],[100.5305,13.7995],[100.527,13.7995],[100.527,13.804],[100.525,13.804],[100.526,13.806],[100.527,13.806],[100.527,13.8075],[100.525,13.8075],[100.525,13.8085],[100.523,13.8085],[100.523,13.8075],[100.522,13.8075],[100.5215,13.8085],[100.5205,13.807],[100.5195,13.807],[100.5195,13.806],[100.5205,13.806],[100.5205,13.805],[100.523,13.805],[100.523,13.804],[100.524,13.804],[100.524,13.802],[100.526,13.8015],[100.526,13.8005],[100.524,13.8005],[100.524,13.7995],[100.522,13.7995],[100.522,13.7985],[100.5205,13.7985],[100.5205,13.8005],[100.5185,13.8005],[100.5185,13.8015],[100.5195,13.8015],[100.5195,13.8025],[100.5185,13.8025],[100.5195,13.803],[100.5195,13.804],[100.5185,13.804],[100.5185,13.8095],[100.5205,13.8095],[100.5215,13.8115],[100.522,13.8105],[100.523,13.8105],[100.523,13.8095],[100.526,13.8095],[100.526,13.8105],[100.525,13.8105],[100.525,13.812],[100.527,13.812],[100.527,13.815],[100.526,13.815],[100.526,13.8175],[100.525,13.8175],[100.525,13.8195],[100.524,13.8195],[100.524,13.821],[100.525,13.821],[100.525,13.822],[100.527,13.822],[100.528,13.824],[100.525,13.824],[100.525,13.823],[100.5225,13.823],[100.5225,13.825],[100.523,13.8265],[100.524,13.8265],[100.524,13.8275],[100.523,13.8275],[100.523,13.8295],[100.5225,13.8285],[100.5205,13.8285],[100.5205,13.8295],[100.5195,13.8295],[100.5195,13.8305],[100.5215,13.831],[100.5195,13.832],[100.5185,13.834],[100.5175,13.834],[100.517,13.832],[100.517,13.833],[100.514,13.833],[100.514,13.835],[100.511,13.835],[100.5105,13.834],[100.5105,13.836],[100.5095,13.836]],[[100.5095,13.851],[100.5105,13.851],[100.5105,13.852],[100.5095,13.852],[100.5095,13.851]],[[100.515,13.8555],[100.515,13.8575],[100.513,13.8575],[100.514,13.8555],[100.515,13.8555]],[[100.5185,13.843],[100.5185,13.842],[100.5195,13.842],[100.5195,13.843],[100.5185,13.843]],[[100.5185,13.844],[100.516,13.844],[100.516,13.843],[100.5185,13.843],[100.5185,13.844]],[[100.54,13.8095],[100.5405,13.8095],[100.5405,13.8105],[100.54,13.8105],[100.54,13.8095]],[[100.537,13.8065],[100.539,13.8065],[100.539,13.8075],[100.537,13.8075],[100.537,13.8065]],[[100.526,13.8195],[100.526,13.8205],[100.525,13.8205],[100.525,13.8195],[100.526,13.8195]],[[100.5105,13.8475],[100.5105,13.8465],[100.5115,13.8465],[100.5115,13.8475],[100.5105,13.8475]],[[100.5295,13.832],[100.5305,13.832],[100.5305,13.833],[100.5295,13.833],[100.5295,13.832]],[[100.539,13.8095],[100.538,13.8095],[100.538,13.8085],[100.539,13.8085],[100.539,13.8095]]],[[[100.5085,13.8395],[100.5085,13.8385],[100.5075,13.8385],[100.5075,13.8395],[100.5085,13.8395]]],[[[100.506,13.844],[100.5065,13.844],[100.5065,13.843],[100.506,13.843],[100.506,13.844]]],[[[100.506,13.8595],[100.507,13.8595],[100.507,13.8585],[100.506,13.8585],[100.506,13.8595]]],[[[100.5075,13.863],[100.5085,13.863],[100.5085,13.862],[100.5075,13.862],[100.5075,13.863]]],[[[100.506,13.863],[100.506,13.864],[100.507,13.864],[100.507,13.863],[100.506,13.863]]],[[[100.5075,13.8645],[100.5075,13.864],[100.507,13.864],[100.507,13.8645],[100.5075,13.8645]]],[[[100.5095,13.8645],[100.5095,13.864],[100.5085,13.864],[100.5085,13.8645],[100.5095,13.8645]]],[[[100.5095,13.8655],[100.5105,13.8655],[100.5105,13.8645],[100.5095,13.8645],[100.5095,13.8655]]],[[[100.5095,13.8775],[100.5095,13.879],[100.5115,13.879],[100.5115,13.882],[100.5125,13.882],[100.5125,13.881],[100.5145,13.88],[100.5145,13.879],[100.515,13.881],[100.517,13.881],[100.516,13.879],[100.519,13.8775],[100.52,13.8775],[100.52,13.88],[100.521,13.88],[100.5215,13.8775],[100.5235,13.8765],[100.5235,13.8755],[100.5245,13.8755],[100.5245,13.873],[100.5265,13.8725],[100.5255,13.872],[100.5255,13.871],[100.5235,13.871],[100.5235,13.87],[100.5225,13.87],[100.5225,13.869],[100.5245,13.868],[100.5235,13.8675],[100.5235,13.8665],[100.5245,13.8665],[100.5245,13.8635],[100.5255,13.863],[100.5245,13.863],[100.5245,13.862],[100.5225,13.862],[100.5225,13.8655],[100.5205,13.8655],[100.5205,13.8685],[100.5215,13.868],[100.5215,13.87],[100.5205,13.87],[100.5205,13.871],[100.5215,13.871],[100.5215,13.872],[100.516,13.872],[100.516,13.87],[100.515,13.87],[100.515,13.869],[100.514,13.8685],[100.5125,13.869],[100.5125,13.871],[100.5135,13.871],[100.5135,13.872],[100.5125,13.872],[100.5125,13.8745],[100.5105,13.8745],[100.5105,13.8775],[100.5095,13.8775]],[[100.5215,13.8765],[100.5215,13.8755],[100.5225,13.8755],[100.5225,13.8765],[100.5215,13.8765]]],[[[100.506,13.8875],[100.506,13.89],[100.507,13.89],[100.507,13.891],[100.509,13.891],[100.51,13.889],[100.5115,13.889],[100.5115,13.891],[100.5135,13.89],[100.5135,13.891],[100.5155,13.892],[100.516,13.888],[100.518,13.888],[100.519,13.887],[100.519,13.8855],[100.516,13.8855],[100.5155,13.8865],[100.516,13.882],[100.5135,13.882],[100.5135,13.8835],[100.5115,13.883],[100.5115,13.882],[100.509,13.882],[100.509,13.8845],[100.507,13.8845],[100.507,13.8875],[100.506,13.8875]]],[[[100.51,13.9045],[100.51,13.9035],[100.508,13.9035],[100.508,13.9045],[100.51,13.9045]]],[[[100.506,13.9065],[100.506,13.9055],[100.505,13.9055],[100.505,13.9065],[100.506,13.9065]]],[[[100.511,13.9065],[100.511,13.9055],[100.51,13.9055],[100.51,13.9065],[100.511,13.9065]]],[[[100.507,13.9065],[100.508,13.9065],[100.508,13.9055],[100.507,13.9055],[100.507,13.9065]]],[[[100.5115,13.7155],[100.5125,13.7155],[100.5125,13.7145],[100.515,13.7145],[100.515,13.7135],[100.517,13.713],[100.517,13.712],[100.516,13.712],[100.516,13.711],[100.514,13.711],[100.514,13.71],[100.5115,13.71],[100.5115,13.709],[100.5105,13.709],[100.5105,13.713],[100.5115,13.713],[100.5105,13.7135],[100.5105,13.7145],[100.5115,13.7145],[100.5115,13.7155]]],[[[100.5125,13.7165],[100.5135,13.7165],[100.5135,13.7155],[100.5125,13.7155],[100.5125,13.7165]]],[[[100.5135,13.719],[100.5115,13.719],[100.5115,13.72],[100.5135,13.72],[100.5135,13.719]]],[[[100.514,13.721],[100.514,13.72],[100.5135,13.72],[100.5135,13.721],[100.514,13.721]]],[[[100.515,13.7265],[100.5145,13.729],[100.5135,13.729],[100.5135,13.731],[100.5115,13.732],[100.5115,13.7335],[100.5105,13.7335],[100.5105,13.7345],[100.5145,13.7345],[100.5145,13.7355],[100.515,13.7345],[100.516,13.7345],[100.517,13.7365],[100.519,13.7365],[100.519,13.739],[100.517,13.74],[100.517,13.7445],[100.518,13.7445],[100.518,13.747],[100.519,13.747],[100.518,13.749],[100.52,13.749],[100.521,13.751],[100.522,13.7505],[100.522,13.749],[100.5225,13.75],[100.5245,13.749],[100.5245,13.748],[100.5235,13.748],[100.5235,13.7455],[100.5265,13.7455],[100.5255,13.7435],[100.5275,13.7425],[100.5275,13.741],[100.5255,13.74],[100.5255,13.741],[100.5235,13.7415],[100.5235,13.7435],[100.5225,13.7435],[100.522,13.7455],[100.519,13.746],[100.52,13.7455],[100.52,13.7445],[100.521,13.7445],[100.521,13.7425],[100.522,13.7425],[100.5225,13.74],[100.5245,13.74],[100.5245,13.738],[100.5215,13.738],[100.5215,13.7365],[100.52,13.737],[100.52,13.7335],[100.521,13.7335],[100.521,13.732],[100.519,13.732],[100.519,13.731],[100.521,13.73],[100.5205,13.729],[100.519,13.729],[100.519,13.728],[100.518,13.728],[100.518,13.729],[100.516,13.729],[100.516,13.7275],[100.517,13.7275],[100.517,13.7245],[100.515,13.7245],[100.515,13.723],[100.5135,13.723],[100.514,13.7235],[100.5135,13.7255],[100.514,13.7265],[100.515,13.7265]],[[100.518,13.731],[100.518,13.732],[100.517,13.732],[100.517,13.731],[100.518,13.731]]],[[[100.5135,13.75],[100.5145,13.75],[100.5145,13.749],[100.5155,13.749],[100.516,13.748],[100.5155,13.7455],[100.5115,13.7455],[100.5115,13.747],[100.5105,13.747],[100.5115,13.751],[100.5135,13.751],[100.5135,13.75]]],[[[100.5105,13.75],[100.5105,13.749],[100.51,13.749],[100.51,13.75],[100.5105,13.75]]],[[[100.5135,13.8645],[100.514,13.8685],[100.516,13.869],[100.516,13.8665],[100.518,13.8655],[100.518,13.8645],[100.516,13.864],[100.516,13.862],[100.515,13.862],[100.515,13.861],[100.5125,13.861],[100.5125,13.863],[100.5115,13.863],[100.5115,13.864],[100.5105,13.8645],[100.5135,13.8645]]],[[[100.5125,13.8955],[100.5135,13.8955],[100.5135,13.8945],[100.5125,13.8945],[100.5125,13.8955]]],[[[100.5135,13.909],[100.5145,13.909],[100.5145,13.908],[100.5135,13.908],[100.5135,13.909]]],[[[100.5205,13.7135],[100.5205,13.7145],[100.5225,13.7155],[100.5225,13.7145],[100.5235,13.7145],[100.5235,13.7135],[100.5245,13.713],[100.5225,13.712],[100.5215,13.71],[100.5205,13.71],[100.5205,13.711],[100.518,13.711],[100.518,13.713],[100.5205,13.7135]]],[[[100.518,13.7135],[100.518,13.713],[100.517,13.713],[100.517,13.7135],[100.518,13.7135]]],[[[100.516,13.722],[100.515,13.722],[100.515,13.723],[100.516,13.723],[100.516,13.722]]],[[[100.5205,13.728],[100.5215,13.728],[100.5215,13.7265],[100.5205,13.7265],[100.5205,13.7255],[100.52,13.7265],[100.518,13.7265],[100.518,13.7275],[100.5205,13.727],[100.5205,13.728]]],[[[100.517,13.859],[100.518,13.859],[100.518,13.8585],[100.517,13.8585],[100.517,13.859]]],[[[100.5235,13.721],[100.5235,13.72],[100.5225,13.72],[100.5225,13.721],[100.5235,13.721]]],[[[100.5255,13.7325],[100.5255,13.7315],[100.5235,13.732],[100.5235,13.73],[100.5225,13.73],[100.5225,13.728],[100.5215,13.728],[100.521,13.73],[100.5215,13.732],[100.5255,13.7325]]],[[[100.5235,13.7515],[100.522,13.7515],[100.522,13.7535],[100.523,13.7535],[100.5235,13.758],[100.5245,13.758],[100.5245,13.756],[100.5255,13.756],[100.5255,13.7535],[100.5265,13.7535],[100.5265,13.7525],[100.5245,13.7525],[100.5245,13.7505],[100.5235,13.7505],[100.5235,13.7515]]],[[[100.5215,13.8355],[100.5225,13.8355],[100.5225,13.835],[100.5215,13.835],[100.5215,13.8355]]],[[[100.5225,13.8365],[100.5235,13.8365],[100.5235,13.8355],[100.5225,13.8355],[100.5225,13.8365]]],[[[100.5245,13.8545],[100.5225,13.854],[100.5215,13.8545],[100.5215,13.8555],[100.5255,13.8565],[100.5245,13.8545]]],[[[100.5235,13.9045],[100.5245,13.9045],[100.5245,13.9035],[100.5265,13.9035],[100.5265,13.9045],[100.5255,13.9045],[100.5255,13.906],[100.5245,13.906],[100.524,13.909],[100.5245,13.9105],[100.5275,13.91],[100.5275,13.9115],[100.5285,13.9115],[100.5285,13.9125],[100.531,13.9125],[100.532,13.9105],[100.533,13.9105],[100.533,13.909],[100.534,13.909],[100.534,13.908],[100.536,13.908],[100.5365,13.907],[100.5365,13.9095],[100.536,13.9105],[100.535,13.9105],[100.535,13.9125],[100.5365,13.9125],[100.5365,13.9135],[100.5385,13.9135],[100.5385,13.915],[100.5395,13.915],[100.5395,13.914],[100.5405,13.914],[100.5405,13.9125],[100.5425,13.9115],[100.542,13.907],[100.543,13.907],[100.543,13.9095],[100.544,13.9095],[100.544,13.905],[100.546,13.905],[100.547,13.9035],[100.545,13.9025],[100.545,13.9035],[100.543,13.9045],[100.543,13.9015],[100.544,13.9015],[100.544,13.9005],[100.5385,13.9005],[100.5385,13.9025],[100.5375,13.9025],[100.5375,13.9035],[100.5385,13.9035],[100.5385,13.905],[100.5375,13.905],[100.5375,13.906],[100.534,13.906],[100.534,13.905],[100.531,13.9055],[100.53,13.9035],[100.531,13.9035],[100.531,13.9015],[100.532,13.9015],[100.532,13.9005],[100.534,13.9005],[100.535,13.9],[100.535,13.899],[100.5365,13.899],[100.5365,13.9005],[100.5395,13.9],[100.5395,13.898],[100.5385,13.898],[100.5385,13.897],[100.5365,13.897],[100.5365,13.898],[100.534,13.898],[100.534,13.899],[100.532,13.899],[100.532,13.9],[100.531,13.9],[100.531,13.8955],[100.53,13.8955],[100.529,13.896],[100.529,13.897],[100.5285,13.896],[100.5265,13.896],[100.5275,13.898],[100.5265,13.898],[100.5255,13.9],[100.5245,13.9],[100.5245,13.899],[100.523,13.899],[100.523,13.9015],[100.522,13.9015],[100.522,13.9035],[100.5235,13.9035],[100.5235,13.9045]],[[100.543,13.9045],[100.543,13.906],[100.542,13.906],[100.5415,13.9045],[100.543,13.9045]],[[100.5405,13.9045],[100.5405,13.9035],[100.5415,13.9035],[100.5415,13.9045],[100.5405,13.9045]],[[100.5415,13.9025],[100.542,13.9025],[100.542,13.9035],[100.5415,13.9035],[100.5415,13.9025]],[[100.529,13.899],[100.529,13.898],[100.53,13.898],[100.53,13.899],[100.529,13.899]],[[100.5275,13.9055],[100.5275,13.909],[100.5255,13.909],[100.5255,13.908],[100.5265,13.908],[100.5265,13.9055],[100.5275,13.9055]],[[100.5285,13.9055],[100.5295,13.9055],[100.5295,13.907],[100.5285,13.907],[100.5285,13.9055]],[[100.5275,13.901],[100.5275,13.9],[100.5285,13.9],[100.5285,13.901],[100.5275,13.901]],[[100.5285,13.9045],[100.5275,13.9045],[100.5275,13.9035],[100.5285,13.9035],[100.5285,13.9045]],[[100.5405,13.906],[100.5405,13.907],[100.5415,13.907],[100.5415,13.909],[100.5375,13.909],[100.5375,13.907],[100.5395,13.907],[100.5395,13.906],[100.5405,13.906]]],[[[100.524,13.907],[100.523,13.906],[100.523,13.907],[100.524,13.907]]],[[[100.528,13.7145],[100.529,13.7165],[100.53,13.7165],[100.53,13.7155],[100.531,13.7155],[100.531,13.7165],[100.5335,13.7165],[100.5345,13.7215],[100.539,13.7215],[100.538,13.72],[100.5365,13.72],[100.5365,13.7155],[100.5355,13.7155],[100.5355,13.7135],[100.531,13.7135],[100.531,13.7145],[100.529,13.7145],[100.53,13.7125],[100.526,13.712],[100.5255,13.7145],[100.528,13.7145]],[[100.5355,13.7165],[100.5345,13.7165],[100.5345,13.7155],[100.5355,13.7155],[100.5355,13.7165]]],[[[100.5265,13.7335],[100.5265,13.7325],[100.5255,13.7325],[100.5255,13.7335],[100.5265,13.7335]]],[[[100.532,13.737],[100.533,13.737],[100.533,13.736],[100.528,13.7355],[100.528,13.7345],[100.5265,13.7345],[100.5265,13.737],[100.531,13.737],[100.531,13.738],[100.532,13.738],[100.532,13.737]]],[[[100.5255,13.738],[100.5265,13.738],[100.5265,13.737],[100.5255,13.737],[100.5255,13.738]]],[[[100.5275,13.7505],[100.5275,13.75],[100.5265,13.75],[100.5265,13.7505],[100.5275,13.7505]]],[[[100.5265,13.756],[100.5255,13.756],[100.5255,13.758],[100.5265,13.758],[100.5265,13.756]]],[[[100.5275,13.7615],[100.5285,13.7615],[100.5285,13.7625],[100.5295,13.7625],[100.5295,13.7615],[100.531,13.7615],[100.531,13.7605],[100.5295,13.7605],[100.53,13.758],[100.5285,13.758],[100.5275,13.76],[100.5245,13.7605],[100.5245,13.7625],[100.5275,13.7625],[100.5275,13.7615]]],[[[100.5265,13.758],[100.5265,13.759],[100.5275,13.759],[100.5275,13.758],[100.5265,13.758]]],[[[100.5275,13.766],[100.53,13.766],[100.53,13.769],[100.532,13.769],[100.533,13.7695],[100.533,13.7705],[100.535,13.7705],[100.535,13.767],[100.536,13.767],[100.536,13.765],[100.533,13.765],[100.533,13.764],[100.532,13.764],[100.532,13.7625],[100.533,13.7625],[100.533,13.7605],[100.532,13.7605],[100.532,13.7615],[100.531,13.7615],[100.531,13.7635],[100.5275,13.765],[100.5275,13.766]]],[[[100.527,13.8575],[100.527,13.8565],[100.526,13.8565],[100.526,13.8575],[100.527,13.8575]]],[[[100.528,13.86],[100.528,13.859],[100.527,13.859],[100.527,13.86],[100.528,13.86]]],[[[100.527,13.86],[100.526,13.86],[100.526,13.861],[100.527,13.861],[100.527,13.86]]],[[[100.5255,13.862],[100.526,13.862],[100.526,13.861],[100.5255,13.861],[100.5255,13.862]]],[[[100.5335,13.7225],[100.5345,13.7225],[100.5345,13.7215],[100.5335,13.7215],[100.5335,13.7225]]],[[[100.5345,13.7265],[100.5355,13.7255],[100.5345,13.7255],[100.5345,13.7265]]],[[[100.53,13.7345],[100.53,13.7335],[100.529,13.7335],[100.529,13.7345],[100.53,13.7345]]],[[[100.532,13.7415],[100.5345,13.7415],[100.5345,13.7405],[100.5365,13.74],[100.5365,13.736],[100.5355,13.736],[100.5355,13.738],[100.5335,13.738],[100.534,13.7405],[100.532,13.7405],[100.532,13.7415]]],[[[100.5395,13.7425],[100.5395,13.74],[100.5385,13.74],[100.5385,13.7415],[100.5365,13.7415],[100.5365,13.7405],[100.5355,13.7405],[100.5355,13.7425],[100.5395,13.7425]]],[[[100.532,13.749],[100.532,13.748],[100.531,13.748],[100.531,13.749],[100.532,13.749]]],[[[100.5355,13.75],[100.5365,13.75],[100.5365,13.749],[100.5355,13.749],[100.5355,13.75]]],[[[100.533,13.7595],[100.534,13.7595],[100.534,13.759],[100.533,13.759],[100.533,13.7595]]],[[[100.532,13.7605],[100.532,13.7595],[100.531,13.7595],[100.531,13.7605],[100.532,13.7605]]],[[[100.537,13.797],[100.537,13.795],[100.535,13.795],[100.535,13.796],[100.537,13.797]]],[[[100.536,13.7995],[100.535,13.7995],[100.535,13.8005],[100.537,13.8005],[100.537,13.802],[100.539,13.8015],[100.539,13.8005],[100.5405,13.801],[100.5405,13.7995],[100.539,13.7995],[100.538,13.7975],[100.535,13.7975],[100.536,13.7995]]],[[[100.5325,13.7985],[100.533,13.7985],[100.533,13.7975],[100.5325,13.7975],[100.5325,13.7985]]],[[[100.535,13.806],[100.536,13.806],[100.536,13.805],[100.535,13.805],[100.535,13.806]]],[[[100.5345,13.8265],[100.536,13.8265],[100.536,13.8255],[100.5345,13.8255],[100.5345,13.8265]]],[[[100.537,13.9145],[100.536,13.9135],[100.536,13.9145],[100.537,13.9145]]],[[[100.544,13.72],[100.539,13.72],[100.539,13.721],[100.541,13.7215],[100.541,13.7225],[100.543,13.7215],[100.542,13.7255],[100.5455,13.7235],[100.5455,13.721],[100.5465,13.721],[100.5465,13.718],[100.543,13.718],[100.544,13.72]]],[[[100.539,13.7225],[100.54,13.7225],[100.54,13.7215],[100.539,13.7215],[100.539,13.7225]]],[[[100.54,13.7235],[100.541,13.7235],[100.541,13.7225],[100.54,13.7225],[100.54,13.7235]]],[[[100.5365,13.7325],[100.5375,13.7325],[100.5375,13.7315],[100.5365,13.7315],[100.5365,13.7325]]],[[[100.545,13.736],[100.545,13.735],[100.546,13.735],[100.5455,13.7345],[100.543,13.7345],[100.544,13.735],[100.544,13.736],[100.545,13.736]]],[[[100.541,13.737],[100.542,13.737],[100.542,13.736],[100.541,13.736],[100.541,13.737]]],[[[100.543,13.7445],[100.542,13.7445],[100.542,13.746],[100.543,13.746],[100.543,13.7445]]],[[[100.5375,13.7505],[100.5375,13.7495],[100.5365,13.75],[100.5375,13.7505]]],[[[100.544,13.754],[100.544,13.756],[100.545,13.756],[100.545,13.757],[100.544,13.757],[100.544,13.7595],[100.546,13.7605],[100.546,13.763],[100.542,13.764],[100.542,13.766],[100.543,13.766],[100.5425,13.7705],[100.543,13.7715],[100.544,13.7715],[100.544,13.7725],[100.545,13.7725],[100.545,13.7715],[100.548,13.7715],[100.548,13.773],[100.547,13.773],[100.547,13.774],[100.548,13.774],[100.548,13.775],[100.5495,13.775],[100.549,13.7705],[100.547,13.7705],[100.547,13.7695],[100.545,13.7695],[100.545,13.7685],[100.544,13.768],[100.545,13.768],[100.545,13.765],[100.546,13.765],[100.546,13.764],[100.547,13.764],[100.547,13.7625],[100.548,13.7625],[100.547,13.7605],[100.548,13.7605],[100.548,13.7595],[100.5495,13.7595],[100.5495,13.758],[100.5475,13.758],[100.547,13.756],[100.5495,13.756],[100.5495,13.754],[100.5515,13.754],[100.5525,13.7535],[100.5525,13.7525],[100.5515,13.7525],[100.5515,13.7515],[100.5495,13.7515],[100.5495,13.7525],[100.5485,13.7525],[100.5485,13.7515],[100.547,13.7515],[100.5475,13.7535],[100.546,13.7535],[100.545,13.7515],[100.542,13.7515],[100.542,13.7535],[100.544,13.754]],[[100.5475,13.755],[100.5475,13.754],[100.5485,13.754],[100.5485,13.755],[100.5475,13.755]]],[[[100.5405,13.7525],[100.541,13.7525],[100.541,13.7515],[100.5405,13.7515],[100.5405,13.7525]]],[[[100.5385,13.7705],[100.5365,13.7705],[100.5365,13.7715],[100.5375,13.7715],[100.5375,13.773],[100.5385,13.773],[100.5385,13.774],[100.5395,13.774],[100.5395,13.7715],[100.5385,13.7715],[100.5385,13.7705]]],[[[100.5425,13.773],[100.543,13.773],[100.543,13.7725],[100.5425,13.7725],[100.5425,13.773]]],[[[100.5385,13.775],[100.5385,13.774],[100.5375,13.774],[100.5375,13.775],[100.5385,13.775]]],[[[100.543,13.777],[100.543,13.776],[100.5425,13.776],[100.5425,13.777],[100.543,13.777]]],[[[100.5385,13.7825],[100.5385,13.785],[100.5395,13.785],[100.5395,13.7825],[100.5405,13.7825],[100.5405,13.7795],[100.5385,13.7785],[100.5385,13.776],[100.5375,13.776],[100.537,13.7795],[100.5385,13.7795],[100.5385,13.7815],[100.5375,13.7815],[100.5375,13.7825],[100.5385,13.7825]]],[[[100.5405,13.7885],[100.5415,13.7885],[100.5415,13.7915],[100.5425,13.7915],[100.5425,13.7895],[100.544,13.7895],[100.5435,13.7885],[100.544,13.787],[100.5425,13.787],[100.5415,13.785],[100.5395,13.785],[100.5405,13.787],[100.5395,13.787],[100.5395,13.7885],[100.5385,13.7885],[100.5385,13.7895],[100.5405,13.7895],[100.5405,13.7885]]],[[[100.5435,13.793],[100.5445,13.793],[100.5445,13.792],[100.5435,13.792],[100.5435,13.793]]],[[[100.5385,13.796],[100.5405,13.7965],[100.5405,13.795],[100.5385,13.795],[100.5385,13.796]]],[[[100.5435,13.7965],[100.5435,13.795],[100.5425,13.795],[100.5425,13.7965],[100.5435,13.7965]]],[[[100.538,13.7975],[100.5395,13.7975],[100.5395,13.7965],[100.538,13.7965],[100.538,13.7975]]],[[[100.5425,13.7965],[100.5405,13.7965],[100.5405,13.7975],[100.5425,13.7975],[100.5425,13.7965]]],[[[100.545,13.7975],[100.5435,13.7975],[100.5435,13.7985],[100.545,13.7985],[100.545,13.7975]]],[[[100.5415,13.801],[100.5425,13.801],[100.5425,13.8005],[100.5415,13.8005],[100.5415,13.801]]],[[[100.5415,13.803],[100.5415,13.801],[100.5405,13.801],[100.5405,13.803],[100.5415,13.803]]],[[[100.5425,13.801],[100.5425,13.804],[100.5435,13.804],[100.5435,13.801],[100.5425,13.801]]],[[[100.5435,13.805],[100.5445,13.805],[100.5445,13.804],[100.5435,13.804],[100.5435,13.805]]],[[[100.5445,13.8175],[100.5445,13.8195],[100.5455,13.8195],[100.5455,13.8175],[100.5445,13.8175]]],[[[100.5455,13.82],[100.5435,13.82],[100.5435,13.821],[100.5445,13.821],[100.5445,13.823],[100.5455,13.823],[100.5455,13.8245],[100.5465,13.8245],[100.5465,13.8255],[100.548,13.8255],[100.5475,13.8265],[100.548,13.8285],[100.5455,13.829],[100.5465,13.833],[100.5475,13.833],[100.548,13.831],[100.549,13.831],[100.55,13.833],[100.552,13.833],[100.552,13.8365],[100.551,13.8365],[100.551,13.838],[100.552,13.838],[100.552,13.839],[100.549,13.839],[100.549,13.842],[100.55,13.842],[100.55,13.841],[100.552,13.841],[100.552,13.843],[100.554,13.8435],[100.554,13.8425],[100.555,13.8425],[100.555,13.841],[100.5555,13.842],[100.5565,13.842],[100.5575,13.84],[100.5585,13.84],[100.5585,13.842],[100.561,13.842],[100.562,13.84],[100.5605,13.84],[100.5605,13.838],[100.5585,13.8375],[100.5585,13.8355],[100.5575,13.8355],[100.5575,13.833],[100.5555,13.8335],[100.5555,13.8355],[100.5545,13.8355],[100.5545,13.8335],[100.554,13.8345],[100.553,13.8345],[100.553,13.831],[100.552,13.831],[100.552,13.829],[100.55,13.8285],[100.549,13.8245],[100.548,13.8245],[100.548,13.823],[100.547,13.823],[100.547,13.821],[100.5455,13.821],[100.5455,13.82]],[[100.5465,13.83],[100.5475,13.83],[100.5475,13.831],[100.5465,13.831],[100.5465,13.83]],[[100.553,13.8365],[100.553,13.8375],[100.552,13.8375],[100.552,13.8365],[100.553,13.8365]],[[100.547,13.824],[100.5465,13.824],[100.5465,13.823],[100.547,13.823],[100.547,13.824]]],[[[100.542,13.896],[100.544,13.896],[100.544,13.895],[100.542,13.8945],[100.545,13.8945],[100.547,13.895],[100.547,13.896],[100.5495,13.896],[100.5495,13.898],[100.5485,13.898],[100.5485,13.8995],[100.547,13.899],[100.547,13.9015],[100.5495,13.9015],[100.5495,13.9025],[100.5515,13.9025],[100.5525,13.9005],[100.554,13.9005],[100.554,13.8995],[100.555,13.8995],[100.555,13.899],[100.5515,13.8995],[100.5525,13.899],[100.5525,13.898],[100.5505,13.898],[100.5505,13.895],[100.5515,13.895],[100.5515,13.8935],[100.5495,13.8935],[100.5495,13.8945],[100.5485,13.8945],[100.5485,13.8935],[100.544,13.8935],[100.544,13.8925],[100.542,13.8925],[100.542,13.8935],[100.541,13.8935],[100.5415,13.897],[100.542,13.896]]],[[[100.543,13.9115],[100.543,13.9135],[100.544,13.9135],[100.544,13.9115],[100.543,13.9115]]],[[[100.545,13.915],[100.547,13.915],[100.547,13.914],[100.545,13.914],[100.545,13.915]]],[[[100.5405,13.9195],[100.5415,13.9195],[100.5415,13.9205],[100.5435,13.9195],[100.544,13.9205],[100.544,13.9185],[100.5425,13.9185],[100.5425,13.917],[100.5385,13.916],[100.5385,13.9215],[100.5395,13.9215],[100.5405,13.9195]]],[[[100.544,13.9205],[100.5435,13.9235],[100.545,13.923],[100.545,13.924],[100.544,13.924],[100.544,13.925],[100.5425,13.925],[100.5425,13.926],[100.5435,13.926],[100.5425,13.928],[100.546,13.928],[100.545,13.926],[100.547,13.925],[100.547,13.923],[100.55,13.923],[100.5505,13.9185],[100.5525,13.9185],[100.5525,13.916],[100.5535,13.916],[100.5535,13.914],[100.5515,13.915],[100.5515,13.9135],[100.5525,13.9135],[100.5515,13.9115],[100.5535,13.9105],[100.5535,13.9095],[100.5545,13.9095],[100.5545,13.9085],[100.5525,13.908],[100.5525,13.907],[100.5505,13.907],[100.5505,13.908],[100.5485,13.908],[100.5485,13.909],[100.547,13.909],[100.547,13.9115],[100.549,13.9115],[100.549,13.9135],[100.5505,13.9135],[100.5495,13.914],[100.5505,13.916],[100.5495,13.916],[100.5495,13.917],[100.547,13.917],[100.547,13.918],[100.548,13.9185],[100.544,13.9205]],[[100.549,13.9205],[100.548,13.9205],[100.548,13.9195],[100.549,13.9195],[100.549,13.9205]]],[[[100.55,13.716],[100.551,13.7205],[100.552,13.7205],[100.552,13.719],[100.554,13.719],[100.554,13.718],[100.556,13.717],[100.556,13.716],[100.554,13.7155],[100.554,13.7135],[100.552,13.7145],[100.552,13.716],[100.55,13.716]]],[[[100.5485,13.719],[100.5485,13.717],[100.5475,13.717],[100.5475,13.719],[100.5485,13.719]]],[[[100.5455,13.7345],[100.5475,13.7345],[100.5475,13.736],[100.5465,13.736],[100.5465,13.738],[100.5475,13.738],[100.5475,13.739],[100.5485,13.739],[100.5485,13.738],[100.5495,13.738],[100.5495,13.739],[100.5515,13.739],[100.5515,13.735],[100.5485,13.7345],[100.5485,13.7325],[100.5495,13.7325],[100.5495,13.7315],[100.5485,13.7315],[100.5485,13.73],[100.5495,13.73],[100.5495,13.728],[100.5475,13.728],[100.5475,13.727],[100.5455,13.727],[100.5455,13.7315],[100.5465,13.7315],[100.5465,13.7325],[100.5455,13.7325],[100.5455,13.7345]]],[[[100.5515,13.73],[100.5505,13.729],[100.5505,13.73],[100.5515,13.73]]],[[[100.5505,13.746],[100.5505,13.7495],[100.5495,13.7495],[100.5495,13.748],[100.5485,13.748],[100.5485,13.7495],[100.547,13.7495],[100.547,13.7505],[100.5485,13.7505],[100.5485,13.7515],[100.5495,13.7515],[100.5495,13.7505],[100.553,13.7505],[100.5535,13.7525],[100.556,13.7525],[100.557,13.753],[100.557,13.754],[100.559,13.754],[100.559,13.756],[100.557,13.755],[100.557,13.7585],[100.559,13.7585],[100.559,13.7595],[100.56,13.7595],[100.56,13.7585],[100.5615,13.7585],[100.5615,13.7615],[100.5625,13.7615],[100.5625,13.7595],[100.5645,13.7585],[100.5645,13.757],[100.5625,13.757],[100.5625,13.755],[100.5605,13.755],[100.5605,13.754],[100.5595,13.754],[100.5595,13.7525],[100.5625,13.753],[100.5615,13.7525],[100.5615,13.7495],[100.5625,13.7495],[100.5625,13.7485],[100.5645,13.7485],[100.5645,13.7495],[100.568,13.7495],[100.568,13.7505],[100.569,13.7505],[100.569,13.7485],[100.57,13.7485],[100.57,13.7475],[100.569,13.747],[100.566,13.747],[100.566,13.746],[100.565,13.746],[100.565,13.743],[100.5645,13.746],[100.5635,13.746],[100.5635,13.748],[100.5615,13.747],[100.5615,13.748],[100.557,13.7485],[100.557,13.7495],[100.556,13.7495],[100.556,13.7485],[100.555,13.7485],[100.555,13.7495],[100.553,13.7495],[100.553,13.7485],[100.5525,13.7495],[100.5515,13.7495],[100.5515,13.746],[100.5505,13.746]],[[100.559,13.7525],[100.557,13.7525],[100.557,13.7515],[100.559,13.7515],[100.559,13.7525]]],[[[100.549,13.777],[100.5495,13.777],[100.5495,13.776],[100.549,13.776],[100.549,13.777]]],[[[100.548,13.7775],[100.548,13.777],[100.547,13.777],[100.547,13.7775],[100.548,13.7775]]],[[[100.5495,13.7795],[100.5495,13.7785],[100.549,13.7785],[100.549,13.7795],[100.5495,13.7795]]],[[[100.5505,13.7805],[100.5515,13.7805],[100.5515,13.7795],[100.5505,13.7795],[100.5505,13.7805]]],[[[100.549,13.785],[100.55,13.785],[100.55,13.784],[100.549,13.784],[100.549,13.785]]],[[[100.55,13.786],[100.5515,13.786],[100.5515,13.7875],[100.5525,13.7875],[100.5525,13.7865],[100.5555,13.7865],[100.5545,13.786],[100.5545,13.783],[100.5535,13.783],[100.5535,13.782],[100.5515,13.782],[100.5515,13.784],[100.5505,13.784],[100.55,13.786]]],[[[100.551,13.794],[100.551,13.796],[100.5525,13.796],[100.5525,13.792],[100.5515,13.792],[100.551,13.794]]],[[[100.545,13.794],[100.545,13.796],[100.546,13.796],[100.546,13.794],[100.545,13.794]]],[[[100.55,13.801],[100.55,13.803],[100.551,13.803],[100.551,13.801],[100.55,13.801]]],[[[100.546,13.804],[100.547,13.804],[100.547,13.803],[100.546,13.803],[100.546,13.804]]],[[[100.546,13.8065],[100.547,13.8065],[100.547,13.8055],[100.546,13.8055],[100.546,13.8065]]],[[[100.549,13.8075],[100.549,13.8095],[100.551,13.8085],[100.551,13.8065],[100.549,13.8075]]],[[[100.55,13.8095],[100.55,13.811],[100.552,13.81],[100.55,13.8095]]],[[[100.5465,13.82],[100.5465,13.8195],[100.5455,13.8195],[100.5455,13.82],[100.5465,13.82]]],[[[100.548,13.833],[100.549,13.833],[100.549,13.832],[100.548,13.832],[100.548,13.833]]],[[[100.547,13.9185],[100.547,13.918],[100.546,13.918],[100.546,13.9185],[100.547,13.9185]]],[[[100.547,13.926],[100.548,13.926],[100.548,13.925],[100.547,13.925],[100.547,13.926]]],[[[100.549,13.926],[100.548,13.926],[100.548,13.927],[100.549,13.927],[100.549,13.926]]],[[[100.556,13.7145],[100.5595,13.7145],[100.5595,13.7125],[100.5575,13.7125],[100.5575,13.7135],[100.556,13.7135],[100.556,13.7145]]],[[[100.5565,13.716],[100.5575,13.716],[100.5575,13.7155],[100.5565,13.7155],[100.5565,13.716]]],[[[100.555,13.7305],[100.555,13.729],[100.554,13.729],[100.554,13.727],[100.552,13.726],[100.5515,13.7315],[100.553,13.7315],[100.553,13.7305],[100.555,13.7305]]],[[[100.557,13.7305],[100.557,13.729],[100.556,13.729],[100.556,13.7305],[100.557,13.7305]]],[[[100.5595,13.7295],[100.5585,13.7295],[100.5575,13.7315],[100.5595,13.7315],[100.5595,13.7295]]],[[[100.554,13.735],[100.554,13.739],[100.555,13.739],[100.555,13.735],[100.556,13.7345],[100.554,13.7345],[100.554,13.7335],[100.555,13.7335],[100.555,13.7315],[100.554,13.7315],[100.554,13.7325],[100.552,13.7325],[100.5515,13.7335],[100.552,13.735],[100.554,13.735]]],[[[100.557,13.745],[100.557,13.746],[100.558,13.746],[100.558,13.745],[100.557,13.745]]],[[[100.559,13.746],[100.558,13.746],[100.558,13.748],[100.559,13.748],[100.559,13.746]]],[[[100.557,13.755],[100.557,13.754],[100.555,13.754],[100.555,13.755],[100.557,13.755]]],[[[100.5545,13.7885],[100.5545,13.7895],[100.5555,13.7895],[100.5555,13.7885],[100.5545,13.7885]]],[[[100.5545,13.7905],[100.5545,13.7895],[100.5535,13.7895],[100.5535,13.7905],[100.5545,13.7905]]],[[[100.5545,13.795],[100.5555,13.795],[100.5555,13.794],[100.5545,13.794],[100.5545,13.795]]],[[[100.5555,13.7985],[100.5555,13.8],[100.5565,13.8],[100.5565,13.7985],[100.5555,13.7985]]],[[[100.559,13.802],[100.559,13.8],[100.5575,13.7995],[100.558,13.802],[100.559,13.802]]],[[[100.5575,13.802],[100.5575,13.801],[100.5565,13.801],[100.5565,13.802],[100.5575,13.802]]],[[[100.5565,13.804],[100.56,13.804],[100.56,13.803],[100.5565,13.803],[100.5565,13.804]]],[[[100.5535,13.804],[100.5535,13.803],[100.5525,13.803],[100.5525,13.804],[100.5535,13.804]]],[[[100.559,13.8075],[100.559,13.8065],[100.558,13.8065],[100.558,13.8075],[100.559,13.8075]]],[[[100.5525,13.8085],[100.5525,13.8095],[100.5535,13.8095],[100.5535,13.8085],[100.5525,13.8085]]],[[[100.5545,13.81],[100.5545,13.8095],[100.5535,13.8095],[100.5535,13.81],[100.5545,13.81]]],[[[100.552,13.811],[100.5535,13.811],[100.5535,13.81],[100.552,13.81],[100.552,13.811]]],[[[100.5565,13.812],[100.5535,13.812],[100.5535,13.813],[100.5545,13.813],[100.5545,13.8145],[100.5555,13.8145],[100.5555,13.813],[100.5565,13.813],[100.5565,13.812]]],[[[100.5565,13.814],[100.5575,13.814],[100.5575,13.813],[100.5565,13.813],[100.5565,13.814]]],[[[100.5535,13.819],[100.5555,13.819],[100.5555,13.821],[100.5575,13.821],[100.5575,13.823],[100.5585,13.823],[100.5585,13.8175],[100.5555,13.8175],[100.5555,13.8165],[100.5565,13.8165],[100.5565,13.8155],[100.5585,13.8155],[100.5585,13.8145],[100.5555,13.8145],[100.5555,13.8155],[100.553,13.8155],[100.5535,13.819]]],[[[100.5585,13.8255],[100.5585,13.8275],[100.5595,13.8275],[100.5595,13.8265],[100.56,13.8275],[100.562,13.8275],[100.562,13.8265],[100.563,13.8265],[100.563,13.823],[100.561,13.823],[100.561,13.822],[100.5595,13.822],[100.5595,13.823],[100.5585,13.823],[100.5585,13.8245],[100.5595,13.8245],[100.5595,13.8255],[100.5585,13.8255]],[[100.561,13.8245],[100.56,13.8245],[100.56,13.8235],[100.561,13.8235],[100.561,13.8245]]],[[[100.555,13.8535],[100.556,13.8535],[100.5565,13.8525],[100.5575,13.8545],[100.5625,13.8545],[100.5615,13.8535],[100.562,13.851],[100.565,13.8515],[100.565,13.8525],[100.566,13.8525],[100.566,13.851],[100.564,13.851],[100.563,13.849],[100.562,13.849],[100.562,13.85],[100.5575,13.85],[100.5565,13.848],[100.555,13.848],[100.555,13.849],[100.554,13.849],[100.554,13.8525],[100.555,13.8525],[100.555,13.8535]]],[[[100.553,13.8905],[100.554,13.8915],[100.554,13.8935],[100.555,13.8935],[100.555,13.8925],[100.556,13.8925],[100.556,13.8935],[100.557,13.8935],[100.557,13.8925],[100.559,13.8925],[100.5595,13.889],[100.5605,13.889],[100.5595,13.887],[100.5615,13.887],[100.5615,13.886],[100.5605,13.886],[100.5605,13.885],[100.558,13.885],[100.558,13.886],[100.556,13.886],[100.556,13.8895],[100.554,13.8895],[100.554,13.8905],[100.553,13.8905]]],[[[100.5525,13.8925],[100.5535,13.8925],[100.5535,13.8915],[100.5525,13.8915],[100.5525,13.8925]]],[[[100.558,13.894],[100.558,13.8935],[100.557,13.8935],[100.557,13.894],[100.558,13.894]]],[[[100.557,13.898],[100.5615,13.898],[100.559,13.899],[100.559,13.9005],[100.56,13.9005],[100.56,13.9015],[100.5645,13.9015],[100.5645,13.8995],[100.5635,13.8995],[100.5635,13.8985],[100.5655,13.8985],[100.566,13.896],[100.568,13.896],[100.568,13.895],[100.572,13.895],[100.5725,13.893],[100.571,13.8925],[100.571,13.8905],[100.569,13.8905],[100.569,13.8925],[100.568,13.8925],[100.568,13.8935],[100.566,13.8935],[100.566,13.8925],[100.5645,13.8925],[100.5645,13.8935],[100.5655,13.8935],[100.5655,13.895],[100.5645,13.895],[100.5645,13.896],[100.5605,13.896],[100.5605,13.895],[100.558,13.895],[100.558,13.896],[100.556,13.896],[100.556,13.897],[100.555,13.897],[100.556,13.899],[100.557,13.899],[100.557,13.898]]],[[[100.555,13.896],[100.556,13.896],[100.556,13.895],[100.555,13.895],[100.555,13.896]]],[[[100.5605,13.7135],[100.5605,13.716],[100.5615,13.716],[100.5615,13.718],[100.563,13.718],[100.563,13.719],[100.564,13.719],[100.563,13.72],[100.563,13.7235],[100.5615,13.7235],[100.5615,13.728],[100.5625,13.728],[100.5625,13.726],[100.564,13.726],[100.564,13.7235],[100.565,13.7235],[100.565,13.7215],[100.566,13.7215],[100.566,13.7205],[100.568,13.7205],[100.568,13.718],[100.567,13.718],[100.566,13.716],[100.564,13.716],[100.564,13.715],[100.5625,13.715],[100.5615,13.7145],[100.5615,13.7135],[100.5605,13.7135]],[[100.5625,13.717],[100.5625,13.716],[100.563,13.716],[100.563,13.717],[100.5625,13.717]]],[[[100.5595,13.716],[100.5595,13.715],[100.5585,13.7155],[100.5595,13.716]]],[[[100.5635,13.727],[100.5635,13.729],[100.567,13.7295],[100.567,13.7305],[100.569,13.7305],[100.569,13.7295],[100.57,13.7295],[100.5695,13.728],[100.5715,13.728],[100.5715,13.725],[100.5695,13.724],[100.569,13.7215],[100.569,13.7225],[100.567,13.7225],[100.567,13.7235],[100.566,13.7235],[100.566,13.726],[100.568,13.727],[100.568,13.728],[100.566,13.729],[100.565,13.727],[100.5635,13.727]],[[100.569,13.728],[100.569,13.726],[100.5695,13.726],[100.5695,13.728],[100.569,13.728]]],[[[100.565,13.7325],[100.565,13.7315],[100.564,13.7315],[100.564,13.7325],[100.565,13.7325]]],[[[100.558,13.744],[100.559,13.744],[100.559,13.7435],[100.558,13.7435],[100.558,13.744]]],[[[100.5605,13.747],[100.5615,13.747],[100.5615,13.746],[100.5605,13.746],[100.5605,13.747]]],[[[100.566,13.753],[100.566,13.7525],[100.5655,13.7525],[100.5655,13.753],[100.566,13.753]]],[[[100.5605,13.763],[100.5615,13.763],[100.5615,13.762],[100.5605,13.762],[100.5605,13.763]]],[[[100.5625,13.767],[100.5645,13.767],[100.5645,13.766],[100.5625,13.766],[100.5625,13.767]]],[[[100.5645,13.7685],[100.5665,13.7685],[100.5665,13.7705],[100.5655,13.7705],[100.5655,13.772],[100.5675,13.772],[100.567,13.771],[100.569,13.771],[100.569,13.772],[100.57,13.772],[100.57,13.771],[100.572,13.7705],[100.571,13.7685],[100.573,13.7685],[100.5735,13.7675],[100.5735,13.7685],[100.5755,13.7685],[100.5755,13.7695],[100.5735,13.7695],[100.5735,13.7705],[100.5755,13.7705],[100.5755,13.772],[100.5765,13.772],[100.5765,13.7695],[100.5785,13.7685],[100.579,13.7665],[100.5775,13.7665],[100.5775,13.765],[100.5745,13.765],[100.5745,13.7665],[100.5735,13.7665],[100.5735,13.763],[100.5745,13.763],[100.5745,13.7615],[100.572,13.7615],[100.572,13.7595],[100.57,13.7595],[100.57,13.7615],[100.569,13.7615],[100.569,13.763],[100.571,13.763],[100.571,13.765],[100.57,13.765],[100.57,13.7665],[100.5665,13.766],[100.5645,13.767],[100.5645,13.7685]],[[100.571,13.766],[100.572,13.766],[100.572,13.7665],[100.571,13.7665],[100.571,13.766]]],[[[100.5635,13.7785],[100.5645,13.7805],[100.5675,13.7805],[100.5675,13.782],[100.569,13.783],[100.569,13.784],[100.571,13.784],[100.571,13.783],[100.57,13.783],[100.57,13.781],[100.571,13.7805],[100.573,13.781],[100.573,13.7785],[100.574,13.7785],[100.5745,13.781],[100.5765,13.781],[100.5765,13.782],[100.5775,13.782],[100.5775,13.784],[100.5785,13.784],[100.5785,13.7855],[100.5765,13.7855],[100.5765,13.7865],[100.5755,13.7865],[100.575,13.7895],[100.5765,13.7895],[100.5765,13.792],[100.5785,13.792],[100.5785,13.793],[100.5775,13.793],[100.5775,13.7945],[100.5785,13.7945],[100.5785,13.7955],[100.5815,13.794],[100.5815,13.791],[100.582,13.792],[100.583,13.792],[100.583,13.79],[100.584,13.79],[100.584,13.789],[100.581,13.7875],[100.581,13.7855],[100.5805,13.7845],[100.5795,13.7845],[100.5795,13.783],[100.581,13.783],[100.581,13.7795],[100.583,13.7785],[100.583,13.7765],[100.581,13.7765],[100.581,13.775],[100.5795,13.775],[100.5795,13.774],[100.5765,13.774],[100.5765,13.773],[100.5745,13.773],[100.5745,13.7755],[100.574,13.7765],[100.573,13.7765],[100.573,13.7755],[100.571,13.7755],[100.572,13.775],[100.572,13.774],[100.568,13.775],[100.568,13.774],[100.569,13.774],[100.569,13.772],[100.568,13.772],[100.5675,13.774],[100.5655,13.775],[100.5655,13.7765],[100.5645,13.7765],[100.5645,13.7785],[100.5635,13.7785]],[[100.5745,13.7765],[100.5745,13.7775],[100.574,13.7775],[100.574,13.7765],[100.5745,13.7765]]],[[[100.5655,13.791],[100.5655,13.792],[100.5665,13.792],[100.5665,13.793],[100.5685,13.793],[100.5685,13.794],[100.57,13.794],[100.569,13.792],[100.572,13.792],[100.572,13.791],[100.573,13.791],[100.573,13.793],[100.574,13.793],[100.574,13.79],[100.573,13.79],[100.574,13.7895],[100.574,13.7885],[100.573,13.7885],[100.573,13.7875],[100.571,13.7865],[100.571,13.7855],[100.5675,13.785],[100.5665,13.7855],[100.5665,13.7875],[100.5645,13.7885],[100.5645,13.791],[100.5655,13.791]],[[100.569,13.7865],[100.57,13.7865],[100.57,13.7875],[100.569,13.7875],[100.569,13.7865]]],[[[100.561,13.803],[100.561,13.802],[100.56,13.802],[100.56,13.803],[100.561,13.803]]],[[[100.563,13.8075],[100.564,13.8075],[100.564,13.8065],[100.562,13.8055],[100.562,13.8045],[100.56,13.804],[100.56,13.8075],[100.561,13.8075],[100.561,13.809],[100.563,13.8085],[100.563,13.8075]]],[[[100.5655,13.8075],[100.5655,13.8065],[100.5645,13.8065],[100.5645,13.8075],[100.5655,13.8075]]],[[[100.5675,13.8165],[100.5655,13.8165],[100.5655,13.8175],[100.5675,13.8175],[100.5675,13.8165]]],[[[100.565,13.8275],[100.565,13.8265],[100.564,13.8265],[100.564,13.8275],[100.565,13.8275]]],[[[100.563,13.831],[100.563,13.832],[100.564,13.832],[100.564,13.8335],[100.566,13.8335],[100.566,13.8345],[100.567,13.8345],[100.5675,13.8365],[100.5675,13.8345],[100.5685,13.8345],[100.5685,13.8325],[100.5675,13.8325],[100.5675,13.831],[100.565,13.831],[100.565,13.83],[100.563,13.831]]],[[[100.562,13.831],[100.562,13.83],[100.561,13.83],[100.561,13.831],[100.562,13.831]]],[[[100.564,13.847],[100.567,13.8465],[100.567,13.8455],[100.568,13.8455],[100.5675,13.8435],[100.567,13.8445],[100.566,13.8445],[100.565,13.8425],[100.563,13.8425],[100.563,13.8435],[100.562,13.8435],[100.5615,13.8445],[100.5605,13.8425],[100.5595,13.8425],[100.5605,13.8465],[100.564,13.847]],[[100.562,13.8445],[100.565,13.8445],[100.565,13.8455],[100.562,13.8455],[100.562,13.8445]]],[[[100.566,13.8525],[100.566,13.8545],[100.567,13.8545],[100.567,13.8525],[100.566,13.8525]]],[[[100.563,13.856],[100.563,13.857],[100.564,13.857],[100.564,13.856],[100.563,13.856]]],[[[100.5615,13.86],[100.5615,13.8635],[100.5625,13.8635],[100.5625,13.8655],[100.564,13.8655],[100.564,13.8635],[100.565,13.8635],[100.565,13.8645],[100.567,13.8635],[100.567,13.8655],[100.568,13.865],[100.567,13.867],[100.569,13.867],[100.569,13.868],[100.5705,13.868],[100.5705,13.869],[100.5725,13.868],[100.5725,13.867],[100.5715,13.867],[100.5715,13.865],[100.5695,13.8645],[100.569,13.8605],[100.568,13.8605],[100.568,13.859],[100.566,13.859],[100.566,13.858],[100.564,13.857],[100.564,13.859],[100.565,13.859],[100.565,13.86],[100.5615,13.86]],[[100.5695,13.865],[100.569,13.865],[100.569,13.8645],[100.5695,13.8645],[100.5695,13.865]]],[[[100.568,13.8555],[100.566,13.8555],[100.566,13.858],[100.567,13.858],[100.567,13.856],[100.568,13.8555]]],[[[100.5635,13.888],[100.566,13.888],[100.566,13.887],[100.567,13.887],[100.567,13.889],[100.568,13.889],[100.568,13.887],[100.57,13.888],[100.57,13.886],[100.569,13.886],[100.569,13.885],[100.57,13.885],[100.57,13.8835],[100.568,13.8835],[100.568,13.8825],[100.567,13.8825],[100.567,13.8835],[100.566,13.884],[100.5625,13.8845],[100.5625,13.887],[100.5635,13.887],[100.5635,13.888]],[[100.5645,13.887],[100.5645,13.886],[100.565,13.886],[100.565,13.887],[100.5645,13.887]]],[[[100.5625,13.895],[100.5635,13.895],[100.5635,13.894],[100.5625,13.894],[100.5625,13.895]]],[[[100.567,13.728],[100.567,13.727],[100.566,13.727],[100.566,13.728],[100.567,13.728]]],[[[100.567,13.735],[100.568,13.737],[100.565,13.737],[100.565,13.738],[100.567,13.7385],[100.567,13.7405],[100.568,13.7405],[100.568,13.738],[100.57,13.7385],[100.5745,13.738],[100.5745,13.737],[100.5755,13.737],[100.5755,13.734],[100.577,13.734],[100.577,13.7325],[100.5825,13.733],[100.582,13.7305],[100.5825,13.7285],[100.5855,13.7285],[100.5855,13.7295],[100.5865,13.7295],[100.5865,13.727],[100.588,13.727],[100.588,13.725],[100.589,13.725],[100.589,13.724],[100.588,13.724],[100.588,13.723],[100.5855,13.723],[100.5855,13.725],[100.5865,13.725],[100.5865,13.726],[100.5835,13.726],[100.5835,13.728],[100.582,13.728],[100.582,13.726],[100.581,13.726],[100.581,13.727],[100.577,13.726],[100.577,13.727],[100.578,13.727],[100.578,13.7285],[100.576,13.7285],[100.5755,13.733],[100.5735,13.733],[100.5735,13.7315],[100.5725,13.7315],[100.5725,13.733],[100.5715,13.7335],[100.5715,13.7305],[100.5705,13.7305],[100.5705,13.7315],[100.569,13.7315],[100.569,13.7335],[100.568,13.7335],[100.568,13.735],[100.567,13.735]],[[100.57,13.737],[100.569,13.737],[100.569,13.735],[100.57,13.735],[100.57,13.737]],[[100.5715,13.737],[100.5705,13.737],[100.5705,13.736],[100.5715,13.736],[100.5715,13.737]],[[100.5705,13.734],[100.57,13.734],[100.57,13.7335],[100.5705,13.7335],[100.5705,13.734]],[[100.5845,13.728],[100.5845,13.727],[100.5855,13.727],[100.5845,13.728]],[[100.579,13.7305],[100.579,13.7315],[100.578,13.7315],[100.578,13.7305],[100.579,13.7305]],[[100.577,13.7305],[100.577,13.7295],[100.578,13.7295],[100.578,13.7305],[100.577,13.7305]]],[[[100.567,13.7515],[100.567,13.7525],[100.568,13.7525],[100.568,13.7505],[100.566,13.7505],[100.566,13.7515],[100.567,13.7515]]],[[[100.567,13.757],[100.568,13.757],[100.568,13.755],[100.57,13.754],[100.57,13.752],[100.569,13.752],[100.569,13.753],[100.566,13.753],[100.5655,13.755],[100.566,13.756],[100.567,13.756],[100.567,13.757]]],[[[100.568,13.7585],[100.5725,13.7585],[100.5725,13.7595],[100.5745,13.7595],[100.5745,13.7585],[100.5755,13.7585],[100.5755,13.7605],[100.5775,13.761],[100.5785,13.7605],[100.579,13.7585],[100.581,13.7585],[100.581,13.756],[100.583,13.7565],[100.583,13.7585],[100.5855,13.7585],[100.5855,13.755],[100.5875,13.755],[100.5885,13.753],[100.582,13.753],[100.582,13.754],[100.581,13.754],[100.581,13.7515],[100.579,13.7505],[100.579,13.7475],[100.578,13.7475],[100.5775,13.7485],[100.578,13.7515],[100.5745,13.752],[100.5715,13.7515],[100.571,13.753],[100.5725,13.753],[100.5725,13.755],[100.5735,13.755],[100.5735,13.756],[100.5725,13.756],[100.572,13.7575],[100.568,13.757],[100.568,13.7585]],[[100.5725,13.7575],[100.5735,13.7575],[100.5735,13.7585],[100.5725,13.7585],[100.5725,13.7575]],[[100.5735,13.7565],[100.5745,13.7565],[100.5745,13.7575],[100.5735,13.7575],[100.5735,13.7565]],[[100.5775,13.7595],[100.5775,13.7585],[100.5785,13.7585],[100.5785,13.7595],[100.5775,13.7595]],[[100.5765,13.752],[100.578,13.752],[100.579,13.754],[100.5775,13.754],[100.5765,13.752]]],[[[100.5665,13.795],[100.5665,13.7965],[100.5655,13.7965],[100.5655,13.7975],[100.5665,13.7975],[100.5675,13.7995],[100.5695,13.8],[100.5695,13.801],[100.571,13.801],[100.571,13.8],[100.573,13.8],[100.573,13.7985],[100.572,13.7985],[100.572,13.7975],[100.574,13.7975],[100.574,13.7965],[100.571,13.7965],[100.571,13.7955],[100.5695,13.7955],[100.5695,13.7945],[100.5665,13.795]]],[[[100.5665,13.8055],[100.5665,13.8075],[100.571,13.8075],[100.571,13.8065],[100.572,13.8065],[100.573,13.8045],[100.571,13.804],[100.5685,13.8045],[100.5685,13.802],[100.5695,13.802],[100.5695,13.801],[100.5675,13.801],[100.5675,13.804],[100.5665,13.804],[100.5675,13.8045],[100.5675,13.8055],[100.5665,13.8055]]],[[[100.5695,13.812],[100.5695,13.8135],[100.5675,13.8135],[100.5675,13.8165],[100.5695,13.8165],[100.5685,13.8145],[100.5705,13.8145],[100.5705,13.8155],[100.571,13.8145],[100.572,13.8145],[100.572,13.8155],[100.573,13.8155],[100.574,13.8135],[100.576,13.8145],[100.576,13.812],[100.5785,13.812],[100.5785,13.811],[100.5775,13.811],[100.5775,13.809],[100.5785,13.809],[100.5785,13.8065],[100.5795,13.8065],[100.5795,13.8035],[100.5775,13.8035],[100.5775,13.8065],[100.5765,13.8065],[100.577,13.808],[100.576,13.808],[100.576,13.81],[100.575,13.81],[100.575,13.8085],[100.572,13.809],[100.572,13.8075],[100.571,13.8075],[100.5705,13.81],[100.5695,13.81],[100.5695,13.811],[100.5675,13.811],[100.5675,13.813],[100.5695,13.812]],[[100.5705,13.811],[100.571,13.811],[100.571,13.812],[100.5705,13.812],[100.5705,13.811]]],[[[100.5665,13.813],[100.5665,13.8135],[100.5675,13.8135],[100.5675,13.813],[100.5665,13.813]]],[[[100.5675,13.823],[100.5685,13.823],[100.5675,13.8235],[100.5675,13.8245],[100.5705,13.8245],[100.5705,13.8255],[100.5715,13.8255],[100.572,13.8235],[100.573,13.8235],[100.5715,13.819],[100.5705,13.819],[100.5705,13.82],[100.5695,13.82],[100.5695,13.819],[100.5685,13.819],[100.5685,13.82],[100.5665,13.82],[100.5665,13.821],[100.5675,13.821],[100.5675,13.823]]],[[[100.5655,13.823],[100.5665,13.823],[100.5665,13.822],[100.5655,13.822],[100.5655,13.823]]],[[[100.5695,13.8365],[100.5705,13.8365],[100.5705,13.8355],[100.5695,13.8355],[100.5695,13.8365]]],[[[100.5685,13.8445],[100.5715,13.8445],[100.5715,13.846],[100.5695,13.8455],[100.5695,13.847],[100.5715,13.848],[100.5715,13.849],[100.574,13.849],[100.574,13.847],[100.577,13.847],[100.577,13.8455],[100.576,13.8455],[100.576,13.8445],[100.574,13.8455],[100.574,13.8435],[100.5715,13.8435],[100.5715,13.8425],[100.5695,13.8425],[100.5685,13.8445]]],[[[100.5745,13.726],[100.5745,13.724],[100.578,13.7235],[100.578,13.7225],[100.577,13.7225],[100.577,13.7205],[100.579,13.7205],[100.579,13.719],[100.578,13.719],[100.578,13.718],[100.58,13.717],[100.58,13.716],[100.575,13.716],[100.5745,13.719],[100.5715,13.7195],[100.5715,13.725],[100.5735,13.725],[100.5735,13.726],[100.5745,13.726]]],[[[100.5745,13.7295],[100.5745,13.7285],[100.5735,13.7285],[100.5735,13.7295],[100.5745,13.7295]]],[[[100.574,13.783],[100.574,13.782],[100.572,13.782],[100.572,13.783],[100.574,13.783]]],[[[100.576,13.8325],[100.576,13.8335],[100.577,13.8335],[100.577,13.8355],[100.578,13.8355],[100.578,13.838],[100.5795,13.838],[100.5795,13.839],[100.5805,13.839],[100.5805,13.838],[100.5815,13.838],[100.5815,13.839],[100.5835,13.838],[100.5835,13.837],[100.5825,13.837],[100.5825,13.8355],[100.5805,13.8355],[100.5805,13.8345],[100.5795,13.8345],[100.5795,13.8325],[100.579,13.8315],[100.578,13.8315],[100.578,13.83],[100.577,13.83],[100.577,13.828],[100.575,13.828],[100.575,13.827],[100.5715,13.8275],[100.573,13.829],[100.573,13.831],[100.577,13.831],[100.577,13.8325],[100.576,13.8325]],[[100.579,13.8335],[100.578,13.8335],[100.578,13.8325],[100.579,13.8325],[100.579,13.8335]]],[[[100.5705,13.828],[100.5705,13.8275],[100.5695,13.8275],[100.5695,13.828],[100.5705,13.828]]],[[[100.5725,13.832],[100.573,13.832],[100.573,13.831],[100.5725,13.831],[100.5725,13.832]]],[[[100.5705,13.8365],[100.5705,13.838],[100.5715,13.838],[100.5715,13.837],[100.573,13.837],[100.5705,13.8365]]],[[[100.5725,13.84],[100.5725,13.839],[100.5705,13.839],[100.5705,13.84],[100.5725,13.84]]],[[[100.575,13.8545],[100.577,13.8545],[100.577,13.856],[100.578,13.856],[100.578,13.855],[100.58,13.856],[100.5805,13.8515],[100.579,13.8515],[100.579,13.8505],[100.578,13.85],[100.577,13.8505],[100.575,13.85],[100.5745,13.8515],[100.5735,13.8515],[100.575,13.8545]]],[[[100.5745,13.8835],[100.5745,13.8825],[100.5725,13.8825],[100.5725,13.8815],[100.5715,13.8815],[100.5715,13.886],[100.5725,13.886],[100.5725,13.887],[100.5735,13.887],[100.5735,13.8835],[100.5745,13.8835]]],[[[100.5745,13.895],[100.5745,13.8925],[100.5775,13.893],[100.5775,13.8915],[100.5765,13.8915],[100.5765,13.8905],[100.5725,13.8915],[100.5725,13.893],[100.5735,13.893],[100.5725,13.895],[100.5745,13.895]]],[[[100.5755,13.728],[100.5755,13.727],[100.5745,13.727],[100.5745,13.728],[100.5755,13.728]]],[[[100.5765,13.763],[100.5745,13.763],[100.5745,13.764],[100.5765,13.764],[100.5765,13.763]]],[[[100.576,13.8],[100.5765,13.803],[100.5785,13.802],[100.5785,13.803],[100.5805,13.8035],[100.5805,13.8045],[100.5815,13.8045],[100.5815,13.803],[100.5825,13.803],[100.583,13.802],[100.583,13.8],[100.5805,13.8],[100.5805,13.801],[100.5785,13.801],[100.5785,13.7985],[100.5775,13.7985],[100.5775,13.7975],[100.5765,13.7975],[100.576,13.8]]],[[[100.5825,13.8425],[100.5805,13.8415],[100.5805,13.8425],[100.579,13.8425],[100.579,13.8435],[100.5825,13.8435],[100.5825,13.8425]]],[[[100.577,13.847],[100.577,13.848],[100.578,13.848],[100.578,13.847],[100.577,13.847]]],[[[100.579,13.849],[100.579,13.848],[100.578,13.848],[100.578,13.849],[100.579,13.849]]],[[[100.576,13.857],[100.577,13.857],[100.577,13.856],[100.576,13.856],[100.576,13.857]]],[[[100.578,13.8815],[100.581,13.8815],[100.581,13.8825],[100.583,13.8825],[100.5835,13.8815],[100.5835,13.8825],[100.5845,13.8825],[100.5845,13.8815],[100.5865,13.8815],[100.5865,13.8805],[100.5885,13.8805],[100.5885,13.878],[100.5855,13.878],[100.5855,13.877],[100.5835,13.877],[100.5835,13.8795],[100.582,13.8795],[100.582,13.878],[100.579,13.8785],[100.578,13.878],[100.578,13.877],[100.5765,13.877],[100.577,13.879],[100.5755,13.8795],[100.578,13.8795],[100.578,13.8815]],[[100.58,13.8795],[100.581,13.8795],[100.581,13.8805],[100.58,13.8805],[100.58,13.8795]]],[[[100.58,13.878],[100.58,13.877],[100.579,13.877],[100.579,13.878],[100.58,13.878]]],[[[100.5765,13.8815],[100.5765,13.8805],[100.5755,13.8805],[100.5755,13.8815],[100.5765,13.8815]]],[[[100.581,13.894],[100.581,13.895],[100.582,13.895],[100.583,13.893],[100.5845,13.893],[100.5845,13.8915],[100.582,13.8915],[100.582,13.893],[100.578,13.8925],[100.579,13.893],[100.579,13.894],[100.581,13.894]]],[[[100.5805,13.714],[100.5805,13.715],[100.5825,13.715],[100.5825,13.714],[100.5835,13.714],[100.5835,13.7115],[100.5845,13.7115],[100.5845,13.7095],[100.5835,13.7095],[100.5835,13.7105],[100.5825,13.7105],[100.5815,13.7125],[100.5805,13.7125],[100.58,13.7135],[100.5805,13.714]]],[[[100.5815,13.7095],[100.5815,13.7105],[100.5825,13.7105],[100.5825,13.7095],[100.5815,13.7095]]],[[[100.579,13.715],[100.58,13.715],[100.58,13.714],[100.579,13.714],[100.579,13.715]]],[[[100.5845,13.717],[100.5845,13.716],[100.5835,13.716],[100.5835,13.717],[100.5845,13.717]]],[[[100.5835,13.717],[100.5825,13.717],[100.5825,13.718],[100.5835,13.718],[100.5835,13.717]]],[[[100.581,13.7185],[100.5825,13.7185],[100.5825,13.718],[100.581,13.718],[100.581,13.7185]]],[[[100.582,13.761],[100.582,13.7595],[100.581,13.7595],[100.581,13.7605],[100.579,13.7605],[100.582,13.761]]],[[[100.5835,13.846],[100.5835,13.847],[100.5855,13.848],[100.5855,13.845],[100.5845,13.8455],[100.5845,13.8445],[100.5825,13.8435],[100.5825,13.8445],[100.5815,13.8445],[100.5815,13.846],[100.5835,13.846]]],[[[100.5825,13.849],[100.5835,13.849],[100.5835,13.848],[100.5825,13.848],[100.5825,13.849]]],[[[100.5845,13.85],[100.5845,13.8515],[100.5855,13.8515],[100.5855,13.85],[100.5845,13.85]]],[[[100.581,13.8545],[100.5815,13.8535],[100.5805,13.8535],[100.581,13.8545]]],[[[100.5855,13.858],[100.5845,13.858],[100.5845,13.859],[100.5835,13.859],[100.5835,13.858],[100.5815,13.858],[100.581,13.8625],[100.5825,13.8625],[100.5825,13.8615],[100.5835,13.8615],[100.5845,13.8595],[100.5865,13.8595],[100.5855,13.859],[100.5855,13.858]]],[[[100.5855,13.8915],[100.5855,13.893],[100.5865,13.893],[100.5865,13.895],[100.5875,13.895],[100.5885,13.893],[100.5875,13.893],[100.5875,13.892],[100.5865,13.8915],[100.5875,13.8915],[100.5875,13.8905],[100.5895,13.8905],[100.59,13.8895],[100.5895,13.886],[100.5875,13.886],[100.5875,13.885],[100.5855,13.885],[100.5855,13.886],[100.5845,13.886],[100.5845,13.885],[100.583,13.885],[100.583,13.886],[100.584,13.886],[100.584,13.8905],[100.5845,13.8915],[100.5855,13.8915]],[[100.5855,13.8895],[100.5865,13.8895],[100.5865,13.8905],[100.5855,13.8905],[100.5855,13.8895]]],[[[100.582,13.8985],[100.58,13.8995],[100.58,13.9015],[100.582,13.902],[100.582,13.903],[100.583,13.903],[100.584,13.905],[100.5865,13.905],[100.5875,13.903],[100.5895,13.903],[100.5895,13.905],[100.5905,13.905],[100.5905,13.906],[100.593,13.906],[100.593,13.9075],[100.592,13.9075],[100.5915,13.9085],[100.592,13.911],[100.5905,13.911],[100.5905,13.9155],[100.5885,13.9155],[100.5885,13.9175],[100.5905,13.9175],[100.5915,13.9195],[100.594,13.92],[100.594,13.921],[100.598,13.921],[100.598,13.923],[100.599,13.923],[100.599,13.922],[100.5995,13.923],[100.6035,13.923],[100.6035,13.922],[100.6025,13.922],[100.6025,13.9195],[100.6005,13.9195],[100.6005,13.9185],[100.5995,13.9185],[100.5995,13.9155],[100.598,13.915],[100.598,13.913],[100.597,13.913],[100.597,13.912],[100.596,13.912],[100.596,13.9105],[100.595,13.9105],[100.595,13.9085],[100.594,13.9085],[100.594,13.905],[100.592,13.905],[100.5915,13.9015],[100.5905,13.9015],[100.5905,13.8995],[100.5895,13.8995],[100.5895,13.8975],[100.5885,13.8975],[100.5885,13.895],[100.5875,13.895],[100.5875,13.897],[100.5855,13.897],[100.5845,13.895],[100.582,13.895],[100.582,13.897],[100.581,13.897],[100.582,13.8975],[100.582,13.8985]],[[100.5915,13.9175],[100.593,13.9175],[100.593,13.9185],[100.5915,13.9185],[100.5915,13.9175]],[[100.594,13.9185],[100.594,13.9195],[100.593,13.9195],[100.593,13.9185],[100.594,13.9185]],[[100.5995,13.921],[100.6005,13.921],[100.6005,13.922],[100.5995,13.922],[100.5995,13.921]],[[100.5885,13.8985],[100.5875,13.8985],[100.5875,13.8975],[100.5885,13.8975],[100.5885,13.8985]],[[100.594,13.9155],[100.594,13.9165],[100.593,13.9165],[100.593,13.9155],[100.594,13.9155]],[[100.596,13.9175],[100.595,13.9175],[100.595,13.9165],[100.596,13.9165],[100.596,13.9175]],[[100.597,13.9175],[100.597,13.9185],[100.596,13.9185],[100.596,13.9175],[100.597,13.9175]]],[[[100.59,13.6155],[100.59,13.6145],[100.5895,13.6145],[100.5895,13.6155],[100.59,13.6155]]],[[[100.5875,13.6175],[100.5875,13.62],[100.5855,13.621],[100.585,13.623],[100.5895,13.623],[100.5895,13.624],[100.5885,13.624],[100.5885,13.63],[100.5905,13.63],[100.5905,13.6285],[100.5895,13.6285],[100.5905,13.6265],[100.593,13.6265],[100.593,13.6275],[100.595,13.6275],[100.594,13.6255],[100.596,13.6255],[100.596,13.6245],[100.5975,13.6245],[100.5975,13.619],[100.596,13.619],[100.596,13.62],[100.593,13.62],[100.593,13.619],[100.5905,13.619],[100.5905,13.621],[100.5885,13.621],[100.5885,13.6185],[100.5905,13.6185],[100.5905,13.6165],[100.5865,13.6165],[100.5865,13.6175],[100.5875,13.6175]],[[100.5875,13.621],[100.5875,13.622],[100.5865,13.622],[100.5865,13.621],[100.5875,13.621]],[[100.5905,13.621],[100.593,13.621],[100.593,13.622],[100.5905,13.622],[100.5905,13.621]],[[100.594,13.622],[100.594,13.623],[100.593,13.623],[100.593,13.622],[100.594,13.622]]],[[[100.585,13.6245],[100.585,13.623],[100.584,13.623],[100.584,13.6245],[100.585,13.6245]]],[[[100.593,13.633],[100.5915,13.63],[100.5905,13.632],[100.5915,13.632],[100.5915,13.633],[100.593,13.633]]],[[[100.5925,13.6425],[100.5915,13.6425],[100.592,13.6445],[100.5925,13.6425]]],[[[100.592,13.706],[100.5925,13.707],[100.5935,13.707],[100.5935,13.7085],[100.5945,13.708],[100.6,13.7085],[100.6,13.7105],[100.599,13.7105],[100.599,13.7115],[100.603,13.7125],[100.603,13.714],[100.604,13.714],[100.604,13.713],[100.6055,13.713],[100.605,13.7095],[100.6075,13.7095],[100.6075,13.7105],[100.6095,13.7095],[100.6095,13.705],[100.6085,13.705],[100.6085,13.704],[100.6075,13.704],[100.6075,13.705],[100.6045,13.705],[100.604,13.704],[100.604,13.706],[100.6,13.707],[100.6,13.705],[100.598,13.705],[100.598,13.704],[100.601,13.7025],[100.599,13.7025],[100.599,13.7015],[100.598,13.7015],[100.598,13.7005],[100.599,13.7005],[100.598,13.6985],[100.5955,13.699],[100.5965,13.6995],[100.5965,13.7015],[100.5955,13.7015],[100.5955,13.7025],[100.5935,13.7015],[100.5925,13.7035],[100.591,13.7035],[100.592,13.704],[100.592,13.706]],[[100.601,13.7105],[100.602,13.7105],[100.602,13.7115],[100.601,13.7115],[100.601,13.7105]],[[100.603,13.7115],[100.604,13.7115],[100.604,13.7125],[100.603,13.7125],[100.603,13.7115]],[[100.604,13.7095],[100.6045,13.7085],[100.605,13.7095],[100.604,13.7095]],[[100.6,13.708],[100.599,13.708],[100.599,13.707],[100.6,13.707],[100.6,13.708]],[[100.598,13.7035],[100.5975,13.7035],[100.5975,13.7025],[100.598,13.7025],[100.598,13.7035]]],[[[100.59,13.707],[100.59,13.7085],[100.591,13.7085],[100.591,13.7095],[100.59,13.7095],[100.59,13.7105],[100.5865,13.7105],[100.5865,13.7125],[100.5935,13.713],[100.5935,13.7105],[100.5945,13.7105],[100.5945,13.7095],[100.5925,13.7095],[100.5925,13.708],[100.591,13.708],[100.591,13.707],[100.59,13.707]],[[100.592,13.7105],[100.592,13.7115],[100.591,13.7115],[100.591,13.7105],[100.592,13.7105]]],[[[100.592,13.7185],[100.593,13.7185],[100.593,13.7195],[100.5935,13.7185],[100.5945,13.7185],[100.5945,13.7195],[100.5955,13.7195],[100.5955,13.7215],[100.5965,13.7215],[100.5965,13.7195],[100.5985,13.7185],[100.5985,13.7175],[100.5995,13.7175],[100.599,13.714],[100.5945,13.714],[100.5935,13.716],[100.591,13.716],[100.591,13.718],[100.592,13.7185]],[[100.5975,13.7175],[100.5975,13.717],[100.5985,13.717],[100.5985,13.7175],[100.5975,13.7175]]],[[[100.592,13.7205],[100.592,13.7215],[100.593,13.7215],[100.593,13.7195],[100.591,13.7185],[100.591,13.7205],[100.592,13.7205]]],[[[100.5875,13.7205],[100.5865,13.7195],[100.5865,13.7205],[100.5875,13.7205]]],[[[100.594,13.746],[100.5975,13.7465],[100.5975,13.7475],[100.5995,13.7465],[100.6005,13.7485],[100.6015,13.7485],[100.602,13.7475],[100.603,13.7495],[100.604,13.7495],[100.604,13.7485],[100.605,13.7485],[100.605,13.7495],[100.607,13.7495],[100.6085,13.7465],[100.608,13.7455],[100.6085,13.743],[100.607,13.743],[100.607,13.742],[100.606,13.742],[100.606,13.741],[100.607,13.741],[100.6075,13.7375],[100.605,13.7375],[100.605,13.7385],[100.604,13.7385],[100.604,13.7375],[100.603,13.7375],[100.603,13.7385],[100.601,13.7375],[100.6005,13.7385],[100.5995,13.7365],[100.5985,13.7365],[100.5985,13.735],[100.5965,13.735],[100.5965,13.7375],[100.5985,13.7385],[100.5985,13.7405],[100.5955,13.7405],[100.595,13.7385],[100.595,13.741],[100.594,13.741],[100.593,13.743],[100.592,13.743],[100.592,13.744],[100.593,13.744],[100.594,13.746]],[[100.5985,13.742],[100.5985,13.744],[100.5975,13.744],[100.5975,13.742],[100.5985,13.742]],[[100.5995,13.745],[100.5995,13.744],[100.6005,13.744],[100.6005,13.745],[100.5995,13.745]],[[100.6015,13.745],[100.6015,13.7455],[100.6005,13.7455],[100.6005,13.745],[100.6015,13.745]],[[100.605,13.7465],[100.605,13.7455],[100.606,13.7455],[100.606,13.7465],[100.605,13.7465]],[[100.606,13.745],[100.607,13.745],[100.607,13.7455],[100.606,13.7455],[100.606,13.745]]],[[[100.587,13.8535],[100.5865,13.855],[100.589,13.8545],[100.589,13.8525],[100.588,13.8525],[100.588,13.847],[100.5865,13.847],[100.5865,13.848],[100.5855,13.848],[100.5855,13.849],[100.587,13.849],[100.587,13.8535]]],[[[100.59,13.859],[100.59,13.858],[100.588,13.857],[100.588,13.859],[100.59,13.859]]],[[[100.593,13.864],[100.593,13.8605],[100.591,13.8605],[100.591,13.8595],[100.59,13.8595],[100.59,13.8615],[100.591,13.8615],[100.591,13.8635],[100.59,13.864],[100.593,13.864]]],[[[100.5875,13.8605],[100.5875,13.8595],[100.5865,13.8595],[100.5865,13.8605],[100.5875,13.8605]]],[[[100.5865,13.8625],[100.5875,13.8625],[100.5875,13.8615],[100.5865,13.8615],[100.5865,13.8625]]],[[[100.5865,13.865],[100.5865,13.866],[100.5875,13.866],[100.588,13.867],[100.5875,13.8695],[100.5865,13.8695],[100.5865,13.8725],[100.5875,13.8725],[100.5875,13.8735],[100.589,13.873],[100.5885,13.877],[100.589,13.878],[100.591,13.878],[100.591,13.877],[100.593,13.877],[100.593,13.876],[100.594,13.876],[100.594,13.875],[100.592,13.875],[100.592,13.874],[100.59,13.874],[100.59,13.8725],[100.589,13.8725],[100.589,13.8695],[100.591,13.8685],[100.591,13.865],[100.588,13.8635],[100.5875,13.865],[100.5865,13.865]]],[[[100.593,13.864],[100.593,13.866],[100.594,13.866],[100.594,13.864],[100.593,13.864]]],[[[100.592,13.885],[100.593,13.887],[100.596,13.887],[100.5965,13.8885],[100.5965,13.885],[100.5985,13.885],[100.5985,13.884],[100.5975,13.884],[100.5975,13.883],[100.5985,13.883],[100.5985,13.8815],[100.596,13.8815],[100.596,13.883],[100.594,13.883],[100.593,13.8825],[100.593,13.8805],[100.59,13.8805],[100.59,13.8815],[100.591,13.8815],[100.591,13.884],[100.59,13.884],[100.59,13.885],[100.592,13.885]],[[100.592,13.885],[100.592,13.883],[100.593,13.883],[100.593,13.885],[100.592,13.885]]],[[[100.59,13.886],[100.59,13.885],[100.5895,13.885],[100.5895,13.886],[100.59,13.886]]],[[[100.595,13.6095],[100.5975,13.609],[100.5975,13.61],[100.5985,13.61],[100.5985,13.609],[100.5995,13.609],[100.5995,13.612],[100.6015,13.612],[100.6015,13.613],[100.604,13.613],[100.604,13.611],[100.603,13.611],[100.603,13.61],[100.604,13.61],[100.604,13.609],[100.603,13.609],[100.604,13.6085],[100.604,13.6075],[100.602,13.6075],[100.6015,13.6055],[100.5995,13.6055],[100.5995,13.6045],[100.5985,13.604],[100.5965,13.604],[100.5975,13.6045],[100.5975,13.6055],[100.5965,13.6055],[100.5965,13.6075],[100.595,13.6075],[100.595,13.6095]]],[[[100.593,13.6335],[100.5915,13.6335],[100.5915,13.6345],[100.593,13.6345],[100.593,13.6365],[100.592,13.6365],[100.592,13.6375],[100.594,13.6375],[100.594,13.639],[100.597,13.639],[100.597,13.638],[100.598,13.638],[100.598,13.64],[100.5995,13.64],[100.5995,13.6375],[100.6005,13.6375],[100.6005,13.6355],[100.5995,13.6355],[100.5995,13.6335],[100.5985,13.6335],[100.5985,13.632],[100.597,13.632],[100.597,13.631],[100.593,13.631],[100.593,13.632],[100.594,13.632],[100.594,13.633],[100.593,13.6335]],[[100.5985,13.6375],[100.5985,13.6365],[100.5995,13.6365],[100.5995,13.6375],[100.5985,13.6375]],[[100.594,13.6345],[100.594,13.6335],[100.595,13.6335],[100.595,13.6345],[100.594,13.6345]]],[[[100.5925,13.6455],[100.5925,13.647],[100.593,13.647],[100.593,13.6455],[100.5925,13.6455]]],[[[100.594,13.652],[100.594,13.651],[100.596,13.65],[100.596,13.647],[100.598,13.6465],[100.593,13.647],[100.594,13.652]],[[100.595,13.647],[100.595,13.649],[100.594,13.649],[100.594,13.647],[100.595,13.647]]],[[[100.597,13.666],[100.597,13.6645],[100.599,13.6645],[100.599,13.6635],[100.6015,13.6635],[100.6015,13.6625],[100.6035,13.6625],[100.6035,13.6635],[100.6045,13.6635],[100.6045,13.666],[100.6065,13.666],[100.6065,13.665],[100.609,13.665],[100.609,13.6625],[100.61,13.6625],[100.61,13.6615],[100.611,13.6615],[100.611,13.6605],[100.6125,13.66],[100.611,13.66],[100.61,13.658],[100.608,13.658],[100.608,13.656],[100.606,13.6555],[100.606,13.6545],[100.6025,13.6545],[100.6025,13.6525],[100.6015,13.6525],[100.6015,13.6535],[100.6,13.6535],[100.6005,13.6555],[100.599,13.656],[100.6005,13.656],[100.6005,13.659],[100.6035,13.659],[100.6035,13.6605],[100.6005,13.66],[100.6,13.661],[100.6,13.66],[100.598,13.66],[100.598,13.661],[100.596,13.661],[100.596,13.6645],[100.5945,13.6645],[100.5945,13.6655],[100.597,13.666]],[[100.6025,13.657],[100.6025,13.656],[100.6045,13.656],[100.6045,13.657],[100.6025,13.657]]],[[[100.597,13.694],[100.599,13.698],[100.604,13.698],[100.603,13.697],[100.603,13.695],[100.602,13.695],[100.602,13.694],[100.6045,13.6935],[100.6045,13.6925],[100.603,13.6925],[100.603,13.6915],[100.6,13.6915],[100.6,13.6925],[100.5965,13.6925],[100.597,13.694]],[[100.6,13.6935],[100.6,13.694],[100.599,13.694],[100.599,13.6935],[100.6,13.6935]],[[100.602,13.697],[100.6,13.697],[100.6,13.696],[100.602,13.696],[100.602,13.697]]],[[[100.5945,13.7095],[100.5955,13.7095],[100.5955,13.7085],[100.5945,13.7085],[100.5945,13.7095]]],[[[100.5975,13.7095],[100.5975,13.7085],[100.5965,13.7085],[100.5965,13.7095],[100.5975,13.7095]]],[[[100.594,13.867],[100.5955,13.867],[100.5955,13.866],[100.594,13.866],[100.594,13.867]]],[[[100.5975,13.866],[100.5955,13.867],[100.5955,13.868],[100.5985,13.8685],[100.5985,13.867],[100.5975,13.867],[100.5975,13.866]]],[[[100.5995,13.867],[100.5995,13.866],[100.5985,13.866],[100.5985,13.867],[100.5995,13.867]]],[[[100.5975,13.873],[100.5985,13.873],[100.5985,13.8695],[100.5975,13.8695],[100.5975,13.873]]],[[[100.5965,13.8905],[100.5985,13.8905],[100.5985,13.8915],[100.5995,13.8915],[100.5995,13.8895],[100.5985,13.8895],[100.5985,13.8885],[100.5965,13.8885],[100.5965,13.8905]]],[[[100.6015,13.604],[100.6015,13.6055],[100.602,13.6055],[100.602,13.604],[100.6015,13.604]]],[[[100.6015,13.675],[100.6015,13.6745],[100.6035,13.675],[100.6035,13.6725],[100.6055,13.6725],[100.6055,13.6715],[100.6065,13.6715],[100.6065,13.67],[100.6055,13.67],[100.6055,13.668],[100.6045,13.668],[100.6045,13.67],[100.601,13.6705],[100.601,13.6735],[100.6,13.6735],[100.6,13.6745],[100.6015,13.675]]],[[[100.602,13.6905],[100.603,13.6905],[100.603,13.6895],[100.602,13.6895],[100.602,13.6905]]],[[[100.599,13.6985],[100.599,13.698],[100.598,13.698],[100.598,13.6985],[100.599,13.6985]]],[[[100.601,13.713],[100.601,13.7125],[100.6,13.7125],[100.6,13.713],[100.601,13.713]]],[[[100.602,13.7495],[100.602,13.7485],[100.6015,13.7485],[100.6015,13.7495],[100.602,13.7495]]],[[[100.602,13.8715],[100.602,13.8705],[100.601,13.8705],[100.601,13.8715],[100.602,13.8715]]],[[[100.6015,13.877],[100.605,13.8775],[100.604,13.877],[100.604,13.876],[100.6015,13.876],[100.6015,13.877]]],[[[100.5995,13.8785],[100.5995,13.8775],[100.5985,13.8775],[100.5985,13.8785],[100.5995,13.8785]]],[[[100.606,13.8815],[100.606,13.8795],[100.604,13.8795],[100.604,13.8785],[100.603,13.8785],[100.603,13.8805],[100.604,13.8805],[100.604,13.8815],[100.606,13.8815]]],[[[100.603,13.8895],[100.603,13.8885],[100.6025,13.8885],[100.6025,13.8895],[100.603,13.8895]]],[[[100.603,13.895],[100.604,13.895],[100.604,13.896],[100.605,13.8955],[100.605,13.893],[100.603,13.893],[100.6025,13.8895],[100.6005,13.8895],[100.6005,13.8905],[100.6015,13.8905],[100.6005,13.891],[100.6005,13.892],[100.6025,13.892],[100.603,13.895]]],[[[100.6045,13.9735],[100.6045,13.9725],[100.604,13.9735],[100.6045,13.9735]]],[[[100.6025,13.987],[100.602,13.9935],[100.603,13.9935],[100.603,13.9915],[100.604,13.9915],[100.604,13.989],[100.6065,13.9895],[100.6065,13.988],[100.6075,13.988],[100.6075,13.986],[100.6065,13.986],[100.6065,13.9845],[100.6055,13.9845],[100.605,13.9815],[100.604,13.9815],[100.604,13.9805],[100.6025,13.987]]],[[[100.602,13.996],[100.602,13.9945],[100.6015,13.9945],[100.6015,13.9955],[100.602,13.996]]],[[[100.6055,13.5775],[100.6065,13.5775],[100.6065,13.5805],[100.6085,13.5805],[100.6085,13.5795],[100.6105,13.5795],[100.6105,13.5785],[100.6115,13.5785],[100.6115,13.58],[100.613,13.58],[100.614,13.5795],[100.614,13.5785],[100.612,13.5785],[100.612,13.5765],[100.615,13.575],[100.6105,13.575],[100.611,13.571],[100.6075,13.5705],[100.6075,13.572],[100.6065,13.572],[100.6065,13.574],[100.6055,13.574],[100.6055,13.5775]],[[100.611,13.5765],[100.611,13.5755],[100.612,13.5755],[100.612,13.5765],[100.611,13.5765]]],[[[100.6035,13.667],[100.6035,13.668],[100.6045,13.668],[100.6045,13.667],[100.6035,13.667]]],[[[100.6035,13.675],[100.6025,13.677],[100.6035,13.677],[100.6035,13.6805],[100.6045,13.6805],[100.6045,13.6825],[100.6035,13.6825],[100.6035,13.6835],[100.6065,13.6835],[100.6065,13.685],[100.6045,13.685],[100.6045,13.686],[100.6035,13.686],[100.6035,13.684],[100.6025,13.684],[100.6035,13.6895],[100.6055,13.689],[100.6055,13.688],[100.609,13.688],[100.6085,13.686],[100.6075,13.686],[100.6075,13.6825],[100.6085,13.6825],[100.609,13.6835],[100.609,13.6795],[100.612,13.6795],[100.612,13.6805],[100.6175,13.6805],[100.6185,13.6785],[100.6195,13.6785],[100.6185,13.678],[100.6185,13.677],[100.6175,13.677],[100.6175,13.678],[100.6155,13.678],[100.6155,13.677],[100.6145,13.677],[100.613,13.674],[100.611,13.674],[100.611,13.675],[100.608,13.675],[100.608,13.676],[100.6075,13.6745],[100.6055,13.6745],[100.6055,13.676],[100.6035,13.675]],[[100.6065,13.6795],[100.6065,13.6805],[100.6055,13.6805],[100.6055,13.6795],[100.6065,13.6795]],[[100.609,13.678],[100.611,13.678],[100.611,13.679],[100.609,13.679],[100.609,13.678]]],[[[100.603,13.6915],[100.6035,13.6915],[100.6035,13.6905],[100.603,13.6905],[100.603,13.6915]]],[[[100.6055,13.695],[100.6055,13.694],[100.6045,13.694],[100.6045,13.695],[100.6055,13.695]]],[[[100.6075,13.6995],[100.6065,13.7015],[100.6085,13.7015],[100.6085,13.7025],[100.6095,13.7025],[100.6095,13.704],[100.6105,13.704],[100.61,13.703],[100.613,13.7025],[100.613,13.7015],[100.614,13.7015],[100.614,13.7005],[100.611,13.7005],[100.611,13.6995],[100.615,13.6995],[100.615,13.6985],[100.613,13.6985],[100.613,13.697],[100.6085,13.697],[100.6085,13.696],[100.6075,13.696],[100.6075,13.697],[100.6065,13.697],[100.6065,13.6995],[100.6075,13.6995]],[[100.61,13.6985],[100.61,13.6995],[100.6095,13.6995],[100.6095,13.6985],[100.61,13.6985]]],[[[100.607,13.7495],[100.607,13.75],[100.6085,13.75],[100.6085,13.7495],[100.607,13.7495]]],[[[100.604,13.872],[100.604,13.873],[100.605,13.873],[100.605,13.877],[100.606,13.877],[100.606,13.875],[100.607,13.875],[100.6075,13.876],[100.6075,13.874],[100.6095,13.874],[100.6095,13.873],[100.6115,13.872],[100.6115,13.8705],[100.6125,13.8705],[100.6125,13.8695],[100.6105,13.8695],[100.6105,13.8685],[100.6095,13.8685],[100.6095,13.867],[100.6085,13.867],[100.607,13.8675],[100.607,13.8685],[100.605,13.8685],[100.605,13.872],[100.604,13.872]],[[100.6075,13.872],[100.6075,13.8715],[100.6095,13.8715],[100.6095,13.872],[100.6075,13.872]],[[100.6075,13.873],[100.607,13.873],[100.607,13.872],[100.6075,13.872],[100.6075,13.873]],[[100.607,13.8695],[100.6075,13.8695],[100.6075,13.8705],[100.607,13.8705],[100.607,13.8695]]],[[[100.606,13.882],[100.607,13.882],[100.607,13.8815],[100.606,13.8815],[100.606,13.882]]],[[[100.606,13.8885],[100.609,13.8885],[100.609,13.892],[100.6095,13.893],[100.6105,13.893],[100.6105,13.895],[100.6095,13.895],[100.6105,13.901],[100.6115,13.901],[100.6115,13.9],[100.6135,13.9],[100.6135,13.8985],[100.6125,13.8985],[100.6125,13.8975],[100.6145,13.8975],[100.6145,13.895],[100.6135,13.895],[100.6135,13.893],[100.6125,13.893],[100.6125,13.892],[100.6105,13.892],[100.6105,13.891],[100.6125,13.8905],[100.6125,13.8885],[100.6135,13.8885],[100.6135,13.8875],[100.6115,13.8875],[100.6115,13.8865],[100.6095,13.8875],[100.6095,13.8865],[100.6085,13.8865],[100.6085,13.882],[100.607,13.882],[100.607,13.883],[100.608,13.883],[100.608,13.886],[100.607,13.886],[100.607,13.8875],[100.606,13.8875],[100.606,13.8885]],[[100.6095,13.891],[100.6095,13.8905],[100.6105,13.8905],[100.6105,13.891],[100.6095,13.891]]],[[[100.606,13.8955],[100.605,13.8955],[100.605,13.8975],[100.607,13.8985],[100.608,13.8965],[100.606,13.8965],[100.606,13.8955]]],[[[100.608,13.8985],[100.609,13.8985],[100.609,13.8975],[100.608,13.8975],[100.608,13.8985]]],[[[100.606,13.959],[100.6055,13.961],[100.6065,13.961],[100.606,13.959]]],[[[100.6095,13.968],[100.61,13.966],[100.6075,13.966],[100.6075,13.967],[100.6055,13.967],[100.605,13.9655],[100.6045,13.969],[100.6055,13.969],[100.6055,13.968],[100.6095,13.968]]],[[[100.6085,13.5675],[100.6085,13.5665],[100.6075,13.5665],[100.6075,13.5675],[100.6085,13.5675]]],[[[100.6075,13.584],[100.6075,13.5855],[100.6085,13.5855],[100.6085,13.584],[100.6075,13.584]]],[[[100.611,13.6625],[100.612,13.6625],[100.612,13.6615],[100.611,13.6615],[100.611,13.6625]]],[[[100.608,13.6715],[100.608,13.6705],[100.6075,13.6705],[100.6075,13.6715],[100.608,13.6715]]],[[[100.61,13.6735],[100.61,13.6725],[100.609,13.6725],[100.609,13.6735],[100.61,13.6735]]],[[[100.611,13.6895],[100.612,13.6895],[100.612,13.6915],[100.61,13.6915],[100.61,13.6925],[100.6075,13.6925],[100.6085,13.693],[100.6085,13.694],[100.611,13.694],[100.611,13.695],[100.614,13.695],[100.614,13.694],[100.615,13.694],[100.6155,13.6925],[100.6175,13.6925],[100.6175,13.6905],[100.6155,13.6905],[100.6155,13.688],[100.614,13.688],[100.614,13.687],[100.615,13.687],[100.615,13.685],[100.613,13.686],[100.613,13.688],[100.611,13.688],[100.611,13.6895]]],[[[100.6095,13.696],[100.611,13.696],[100.611,13.695],[100.6095,13.695],[100.6095,13.696]]],[[[100.6075,13.741],[100.6075,13.742],[100.6105,13.742],[100.6105,13.741],[100.6075,13.741]]],[[[100.614,13.8705],[100.614,13.8685],[100.618,13.8685],[100.618,13.8705],[100.6235,13.871],[100.6235,13.8675],[100.6245,13.8675],[100.6245,13.866],[100.6255,13.8675],[100.626,13.8665],[100.628,13.8665],[100.628,13.865],[100.63,13.865],[100.63,13.864],[100.631,13.864],[100.63,13.862],[100.6335,13.862],[100.6335,13.861],[100.6315,13.861],[100.6325,13.8605],[100.6325,13.8595],[100.6335,13.8595],[100.6335,13.8585],[100.6345,13.8585],[100.6345,13.8595],[100.637,13.8595],[100.637,13.8575],[100.638,13.8575],[100.638,13.8565],[100.637,13.856],[100.639,13.8555],[100.639,13.8565],[100.641,13.8565],[100.641,13.8555],[100.642,13.8555],[100.642,13.854],[100.64,13.854],[100.64,13.855],[100.638,13.855],[100.638,13.854],[100.637,13.854],[100.6365,13.856],[100.6345,13.855],[100.6325,13.8585],[100.631,13.8585],[100.63,13.8575],[100.63,13.8605],[100.628,13.861],[100.628,13.862],[100.626,13.862],[100.626,13.861],[100.625,13.8615],[100.6245,13.865],[100.6205,13.865],[100.6215,13.863],[100.6195,13.863],[100.6195,13.862],[100.6185,13.862],[100.619,13.864],[100.615,13.863],[100.614,13.865],[100.6125,13.865],[100.6125,13.867],[100.6115,13.867],[100.613,13.8675],[100.613,13.8705],[100.614,13.8705]],[[100.631,13.8605],[100.631,13.861],[100.63,13.861],[100.63,13.8605],[100.631,13.8605]],[[100.618,13.8665],[100.617,13.8665],[100.617,13.866],[100.618,13.866],[100.618,13.8665]]],[[[100.61,13.9085],[100.61,13.91],[100.611,13.91],[100.6115,13.912],[100.6125,13.912],[100.6125,13.914],[100.6165,13.9145],[100.617,13.9135],[100.618,13.9145],[100.6175,13.9175],[100.62,13.918],[100.621,13.9175],[100.621,13.9155],[100.622,13.9155],[100.622,13.9145],[100.6235,13.9145],[100.623,13.9135],[100.6235,13.91],[100.6245,13.91],[100.6245,13.9085],[100.6255,13.9085],[100.6255,13.9075],[100.6235,13.9075],[100.6235,13.9065],[100.622,13.9065],[100.622,13.9055],[100.623,13.9055],[100.6225,13.9045],[100.621,13.9045],[100.621,13.9055],[100.62,13.9055],[100.62,13.9045],[100.617,13.9045],[100.616,13.903],[100.6155,13.904],[100.6145,13.904],[100.6145,13.903],[100.6135,13.903],[100.6135,13.902],[100.6115,13.901],[100.6115,13.9055],[100.6125,13.9055],[100.6125,13.9065],[100.6105,13.9065],[100.61,13.9085]],[[100.6125,13.911],[100.6135,13.911],[100.6135,13.912],[100.6125,13.912],[100.6125,13.911]],[[100.619,13.9155],[100.619,13.9165],[100.618,13.9165],[100.618,13.9155],[100.619,13.9155]],[[100.623,13.91],[100.623,13.909],[100.6235,13.909],[100.6235,13.91],[100.623,13.91]],[[100.6165,13.9075],[100.617,13.9075],[100.617,13.9085],[100.6165,13.9085],[100.6165,13.9075]],[[100.618,13.9075],[100.618,13.9065],[100.619,13.9065],[100.619,13.9075],[100.618,13.9075]],[[100.617,13.9065],[100.617,13.9055],[100.618,13.9055],[100.618,13.9065],[100.617,13.9065]],[[100.621,13.9075],[100.622,13.9075],[100.622,13.9085],[100.621,13.9085],[100.621,13.9075]],[[100.622,13.912],[100.622,13.913],[100.621,13.913],[100.621,13.912],[100.622,13.912]]],[[[100.613,13.6825],[100.614,13.6825],[100.614,13.6815],[100.613,13.6815],[100.613,13.6825]]],[[[100.614,13.6825],[100.614,13.6835],[100.6145,13.6835],[100.6145,13.6825],[100.614,13.6825]]],[[[100.6155,13.684],[100.6155,13.6835],[100.6145,13.6835],[100.615,13.684],[100.6155,13.684]]],[[[100.62,13.78],[100.623,13.78],[100.623,13.781],[100.6235,13.78],[100.6255,13.78],[100.6255,13.781],[100.6265,13.781],[100.6265,13.7835],[100.6275,13.7835],[100.6275,13.7815],[100.6285,13.7815],[100.6285,13.7825],[100.6295,13.7825],[100.6295,13.7845],[100.631,13.7845],[100.631,13.7835],[100.632,13.7835],[100.632,13.78],[100.635,13.78],[100.6355,13.778],[100.6375,13.778],[100.6375,13.777],[100.6365,13.777],[100.6365,13.776],[100.6355,13.7755],[100.6365,13.7755],[100.6365,13.7725],[100.6385,13.7735],[100.6385,13.77],[100.6355,13.77],[100.634,13.7665],[100.631,13.767],[100.631,13.768],[100.63,13.768],[100.63,13.7665],[100.6275,13.767],[100.6275,13.768],[100.6265,13.768],[100.6265,13.77],[100.6245,13.77],[100.6245,13.772],[100.6235,13.772],[100.6235,13.7735],[100.622,13.7735],[100.622,13.7755],[100.621,13.7755],[100.621,13.777],[100.622,13.777],[100.622,13.778],[100.621,13.778],[100.62,13.78]],[[100.633,13.7755],[100.633,13.776],[100.632,13.776],[100.632,13.7755],[100.633,13.7755]],[[100.6275,13.7725],[100.6285,13.7725],[100.6285,13.7735],[100.6275,13.7735],[100.6275,13.7725]],[[100.6285,13.771],[100.6275,13.771],[100.6275,13.77],[100.6285,13.77],[100.6285,13.771]],[[100.6285,13.77],[100.6285,13.768],[100.629,13.768],[100.629,13.77],[100.6285,13.77]]],[[[100.618,13.857],[100.6225,13.8575],[100.6245,13.857],[100.624,13.856],[100.627,13.856],[100.627,13.855],[100.626,13.855],[100.626,13.854],[100.624,13.854],[100.6235,13.852],[100.6205,13.8515],[100.6195,13.8525],[100.6205,13.853],[100.6205,13.855],[100.6195,13.855],[100.6195,13.856],[100.618,13.856],[100.618,13.857]]],[[[100.6195,13.8605],[100.6185,13.8605],[100.6185,13.8615],[100.6195,13.8615],[100.6195,13.8605]]],[[[100.618,13.862],[100.6185,13.862],[100.6185,13.8615],[100.618,13.8615],[100.618,13.862]]],[[[100.623,13.9175],[100.623,13.9165],[100.622,13.9165],[100.622,13.9175],[100.623,13.9175]]],[[[100.623,13.919],[100.621,13.918],[100.62,13.92],[100.619,13.92],[100.619,13.922],[100.62,13.922],[100.62,13.923],[100.622,13.923],[100.62,13.9235],[100.619,13.9255],[100.62,13.9255],[100.62,13.9275],[100.621,13.9275],[100.621,13.93],[100.624,13.93],[100.624,13.931],[100.623,13.931],[100.623,13.932],[100.622,13.9325],[100.624,13.9325],[100.624,13.9335],[100.625,13.9335],[100.624,13.9355],[100.6255,13.9355],[100.6265,13.9335],[100.6305,13.9325],[100.6305,13.9315],[100.6295,13.931],[100.631,13.931],[100.6305,13.929],[100.632,13.929],[100.632,13.927],[100.633,13.9265],[100.631,13.9255],[100.631,13.9245],[100.6295,13.9245],[100.6295,13.9235],[100.6305,13.9235],[100.631,13.9225],[100.631,13.92],[100.6275,13.92],[100.6275,13.921],[100.6265,13.921],[100.6255,13.919],[100.6265,13.919],[100.6265,13.918],[100.6275,13.9175],[100.623,13.9175],[100.623,13.919]],[[100.624,13.919],[100.624,13.92],[100.623,13.92],[100.623,13.919],[100.624,13.919]],[[100.62,13.921],[100.621,13.921],[100.621,13.922],[100.62,13.922],[100.62,13.921]],[[100.6245,13.9235],[100.623,13.9235],[100.623,13.9225],[100.6245,13.9225],[100.6245,13.9235]],[[100.622,13.9275],[100.623,13.9275],[100.623,13.928],[100.622,13.928],[100.622,13.9275]],[[100.6255,13.9225],[100.6255,13.922],[100.6265,13.922],[100.6265,13.9225],[100.6255,13.9225]],[[100.6255,13.93],[100.6255,13.932],[100.625,13.932],[100.625,13.93],[100.6255,13.93]],[[100.6275,13.93],[100.6265,13.93],[100.6265,13.929],[100.6275,13.929],[100.6275,13.93]]],[[[100.627,13.852],[100.626,13.852],[100.626,13.853],[100.629,13.853],[100.629,13.8515],[100.6305,13.8515],[100.6315,13.8495],[100.63,13.8495],[100.63,13.8505],[100.627,13.8505],[100.627,13.852]]],[[[100.6335,13.853],[100.6365,13.853],[100.636,13.852],[100.637,13.852],[100.637,13.851],[100.6345,13.8515],[100.6345,13.8505],[100.6325,13.8505],[100.6325,13.8515],[100.6305,13.8515],[100.6335,13.852],[100.6335,13.853]]],[[[100.627,13.8575],[100.627,13.8565],[100.626,13.8565],[100.626,13.8575],[100.627,13.8575]]],[[[100.6245,13.9135],[100.6245,13.913],[100.6235,13.913],[100.6235,13.9135],[100.6245,13.9135]]],[[[100.6265,13.92],[100.6275,13.92],[100.6275,13.919],[100.6265,13.919],[100.6265,13.92]]],[[[100.632,13.92],[100.632,13.919],[100.631,13.919],[100.631,13.92],[100.632,13.92]]],[[[100.632,13.93],[100.633,13.93],[100.633,13.929],[100.632,13.929],[100.632,13.93]]],[[[100.641,13.7355],[100.639,13.7355],[100.639,13.7345],[100.638,13.7345],[100.638,13.7355],[100.6365,13.7355],[100.6365,13.7365],[100.6375,13.7365],[100.6375,13.739],[100.639,13.739],[100.639,13.74],[100.638,13.74],[100.639,13.742],[100.64,13.742],[100.64,13.741],[100.642,13.74],[100.642,13.7425],[100.643,13.7425],[100.643,13.7455],[100.644,13.7455],[100.6445,13.7425],[100.6475,13.7425],[100.6475,13.7465],[100.6485,13.7465],[100.6495,13.7425],[100.6465,13.742],[100.6465,13.741],[100.6475,13.741],[100.6475,13.74],[100.652,13.74],[100.652,13.739],[100.655,13.739],[100.655,13.738],[100.654,13.738],[100.654,13.7365],[100.655,13.7365],[100.655,13.7355],[100.653,13.7355],[100.653,13.7365],[100.652,13.7365],[100.652,13.738],[100.6455,13.7375],[100.6455,13.7365],[100.6475,13.7365],[100.6475,13.7345],[100.6465,13.7345],[100.6465,13.7335],[100.642,13.733],[100.642,13.731],[100.64,13.732],[100.64,13.7345],[100.641,13.7345],[100.641,13.7355]],[[100.6445,13.7355],[100.6445,13.7365],[100.644,13.7365],[100.644,13.7355],[100.6445,13.7355]],[[100.644,13.74],[100.644,13.741],[100.643,13.741],[100.643,13.74],[100.644,13.74]],[[100.644,13.739],[100.6445,13.739],[100.6445,13.74],[100.644,13.74],[100.644,13.739]],[[100.6465,13.74],[100.6455,13.74],[100.6455,13.739],[100.6465,13.739],[100.6465,13.74]]],[[[100.6475,13.7335],[100.6475,13.733],[100.6465,13.733],[100.6465,13.7335],[100.6475,13.7335]]],[[[100.6455,13.842],[100.6455,13.843],[100.6465,13.843],[100.6475,13.845],[100.651,13.845],[100.651,13.841],[100.652,13.841],[100.652,13.8395],[100.649,13.8395],[100.649,13.8385],[100.648,13.8385],[100.6475,13.8405],[100.6445,13.841],[100.6445,13.842],[100.6455,13.842]],[[100.6475,13.841],[100.6475,13.842],[100.6465,13.842],[100.6465,13.841],[100.6475,13.841]]],[[[100.6445,13.841],[100.6445,13.8405],[100.6435,13.8405],[100.6435,13.841],[100.6445,13.841]]],[[[100.6445,13.845],[100.6445,13.842],[100.6435,13.842],[100.6435,13.841],[100.641,13.8415],[100.6425,13.842],[100.6425,13.844],[100.6445,13.845]]],[[[100.642,13.845],[100.6425,13.844],[100.6415,13.844],[100.642,13.845]]],[[[100.642,13.8475],[100.6425,13.8475],[100.6425,13.8465],[100.642,13.8465],[100.642,13.8475]]],[[[100.6355,13.8505],[100.639,13.851],[100.639,13.853],[100.6465,13.853],[100.6465,13.854],[100.6485,13.853],[100.6485,13.854],[100.65,13.854],[100.65,13.853],[100.652,13.853],[100.652,13.851],[100.654,13.851],[100.654,13.85],[100.6555,13.8495],[100.6555,13.8485],[100.6595,13.8475],[100.6595,13.8465],[100.6585,13.8465],[100.6585,13.8455],[100.6595,13.8455],[100.6595,13.844],[100.6565,13.844],[100.6565,13.845],[100.6555,13.845],[100.6555,13.8465],[100.6545,13.8465],[100.6545,13.8455],[100.654,13.8465],[100.653,13.8465],[100.653,13.8455],[100.651,13.8455],[100.65,13.8475],[100.652,13.8485],[100.652,13.8495],[100.649,13.8495],[100.649,13.851],[100.6485,13.8495],[100.6455,13.851],[100.641,13.8505],[100.641,13.8495],[100.642,13.8495],[100.642,13.8475],[100.641,13.8475],[100.641,13.8465],[100.639,13.8465],[100.639,13.8485],[100.636,13.8485],[100.6355,13.8505]],[[100.639,13.851],[100.639,13.8495],[100.64,13.8495],[100.64,13.851],[100.639,13.851]],[[100.641,13.8485],[100.64,13.8485],[100.64,13.8475],[100.641,13.8475],[100.641,13.8485]]],[[[100.645,13.9315],[100.646,13.9335],[100.6505,13.9335],[100.6505,13.9345],[100.6515,13.9345],[100.6515,13.9335],[100.6555,13.9335],[100.656,13.9325],[100.656,13.9315],[100.6535,13.9315],[100.6535,13.9305],[100.6515,13.9305],[100.6515,13.9315],[100.648,13.9315],[100.648,13.9305],[100.647,13.9305],[100.647,13.9315],[100.645,13.9315]]],[[[100.637,13.9315],[100.637,13.9325],[100.6395,13.9325],[100.6395,13.9315],[100.637,13.9315]]],[[[100.6415,13.937],[100.6415,13.94],[100.6425,13.94],[100.644,13.937],[100.644,13.936],[100.6425,13.9355],[100.645,13.935],[100.645,13.9325],[100.6425,13.9325],[100.6425,13.9335],[100.6415,13.9335],[100.6415,13.9355],[100.6405,13.9355],[100.6405,13.937],[100.6415,13.937]]],[[[100.6935,13.7325],[100.688,13.7325],[100.688,13.7335],[100.6855,13.7335],[100.6855,13.7345],[100.68,13.735],[100.687,13.735],[100.687,13.739],[100.688,13.739],[100.688,13.737],[100.69,13.737],[100.69,13.738],[100.692,13.738],[100.692,13.737],[100.6935,13.737],[100.6935,13.738],[100.6945,13.738],[100.6945,13.737],[100.6965,13.736],[100.6965,13.735],[100.6975,13.735],[100.6975,13.734],[100.7,13.7335],[100.7,13.7325],[100.699,13.7325],[100.699,13.7305],[100.6985,13.7325],[100.6955,13.7325],[100.6945,13.7305],[100.6925,13.7295],[100.6925,13.7315],[100.6935,13.7315],[100.6935,13.7325]],[[100.6945,13.736],[100.6935,13.736],[100.6935,13.735],[100.6945,13.735],[100.6945,13.736]]],[[[100.6505,13.7425],[100.651,13.7425],[100.651,13.742],[100.6505,13.742],[100.6505,13.7425]]],[[[100.686,13.8155],[100.686,13.8195],[100.687,13.8195],[100.687,13.8155],[100.686,13.8155]]],[[[100.6785,13.822],[100.6785,13.823],[100.6795,13.823],[100.6795,13.822],[100.6785,13.822]]],[[[100.675,13.8275],[100.675,13.8285],[100.674,13.8285],[100.674,13.8295],[100.675,13.8295],[100.675,13.832],[100.677,13.832],[100.6775,13.83],[100.6795,13.831],[100.6795,13.83],[100.6805,13.83],[100.6805,13.8285],[100.6815,13.8285],[100.6825,13.8265],[100.6805,13.8255],[100.6805,13.8275],[100.6795,13.8275],[100.6795,13.8265],[100.6775,13.8265],[100.6775,13.825],[100.6795,13.8245],[100.6785,13.824],[100.6785,13.823],[100.6775,13.823],[100.6775,13.824],[100.676,13.824],[100.676,13.825],[100.674,13.8255],[100.674,13.8275],[100.675,13.8275]]],[[[100.675,13.824],[100.676,13.824],[100.676,13.823],[100.675,13.823],[100.675,13.824]]],[[[100.6795,13.8255],[100.6805,13.8255],[100.6805,13.8245],[100.6795,13.8245],[100.6795,13.8255]]],[[[100.6675,13.833],[100.6675,13.834],[100.6655,13.834],[100.6655,13.835],[100.6675,13.835],[100.6665,13.8355],[100.6665,13.8365],[100.6675,13.8365],[100.6675,13.8395],[100.6695,13.8385],[100.6695,13.8395],[100.6715,13.8395],[100.6715,13.842],[100.6725,13.842],[100.672,13.839],[100.673,13.839],[100.673,13.8375],[100.675,13.8375],[100.675,13.8355],[100.673,13.8365],[100.673,13.834],[100.674,13.834],[100.674,13.832],[100.673,13.832],[100.673,13.8295],[100.671,13.8295],[100.6705,13.831],[100.6695,13.831],[100.6695,13.832],[100.6675,13.833]]],[[[100.6585,13.8375],[100.6565,13.8375],[100.6565,13.8395],[100.6575,13.8395],[100.6575,13.8405],[100.6595,13.84],[100.66,13.8385],[100.661,13.8385],[100.661,13.8355],[100.662,13.8355],[100.661,13.835],[100.661,13.833],[100.659,13.833],[100.6595,13.8355],[100.6575,13.8355],[100.6585,13.8375]]],[[[100.6655,13.835],[100.662,13.8355],[100.662,13.8365],[100.665,13.8365],[100.6655,13.835]]],[[[100.6665,13.8395],[100.6665,13.8385],[100.666,13.8385],[100.666,13.8395],[100.6665,13.8395]]],[[[100.66,13.842],[100.661,13.842],[100.661,13.844],[100.663,13.8445],[100.663,13.8455],[100.664,13.8455],[100.664,13.844],[100.6665,13.844],[100.6665,13.842],[100.666,13.841],[100.665,13.841],[100.665,13.84],[100.663,13.84],[100.663,13.841],[100.662,13.841],[100.662,13.84],[100.66,13.84],[100.66,13.842]]],[[[100.666,13.841],[100.6665,13.841],[100.6665,13.84],[100.666,13.84],[100.666,13.841]]],[[[100.652,13.842],[100.653,13.842],[100.653,13.841],[100.652,13.841],[100.652,13.842]]],[[[100.6565,13.844],[100.6565,13.843],[100.6555,13.843],[100.6555,13.844],[100.6565,13.844]]],[[[100.65,13.8465],[100.65,13.8455],[100.649,13.8455],[100.649,13.8465],[100.65,13.8465]]],[[[100.755,13.684],[100.7555,13.685],[100.7545,13.685],[100.7545,13.686],[100.7555,13.686],[100.756,13.687],[100.756,13.684],[100.755,13.684]]],[[[100.7425,13.687],[100.7425,13.6895],[100.7435,13.6895],[100.7435,13.687],[100.7425,13.687]]],[[[100.7505,13.693],[100.747,13.6925],[100.747,13.695],[100.748,13.695],[100.748,13.697],[100.747,13.6975],[100.748,13.6975],[100.748,13.6985],[100.75,13.6975],[100.75,13.6995],[100.7515,13.6995],[100.7515,13.6975],[100.7535,13.6975],[100.7535,13.6985],[100.7545,13.6985],[100.7545,13.697],[100.7555,13.697],[100.7555,13.696],[100.757,13.696],[100.757,13.695],[100.7555,13.694],[100.7555,13.6915],[100.7545,13.6915],[100.7545,13.6905],[100.756,13.6905],[100.756,13.6895],[100.7545,13.6895],[100.7545,13.687],[100.7535,13.687],[100.7535,13.6905],[100.7525,13.6905],[100.7525,13.6925],[100.7505,13.693]],[[100.75,13.694],[100.7525,13.694],[100.7525,13.695],[100.75,13.695],[100.75,13.694]],[[100.7525,13.693],[100.7535,13.693],[100.7535,13.694],[100.7525,13.694],[100.7525,13.693]]],[[[100.7495,13.6885],[100.7505,13.6885],[100.7505,13.688],[100.7495,13.688],[100.7495,13.6885]]],[[[100.757,13.6895],[100.757,13.6875],[100.756,13.6875],[100.756,13.6895],[100.757,13.6895]]],[[[100.749,13.6895],[100.75,13.6895],[100.7495,13.6885],[100.749,13.6895]]],[[[100.746,13.6905],[100.746,13.6885],[100.745,13.6885],[100.745,13.6905],[100.746,13.6905]]],[[[100.744,13.6915],[100.744,13.6905],[100.7435,13.6905],[100.7435,13.6915],[100.744,13.6915]]],[[[100.749,13.6925],[100.75,13.6925],[100.75,13.6915],[100.749,13.6915],[100.749,13.6925]]],[[[100.747,13.6925],[100.747,13.6915],[100.746,13.6915],[100.746,13.6925],[100.747,13.6925]]],[[[100.7415,13.7265],[100.7455,13.7265],[100.7455,13.7285],[100.7415,13.7285],[100.7415,13.7275],[100.739,13.7275],[100.738,13.7295],[100.7465,13.7295],[100.7465,13.7285],[100.7535,13.7295],[100.7535,13.7275],[100.7555,13.7265],[100.7555,13.7255],[100.7535,13.725],[100.7535,13.724],[100.752,13.724],[100.752,13.725],[100.751,13.725],[100.751,13.724],[100.7465,13.724],[100.7465,13.726],[100.7415,13.7265]]],[[[100.7555,13.73],[100.7585,13.73],[100.7585,13.7285],[100.7545,13.7285],[100.7545,13.7295],[100.7555,13.73]]],[[[100.7165,13.81],[100.7165,13.812],[100.719,13.8125],[100.719,13.8135],[100.72,13.8135],[100.72,13.8155],[100.721,13.8155],[100.721,13.8165],[100.722,13.8165],[100.722,13.8145],[100.723,13.8145],[100.723,13.817],[100.7265,13.817],[100.7265,13.8155],[100.7275,13.8155],[100.7275,13.8165],[100.7295,13.8155],[100.7295,13.819],[100.7305,13.819],[100.7305,13.8145],[100.732,13.8145],[100.732,13.8155],[100.733,13.816],[100.736,13.8155],[100.736,13.8145],[100.735,13.8145],[100.734,13.8125],[100.732,13.8125],[100.732,13.8115],[100.7305,13.811],[100.731,13.808],[100.7285,13.808],[100.7285,13.81],[100.7275,13.81],[100.7275,13.809],[100.7255,13.809],[100.7255,13.808],[100.724,13.8075],[100.722,13.808],[100.722,13.809],[100.72,13.809],[100.72,13.81],[100.7165,13.81]],[[100.721,13.8145],[100.721,13.8135],[100.722,13.8135],[100.722,13.8145],[100.721,13.8145]],[[100.722,13.812],[100.722,13.811],[100.723,13.811],[100.723,13.812],[100.722,13.812]],[[100.724,13.809],[100.724,13.81],[100.723,13.81],[100.723,13.809],[100.724,13.809]]],[[[100.7275,13.807],[100.7275,13.808],[100.7285,13.808],[100.7285,13.807],[100.7275,13.807]]],[[[100.7015,13.8165],[100.7035,13.8165],[100.7035,13.8145],[100.7045,13.8145],[100.7045,13.813],[100.7,13.813],[100.7,13.814],[100.7015,13.8145],[100.7015,13.8165]]]]}},{"type":"Feature","properties":{"class":"2","n":2,"threshold_min":15,"speed_kmh":4.0},"geometry":{"type":"MultiPolygon","coordinates":[[[[100.4115,13.71],[100.4115,13.7115],[100.4135,13.7125],[100.4135,13.7135],[100.4145,13.7135],[100.4145,13.7145],[100.416,13.715],[100.416,13.716],[100.417,13.716],[100.417,13.7145],[100.418,13.7145],[100.419,13.7125],[100.421,13.7125],[100.42,13.7105],[100.417,13.71],[100.417,13.707],[100.416,13.707],[100.416,13.71],[100.415,13.71],[100.415,13.708],[100.4145,13.71],[100.4115,13.71]],[[100.417,13.7135],[100.417,13.7125],[100.418,13.7125],[100.418,13.7135],[100.417,13.7135]]],[[[100.4245,13.7125],[100.4255,13.7125],[100.4255,13.7135],[100.4275,13.7135],[100.428,13.716],[100.429,13.716],[100.43,13.714],[100.432,13.715],[100.432,13.7135],[100.4335,13.7135],[100.4335,13.7125],[100.432,13.7125],[100.432,13.7115],[100.43,13.7115],[100.43,13.7105],[100.431,13.7105],[100.431,13.7095],[100.43,13.709],[100.429,13.709],[100.429,13.7105],[100.4265,13.7105],[100.4265,13.7115],[100.4245,13.7115],[100.4245,13.7125]]],[[[100.4345,13.7135],[100.4375,13.714],[100.4375,13.717],[100.44,13.717],[100.44,13.716],[100.445,13.716],[100.445,13.715],[100.443,13.714],[100.443,13.713],[100.441,13.7135],[100.442,13.7115],[100.441,13.7115],[100.441,13.7105],[100.4395,13.7105],[100.439,13.7095],[100.4385,13.7115],[100.4365,13.7115],[100.4365,13.7125],[100.4345,13.7125],[100.4345,13.7135]]],[[[100.4495,13.715],[100.4505,13.715],[100.4505,13.714],[100.4495,13.714],[100.4495,13.715]]],[[[100.4485,13.717],[100.4485,13.7195],[100.4495,13.7195],[100.4505,13.7215],[100.453,13.7215],[100.454,13.7195],[100.455,13.7195],[100.455,13.7205],[100.457,13.7215],[100.456,13.722],[100.456,13.723],[100.457,13.723],[100.457,13.726],[100.459,13.725],[100.4595,13.7275],[100.4615,13.7275],[100.4615,13.726],[100.4645,13.726],[100.4645,13.724],[100.465,13.723],[100.466,13.723],[100.466,13.721],[100.465,13.721],[100.465,13.7195],[100.4635,13.7195],[100.4635,13.7185],[100.4615,13.7185],[100.4615,13.7195],[100.4595,13.7195],[100.4595,13.7185],[100.458,13.7185],[100.458,13.7195],[100.456,13.7195],[100.455,13.7175],[100.4515,13.717],[100.452,13.715],[100.4505,13.715],[100.4505,13.716],[100.4495,13.716],[100.4495,13.715],[100.4475,13.715],[100.4475,13.716],[100.4465,13.716],[100.4465,13.717],[100.4485,13.717]],[[100.4605,13.7205],[100.4615,13.7205],[100.4615,13.7215],[100.4605,13.7215],[100.4605,13.7205]]],[[[100.4235,13.875],[100.4245,13.875],[100.4245,13.876],[100.4265,13.876],[100.4265,13.877],[100.4275,13.877],[100.4275,13.876],[100.43,13.876],[100.43,13.875],[100.429,13.875],[100.429,13.8735],[100.428,13.874],[100.4255,13.8735],[100.4255,13.8745],[100.4235,13.875]]],[[[100.4135,13.875],[100.4145,13.8745],[100.4115,13.8745],[100.4115,13.8735],[100.409,13.8735],[100.409,13.8745],[100.4105,13.8745],[100.4105,13.876],[100.4135,13.876],[100.4135,13.875]]],[[[100.4405,13.878],[100.442,13.8785],[100.442,13.877],[100.444,13.877],[100.444,13.876],[100.441,13.876],[100.4405,13.874],[100.4395,13.8735],[100.4375,13.874],[100.4375,13.875],[100.4385,13.875],[100.4385,13.877],[100.4405,13.877],[100.4405,13.878]]],[[[100.4375,13.875],[100.4345,13.875],[100.4345,13.876],[100.4375,13.876],[100.4375,13.875]]],[[[100.446,13.878],[100.4485,13.8775],[100.4485,13.8785],[100.4495,13.8785],[100.4495,13.8805],[100.4505,13.8805],[100.4505,13.8785],[100.4515,13.8785],[100.4515,13.8775],[100.453,13.877],[100.453,13.876],[100.4505,13.876],[100.4505,13.877],[100.446,13.877],[100.446,13.878]]],[[[100.405,13.889],[100.406,13.889],[100.406,13.8905],[100.409,13.8905],[100.409,13.889],[100.4105,13.889],[100.4115,13.885],[100.41,13.885],[100.4105,13.8845],[100.41,13.8825],[100.408,13.8825],[100.408,13.8845],[100.407,13.8845],[100.407,13.886],[100.405,13.886],[100.405,13.889]]],[[[100.467,13.714],[100.469,13.714],[100.469,13.715],[100.4705,13.715],[100.4705,13.716],[100.4715,13.7165],[100.4735,13.716],[100.4735,13.715],[100.4745,13.715],[100.4745,13.716],[100.4755,13.7165],[100.478,13.716],[100.479,13.7165],[100.479,13.7195],[100.48,13.7195],[100.48,13.7175],[100.481,13.7175],[100.481,13.7185],[100.483,13.7185],[100.483,13.7175],[100.482,13.7175],[100.482,13.7155],[100.48,13.715],[100.479,13.716],[100.479,13.715],[100.478,13.715],[100.478,13.713],[100.477,13.713],[100.478,13.711],[100.476,13.711],[100.476,13.7095],[100.4755,13.7085],[100.4745,13.7085],[100.4745,13.7075],[100.4725,13.7075],[100.4725,13.7095],[100.4715,13.7095],[100.4715,13.7105],[100.4705,13.7105],[100.47,13.7085],[100.469,13.7085],[100.469,13.7105],[100.468,13.7105],[100.468,13.712],[100.469,13.712],[100.469,13.713],[100.467,13.713],[100.467,13.714]]],[[[100.466,13.7185],[100.466,13.7205],[100.468,13.7205],[100.468,13.7195],[100.466,13.7185]]],[[[100.468,13.726],[100.468,13.724],[100.466,13.724],[100.467,13.726],[100.4645,13.7265],[100.466,13.7265],[100.466,13.7275],[100.468,13.7285],[100.468,13.7305],[100.471,13.731],[100.471,13.732],[100.469,13.732],[100.469,13.734],[100.468,13.734],[100.468,13.735],[100.469,13.7355],[100.468,13.7355],[100.468,13.7365],[100.469,13.7365],[100.469,13.7385],[100.47,13.7385],[100.47,13.7395],[100.472,13.7395],[100.4735,13.7365],[100.4755,13.7375],[100.4755,13.734],[100.4745,13.734],[100.4745,13.732],[100.4735,13.732],[100.4735,13.73],[100.4745,13.73],[100.4745,13.7285],[100.4735,13.7285],[100.4735,13.7275],[100.4715,13.7275],[100.4715,13.7255],[100.4725,13.725],[100.4715,13.725],[100.4715,13.723],[100.471,13.724],[100.47,13.724],[100.47,13.721],[100.468,13.722],[100.468,13.723],[100.469,13.723],[100.469,13.726],[100.468,13.726]],[[100.4725,13.73],[100.4725,13.7295],[100.4735,13.7295],[100.4735,13.73],[100.4725,13.73]],[[100.4725,13.731],[100.4715,13.7305],[100.4725,13.73],[100.4725,13.731]],[[100.47,13.726],[100.47,13.7265],[100.469,13.7265],[100.469,13.726],[100.47,13.726]],[[100.469,13.7275],[100.468,13.7275],[100.468,13.7265],[100.469,13.7265],[100.469,13.7275]]],[[[100.459,13.7265],[100.457,13.7265],[100.457,13.7275],[100.459,13.7275],[100.459,13.7265]]],[[[100.471,13.7485],[100.472,13.7485],[100.472,13.7475],[100.471,13.7475],[100.471,13.7455],[100.47,13.7455],[100.47,13.7475],[100.468,13.7475],[100.468,13.7495],[100.469,13.749],[100.469,13.75],[100.47,13.75],[100.47,13.749],[100.471,13.7485]]],[[[100.469,13.7585],[100.4655,13.7585],[100.4655,13.761],[100.4665,13.761],[100.4665,13.762],[100.468,13.762],[100.468,13.7635],[100.473,13.763],[100.473,13.761],[100.472,13.761],[100.473,13.759],[100.471,13.7585],[100.472,13.7565],[100.47,13.7565],[100.47,13.7545],[100.468,13.7545],[100.468,13.7565],[100.4665,13.7565],[100.4665,13.7575],[100.469,13.7575],[100.469,13.7585]]],[[[100.457,13.875],[100.459,13.875],[100.4595,13.876],[100.4595,13.875],[100.4605,13.875],[100.4605,13.873],[100.4625,13.874],[100.4625,13.873],[100.4635,13.873],[100.4635,13.872],[100.4645,13.8715],[100.4625,13.8715],[100.4625,13.8695],[100.4615,13.8695],[100.4615,13.8715],[100.459,13.8715],[100.457,13.875]],[[100.4595,13.872],[100.4595,13.873],[100.459,13.873],[100.459,13.872],[100.4595,13.872]]],[[[100.471,13.8705],[100.4755,13.8705],[100.4755,13.8695],[100.4735,13.8685],[100.4735,13.8695],[100.471,13.8695],[100.471,13.8705]]],[[[100.453,13.876],[100.454,13.876],[100.454,13.875],[100.453,13.875],[100.453,13.876]]],[[[100.4845,13.72],[100.4875,13.72],[100.4865,13.722],[100.4885,13.722],[100.4885,13.7245],[100.492,13.7245],[100.492,13.7255],[100.493,13.7255],[100.493,13.7245],[100.495,13.724],[100.4965,13.7245],[100.4965,13.7255],[100.4985,13.7255],[100.4985,13.7275],[100.4975,13.7275],[100.4975,13.7285],[100.5005,13.7285],[100.4995,13.7265],[100.5005,13.7265],[100.5005,13.7255],[100.502,13.7255],[100.503,13.7235],[100.507,13.7245],[100.507,13.7255],[100.504,13.7255],[100.504,13.7265],[100.502,13.7265],[100.502,13.729],[100.503,13.729],[100.5025,13.733],[100.507,13.7335],[100.507,13.7325],[100.508,13.7325],[100.508,13.7335],[100.509,13.7335],[100.5085,13.7325],[100.5105,13.732],[100.5085,13.732],[100.5085,13.731],[100.5115,13.731],[100.5115,13.729],[100.5125,13.729],[100.5125,13.7255],[100.5115,13.7255],[100.5115,13.7245],[100.5105,13.7245],[100.5095,13.7265],[100.5085,13.7265],[100.508,13.7235],[100.503,13.723],[100.503,13.722],[100.504,13.722],[100.504,13.721],[100.506,13.721],[100.506,13.72],[100.504,13.72],[100.504,13.719],[100.505,13.7185],[100.501,13.7175],[100.5005,13.7155],[100.4975,13.7155],[100.4975,13.7145],[100.4955,13.7145],[100.495,13.7185],[100.493,13.7185],[100.493,13.7175],[100.491,13.7175],[100.491,13.7155],[100.492,13.715],[100.489,13.715],[100.4885,13.714],[100.4885,13.7155],[100.4875,13.7155],[100.4875,13.7175],[100.4855,13.7175],[100.4855,13.7185],[100.4845,13.7185],[100.4845,13.72]],[[100.489,13.7155],[100.489,13.7165],[100.4885,13.7165],[100.4885,13.7155],[100.489,13.7155]],[[100.4975,13.719],[100.4985,13.719],[100.4985,13.72],[100.4975,13.72],[100.4975,13.719]],[[100.4955,13.7195],[100.4965,13.72],[100.4965,13.721],[100.4955,13.721],[100.4955,13.722],[100.494,13.722],[100.494,13.723],[100.493,13.723],[100.492,13.721],[100.491,13.721],[100.491,13.72],[100.492,13.7195],[100.4955,13.7195]],[[100.508,13.7265],[100.508,13.7275],[100.507,13.7275],[100.507,13.7265],[100.508,13.7265]]],[[[100.478,13.7185],[100.478,13.7165],[100.477,13.7165],[100.477,13.7185],[100.478,13.7185]]],[[[100.4715,13.7185],[100.4715,13.7205],[100.4735,13.7205],[100.4735,13.7185],[100.4715,13.7185]]],[[[100.477,13.722],[100.478,13.722],[100.478,13.721],[100.477,13.721],[100.478,13.7205],[100.478,13.7195],[100.4765,13.7195],[100.4765,13.721],[100.4755,13.721],[100.4765,13.723],[100.477,13.722]]],[[[100.478,13.7205],[100.478,13.721],[100.479,13.721],[100.479,13.7205],[100.478,13.7205]]],[[[100.483,13.733],[100.483,13.73],[100.481,13.73],[100.481,13.733],[100.483,13.733]]],[[[100.482,13.7365],[100.482,13.7345],[100.479,13.734],[100.479,13.7365],[100.48,13.7365],[100.48,13.7375],[100.482,13.7365]]],[[[100.473,13.761],[100.474,13.761],[100.474,13.76],[100.473,13.76],[100.473,13.761]]],[[[100.4785,13.77],[100.4785,13.771],[100.4805,13.772],[100.4805,13.77],[100.4785,13.77]]],[[[100.485,13.777],[100.485,13.778],[100.486,13.778],[100.486,13.779],[100.485,13.779],[100.485,13.781],[100.484,13.781],[100.485,13.7815],[100.485,13.7835],[100.484,13.7835],[100.485,13.7855],[100.486,13.7855],[100.487,13.7835],[100.4895,13.7835],[100.4895,13.7845],[100.4905,13.7845],[100.4905,13.7835],[100.4915,13.7835],[100.4915,13.7845],[100.4935,13.7835],[100.4935,13.7815],[100.4905,13.781],[100.4905,13.78],[100.4935,13.78],[100.4935,13.779],[100.4885,13.779],[100.4885,13.778],[100.487,13.778],[100.487,13.777],[100.485,13.777]],[[100.4885,13.781],[100.4885,13.7815],[100.488,13.7815],[100.488,13.781],[100.4885,13.781]]],[[[100.4865,13.8705],[100.4895,13.8705],[100.49,13.8675],[100.4885,13.8675],[100.4875,13.8695],[100.4845,13.8695],[100.4845,13.8705],[100.4855,13.871],[100.4865,13.8705]]],[[[100.4765,13.8705],[100.4765,13.871],[100.477,13.871],[100.477,13.8705],[100.4765,13.8705]]],[[[100.494,13.7455],[100.492,13.7465],[100.492,13.7475],[100.493,13.7475],[100.493,13.75],[100.496,13.75],[100.495,13.752],[100.498,13.7525],[100.4985,13.751],[100.4995,13.751],[100.4995,13.75],[100.5015,13.749],[100.5015,13.7465],[100.5025,13.7465],[100.5025,13.7455],[100.5015,13.7455],[100.5015,13.7445],[100.5025,13.7445],[100.5025,13.74],[100.4985,13.739],[100.4985,13.74],[100.497,13.74],[100.497,13.742],[100.495,13.743],[100.495,13.7445],[100.494,13.7445],[100.494,13.7455]]],[[[100.499,13.79],[100.501,13.7895],[100.5015,13.788],[100.5025,13.788],[100.5025,13.787],[100.5015,13.787],[100.5015,13.786],[100.5,13.786],[100.5,13.785],[100.497,13.785],[100.497,13.787],[100.496,13.787],[100.496,13.788],[100.498,13.788],[100.499,13.79]]],[[[100.495,13.8655],[100.502,13.865],[100.502,13.863],[100.503,13.863],[100.503,13.862],[100.504,13.862],[100.505,13.864],[100.507,13.863],[100.507,13.864],[100.5105,13.8645],[100.5115,13.864],[100.5115,13.863],[100.5125,13.863],[100.5125,13.861],[100.515,13.861],[100.516,13.863],[100.518,13.863],[100.518,13.8645],[100.5205,13.8645],[100.5205,13.8655],[100.5225,13.8655],[100.5225,13.862],[100.5255,13.862],[100.526,13.86],[100.527,13.86],[100.527,13.859],[100.528,13.8585],[100.527,13.8585],[100.526,13.8565],[100.5235,13.8565],[100.5235,13.8555],[100.5215,13.8555],[100.5215,13.8545],[100.5195,13.8545],[100.5195,13.8555],[100.5205,13.8555],[100.5205,13.8575],[100.519,13.8575],[100.519,13.8585],[100.518,13.859],[100.516,13.8585],[100.515,13.86],[100.5135,13.8595],[100.5125,13.8575],[100.5115,13.8575],[100.5115,13.8565],[100.5105,13.8565],[100.5105,13.8585],[100.507,13.8585],[100.507,13.8595],[100.505,13.8585],[100.505,13.8595],[100.504,13.8595],[100.504,13.861],[100.502,13.861],[100.502,13.862],[100.501,13.862],[100.5005,13.86],[100.4995,13.8605],[100.4995,13.8595],[100.4985,13.8595],[100.4985,13.8605],[100.4955,13.861],[100.495,13.8655]],[[100.5215,13.8575],[100.5215,13.8585],[100.5205,13.8585],[100.5205,13.8575],[100.5215,13.8575]],[[100.5085,13.863],[100.5075,13.863],[100.5075,13.861],[100.5085,13.861],[100.5085,13.863]],[[100.4985,13.863],[100.4975,13.863],[100.4975,13.862],[100.4985,13.862],[100.4985,13.863]]],[[[100.4985,13.8665],[100.4995,13.8665],[100.4995,13.8655],[100.4985,13.8655],[100.4985,13.8665]]],[[[100.503,13.7255],[100.504,13.7255],[100.504,13.7245],[100.503,13.7245],[100.503,13.7255]]],[[[100.504,13.7435],[100.504,13.7455],[100.5035,13.7465],[100.5025,13.7465],[100.5025,13.748],[100.5035,13.748],[100.504,13.75],[100.506,13.749],[100.506,13.75],[100.509,13.75],[100.509,13.751],[100.51,13.751],[100.5105,13.747],[100.5115,13.747],[100.5115,13.7455],[100.5095,13.7445],[100.509,13.742],[100.508,13.742],[100.508,13.74],[100.505,13.74],[100.505,13.739],[100.5025,13.739],[100.504,13.7435]],[[100.506,13.7445],[100.506,13.7455],[100.505,13.7455],[100.505,13.7445],[100.506,13.7445]],[[100.506,13.741],[100.506,13.742],[100.505,13.742],[100.505,13.741],[100.506,13.741]]],[[[100.5035,13.795],[100.5025,13.795],[100.5025,13.7995],[100.5065,13.7995],[100.5075,13.798],[100.509,13.798],[100.508,13.7985],[100.508,13.8005],[100.511,13.8005],[100.511,13.795],[100.512,13.795],[100.512,13.794],[100.51,13.7935],[100.509,13.7915],[100.508,13.7915],[100.5075,13.7935],[100.5075,13.7915],[100.5065,13.7915],[100.5065,13.7905],[100.5055,13.7905],[100.5055,13.7915],[100.5035,13.7905],[100.5035,13.795]]],[[[100.506,13.8955],[100.505,13.8975],[100.508,13.898],[100.508,13.8965],[100.509,13.8965],[100.509,13.8945],[100.5115,13.8945],[100.5115,13.889],[100.51,13.889],[100.509,13.891],[100.505,13.891],[100.505,13.892],[100.504,13.892],[100.5035,13.8945],[100.505,13.8945],[100.505,13.8955],[100.506,13.8955]]],[[[100.5015,13.9025],[100.5015,13.9035],[100.5025,13.9035],[100.5025,13.9065],[100.505,13.907],[100.505,13.9045],[100.506,13.9045],[100.506,13.9055],[100.508,13.9055],[100.508,13.9035],[100.509,13.9035],[100.509,13.9025],[100.51,13.902],[100.508,13.902],[100.508,13.9],[100.506,13.9],[100.506,13.901],[100.5045,13.901],[100.5045,13.9025],[100.5015,13.9025]]],[[[100.505,13.907],[100.505,13.908],[100.508,13.908],[100.508,13.907],[100.509,13.907],[100.509,13.908],[100.51,13.908],[100.51,13.91],[100.511,13.91],[100.511,13.909],[100.5135,13.909],[100.5135,13.907],[100.5155,13.9065],[100.5145,13.9065],[100.5135,13.9045],[100.51,13.9045],[100.51,13.9055],[100.508,13.9055],[100.508,13.9065],[100.505,13.907]],[[100.511,13.9055],[100.511,13.9065],[100.51,13.9065],[100.51,13.9055],[100.511,13.9055]]],[[[100.507,13.7155],[100.507,13.7165],[100.5075,13.7165],[100.5075,13.7155],[100.507,13.7155]]],[[[100.5085,13.7175],[100.5085,13.7165],[100.5075,13.7165],[100.5075,13.7175],[100.5085,13.7175]]],[[[100.506,13.7175],[100.506,13.7185],[100.507,13.7185],[100.507,13.7175],[100.506,13.7175]]],[[[100.509,13.738],[100.508,13.74],[100.5095,13.74],[100.5095,13.741],[100.5115,13.741],[100.5115,13.7435],[100.5105,13.7435],[100.5105,13.7445],[100.5115,13.7445],[100.5115,13.7455],[100.5155,13.7455],[100.5155,13.7465],[100.517,13.747],[100.517,13.7435],[100.516,13.7435],[100.516,13.739],[100.518,13.74],[100.518,13.739],[100.519,13.739],[100.519,13.7365],[100.517,13.7365],[100.516,13.7345],[100.515,13.7345],[100.515,13.7355],[100.5145,13.7345],[100.5105,13.7345],[100.5095,13.7365],[100.508,13.7365],[100.508,13.738],[100.509,13.738]]],[[[100.5065,13.846],[100.5075,13.8455],[100.5075,13.8465],[100.5095,13.8465],[100.5095,13.8455],[100.512,13.8455],[100.5125,13.8475],[100.514,13.8475],[100.514,13.8455],[100.513,13.845],[100.515,13.844],[100.515,13.843],[100.513,13.843],[100.513,13.842],[100.515,13.841],[100.515,13.8395],[100.512,13.8395],[100.5115,13.842],[100.5105,13.842],[100.5105,13.8395],[100.5085,13.8385],[100.5085,13.8395],[100.5075,13.8395],[100.5075,13.841],[100.5085,13.841],[100.5085,13.843],[100.5065,13.843],[100.5065,13.846]]],[[[100.5135,13.719],[100.514,13.72],[100.5135,13.723],[100.515,13.723],[100.515,13.7245],[100.517,13.7245],[100.517,13.7265],[100.52,13.7265],[100.52,13.7235],[100.518,13.7225],[100.518,13.721],[100.516,13.721],[100.516,13.72],[100.518,13.72],[100.518,13.719],[100.517,13.719],[100.517,13.718],[100.516,13.7175],[100.518,13.7175],[100.519,13.7155],[100.5205,13.7155],[100.5205,13.7135],[100.516,13.713],[100.515,13.7135],[100.515,13.7145],[100.513,13.7145],[100.5135,13.7165],[100.5125,13.7165],[100.5125,13.719],[100.5135,13.719]],[[100.515,13.722],[100.516,13.722],[100.516,13.723],[100.515,13.723],[100.515,13.722]]],[[[100.5115,13.7245],[100.5125,13.7245],[100.5125,13.7235],[100.5115,13.7235],[100.5115,13.7245]]],[[[100.513,13.8555],[100.514,13.8555],[100.514,13.8545],[100.516,13.8545],[100.517,13.8585],[100.518,13.8585],[100.518,13.854],[100.5125,13.854],[100.5125,13.851],[100.5115,13.851],[100.5115,13.855],[100.5105,13.8555],[100.5125,13.8555],[100.5125,13.8545],[100.513,13.8555]]],[[[100.514,13.8555],[100.514,13.8565],[100.515,13.8565],[100.515,13.8555],[100.514,13.8555]]],[[[100.515,13.8685],[100.514,13.8685],[100.514,13.869],[100.515,13.869],[100.515,13.8685]]],[[[100.516,13.871],[100.516,13.872],[100.519,13.872],[100.519,13.87],[100.52,13.87],[100.5205,13.872],[100.5205,13.87],[100.5215,13.87],[100.5215,13.868],[100.5205,13.8685],[100.5205,13.8665],[100.52,13.8685],[100.518,13.8685],[100.518,13.8655],[100.517,13.8655],[100.517,13.8675],[100.516,13.8675],[100.516,13.869],[100.515,13.869],[100.515,13.87],[100.517,13.87],[100.517,13.871],[100.516,13.871]]],[[[100.5135,13.882],[100.516,13.882],[100.516,13.881],[100.515,13.881],[100.515,13.88],[100.5135,13.88],[100.5135,13.881],[100.5125,13.881],[100.5125,13.8835],[100.5135,13.8835],[100.5135,13.882]]],[[[100.5125,13.9],[100.5125,13.901],[100.5135,13.901],[100.5135,13.9],[100.5125,13.9]]],[[[100.517,13.712],[100.517,13.713],[100.518,13.713],[100.518,13.712],[100.517,13.712]]],[[[100.5225,13.7175],[100.5245,13.7175],[100.5255,13.7155],[100.5235,13.7155],[100.5235,13.7145],[100.5225,13.7145],[100.5225,13.7155],[100.5215,13.7155],[100.5225,13.7175]]],[[[100.5225,13.728],[100.5225,13.7265],[100.5215,13.7265],[100.5215,13.728],[100.5225,13.728]]],[[[100.52,13.737],[100.5215,13.7365],[100.5215,13.738],[100.5245,13.738],[100.5255,13.74],[100.5275,13.741],[100.5275,13.7425],[100.5255,13.7435],[100.5255,13.7445],[100.5265,13.7445],[100.5265,13.746],[100.529,13.7455],[100.528,13.7435],[100.53,13.7425],[100.53,13.7415],[100.528,13.7415],[100.529,13.741],[100.529,13.738],[100.53,13.738],[100.53,13.739],[100.533,13.739],[100.533,13.7405],[100.534,13.7405],[100.5335,13.738],[100.5355,13.738],[100.5355,13.737],[100.5335,13.737],[100.5335,13.736],[100.533,13.737],[100.532,13.737],[100.532,13.738],[100.531,13.738],[100.531,13.737],[100.5265,13.737],[100.5265,13.7345],[100.528,13.7345],[100.528,13.7335],[100.527,13.7335],[100.527,13.7325],[100.5265,13.7335],[100.5255,13.7335],[100.5255,13.7325],[100.5225,13.7325],[100.5215,13.732],[100.521,13.73],[100.519,13.731],[100.519,13.732],[100.521,13.732],[100.521,13.7335],[100.52,13.7335],[100.52,13.737]],[[100.5265,13.738],[100.5255,13.738],[100.5255,13.737],[100.5265,13.737],[100.5265,13.738]]],[[[100.522,13.7445],[100.5225,13.7435],[100.5235,13.7435],[100.5235,13.7415],[100.5255,13.741],[100.5255,13.74],[100.5225,13.74],[100.5225,13.7415],[100.522,13.7425],[100.521,13.7425],[100.521,13.7445],[100.52,13.7445],[100.52,13.746],[100.522,13.7455],[100.522,13.7445]]],[[[100.523,13.8085],[100.527,13.8075],[100.527,13.806],[100.526,13.806],[100.526,13.805],[100.5205,13.805],[100.5205,13.806],[100.5195,13.806],[100.5195,13.807],[100.5205,13.807],[100.5215,13.8085],[100.522,13.8075],[100.523,13.8075],[100.523,13.8085]]],[[[100.5185,13.8365],[100.5195,13.8365],[100.5195,13.8375],[100.5215,13.8375],[100.5215,13.835],[100.5225,13.835],[100.5225,13.833],[100.5215,13.833],[100.5215,13.834],[100.5195,13.834],[100.5195,13.835],[100.5185,13.835],[100.5185,13.8365]]],[[[100.5185,13.843],[100.5195,13.843],[100.5195,13.842],[100.5185,13.842],[100.5185,13.843]]],[[[100.519,13.853],[100.518,13.853],[100.518,13.854],[100.519,13.854],[100.519,13.853]]],[[[100.519,13.8545],[100.5195,13.8545],[100.5195,13.854],[100.519,13.854],[100.519,13.8545]]],[[[100.52,13.906],[100.521,13.908],[100.522,13.908],[100.522,13.906],[100.5235,13.906],[100.5245,13.908],[100.5245,13.906],[100.5255,13.9055],[100.5235,13.9045],[100.5235,13.9035],[100.52,13.9035],[100.52,13.9055],[100.519,13.9055],[100.52,13.906]]],[[[100.527,13.7145],[100.527,13.7155],[100.528,13.7155],[100.528,13.7145],[100.527,13.7145]]],[[[100.528,13.7155],[100.528,13.7175],[100.529,13.717],[100.529,13.719],[100.531,13.72],[100.531,13.722],[100.5335,13.7225],[100.5335,13.7215],[100.5345,13.7215],[100.5335,13.7165],[100.531,13.7165],[100.531,13.7155],[100.529,13.7165],[100.529,13.7155],[100.528,13.7155]]],[[[100.5265,13.7325],[100.5265,13.73],[100.5225,13.728],[100.5235,13.732],[100.5255,13.7315],[100.5255,13.7325],[100.5265,13.7325]]],[[[100.528,13.7355],[100.53,13.7355],[100.53,13.7345],[100.528,13.7345],[100.528,13.7355]]],[[[100.5235,13.7505],[100.5245,13.7505],[100.5245,13.7525],[100.5285,13.7515],[100.5285,13.75],[100.5265,13.7505],[100.5265,13.747],[100.5255,13.747],[100.5255,13.7455],[100.5235,13.7455],[100.5235,13.748],[100.5245,13.748],[100.5245,13.749],[100.5235,13.749],[100.5235,13.7505]]],[[[100.5265,13.758],[100.53,13.758],[100.53,13.757],[100.531,13.757],[100.531,13.7545],[100.5285,13.7545],[100.5285,13.7535],[100.5255,13.7535],[100.5255,13.756],[100.5265,13.756],[100.5265,13.758]]],[[[100.53,13.7595],[100.5295,13.759],[100.5295,13.7605],[100.531,13.7605],[100.531,13.7595],[100.53,13.7595]]],[[[100.531,13.7635],[100.531,13.7615],[100.5295,13.7615],[100.5295,13.7625],[100.5285,13.7625],[100.5285,13.7635],[100.5295,13.764],[100.531,13.7635]]],[[[100.527,13.8015],[100.524,13.802],[100.524,13.804],[100.527,13.804],[100.527,13.8015]]],[[[100.5305,13.8065],[100.5305,13.8075],[100.5325,13.8065],[100.5325,13.8075],[100.5335,13.8075],[100.5335,13.8095],[100.535,13.8095],[100.535,13.8085],[100.536,13.8085],[100.536,13.8065],[100.5395,13.806],[100.5395,13.803],[100.5405,13.803],[100.5405,13.802],[100.5395,13.802],[100.5395,13.801],[100.537,13.802],[100.537,13.8005],[100.535,13.8005],[100.534,13.7985],[100.5325,13.7985],[100.5325,13.803],[100.5315,13.803],[100.5315,13.804],[100.5305,13.804],[100.5305,13.806],[100.5295,13.806],[100.5305,13.8065]],[[100.535,13.805],[100.536,13.805],[100.536,13.806],[100.535,13.806],[100.535,13.805]]],[[[100.5305,13.815],[100.5305,13.816],[100.5325,13.8165],[100.5335,13.816],[100.534,13.814],[100.535,13.814],[100.535,13.813],[100.5335,13.813],[100.5335,13.812],[100.5325,13.812],[100.5325,13.8105],[100.5305,13.8105],[100.5295,13.812],[100.5285,13.812],[100.5285,13.813],[100.5295,13.813],[100.5295,13.815],[100.5305,13.815]]],[[[100.5305,13.8285],[100.5305,13.8275],[100.5315,13.8275],[100.5315,13.8285],[100.5335,13.8285],[100.5335,13.8275],[100.536,13.8275],[100.536,13.8265],[100.5345,13.8265],[100.535,13.825],[100.5335,13.822],[100.5315,13.822],[100.5315,13.824],[100.5295,13.824],[100.5295,13.825],[100.528,13.825],[100.528,13.8285],[100.5305,13.8285]]],[[[100.5225,13.835],[100.5225,13.8355],[100.5235,13.8355],[100.5235,13.835],[100.5225,13.835]]],[[[100.532,13.905],[100.534,13.905],[100.534,13.906],[100.5375,13.906],[100.5375,13.905],[100.5385,13.905],[100.5385,13.9035],[100.5375,13.9035],[100.5375,13.9025],[100.5385,13.9025],[100.5385,13.9],[100.5365,13.9005],[100.5365,13.899],[100.535,13.899],[100.535,13.9],[100.534,13.9005],[100.532,13.9005],[100.532,13.9015],[100.531,13.9015],[100.531,13.9035],[100.53,13.9035],[100.53,13.9045],[100.532,13.905]],[[100.535,13.9025],[100.535,13.9045],[100.534,13.9045],[100.534,13.9025],[100.535,13.9025]]],[[[100.5355,13.7215],[100.5355,13.7225],[100.5365,13.7225],[100.5365,13.7215],[100.5355,13.7215]]],[[[100.5375,13.736],[100.5375,13.7345],[100.5365,13.7345],[100.5365,13.736],[100.5375,13.736]]],[[[100.531,13.7355],[100.531,13.736],[100.533,13.736],[100.533,13.7355],[100.531,13.7355]]],[[[100.5385,13.738],[100.5365,13.738],[100.5365,13.739],[100.5385,13.739],[100.5385,13.738]]],[[[100.5355,13.74],[100.5355,13.7405],[100.5365,13.7405],[100.5365,13.74],[100.5355,13.74]]],[[[100.534,13.7435],[100.534,13.7415],[100.531,13.7415],[100.531,13.7435],[100.534,13.7435]]],[[[100.534,13.7545],[100.535,13.7545],[100.535,13.7535],[100.534,13.7535],[100.534,13.7545]]],[[[100.534,13.764],[100.534,13.765],[100.536,13.765],[100.536,13.764],[100.5405,13.7635],[100.5405,13.7615],[100.5385,13.7615],[100.5385,13.7625],[100.5375,13.7625],[100.5375,13.7615],[100.5355,13.7615],[100.5355,13.7605],[100.534,13.7605],[100.534,13.7595],[100.532,13.7595],[100.532,13.7605],[100.533,13.7605],[100.533,13.7625],[100.532,13.7625],[100.532,13.764],[100.534,13.764]]],[[[100.531,13.7615],[100.532,13.7615],[100.532,13.7605],[100.531,13.7605],[100.531,13.7615]]],[[[100.5365,13.7705],[100.5385,13.7705],[100.5385,13.7715],[100.5395,13.7715],[100.5395,13.774],[100.5385,13.774],[100.5385,13.7785],[100.5395,13.7785],[100.5395,13.7795],[100.5405,13.7795],[100.5405,13.7785],[100.5425,13.7785],[100.543,13.7775],[100.5425,13.776],[100.544,13.776],[100.544,13.777],[100.546,13.7775],[100.547,13.7795],[100.549,13.7795],[100.549,13.775],[100.547,13.774],[100.547,13.773],[100.548,13.773],[100.548,13.7715],[100.545,13.7715],[100.545,13.773],[100.544,13.773],[100.544,13.774],[100.543,13.774],[100.5425,13.7725],[100.5415,13.7725],[100.5415,13.7715],[100.5405,13.7715],[100.5405,13.7695],[100.5415,13.7695],[100.5415,13.7705],[100.5425,13.7705],[100.543,13.7695],[100.543,13.766],[100.542,13.766],[100.542,13.764],[100.5395,13.764],[100.5395,13.766],[100.536,13.766],[100.536,13.768],[100.535,13.768],[100.535,13.7705],[100.536,13.7705],[100.536,13.7695],[100.5365,13.7705]],[[100.547,13.777],[100.548,13.777],[100.548,13.7775],[100.547,13.7775],[100.547,13.777]]],[[[100.5405,13.9095],[100.5405,13.908],[100.5415,13.908],[100.5405,13.906],[100.5395,13.906],[100.5395,13.907],[100.5375,13.907],[100.5375,13.909],[100.5405,13.9095]]],[[[100.541,13.7245],[100.542,13.7245],[100.542,13.7235],[100.541,13.7235],[100.541,13.7245]]],[[[100.542,13.7345],[100.542,13.735],[100.543,13.735],[100.543,13.7345],[100.542,13.7345]]],[[[100.54,13.74],[100.542,13.7405],[100.542,13.738],[100.543,13.738],[100.543,13.736],[100.541,13.737],[100.541,13.7355],[100.54,13.7355],[100.54,13.74]]],[[[100.5385,13.74],[100.5395,13.74],[100.5395,13.739],[100.5385,13.739],[100.5385,13.74]]],[[[100.5395,13.747],[100.5395,13.748],[100.5405,13.748],[100.5405,13.747],[100.5395,13.747]]],[[[100.5365,13.749],[100.5375,13.749],[100.5375,13.748],[100.5365,13.748],[100.5365,13.749]]],[[[100.5385,13.7535],[100.5385,13.755],[100.5375,13.755],[100.5375,13.756],[100.543,13.756],[100.543,13.7605],[100.542,13.7605],[100.5415,13.7595],[100.542,13.7615],[100.5415,13.7635],[100.544,13.764],[100.546,13.763],[100.546,13.7605],[100.544,13.7595],[100.544,13.757],[100.545,13.757],[100.545,13.756],[100.544,13.756],[100.544,13.754],[100.542,13.7535],[100.542,13.7515],[100.545,13.7515],[100.545,13.7525],[100.547,13.7535],[100.5475,13.7505],[100.546,13.7505],[100.546,13.7495],[100.542,13.749],[100.541,13.7495],[100.5405,13.7515],[100.5395,13.7515],[100.5395,13.7535],[100.5385,13.7535]],[[100.541,13.7515],[100.541,13.7525],[100.5405,13.7525],[100.5405,13.7515],[100.541,13.7515]]],[[[100.5375,13.7495],[100.5375,13.7505],[100.5385,13.7505],[100.5385,13.7495],[100.5375,13.7495]]],[[[100.543,13.7705],[100.5425,13.7725],[100.544,13.773],[100.544,13.7715],[100.543,13.7715],[100.543,13.7705]]],[[[100.5425,13.786],[100.5425,13.787],[100.545,13.787],[100.545,13.784],[100.546,13.784],[100.546,13.783],[100.548,13.784],[100.548,13.785],[100.549,13.785],[100.549,13.784],[100.55,13.784],[100.5505,13.785],[100.5505,13.784],[100.5515,13.784],[100.5515,13.7815],[100.5525,13.7815],[100.5525,13.7805],[100.5505,13.7805],[100.5505,13.7795],[100.549,13.7795],[100.548,13.7815],[100.546,13.7815],[100.545,13.782],[100.545,13.783],[100.544,13.783],[100.544,13.782],[100.5425,13.7815],[100.5425,13.7805],[100.5405,13.7795],[100.5405,13.7825],[100.5395,13.7825],[100.5395,13.785],[100.5415,13.785],[100.5415,13.786],[100.5425,13.786]]],[[[100.5425,13.7895],[100.5425,13.792],[100.5445,13.792],[100.545,13.794],[100.547,13.794],[100.547,13.792],[100.549,13.791],[100.55,13.793],[100.5515,13.793],[100.5515,13.7905],[100.5535,13.791],[100.5535,13.7895],[100.5545,13.7895],[100.5545,13.7875],[100.5535,13.7875],[100.5535,13.7865],[100.5515,13.7875],[100.5515,13.786],[100.5505,13.786],[100.55,13.7875],[100.549,13.7875],[100.549,13.7905],[100.548,13.7905],[100.548,13.7895],[100.546,13.7895],[100.545,13.7875],[100.5435,13.7875],[100.544,13.7895],[100.5425,13.7895]]],[[[100.5425,13.7985],[100.5435,13.7985],[100.5435,13.7975],[100.5405,13.7975],[100.5405,13.7965],[100.5395,13.7965],[100.5395,13.7985],[100.5405,13.7985],[100.5405,13.801],[100.5425,13.8005],[100.5425,13.7985]]],[[[100.537,13.8065],[100.537,13.8075],[100.538,13.8075],[100.538,13.8065],[100.537,13.8065]]],[[[100.538,13.8085],[100.538,13.8095],[100.539,13.8095],[100.539,13.8085],[100.538,13.8085]]],[[[100.543,13.895],[100.544,13.895],[100.544,13.896],[100.542,13.896],[100.542,13.898],[100.5405,13.898],[100.5405,13.899],[100.5395,13.899],[100.5395,13.9005],[100.542,13.9005],[100.544,13.8995],[100.544,13.9015],[100.546,13.9015],[100.546,13.9025],[100.547,13.9025],[100.547,13.899],[100.5485,13.8995],[100.5485,13.898],[100.5495,13.898],[100.5495,13.896],[100.547,13.896],[100.547,13.895],[100.545,13.8945],[100.543,13.895]],[[100.546,13.898],[100.545,13.898],[100.545,13.897],[100.546,13.897],[100.546,13.898]],[[100.546,13.899],[100.546,13.8995],[100.545,13.8995],[100.545,13.899],[100.546,13.899]]],[[[100.5415,13.9035],[100.542,13.9035],[100.542,13.9025],[100.5415,13.9025],[100.5415,13.9035]]],[[[100.5385,13.916],[100.5405,13.916],[100.5405,13.917],[100.5425,13.917],[100.5425,13.918],[100.5435,13.9185],[100.545,13.918],[100.545,13.9195],[100.547,13.9195],[100.547,13.9185],[100.546,13.918],[100.547,13.918],[100.547,13.917],[100.5495,13.917],[100.5495,13.915],[100.549,13.9135],[100.547,13.914],[100.547,13.915],[100.545,13.915],[100.545,13.9115],[100.546,13.9115],[100.546,13.9105],[100.544,13.9095],[100.544,13.9105],[100.5425,13.9105],[100.5425,13.9115],[100.5415,13.9115],[100.5415,13.9135],[100.5395,13.914],[100.5385,13.916]],[[100.543,13.9135],[100.543,13.9115],[100.544,13.9115],[100.544,13.9135],[100.543,13.9135]]],[[[100.5465,13.719],[100.5465,13.721],[100.5455,13.721],[100.5455,13.7235],[100.5445,13.7235],[100.5445,13.7245],[100.5465,13.7255],[100.5465,13.727],[100.5475,13.727],[100.5475,13.728],[100.5495,13.727],[100.5505,13.729],[100.552,13.729],[100.552,13.7245],[100.5505,13.7245],[100.551,13.7215],[100.552,13.7215],[100.552,13.7205],[100.551,13.7205],[100.5505,13.718],[100.5465,13.719]],[[100.5475,13.726],[100.5475,13.7255],[100.5485,13.7255],[100.5485,13.726],[100.5475,13.726]],[[100.5485,13.721],[100.5495,13.7205],[100.5495,13.7215],[100.5485,13.721]]],[[[100.543,13.7245],[100.543,13.7255],[100.545,13.7255],[100.5445,13.7245],[100.543,13.7245]]],[[[100.543,13.7335],[100.544,13.7335],[100.544,13.7345],[100.5455,13.7345],[100.5455,13.7325],[100.5465,13.7325],[100.5465,13.7315],[100.5455,13.7315],[100.5455,13.727],[100.544,13.727],[100.544,13.7305],[100.543,13.7305],[100.544,13.7325],[100.543,13.7325],[100.543,13.7335]]],[[[100.546,13.7405],[100.5485,13.7405],[100.5485,13.739],[100.5465,13.738],[100.5465,13.735],[100.5475,13.7345],[100.545,13.735],[100.545,13.738],[100.546,13.738],[100.546,13.7405]]],[[[100.543,13.735],[100.543,13.736],[100.544,13.736],[100.544,13.735],[100.543,13.735]]],[[[100.544,13.748],[100.545,13.748],[100.545,13.749],[100.546,13.7495],[100.5485,13.7495],[100.5485,13.748],[100.5505,13.749],[100.5505,13.747],[100.5485,13.747],[100.5485,13.746],[100.5475,13.746],[100.5475,13.745],[100.5465,13.7445],[100.545,13.7445],[100.545,13.746],[100.543,13.745],[100.543,13.747],[100.544,13.747],[100.544,13.748]],[[100.5465,13.746],[100.546,13.746],[100.546,13.745],[100.5465,13.745],[100.5465,13.746]],[[100.547,13.748],[100.5475,13.748],[100.5475,13.749],[100.547,13.749],[100.547,13.748]]],[[[100.545,13.7795],[100.546,13.7795],[100.546,13.7785],[100.545,13.7785],[100.545,13.7795]]],[[[100.547,13.796],[100.547,13.795],[100.546,13.795],[100.546,13.7965],[100.548,13.7965],[100.547,13.796]]],[[[100.545,13.7975],[100.545,13.7985],[100.546,13.7985],[100.546,13.7975],[100.545,13.7975]]],[[[100.546,13.8005],[100.546,13.802],[100.547,13.802],[100.547,13.8005],[100.546,13.8005]]],[[[100.547,13.803],[100.548,13.803],[100.548,13.802],[100.547,13.802],[100.547,13.803]]],[[[100.546,13.8055],[100.547,13.8055],[100.547,13.805],[100.546,13.805],[100.546,13.8055]]],[[[100.548,13.9115],[100.547,13.9115],[100.547,13.9135],[100.548,13.9135],[100.548,13.9115]]],[[[100.556,13.717],[100.554,13.718],[100.554,13.719],[100.552,13.719],[100.552,13.7205],[100.554,13.72],[100.555,13.7205],[100.555,13.7215],[100.556,13.7215],[100.555,13.7235],[100.554,13.7235],[100.554,13.725],[100.553,13.725],[100.553,13.727],[100.554,13.727],[100.554,13.729],[100.555,13.7295],[100.556,13.729],[100.5585,13.7295],[100.5585,13.727],[100.5605,13.727],[100.5605,13.726],[100.5615,13.726],[100.5615,13.7235],[100.563,13.7235],[100.563,13.72],[100.564,13.719],[100.563,13.719],[100.563,13.718],[100.5615,13.718],[100.5615,13.716],[100.5605,13.716],[100.5605,13.715],[100.555,13.7145],[100.555,13.7135],[100.554,13.7135],[100.554,13.7155],[100.556,13.716],[100.556,13.717]],[[100.554,13.726],[100.555,13.726],[100.555,13.727],[100.554,13.727],[100.554,13.726]],[[100.5595,13.715],[100.5595,13.717],[100.5585,13.717],[100.5585,13.7155],[100.5595,13.715]],[[100.5575,13.725],[100.5575,13.7235],[100.5595,13.7235],[100.5595,13.725],[100.5575,13.725]],[[100.5565,13.716],[100.5565,13.7155],[100.5575,13.7155],[100.5575,13.716],[100.5565,13.716]],[[100.557,13.726],[100.557,13.727],[100.556,13.727],[100.556,13.726],[100.557,13.726]]],[[[100.5495,13.729],[100.5495,13.73],[100.5505,13.73],[100.5505,13.729],[100.5495,13.729]]],[[[100.5525,13.7405],[100.552,13.737],[100.554,13.738],[100.554,13.735],[100.5515,13.7345],[100.5515,13.739],[100.5495,13.7395],[100.5505,13.7395],[100.5505,13.7405],[100.5525,13.7405]]],[[[100.5495,13.738],[100.5485,13.738],[100.5485,13.739],[100.5495,13.739],[100.5495,13.738]]],[[[100.5515,13.746],[100.5515,13.7485],[100.553,13.7485],[100.553,13.746],[100.554,13.746],[100.554,13.744],[100.5515,13.744],[100.5515,13.745],[100.5505,13.745],[100.5505,13.746],[100.5515,13.746]]],[[[100.554,13.747],[100.555,13.747],[100.555,13.746],[100.554,13.746],[100.554,13.747]]],[[[100.556,13.7485],[100.556,13.7495],[100.557,13.7495],[100.557,13.7485],[100.559,13.7485],[100.558,13.748],[100.558,13.746],[100.557,13.746],[100.556,13.748],[100.553,13.7485],[100.553,13.7495],[100.555,13.7495],[100.555,13.7485],[100.556,13.7485]]],[[[100.5545,13.803],[100.5545,13.805],[100.5535,13.8055],[100.5525,13.805],[100.55,13.8055],[100.55,13.804],[100.549,13.804],[100.549,13.8065],[100.551,13.8065],[100.551,13.8085],[100.55,13.8085],[100.55,13.8095],[100.5525,13.8095],[100.5525,13.8085],[100.5535,13.8085],[100.5535,13.8095],[100.5545,13.8095],[100.5545,13.811],[100.5555,13.811],[100.5555,13.8085],[100.5545,13.8085],[100.5545,13.8055],[100.558,13.8055],[100.558,13.8065],[100.56,13.8065],[100.56,13.804],[100.558,13.804],[100.558,13.805],[100.5575,13.804],[100.5565,13.804],[100.5565,13.803],[100.559,13.803],[100.5575,13.8],[100.5545,13.8],[100.5545,13.801],[100.5555,13.801],[100.5555,13.803],[100.5545,13.803]],[[100.5575,13.802],[100.5565,13.802],[100.5565,13.801],[100.5575,13.801],[100.5575,13.802]]],[[[100.547,13.8055],[100.547,13.8065],[100.548,13.8065],[100.548,13.8055],[100.547,13.8055]]],[[[100.548,13.8065],[100.548,13.8075],[100.549,13.8075],[100.549,13.8065],[100.548,13.8065]]],[[[100.5525,13.8095],[100.5525,13.81],[100.5535,13.81],[100.5535,13.8095],[100.5525,13.8095]]],[[[100.554,13.833],[100.553,13.833],[100.553,13.8345],[100.554,13.8345],[100.554,13.833]]],[[[100.5505,13.895],[100.5505,13.898],[100.5535,13.898],[100.554,13.897],[100.554,13.899],[100.556,13.899],[100.556,13.898],[100.555,13.898],[100.555,13.895],[100.556,13.895],[100.556,13.896],[100.558,13.896],[100.558,13.895],[100.5605,13.895],[100.5605,13.896],[100.5645,13.896],[100.5645,13.894],[100.5635,13.894],[100.5645,13.8935],[100.5645,13.8925],[100.5655,13.8925],[100.566,13.8915],[100.566,13.8935],[100.568,13.8935],[100.569,13.8915],[100.567,13.8915],[100.567,13.888],[100.5635,13.888],[100.5635,13.887],[100.5605,13.887],[100.5605,13.889],[100.5595,13.889],[100.5605,13.8895],[100.5605,13.8905],[100.559,13.8905],[100.559,13.8925],[100.558,13.8925],[100.558,13.894],[100.555,13.8925],[100.555,13.8945],[100.554,13.8945],[100.5535,13.8915],[100.5535,13.8935],[100.5515,13.8935],[100.5515,13.895],[100.5505,13.895]],[[100.5635,13.895],[100.5625,13.895],[100.5625,13.894],[100.5635,13.894],[100.5635,13.895]],[[100.5655,13.889],[100.5655,13.8895],[100.5645,13.8895],[100.5645,13.889],[100.5655,13.889]]],[[[100.5495,13.9135],[100.5495,13.914],[100.5505,13.914],[100.5505,13.9135],[100.5495,13.9135]]],[[[100.556,13.7315],[100.557,13.7315],[100.557,13.7305],[100.556,13.7305],[100.556,13.7315]]],[[[100.556,13.7315],[100.555,13.7315],[100.555,13.7335],[100.556,13.7335],[100.556,13.7315]]],[[[100.5585,13.7325],[100.5595,13.7325],[100.5595,13.7315],[100.5585,13.7315],[100.5585,13.7325]]],[[[100.555,13.735],[100.555,13.736],[100.556,13.736],[100.556,13.735],[100.555,13.735]]],[[[100.558,13.745],[100.5595,13.748],[100.5595,13.7435],[100.556,13.744],[100.556,13.745],[100.558,13.745]]],[[[100.5615,13.755],[100.5615,13.754],[100.5625,13.754],[100.5625,13.757],[100.5645,13.757],[100.5645,13.756],[100.566,13.756],[100.5655,13.7525],[100.567,13.7525],[100.567,13.7515],[100.5655,13.7515],[100.566,13.7495],[100.5645,13.7495],[100.5645,13.7505],[100.5635,13.7505],[100.5635,13.7495],[100.5615,13.7495],[100.5615,13.7525],[100.5625,13.753],[100.5595,13.753],[100.5595,13.754],[100.5615,13.755]]],[[[100.5555,13.7965],[100.5555,13.7985],[100.5565,13.7985],[100.5565,13.7965],[100.5555,13.7965]]],[[[100.56,13.8075],[100.56,13.8085],[100.561,13.8085],[100.561,13.8075],[100.56,13.8075]]],[[[100.56,13.8095],[100.56,13.813],[100.5575,13.813],[100.5575,13.8145],[100.5585,13.8145],[100.5585,13.8155],[100.5565,13.8165],[100.5565,13.8175],[100.5585,13.8175],[100.5585,13.821],[100.5595,13.821],[100.5595,13.822],[100.561,13.822],[100.561,13.82],[100.562,13.82],[100.562,13.819],[100.56,13.819],[100.561,13.8185],[100.561,13.8165],[100.56,13.8165],[100.56,13.8155],[100.562,13.8155],[100.562,13.8165],[100.563,13.8165],[100.563,13.8155],[100.565,13.8155],[100.565,13.8165],[100.5675,13.8165],[100.5675,13.8135],[100.5665,13.813],[100.5675,13.813],[100.5675,13.811],[100.5695,13.811],[100.5695,13.81],[100.5705,13.81],[100.571,13.8075],[100.5665,13.8075],[100.5665,13.8085],[100.5655,13.8085],[100.5655,13.8075],[100.563,13.8075],[100.563,13.8085],[100.5645,13.809],[100.5645,13.81],[100.5665,13.81],[100.565,13.813],[100.563,13.812],[100.563,13.809],[100.56,13.8095]],[[100.5595,13.82],[100.56,13.82],[100.56,13.821],[100.5595,13.821],[100.5595,13.82]]],[[[100.5555,13.811],[100.5555,13.812],[100.5565,13.812],[100.5565,13.811],[100.5555,13.811]]],[[[100.5585,13.822],[100.5585,13.823],[100.5595,13.823],[100.5595,13.822],[100.5585,13.822]]],[[[100.5565,13.8435],[100.5585,13.8435],[100.5585,13.8455],[100.5595,13.8455],[100.5595,13.847],[100.5605,13.847],[100.5605,13.848],[100.5585,13.848],[100.5575,13.85],[100.562,13.85],[100.562,13.849],[100.563,13.849],[100.563,13.848],[100.562,13.848],[100.562,13.8465],[100.5605,13.8465],[100.5605,13.8445],[100.5595,13.8445],[100.5595,13.842],[100.5585,13.842],[100.5585,13.84],[100.5565,13.841],[100.5565,13.842],[100.5555,13.842],[100.5565,13.8425],[100.5565,13.8435]]],[[[100.5615,13.7295],[100.5635,13.7295],[100.5635,13.727],[100.566,13.727],[100.566,13.7235],[100.567,13.7235],[100.567,13.7205],[100.565,13.7215],[100.565,13.7235],[100.564,13.7235],[100.564,13.726],[100.5625,13.726],[100.5625,13.729],[100.5615,13.7295]]],[[[100.5605,13.727],[100.5605,13.728],[100.5615,13.728],[100.5615,13.727],[100.5605,13.727]]],[[[100.5625,13.7305],[100.5615,13.7305],[100.5615,13.7325],[100.5605,13.7325],[100.5605,13.734],[100.5625,13.7335],[100.5625,13.7305]]],[[[100.5635,13.7385],[100.5625,13.7385],[100.5625,13.7395],[100.5645,13.7405],[100.5645,13.7415],[100.5635,13.7415],[100.5635,13.744],[100.5645,13.744],[100.5645,13.743],[100.566,13.7425],[100.566,13.7415],[100.567,13.7415],[100.567,13.7395],[100.566,13.7395],[100.566,13.7385],[100.565,13.738],[100.5635,13.7385]]],[[[100.5625,13.7415],[100.5635,13.7415],[100.5635,13.7405],[100.5625,13.7405],[100.5625,13.7415]]],[[[100.5615,13.746],[100.5615,13.7435],[100.5605,13.7435],[100.5605,13.746],[100.5615,13.746]]],[[[100.5635,13.746],[100.5645,13.746],[100.5645,13.745],[100.5635,13.745],[100.5635,13.746]]],[[[100.5625,13.746],[100.5615,13.746],[100.5615,13.747],[100.5625,13.747],[100.5625,13.746]]],[[[100.5625,13.748],[100.5635,13.748],[100.5635,13.747],[100.5625,13.747],[100.5625,13.748]]],[[[100.5605,13.763],[100.5605,13.764],[100.5625,13.764],[100.5625,13.765],[100.5635,13.765],[100.5645,13.767],[100.5665,13.766],[100.57,13.7665],[100.57,13.763],[100.569,13.763],[100.569,13.7615],[100.57,13.7615],[100.57,13.7605],[100.568,13.7595],[100.568,13.757],[100.567,13.757],[100.567,13.756],[100.566,13.756],[100.5655,13.7575],[100.5645,13.7575],[100.5635,13.7595],[100.5625,13.7595],[100.5625,13.7615],[100.5615,13.7615],[100.5615,13.763],[100.5605,13.763]]],[[[100.564,13.82],[100.563,13.82],[100.563,13.821],[100.564,13.821],[100.564,13.82]]],[[[100.565,13.821],[100.564,13.821],[100.564,13.822],[100.565,13.822],[100.565,13.821]]],[[[100.564,13.8255],[100.563,13.8255],[100.563,13.829],[100.561,13.829],[100.561,13.83],[100.562,13.83],[100.562,13.831],[100.564,13.831],[100.564,13.83],[100.565,13.83],[100.565,13.831],[100.5675,13.831],[100.5675,13.8325],[100.5685,13.8325],[100.5685,13.8345],[100.5675,13.8345],[100.5675,13.8355],[100.5685,13.8355],[100.5685,13.8365],[100.5695,13.8365],[100.5695,13.8355],[100.5705,13.8355],[100.5705,13.8365],[100.5725,13.8365],[100.5725,13.8345],[100.575,13.8345],[100.575,13.8355],[100.576,13.8355],[100.576,13.8365],[100.575,13.8365],[100.575,13.839],[100.574,13.839],[100.574,13.838],[100.5725,13.838],[100.5725,13.84],[100.5705,13.84],[100.5705,13.841],[100.5715,13.8415],[100.5695,13.8415],[100.5695,13.8425],[100.5715,13.8425],[100.5715,13.8435],[100.574,13.8435],[100.574,13.8445],[100.576,13.8445],[100.576,13.8425],[100.577,13.8425],[100.577,13.8415],[100.579,13.8425],[100.579,13.841],[100.5815,13.841],[100.5815,13.84],[100.5805,13.84],[100.5795,13.838],[100.578,13.838],[100.578,13.8355],[100.577,13.8355],[100.577,13.8335],[100.576,13.8335],[100.576,13.8325],[100.577,13.8325],[100.577,13.831],[100.573,13.831],[100.573,13.832],[100.5705,13.8325],[100.5705,13.8345],[100.5695,13.8345],[100.5695,13.832],[100.5685,13.832],[100.5685,13.831],[100.5695,13.831],[100.5695,13.829],[100.5685,13.829],[100.5685,13.8275],[100.5695,13.8275],[100.5695,13.8265],[100.5705,13.8265],[100.5705,13.8275],[100.574,13.827],[100.574,13.8255],[100.573,13.8255],[100.573,13.8245],[100.574,13.8245],[100.574,13.8225],[100.572,13.8235],[100.5715,13.8255],[100.5705,13.8255],[100.5705,13.8245],[100.5675,13.8245],[100.5675,13.8255],[100.5665,13.8255],[100.5665,13.8245],[100.565,13.8245],[100.565,13.823],[100.564,13.823],[100.564,13.822],[100.561,13.822],[100.561,13.823],[100.563,13.823],[100.563,13.8245],[100.564,13.8245],[100.564,13.8255]],[[100.564,13.8265],[100.565,13.8265],[100.565,13.8275],[100.564,13.8275],[100.564,13.8265]],[[100.573,13.8325],[100.573,13.8335],[100.5725,13.8335],[100.5725,13.8325],[100.573,13.8325]]],[[[100.563,13.856],[100.565,13.857],[100.565,13.858],[100.566,13.858],[100.566,13.8525],[100.565,13.8525],[100.565,13.8515],[100.562,13.851],[100.5615,13.8535],[100.563,13.856]]],[[[100.5645,13.894],[100.5655,13.894],[100.5655,13.8935],[100.5645,13.8935],[100.5645,13.894]]],[[[100.57,13.7305],[100.57,13.7315],[100.5705,13.7305],[100.5715,13.7305],[100.5715,13.7325],[100.5725,13.7325],[100.5725,13.7305],[100.5735,13.7305],[100.5735,13.733],[100.576,13.7325],[100.5755,13.7295],[100.576,13.7285],[100.577,13.7285],[100.577,13.726],[100.576,13.726],[100.576,13.724],[100.5745,13.724],[100.5745,13.726],[100.5735,13.726],[100.5735,13.727],[100.5725,13.727],[100.5725,13.725],[100.5715,13.725],[100.5715,13.728],[100.5695,13.728],[100.57,13.7295],[100.569,13.7295],[100.569,13.7305],[100.57,13.7305]],[[100.5735,13.7305],[100.5735,13.7285],[100.5745,13.7285],[100.5745,13.7305],[100.5735,13.7305]],[[100.5755,13.728],[100.5745,13.728],[100.5745,13.727],[100.5755,13.727],[100.5755,13.728]]],[[[100.565,13.7305],[100.565,13.7315],[100.566,13.7315],[100.566,13.7305],[100.565,13.7305]]],[[[100.567,13.736],[100.567,13.737],[100.568,13.737],[100.568,13.736],[100.567,13.736]]],[[[100.572,13.757],[100.5725,13.756],[100.5735,13.756],[100.5735,13.755],[100.571,13.755],[100.572,13.753],[100.57,13.753],[100.569,13.755],[100.568,13.755],[100.568,13.757],[100.569,13.7575],[100.572,13.757]]],[[[100.569,13.7585],[100.569,13.7595],[100.571,13.7595],[100.571,13.7585],[100.569,13.7585]]],[[[100.569,13.774],[100.568,13.774],[100.568,13.775],[100.572,13.774],[100.572,13.775],[100.571,13.7755],[100.573,13.7755],[100.573,13.7765],[100.574,13.7765],[100.5745,13.773],[100.5765,13.773],[100.5765,13.772],[100.5755,13.772],[100.5755,13.7705],[100.5735,13.7705],[100.5735,13.7675],[100.573,13.7685],[100.572,13.7685],[100.572,13.7705],[100.569,13.772],[100.569,13.774]]],[[[100.571,13.783],[100.571,13.785],[100.57,13.7855],[100.572,13.7865],[100.573,13.7885],[100.5755,13.7885],[100.5755,13.7865],[100.5765,13.7865],[100.5765,13.7855],[100.5785,13.7855],[100.5785,13.784],[100.5765,13.784],[100.5765,13.781],[100.5745,13.781],[100.574,13.7785],[100.573,13.7785],[100.573,13.781],[100.572,13.7805],[100.57,13.781],[100.57,13.783],[100.571,13.783]],[[100.572,13.782],[100.574,13.782],[100.574,13.783],[100.572,13.783],[100.572,13.782]]],[[[100.57,13.794],[100.5675,13.794],[100.5675,13.795],[100.5695,13.7945],[100.5695,13.7955],[100.571,13.7955],[100.571,13.7965],[100.574,13.7965],[100.574,13.7955],[100.575,13.7955],[100.575,13.7975],[100.576,13.7975],[100.576,13.7965],[100.5765,13.7975],[100.5785,13.7975],[100.5785,13.7945],[100.5775,13.7945],[100.5775,13.793],[100.5785,13.793],[100.5785,13.792],[100.5765,13.792],[100.5765,13.7895],[100.573,13.7895],[100.574,13.79],[100.574,13.793],[100.573,13.793],[100.573,13.791],[100.572,13.791],[100.572,13.792],[100.569,13.792],[100.57,13.794]]],[[[100.571,13.8045],[100.573,13.8045],[100.572,13.8065],[100.571,13.8065],[100.571,13.8075],[100.572,13.8075],[100.572,13.809],[100.575,13.8085],[100.575,13.81],[100.576,13.81],[100.576,13.808],[100.577,13.808],[100.5765,13.8065],[100.5775,13.8065],[100.5775,13.8035],[100.5795,13.803],[100.5785,13.803],[100.5785,13.802],[100.5765,13.803],[100.5765,13.801],[100.576,13.8],[100.575,13.8],[100.575,13.799],[100.574,13.799],[100.574,13.7975],[100.572,13.7975],[100.572,13.7985],[100.573,13.7985],[100.573,13.8],[100.571,13.8],[100.571,13.801],[100.5695,13.801],[100.5695,13.802],[100.5685,13.802],[100.5685,13.8045],[100.57,13.804],[100.571,13.8045]]],[[[100.5675,13.8135],[100.5695,13.8135],[100.5695,13.812],[100.5685,13.812],[100.5685,13.813],[100.5675,13.8135]]],[[[100.5695,13.819],[100.5695,13.8165],[100.5675,13.8165],[100.5675,13.8175],[100.5665,13.8175],[100.5665,13.82],[100.5685,13.82],[100.5685,13.819],[100.5695,13.819]]],[[[100.5655,13.822],[100.5675,13.823],[100.5675,13.821],[100.5655,13.821],[100.5655,13.822]]],[[[100.566,13.859],[100.567,13.859],[100.567,13.858],[100.566,13.858],[100.566,13.859]]],[[[100.568,13.887],[100.568,13.8895],[100.57,13.8895],[100.57,13.8905],[100.571,13.8905],[100.571,13.8925],[100.5725,13.893],[100.5725,13.8915],[100.5745,13.8915],[100.5745,13.8895],[100.5725,13.8895],[100.5725,13.8885],[100.5735,13.888],[100.5715,13.887],[100.5715,13.884],[100.57,13.884],[100.57,13.885],[100.569,13.885],[100.569,13.886],[100.57,13.886],[100.57,13.888],[100.568,13.887]]],[[[100.5715,13.725],[100.5715,13.7215],[100.5705,13.7215],[100.5705,13.725],[100.5715,13.725]]],[[[100.5735,13.7575],[100.5725,13.7575],[100.5725,13.7585],[100.5735,13.7585],[100.5735,13.7575]]],[[[100.5765,13.7605],[100.5755,13.7605],[100.5755,13.7585],[100.5745,13.7585],[100.5745,13.7595],[100.5725,13.7595],[100.572,13.7585],[100.572,13.7615],[100.5765,13.7605]]],[[[100.5715,13.828],[100.5715,13.83],[100.573,13.83],[100.5725,13.828],[100.5715,13.828]]],[[[100.574,13.85],[100.576,13.8505],[100.579,13.85],[100.579,13.8515],[100.5805,13.8515],[100.58,13.856],[100.578,13.856],[100.578,13.858],[100.5855,13.858],[100.5855,13.859],[100.5875,13.858],[100.5865,13.855],[100.587,13.849],[100.5825,13.849],[100.5825,13.8505],[100.58,13.8505],[100.58,13.848],[100.5845,13.848],[100.5835,13.846],[100.5815,13.846],[100.5815,13.8435],[100.579,13.8435],[100.579,13.8455],[100.577,13.8455],[100.577,13.847],[100.574,13.847],[100.574,13.85]],[[100.578,13.847],[100.578,13.848],[100.577,13.848],[100.577,13.847],[100.578,13.847]],[[100.578,13.846],[100.579,13.846],[100.579,13.847],[100.578,13.847],[100.578,13.846]],[[100.579,13.848],[100.579,13.849],[100.578,13.849],[100.578,13.848],[100.579,13.848]],[[100.5855,13.85],[100.5855,13.8515],[100.5845,13.8515],[100.5845,13.85],[100.5855,13.85]],[[100.5845,13.8525],[100.5845,13.8535],[100.5835,13.8535],[100.5835,13.8525],[100.5845,13.8525]],[[100.5815,13.8535],[100.581,13.8545],[100.5805,13.8535],[100.5815,13.8535]]],[[[100.5735,13.887],[100.5745,13.887],[100.5745,13.886],[100.5755,13.886],[100.5755,13.887],[100.5775,13.887],[100.5775,13.888],[100.5765,13.888],[100.5765,13.8915],[100.578,13.8915],[100.578,13.8925],[100.582,13.893],[100.582,13.8915],[100.584,13.8905],[100.584,13.886],[100.583,13.886],[100.583,13.885],[100.581,13.884],[100.581,13.883],[100.582,13.883],[100.581,13.8825],[100.581,13.8815],[100.578,13.8815],[100.578,13.8795],[100.5765,13.8795],[100.5765,13.8815],[100.5745,13.8825],[100.5745,13.8835],[100.5735,13.8835],[100.5735,13.887]],[[100.578,13.885],[100.578,13.884],[100.579,13.884],[100.579,13.885],[100.578,13.885]],[[100.5775,13.8835],[100.5775,13.884],[100.5765,13.884],[100.5765,13.8835],[100.5775,13.8835]],[[100.583,13.8885],[100.583,13.8895],[100.582,13.8895],[100.582,13.8885],[100.583,13.8885]]],[[[100.5725,13.893],[100.5725,13.894],[100.5735,13.894],[100.5735,13.893],[100.5725,13.893]]],[[[100.577,13.7225],[100.578,13.7225],[100.578,13.7235],[100.576,13.724],[100.579,13.724],[100.578,13.726],[100.58,13.726],[100.58,13.727],[100.581,13.727],[100.5815,13.725],[100.582,13.728],[100.5835,13.725],[100.5855,13.726],[100.5855,13.723],[100.592,13.7225],[100.592,13.7205],[100.591,13.7205],[100.591,13.7185],[100.592,13.7185],[100.591,13.718],[100.591,13.716],[100.5935,13.716],[100.5945,13.714],[100.6,13.714],[100.6,13.7125],[100.5985,13.7125],[100.599,13.7105],[100.6,13.7105],[100.6,13.7085],[100.5975,13.7085],[100.5975,13.7105],[100.5965,13.7105],[100.5965,13.7095],[100.5945,13.7095],[100.5945,13.7105],[100.5935,13.7105],[100.5935,13.713],[100.5865,13.7125],[100.5865,13.7105],[100.5855,13.7105],[100.5855,13.7115],[100.5835,13.7115],[100.5835,13.714],[100.5825,13.714],[100.5815,13.716],[100.58,13.714],[100.58,13.717],[100.578,13.718],[100.578,13.719],[100.579,13.719],[100.579,13.7205],[100.577,13.7205],[100.577,13.7225]],[[100.5815,13.724],[100.5825,13.724],[100.5825,13.725],[100.5815,13.725],[100.5815,13.724]],[[100.5985,13.713],[100.5975,13.713],[100.5975,13.7125],[100.5985,13.7125],[100.5985,13.713]],[[100.5815,13.716],[100.5845,13.716],[100.5845,13.717],[100.5865,13.717],[100.587,13.716],[100.587,13.718],[100.588,13.7185],[100.587,13.7185],[100.5875,13.7205],[100.5865,13.7205],[100.5855,13.7225],[100.5825,13.7225],[100.5825,13.7195],[100.5835,13.7195],[100.5835,13.7185],[100.581,13.7185],[100.5825,13.718],[100.5815,13.716]],[[100.581,13.7205],[100.58,13.7205],[100.58,13.7195],[100.581,13.7195],[100.581,13.7205]],[[100.5865,13.7135],[100.5865,13.714],[100.5855,13.714],[100.5855,13.7135],[100.5865,13.7135]],[[100.588,13.7135],[100.589,13.7135],[100.589,13.714],[100.588,13.714],[100.588,13.7135]]],[[[100.576,13.8],[100.5765,13.8],[100.5765,13.799],[100.576,13.799],[100.576,13.8]]],[[[100.5855,13.884],[100.5855,13.885],[100.5875,13.885],[100.5875,13.886],[100.5885,13.886],[100.5885,13.885],[100.59,13.885],[100.59,13.884],[100.591,13.884],[100.591,13.8825],[100.59,13.8825],[100.59,13.8805],[100.5865,13.8805],[100.5865,13.8815],[100.5845,13.8815],[100.5845,13.8825],[100.5835,13.8825],[100.5835,13.885],[100.5855,13.884]]],[[[100.5845,13.886],[100.5855,13.886],[100.5855,13.885],[100.5845,13.885],[100.5845,13.886]]],[[[100.584,13.8915],[100.5845,13.8915],[100.5845,13.8905],[100.584,13.8905],[100.584,13.8915]]],[[[100.583,13.893],[100.582,13.895],[100.5845,13.895],[100.5845,13.896],[100.5875,13.896],[100.5875,13.895],[100.5865,13.895],[100.5865,13.893],[100.5855,13.893],[100.5855,13.8915],[100.5845,13.8915],[100.5845,13.893],[100.583,13.893]]],[[[100.5965,13.7085],[100.5975,13.7085],[100.5975,13.708],[100.5965,13.708],[100.5965,13.7085]]],[[[100.5945,13.7085],[100.5955,13.7085],[100.5955,13.708],[100.5945,13.708],[100.5945,13.7085]]],[[[100.592,13.7185],[100.592,13.7195],[100.593,13.7195],[100.593,13.7185],[100.592,13.7185]]],[[[100.588,13.8625],[100.588,13.8635],[100.589,13.864],[100.591,13.8635],[100.591,13.8625],[100.589,13.8625],[100.589,13.8615],[100.588,13.8615],[100.588,13.8595],[100.59,13.859],[100.5865,13.859],[100.5875,13.8595],[100.5865,13.8615],[100.5875,13.8615],[100.588,13.8625]]],[[[100.5865,13.8635],[100.5875,13.8635],[100.5875,13.8625],[100.5865,13.8625],[100.5865,13.8635]]],[[[100.59,13.864],[100.59,13.865],[100.591,13.865],[100.591,13.864],[100.59,13.864]]],[[[100.589,13.8695],[100.589,13.8725],[100.59,13.8725],[100.59,13.874],[100.592,13.874],[100.592,13.875],[100.595,13.875],[100.5955,13.8715],[100.5975,13.8715],[100.5975,13.8695],[100.5985,13.8695],[100.5985,13.8685],[100.5955,13.868],[100.5955,13.867],[100.594,13.867],[100.594,13.8685],[100.593,13.8685],[100.592,13.868],[100.592,13.866],[100.591,13.866],[100.591,13.8685],[100.589,13.8695]]],[[[100.594,13.8805],[100.593,13.8785],[100.5965,13.8785],[100.5965,13.8775],[100.594,13.8775],[100.594,13.876],[100.593,13.876],[100.593,13.8775],[100.59,13.878],[100.591,13.8785],[100.591,13.8805],[100.594,13.8805]]],[[[100.5975,13.8795],[100.5965,13.8815],[100.5985,13.8815],[100.5985,13.8795],[100.5995,13.8795],[100.5995,13.8805],[100.603,13.8805],[100.603,13.8785],[100.605,13.8785],[100.605,13.8775],[100.6015,13.877],[100.6005,13.8775],[100.6005,13.8785],[100.5965,13.8785],[100.5965,13.8795],[100.5975,13.8795]]],[[[100.595,13.882],[100.595,13.883],[100.596,13.883],[100.596,13.882],[100.595,13.882]]],[[[100.592,13.885],[100.593,13.885],[100.593,13.884],[100.592,13.884],[100.592,13.885]]],[[[100.5965,13.885],[100.5965,13.8885],[100.5985,13.8885],[100.5985,13.8895],[100.6025,13.8895],[100.603,13.8885],[100.603,13.8895],[100.604,13.8895],[100.604,13.8875],[100.606,13.8885],[100.606,13.8875],[100.607,13.8875],[100.607,13.886],[100.608,13.886],[100.608,13.883],[100.603,13.8805],[100.603,13.883],[100.602,13.883],[100.602,13.885],[100.6015,13.884],[100.5995,13.884],[100.5995,13.882],[100.5975,13.883],[100.5985,13.885],[100.5965,13.885]]],[[[100.593,13.9075],[100.593,13.906],[100.592,13.906],[100.592,13.9075],[100.593,13.9075]]],[[[100.6075,13.6745],[100.608,13.676],[100.608,13.6735],[100.609,13.6735],[100.609,13.6725],[100.6065,13.6725],[100.6065,13.6715],[100.6055,13.6715],[100.6055,13.6725],[100.6035,13.6725],[100.6035,13.675],[100.6075,13.6745]]],[[[100.6065,13.685],[100.6065,13.6835],[100.6035,13.684],[100.6035,13.686],[100.6045,13.686],[100.6045,13.685],[100.6065,13.685]]],[[[100.6035,13.6895],[100.603,13.6925],[100.6045,13.6925],[100.6045,13.6935],[100.602,13.694],[100.602,13.695],[100.603,13.695],[100.603,13.697],[100.6045,13.697],[100.6045,13.696],[100.6055,13.696],[100.6055,13.697],[100.6075,13.697],[100.6075,13.696],[100.6085,13.696],[100.6085,13.697],[100.61,13.697],[100.6095,13.695],[100.6085,13.695],[100.6085,13.693],[100.6075,13.6925],[100.61,13.6925],[100.61,13.6915],[100.612,13.6915],[100.612,13.6895],[100.611,13.6895],[100.611,13.6885],[100.609,13.6885],[100.6085,13.6895],[100.6085,13.6885],[100.6065,13.688],[100.6035,13.6895]],[[100.6045,13.694],[100.6055,13.694],[100.6055,13.695],[100.6045,13.695],[100.6045,13.694]]],[[[100.601,13.6905],[100.601,13.6915],[100.603,13.6915],[100.603,13.6905],[100.601,13.6905]]],[[[100.599,13.7005],[100.598,13.7005],[100.598,13.7015],[100.599,13.7015],[100.599,13.7025],[100.601,13.7025],[100.599,13.703],[100.6,13.707],[100.604,13.706],[100.603,13.704],[100.6055,13.704],[100.6055,13.705],[100.6075,13.705],[100.6075,13.703],[100.6085,13.703],[100.6085,13.7015],[100.6065,13.7015],[100.6065,13.7005],[100.6075,13.7005],[100.6075,13.6995],[100.6065,13.6995],[100.6065,13.698],[100.6045,13.6985],[100.6045,13.6995],[100.603,13.6995],[100.603,13.6985],[100.602,13.698],[100.601,13.698],[100.601,13.6995],[100.6,13.6995],[100.6,13.6985],[100.598,13.6985],[100.599,13.7005]],[[100.6065,13.7025],[100.6055,13.7025],[100.6055,13.7015],[100.6065,13.7015],[100.6065,13.7025]]],[[[100.603,13.6985],[100.604,13.6985],[100.604,13.698],[100.603,13.698],[100.603,13.6985]]],[[[100.5985,13.874],[100.5995,13.874],[100.6005,13.876],[100.605,13.876],[100.605,13.873],[100.604,13.873],[100.604,13.872],[100.605,13.872],[100.605,13.8695],[100.603,13.8695],[100.602,13.8715],[100.6005,13.8715],[100.6005,13.8725],[100.5985,13.8725],[100.5985,13.874]]],[[[100.5985,13.877],[100.5985,13.8775],[100.5995,13.8775],[100.5995,13.877],[100.5985,13.877]]],[[[100.606,13.8905],[100.606,13.891],[100.603,13.8905],[100.603,13.893],[100.605,13.893],[100.605,13.8955],[100.606,13.8955],[100.606,13.8965],[100.608,13.8965],[100.608,13.8975],[100.6095,13.8975],[100.6095,13.895],[100.6105,13.895],[100.6105,13.893],[100.6095,13.893],[100.609,13.892],[100.609,13.8885],[100.606,13.8885],[100.606,13.8895],[100.607,13.8895],[100.607,13.8905],[100.606,13.8905]]],[[[100.6025,13.8905],[100.603,13.8905],[100.603,13.8895],[100.6025,13.8895],[100.6025,13.8905]]],[[[100.61,13.6835],[100.61,13.685],[100.609,13.685],[100.6085,13.6835],[100.6075,13.6835],[100.6075,13.686],[100.6085,13.686],[100.6085,13.687],[100.61,13.687],[100.61,13.688],[100.613,13.688],[100.613,13.685],[100.6155,13.685],[100.6155,13.684],[100.614,13.6835],[100.614,13.6825],[100.613,13.6825],[100.613,13.6805],[100.612,13.6805],[100.612,13.6795],[100.609,13.6795],[100.609,13.6835],[100.61,13.6835]],[[100.611,13.6835],[100.611,13.6815],[100.612,13.6815],[100.612,13.6835],[100.611,13.6835]]],[[[100.626,13.855],[100.627,13.855],[100.627,13.856],[100.624,13.856],[100.6245,13.857],[100.627,13.8565],[100.627,13.8595],[100.625,13.8605],[100.625,13.8615],[100.626,13.861],[100.626,13.862],[100.628,13.862],[100.628,13.861],[100.63,13.8605],[100.63,13.8575],[100.631,13.8585],[100.6325,13.8585],[100.6345,13.855],[100.6365,13.856],[100.637,13.854],[100.638,13.854],[100.638,13.855],[100.64,13.855],[100.64,13.854],[100.642,13.854],[100.642,13.853],[100.639,13.853],[100.639,13.851],[100.637,13.851],[100.637,13.852],[100.636,13.852],[100.6365,13.853],[100.6345,13.854],[100.6335,13.852],[100.629,13.8515],[100.629,13.853],[100.626,13.853],[100.626,13.855]]],[[[100.6205,13.8615],[100.6185,13.8615],[100.6215,13.862],[100.6215,13.864],[100.6205,13.864],[100.6205,13.865],[100.6245,13.865],[100.625,13.8615],[100.6245,13.8605],[100.6235,13.8605],[100.6235,13.8585],[100.6245,13.8585],[100.6245,13.857],[100.6205,13.8575],[100.6205,13.8615]]],[[[100.617,13.862],[100.617,13.864],[100.619,13.864],[100.6185,13.862],[100.617,13.862]]],[[[100.6105,13.867],[100.6095,13.867],[100.6095,13.8685],[100.6125,13.867],[100.6125,13.866],[100.6105,13.866],[100.6105,13.867]]],[[[100.621,13.9175],[100.622,13.9175],[100.622,13.9165],[100.621,13.9165],[100.621,13.9175]]],[[[100.621,13.9175],[100.62,13.9175],[100.62,13.919],[100.621,13.919],[100.621,13.9175]]],[[[100.623,13.919],[100.623,13.9175],[100.622,13.9175],[100.622,13.919],[100.623,13.919]]],[[[100.7525,13.687],[100.7525,13.6885],[100.7535,13.6885],[100.7535,13.686],[100.7505,13.686],[100.7505,13.687],[100.7525,13.687]]],[[[100.7495,13.687],[100.747,13.687],[100.747,13.688],[100.7495,13.6885],[100.7495,13.687]]],[[[100.746,13.688],[100.7435,13.688],[100.7435,13.6885],[100.746,13.6885],[100.746,13.688]]],[[[100.7495,13.6885],[100.75,13.6915],[100.7525,13.6915],[100.7525,13.6905],[100.7505,13.6905],[100.7505,13.6885],[100.7495,13.6885]]],[[[100.747,13.6915],[100.747,13.6885],[100.746,13.6885],[100.746,13.6915],[100.747,13.6915]]],[[[100.747,13.6915],[100.747,13.6925],[100.749,13.6925],[100.749,13.6915],[100.747,13.6915]]],[[[100.675,13.832],[100.675,13.8295],[100.674,13.8295],[100.674,13.8275],[100.673,13.8275],[100.672,13.8295],[100.674,13.83],[100.674,13.832],[100.675,13.832]]],[[[100.662,13.8365],[100.662,13.8355],[100.661,13.8355],[100.661,13.8385],[100.66,13.8385],[100.6595,13.84],[100.662,13.84],[100.662,13.841],[100.663,13.841],[100.663,13.84],[100.665,13.84],[100.665,13.841],[100.666,13.841],[100.666,13.84],[100.6675,13.84],[100.6675,13.8365],[100.6665,13.8365],[100.6665,13.8355],[100.6675,13.835],[100.6655,13.835],[100.665,13.8365],[100.662,13.8365]],[[100.6665,13.8395],[100.666,13.8395],[100.666,13.8385],[100.6665,13.8385],[100.6665,13.8395]]],[[[100.651,13.841],[100.651,13.8455],[100.653,13.8455],[100.653,13.8465],[100.654,13.8465],[100.654,13.8455],[100.6545,13.8465],[100.6555,13.8465],[100.6555,13.845],[100.6565,13.845],[100.6565,13.844],[100.6585,13.844],[100.6585,13.843],[100.6595,13.843],[100.6595,13.842],[100.6575,13.842],[100.6575,13.841],[100.6595,13.841],[100.6595,13.84],[100.6565,13.8405],[100.6555,13.841],[100.6555,13.842],[100.652,13.842],[100.652,13.841],[100.651,13.841]],[[100.6555,13.844],[100.6555,13.843],[100.6565,13.843],[100.6565,13.844],[100.6555,13.844]]],[[[100.652,13.8405],[100.652,13.841],[100.653,13.841],[100.653,13.8405],[100.652,13.8405]]],[[[100.6435,13.8465],[100.6425,13.8465],[100.642,13.8475],[100.6425,13.8495],[100.641,13.8495],[100.641,13.8505],[100.642,13.851],[100.6475,13.8505],[100.6475,13.8495],[100.6485,13.8495],[100.649,13.851],[100.649,13.8495],[100.651,13.8485],[100.65,13.8465],[100.649,13.8465],[100.649,13.8455],[100.65,13.845],[100.6475,13.845],[100.6465,13.843],[100.6445,13.843],[100.6445,13.845],[100.6435,13.845],[100.6435,13.8465]],[[100.6475,13.846],[100.6465,13.846],[100.6465,13.845],[100.6475,13.845],[100.6475,13.846]]],[[[100.65,13.8455],[100.65,13.8465],[100.651,13.8465],[100.651,13.8455],[100.65,13.8455]]],[[[100.639,13.8495],[100.639,13.851],[100.64,13.851],[100.64,13.8495],[100.639,13.8495]]],[[[100.6475,13.853],[100.6475,13.854],[100.6485,13.854],[100.6485,13.853],[100.6475,13.853]]]]}},{"type":"Feature","properties":{"class":"3","n":3,"threshold_min":15,"speed_kmh":4.0},"geometry":{"type":"MultiPolygon","coordinates":[[[[100.506,13.7185],[100.505,13.719],[100.505,13.72],[100.506,13.72],[100.506,13.722],[100.504,13.721],[100.503,13.723],[100.508,13.723],[100.508,13.721],[100.5095,13.721],[100.5105,13.723],[100.5115,13.723],[100.5115,13.719],[100.5095,13.7185],[100.5095,13.7175],[100.5075,13.7175],[100.5075,13.7165],[100.507,13.7185],[100.506,13.7185]],[[100.5105,13.72],[100.5095,13.72],[100.5095,13.719],[100.5105,13.719],[100.5105,13.72]]],[[[100.517,13.72],[100.517,13.721],[100.518,13.721],[100.518,13.7225],[100.52,13.7235],[100.5205,13.7265],[100.5225,13.7265],[100.5225,13.728],[100.5235,13.728],[100.5235,13.729],[100.5255,13.729],[100.5255,13.727],[100.5235,13.727],[100.5245,13.7265],[100.5245,13.7245],[100.5255,13.7245],[100.5255,13.7235],[100.5265,13.7255],[100.528,13.7255],[100.528,13.7245],[100.527,13.7245],[100.528,13.7225],[100.53,13.7225],[100.53,13.7235],[100.5325,13.7235],[100.5325,13.7225],[100.531,13.7225],[100.531,13.72],[100.53,13.72],[100.53,13.719],[100.528,13.718],[100.528,13.7155],[100.5255,13.7155],[100.5245,13.7175],[100.5225,13.7175],[100.5225,13.7165],[100.5215,13.7165],[100.5215,13.7145],[100.5205,13.7145],[100.5205,13.7155],[100.5195,13.7155],[100.5195,13.7165],[100.518,13.7165],[100.518,13.7175],[100.516,13.7175],[100.517,13.718],[100.517,13.719],[100.518,13.719],[100.518,13.72],[100.517,13.72]],[[100.5225,13.718],[100.5245,13.719],[100.5245,13.721],[100.5225,13.721],[100.5225,13.722],[100.5215,13.722],[100.5215,13.721],[100.5205,13.721],[100.5205,13.718],[100.5215,13.7175],[100.5225,13.718]],[[100.5205,13.7245],[100.5205,13.7225],[100.5215,13.7225],[100.5225,13.7245],[100.5205,13.7245]]],[[[100.466,13.7195],[100.466,13.7185],[100.465,13.7185],[100.465,13.7195],[100.466,13.7195]]],[[[100.491,13.721],[100.492,13.721],[100.493,13.723],[100.494,13.723],[100.494,13.722],[100.4955,13.722],[100.4965,13.72],[100.492,13.7195],[100.491,13.72],[100.491,13.721]]],[[[100.478,13.721],[100.478,13.7205],[100.477,13.7205],[100.477,13.721],[100.478,13.721]]],[[[100.479,13.722],[100.479,13.721],[100.478,13.721],[100.478,13.722],[100.479,13.722]]],[[[100.467,13.725],[100.466,13.725],[100.466,13.724],[100.4645,13.724],[100.4645,13.726],[100.467,13.726],[100.467,13.725]]],[[[100.5115,13.7245],[100.5115,13.7235],[100.5105,13.7235],[100.5105,13.7245],[100.5115,13.7245]]],[[[100.5085,13.7245],[100.508,13.7245],[100.508,13.7255],[100.5085,13.7255],[100.5085,13.7245]]],[[[100.5105,13.7255],[100.5105,13.7245],[100.5095,13.7245],[100.5095,13.7255],[100.5105,13.7255]]],[[[100.5015,13.7275],[100.502,13.7255],[100.5005,13.7255],[100.5005,13.7265],[100.4995,13.7265],[100.4995,13.7275],[100.5015,13.7275]]],[[[100.504,13.7265],[100.504,13.7255],[100.503,13.7255],[100.503,13.7265],[100.504,13.7265]]],[[[100.5095,13.7265],[100.5095,13.7255],[100.5085,13.7255],[100.5085,13.7265],[100.5095,13.7265]]],[[[100.509,13.7435],[100.5095,13.7445],[100.5115,13.7435],[100.5115,13.741],[100.5095,13.741],[100.5095,13.74],[100.508,13.74],[100.508,13.742],[100.509,13.742],[100.509,13.7435]]],[[[100.5025,13.7465],[100.5035,13.7465],[100.504,13.7455],[100.503,13.74],[100.5025,13.7445],[100.5015,13.7445],[100.5025,13.7465]]],[[[100.5115,13.7455],[100.5115,13.7445],[100.5105,13.7445],[100.5105,13.7455],[100.5115,13.7455]]],[[[100.5025,13.748],[100.5025,13.7465],[100.5015,13.7465],[100.5015,13.748],[100.5025,13.748]]],[[[100.518,13.854],[100.518,13.8565],[100.5195,13.8565],[100.5195,13.8575],[100.5205,13.8575],[100.5205,13.8555],[100.5195,13.8555],[100.519,13.854],[100.518,13.854]]],[[[100.515,13.86],[100.515,13.8595],[100.514,13.8595],[100.514,13.86],[100.515,13.86]]],[[[100.518,13.8645],[100.518,13.8685],[100.52,13.8685],[100.5205,13.8645],[100.518,13.8645]]],[[[100.509,13.9055],[100.509,13.9045],[100.508,13.9045],[100.508,13.9055],[100.509,13.9055]]],[[[100.506,13.907],[100.506,13.9065],[100.505,13.9065],[100.505,13.907],[100.506,13.907]]],[[[100.527,13.7315],[100.528,13.7315],[100.527,13.731],[100.527,13.729],[100.5255,13.729],[100.5255,13.73],[100.5265,13.73],[100.5265,13.7325],[100.527,13.7315]]],[[[100.5255,13.74],[100.5255,13.739],[100.5245,13.739],[100.5245,13.74],[100.5255,13.74]]],[[[100.531,13.746],[100.531,13.748],[100.534,13.748],[100.534,13.749],[100.5355,13.749],[100.5345,13.747],[100.533,13.747],[100.533,13.746],[100.532,13.746],[100.532,13.7445],[100.533,13.7445],[100.533,13.7435],[100.531,13.7435],[100.531,13.7415],[100.533,13.7405],[100.533,13.739],[100.53,13.739],[100.53,13.738],[100.529,13.738],[100.529,13.741],[100.528,13.7415],[100.53,13.7415],[100.53,13.7425],[100.528,13.7435],[100.529,13.7455],[100.5255,13.746],[100.5255,13.747],[100.5265,13.747],[100.5265,13.75],[100.5285,13.75],[100.529,13.748],[100.53,13.748],[100.53,13.746],[100.531,13.746]]],[[[100.5225,13.854],[100.5195,13.854],[100.5195,13.8545],[100.5225,13.8545],[100.5225,13.854]]],[[[100.5215,13.8575],[100.5205,13.8575],[100.5205,13.8585],[100.5215,13.8585],[100.5215,13.8575]]],[[[100.53,13.7235],[100.529,13.7235],[100.529,13.7245],[100.53,13.7245],[100.53,13.7235]]],[[[100.529,13.7315],[100.529,13.7325],[100.527,13.7325],[100.528,13.7345],[100.53,13.7335],[100.53,13.7355],[100.5335,13.7355],[100.5335,13.7335],[100.5355,13.7325],[100.5355,13.73],[100.5335,13.73],[100.5335,13.731],[100.529,13.7315]],[[100.532,13.7335],[100.532,13.7345],[100.531,13.7345],[100.531,13.7335],[100.532,13.7335]]],[[[100.5285,13.7545],[100.531,13.7545],[100.531,13.7535],[100.529,13.7525],[100.529,13.7505],[100.5285,13.7515],[100.5265,13.7515],[100.5265,13.7535],[100.5285,13.7535],[100.5285,13.7545]]],[[[100.53,13.757],[100.53,13.7595],[100.533,13.7595],[100.533,13.756],[100.532,13.756],[100.532,13.755],[100.531,13.755],[100.531,13.757],[100.53,13.757]]],[[[100.5335,13.7235],[100.5325,13.7235],[100.5325,13.7245],[100.5335,13.7245],[100.5335,13.7235]]],[[[100.5355,13.7255],[100.5355,13.7245],[100.5345,13.7245],[100.5345,13.7255],[100.5355,13.7255]]],[[[100.539,13.728],[100.539,13.73],[100.54,13.73],[100.54,13.7315],[100.542,13.7305],[100.542,13.7345],[100.544,13.7345],[100.544,13.7335],[100.543,13.7335],[100.543,13.7325],[100.544,13.7325],[100.544,13.7315],[100.543,13.7315],[100.543,13.7305],[100.544,13.7305],[100.543,13.73],[100.543,13.729],[100.544,13.729],[100.544,13.727],[100.5465,13.727],[100.5465,13.7255],[100.542,13.7255],[100.542,13.7245],[100.54,13.7235],[100.54,13.7255],[100.5385,13.726],[100.539,13.728]]],[[[100.5385,13.737],[100.5385,13.739],[100.5395,13.739],[100.5395,13.7425],[100.546,13.7425],[100.546,13.7445],[100.5475,13.745],[100.5475,13.746],[100.5485,13.746],[100.5485,13.747],[100.5505,13.747],[100.5505,13.745],[100.5515,13.745],[100.5515,13.744],[100.554,13.744],[100.554,13.746],[100.553,13.746],[100.553,13.7485],[100.556,13.748],[100.556,13.747],[100.557,13.747],[100.557,13.745],[100.556,13.745],[100.556,13.744],[100.553,13.7435],[100.553,13.7425],[100.5525,13.7435],[100.5515,13.7435],[100.5515,13.7415],[100.554,13.7415],[100.554,13.7395],[100.553,13.7395],[100.553,13.737],[100.552,13.737],[100.5525,13.7405],[100.5505,13.7405],[100.5505,13.7395],[100.5495,13.739],[100.5485,13.739],[100.5485,13.7405],[100.546,13.7405],[100.545,13.74],[100.545,13.736],[100.544,13.736],[100.544,13.738],[100.542,13.738],[100.542,13.7405],[100.543,13.7405],[100.543,13.7415],[100.54,13.7415],[100.54,13.7405],[100.541,13.7405],[100.54,13.74],[100.54,13.7355],[100.543,13.736],[100.543,13.735],[100.54,13.7345],[100.54,13.7315],[100.539,13.7315],[100.5395,13.7325],[100.5375,13.7325],[100.5375,13.737],[100.5385,13.737]],[[100.5385,13.736],[100.5395,13.736],[100.5395,13.737],[100.5385,13.737],[100.5385,13.736]],[[100.555,13.746],[100.555,13.747],[100.554,13.747],[100.554,13.746],[100.555,13.746]],[[100.5485,13.7415],[100.5485,13.7425],[100.5475,13.7425],[100.5475,13.7415],[100.5485,13.7415]]],[[[100.5365,13.736],[100.5365,13.7355],[100.5355,13.7355],[100.5355,13.736],[100.5365,13.736]]],[[[100.5375,13.7435],[100.5395,13.7445],[100.5395,13.7425],[100.5375,13.7425],[100.5375,13.7435]]],[[[100.5375,13.747],[100.5365,13.747],[100.5365,13.748],[100.5375,13.748],[100.5375,13.747]]],[[[100.5395,13.7505],[100.5385,13.7505],[100.5385,13.7515],[100.5365,13.7525],[100.5365,13.7545],[100.534,13.7545],[100.534,13.756],[100.5355,13.756],[100.5355,13.755],[100.5375,13.756],[100.5375,13.755],[100.5385,13.755],[100.5385,13.7535],[100.5395,13.7535],[100.5395,13.7515],[100.5405,13.7515],[100.541,13.7495],[100.5395,13.749],[100.5395,13.748],[100.5385,13.748],[100.5385,13.7495],[100.5395,13.7495],[100.5395,13.7505]]],[[[100.534,13.75],[100.534,13.7515],[100.535,13.7515],[100.535,13.75],[100.534,13.75]]],[[[100.5355,13.7535],[100.5355,13.7525],[100.535,13.7525],[100.535,13.7535],[100.5355,13.7535]]],[[[100.534,13.7545],[100.534,13.7535],[100.533,13.7535],[100.533,13.7545],[100.534,13.7545]]],[[[100.5385,13.757],[100.5385,13.758],[100.5375,13.758],[100.5375,13.759],[100.5365,13.7595],[100.534,13.759],[100.534,13.7605],[100.5355,13.7605],[100.5355,13.7615],[100.5375,13.7615],[100.5375,13.7625],[100.5385,13.7625],[100.5385,13.7615],[100.5405,13.7615],[100.5405,13.7635],[100.5365,13.764],[100.536,13.766],[100.5395,13.766],[100.5395,13.764],[100.542,13.764],[100.5415,13.7595],[100.542,13.7605],[100.543,13.7605],[100.543,13.756],[100.5375,13.756],[100.5375,13.757],[100.5385,13.757]]],[[[100.5395,13.9],[100.5385,13.9],[100.5385,13.9005],[100.5395,13.9005],[100.5395,13.9]]],[[[100.54,13.7225],[100.539,13.7225],[100.539,13.7235],[100.54,13.7235],[100.54,13.7225]]],[[[100.543,13.747],[100.543,13.746],[100.542,13.746],[100.542,13.747],[100.543,13.747]]],[[[100.5415,13.7695],[100.5405,13.7695],[100.5405,13.7715],[100.5425,13.7725],[100.5425,13.7705],[100.5415,13.7705],[100.5415,13.7695]]],[[[100.5425,13.7785],[100.5415,13.7785],[100.5415,13.7805],[100.5425,13.7805],[100.5425,13.7815],[100.5435,13.782],[100.548,13.7815],[100.548,13.7805],[100.549,13.7805],[100.549,13.7795],[100.547,13.7795],[100.547,13.7785],[100.544,13.777],[100.544,13.776],[100.543,13.776],[100.5425,13.7785]],[[100.546,13.7795],[100.545,13.7795],[100.545,13.7785],[100.546,13.7785],[100.546,13.7795]]],[[[100.543,13.9015],[100.543,13.9045],[100.544,13.9045],[100.545,13.9025],[100.543,13.9015]]],[[[100.546,13.749],[100.545,13.749],[100.545,13.748],[100.543,13.747],[100.543,13.749],[100.546,13.749]]],[[[100.547,13.7505],[100.547,13.7495],[100.546,13.7495],[100.546,13.7505],[100.547,13.7505]]],[[[100.545,13.7885],[100.549,13.7905],[100.549,13.7875],[100.55,13.7875],[100.5505,13.7865],[100.55,13.785],[100.548,13.785],[100.548,13.784],[100.546,13.783],[100.546,13.784],[100.545,13.784],[100.545,13.787],[100.544,13.787],[100.545,13.7875],[100.545,13.7885]]],[[[100.549,13.795],[100.549,13.791],[100.547,13.792],[100.547,13.795],[100.549,13.795]]],[[[100.549,13.7965],[100.549,13.796],[100.548,13.796],[100.548,13.7965],[100.549,13.7965]]],[[[100.545,13.7965],[100.5435,13.7965],[100.5435,13.7975],[100.545,13.7975],[100.545,13.7965]]],[[[100.547,13.8005],[100.547,13.7985],[100.546,13.7985],[100.546,13.8005],[100.547,13.8005]]],[[[100.548,13.802],[100.548,13.8005],[100.547,13.8005],[100.547,13.802],[100.548,13.802]]],[[[100.5505,13.7235],[100.5505,13.7245],[100.552,13.7245],[100.552,13.726],[100.553,13.726],[100.553,13.7235],[100.554,13.7235],[100.554,13.7225],[100.556,13.7225],[100.556,13.7215],[100.553,13.72],[100.552,13.7205],[100.552,13.7215],[100.551,13.7215],[100.5505,13.7235]]],[[[100.556,13.736],[100.555,13.736],[100.555,13.738],[100.556,13.738],[100.556,13.737],[100.557,13.737],[100.557,13.738],[100.5585,13.738],[100.558,13.7425],[100.557,13.7425],[100.557,13.7435],[100.556,13.744],[100.5595,13.7435],[100.5595,13.745],[100.5605,13.745],[100.5605,13.7435],[100.5625,13.7425],[100.5625,13.7405],[100.5635,13.7405],[100.5635,13.7395],[100.5625,13.7395],[100.5625,13.7385],[100.5635,13.738],[100.5605,13.738],[100.5605,13.737],[100.5595,13.737],[100.5595,13.736],[100.5605,13.736],[100.5605,13.7335],[100.5585,13.7335],[100.5575,13.7305],[100.5585,13.7305],[100.5585,13.7295],[100.557,13.7295],[100.556,13.7335],[100.554,13.7335],[100.554,13.7345],[100.556,13.7345],[100.556,13.736]],[[100.5605,13.7425],[100.5605,13.7415],[100.5615,13.7415],[100.5615,13.7425],[100.5605,13.7425]],[[100.5615,13.7395],[100.5615,13.7405],[100.5605,13.7405],[100.5605,13.7395],[100.5615,13.7395]]],[[[100.5515,13.793],[100.5505,13.793],[100.551,13.794],[100.5515,13.793]]],[[[100.5555,13.7955],[100.5555,13.795],[100.5545,13.795],[100.5545,13.7955],[100.5555,13.7955]]],[[[100.5555,13.803],[100.5555,13.802],[100.5545,13.802],[100.5545,13.803],[100.5555,13.803]]],[[[100.5545,13.804],[100.5525,13.804],[100.5525,13.8055],[100.5545,13.805],[100.5545,13.804]]],[[[100.552,13.805],[100.55,13.805],[100.55,13.8055],[100.552,13.8055],[100.552,13.805]]],[[[100.5565,13.8095],[100.5565,13.8075],[100.5575,13.8075],[100.5575,13.8085],[100.56,13.8085],[100.56,13.8065],[100.558,13.8075],[100.558,13.8055],[100.5545,13.8055],[100.5545,13.8085],[100.5565,13.8095]]],[[[100.5575,13.811],[100.5565,13.811],[100.5565,13.813],[100.5585,13.813],[100.5575,13.811]]],[[[100.5615,13.7305],[100.5625,13.7305],[100.5625,13.7335],[100.564,13.734],[100.5635,13.738],[100.565,13.738],[100.565,13.737],[100.567,13.737],[100.567,13.735],[100.568,13.735],[100.568,13.7335],[100.569,13.7335],[100.569,13.7315],[100.57,13.7315],[100.57,13.7305],[100.567,13.7305],[100.567,13.7295],[100.565,13.729],[100.5615,13.7295],[100.5615,13.728],[100.5595,13.727],[100.5595,13.7325],[100.5615,13.7325],[100.5615,13.7305]],[[100.565,13.735],[100.565,13.736],[100.564,13.736],[100.564,13.735],[100.565,13.735]],[[100.565,13.7325],[100.564,13.7325],[100.564,13.7315],[100.565,13.7315],[100.565,13.7325]],[[100.565,13.7305],[100.566,13.7305],[100.566,13.7315],[100.565,13.7315],[100.565,13.7305]],[[100.567,13.7315],[100.567,13.7325],[100.566,13.7325],[100.566,13.7315],[100.567,13.7315]]],[[[100.5615,13.7335],[100.5615,13.735],[100.5625,13.735],[100.5625,13.7335],[100.5615,13.7335]]],[[[100.5615,13.744],[100.5615,13.746],[100.5635,13.747],[100.5635,13.745],[100.5645,13.745],[100.5645,13.744],[100.5635,13.744],[100.5635,13.743],[100.5615,13.744]]],[[[100.559,13.8095],[100.559,13.813],[100.56,13.813],[100.56,13.8095],[100.559,13.8095]]],[[[100.564,13.812],[100.564,13.813],[100.565,13.813],[100.5645,13.811],[100.5665,13.811],[100.5665,13.81],[100.5645,13.81],[100.5645,13.809],[100.563,13.809],[100.563,13.812],[100.564,13.812]]],[[[100.561,13.8185],[100.56,13.819],[100.562,13.819],[100.562,13.821],[100.563,13.821],[100.563,13.82],[100.564,13.82],[100.564,13.821],[100.565,13.821],[100.565,13.82],[100.5665,13.82],[100.5665,13.8175],[100.5655,13.8175],[100.565,13.8155],[100.563,13.8155],[100.563,13.8165],[100.561,13.8155],[100.561,13.8185]],[[100.562,13.8185],[100.563,13.8185],[100.563,13.819],[100.562,13.819],[100.562,13.8185]]],[[[100.56,13.821],[100.56,13.82],[100.5595,13.82],[100.5595,13.821],[100.56,13.821]]],[[[100.5595,13.822],[100.5595,13.821],[100.5585,13.821],[100.5585,13.822],[100.5595,13.822]]],[[[100.565,13.7385],[100.566,13.7385],[100.566,13.738],[100.565,13.738],[100.565,13.7385]]],[[[100.567,13.7385],[100.566,13.7385],[100.566,13.7395],[100.567,13.7395],[100.567,13.7385]]],[[[100.5635,13.7495],[100.5635,13.7505],[100.5645,13.7505],[100.5645,13.7485],[100.5625,13.7485],[100.5625,13.7495],[100.5635,13.7495]]],[[[100.566,13.756],[100.5645,13.756],[100.5645,13.7575],[100.5655,13.7575],[100.566,13.756]]],[[[100.565,13.8245],[100.5665,13.8245],[100.5665,13.8255],[100.5675,13.8255],[100.5675,13.8235],[100.5685,13.823],[100.5655,13.823],[100.5655,13.822],[100.564,13.822],[100.564,13.823],[100.565,13.823],[100.565,13.8245]]],[[[100.5685,13.829],[100.5695,13.829],[100.5695,13.831],[100.5685,13.831],[100.5685,13.832],[100.5725,13.832],[100.573,13.83],[100.5715,13.83],[100.5715,13.828],[100.5685,13.8275],[100.5685,13.829]]],[[[100.569,13.8905],[100.57,13.8905],[100.57,13.8895],[100.567,13.889],[100.567,13.8915],[100.569,13.8915],[100.569,13.8905]]],[[[100.5825,13.7205],[100.5825,13.7225],[100.5855,13.7225],[100.5855,13.7215],[100.5865,13.7215],[100.587,13.7185],[100.588,13.718],[100.5865,13.718],[100.5865,13.717],[100.5835,13.717],[100.5835,13.7205],[100.5825,13.7205]]],[[[100.579,13.725],[100.579,13.724],[100.576,13.724],[100.576,13.726],[100.578,13.726],[100.578,13.725],[100.579,13.725]]],[[[100.575,13.7895],[100.575,13.7885],[100.574,13.7885],[100.574,13.7895],[100.575,13.7895]]],[[[100.5765,13.799],[100.5765,13.7975],[100.575,13.7975],[100.575,13.7955],[100.574,13.7955],[100.574,13.799],[100.575,13.799],[100.575,13.8],[100.576,13.8],[100.5765,13.799]]],[[[100.573,13.837],[100.5715,13.837],[100.5715,13.838],[100.574,13.838],[100.574,13.839],[100.575,13.839],[100.575,13.8365],[100.576,13.8365],[100.576,13.8355],[100.575,13.8355],[100.575,13.8345],[100.5725,13.8345],[100.573,13.837]]],[[[100.576,13.8425],[100.576,13.8455],[100.579,13.8455],[100.579,13.8425],[100.578,13.8425],[100.578,13.8415],[100.576,13.8425]]],[[[100.58,13.8505],[100.5825,13.8505],[100.5825,13.848],[100.58,13.848],[100.58,13.8505]]],[[[100.5875,13.859],[100.5875,13.858],[100.5865,13.858],[100.5865,13.859],[100.5875,13.859]]],[[[100.591,13.8805],[100.591,13.8785],[100.589,13.8785],[100.5895,13.8795],[100.5885,13.8795],[100.5885,13.8805],[100.591,13.8805]]],[[[100.595,13.882],[100.5965,13.8815],[100.5975,13.8795],[100.5965,13.8795],[100.5965,13.8785],[100.593,13.8785],[100.593,13.8795],[100.594,13.8795],[100.594,13.8805],[100.593,13.8805],[100.593,13.8825],[100.595,13.883],[100.595,13.882]]],[[[100.5835,13.885],[100.583,13.8825],[100.581,13.883],[100.582,13.885],[100.5835,13.885]]],[[[100.5725,13.8895],[100.5765,13.8905],[100.5765,13.888],[100.5775,13.888],[100.5775,13.887],[100.5755,13.887],[100.5755,13.886],[100.5745,13.886],[100.5725,13.8895]]],[[[100.611,13.6885],[100.61,13.688],[100.61,13.687],[100.609,13.687],[100.6085,13.6895],[100.609,13.6885],[100.611,13.6885]]],[[[100.604,13.6995],[100.6045,13.6985],[100.6065,13.698],[100.6055,13.696],[100.6045,13.696],[100.604,13.6995]]],[[[100.651,13.8455],[100.651,13.845],[100.65,13.845],[100.65,13.8455],[100.651,13.8455]]],[[[100.6355,13.854],[100.6355,13.853],[100.6345,13.853],[100.6345,13.854],[100.6355,13.854]]],[[[100.6235,13.8605],[100.6245,13.8605],[100.625,13.8615],[100.625,13.8605],[100.627,13.8595],[100.627,13.8575],[100.626,13.8575],[100.626,13.8565],[100.6245,13.857],[100.6245,13.8585],[100.6235,13.8585],[100.6235,13.8605]]],[[[100.595,13.874],[100.5975,13.874],[100.5975,13.875],[100.5985,13.875],[100.5985,13.877],[100.5995,13.877],[100.5995,13.8785],[100.6015,13.8775],[100.6015,13.876],[100.6005,13.876],[100.5995,13.874],[100.5975,13.873],[100.5975,13.8715],[100.5955,13.8715],[100.595,13.874]]],[[[100.594,13.8775],[100.5955,13.8775],[100.595,13.877],[100.5955,13.875],[100.594,13.875],[100.594,13.8775]]],[[[100.5985,13.877],[100.5965,13.8775],[100.5965,13.8785],[100.5985,13.8785],[100.5985,13.877]]],[[[100.5985,13.882],[100.6005,13.882],[100.5995,13.884],[100.6015,13.884],[100.602,13.885],[100.602,13.883],[100.603,13.883],[100.603,13.8805],[100.5995,13.8805],[100.5995,13.8795],[100.5985,13.8795],[100.5985,13.882]]],[[[100.604,13.891],[100.607,13.8905],[100.607,13.8895],[100.606,13.8895],[100.605,13.8875],[100.604,13.8875],[100.604,13.8895],[100.603,13.8895],[100.603,13.8905],[100.604,13.891]]],[[[100.622,13.9175],[100.621,13.9175],[100.621,13.918],[100.622,13.918],[100.622,13.9175]]]]}},{"type":"Feature","properties":{"class":"4+","n":4,"threshold_min":15,"speed_kmh":4.0},"geometry":{"type":"MultiPolygon","coordinates":[[[[100.5215,13.721],[100.5215,13.722],[100.5225,13.722],[100.5225,13.72],[100.5245,13.721],[100.5245,13.719],[100.5235,13.719],[100.5235,13.718],[100.5205,13.718],[100.5205,13.721],[100.5215,13.721]]],[[[100.5085,13.7245],[100.5085,13.7255],[100.5095,13.7255],[100.5105,13.7235],[100.5115,13.7235],[100.5105,13.723],[100.5105,13.722],[100.5095,13.722],[100.5095,13.721],[100.508,13.721],[100.508,13.723],[100.507,13.723],[100.5085,13.7245]]],[[[100.505,13.722],[100.506,13.722],[100.506,13.721],[100.505,13.721],[100.505,13.722]]],[[[100.528,13.7255],[100.5265,13.7255],[100.5255,13.7235],[100.5255,13.7245],[100.5245,13.7245],[100.5245,13.7265],[100.5235,13.727],[100.5255,13.727],[100.5255,13.729],[100.527,13.729],[100.527,13.731],[100.528,13.731],[100.527,13.7315],[100.527,13.7325],[100.529,13.7325],[100.529,13.7315],[100.5335,13.731],[100.5335,13.73],[100.5355,13.73],[100.5355,13.7325],[100.5335,13.7335],[100.533,13.7355],[100.5335,13.737],[100.5355,13.737],[100.5355,13.7355],[100.5375,13.7345],[100.5375,13.7325],[100.5395,13.7325],[100.539,13.7315],[100.54,13.7315],[100.54,13.73],[100.5385,13.73],[100.539,13.729],[100.5385,13.726],[100.54,13.7255],[100.539,13.7215],[100.5365,13.7215],[100.5365,13.7225],[100.5345,13.7215],[100.5345,13.7225],[100.5325,13.7225],[100.5325,13.7235],[100.53,13.7235],[100.53,13.7225],[100.528,13.7225],[100.528,13.7235],[100.527,13.7235],[100.528,13.7255]],[[100.5355,13.7335],[100.5355,13.7345],[100.5345,13.7345],[100.5345,13.7335],[100.5355,13.7335]],[[100.5365,13.7325],[100.5365,13.7315],[100.5375,13.7315],[100.5375,13.7325],[100.5365,13.7325]],[[100.5335,13.7235],[100.5335,13.7245],[100.5325,13.7245],[100.5325,13.7235],[100.5335,13.7235]],[[100.53,13.7245],[100.529,13.7245],[100.529,13.7235],[100.53,13.7235],[100.53,13.7245]],[[100.5355,13.7245],[100.5355,13.726],[100.5345,13.7265],[100.5345,13.7245],[100.5355,13.7245]]],[[[100.5205,13.7225],[100.5205,13.7245],[100.5225,13.7245],[100.5215,13.7225],[100.5205,13.7225]]],[[[100.5015,13.7275],[100.502,13.7275],[100.502,13.7265],[100.5015,13.7265],[100.5015,13.7275]]],[[[100.53,13.7525],[100.53,13.7535],[100.531,13.7535],[100.531,13.755],[100.533,13.756],[100.533,13.759],[100.5365,13.7595],[100.5375,13.759],[100.5375,13.758],[100.5385,13.758],[100.5385,13.757],[100.5375,13.757],[100.5365,13.755],[100.5355,13.755],[100.5355,13.756],[100.534,13.756],[100.534,13.7545],[100.533,13.7545],[100.533,13.7535],[100.535,13.7535],[100.535,13.7545],[100.5365,13.7545],[100.5365,13.7525],[100.5385,13.7515],[100.5385,13.7505],[100.5355,13.7505],[100.5355,13.749],[100.5345,13.749],[100.535,13.7515],[100.534,13.7515],[100.534,13.749],[100.531,13.749],[100.531,13.746],[100.53,13.746],[100.53,13.748],[100.529,13.748],[100.5285,13.749],[100.529,13.7525],[100.53,13.7525]],[[100.535,13.7525],[100.5355,13.7525],[100.5355,13.7535],[100.535,13.7535],[100.535,13.7525]]],[[[100.531,13.7225],[100.532,13.7225],[100.532,13.722],[100.531,13.722],[100.531,13.7225]]],[[[100.533,13.746],[100.533,13.747],[100.5345,13.747],[100.5345,13.746],[100.5355,13.746],[100.5355,13.749],[100.5365,13.749],[100.5365,13.746],[100.5375,13.746],[100.5375,13.749],[100.5385,13.749],[100.5385,13.745],[100.5395,13.745],[100.5395,13.747],[100.5405,13.747],[100.5395,13.749],[100.542,13.7495],[100.543,13.749],[100.543,13.747],[100.542,13.747],[100.542,13.7445],[100.545,13.746],[100.545,13.7445],[100.546,13.7445],[100.546,13.7425],[100.5395,13.7425],[100.5395,13.7445],[100.5385,13.7445],[100.5375,13.7425],[100.5355,13.7425],[100.5355,13.7405],[100.5345,13.7405],[100.534,13.7435],[100.532,13.7445],[100.532,13.746],[100.533,13.746]]],[[[100.541,13.7305],[100.54,13.7345],[100.542,13.7345],[100.542,13.7305],[100.541,13.7305]]],[[[100.5385,13.737],[100.5395,13.737],[100.5395,13.736],[100.5385,13.736],[100.5385,13.737]]],[[[100.543,13.7415],[100.543,13.7405],[100.54,13.7405],[100.54,13.7415],[100.543,13.7415]]],[[[100.5395,13.7495],[100.5385,13.7495],[100.5385,13.7505],[100.5395,13.7505],[100.5395,13.7495]]],[[[100.549,13.796],[100.545,13.7965],[100.546,13.7985],[100.548,13.7985],[100.548,13.7995],[100.547,13.7995],[100.547,13.8005],[100.548,13.8005],[100.548,13.803],[100.546,13.804],[100.546,13.805],[100.548,13.8055],[100.548,13.8065],[100.549,13.8065],[100.549,13.804],[100.55,13.804],[100.55,13.805],[100.5525,13.805],[100.5525,13.803],[100.5545,13.804],[100.5545,13.8],[100.5555,13.8],[100.5555,13.7965],[100.5565,13.7965],[100.5565,13.7955],[100.551,13.796],[100.55,13.792],[100.549,13.792],[100.549,13.795],[100.547,13.795],[100.547,13.796],[100.549,13.796]],[[100.55,13.801],[100.551,13.801],[100.551,13.803],[100.55,13.803],[100.55,13.801]]],[[[100.5425,13.7975],[100.5435,13.7975],[100.5435,13.7965],[100.5425,13.7965],[100.5425,13.7975]]],[[[100.553,13.738],[100.553,13.7395],[100.554,13.7395],[100.554,13.7415],[100.5515,13.7415],[100.5515,13.7435],[100.5525,13.7435],[100.5525,13.7425],[100.553,13.7435],[100.555,13.744],[100.557,13.7435],[100.557,13.7425],[100.558,13.7425],[100.5585,13.738],[100.557,13.738],[100.557,13.737],[100.556,13.737],[100.555,13.739],[100.553,13.738]]],[[[100.559,13.813],[100.559,13.8095],[100.56,13.8095],[100.56,13.8085],[100.5575,13.8085],[100.5575,13.8075],[100.5565,13.8075],[100.5565,13.8095],[100.5555,13.8095],[100.5555,13.811],[100.5575,13.811],[100.5575,13.812],[100.5585,13.812],[100.559,13.813]]],[[[100.557,13.7295],[100.5575,13.7295],[100.5575,13.729],[100.557,13.729],[100.557,13.7295]]],[[[100.5605,13.7335],[100.5605,13.7325],[100.5585,13.7325],[100.5585,13.7335],[100.5605,13.7335]]],[[[100.5595,13.736],[100.5605,13.738],[100.5635,13.738],[100.564,13.734],[100.5625,13.7335],[100.5625,13.735],[100.5605,13.734],[100.5605,13.736],[100.5595,13.736]]],[[[100.5625,13.7435],[100.5635,13.7425],[100.5615,13.7425],[100.5615,13.744],[100.5625,13.7435]]],[[[100.565,13.822],[100.5655,13.822],[100.5655,13.821],[100.565,13.821],[100.565,13.822]]],[[[100.5975,13.8775],[100.5985,13.877],[100.5985,13.875],[100.5975,13.875],[100.5975,13.874],[100.595,13.874],[100.5955,13.875],[100.595,13.877],[100.5975,13.8775]]]]}}]}