{"type":"FeatureCollection","features":[{"type":"Feature","properties":{"station":"11th Infantry Regiment","line":"BTS","band":"15"},"geometry":{"type":"Polygon","coordinates":[[[100.5865,13.858],[100.586,13.8595],[100.587,13.86],[100.5865,13.863],[100.5875,13.867],[100.5885,13.866],[100.588,13.868],[100.587,13.8675],[100.5865,13.87],[100.587,13.8725],[100.5885,13.8725],[100.588,13.873],[100.5885,13.8735],[100.591,13.8725],[100.59,13.8745],[100.5915,13.874],[100.592,13.875],[100.594,13.8755],[100.5955,13.875],[100.5955,13.876],[100.5965,13.8765],[100.5965,13.8755],[100.598,13.8755],[100.5975,13.8735],[100.5985,13.872],[100.598,13.871],[100.599,13.8705],[100.598,13.8695],[100.599,13.869],[100.5985,13.8675],[100.5995,13.8665],[100.599,13.866],[100.598,13.867],[100.5975,13.866],[100.5955,13.867],[100.5955,13.8655],[100.5945,13.866],[100.592,13.8625],[100.593,13.8615],[100.5925,13.86],[100.591,13.8605],[100.59,13.859],[100.588,13.8595],[100.5885,13.8585],[100.5865,13.858]],[[100.5925,13.8735],[100.593,13.8735],[100.5925,13.8735]],[[100.593,13.8725],[100.5935,13.872],[100.593,13.8725]],[[100.5935,13.8695],[100.5905,13.864],[100.591,13.8635],[100.5915,13.8645],[100.5925,13.864],[100.594,13.867],[100.5935,13.8695]],[[100.588,13.872]],[[100.588,13.871],[100.589,13.871],[100.589,13.8715],[100.588,13.871]],[[100.5895,13.8675]],[[100.589,13.865],[100.5895,13.865],[100.589,13.865]],[[100.589,13.8645]],[[100.5895,13.864],[100.5885,13.864],[100.5875,13.863],[100.588,13.863],[100.5885,13.8635],[100.5895,13.864]],[[100.588,13.86],[100.5895,13.8595],[100.5905,13.861],[100.5895,13.8625],[100.588,13.86]],[[100.588,13.8645]],[[100.588,13.869]],[[100.588,13.865]],[[100.588,13.8695],[100.588,13.87],[100.588,13.8695]],[[100.5915,13.8725],[100.5915,13.872],[100.592,13.872],[100.5915,13.8725]],[[100.592,13.8705],[100.5915,13.8705],[100.592,13.8705]],[[100.59,13.8675]],[[100.5905,13.8615],[100.591,13.862],[100.591,13.8625],[100.5905,13.862],[100.5905,13.8615]],[[100.5905,13.863],[100.59,13.863],[100.59,13.8635],[100.59,13.863],[100.5905,13.863]],[[100.5905,13.867]],[[100.5915,13.863],[100.592,13.8635],[100.5915,13.863]],[[100.596,13.868],[100.596,13.8675],[100.5965,13.868],[100.596,13.868]],[[100.5945,13.8705],[100.5945,13.871],[100.5945,13.8705]],[[100.595,13.869],[100.595,13.8685],[100.595,13.869]],[[100.597,13.874],[100.597,13.8735],[100.597,13.874]],[[100.5965,13.872],[100.597,13.873],[100.5965,13.872]],[[100.597,13.8685],[100.5965,13.869],[100.5965,13.8685],[100.597,13.8685]],[[100.596,13.872]],[[100.5975,13.8705],[100.5975,13.8695],[100.598,13.8705],[100.5975,13.8705]],[[100.598,13.8685],[100.5975,13.868],[100.598,13.8685]]]}},{"type":"Feature","properties":{"station":"11th Infantry Regiment","line":"BTS","band":"10"},"geometry":{"type":"Polygon","coordinates":[[[100.5885,13.861],[100.588,13.862],[100.5895,13.864],[100.5875,13.8635],[100.588,13.8645],[100.587,13.8645],[100.5875,13.867],[100.5885,13.866],[100.588,13.868],[100.589,13.8685],[100.588,13.8705],[100.59,13.872],[100.59,13.873],[100.5915,13.872],[100.5955,13.873],[100.595,13.872],[100.5965,13.87],[100.596,13.869],[100.5965,13.8685],[100.5955,13.8685],[100.595,13.8675],[100.5935,13.868],[100.5935,13.8695],[100.59,13.863],[100.5905,13.862],[100.5895,13.8625],[100.5885,13.861]],[[100.5895,13.8675]],[[100.589,13.865],[100.5895,13.865],[100.589,13.865]],[[100.589,13.8645]],[[100.588,13.865]],[[100.5895,13.871],[100.5895,13.8705],[100.5895,13.871]],[[100.59,13.8675]],[[100.5905,13.867]],[[100.595,13.869],[100.595,13.8685],[100.595,13.869]],[[100.592,13.8705],[100.5915,13.8705],[100.592,13.8705]],[[100.5945,13.8705],[100.5945,13.871],[100.5945,13.8705]]]}},{"type":"Feature","properties":{"station":"Ari","line":"","band":"15"},"geometry":{"type":"Polygon","coordinates":[[[100.5405,13.773],[100.5385,13.7745],[100.538,13.774],[100.5385,13.7755],[100.5375,13.776],[100.538,13.7765],[100.537,13.7775],[100.5375,13.7785],[100.5365,13.7795],[100.5385,13.78],[100.539,13.781],[100.538,13.7815],[100.5395,13.784],[100.539,13.7855],[100.542,13.7855],[100.5425,13.787],[100.544,13.787],[100.544,13.788],[100.5455,13.788],[100.545,13.7885],[100.5485,13.79],[100.5485,13.789],[100.5495,13.7885],[100.549,13.7875],[100.5505,13.787],[100.549,13.785],[100.549,13.7835],[100.5505,13.785],[100.5505,13.784],[100.5515,13.784],[100.551,13.783],[100.552,13.78],[100.55,13.78],[100.5495,13.779],[100.55,13.7785],[100.549,13.7785],[100.5485,13.7765],[100.548,13.777],[100.549,13.775],[100.5475,13.7745],[100.5485,13.774],[100.548,13.7735],[100.547,13.774],[100.548,13.7725],[100.5475,13.771],[100.5465,13.772],[100.545,13.771],[100.5455,13.772],[100.5445,13.773],[100.5435,13.77],[100.542,13.7705],[100.5425,13.7695],[100.541,13.7695],[100.5405,13.772],[100.54,13.771],[100.5395,13.7715],[100.5395,13.773],[100.5405,13.773]],[[100.5445,13.787],[100.545,13.787],[100.5445,13.787]],[[100.544,13.786],[100.544,13.7855],[100.545,13.786],[100.544,13.786]],[[100.545,13.783],[100.5445,13.7825],[100.545,13.782],[100.545,13.783]],[[100.545,13.78],[100.545,13.7795],[100.5455,13.78],[100.545,13.78]],[[100.5425,13.785]],[[100.5425,13.784],[100.5425,13.7835],[100.5425,13.784]],[[100.5425,13.7825],[100.5425,13.782],[100.5425,13.7825]],[[100.542,13.7805],[100.5405,13.779],[100.5425,13.7805],[100.542,13.7805]],[[100.543,13.7765]],[[100.5425,13.7755],[100.5425,13.775],[100.5425,13.7755]],[[100.543,13.7735],[100.5425,13.7715],[100.5425,13.7725],[100.5435,13.7725],[100.544,13.774],[100.5435,13.7745],[100.543,13.7735]],[[100.541,13.7755],[100.541,13.776],[100.541,13.7755]],[[100.541,13.7745],[100.5405,13.775],[100.541,13.7745]],[[100.5415,13.774],[100.5415,13.7735],[100.5415,13.774]],[[100.539,13.781]],[[100.54,13.778]],[[100.54,13.7745],[100.5405,13.774],[100.54,13.7745]],[[100.539,13.778],[100.5385,13.777],[100.539,13.778]],[[100.5385,13.776],[100.539,13.7765],[100.5385,13.776]],[[100.5395,13.7755]],[[100.5405,13.7725],[100.5405,13.772],[100.5405,13.7725]],[[100.54,13.7765],[100.5405,13.7765],[100.54,13.777],[100.54,13.7765]],[[100.541,13.785],[100.541,13.7845],[100.541,13.785]],[[100.5415,13.781],[100.542,13.7815],[100.5415,13.781]],[[100.5415,13.782],[100.541,13.782],[100.5405,13.7815],[100.5415,13.782]],[[100.5435,13.7855],[100.543,13.786],[100.5435,13.7855]],[[100.5435,13.7845],[100.543,13.7845],[100.5435,13.784],[100.5435,13.7845]],[[100.543,13.7815],[100.543,13.781],[100.543,13.7815]],[[100.548,13.7855],[100.5475,13.7855],[100.548,13.785],[100.548,13.7855]],[[100.5475,13.7825]],[[100.547,13.7765]],[[100.547,13.7765]],[[100.5455,13.787],[100.5465,13.7865],[100.5455,13.787]],[[100.546,13.781]],[[100.5465,13.783]],[[100.5465,13.7875]],[[100.5485,13.7845],[100.548,13.7845],[100.5485,13.7845]],[[100.548,13.7835],[100.548,13.783],[100.5485,13.7835],[100.548,13.7835]],[[100.5485,13.7825],[100.5485,13.7815],[100.549,13.782],[100.5485,13.7825]],[[100.549,13.7835]],[[100.5495,13.783]]]}},{"type":"Feature","properties":{"station":"Ari","line":"","band":"10"},"geometry":{"type":"Polygon","coordinates":[[[100.54,13.775],[100.5405,13.7765],[100.5395,13.7775],[100.54,13.779],[100.541,13.779],[100.5425,13.7805],[100.541,13.78],[100.542,13.7815],[100.5405,13.782],[100.5405,13.784],[100.5395,13.7845],[100.5405,13.785],[100.541,13.7845],[100.542,13.7855],[100.5425,13.785],[100.545,13.7855],[100.545,13.7845],[100.546,13.7865],[100.5475,13.787],[100.548,13.7845],[100.55,13.782],[100.5485,13.779],[100.547,13.7785],[100.5465,13.779],[100.5465,13.7775],[100.5455,13.7765],[100.5465,13.7745],[100.545,13.7735],[100.5435,13.7745],[100.5425,13.7725],[100.5415,13.7735],[100.542,13.7745],[100.54,13.775]],[[100.5445,13.7825],[100.545,13.782],[100.545,13.783],[100.5445,13.7825]],[[100.543,13.7845],[100.5435,13.7845],[100.543,13.7845]],[[100.5425,13.784],[100.5425,13.7835],[100.5425,13.784]],[[100.5425,13.7825],[100.5425,13.782],[100.5425,13.7825]],[[100.543,13.7815],[100.543,13.781],[100.543,13.7815]],[[100.543,13.7765],[100.5425,13.7765],[100.543,13.7765]],[[100.541,13.776],[100.541,13.7755],[100.5415,13.7755],[100.541,13.776]],[[100.541,13.7835]],[[100.5405,13.783],[100.541,13.783],[100.541,13.7835],[100.5405,13.783]],[[100.5425,13.7755],[100.542,13.7755],[100.5425,13.775],[100.5425,13.7755]],[[100.545,13.78],[100.545,13.7795],[100.5455,13.78],[100.545,13.78]],[[100.5445,13.7845]],[[100.5465,13.783]],[[100.546,13.781]],[[100.5475,13.7825]],[[100.5485,13.7815],[100.549,13.782],[100.5485,13.7825],[100.5485,13.7815]],[[100.548,13.7835],[100.5485,13.7835],[100.548,13.7835]]]}},{"type":"Feature","properties":{"station":"Asok","line":"","band":"15"},"geometry":{"type":"Polygon","coordinates":[[[100.5525,13.7375],[100.5525,13.7405],[100.551,13.743],[100.553,13.7445],[100.554,13.744],[100.5545,13.745],[100.5575,13.7455],[100.559,13.747],[100.5595,13.7465],[100.559,13.743],[100.56,13.7435],[100.5595,13.7445],[100.5605,13.7465],[100.562,13.7455],[100.562,13.7465],[100.563,13.7465],[100.563,13.7455],[100.564,13.7455],[100.5645,13.7445],[100.5635,13.7405],[100.565,13.7435],[100.5655,13.7425],[100.565,13.741],[100.5655,13.7405],[100.566,13.742],[100.567,13.74],[100.5655,13.737],[100.567,13.737],[100.5675,13.736],[100.5665,13.734],[100.568,13.735],[100.5685,13.734],[100.568,13.7335],[100.569,13.733],[100.5685,13.732],[100.5695,13.731],[100.562,13.728],[100.5615,13.7295],[100.5615,13.727],[100.56,13.727],[100.559,13.7325],[100.558,13.732],[100.558,13.7285],[100.5565,13.729],[100.556,13.731],[100.5535,13.733],[100.5535,13.734],[100.5555,13.734],[100.5555,13.738],[100.5545,13.7385],[100.553,13.737],[100.5525,13.7375]],[[100.559,13.742],[100.559,13.7415],[100.5595,13.7415],[100.559,13.742]],[[100.5595,13.7405],[100.559,13.7405],[100.5595,13.7405]],[[100.559,13.7395],[100.559,13.739],[100.559,13.7395]],[[100.5585,13.7375],[100.559,13.737],[100.5595,13.737],[100.5585,13.7375]],[[100.556,13.7445]],[[100.5555,13.7425],[100.556,13.7425],[100.5555,13.7425]],[[100.5565,13.7375]],[[100.554,13.74],[100.554,13.7395],[100.554,13.74]],[[100.5535,13.7385]],[[100.554,13.741],[100.5535,13.741],[100.554,13.741]],[[100.5545,13.742]],[[100.5555,13.742]],[[100.5575,13.7445],[100.557,13.744],[100.5575,13.7445]],[[100.5575,13.7435],[100.557,13.743],[100.5575,13.743],[100.5575,13.7435]],[[100.5575,13.7425],[100.557,13.7425],[100.5575,13.742],[100.5575,13.7425]],[[100.5575,13.736]],[[100.557,13.738],[100.557,13.7385],[100.557,13.738]],[[100.558,13.7435],[100.5585,13.744],[100.558,13.744],[100.558,13.7435]],[[100.558,13.743],[100.558,13.7425],[100.5585,13.743],[100.558,13.743]],[[100.558,13.7415],[100.558,13.74],[100.558,13.7405],[100.558,13.7415]],[[100.5585,13.7455],[100.5585,13.7445],[100.5585,13.7455]],[[100.5615,13.745],[100.561,13.7435],[100.562,13.7445],[100.5615,13.745]],[[100.561,13.742],[100.561,13.7425],[100.5605,13.742],[100.561,13.742]],[[100.5615,13.741]],[[100.5615,13.74],[100.5605,13.74],[100.5615,13.7395],[100.5615,13.74]],[[100.5625,13.7375],[100.562,13.7375],[100.5625,13.7375]],[[100.5625,13.7365]],[[100.562,13.7355],[100.5615,13.7355],[100.562,13.7355]],[[100.562,13.7345]],[[100.5625,13.7325],[100.5615,13.7325],[100.562,13.731],[100.5625,13.7325]],[[100.5605,13.732],[100.5605,13.7325],[100.5605,13.732]],[[100.5605,13.7315],[100.5605,13.731],[100.5605,13.7315]],[[100.5615,13.7345]],[[100.5615,13.734]],[[100.5615,13.7335]],[[100.5635,13.7445],[100.5635,13.744],[100.563,13.744],[100.5635,13.744],[100.5635,13.7445]],[[100.5635,13.743],[100.5625,13.7425],[100.5625,13.7405],[100.5635,13.743]],[[100.564,13.739],[100.5635,13.7385],[100.564,13.739]],[[100.5635,13.738],[100.5635,13.737],[100.5635,13.738]],[[100.563,13.734]],[[100.563,13.733],[100.5635,13.733],[100.563,13.7335],[100.563,13.733]],[[100.5645,13.7315],[100.5645,13.7325],[100.5645,13.7315]],[[100.5645,13.73]],[[100.5625,13.729],[100.5625,13.73],[100.5625,13.729]],[[100.5635,13.732],[100.5635,13.7315],[100.5635,13.732]],[[100.5635,13.7295],[100.5635,13.73],[100.5635,13.7295]],[[100.563,13.7355]],[[100.5645,13.7375],[100.565,13.738],[100.5645,13.738],[100.5645,13.7375]],[[100.5655,13.7365],[100.565,13.736],[100.5645,13.7355],[100.5655,13.7365]],[[100.566,13.732],[100.567,13.7315],[100.566,13.7325],[100.566,13.732]],[[100.5665,13.731],[100.566,13.731],[100.5665,13.731]],[[100.5645,13.7335]],[[100.5645,13.7385]],[[100.5655,13.731],[100.566,13.731],[100.5655,13.731]],[[100.566,13.7355],[100.566,13.735],[100.566,13.7355]]]}},{"type":"Feature","properties":{"station":"Asok","line":"","band":"10"},"geometry":{"type":"Polygon","coordinates":[[[100.5565,13.7375],[100.5545,13.7385],[100.554,13.7415],[100.555,13.742],[100.5555,13.7415],[100.5565,13.7425],[100.5575,13.742],[100.5575,13.743],[100.558,13.7425],[100.562,13.7435],[100.5625,13.7405],[100.5635,13.7415],[100.5635,13.7395],[100.565,13.7395],[100.5645,13.7385],[100.566,13.7385],[100.564,13.737],[100.5635,13.738],[100.563,13.737],[100.565,13.737],[100.5645,13.7355],[100.566,13.7355],[100.5665,13.733],[100.5645,13.7325],[100.563,13.731],[100.5625,13.7325],[100.5615,13.7325],[100.562,13.7315],[100.5615,13.7305],[100.5605,13.7315],[100.5595,13.7305],[100.559,13.7325],[100.5575,13.732],[100.5565,13.733],[100.557,13.7335],[100.5565,13.734],[100.5575,13.734],[100.5575,13.735],[100.5565,13.735],[100.556,13.7365],[100.5565,13.7375]],[[100.5605,13.7325],[100.5605,13.732],[100.5605,13.7325]],[[100.558,13.7415],[100.558,13.74],[100.558,13.7405],[100.558,13.7415]],[[100.557,13.738],[100.557,13.7385],[100.557,13.738]],[[100.5575,13.7355]],[[100.5575,13.7355],[100.5575,13.735],[100.5575,13.7355]],[[100.559,13.742],[100.559,13.7415],[100.5595,13.7415],[100.559,13.742]],[[100.559,13.7405],[100.5595,13.74],[100.5595,13.7405],[100.559,13.7405]],[[100.559,13.7395],[100.559,13.739],[100.559,13.7395]],[[100.5585,13.7375],[100.559,13.737],[100.5595,13.737],[100.5585,13.7375]],[[100.5595,13.7345],[100.559,13.734],[100.5595,13.734],[100.5595,13.7345]],[[100.561,13.742],[100.561,13.7425],[100.5605,13.742],[100.561,13.742]],[[100.5615,13.741]],[[100.5615,13.74],[100.5605,13.74],[100.5615,13.7395],[100.5615,13.74]],[[100.5625,13.7365]],[[100.562,13.7355],[100.5615,13.7355],[100.562,13.7355]],[[100.562,13.7345]],[[100.5615,13.7345]],[[100.5615,13.734]],[[100.5615,13.7335]],[[100.5625,13.7375],[100.562,13.7375],[100.5625,13.7375]],[[100.563,13.733],[100.5635,13.733],[100.563,13.7335],[100.563,13.733]],[[100.5635,13.7385],[100.5635,13.7395],[100.5635,13.7385]],[[100.5645,13.7335]],[[100.563,13.7335],[100.563,13.734],[100.563,13.7335]],[[100.563,13.7355]]]}},{"type":"Feature","properties":{"station":"Ban Thap Chang","line":"ARL","band":"15"},"geometry":{"type":"Polygon","coordinates":[[[100.694,13.732],[100.68,13.735],[100.682,13.7365],[100.682,13.7355],[100.6875,13.735],[100.688,13.7395],[100.6885,13.739],[100.688,13.7385],[100.689,13.738],[100.688,13.7375],[100.688,13.7365],[100.69,13.738],[100.691,13.738],[100.692,13.7365],[100.6935,13.7365],[100.694,13.737],[100.6935,13.738],[100.695,13.738],[100.6955,13.736],[100.697,13.736],[100.6965,13.735],[100.6995,13.733],[100.6965,13.7335],[100.6995,13.733],[100.7005,13.732],[100.699,13.732],[100.6985,13.7305],[100.698,13.7315],[100.6985,13.732],[100.6955,13.733],[100.692,13.729],[100.6915,13.73],[100.6925,13.73],[100.694,13.732]],[[100.6925,13.7345],[100.6925,13.735],[100.6925,13.7345]],[[100.69,13.7355]],[[100.691,13.7355],[100.6905,13.7355],[100.691,13.7355]],[[100.689,13.7355]],[[100.6895,13.7335]],[[100.6895,13.7345],[100.689,13.7345],[100.6895,13.7345]],[[100.6915,13.7345]],[[100.695,13.7355],[100.6935,13.7355],[100.6935,13.7345],[100.6955,13.7345],[100.695,13.7355]],[[100.694,13.737],[100.694,13.7365],[100.694,13.737]],[[100.697,13.734],[100.6965,13.734],[100.697,13.734]]]}},{"type":"Feature","properties":{"station":"Ban Thap Chang","line":"ARL","band":"10"},"geometry":{"type":"Polygon","coordinates":[[[100.694,13.732],[100.685,13.7335],[100.684,13.7355],[100.685,13.735],[100.688,13.7355],[100.6895,13.7345],[100.689,13.736],[100.691,13.7355],[100.694,13.737],[100.694,13.736],[100.693,13.7355],[100.6935,13.7345],[100.6945,13.734],[100.695,13.7345],[100.6975,13.733],[100.697,13.7325],[100.6955,13.733],[100.6945,13.7315],[100.694,13.732]],[[100.6915,13.7345]],[[100.6895,13.7335]],[[100.6925,13.7345],[100.6925,13.735],[100.6925,13.7345]]]}},{"type":"Feature","properties":{"station":"Bang Bua","line":"","band":"15"},"geometry":{"type":"Polygon","coordinates":[[[100.58,13.8475],[100.5795,13.848],[100.58,13.8495],[100.5785,13.851],[100.5805,13.852],[100.58,13.853],[100.5805,13.8535],[100.5815,13.8515],[100.581,13.853],[100.5815,13.854],[100.5805,13.855],[100.5815,13.8555],[100.5805,13.8555],[100.581,13.854],[100.5805,13.8535],[100.58,13.856],[100.579,13.8555],[100.5775,13.857],[100.5765,13.8565],[100.576,13.8575],[100.5815,13.858],[100.581,13.863],[100.5815,13.862],[100.5825,13.8625],[100.584,13.8615],[100.5835,13.8605],[100.584,13.86],[100.5845,13.8605],[100.586,13.86],[100.5865,13.8635],[100.588,13.863],[100.5895,13.864],[100.5885,13.8645],[100.5905,13.8655],[100.591,13.865],[100.5895,13.863],[100.591,13.8635],[100.5915,13.863],[100.59,13.861],[100.5895,13.8625],[100.588,13.8605],[100.59,13.859],[100.589,13.858],[100.59,13.8555],[100.589,13.8555],[100.5875,13.8585],[100.587,13.858],[100.5875,13.855],[100.589,13.854],[100.5875,13.8525],[100.588,13.851],[100.5865,13.85],[100.587,13.849],[100.58,13.8475]],[[100.584,13.8585],[100.585,13.858],[100.585,13.859],[100.584,13.8585]],[[100.5845,13.8565],[100.585,13.856],[100.5845,13.8565]],[[100.585,13.8515],[100.584,13.85],[100.585,13.85],[100.585,13.8515]],[[100.5825,13.8565],[100.582,13.8565],[100.582,13.856],[100.5825,13.856],[100.5825,13.8565]],[[100.5805,13.857],[100.5805,13.856],[100.581,13.856],[100.581,13.857],[100.5805,13.857]],[[100.583,13.858],[100.5825,13.858],[100.583,13.858]],[[100.5825,13.8535]],[[100.5835,13.857],[100.583,13.855],[100.584,13.8545],[100.5835,13.857]],[[100.584,13.8525],[100.5845,13.8525],[100.5845,13.853],[100.584,13.853],[100.584,13.8525]],[[100.583,13.8505],[100.584,13.8515],[100.583,13.8505]],[[100.5865,13.859]],[[100.5855,13.859],[100.586,13.8585],[100.5855,13.859]],[[100.5855,13.8525],[100.586,13.8525],[100.586,13.853],[100.5855,13.8525]],[[100.5855,13.8515],[100.586,13.8515],[100.5855,13.8515]],[[100.586,13.851],[100.587,13.851],[100.586,13.851]],[[100.585,13.857],[100.5845,13.857],[100.585,13.857]],[[100.588,13.8595],[100.5885,13.859],[100.589,13.8585],[100.589,13.859],[100.588,13.8595]],[[100.587,13.86]]]}},{"type":"Feature","properties":{"station":"Bang Bua","line":"","band":"10"},"geometry":{"type":"Polygon","coordinates":[[[100.582,13.85],[100.5815,13.852],[100.5825,13.853],[100.5825,13.8565],[100.5795,13.8575],[100.583,13.858],[100.5835,13.8595],[100.582,13.8595],[100.5825,13.8605],[100.586,13.86],[100.5865,13.8615],[100.5875,13.8615],[100.5875,13.8625],[100.589,13.8625],[100.5875,13.8595],[100.588,13.859],[100.587,13.858],[100.5875,13.8545],[100.5865,13.855],[100.5865,13.8535],[100.584,13.8535],[100.584,13.8525],[100.585,13.853],[100.5855,13.851],[100.5835,13.852],[100.5835,13.851],[100.5825,13.851],[100.582,13.85]],[[100.585,13.859],[100.584,13.858],[100.585,13.858],[100.585,13.859]],[[100.585,13.857],[100.5845,13.857],[100.585,13.857]],[[100.5835,13.857],[100.583,13.855],[100.584,13.8545],[100.5835,13.857]],[[100.5845,13.8565],[100.585,13.856],[100.5845,13.8565]],[[100.5865,13.859]],[[100.5855,13.8585],[100.586,13.8585],[100.5855,13.859],[100.5855,13.8585]],[[100.587,13.86]]]}},{"type":"Feature","properties":{"station":"Bang Chak","line":"","band":"15"},"geometry":{"type":"Polygon","coordinates":[[[100.5995,13.6925],[100.597,13.6925],[100.5965,13.694],[100.598,13.694],[100.5965,13.695],[100.598,13.6955],[100.598,13.6965],[100.6,13.697],[100.5995,13.6975],[100.6005,13.699],[100.6015,13.699],[100.601,13.7],[100.599,13.6985],[100.5975,13.699],[100.5995,13.7005],[100.5985,13.701],[100.599,13.7015],[100.5985,13.702],[100.6005,13.702],[100.6015,13.7035],[100.6005,13.703],[100.599,13.704],[100.5995,13.7055],[100.6005,13.7045],[100.601,13.705],[100.6005,13.707],[100.603,13.7065],[100.603,13.7055],[100.604,13.706],[100.603,13.704],[100.6075,13.705],[100.6075,13.704],[100.605,13.7025],[100.607,13.704],[100.6075,13.703],[100.608,13.704],[100.6085,13.7035],[100.6095,13.704],[100.6115,13.702],[100.6115,13.7025],[100.6135,13.702],[100.6095,13.699],[100.6135,13.7],[100.614,13.701],[100.615,13.699],[100.614,13.6985],[100.6145,13.6975],[100.613,13.6985],[100.613,13.6975],[100.6095,13.696],[100.611,13.6955],[100.6085,13.695],[100.6075,13.693],[100.61,13.6925],[100.6125,13.6905],[100.612,13.6895],[100.6105,13.69],[100.611,13.689],[100.6105,13.6865],[100.609,13.688],[100.6075,13.6875],[100.608,13.6885],[100.6075,13.689],[100.606,13.688],[100.606,13.689],[100.605,13.6885],[100.6045,13.6895],[100.6035,13.689],[100.603,13.69],[100.605,13.691],[100.602,13.6895],[100.5995,13.6925]],[[100.6045,13.703],[100.6035,13.702],[100.6045,13.7025],[100.6045,13.703]],[[100.605,13.6965],[100.6045,13.696],[100.605,13.696],[100.605,13.6965]],[[100.6055,13.695],[100.605,13.694],[100.606,13.694],[100.605,13.6945],[100.6055,13.695]],[[100.605,13.692],[100.6025,13.691],[100.605,13.692]],[[100.6015,13.697],[100.6,13.696],[100.5995,13.696],[100.6015,13.6965],[100.6015,13.697]],[[100.602,13.695],[100.602,13.6945],[100.602,13.695]],[[100.603,13.693],[100.602,13.6925],[100.603,13.693]],[[100.6025,13.692]],[[100.602,13.6955],[100.602,13.696],[100.6015,13.6955],[100.602,13.6955]],[[100.6005,13.694],[100.601,13.6945],[100.6005,13.694]],[[100.6015,13.693]],[[100.601,13.692],[100.6015,13.6925],[100.601,13.692]],[[100.6,13.695],[100.6005,13.695],[100.6005,13.6955],[100.5995,13.695],[100.6,13.695]],[[100.5995,13.694],[100.5995,13.6935],[100.5995,13.694]],[[100.598,13.694]],[[100.599,13.6935],[100.5985,13.6935],[100.599,13.6935]],[[100.602,13.7015]],[[100.602,13.7015],[100.6015,13.7015],[100.602,13.7015]],[[100.6025,13.701],[100.6015,13.7],[100.603,13.701],[100.6025,13.701]],[[100.603,13.7]],[[100.6035,13.699],[100.6035,13.6995],[100.603,13.699],[100.6035,13.699]],[[100.603,13.696],[100.6025,13.6955],[100.603,13.6955],[100.603,13.696]],[[100.603,13.6945]],[[100.603,13.694],[100.6035,13.694],[100.603,13.694]],[[100.603,13.698],[100.6025,13.6985],[100.603,13.698]],[[100.6025,13.7035]],[[100.603,13.703]],[[100.603,13.692],[100.604,13.693],[100.603,13.692]],[[100.6035,13.6975],[100.604,13.697],[100.6045,13.697],[100.6045,13.6975],[100.6035,13.6975]],[[100.6035,13.6935],[100.604,13.6935],[100.6035,13.6935]],[[100.6035,13.7035],[100.604,13.7035],[100.6035,13.7035]],[[100.6055,13.69],[100.6055,13.6895],[100.6055,13.69]],[[100.605,13.6895]],[[100.608,13.7025],[100.6055,13.7005],[100.6085,13.702],[100.609,13.703],[100.608,13.7025]],[[100.6085,13.701]],[[100.6075,13.7005],[100.6065,13.7],[100.608,13.7005],[100.6075,13.7005]],[[100.6065,13.6975],[100.606,13.697],[100.6065,13.6975]],[[100.608,13.6965],[100.6075,13.696],[100.6085,13.6965],[100.608,13.6965]],[[100.6085,13.689],[100.6085,13.6885],[100.609,13.6885],[100.6085,13.689]],[[100.6065,13.692],[100.606,13.6915],[100.6065,13.6915],[100.6065,13.692]],[[100.6065,13.691]],[[100.606,13.702],[100.606,13.7015],[100.606,13.702]],[[100.605,13.6995],[100.6055,13.7],[100.605,13.6995]],[[100.6075,13.691],[100.607,13.6905],[100.607,13.69],[100.6075,13.6905],[100.6075,13.691]],[[100.607,13.702],[100.607,13.7025],[100.607,13.702]],[[100.61,13.698]],[[100.61,13.6885],[100.61,13.688],[100.6095,13.689],[100.61,13.6885]],[[100.609,13.69],[100.6095,13.69],[100.609,13.69]],[[100.609,13.691],[100.609,13.6915],[100.609,13.691]]]}},{"type":"Feature","properties":{"station":"Bang Chak","line":"","band":"10"},"geometry":{"type":"Polygon","coordinates":[[[100.6,13.693],[100.5995,13.6945],[100.6015,13.697],[100.5995,13.696],[100.5985,13.6965],[100.602,13.6985],[100.603,13.698],[100.6005,13.7005],[100.601,13.7015],[100.602,13.7015],[100.601,13.7025],[100.602,13.7035],[100.604,13.702],[100.6055,13.703],[100.606,13.7025],[100.605,13.702],[100.6055,13.7015],[100.6065,13.7025],[100.607,13.7015],[100.6055,13.7005],[100.6085,13.702],[100.609,13.701],[100.61,13.701],[100.6095,13.699],[100.6125,13.6995],[100.6115,13.6985],[100.6115,13.697],[100.6095,13.696],[100.611,13.6955],[100.6085,13.6945],[100.6075,13.693],[100.609,13.692],[100.6085,13.69],[100.6065,13.692],[100.6065,13.6905],[100.6055,13.692],[100.6035,13.692],[100.604,13.693],[100.6025,13.692],[100.602,13.6925],[100.603,13.693],[100.602,13.6925],[100.6015,13.6935],[100.6,13.693]],[[100.604,13.7015]],[[100.604,13.6975],[100.6035,13.6975],[100.6045,13.697],[100.604,13.6975]],[[100.6055,13.695],[100.605,13.694],[100.606,13.694],[100.605,13.6945],[100.6055,13.695]],[[100.603,13.694]],[[100.6035,13.6935],[100.604,13.6935],[100.6035,13.6935]],[[100.603,13.6945]],[[100.602,13.695],[100.602,13.6945],[100.602,13.695]],[[100.6005,13.694],[100.601,13.6945],[100.6005,13.694]],[[100.602,13.6955],[100.6015,13.6955],[100.602,13.6955]],[[100.6025,13.696],[100.6025,13.6955],[100.603,13.6955],[100.603,13.696],[100.6025,13.696]],[[100.6025,13.701],[100.6015,13.7],[100.603,13.701],[100.6025,13.701]],[[100.603,13.7]],[[100.603,13.699],[100.6035,13.699],[100.6035,13.6995],[100.603,13.699]],[[100.6045,13.696],[100.605,13.696],[100.605,13.6965],[100.6045,13.696]],[[100.6075,13.7005],[100.6065,13.7],[100.608,13.7005],[100.6075,13.7005]],[[100.6065,13.6975],[100.606,13.697],[100.6065,13.6975]],[[100.608,13.6965],[100.6075,13.696],[100.6085,13.6965],[100.608,13.6965]],[[100.605,13.6995],[100.6055,13.7],[100.605,13.6995]],[[100.61,13.698]]]}},{"type":"Feature","properties":{"station":"Bang Chan","line":"MRT","band":"15"},"geometry":{"type":"Polygon","coordinates":[[[100.701,13.8125],[100.6995,13.813],[100.7015,13.815],[100.701,13.8175],[100.7015,13.818],[100.7025,13.816],[100.7035,13.816],[100.7045,13.8135],[100.704,13.8125],[100.701,13.8125]]]}},{"type":"Feature","properties":{"station":"Bang Chan","line":"MRT","band":"10"},"geometry":{"type":"Polygon","coordinates":[[[100.701,13.8125],[100.6995,13.813],[100.7015,13.815],[100.701,13.8175],[100.7015,13.818],[100.7025,13.816],[100.7035,13.816],[100.7045,13.8135],[100.704,13.8125],[100.701,13.8125]]]}},{"type":"Feature","properties":{"station":"Bang Khae","line":"","band":"15"},"geometry":{"type":"Polygon","coordinates":[[[100.414,13.708],[100.414,13.7095],[100.412,13.7095],[100.411,13.711],[100.4125,13.7115],[100.4125,13.7125],[100.4135,13.712],[100.416,13.717],[100.418,13.7155],[100.4175,13.714],[100.418,13.7135],[100.4195,13.714],[100.42,13.7155],[100.4205,13.7135],[100.42,13.7165],[100.419,13.7165],[100.4175,13.7185],[100.4185,13.72],[100.4195,13.7195],[100.4195,13.7205],[100.421,13.7205],[100.4215,13.7195],[100.4225,13.7195],[100.4225,13.7185],[100.423,13.72],[100.4245,13.72],[100.425,13.717],[100.426,13.717],[100.4255,13.7165],[100.426,13.7145],[100.4265,13.7165],[100.4275,13.7165],[100.427,13.7175],[100.428,13.718],[100.4295,13.716],[100.429,13.715],[100.43,13.715],[100.43,13.713],[100.4315,13.715],[100.4335,13.7125],[100.432,13.711],[100.43,13.711],[100.4305,13.709],[100.4295,13.709],[100.4295,13.708],[100.4285,13.709],[100.429,13.71],[100.4275,13.7105],[100.427,13.7075],[100.426,13.708],[100.4255,13.707],[100.4245,13.7075],[100.4225,13.7065],[100.4215,13.7055],[100.423,13.7035],[100.4215,13.702],[100.4205,13.7025],[100.421,13.7035],[100.4195,13.703],[100.419,13.7045],[100.4175,13.7045],[100.4195,13.7055],[100.4195,13.7065],[100.4205,13.707],[100.419,13.707],[100.4195,13.709],[100.4185,13.7075],[100.417,13.708],[100.4165,13.706],[100.4155,13.71],[100.4155,13.709],[100.414,13.708]],[[100.422,13.709]],[[100.422,13.7085],[100.421,13.708],[100.422,13.7075],[100.422,13.7085]],[[100.4195,13.7095],[100.419,13.7095],[100.4195,13.709],[100.4195,13.7095]],[[100.417,13.7095],[100.4165,13.71],[100.4165,13.709],[100.417,13.7095]],[[100.416,13.7125],[100.416,13.713],[100.416,13.7125]],[[100.418,13.713],[100.4175,13.7135],[100.4175,13.7125],[100.418,13.713]],[[100.419,13.7125],[100.419,13.713],[100.4185,13.713],[100.4185,13.7125],[100.419,13.7125]],[[100.418,13.71],[100.4175,13.7095],[100.418,13.7085],[100.418,13.71]],[[100.4175,13.7105],[100.418,13.7105],[100.4175,13.7105]],[[100.4175,13.712]],[[100.42,13.705],[100.42,13.7045],[100.42,13.705]],[[100.4195,13.719],[100.4195,13.7185],[100.42,13.7185],[100.4195,13.719]],[[100.42,13.7185],[100.42,13.718],[100.42,13.7185]],[[100.4205,13.7185],[100.421,13.718],[100.421,13.7185],[100.4205,13.7185]],[[100.4205,13.7175],[100.4205,13.7165],[100.4205,13.717],[100.4205,13.7175]],[[100.421,13.716]],[[100.4205,13.7105],[100.42,13.7095],[100.4205,13.709],[100.4205,13.7105]],[[100.4215,13.717]],[[100.425,13.7115],[100.4255,13.7115],[100.426,13.711],[100.426,13.7115],[100.425,13.7115]],[[100.426,13.71],[100.4265,13.7095],[100.4265,13.71],[100.426,13.71]],[[100.423,13.717],[100.4225,13.716],[100.424,13.7155],[100.424,13.7165],[100.423,13.717]],[[100.424,13.7125]],[[100.424,13.7115],[100.424,13.711],[100.424,13.7105],[100.424,13.7115]],[[100.425,13.715],[100.425,13.7125],[100.4255,13.7125],[100.4255,13.715],[100.425,13.715]],[[100.4285,13.712]],[[100.427,13.712]],[[100.427,13.711]],[[100.427,13.71]],[[100.4265,13.714]],[[100.4275,13.715]],[[100.431,13.712],[100.4305,13.712],[100.431,13.712]],[[100.429,13.712]],[[100.429,13.7145]],[[100.4315,13.713],[100.4315,13.7135],[100.4315,13.713]]]}},{"type":"Feature","properties":{"station":"Bang Khae","line":"","band":"10"},"geometry":{"type":"Polygon","coordinates":[[[100.4165,13.7095],[100.4155,13.7095],[100.414,13.7115],[100.4165,13.7135],[100.4175,13.7125],[100.418,13.714],[100.4195,13.714],[100.42,13.7155],[100.4205,13.7135],[100.4195,13.717],[100.42,13.7175],[100.4205,13.7165],[100.4215,13.7185],[100.423,13.718],[100.4225,13.7165],[100.423,13.7155],[100.424,13.7155],[100.4245,13.7175],[100.426,13.7165],[100.425,13.715],[100.425,13.7125],[100.426,13.7155],[100.426,13.714],[100.427,13.7155],[100.4275,13.7145],[100.4285,13.7145],[100.4285,13.713],[100.43,13.7125],[100.4285,13.712],[100.4285,13.7105],[100.426,13.71],[100.4265,13.709],[100.426,13.708],[100.425,13.7075],[100.424,13.7085],[100.424,13.707],[100.421,13.706],[100.421,13.705],[100.4195,13.7065],[100.4205,13.707],[100.419,13.707],[100.4195,13.709],[100.4185,13.7075],[100.418,13.71],[100.4165,13.7095]],[[100.422,13.709]],[[100.422,13.7085],[100.421,13.708],[100.422,13.7075],[100.422,13.7085]],[[100.4205,13.7105],[100.42,13.7095],[100.4205,13.709],[100.4205,13.7105]],[[100.4195,13.7095],[100.419,13.7095],[100.4195,13.709],[100.4195,13.7095]],[[100.4175,13.7105],[100.418,13.7105],[100.4175,13.7105]],[[100.4185,13.7125],[100.419,13.7125],[100.419,13.713],[100.4185,13.713],[100.4185,13.7125]],[[100.4175,13.712]],[[100.421,13.716]],[[100.4215,13.717]],[[100.4235,13.7085]],[[100.424,13.711],[100.424,13.7115],[100.4235,13.7115],[100.4235,13.711],[100.424,13.711]],[[100.424,13.7125]],[[100.427,13.712]],[[100.427,13.711]],[[100.425,13.7115],[100.4255,13.7115],[100.426,13.711],[100.426,13.7115],[100.425,13.7115]]]}},{"type":"Feature","properties":{"station":"Bang Khen","line":"SRT Red","band":"15"},"geometry":{"type":"Polygon","coordinates":[[[100.5555,13.8485],[100.554,13.849],[100.555,13.85],[100.5535,13.851],[100.554,13.853],[100.5555,13.8535],[100.5565,13.852],[100.5575,13.852],[100.5565,13.8525],[100.557,13.854],[100.5595,13.854],[100.561,13.855],[100.5615,13.8545],[100.5655,13.8585],[100.5665,13.8585],[100.5665,13.856],[100.5675,13.8555],[100.566,13.8545],[100.5665,13.854],[100.5655,13.853],[100.567,13.8525],[100.565,13.8505],[100.564,13.851],[100.5625,13.8475],[100.567,13.846],[100.568,13.845],[100.5675,13.844],[100.566,13.8445],[100.566,13.8435],[100.5635,13.8425],[100.5625,13.844],[100.563,13.845],[100.5635,13.8445],[100.5635,13.846],[100.559,13.8425],[100.559,13.8415],[100.5575,13.84],[100.5575,13.841],[100.5565,13.841],[100.556,13.842],[100.557,13.8435],[100.5585,13.844],[100.558,13.8445],[100.559,13.845],[100.56,13.8475],[100.556,13.85],[100.557,13.849],[100.556,13.8485],[100.5555,13.8495],[100.5555,13.8485]],[[100.562,13.854],[100.5615,13.854],[100.562,13.8535],[100.562,13.854]],[[100.562,13.852],[100.5625,13.852],[100.562,13.852]],[[100.562,13.847]],[[100.5595,13.8515],[100.5595,13.8525],[100.5595,13.852],[100.5595,13.8515]],[[100.555,13.8505]],[[100.558,13.853],[100.558,13.8525],[100.5585,13.8525],[100.5585,13.853],[100.558,13.853]],[[100.5575,13.85]],[[100.5575,13.851],[100.557,13.851],[100.5575,13.851]],[[100.5585,13.8495],[100.5585,13.85],[100.5585,13.8495]],[[100.561,13.8525],[100.561,13.852],[100.561,13.8525]],[[100.56,13.851],[100.5605,13.851],[100.56,13.851]],[[100.5605,13.849],[100.5615,13.85],[100.561,13.8505],[100.5605,13.849]],[[100.5595,13.8495]],[[100.5595,13.8535]],[[100.5645,13.8455],[100.5645,13.8445],[100.565,13.8445],[100.565,13.845],[100.5645,13.8455]],[[100.563,13.854]],[[100.5625,13.853]],[[100.565,13.857]],[[100.5655,13.8445],[100.566,13.8445],[100.5655,13.8445]]]}},{"type":"Feature","properties":{"station":"Bang Khen","line":"SRT Red","band":"10"},"geometry":{"type":"Polygon","coordinates":[[[100.5595,13.843],[100.558,13.8445],[100.559,13.845],[100.56,13.8475],[100.556,13.8505],[100.558,13.8515],[100.5595,13.851],[100.5595,13.853],[100.5605,13.854],[100.5615,13.8535],[100.563,13.855],[100.564,13.8545],[100.565,13.8555],[100.5655,13.8535],[100.564,13.853],[100.564,13.8505],[100.5625,13.8475],[100.565,13.8455],[100.5605,13.846],[100.5595,13.843]],[[100.561,13.8525],[100.561,13.852],[100.561,13.8525]],[[100.561,13.8505],[100.56,13.849],[100.5615,13.85],[100.561,13.8505]],[[100.562,13.847]],[[100.5595,13.8495]],[[100.5585,13.85],[100.5585,13.8495],[100.5585,13.85]],[[100.5575,13.85]],[[100.56,13.851],[100.5605,13.851],[100.56,13.851]],[[100.5625,13.853]],[[100.5625,13.852],[100.562,13.852],[100.5625,13.852]],[[100.563,13.854]]]}},{"type":"Feature","properties":{"station":"Bang Khun Non","line":"","band":"15"},"geometry":{"type":"Polygon","coordinates":[[[100.4675,13.7565],[100.4665,13.7565],[100.467,13.758],[100.465,13.7585],[100.4655,13.7605],[100.467,13.7615],[100.466,13.7625],[100.4675,13.765],[100.47,13.764],[100.465,13.769],[100.4675,13.7675],[100.4685,13.768],[100.468,13.769],[100.469,13.7685],[100.4685,13.7695],[100.4675,13.769],[100.468,13.7715],[100.4705,13.7715],[100.4705,13.7705],[100.4715,13.771],[100.4705,13.7685],[100.472,13.7695],[100.475,13.766],[100.476,13.767],[100.4755,13.7675],[100.475,13.7665],[100.474,13.7675],[100.4745,13.7685],[100.474,13.769],[100.4735,13.7685],[100.473,13.7695],[100.4735,13.77],[100.4725,13.77],[100.473,13.7715],[100.4745,13.7715],[100.475,13.7705],[100.476,13.771],[100.475,13.77],[100.4755,13.769],[100.476,13.7695],[100.477,13.769],[100.4765,13.771],[100.4785,13.7715],[100.479,13.7705],[100.48,13.7715],[100.4805,13.771],[100.48,13.77],[100.481,13.7695],[100.48,13.7675],[100.4805,13.767],[100.479,13.766],[100.4785,13.767],[100.478,13.7665],[100.479,13.7645],[100.476,13.7655],[100.4755,13.765],[100.4775,13.7635],[100.4755,13.763],[100.475,13.7635],[100.4755,13.762],[100.474,13.7625],[100.4765,13.7605],[100.4735,13.7595],[100.4725,13.761],[100.472,13.7605],[100.473,13.7595],[100.471,13.758],[100.4715,13.7565],[100.47,13.7545],[100.4685,13.755],[100.469,13.756],[100.468,13.756],[100.468,13.757],[100.4675,13.7565]],[[100.472,13.768],[100.472,13.7675],[100.4725,13.7675],[100.472,13.768]],[[100.4695,13.7575],[100.47,13.7575],[100.4695,13.7575]],[[100.469,13.763]],[[100.4685,13.758],[100.4675,13.758],[100.4675,13.7575],[100.4685,13.7575],[100.4685,13.758]],[[100.468,13.76],[100.468,13.7605],[100.468,13.76]],[[100.467,13.7615]],[[100.4695,13.766],[100.469,13.766],[100.4695,13.766]],[[100.4685,13.7665],[100.4685,13.767],[100.4685,13.7665]],[[100.4695,13.7625],[100.47,13.7615],[100.4705,13.7615],[100.4695,13.7625]],[[100.471,13.7635],[100.4705,13.7635],[100.471,13.763],[100.471,13.7635]],[[100.4725,13.7615],[100.4725,13.762],[100.4725,13.7615]],[[100.4725,13.764],[100.472,13.764],[100.4725,13.764]],[[100.473,13.767],[100.4735,13.767],[100.473,13.767]],[[100.474,13.7625],[100.474,13.763],[100.474,13.7625]],[[100.476,13.768],[100.4765,13.7675],[100.4765,13.768],[100.476,13.768]],[[100.4775,13.7675],[100.4775,13.767],[100.4775,13.7675]],[[100.4785,13.7685],[100.4795,13.769],[100.479,13.7695],[100.4785,13.7685]],[[100.4795,13.767],[100.48,13.7675],[100.4795,13.767]]]}},{"type":"Feature","properties":{"station":"Bang Khun Non","line":"","band":"10"},"geometry":{"type":"Polygon","coordinates":[[[100.469,13.758],[100.469,13.759],[100.468,13.7595],[100.469,13.76],[100.4685,13.761],[100.47,13.764],[100.468,13.766],[100.4685,13.7665],[100.4695,13.766],[100.47,13.7675],[100.4695,13.7685],[100.472,13.769],[100.472,13.7675],[100.4725,13.7685],[100.4735,13.768],[100.475,13.766],[100.476,13.767],[100.475,13.769],[100.4755,13.7685],[100.478,13.769],[100.478,13.7675],[100.4765,13.766],[100.477,13.7655],[100.4755,13.7655],[100.4725,13.7615],[100.472,13.7605],[100.473,13.7595],[100.471,13.7585],[100.47,13.759],[100.469,13.758]],[[100.4695,13.7625],[100.47,13.7615],[100.4705,13.7615],[100.4695,13.7625]],[[100.4705,13.7655],[100.47,13.7655],[100.4705,13.7655]],[[100.471,13.7635],[100.4705,13.7635],[100.471,13.763],[100.471,13.7635]],[[100.4725,13.764],[100.472,13.764],[100.4725,13.764]],[[100.473,13.767],[100.4735,13.767],[100.473,13.767]],[[100.476,13.768],[100.4765,13.768],[100.476,13.768]]]}},{"type":"Feature","properties":{"station":"Bang Krasor","line":"MRT","band":"15"},"geometry":{"type":"Polygon","coordinates":[[[100.4985,13.8595],[100.496,13.861],[100.496,13.8645],[100.495,13.8655],[100.498,13.865],[100.499,13.8665],[100.4985,13.8645],[100.4995,13.864],[100.5,13.865],[100.5015,13.865],[100.502,13.866],[100.5015,13.867],[100.503,13.8685],[100.5035,13.868],[100.5025,13.866],[100.5035,13.866],[100.504,13.867],[100.505,13.8665],[100.5045,13.8645],[100.5055,13.865],[100.5085,13.8635],[100.5105,13.865],[100.512,13.8635],[100.5115,13.8625],[100.5125,13.8625],[100.5125,13.861],[100.515,13.86],[100.5125,13.8575],[100.511,13.8585],[100.5115,13.857],[100.5105,13.8565],[100.5095,13.8575],[100.5105,13.8585],[100.5065,13.8585],[100.506,13.86],[100.5055,13.8585],[100.4995,13.859],[100.4995,13.858],[100.4985,13.8575],[100.498,13.858],[100.4985,13.8595]],[[100.5025,13.866]],[[100.503,13.8655],[100.503,13.865],[100.5025,13.865],[100.502,13.8635],[100.5025,13.8645],[100.503,13.8645],[100.503,13.8655]],[[100.5035,13.861],[100.5035,13.8605],[100.5035,13.861]],[[100.498,13.8635],[100.4975,13.8625],[100.4985,13.862],[100.498,13.8635]],[[100.4995,13.86]],[[100.4985,13.861]],[[100.5015,13.8615]],[[100.5,13.8615]],[[100.5005,13.8595]],[[100.503,13.861],[100.503,13.8605],[100.503,13.861]],[[100.503,13.8605],[100.503,13.86],[100.503,13.8605]],[[100.5075,13.8615],[100.509,13.8615],[100.509,13.8625],[100.5075,13.863],[100.5075,13.8615]],[[100.506,13.8635],[100.506,13.8625],[100.5065,13.8625],[100.5065,13.8635],[100.506,13.8635]],[[100.505,13.863],[100.505,13.8635],[100.505,13.863]]]}},{"type":"Feature","properties":{"station":"Bang Krasor","line":"MRT","band":"10"},"geometry":{"type":"Polygon","coordinates":[[[100.501,13.859],[100.4995,13.86],[100.5,13.8615],[100.499,13.8605],[100.4985,13.8635],[100.5005,13.8645],[100.5015,13.8635],[100.502,13.8655],[100.5025,13.865],[100.502,13.8635],[100.5035,13.8645],[100.5035,13.8625],[100.508,13.861],[100.51,13.862],[100.5105,13.8605],[100.512,13.86],[100.5105,13.86],[100.5105,13.859],[100.5085,13.858],[100.5065,13.8585],[100.506,13.86],[100.5055,13.8585],[100.5025,13.859],[100.502,13.86],[100.501,13.859]],[[100.503,13.861],[100.503,13.8605],[100.503,13.861]],[[100.5035,13.861],[100.5035,13.8605],[100.5035,13.861]],[[100.5015,13.8615]],[[100.5025,13.86],[100.503,13.86],[100.503,13.8605],[100.5025,13.86]]]}},{"type":"Feature","properties":{"station":"Bang Na","line":"","band":"15"},"geometry":{"type":"Polygon","coordinates":[[[100.6045,13.6695],[100.601,13.6705],[100.6005,13.6715],[100.601,13.674],[100.5995,13.6745],[100.601,13.6745],[100.6015,13.6755],[100.602,13.6745],[100.6025,13.6755],[100.6035,13.6755],[100.603,13.677],[100.604,13.677],[100.605,13.6745],[100.6065,13.674],[100.608,13.6765],[100.6085,13.676],[100.608,13.674],[100.6095,13.6735],[100.61,13.672],[100.6085,13.672],[100.608,13.6705],[100.6075,13.671],[100.608,13.6725],[100.607,13.6725],[100.604,13.667],[100.6045,13.6695]],[[100.6045,13.67],[100.605,13.67],[100.6045,13.67]],[[100.6035,13.6745]],[[100.6035,13.673],[100.604,13.673],[100.604,13.6735],[100.6035,13.6735],[100.6035,13.673]],[[100.604,13.6715],[100.6035,13.672],[100.603,13.6715],[100.604,13.6715]],[[100.6015,13.673],[100.602,13.673],[100.6015,13.673]],[[100.6055,13.673],[100.605,13.673],[100.6055,13.673]],[[100.605,13.672],[100.6055,13.6705],[100.606,13.672],[100.605,13.672]]]}},{"type":"Feature","properties":{"station":"Bang Na","line":"","band":"10"},"geometry":{"type":"Polygon","coordinates":[[[100.6045,13.6695],[100.601,13.6705],[100.6015,13.673],[100.6025,13.6735],[100.603,13.671],[100.604,13.6715],[100.6035,13.674],[100.605,13.6745],[100.607,13.674],[100.606,13.67],[100.604,13.667],[100.6045,13.6695]],[[100.6045,13.67],[100.605,13.67],[100.6045,13.67]],[[100.6055,13.673],[100.605,13.673],[100.6055,13.673]],[[100.6055,13.672],[100.605,13.672],[100.6055,13.6705],[100.6055,13.672]]]}},{"type":"Feature","properties":{"station":"Bang O","line":"","band":"15"},"geometry":{"type":"Polygon","coordinates":[[[100.504,13.791],[100.503,13.791],[100.5035,13.792],[100.503,13.794],[100.5035,13.7945],[100.505,13.793],[100.505,13.7935],[100.5025,13.7955],[100.503,13.797],[100.502,13.798],[100.503,13.7985],[100.5025,13.8],[100.5035,13.801],[100.5055,13.8005],[100.5045,13.8015],[100.5055,13.802],[100.5045,13.803],[100.506,13.8045],[100.5085,13.8045],[100.511,13.8065],[100.5105,13.8085],[100.512,13.8085],[100.513,13.8075],[100.5125,13.8065],[100.514,13.807],[100.5165,13.8055],[100.5145,13.8045],[100.515,13.804],[100.5145,13.803],[100.5155,13.8025],[100.515,13.801],[100.5125,13.801],[100.515,13.8],[100.514,13.798],[100.512,13.7985],[100.5135,13.797],[100.5125,13.797],[100.513,13.796],[100.5105,13.796],[100.512,13.7945],[100.5105,13.794],[100.511,13.793],[100.5095,13.794],[100.51,13.7925],[100.509,13.793],[100.5095,13.7925],[100.509,13.7915],[100.508,13.792],[100.508,13.793],[100.506,13.791],[100.505,13.792],[100.505,13.791],[100.504,13.791]],[[100.51,13.8025],[100.51,13.803],[100.5095,13.8025],[100.51,13.8025]],[[100.5095,13.802],[100.5075,13.803],[100.507,13.8035],[100.5065,13.803],[100.506,13.8035],[100.506,13.803],[100.507,13.803],[100.5075,13.8025],[100.5095,13.802]],[[100.5095,13.7965],[100.5095,13.797],[100.509,13.797],[100.5095,13.7965]],[[100.509,13.795],[100.5095,13.795],[100.5095,13.7945],[100.509,13.795]],[[100.5065,13.8015],[100.5065,13.801],[100.507,13.801],[100.5065,13.8015]],[[100.506,13.8],[100.5075,13.7985],[100.5075,13.7975],[100.5085,13.798],[100.509,13.799],[100.506,13.8]],[[100.5045,13.798],[100.5045,13.7975],[100.505,13.797],[100.5045,13.7975],[100.505,13.798],[100.5045,13.798]],[[100.5045,13.795]],[[100.5055,13.799],[100.5055,13.7995],[100.5055,13.799]],[[100.506,13.793],[100.5065,13.7925],[100.5065,13.793],[100.506,13.793]],[[100.505,13.8],[100.505,13.7995],[100.505,13.8]],[[100.508,13.7975],[100.508,13.797],[100.508,13.7975]],[[100.512,13.8015]],[[100.5115,13.7995],[100.5115,13.8],[100.5115,13.7995]],[[100.513,13.805]],[[100.5135,13.8035]],[[100.5125,13.8035],[100.513,13.803],[100.513,13.8035],[100.5125,13.8035]],[[100.5135,13.7985],[100.514,13.799],[100.5135,13.7985]],[[100.514,13.8055]],[[100.5135,13.805]]]}},{"type":"Feature","properties":{"station":"Bang O","line":"","band":"10"},"geometry":{"type":"Polygon","coordinates":[[[100.5055,13.793],[100.506,13.7945],[100.505,13.799],[100.507,13.7985],[100.507,13.7975],[100.509,13.799],[100.506,13.8],[100.506,13.801],[100.507,13.801],[100.506,13.8015],[100.506,13.8025],[100.507,13.803],[100.5095,13.802],[100.5085,13.803],[100.51,13.8025],[100.51,13.804],[100.5125,13.8055],[100.5145,13.8015],[100.5135,13.801],[100.512,13.8015],[100.515,13.8],[100.514,13.798],[100.512,13.7985],[100.5135,13.797],[100.5125,13.797],[100.513,13.796],[100.5105,13.796],[100.512,13.795],[100.5115,13.794],[100.509,13.795],[100.5095,13.794],[100.509,13.7945],[100.5085,13.7935],[100.508,13.794],[100.5055,13.793]],[[100.508,13.7975],[100.508,13.797],[100.508,13.7975]],[[100.5085,13.7945],[100.508,13.795],[100.5085,13.7945]],[[100.5095,13.7965],[100.5095,13.797],[100.509,13.797],[100.5095,13.7965]],[[100.5115,13.7995],[100.5115,13.8],[100.5115,13.7995]],[[100.5135,13.7985],[100.514,13.799],[100.5135,13.7985]],[[100.5125,13.8035],[100.513,13.803],[100.513,13.8035],[100.5125,13.8035]]]}},{"type":"Feature","properties":{"station":"Bang Phai","line":"","band":"15"},"geometry":{"type":"Polygon","coordinates":[[[100.456,13.719],[100.4555,13.7205],[100.4575,13.721],[100.457,13.7225],[100.456,13.7225],[100.4575,13.7245],[100.4565,13.7255],[100.457,13.726],[100.458,13.7245],[100.4585,13.7255],[100.4585,13.7265],[100.457,13.7275],[100.4595,13.729],[100.459,13.7315],[100.461,13.729],[100.463,13.73],[100.462,13.7325],[100.4635,13.7325],[100.463,13.7315],[100.465,13.7295],[100.4645,13.729],[100.466,13.7265],[100.466,13.7275],[100.469,13.729],[100.468,13.7295],[100.468,13.7305],[100.4695,13.73],[100.4715,13.731],[100.4715,13.7295],[100.4725,13.73],[100.4745,13.7295],[100.4735,13.7275],[100.4715,13.727],[100.4725,13.725],[100.4715,13.723],[100.4705,13.723],[100.4705,13.724],[100.4695,13.7225],[100.4715,13.722],[100.4715,13.721],[100.4705,13.7205],[100.471,13.7195],[100.4695,13.72],[100.466,13.7185],[100.464,13.7195],[100.4635,13.719],[100.464,13.718],[100.463,13.7175],[100.4625,13.719],[100.4615,13.7195],[100.458,13.7185],[100.4575,13.7195],[100.456,13.719]],[[100.4635,13.725]],[[100.46,13.7285],[100.4605,13.728],[100.4605,13.7285],[100.46,13.7285]],[[100.46,13.7265]],[[100.461,13.721],[100.461,13.7205],[100.462,13.7205],[100.461,13.721]],[[100.4585,13.723]],[[100.459,13.7225],[100.4585,13.722],[100.4585,13.7215],[100.459,13.722],[100.459,13.7225]],[[100.4595,13.7255],[100.46,13.7255],[100.4595,13.7255]],[[100.461,13.726],[100.4615,13.726],[100.461,13.726]],[[100.4625,13.7225],[100.462,13.7225],[100.4625,13.722],[100.4625,13.7225]],[[100.4625,13.725]],[[100.463,13.723]],[[100.467,13.7265]],[[100.4665,13.7265],[100.466,13.7265],[100.4665,13.7265]],[[100.4665,13.726],[100.466,13.726],[100.4665,13.726]],[[100.469,13.7255],[100.467,13.725],[100.469,13.7235],[100.4695,13.7245],[100.469,13.7255]],[[100.466,13.7235],[100.4655,13.7235],[100.466,13.7235]],[[100.465,13.7205],[100.4655,13.72],[100.465,13.7195],[100.4665,13.719],[100.466,13.721],[100.465,13.7205]],[[100.467,13.7235],[100.4665,13.723],[100.466,13.723],[100.4665,13.723],[100.467,13.7235]],[[100.4665,13.722]],[[100.469,13.728],[100.4695,13.728],[100.469,13.728]],[[100.4705,13.725],[100.4705,13.7245],[100.4705,13.725]],[[100.47,13.724]],[[100.47,13.721],[100.4695,13.721],[100.4695,13.7205],[100.47,13.721]],[[100.4685,13.7275],[100.4685,13.727],[100.4685,13.7275]],[[100.468,13.7265],[100.4675,13.727],[100.468,13.727],[100.4675,13.727],[100.468,13.7265]],[[100.4695,13.726],[100.4695,13.7265],[100.469,13.7265],[100.4695,13.726]],[[100.471,13.7255]]]}},{"type":"Feature","properties":{"station":"Bang Phai","line":"","band":"10"},"geometry":{"type":"Polygon","coordinates":[[[100.4585,13.7205],[100.459,13.722],[100.4585,13.7235],[100.4595,13.7235],[100.459,13.7255],[100.46,13.726],[100.4605,13.729],[100.4635,13.7305],[100.464,13.7295],[100.465,13.7295],[100.4645,13.729],[100.4665,13.7265],[100.467,13.727],[100.468,13.7265],[100.4685,13.727],[100.4675,13.7275],[100.4705,13.729],[100.4715,13.7275],[100.471,13.726],[100.47,13.7255],[100.469,13.7265],[100.469,13.7255],[100.467,13.725],[100.469,13.724],[100.4685,13.7235],[100.4705,13.724],[100.4695,13.7215],[100.4665,13.722],[100.4625,13.72],[100.461,13.721],[100.4585,13.7205]],[[100.4635,13.725]],[[100.461,13.726],[100.4615,13.726],[100.461,13.726]],[[100.4605,13.7255]],[[100.4625,13.725]],[[100.463,13.723]],[[100.4625,13.7225],[100.4625,13.722],[100.4625,13.7225]],[[100.4665,13.726],[100.466,13.726],[100.4665,13.726]],[[100.467,13.7235],[100.4665,13.723],[100.466,13.723],[100.4665,13.723],[100.467,13.7235]],[[100.4665,13.722]],[[100.466,13.7235],[100.4655,13.7235],[100.466,13.7235]]]}},{"type":"Feature","properties":{"station":"Bang Phlat","line":"","band":"15"},"geometry":{"type":"Polygon","coordinates":[[[100.4985,13.785],[100.4965,13.786],[100.497,13.787],[100.4965,13.788],[100.4975,13.7875],[100.4985,13.788],[100.497,13.788],[100.4975,13.79],[100.4965,13.79],[100.498,13.792],[100.497,13.7925],[100.497,13.7945],[100.498,13.795],[100.4985,13.794],[100.499,13.7955],[100.5005,13.794],[100.501,13.7955],[100.502,13.7945],[100.5025,13.795],[100.5035,13.7945],[100.501,13.7965],[100.5015,13.799],[100.504,13.8],[100.5075,13.7985],[100.5075,13.7975],[100.509,13.799],[100.508,13.8],[100.51,13.8],[100.51,13.801],[100.511,13.8005],[100.5115,13.799],[100.511,13.798],[100.512,13.797],[100.5105,13.796],[100.512,13.7945],[100.5105,13.794],[100.511,13.793],[100.5095,13.794],[100.51,13.7925],[100.509,13.793],[100.5095,13.7925],[100.509,13.7915],[100.508,13.792],[100.508,13.793],[100.507,13.7925],[100.508,13.791],[100.5075,13.79],[100.505,13.792],[100.5045,13.791],[100.507,13.7895],[100.5065,13.7885],[100.5055,13.7885],[100.5055,13.7875],[100.5045,13.788],[100.5045,13.787],[100.4995,13.786],[100.4985,13.785]],[[100.5035,13.7935]],[[100.5,13.791]],[[100.501,13.788]],[[100.4985,13.792],[100.498,13.7915],[100.4985,13.791],[100.4985,13.792]],[[100.502,13.788],[100.5025,13.7875],[100.502,13.7885],[100.502,13.788]],[[100.501,13.7935]],[[100.501,13.793]],[[100.502,13.799]],[[100.502,13.7975],[100.502,13.798],[100.502,13.7975]],[[100.5065,13.7925],[100.506,13.793],[100.5065,13.7925]],[[100.5045,13.7945],[100.504,13.794],[100.505,13.793],[100.504,13.794],[100.5045,13.7945]],[[100.5045,13.795]],[[100.505,13.789],[100.505,13.7895],[100.505,13.789]],[[100.508,13.7975],[100.508,13.797],[100.508,13.7975]],[[100.5095,13.7965],[100.509,13.797],[100.5095,13.7965]],[[100.509,13.795],[100.5095,13.795],[100.5095,13.7945],[100.509,13.795]]]}},{"type":"Feature","properties":{"station":"Bang Phlat","line":"","band":"10"},"geometry":{"type":"Polygon","coordinates":[[[100.5,13.7875],[100.4995,13.7895],[100.5005,13.7905],[100.499,13.793],[100.5005,13.7935],[100.501,13.793],[100.502,13.794],[100.5005,13.7955],[100.5035,13.7945],[100.502,13.796],[100.5025,13.797],[100.5035,13.7975],[100.5065,13.7965],[100.506,13.797],[100.5065,13.7975],[100.508,13.797],[100.509,13.798],[100.5085,13.797],[100.5095,13.7965],[100.509,13.796],[100.5095,13.7925],[100.5085,13.792],[100.508,13.793],[100.507,13.7925],[100.508,13.791],[100.5075,13.79],[100.505,13.792],[100.5045,13.791],[100.507,13.79],[100.5065,13.7885],[100.5055,13.7885],[100.5055,13.7875],[100.5045,13.788],[100.503,13.7875],[100.502,13.7885],[100.5015,13.7875],[100.501,13.788],[100.5,13.7875]],[[100.5045,13.7945],[100.504,13.794],[100.505,13.793],[100.504,13.794],[100.5045,13.7945]],[[100.5035,13.7935]],[[100.501,13.793]],[[100.504,13.7965],[100.5045,13.796],[100.504,13.7965]],[[100.506,13.793],[100.5065,13.7925],[100.5065,13.793],[100.506,13.793]],[[100.505,13.789],[100.505,13.7895],[100.505,13.789]],[[100.5045,13.795]],[[100.505,13.7965]]]}},{"type":"Feature","properties":{"station":"Bang Phlu","line":"MRT","band":"15"},"geometry":{"type":"Polygon","coordinates":[[[100.427,13.873],[100.426,13.8725],[100.4255,13.8745],[100.4245,13.874],[100.4235,13.8745],[100.4235,13.8755],[100.425,13.8755],[100.426,13.8765],[100.4255,13.8775],[100.426,13.879],[100.427,13.8765],[100.428,13.877],[100.43,13.876],[100.43,13.877],[100.4285,13.8775],[100.4295,13.879],[100.428,13.8795],[100.4285,13.88],[100.43,13.8795],[100.429,13.8805],[100.4295,13.882],[100.431,13.88],[100.432,13.8805],[100.4305,13.8815],[100.4325,13.883],[100.433,13.886],[100.434,13.8815],[100.4355,13.882],[100.4355,13.8835],[100.4365,13.8835],[100.436,13.884],[100.437,13.884],[100.437,13.883],[100.4385,13.8825],[100.4375,13.8805],[100.4385,13.8805],[100.4385,13.8815],[100.44,13.8815],[100.438,13.877],[100.4405,13.8775],[100.4395,13.8785],[100.441,13.8795],[100.442,13.8785],[100.442,13.877],[100.443,13.8775],[100.4435,13.8765],[100.4445,13.8765],[100.441,13.876],[100.441,13.875],[100.4395,13.8745],[100.439,13.873],[100.4375,13.875],[100.4345,13.8755],[100.435,13.8745],[100.4365,13.8745],[100.436,13.872],[100.437,13.8705],[100.4395,13.871],[100.4405,13.87],[100.4375,13.869],[100.438,13.866],[100.437,13.8665],[100.437,13.8685],[100.4355,13.872],[100.4335,13.871],[100.434,13.87],[100.4335,13.8695],[100.4325,13.8705],[100.433,13.8695],[100.432,13.8685],[100.43,13.87],[100.4295,13.871],[100.431,13.8715],[100.43,13.8725],[100.431,13.8735],[100.4325,13.8735],[100.432,13.8745],[100.434,13.8725],[100.435,13.873],[100.4335,13.875],[100.432,13.875],[100.431,13.874],[100.4305,13.875],[100.4285,13.872],[100.428,13.874],[100.4265,13.8745],[100.427,13.873]],[[100.4335,13.878],[100.433,13.878],[100.4335,13.878]],[[100.431,13.878],[100.4305,13.877],[100.433,13.8765],[100.431,13.878]],[[100.431,13.876]],[[100.426,13.8765]],[[100.4285,13.8745]],[[100.43,13.8745],[100.4295,13.875],[100.43,13.8745]],[[100.432,13.8785],[100.4325,13.878],[100.432,13.8785]],[[100.4305,13.8785],[100.431,13.8785],[100.4305,13.8785]],[[100.433,13.872],[100.4325,13.8735],[100.432,13.872],[100.4325,13.8715],[100.433,13.872]],[[100.4315,13.8715]],[[100.4365,13.8785],[100.436,13.8785],[100.4365,13.8785]],[[100.4365,13.8775],[100.4365,13.8765],[100.4375,13.878],[100.4365,13.8775]],[[100.435,13.877],[100.4345,13.8765],[100.435,13.8765],[100.435,13.877]],[[100.4345,13.8805]],[[100.436,13.877],[100.4355,13.877],[100.436,13.877]],[[100.438,13.879]],[[100.4375,13.8755],[100.4375,13.875],[100.4385,13.875],[100.438,13.8755],[100.4375,13.8755]],[[100.4415,13.8775],[100.4415,13.877],[100.4415,13.8775]]]}},{"type":"Feature","properties":{"station":"Bang Phlu","line":"MRT","band":"10"},"geometry":{"type":"Polygon","coordinates":[[[100.4295,13.874],[100.4265,13.875],[100.428,13.877],[100.43,13.876],[100.4295,13.877],[100.4305,13.8785],[100.4325,13.878],[100.431,13.8795],[100.4335,13.8825],[100.434,13.8815],[100.4355,13.881],[100.436,13.8815],[100.437,13.8785],[100.4385,13.8785],[100.438,13.877],[100.44,13.877],[100.441,13.876],[100.4395,13.8755],[100.4385,13.8735],[100.4375,13.875],[100.4345,13.8755],[100.435,13.8745],[100.4365,13.8745],[100.436,13.872],[100.4375,13.87],[100.437,13.8695],[100.4355,13.872],[100.433,13.8705],[100.4325,13.871],[100.433,13.873],[100.435,13.873],[100.4335,13.875],[100.432,13.875],[100.431,13.874],[100.4305,13.875],[100.4305,13.874],[100.4295,13.874]],[[100.433,13.878],[100.4335,13.878],[100.433,13.878]],[[100.433,13.8765],[100.431,13.878],[100.4305,13.877],[100.433,13.8765]],[[100.4295,13.875],[100.43,13.8745],[100.4295,13.875]],[[100.431,13.876]],[[100.4345,13.8805]],[[100.435,13.877],[100.4345,13.8765],[100.435,13.8765],[100.435,13.877]],[[100.4365,13.8785]],[[100.4365,13.8765],[100.4375,13.878],[100.4365,13.878],[100.4365,13.8765]],[[100.438,13.8755],[100.4375,13.875],[100.4385,13.875],[100.438,13.8755]],[[100.436,13.877],[100.4355,13.877],[100.436,13.877]],[[100.4355,13.8795]]]}},{"type":"Feature","properties":{"station":"Bang Pho","line":"","band":"15"},"geometry":{"type":"Polygon","coordinates":[[[100.519,13.8005],[100.518,13.8015],[100.5195,13.802],[100.518,13.802],[100.5185,13.803],[100.5195,13.803],[100.5185,13.804],[100.519,13.805],[100.5185,13.809],[100.5215,13.8105],[100.522,13.812],[100.5225,13.81],[100.5235,13.81],[100.523,13.8095],[100.524,13.809],[100.5235,13.8085],[100.5245,13.808],[100.525,13.8085],[100.527,13.8065],[100.5255,13.805],[100.523,13.8045],[100.526,13.804],[100.527,13.803],[100.5235,13.7995],[100.523,13.8],[100.522,13.7995],[100.5215,13.7975],[100.52,13.799],[100.521,13.8],[100.519,13.8005]],[[100.522,13.8055]],[[100.52,13.8085],[100.5205,13.8085],[100.5205,13.809],[100.52,13.8085]],[[100.521,13.8015]],[[100.5235,13.803],[100.524,13.803],[100.5235,13.803]],[[100.5245,13.8025],[100.5245,13.802],[100.5245,13.8025]],[[100.524,13.806],[100.5235,13.8055],[100.524,13.8055],[100.524,13.806]]]}},{"type":"Feature","properties":{"station":"Bang Pho","line":"","band":"10"},"geometry":{"type":"Polygon","coordinates":[[[100.5185,13.804],[100.519,13.805],[100.5185,13.8065],[100.5195,13.8075],[100.521,13.8075],[100.521,13.8085],[100.5235,13.8065],[100.523,13.8045],[100.524,13.8045],[100.524,13.8035],[100.5215,13.801],[100.521,13.802],[100.52,13.802],[100.5195,13.804],[100.5185,13.804]],[[100.522,13.8055]]]}},{"type":"Feature","properties":{"station":"Bang Rak Noi Tha It","line":"MRT","band":"15"},"geometry":{"type":"Polygon","coordinates":[[[100.4495,13.876],[100.4455,13.877],[100.449,13.8775],[100.45,13.8815],[100.4515,13.8825],[100.452,13.8805],[100.453,13.8805],[100.4535,13.8795],[100.452,13.878],[100.4535,13.878],[100.4535,13.879],[100.456,13.8785],[100.4565,13.877],[100.456,13.876],[100.457,13.8755],[100.4575,13.8765],[100.458,13.876],[100.459,13.8765],[100.4575,13.877],[100.4595,13.8785],[100.4605,13.8775],[100.46,13.8765],[100.4615,13.876],[100.4595,13.8755],[100.4625,13.874],[100.461,13.8735],[100.4635,13.8735],[100.4635,13.8725],[100.465,13.871],[100.462,13.8705],[100.4625,13.8695],[100.4615,13.8695],[100.461,13.8705],[100.4595,13.8695],[100.46,13.871],[100.459,13.8705],[100.46,13.8715],[100.4595,13.872],[100.459,13.8715],[100.4575,13.873],[100.458,13.8715],[100.456,13.8725],[100.4555,13.8715],[100.4555,13.873],[100.4545,13.8725],[100.454,13.8735],[100.4545,13.875],[100.453,13.876],[100.4525,13.8755],[100.45,13.8765],[100.4495,13.876]],[[100.4565,13.8735],[100.4565,13.873],[100.4565,13.8735]],[[100.4515,13.881]],[[100.452,13.88],[100.452,13.879],[100.4525,13.8795],[100.452,13.88]],[[100.4505,13.878],[100.45,13.8775],[100.4505,13.8775],[100.4505,13.878]],[[100.454,13.877],[100.453,13.877],[100.455,13.876],[100.4555,13.877],[100.454,13.877]],[[100.46,13.8745],[100.4605,13.8745],[100.46,13.8745]],[[100.458,13.875],[100.4575,13.875],[100.458,13.875]],[[100.4585,13.875],[100.459,13.875],[100.4585,13.875]],[[100.459,13.8725],[100.4595,13.8725],[100.459,13.873],[100.459,13.8725]]]}},{"type":"Feature","properties":{"station":"Bang Rak Noi Tha It","line":"MRT","band":"10"},"geometry":{"type":"Polygon","coordinates":[[[100.4525,13.876],[100.449,13.877],[100.4495,13.878],[100.451,13.8775],[100.45,13.8785],[100.451,13.8785],[100.451,13.8795],[100.452,13.879],[100.4515,13.8785],[100.452,13.8775],[100.454,13.8785],[100.4545,13.8775],[100.453,13.877],[100.455,13.876],[100.456,13.877],[100.4565,13.8765],[100.456,13.876],[100.457,13.8755],[100.4575,13.8765],[100.458,13.8755],[100.4575,13.875],[100.4595,13.8755],[100.461,13.873],[100.46,13.872],[100.459,13.873],[100.4585,13.872],[100.4565,13.874],[100.4525,13.876]]]}},{"type":"Feature","properties":{"station":"Bang Rak Yai","line":"MRT","band":"15"},"geometry":{"type":"Polygon","coordinates":[[[100.439,13.873],[100.4375,13.875],[100.436,13.8755],[100.435,13.875],[100.4345,13.876],[100.439,13.8765],[100.441,13.8785],[100.4415,13.877],[100.4415,13.8795],[100.4425,13.879],[100.4425,13.88],[100.446,13.881],[100.4455,13.882],[100.4445,13.8815],[100.445,13.884],[100.4465,13.8825],[100.4475,13.8835],[100.4485,13.883],[100.448,13.8825],[100.4485,13.8815],[100.45,13.8815],[100.4485,13.8795],[100.4465,13.879],[100.449,13.8775],[100.449,13.879],[100.4505,13.8805],[100.4515,13.8775],[100.4555,13.875],[100.455,13.8745],[100.4525,13.8755],[100.4515,13.875],[100.4515,13.871],[100.45,13.8745],[100.4505,13.875],[100.4495,13.876],[100.4485,13.8755],[100.4485,13.8765],[100.448,13.875],[100.4495,13.874],[100.448,13.8735],[100.4485,13.873],[100.447,13.871],[100.445,13.871],[100.4445,13.872],[100.4435,13.8715],[100.443,13.8725],[100.4435,13.873],[100.4425,13.8735],[100.443,13.874],[100.444,13.8735],[100.444,13.8745],[100.445,13.875],[100.447,13.8745],[100.447,13.8755],[100.446,13.875],[100.4455,13.876],[100.441,13.876],[100.441,13.875],[100.4395,13.8745],[100.439,13.873]],[[100.4455,13.8775],[100.4435,13.877],[100.4455,13.877],[100.446,13.878],[100.4455,13.8775]],[[100.438,13.8755],[100.4375,13.875],[100.4385,13.875],[100.438,13.8755]],[[100.4425,13.877],[100.442,13.8775],[100.442,13.877],[100.4425,13.877]],[[100.446,13.8795]],[[100.447,13.8725],[100.4465,13.8725],[100.446,13.8725],[100.4465,13.8725],[100.447,13.8725]],[[100.445,13.8735],[100.4445,13.873],[100.4455,13.873],[100.445,13.8735],[100.446,13.874],[100.445,13.8735]],[[100.4465,13.872],[100.4465,13.8715],[100.4465,13.872]],[[100.4455,13.872]],[[100.4475,13.881],[100.448,13.881],[100.4475,13.881]],[[100.447,13.8775]],[[100.451,13.8775],[100.45,13.8775],[100.451,13.8775]],[[100.4515,13.8755],[100.452,13.8755],[100.4515,13.8755]]]}},{"type":"Feature","properties":{"station":"Bang Rak Yai","line":"MRT","band":"10"},"geometry":{"type":"Polygon","coordinates":[[[100.439,13.875],[100.4395,13.8755],[100.438,13.876],[100.4455,13.877],[100.446,13.878],[100.444,13.879],[100.4465,13.881],[100.447,13.88],[100.4465,13.879],[100.4485,13.8785],[100.4485,13.8775],[100.4495,13.878],[100.45,13.877],[100.452,13.8765],[100.451,13.8745],[100.45,13.8755],[100.4485,13.8755],[100.4485,13.8765],[100.448,13.875],[100.4495,13.8735],[100.4485,13.874],[100.447,13.8725],[100.4455,13.874],[100.4455,13.875],[100.447,13.8745],[100.447,13.8755],[100.446,13.875],[100.4455,13.876],[100.441,13.876],[100.441,13.875],[100.4395,13.8745],[100.439,13.875]],[[100.447,13.8775]],[[100.446,13.8795]]]}},{"type":"Feature","properties":{"station":"Bang Son","line":"","band":"15"},"geometry":{"type":"Polygon","coordinates":[[[100.5265,13.8145],[100.5255,13.816],[100.5265,13.8165],[100.5255,13.8165],[100.525,13.818],[100.5275,13.819],[100.525,13.8185],[100.5245,13.819],[100.526,13.819],[100.5255,13.82],[100.5245,13.8195],[100.524,13.82],[100.524,13.821],[100.528,13.823],[100.5275,13.8235],[100.528,13.8245],[100.5275,13.8265],[100.5285,13.8265],[100.528,13.8285],[100.53,13.8285],[100.5305,13.828],[100.53,13.8275],[100.532,13.8285],[100.5335,13.827],[100.535,13.828],[100.5365,13.8275],[100.536,13.827],[100.537,13.8265],[100.536,13.826],[100.5355,13.8245],[100.537,13.825],[100.537,13.826],[100.538,13.826],[100.539,13.8245],[100.539,13.8235],[100.538,13.823],[100.54,13.821],[100.5375,13.8215],[100.5365,13.8185],[100.537,13.8185],[100.5365,13.8175],[100.5375,13.817],[100.537,13.8155],[100.5355,13.8145],[100.534,13.816],[100.5335,13.815],[100.5345,13.814],[100.534,13.8135],[100.5355,13.813],[100.5325,13.812],[100.5315,13.8105],[100.5295,13.811],[100.5285,13.8125],[100.5295,13.813],[100.529,13.814],[100.528,13.8135],[100.527,13.814],[100.5275,13.815],[100.5265,13.8145]],[[100.5315,13.8205],[100.531,13.82],[100.5315,13.8195],[100.5315,13.8205]],[[100.532,13.818],[100.5315,13.818],[100.532,13.818]],[[100.5295,13.822]],[[100.529,13.817]],[[100.5295,13.8155],[100.5295,13.815],[100.53,13.816],[100.5295,13.8155]],[[100.5275,13.8195],[100.5265,13.8195],[100.5275,13.8195]],[[100.5265,13.8215],[100.527,13.8215],[100.5265,13.8215]],[[100.5255,13.821],[100.526,13.821],[100.5255,13.821]],[[100.5285,13.823]],[[100.531,13.816],[100.5305,13.8155],[100.531,13.816]],[[100.533,13.826]],[[100.5345,13.825],[100.534,13.8245],[100.5345,13.824],[100.5345,13.825]],[[100.5335,13.823],[100.533,13.823],[100.5335,13.823]],[[100.5345,13.822],[100.534,13.822],[100.535,13.822],[100.5345,13.822]],[[100.532,13.819]],[[100.5335,13.8215],[100.533,13.8215],[100.533,13.821],[100.5335,13.8215]],[[100.5355,13.8245],[100.5355,13.824],[100.5355,13.8245]],[[100.536,13.8225]],[[100.5335,13.8255],[100.5335,13.826],[100.5335,13.8255]],[[100.5335,13.826],[100.534,13.826],[100.534,13.8265],[100.5335,13.826]],[[100.535,13.821],[100.5355,13.821],[100.535,13.821]],[[100.5345,13.8265],[100.535,13.8265],[100.5345,13.8265]],[[100.536,13.8225],[100.5365,13.8225],[100.536,13.8225]]]}},{"type":"Feature","properties":{"station":"Bang Son","line":"","band":"10"},"geometry":{"type":"Polygon","coordinates":[[[100.5295,13.8155],[100.5285,13.816],[100.529,13.8175],[100.528,13.817],[100.5275,13.818],[100.5265,13.818],[100.5285,13.8205],[100.5275,13.8205],[100.527,13.822],[100.528,13.823],[100.5295,13.823],[100.53,13.824],[100.5315,13.824],[100.5305,13.825],[100.531,13.8265],[100.533,13.8255],[100.534,13.826],[100.534,13.8245],[100.5345,13.824],[100.535,13.8255],[100.5365,13.823],[100.534,13.822],[100.5375,13.8225],[100.5365,13.819],[100.534,13.818],[100.5345,13.816],[100.532,13.8135],[100.5305,13.8145],[100.53,13.816],[100.5295,13.8155]],[[100.531,13.82],[100.5315,13.8195],[100.5315,13.8205],[100.531,13.82]],[[100.531,13.816],[100.5305,13.8155],[100.531,13.816]],[[100.529,13.822],[100.5295,13.822],[100.529,13.822]],[[100.528,13.8215],[100.5285,13.8215],[100.5285,13.822],[100.528,13.8215]],[[100.532,13.818],[100.5315,13.818],[100.532,13.818]],[[100.532,13.819]],[[100.533,13.823],[100.5335,13.823],[100.533,13.823]],[[100.5335,13.8215],[100.533,13.8215],[100.533,13.821],[100.5335,13.8215]],[[100.535,13.821],[100.5355,13.821],[100.535,13.821]]]}},{"type":"Feature","properties":{"station":"Bang Sue","line":"","band":"15"},"geometry":{"type":"Polygon","coordinates":[[[100.5325,13.7995],[100.532,13.8],[100.5325,13.802],[100.5295,13.8065],[100.5305,13.8065],[100.531,13.8075],[100.5325,13.8065],[100.532,13.808],[100.5335,13.808],[100.533,13.809],[100.5345,13.8095],[100.5365,13.8065],[100.5375,13.8075],[100.5395,13.8065],[100.5375,13.8075],[100.539,13.8105],[100.5415,13.811],[100.5425,13.813],[100.5435,13.8115],[100.5425,13.8115],[100.542,13.8105],[100.5415,13.8085],[100.5425,13.808],[100.5405,13.803],[100.542,13.8025],[100.5415,13.8015],[100.5405,13.8015],[100.5415,13.8005],[100.543,13.804],[100.544,13.8045],[100.542,13.7985],[100.544,13.7975],[100.5405,13.7975],[100.54,13.7965],[100.5395,13.7975],[100.5385,13.797],[100.5385,13.798],[100.54,13.7985],[100.5405,13.8],[100.54,13.799],[100.5375,13.798],[100.5355,13.7945],[100.535,13.795],[100.5365,13.7975],[100.535,13.7985],[100.537,13.798],[100.537,13.7985],[100.534,13.8],[100.5335,13.7995],[100.5345,13.7985],[100.5335,13.799],[100.5325,13.798],[100.532,13.7985],[100.5325,13.7995]],[[100.5365,13.8055],[100.5345,13.806],[100.536,13.805],[100.5365,13.8055]],[[100.5375,13.8]],[[100.5375,13.799],[100.5375,13.7995],[100.5375,13.799]],[[100.5335,13.8045],[100.534,13.8045],[100.5335,13.8045]],[[100.535,13.801],[100.5355,13.8015],[100.535,13.8015],[100.535,13.801]],[[100.535,13.8],[100.5355,13.8005],[100.535,13.8]],[[100.5325,13.805],[100.532,13.8055],[100.532,13.805],[100.5325,13.805]],[[100.531,13.805],[100.5315,13.805],[100.531,13.8055],[100.531,13.805]],[[100.5345,13.8045],[100.535,13.804],[100.5355,13.8045],[100.5345,13.8045]],[[100.537,13.8005]],[[100.5395,13.801],[100.539,13.801],[100.5385,13.7995],[100.5395,13.801]],[[100.5395,13.8],[100.54,13.8],[100.5395,13.8]],[[100.538,13.8055]],[[100.537,13.8025],[100.538,13.802],[100.538,13.8025],[100.537,13.8025]],[[100.54,13.808],[100.5405,13.81],[100.5395,13.8085],[100.54,13.808]],[[100.54,13.8065]],[[100.54,13.802],[100.54,13.8015],[100.5405,13.8015],[100.5405,13.802],[100.54,13.802]],[[100.541,13.799],[100.5415,13.7995],[100.541,13.799]]]}},{"type":"Feature","properties":{"station":"Bang Sue","line":"","band":"10"},"geometry":{"type":"Polygon","coordinates":[[[100.5345,13.801],[100.5335,13.802],[100.534,13.803],[100.533,13.8035],[100.5355,13.8045],[100.533,13.806],[100.5365,13.805],[100.537,13.8075],[100.54,13.806],[100.5405,13.807],[100.539,13.807],[100.5385,13.8085],[100.5405,13.808],[100.5415,13.8085],[100.54,13.804],[100.541,13.805],[100.5405,13.803],[100.542,13.802],[100.5405,13.8015],[100.5425,13.8005],[100.542,13.7985],[100.541,13.7985],[100.5415,13.7995],[100.5405,13.8],[100.54,13.799],[100.537,13.7975],[100.5375,13.7995],[100.536,13.799],[100.536,13.802],[100.5345,13.801]],[[100.538,13.8055]],[[100.5385,13.7995],[100.5395,13.801],[100.539,13.801],[100.539,13.8005],[100.5385,13.7995]],[[100.537,13.8025],[100.538,13.802],[100.538,13.8025],[100.537,13.8025]],[[100.537,13.8005]],[[100.5375,13.8]],[[100.5395,13.8],[100.54,13.8],[100.5395,13.8]],[[100.54,13.802],[100.54,13.8015],[100.5405,13.8015],[100.5405,13.802],[100.54,13.802]]]}},{"type":"Feature","properties":{"station":"Bang Wa","line":"","band":"15"},"geometry":{"type":"Polygon","coordinates":[[[100.45,13.7145],[100.4495,13.715],[100.4505,13.7155],[100.45,13.7165],[100.448,13.715],[100.448,13.716],[100.447,13.7165],[100.4485,13.717],[100.4485,13.719],[100.4495,13.7185],[100.449,13.719],[100.4495,13.7205],[100.451,13.72],[100.4505,13.7245],[100.4525,13.724],[100.4515,13.726],[100.4525,13.727],[100.452,13.7295],[100.455,13.7275],[100.456,13.7295],[100.457,13.728],[100.4575,13.7285],[100.46,13.7265],[100.46,13.7275],[100.4615,13.7275],[100.4625,13.726],[100.4645,13.7265],[100.465,13.7255],[100.466,13.726],[100.467,13.725],[100.465,13.723],[100.466,13.723],[100.4665,13.7215],[100.465,13.7205],[100.4655,13.72],[100.465,13.7195],[100.4665,13.7185],[100.464,13.7195],[100.4635,13.719],[100.464,13.7185],[100.463,13.718],[100.462,13.7195],[100.458,13.7185],[100.457,13.7195],[100.457,13.718],[100.4555,13.7185],[100.4555,13.717],[100.4565,13.718],[100.457,13.717],[100.459,13.717],[100.4575,13.7165],[100.4575,13.715],[100.457,13.7165],[100.456,13.7155],[100.455,13.716],[100.4555,13.715],[100.455,13.7115],[100.4525,13.7135],[100.453,13.715],[100.452,13.714],[100.451,13.715],[100.45,13.7145]],[[100.4545,13.7245],[100.4535,13.727],[100.453,13.7265],[100.4535,13.7235],[100.4545,13.7245]],[[100.454,13.721],[100.4535,13.721],[100.4535,13.7205],[100.454,13.7205],[100.454,13.721]],[[100.4535,13.717],[100.453,13.716],[100.454,13.716],[100.4535,13.717]],[[100.4545,13.713],[100.454,13.713],[100.4545,13.713]],[[100.4525,13.7235]],[[100.4525,13.722],[100.452,13.722],[100.452,13.7205],[100.452,13.7215],[100.4525,13.7215],[100.4525,13.722]],[[100.452,13.716],[100.4515,13.717],[100.451,13.716],[100.452,13.716]],[[100.4515,13.718]],[[100.4495,13.7175]],[[100.4505,13.716],[100.451,13.716],[100.4505,13.7165],[100.4505,13.716]],[[100.454,13.714]],[[100.4535,13.719]],[[100.456,13.722]],[[100.4555,13.722],[100.4555,13.721],[100.4555,13.722]],[[100.457,13.722]],[[100.457,13.726]],[[100.461,13.721],[100.461,13.7205],[100.462,13.7205],[100.461,13.721]],[[100.459,13.7265],[100.458,13.727],[100.4585,13.7255],[100.459,13.7265]],[[100.459,13.722],[100.4585,13.7225],[100.4585,13.7215],[100.459,13.722]],[[100.458,13.7245]],[[100.4585,13.723]],[[100.458,13.727]],[[100.4595,13.7255],[100.46,13.7255],[100.4595,13.7255]],[[100.4625,13.725]],[[100.4635,13.725]],[[100.463,13.723]],[[100.4625,13.722],[100.4625,13.7225],[100.462,13.7225],[100.4625,13.722]],[[100.4615,13.726],[100.461,13.726],[100.4615,13.7255],[100.4615,13.726]]]}},{"type":"Feature","properties":{"station":"Bang Wa","line":"","band":"10"},"geometry":{"type":"Polygon","coordinates":[[[100.4515,13.717],[100.451,13.7165],[100.45,13.7175],[100.4515,13.7185],[100.4525,13.7205],[100.453,13.72],[100.4525,13.722],[100.453,13.7235],[100.454,13.7235],[100.4545,13.7245],[100.454,13.7275],[100.457,13.726],[100.458,13.7265],[100.458,13.7245],[100.4615,13.725],[100.464,13.724],[100.464,13.723],[100.463,13.723],[100.4635,13.722],[100.462,13.7225],[100.4625,13.7215],[100.4635,13.7215],[100.4635,13.7205],[100.458,13.7185],[100.457,13.7195],[100.457,13.718],[100.4555,13.7185],[100.455,13.7175],[100.4555,13.7165],[100.4545,13.715],[100.4535,13.7155],[100.454,13.717],[100.4525,13.7165],[100.4515,13.717]],[[100.4535,13.721],[100.454,13.7205],[100.454,13.721],[100.4535,13.721]],[[100.4535,13.719]],[[100.4515,13.718]],[[100.4545,13.726],[100.456,13.7235],[100.4565,13.7235],[100.456,13.7245],[100.4545,13.726]],[[100.456,13.722]],[[100.4555,13.722],[100.4555,13.721],[100.4555,13.722]],[[100.457,13.722]],[[100.459,13.722],[100.4585,13.7225],[100.4585,13.7215],[100.459,13.722]],[[100.4585,13.723]],[[100.46,13.7235],[100.4595,13.7235],[100.46,13.7235]],[[100.461,13.721],[100.461,13.7205],[100.462,13.7205],[100.461,13.721]],[[100.4615,13.724],[100.462,13.7235],[100.4615,13.724]]]}},{"type":"Feature","properties":{"station":"Bang Yi Khan","line":"","band":"15"},"geometry":{"type":"Polygon","coordinates":[[[100.479,13.7695],[100.4785,13.77],[100.4795,13.771],[100.4785,13.7705],[100.478,13.771],[100.479,13.772],[100.4785,13.773],[100.479,13.7745],[100.4805,13.775],[100.478,13.777],[100.4815,13.7795],[100.482,13.7815],[100.4815,13.783],[100.4805,13.783],[100.481,13.784],[100.4835,13.7835],[100.483,13.7845],[100.487,13.785],[100.487,13.784],[100.49,13.783],[100.49,13.784],[100.4905,13.7835],[100.493,13.784],[100.4935,13.782],[100.4925,13.7815],[100.492,13.782],[100.4925,13.781],[100.492,13.78],[100.493,13.7795],[100.492,13.7795],[100.4935,13.7775],[100.4915,13.7775],[100.4925,13.7765],[100.492,13.7755],[100.491,13.776],[100.4895,13.7745],[100.49,13.7735],[100.4885,13.7735],[100.4885,13.7745],[100.4875,13.7735],[100.486,13.774],[100.4855,13.773],[100.4845,13.773],[100.4835,13.7745],[100.483,13.774],[100.4855,13.772],[100.485,13.771],[100.4855,13.7695],[100.482,13.7695],[100.4805,13.7705],[100.479,13.7695]],[[100.4845,13.7805]],[[100.485,13.7795],[100.4845,13.779],[100.4855,13.778],[100.485,13.779],[100.4855,13.7795],[100.486,13.779],[100.485,13.7795]],[[100.4815,13.778],[100.482,13.778],[100.483,13.779],[100.4825,13.7785],[100.482,13.7785],[100.4815,13.778]],[[100.482,13.776],[100.4815,13.775],[100.4825,13.7755],[100.482,13.776]],[[100.4805,13.7775],[100.48,13.777],[100.48,13.7765],[100.4805,13.777],[100.4805,13.7775]],[[100.482,13.7745],[100.482,13.774],[100.482,13.7745]],[[100.482,13.772]],[[100.4815,13.771],[100.482,13.7705],[100.482,13.771],[100.4815,13.771]],[[100.479,13.773],[100.48,13.772],[100.48,13.773],[100.479,13.773]],[[100.481,13.7715],[100.4815,13.7715],[100.481,13.7715]],[[100.4815,13.777]],[[100.484,13.7825]],[[100.4835,13.7825],[100.484,13.7825],[100.4835,13.7825]],[[100.4835,13.7785],[100.484,13.778],[100.4835,13.7785]],[[100.484,13.78]],[[100.484,13.7745],[100.4845,13.7745],[100.484,13.7745]],[[100.488,13.7755]],[[100.487,13.777],[100.4865,13.777],[100.487,13.777]],[[100.4875,13.7765],[100.4875,13.776],[100.4875,13.7765]],[[100.4895,13.7805],[100.489,13.7805],[100.4895,13.7805]],[[100.4905,13.7765],[100.491,13.777],[100.4895,13.777],[100.4905,13.7765]],[[100.4915,13.7765]],[[100.4885,13.7815],[100.487,13.7815],[100.488,13.781],[100.4885,13.7815]],[[100.4885,13.776],[100.489,13.776],[100.4885,13.7765],[100.4885,13.776]],[[100.488,13.783],[100.488,13.7825],[100.489,13.7825],[100.488,13.783]],[[100.491,13.7815],[100.492,13.781],[100.491,13.7815]],[[100.491,13.7805],[100.491,13.78],[100.4915,13.7805],[100.491,13.7805]]]}},{"type":"Feature","properties":{"station":"Bang Yi Khan","line":"","band":"10"},"geometry":{"type":"Polygon","coordinates":[[[100.4835,13.772],[100.4805,13.772],[100.4805,13.774],[100.482,13.774],[100.4815,13.775],[100.4825,13.7755],[100.482,13.776],[100.481,13.7755],[100.48,13.7765],[100.4815,13.777],[100.484,13.78],[100.4835,13.7815],[100.4855,13.7825],[100.488,13.781],[100.49,13.782],[100.49,13.7805],[100.489,13.7805],[100.49,13.7795],[100.4895,13.7785],[100.4905,13.778],[100.488,13.776],[100.4875,13.7765],[100.485,13.776],[100.483,13.7745],[100.4835,13.772]],[[100.485,13.78],[100.4845,13.779],[100.4855,13.778],[100.485,13.779],[100.4855,13.7795],[100.486,13.779],[100.485,13.78]],[[100.4835,13.7785],[100.484,13.778],[100.4835,13.7785]],[[100.4845,13.7805]],[[100.487,13.777],[100.4865,13.777],[100.487,13.777]]]}},{"type":"Feature","properties":{"station":"Bearing","line":"","band":"15"},"geometry":{"type":"Polygon","coordinates":[[[100.599,13.66],[100.596,13.661],[100.5955,13.6625],[100.596,13.664],[100.5945,13.6645],[100.5965,13.666],[100.597,13.664],[100.5985,13.665],[100.5985,13.6635],[100.6035,13.6625],[100.603,13.6635],[100.604,13.6635],[100.6045,13.6645],[100.604,13.665],[100.605,13.666],[100.6065,13.6655],[100.606,13.663],[100.607,13.6655],[100.609,13.665],[100.6095,13.6645],[100.609,13.6615],[100.6095,13.661],[100.6095,13.662],[100.6105,13.662],[100.61,13.661],[100.611,13.6625],[100.6115,13.662],[100.611,13.661],[100.612,13.661],[100.6125,13.66],[100.611,13.6595],[100.6105,13.66],[100.61,13.658],[100.6085,13.6585],[100.608,13.6565],[100.6085,13.6555],[100.607,13.656],[100.607,13.655],[100.605,13.655],[100.6035,13.6535],[100.603,13.6545],[100.602,13.653],[100.6015,13.654],[100.6005,13.6525],[100.6,13.6525],[100.6005,13.6535],[100.5995,13.654],[100.6,13.6545],[100.601,13.654],[100.599,13.656],[100.6005,13.656],[100.601,13.6585],[100.6005,13.659],[100.6015,13.66],[100.6005,13.661],[100.5995,13.661],[100.599,13.66]],[[100.604,13.6615],[100.604,13.661],[100.604,13.6615]],[[100.605,13.6605],[100.604,13.658],[100.6045,13.658],[100.605,13.6605]],[[100.6045,13.657],[100.604,13.657],[100.603,13.655],[100.6035,13.655],[100.6035,13.6555],[100.6045,13.657]],[[100.5975,13.662],[100.5975,13.6625],[100.5975,13.661],[100.5975,13.662]],[[100.6025,13.6615],[100.602,13.659],[100.6035,13.6585],[100.604,13.66],[100.6025,13.6605],[100.6025,13.6615]],[[100.603,13.657],[100.6025,13.656],[100.6025,13.6555],[100.603,13.657]],[[100.6015,13.6565],[100.6015,13.6555],[100.602,13.6565],[100.6015,13.6565]],[[100.602,13.6575],[100.6025,13.6575],[100.602,13.6575]],[[100.6075,13.658],[100.6075,13.659],[100.6075,13.658]],[[100.6055,13.66]],[[100.605,13.6585],[100.605,13.659],[100.605,13.6585]],[[100.606,13.657]],[[100.6045,13.6555]],[[100.606,13.661],[100.6055,13.661],[100.606,13.661]],[[100.608,13.662],[100.608,13.6615],[100.6085,13.662],[100.608,13.662]],[[100.608,13.6605],[100.608,13.66],[100.608,13.6605]],[[100.608,13.6595]],[[100.6095,13.659],[100.6095,13.6595],[100.6095,13.659]]]}},{"type":"Feature","properties":{"station":"Bearing","line":"","band":"10"},"geometry":{"type":"Polygon","coordinates":[[[100.6015,13.6565],[100.6015,13.655],[100.6005,13.655],[100.601,13.6585],[100.6005,13.659],[100.6015,13.66],[100.6005,13.661],[100.5985,13.66],[100.5985,13.663],[100.598,13.6625],[100.597,13.6635],[100.5975,13.664],[100.6005,13.663],[100.601,13.6635],[100.6035,13.6625],[100.603,13.6635],[100.604,13.6635],[100.6045,13.6645],[100.604,13.665],[100.605,13.666],[100.6065,13.665],[100.606,13.663],[100.607,13.664],[100.608,13.6615],[100.609,13.661],[100.607,13.659],[100.605,13.659],[100.6055,13.657],[100.6035,13.6565],[100.603,13.657],[100.6025,13.656],[100.6015,13.6565]],[[100.604,13.66],[100.6025,13.6605],[100.6025,13.6615],[100.602,13.659],[100.6035,13.6585],[100.604,13.66]],[[100.6025,13.6575],[100.602,13.6575],[100.6025,13.6575]],[[100.5995,13.6615]],[[100.6005,13.6615],[100.6,13.662],[100.6,13.6615],[100.6005,13.6615]],[[100.605,13.6605],[100.604,13.658],[100.6045,13.658],[100.604,13.6585],[100.605,13.6605]],[[100.604,13.6615],[100.604,13.661],[100.604,13.6615]],[[100.6055,13.66]],[[100.6055,13.661],[100.606,13.661],[100.6055,13.661]]]}},{"type":"Feature","properties":{"station":"Bhumibol Adulyadej Hospital","line":"BTS","band":"15"},"geometry":{"type":"Polygon","coordinates":[[[100.612,13.9025],[100.6115,13.9035],[100.6125,13.9035],[100.611,13.905],[100.6115,13.906],[100.613,13.906],[100.6105,13.907],[100.61,13.91],[100.612,13.9115],[100.6135,13.914],[100.614,13.913],[100.6155,13.9145],[100.6175,13.9135],[100.618,13.914],[100.6175,13.9145],[100.6185,13.915],[100.617,13.916],[100.618,13.9165],[100.6165,13.917],[100.617,13.9185],[100.6175,13.9175],[100.618,13.9185],[100.619,13.918],[100.619,13.917],[100.62,13.919],[100.621,13.919],[100.6215,13.9185],[100.6205,13.917],[100.623,13.9195],[100.622,13.915],[100.6245,13.9135],[100.6235,13.9105],[100.6245,13.91],[100.624,13.909],[100.6255,13.9075],[100.6215,13.906],[100.623,13.9055],[100.6225,13.9045],[100.6215,13.9045],[100.621,13.906],[100.6205,13.905],[100.6175,13.9045],[100.616,13.903],[100.6155,13.9035],[100.6165,13.9045],[100.616,13.904],[100.615,13.9045],[100.615,13.9025],[100.6135,13.903],[100.613,13.9015],[100.612,13.9025]],[[100.6165,13.9125],[100.617,13.912],[100.6165,13.9125]],[[100.6185,13.9095],[100.618,13.909],[100.619,13.909],[100.6185,13.9095]],[[100.618,13.9075],[100.6165,13.9085],[100.616,13.908],[100.618,13.907],[100.618,13.9075]],[[100.6175,13.906],[100.619,13.905],[100.6185,13.906],[100.6175,13.906]],[[100.6135,13.9125],[100.6125,13.911],[100.614,13.912],[100.6135,13.9125]],[[100.6145,13.907],[100.6135,13.908],[100.613,13.9075],[100.6145,13.907]],[[100.6125,13.905],[100.612,13.905],[100.6125,13.905]],[[100.612,13.9075],[100.613,13.9065],[100.613,13.907],[100.612,13.9075]],[[100.6115,13.908],[100.6115,13.9075],[100.6115,13.908]],[[100.6115,13.9095],[100.6115,13.909],[100.6115,13.9095]],[[100.6135,13.9065]],[[100.6155,13.906],[100.6165,13.9055],[100.6155,13.906]],[[100.615,13.9055],[100.616,13.905],[100.615,13.9055]],[[100.6155,13.913],[100.616,13.9125],[100.6155,13.913]],[[100.6155,13.912],[100.6155,13.9115],[100.6155,13.912]],[[100.6155,13.911],[100.615,13.9105],[100.6155,13.911]],[[100.614,13.91],[100.614,13.9105],[100.614,13.91]],[[100.616,13.91],[100.6165,13.9105],[100.616,13.9105],[100.616,13.91]],[[100.617,13.909]],[[100.617,13.9065],[100.617,13.907],[100.6165,13.9065],[100.617,13.9065]],[[100.616,13.907]],[[100.616,13.9115],[100.6165,13.911],[100.617,13.9115],[100.616,13.9115]],[[100.6195,13.913],[100.621,13.915],[100.6195,13.913]],[[100.6205,13.9085],[100.62,13.9075],[100.6205,13.9085],[100.621,13.9075],[100.6225,13.9075],[100.6205,13.9085]],[[100.6185,13.9135],[100.618,13.9125],[100.6185,13.9135]],[[100.6195,13.912],[100.62,13.912],[100.6195,13.912]],[[100.6195,13.9105],[100.619,13.9105],[100.6195,13.91],[100.6195,13.9105]],[[100.6185,13.907],[100.6195,13.906],[100.62,13.9065],[100.6185,13.907]],[[100.618,13.911]],[[100.619,13.9125]],[[100.619,13.916],[100.618,13.916],[100.6185,13.9155],[100.619,13.916]],[[100.6205,13.907],[100.621,13.907],[100.6205,13.907]],[[100.6215,13.9155],[100.622,13.9175],[100.621,13.9155],[100.6215,13.9155]],[[100.6205,13.9125],[100.6215,13.9145],[100.6205,13.913],[100.6205,13.9125]],[[100.6215,13.912],[100.6225,13.914],[100.621,13.912],[100.6215,13.912]],[[100.6215,13.911],[100.621,13.911],[100.6215,13.911]],[[100.621,13.91]],[[100.622,13.9115],[100.623,13.9125],[100.6235,13.9135],[100.623,13.9135],[100.622,13.9115]],[[100.6235,13.91],[100.623,13.91],[100.6235,13.9095],[100.6235,13.91]],[[100.622,13.9105],[100.622,13.911],[100.622,13.9105]],[[100.6235,13.908],[100.623,13.908],[100.6235,13.908]],[[100.6245,13.908],[100.624,13.908],[100.6245,13.908]]]}},{"type":"Feature","properties":{"station":"Bhumibol Adulyadej Hospital","line":"BTS","band":"10"},"geometry":{"type":"Polygon","coordinates":[[[100.6135,13.9055],[100.613,13.907],[100.6145,13.907],[100.613,13.908],[100.6125,13.9095],[100.613,13.91],[100.612,13.911],[100.6155,13.9115],[100.6165,13.911],[100.62,13.9155],[100.6195,13.9165],[100.621,13.9165],[100.6195,13.913],[100.6225,13.9115],[100.621,13.911],[100.623,13.9105],[100.6225,13.9095],[100.6235,13.9085],[100.622,13.908],[100.6205,13.9085],[100.62,13.9075],[100.6205,13.908],[100.6205,13.907],[100.6185,13.907],[100.619,13.906],[100.6175,13.9065],[100.617,13.9055],[100.6155,13.906],[100.6145,13.905],[100.6135,13.9055]],[[100.618,13.9075],[100.6165,13.9085],[100.616,13.908],[100.618,13.907],[100.618,13.9075]],[[100.6155,13.911],[100.615,13.9105],[100.6155,13.911]],[[100.614,13.9105]],[[100.617,13.909]],[[100.617,13.9065],[100.617,13.907],[100.6165,13.9065],[100.617,13.9065]],[[100.616,13.907]],[[100.616,13.91],[100.6165,13.9105],[100.616,13.9105],[100.616,13.91]],[[100.6195,13.912],[100.62,13.912],[100.6195,13.912]],[[100.6195,13.91],[100.6195,13.9105],[100.619,13.9105],[100.6195,13.91]],[[100.6185,13.9095],[100.618,13.909],[100.619,13.909],[100.6185,13.9095]],[[100.618,13.911]],[[100.619,13.9125]],[[100.621,13.91],[100.6215,13.91],[100.621,13.91]]]}},{"type":"Feature","properties":{"station":"Chaeng Watthana 14","line":"MRT","band":"15"},"geometry":{"type":"Polygon","coordinates":[[[100.552,13.893],[100.5515,13.8935],[100.552,13.8945],[100.551,13.8945],[100.551,13.896],[100.55,13.8965],[100.552,13.898],[100.553,13.898],[100.553,13.8965],[100.554,13.897],[100.555,13.9],[100.5565,13.898],[100.561,13.898],[100.5615,13.8985],[100.559,13.899],[100.5585,13.9],[100.5595,13.9005],[100.5595,13.8995],[100.561,13.902],[100.564,13.901],[100.564,13.899],[100.565,13.8995],[100.565,13.8985],[100.566,13.898],[100.5655,13.8965],[100.567,13.8965],[100.567,13.8955],[100.569,13.8955],[100.5685,13.8945],[100.5645,13.895],[100.564,13.8945],[100.565,13.894],[100.5645,13.8935],[100.5635,13.894],[100.564,13.893],[100.566,13.892],[100.5665,13.8935],[100.569,13.8925],[100.57,13.8915],[100.5685,13.891],[100.57,13.891],[100.57,13.89],[100.5695,13.889],[100.5685,13.8895],[100.5665,13.8875],[100.565,13.888],[100.5645,13.887],[100.5645,13.888],[100.563,13.888],[100.563,13.8865],[100.5615,13.887],[100.561,13.886],[100.561,13.887],[100.5605,13.8855],[100.5585,13.886],[100.558,13.885],[100.5555,13.8865],[100.5565,13.889],[100.5535,13.8905],[100.554,13.892],[100.553,13.892],[100.5535,13.894],[100.552,13.893]],[[100.5605,13.896],[100.56,13.896],[100.561,13.896],[100.5605,13.896]],[[100.561,13.8925],[100.561,13.892],[100.561,13.8925]],[[100.561,13.8905]],[[100.561,13.89],[100.5605,13.8905],[100.56,13.89],[100.561,13.89]],[[100.56,13.889],[100.5605,13.889],[100.56,13.889]],[[100.557,13.8935],[100.557,13.893],[100.558,13.893],[100.5575,13.8935],[100.557,13.8935]],[[100.554,13.8935],[100.5555,13.894],[100.5545,13.8945],[100.554,13.8935]],[[100.5545,13.8915],[100.555,13.8915],[100.5545,13.8915]],[[100.5535,13.895]],[[100.556,13.8955],[100.5565,13.8955],[100.5565,13.8965],[100.556,13.8965],[100.556,13.8955]],[[100.556,13.894],[100.5565,13.894],[100.556,13.894]],[[100.557,13.891],[100.5565,13.891],[100.557,13.891]],[[100.5555,13.8955],[100.556,13.897],[100.5555,13.8975],[100.5555,13.8955]],[[100.559,13.8965],[100.559,13.896],[100.56,13.896],[100.559,13.8965]],[[100.559,13.8925],[100.559,13.892],[100.559,13.8925]],[[100.559,13.892]],[[100.56,13.894]],[[100.5605,13.888],[100.5595,13.888],[100.5595,13.887],[100.5605,13.888]],[[100.565,13.891]],[[100.5645,13.89],[100.564,13.889],[100.565,13.8885],[100.5655,13.8895],[100.5645,13.89]],[[100.563,13.8945],[100.563,13.895],[100.563,13.8945]],[[100.563,13.894]],[[100.5625,13.8935]],[[100.563,13.8915],[100.563,13.891],[100.563,13.8915]],[[100.5615,13.896],[100.562,13.896],[100.5615,13.896]],[[100.5615,13.89],[100.5615,13.889],[100.5615,13.89]],[[100.5615,13.8945]],[[100.5615,13.894]],[[100.562,13.889],[100.5625,13.889],[100.562,13.889]],[[100.5635,13.8905],[100.5635,13.891],[100.5635,13.8905]],[[100.566,13.8955]],[[100.567,13.89]]]}},{"type":"Feature","properties":{"station":"Chaeng Watthana 14","line":"MRT","band":"10"},"geometry":{"type":"Polygon","coordinates":[[[100.556,13.891],[100.555,13.893],[100.5555,13.894],[100.5535,13.895],[100.5535,13.896],[100.5545,13.8965],[100.5555,13.8955],[100.5555,13.897],[100.5575,13.898],[100.558,13.897],[100.5575,13.896],[100.5595,13.896],[100.559,13.8975],[100.562,13.899],[100.5655,13.8955],[100.564,13.8945],[100.565,13.8935],[100.5635,13.894],[100.564,13.893],[100.5665,13.892],[100.567,13.891],[100.564,13.8895],[100.5615,13.89],[100.561,13.8885],[100.56,13.8895],[100.561,13.89],[100.5595,13.8905],[100.559,13.8895],[100.5595,13.8885],[100.5575,13.888],[100.557,13.888],[100.5575,13.889],[100.5565,13.8895],[100.5575,13.8915],[100.557,13.892],[100.556,13.891]],[[100.56,13.894]],[[100.556,13.8955],[100.5565,13.8955],[100.5565,13.8965],[100.556,13.8965],[100.556,13.8955]],[[100.557,13.8935],[100.557,13.893],[100.558,13.893],[100.5575,13.8935],[100.557,13.8935]],[[100.556,13.894],[100.5565,13.894],[100.556,13.894]],[[100.559,13.8925],[100.559,13.892],[100.559,13.8925]],[[100.559,13.892]],[[100.563,13.8915],[100.563,13.891],[100.563,13.8915]],[[100.5615,13.894]],[[100.561,13.8925],[100.561,13.892],[100.561,13.8925]],[[100.561,13.8905]],[[100.5605,13.8965],[100.56,13.896],[100.561,13.896],[100.5605,13.8965]],[[100.5615,13.8945]],[[100.5615,13.896],[100.562,13.896],[100.5615,13.896]],[[100.563,13.8945],[100.563,13.895],[100.563,13.8945]],[[100.563,13.894]],[[100.5625,13.8935]],[[100.5635,13.8905],[100.5635,13.891],[100.5635,13.8905]],[[100.565,13.891]]]}},{"type":"Feature","properties":{"station":"Chaeng Watthana-Pak Kret 28","line":"MRT","band":"15"},"geometry":{"type":"Polygon","coordinates":[[[100.522,13.9035],[100.5205,13.9035],[100.519,13.9065],[100.521,13.907],[100.522,13.9085],[100.523,13.908],[100.523,13.9065],[100.525,13.9095],[100.5245,13.9105],[100.526,13.911],[100.527,13.9095],[100.5275,13.912],[100.5295,13.913],[100.5315,13.9125],[100.5325,13.9105],[100.5325,13.9115],[100.5335,13.9115],[100.533,13.9085],[100.5355,13.908],[100.5365,13.9065],[100.534,13.906],[100.5385,13.9055],[100.5385,13.9035],[100.5375,13.9035],[100.5375,13.902],[100.5385,13.9025],[100.5395,13.9005],[100.5385,13.9],[100.537,13.901],[100.537,13.899],[100.5355,13.8985],[100.5345,13.899],[100.5355,13.9],[100.534,13.9],[100.534,13.901],[100.532,13.901],[100.533,13.9005],[100.531,13.9],[100.5315,13.8965],[100.5305,13.8955],[100.5285,13.897],[100.528,13.896],[100.5265,13.8965],[100.5265,13.8975],[100.528,13.8975],[100.5265,13.8975],[100.5255,13.9],[100.5245,13.899],[100.523,13.899],[100.523,13.9],[100.5215,13.9005],[100.523,13.901],[100.522,13.902],[100.522,13.9035]],[[100.5295,13.907],[100.5265,13.908],[100.5275,13.909],[100.5255,13.909],[100.526,13.9075],[100.528,13.907],[100.5285,13.905],[100.5295,13.907]],[[100.529,13.899],[100.5275,13.899],[100.529,13.899]],[[100.5265,13.9045],[100.525,13.905],[100.5245,13.903],[100.5265,13.9045]],[[100.5255,13.902]],[[100.524,13.9015]],[[100.522,13.9075],[100.522,13.9065],[100.5225,13.9065],[100.5225,13.9075],[100.522,13.9075]],[[100.527,13.907],[100.526,13.906],[100.527,13.9055],[100.527,13.907]],[[100.528,13.9015],[100.5275,13.8995],[100.528,13.8995],[100.528,13.9015]],[[100.5275,13.9035],[100.5285,13.9035],[100.5285,13.904],[100.5275,13.904],[100.5275,13.9035]],[[100.5285,13.911],[100.5285,13.91],[100.5285,13.911]],[[100.528,13.9095]],[[100.532,13.911]],[[100.5315,13.9075],[100.531,13.9075],[100.532,13.9075],[100.5315,13.9075]],[[100.5315,13.9065],[100.532,13.9065],[100.5315,13.907],[100.5315,13.9065]],[[100.5315,13.905],[100.5315,13.9045],[100.5315,13.905]],[[100.53,13.909],[100.5305,13.9085],[100.531,13.909],[100.53,13.909]],[[100.53,13.908]],[[100.53,13.907],[100.53,13.9065],[100.53,13.907]],[[100.531,13.906],[100.531,13.907],[100.531,13.906]],[[100.531,13.903]],[[100.5305,13.9015],[100.5315,13.9015],[100.5315,13.902],[100.5305,13.9015]],[[100.5305,13.8985],[100.5295,13.899],[100.5295,13.898],[100.5305,13.8985],[100.53,13.8975],[100.5305,13.897],[100.5305,13.8985]],[[100.53,13.905]],[[100.5295,13.9025]],[[100.5295,13.901],[100.5295,13.9015],[100.5295,13.901]],[[100.534,13.907],[100.5345,13.907],[100.534,13.907]],[[100.5345,13.904],[100.5345,13.903],[100.535,13.9025],[100.535,13.904],[100.5345,13.904]],[[100.5345,13.902],[100.534,13.9015],[100.535,13.9015],[100.5345,13.902]],[[100.5335,13.9065],[100.5325,13.906],[100.5335,13.906],[100.5335,13.9065]],[[100.533,13.9015],[100.5325,13.9015],[100.533,13.9015]],[[100.5325,13.91]],[[100.5335,13.908]],[[100.536,13.902],[100.536,13.9025],[100.536,13.902]]]}},{"type":"Feature","properties":{"station":"Chaeng Watthana-Pak Kret 28","line":"MRT","band":"10"},"geometry":{"type":"Polygon","coordinates":[[[100.525,13.9015],[100.524,13.902],[100.5265,13.9045],[100.525,13.905],[100.5245,13.904],[100.5235,13.904],[100.5235,13.905],[100.5225,13.905],[100.5225,13.9065],[100.525,13.9065],[100.5245,13.9075],[100.525,13.908],[100.5275,13.9075],[100.5285,13.907],[100.5285,13.905],[100.5295,13.907],[100.5265,13.908],[100.528,13.9085],[100.5285,13.91],[100.5295,13.9095],[100.53,13.9105],[100.5315,13.9095],[100.531,13.9075],[100.533,13.907],[100.5325,13.906],[100.534,13.9055],[100.5345,13.903],[100.535,13.9025],[100.536,13.903],[100.5365,13.9015],[100.5355,13.901],[100.5345,13.902],[100.5335,13.901],[100.532,13.901],[100.5325,13.9],[100.531,13.9],[100.531,13.899],[100.529,13.898],[100.5285,13.898],[100.529,13.899],[100.528,13.899],[100.528,13.9015],[100.5275,13.9],[100.526,13.9],[100.5265,13.902],[100.525,13.9015]],[[100.5295,13.9025]],[[100.5295,13.9015],[100.5295,13.901],[100.5295,13.9015]],[[100.5275,13.9035],[100.5285,13.9035],[100.5285,13.904],[100.5275,13.904],[100.5275,13.9035]],[[100.527,13.907],[100.526,13.906],[100.527,13.9055],[100.527,13.907]],[[100.531,13.907],[100.531,13.906],[100.531,13.907]],[[100.531,13.903]],[[100.531,13.909],[100.53,13.909],[100.53,13.9085],[100.531,13.909]],[[100.53,13.908]],[[100.53,13.907],[100.53,13.9065],[100.53,13.907]],[[100.53,13.905]],[[100.5305,13.9015],[100.5315,13.9015],[100.5315,13.902],[100.5305,13.902],[100.5305,13.9015]],[[100.532,13.9065],[100.5315,13.9065],[100.532,13.9065]],[[100.533,13.9015],[100.5325,13.9015],[100.533,13.9015]],[[100.5315,13.9045],[100.5315,13.905],[100.5315,13.9045]]]}},{"type":"Feature","properties":{"station":"Chang Erawan","line":"","band":"15"},"geometry":{"type":"Polygon","coordinates":[[[100.5865,13.621],[100.5835,13.6235],[100.5835,13.625],[100.585,13.625],[100.5855,13.6225],[100.5875,13.6235],[100.589,13.623],[100.588,13.6275],[100.589,13.63],[100.5905,13.6295],[100.589,13.628],[100.5905,13.627],[100.593,13.6265],[100.593,13.6275],[100.595,13.6265],[100.594,13.626],[100.598,13.6245],[100.5975,13.623],[100.5965,13.623],[100.598,13.6215],[100.5975,13.619],[100.5955,13.619],[100.594,13.6205],[100.591,13.6195],[100.5895,13.6215],[100.588,13.6205],[100.589,13.618],[100.5915,13.6175],[100.5895,13.6165],[100.59,13.6145],[100.589,13.616],[100.5865,13.617],[100.5875,13.617],[100.588,13.618],[100.5865,13.621]],[[100.5895,13.6175]],[[100.5865,13.622],[100.5875,13.621],[100.5885,13.6215],[100.5865,13.622]],[[100.5915,13.6245],[100.592,13.6245],[100.5915,13.6245]],[[100.593,13.6225],[100.5935,13.622],[100.5935,13.6225],[100.593,13.6225]],[[100.5925,13.622],[100.5905,13.6215],[100.591,13.6205],[100.593,13.621],[100.5925,13.622]],[[100.592,13.623],[100.591,13.623],[100.5905,13.623],[100.592,13.623]],[[100.592,13.6245]]]}},{"type":"Feature","properties":{"station":"Chang Erawan","line":"","band":"10"},"geometry":{"type":"Polygon","coordinates":[[[100.5865,13.62],[100.586,13.6205],[100.5865,13.621],[100.5845,13.6225],[100.5875,13.6235],[100.589,13.623],[100.588,13.628],[100.59,13.6275],[100.589,13.627],[100.5895,13.626],[100.5915,13.6265],[100.593,13.6255],[100.5955,13.6225],[100.5935,13.62],[100.591,13.6195],[100.5895,13.6215],[100.588,13.6205],[100.589,13.6175],[100.5875,13.62],[100.5865,13.62]],[[100.5875,13.6215],[100.586,13.622],[100.5875,13.621],[100.5885,13.6215],[100.5875,13.6215]],[[100.5915,13.6245],[100.592,13.6245],[100.5915,13.6245]],[[100.592,13.623],[100.591,13.623],[100.5905,13.623],[100.592,13.623]],[[100.593,13.622],[100.5905,13.6215],[100.591,13.6205],[100.5935,13.621],[100.5935,13.622],[100.5945,13.622],[100.593,13.6225],[100.593,13.622]],[[100.592,13.6245]]]}},{"type":"Feature","properties":{"station":"Charan 13","line":"","band":"15"},"geometry":{"type":"Polygon","coordinates":[[[100.465,13.738],[100.462,13.7395],[100.4615,13.741],[100.463,13.7425],[100.464,13.742],[100.464,13.741],[100.466,13.742],[100.4665,13.743],[100.466,13.7455],[100.467,13.746],[100.4665,13.7465],[100.467,13.747],[100.4675,13.7465],[100.4675,13.7475],[100.469,13.7475],[100.468,13.7485],[100.47,13.7505],[100.4705,13.7485],[100.471,13.7495],[100.471,13.7485],[100.472,13.7485],[100.4725,13.747],[100.474,13.747],[100.475,13.746],[100.474,13.7455],[100.4755,13.745],[100.4745,13.744],[100.4765,13.7445],[100.477,13.7435],[100.4765,13.7425],[100.477,13.743],[100.4775,13.742],[100.477,13.741],[100.4755,13.741],[100.477,13.7405],[100.4765,13.7395],[100.477,13.74],[100.4775,13.7395],[100.4755,13.7375],[100.476,13.737],[100.4755,13.736],[100.474,13.737],[100.4755,13.734],[100.4745,13.7335],[100.475,13.7325],[100.474,13.732],[100.4735,13.73],[100.471,13.731],[100.4715,13.7325],[100.47,13.7315],[100.4695,13.7325],[100.469,13.732],[100.469,13.736],[100.4705,13.736],[100.4655,13.7365],[100.4655,13.737],[100.469,13.7365],[100.47,13.7375],[100.465,13.738]],[[100.471,13.748],[100.4705,13.748],[100.471,13.748]],[[100.471,13.747]],[[100.471,13.747]],[[100.4715,13.7435],[100.4715,13.743],[100.472,13.743],[100.472,13.7435],[100.4715,13.7435]],[[100.4715,13.7415]],[[100.4715,13.7395],[100.4715,13.739],[100.4715,13.7395]],[[100.4695,13.7465],[100.4695,13.747],[100.469,13.747],[100.4695,13.7465]],[[100.4695,13.743],[100.47,13.743],[100.47,13.7435],[100.4695,13.743]],[[100.469,13.7405],[100.4695,13.7405],[100.469,13.7405]],[[100.4675,13.743],[100.4675,13.7425],[100.468,13.743],[100.4675,13.743]],[[100.4645,13.7405],[100.465,13.74],[100.465,13.7405],[100.4645,13.7405]],[[100.4625,13.74],[100.463,13.74],[100.4625,13.74]],[[100.4645,13.7385]],[[100.463,13.741],[100.463,13.7415],[100.463,13.741]],[[100.4685,13.745]],[[100.469,13.743],[100.4685,13.743],[100.469,13.743]],[[100.468,13.7405],[100.468,13.74],[100.468,13.7405]],[[100.47,13.7335],[100.47,13.734],[100.47,13.7335]],[[100.474,13.744],[100.4735,13.7435],[100.474,13.744]],[[100.4735,13.741],[100.4735,13.7405],[100.4735,13.741]],[[100.4735,13.736]],[[100.473,13.7355],[100.4725,13.735],[100.473,13.735],[100.473,13.7355]],[[100.472,13.736],[100.4715,13.7365],[100.472,13.7355],[100.472,13.736]],[[100.472,13.738],[100.4715,13.738],[100.472,13.738]],[[100.4725,13.7365],[100.4725,13.737],[100.4725,13.7365]],[[100.4725,13.738]],[[100.475,13.742],[100.475,13.7415],[100.4755,13.7415],[100.475,13.742]],[[100.4755,13.7385],[100.475,13.738],[100.4755,13.738],[100.4755,13.7385]],[[100.474,13.7385],[100.474,13.739],[100.474,13.7385]],[[100.4745,13.741]]]}},{"type":"Feature","properties":{"station":"Charan 13","line":"","band":"10"},"geometry":{"type":"Polygon","coordinates":[[[100.466,13.738],[100.4645,13.739],[100.4655,13.74],[100.465,13.741],[100.4665,13.743],[100.4675,13.7425],[100.468,13.743],[100.468,13.7445],[100.47,13.7455],[100.469,13.746],[100.4705,13.7465],[100.4705,13.7455],[100.472,13.7455],[100.473,13.7445],[100.4725,13.7435],[100.475,13.742],[100.475,13.7405],[100.4725,13.738],[100.4735,13.7385],[100.4745,13.737],[100.473,13.7365],[100.4735,13.7355],[100.4725,13.735],[100.473,13.7345],[100.472,13.733],[100.471,13.7345],[100.47,13.734],[100.469,13.7345],[100.4705,13.736],[100.468,13.7365],[100.47,13.7375],[100.466,13.738]],[[100.469,13.743],[100.4685,13.743],[100.469,13.743]],[[100.4695,13.7435],[100.47,13.743],[100.47,13.7435],[100.4695,13.7435]],[[100.469,13.7405],[100.4695,13.7405],[100.469,13.7405]],[[100.468,13.7405],[100.4675,13.74],[100.468,13.74],[100.468,13.7405]],[[100.4715,13.7435],[100.4715,13.743],[100.472,13.743],[100.472,13.7435],[100.4715,13.7435]],[[100.4715,13.7415]],[[100.4715,13.7395],[100.4715,13.739],[100.4715,13.7395]],[[100.472,13.738],[100.4715,13.738],[100.472,13.738]],[[100.472,13.7365],[100.4715,13.736],[100.472,13.736],[100.472,13.7365]],[[100.4725,13.737],[100.4725,13.7365],[100.4725,13.737]],[[100.473,13.7385]],[[100.473,13.741],[100.4735,13.7405],[100.4735,13.741],[100.473,13.741]]]}},{"type":"Feature","properties":{"station":"Charoen Nakhon","line":"BTS","band":"15"},"geometry":{"type":"Polygon","coordinates":[[[100.5035,13.722],[100.5025,13.723],[100.5035,13.723],[100.5025,13.7235],[100.5035,13.725],[100.503,13.727],[100.501,13.7265],[100.503,13.7285],[100.502,13.7285],[100.503,13.7295],[100.5025,13.7305],[100.5035,13.731],[100.5025,13.7325],[100.504,13.732],[100.507,13.734],[100.507,13.733],[100.51,13.7335],[100.5105,13.732],[100.508,13.731],[100.511,13.7305],[100.512,13.7295],[100.512,13.7255],[100.511,13.7255],[100.512,13.725],[100.512,13.724],[100.511,13.7235],[100.512,13.7215],[100.5105,13.7215],[100.5115,13.721],[100.5105,13.718],[100.5085,13.717],[100.508,13.7175],[100.507,13.7165],[100.5065,13.7185],[100.5075,13.7185],[100.506,13.7185],[100.5055,13.7195],[100.5065,13.7205],[100.504,13.721],[100.5035,13.722]],[[100.5075,13.727],[100.507,13.727],[100.507,13.7265],[100.5075,13.727]],[[100.508,13.72]],[[100.5085,13.7185],[100.5085,13.718],[100.5085,13.7185]],[[100.5065,13.729],[100.506,13.729],[100.5065,13.729]],[[100.506,13.7285],[100.5045,13.7285],[100.5055,13.728],[100.506,13.7285]],[[100.506,13.7265],[100.506,13.726],[100.506,13.7265]],[[100.5065,13.725],[100.506,13.7245],[100.5065,13.7245],[100.5065,13.725]],[[100.506,13.724],[100.5065,13.724],[100.506,13.724]],[[100.5045,13.73],[100.504,13.7305],[100.505,13.7295],[100.5055,13.73],[100.5045,13.73]],[[100.5055,13.7255],[100.504,13.725],[100.505,13.725],[100.5055,13.7255]],[[100.504,13.724],[100.505,13.724],[100.504,13.724]],[[100.504,13.7285],[100.504,13.728],[100.504,13.7285]],[[100.5065,13.732],[100.507,13.732],[100.5065,13.732]],[[100.5065,13.7305],[100.5065,13.73],[100.507,13.73],[100.5065,13.7305]],[[100.507,13.7315],[100.5075,13.7315],[100.507,13.7315]],[[100.509,13.7295],[100.5095,13.729],[100.5095,13.7295],[100.509,13.7295]],[[100.5095,13.72],[100.509,13.72],[100.5105,13.7195],[100.5095,13.72]],[[100.5095,13.727],[100.5095,13.726],[100.511,13.726],[100.5095,13.727]],[[100.51,13.7185],[100.5095,13.719],[100.5095,13.7185],[100.51,13.7185]]]}},{"type":"Feature","properties":{"station":"Charoen Nakhon","line":"BTS","band":"10"},"geometry":{"type":"Polygon","coordinates":[[[100.5065,13.7225],[100.5065,13.724],[100.5055,13.7235],[100.5045,13.724],[100.5045,13.725],[100.506,13.726],[100.506,13.727],[100.5045,13.7275],[100.5065,13.729],[100.505,13.729],[100.5065,13.7305],[100.506,13.731],[100.5065,13.7315],[100.511,13.7305],[100.5125,13.726],[100.511,13.7255],[100.512,13.725],[100.512,13.724],[100.511,13.7235],[100.512,13.7225],[100.51,13.7225],[100.5105,13.7205],[100.5095,13.7205],[100.509,13.7195],[100.5065,13.7225]],[[100.509,13.7295],[100.5095,13.729],[100.5095,13.7295],[100.509,13.7295]],[[100.5065,13.7245],[100.5065,13.725],[100.506,13.7245],[100.5065,13.7245]],[[100.507,13.73],[100.5065,13.73],[100.507,13.73]],[[100.5075,13.7275],[100.507,13.7275],[100.507,13.7265],[100.5075,13.727],[100.5075,13.7275]],[[100.5095,13.727],[100.5095,13.726],[100.511,13.726],[100.5095,13.727]]]}},{"type":"Feature","properties":{"station":"Chatuchak","line":"SRT Red","band":"15"},"geometry":{"type":"Polygon","coordinates":[[[100.545,13.8175],[100.5445,13.818],[100.545,13.82],[100.544,13.8195],[100.5435,13.821],[100.5445,13.8215],[100.5455,13.8235],[100.545,13.824],[100.549,13.826],[100.547,13.8265],[100.5485,13.829],[100.547,13.828],[100.5465,13.8295],[100.5455,13.8295],[100.5465,13.8325],[100.548,13.831],[100.5495,13.831],[100.548,13.833],[100.551,13.8325],[100.554,13.835],[100.545,13.8175]],[[100.5495,13.8275],[100.5485,13.8275],[100.548,13.827],[100.549,13.827],[100.5495,13.8275]],[[100.5475,13.824],[100.547,13.824],[100.5465,13.823],[100.5475,13.8235],[100.5475,13.824]],[[100.546,13.8215],[100.5455,13.821],[100.546,13.8205],[100.546,13.8215]],[[100.5465,13.831],[100.5465,13.8305],[100.547,13.8305],[100.5465,13.831]],[[100.55,13.831]],[[100.5505,13.83]]]}},{"type":"Feature","properties":{"station":"Chatuchak","line":"SRT Red","band":"10"},"geometry":{"type":"Polygon","coordinates":[[[100.547,13.821],[100.545,13.822],[100.5475,13.8235],[100.5465,13.8245],[100.547,13.8255],[100.549,13.826],[100.548,13.8265],[100.5495,13.8275],[100.5485,13.828],[100.549,13.8295],[100.5485,13.83],[100.549,13.831],[100.55,13.8305],[100.5505,13.832],[100.552,13.832],[100.5525,13.833],[100.553,13.832],[100.547,13.821]],[[100.5505,13.83]]]}},{"type":"Feature","properties":{"station":"Chatuchak Park","line":"MRT","band":"15"},"geometry":{"type":"Polygon","coordinates":[[[100.548,13.795],[100.5495,13.7965],[100.546,13.797],[100.546,13.7985],[100.548,13.799],[100.548,13.803],[100.5465,13.8045],[100.5475,13.8045],[100.5475,13.806],[100.5485,13.807],[100.5495,13.8065],[100.55,13.807],[100.5485,13.8075],[100.5495,13.81],[100.551,13.8115],[100.552,13.809],[100.552,13.8115],[100.553,13.811],[100.5545,13.8115],[100.553,13.8085],[100.5555,13.8115],[100.555,13.812],[100.557,13.813],[100.5585,13.812],[100.559,13.8125],[100.56,13.8065],[100.5595,13.806],[100.5585,13.8075],[100.5585,13.8055],[100.557,13.8045],[100.558,13.804],[100.5585,13.8055],[100.56,13.8055],[100.5605,13.804],[100.5585,13.804],[100.5595,13.802],[100.558,13.801],[100.5565,13.802],[100.557,13.8005],[100.5555,13.8],[100.555,13.799],[100.5565,13.7965],[100.5545,13.795],[100.5535,13.796],[100.551,13.796],[100.551,13.7945],[100.5495,13.793],[100.548,13.795]],[[100.5525,13.803],[100.553,13.803],[100.5535,13.804],[100.553,13.8035],[100.5525,13.803]],[[100.5505,13.806],[100.55,13.806],[100.5505,13.806]],[[100.55,13.8045],[100.5495,13.8045],[100.55,13.8045]],[[100.55,13.8025],[100.5505,13.801],[100.551,13.8025],[100.55,13.8025]],[[100.5495,13.8055]],[[100.5495,13.802],[100.549,13.802],[100.5495,13.802]],[[100.55,13.8085],[100.5505,13.808],[100.55,13.8085]],[[100.551,13.8075]],[[100.5515,13.8065],[100.5515,13.806],[100.5515,13.8065]],[[100.551,13.8035],[100.551,13.804],[100.5505,13.8035],[100.551,13.8035]],[[100.5505,13.807],[100.5505,13.8065],[100.5505,13.807]],[[100.5505,13.8045],[100.551,13.8045],[100.5505,13.805],[100.5505,13.8045]],[[100.5515,13.807]],[[100.5545,13.8065],[100.555,13.8065],[100.5545,13.8065]],[[100.554,13.806],[100.554,13.8055],[100.554,13.806]],[[100.555,13.8005],[100.5555,13.8035],[100.554,13.801],[100.555,13.8005]],[[100.5535,13.7985],[100.553,13.799],[100.5535,13.7985]],[[100.557,13.8035],[100.5565,13.803],[100.558,13.803],[100.557,13.8035]],[[100.5555,13.808],[100.556,13.808],[100.5565,13.809],[100.5555,13.8085],[100.5555,13.808]],[[100.5565,13.805],[100.556,13.805],[100.5565,13.805]],[[100.558,13.8085],[100.5575,13.8085],[100.558,13.8085]],[[100.557,13.8105],[100.557,13.81],[100.5575,13.81],[100.557,13.8105]],[[100.559,13.8085],[100.559,13.808],[100.559,13.8085]]]}},{"type":"Feature","properties":{"station":"Chatuchak Park","line":"MRT","band":"10"},"geometry":{"type":"Polygon","coordinates":[[[100.55,13.797],[100.5485,13.7985],[100.5485,13.8],[100.5495,13.8],[100.5515,13.8025],[100.5495,13.802],[100.549,13.803],[100.55,13.8045],[100.551,13.8045],[100.5505,13.8035],[100.552,13.804],[100.5515,13.808],[100.5525,13.809],[100.554,13.8085],[100.557,13.81],[100.557,13.8085],[100.558,13.808],[100.557,13.806],[100.5585,13.8055],[100.557,13.805],[100.5565,13.803],[100.5555,13.8035],[100.554,13.801],[100.555,13.8005],[100.556,13.8015],[100.555,13.799],[100.5555,13.7985],[100.551,13.797],[100.5505,13.796],[100.55,13.797]],[[100.554,13.806],[100.554,13.8055],[100.554,13.806]],[[100.553,13.8035],[100.553,13.803],[100.5535,13.804],[100.553,13.8035]],[[100.5535,13.799],[100.553,13.799],[100.5535,13.7985],[100.5535,13.799]],[[100.5545,13.8065],[100.555,13.8065],[100.5545,13.8065]],[[100.556,13.805],[100.556,13.8045],[100.556,13.804],[100.556,13.805]],[[100.5565,13.809],[100.5555,13.8085],[100.5555,13.808],[100.556,13.808],[100.5565,13.809]]]}},{"type":"Feature","properties":{"station":"Chit Lom","line":"BTS","band":"15"},"geometry":{"type":"Polygon","coordinates":[[[100.533,13.7435],[100.5315,13.746],[100.533,13.746],[100.534,13.7475],[100.5345,13.746],[100.5355,13.746],[100.535,13.748],[100.5355,13.7495],[100.538,13.749],[100.5385,13.7505],[100.5375,13.7515],[100.539,13.751],[100.539,13.752],[100.5405,13.7515],[100.541,13.752],[100.5405,13.7525],[100.5415,13.753],[100.5425,13.7515],[100.544,13.752],[100.544,13.75],[100.546,13.7535],[100.5465,13.752],[100.5475,13.7515],[100.547,13.75],[100.549,13.75],[100.5495,13.747],[100.5505,13.747],[100.55,13.7435],[100.5515,13.745],[100.5535,13.742],[100.5515,13.74],[100.5505,13.7405],[100.549,13.739],[100.548,13.7395],[100.548,13.738],[100.5465,13.7375],[100.5455,13.7385],[100.5465,13.739],[100.5465,13.7405],[100.545,13.74],[100.545,13.7365],[100.5435,13.736],[100.544,13.7375],[100.543,13.738],[100.5435,13.7355],[100.542,13.7345],[100.541,13.7375],[100.5405,13.7365],[100.5395,13.737],[100.539,13.7355],[100.538,13.7365],[100.538,13.738],[100.537,13.7385],[100.537,13.739],[100.5385,13.7385],[100.5395,13.742],[100.536,13.7425],[100.535,13.741],[100.534,13.742],[100.5345,13.7435],[100.533,13.7435]],[[100.543,13.751],[100.5415,13.7505],[100.543,13.75],[100.543,13.751]],[[100.543,13.747],[100.542,13.745],[100.5425,13.7445],[100.543,13.746],[100.544,13.746],[100.543,13.747]],[[100.5425,13.743],[100.543,13.742],[100.543,13.7425],[100.5425,13.743]],[[100.542,13.7415],[100.541,13.742],[100.5405,13.742],[100.542,13.7415]],[[100.5395,13.7475],[100.5385,13.748],[100.539,13.746],[100.538,13.7455],[100.5395,13.7455],[100.5395,13.7475]],[[100.5405,13.741],[100.54,13.7405],[100.5405,13.7405],[100.5405,13.741]],[[100.5405,13.7385],[100.54,13.738],[100.5405,13.7385]],[[100.534,13.745],[100.5335,13.745],[100.534,13.745]],[[100.5385,13.744],[100.539,13.7435],[100.539,13.744],[100.5385,13.744]],[[100.5375,13.748],[100.537,13.7485],[100.537,13.748],[100.5375,13.748]],[[100.5375,13.747],[100.536,13.7465],[100.5375,13.7465],[100.5375,13.747]],[[100.542,13.741],[100.5415,13.7405],[100.542,13.7405],[100.542,13.741]],[[100.5415,13.738],[100.542,13.738],[100.5415,13.738]],[[100.5415,13.7405]],[[100.5415,13.744],[100.5415,13.743],[100.5415,13.744]],[[100.5455,13.7465]],[[100.5455,13.746]],[[100.5465,13.7415],[100.5465,13.741],[100.5465,13.7415]],[[100.5445,13.7455],[100.545,13.746],[100.5445,13.746],[100.5445,13.7455]],[[100.5445,13.7445]],[[100.544,13.7425],[100.5445,13.7425],[100.544,13.7425]],[[100.5445,13.74],[100.5445,13.7405],[100.5445,13.74]],[[100.5435,13.7405]],[[100.543,13.748]],[[100.545,13.745]],[[100.5455,13.7405]],[[100.548,13.749],[100.546,13.749],[100.5465,13.747],[100.548,13.749]],[[100.549,13.7465],[100.5485,13.746],[100.549,13.7465]],[[100.546,13.75],[100.5465,13.7505],[100.546,13.7505],[100.546,13.75]],[[100.547,13.7455],[100.546,13.7455],[100.546,13.745],[100.547,13.745],[100.547,13.7455]],[[100.5475,13.742],[100.548,13.742],[100.5475,13.742]]]}},{"type":"Feature","properties":{"station":"Chit Lom","line":"BTS","band":"10"},"geometry":{"type":"Polygon","coordinates":[[[100.5365,13.743],[100.535,13.7455],[100.5375,13.7465],[100.538,13.748],[100.539,13.746],[100.538,13.7455],[100.5395,13.745],[100.54,13.747],[100.539,13.7485],[100.541,13.75],[100.543,13.748],[100.543,13.749],[100.5445,13.749],[100.544,13.7495],[100.545,13.75],[100.5455,13.7495],[100.545,13.7485],[100.5465,13.7485],[100.5465,13.747],[100.548,13.747],[100.5475,13.746],[100.5495,13.7445],[100.55,13.7425],[100.5475,13.742],[100.547,13.741],[100.5455,13.7415],[100.546,13.74],[100.545,13.74],[100.543,13.738],[100.542,13.739],[100.542,13.741],[100.5405,13.741],[100.54,13.7405],[100.541,13.74],[100.5395,13.7395],[100.539,13.74],[100.5395,13.742],[100.5365,13.743]],[[100.543,13.747],[100.542,13.745],[100.5425,13.7445],[100.543,13.746],[100.544,13.746],[100.543,13.747]],[[100.5425,13.743],[100.543,13.742],[100.543,13.7425],[100.5425,13.743]],[[100.5405,13.742],[100.542,13.7415],[100.5405,13.742]],[[100.539,13.7435],[100.5385,13.744],[100.5385,13.7435],[100.539,13.7435]],[[100.5415,13.744],[100.5415,13.743],[100.5415,13.744]],[[100.545,13.7455],[100.5445,13.746],[100.5445,13.7455],[100.545,13.7455]],[[100.545,13.745]],[[100.5445,13.7445]],[[100.544,13.7425],[100.5445,13.7425],[100.544,13.7425]],[[100.5435,13.7405]],[[100.5445,13.7405],[100.5445,13.74],[100.5445,13.7405]],[[100.546,13.7455],[100.547,13.7445],[100.5475,13.7455],[100.546,13.7455]],[[100.5455,13.7465]],[[100.5455,13.746]]]}},{"type":"Feature","properties":{"station":"Chong Nonsi","line":"","band":"15"},"geometry":{"type":"Polygon","coordinates":[[[100.5215,13.718],[100.52,13.719],[100.521,13.7195],[100.5205,13.7205],[100.522,13.721],[100.5215,13.7235],[100.5205,13.723],[100.52,13.724],[100.521,13.724],[100.5205,13.7245],[100.521,13.726],[100.522,13.726],[100.5215,13.7275],[100.523,13.728],[100.5225,13.729],[100.523,13.7305],[100.5245,13.731],[100.5235,13.7315],[100.524,13.732],[100.5255,13.7315],[100.5255,13.7325],[100.5275,13.733],[100.5305,13.732],[100.531,13.731],[100.532,13.7315],[100.532,13.7305],[100.537,13.729],[100.5365,13.7285],[100.538,13.7275],[100.538,13.7265],[100.5405,13.725],[100.5395,13.7235],[100.5385,13.7235],[100.539,13.722],[100.538,13.72],[100.536,13.7185],[100.537,13.718],[100.5345,13.713],[100.534,13.7135],[100.533,13.713],[100.5325,13.714],[100.533,13.7145],[100.5315,13.7135],[100.531,13.7145],[100.53,13.7145],[100.531,13.7155],[100.5295,13.7165],[100.5275,13.715],[100.5245,13.7165],[100.525,13.7175],[100.523,13.717],[100.5225,13.718],[100.523,13.719],[100.5215,13.718]],[[100.5295,13.73],[100.5295,13.7305],[100.5295,13.73]],[[100.53,13.7275]],[[100.5295,13.718],[100.529,13.7185],[100.5285,13.7175],[100.5295,13.718]],[[100.5265,13.718],[100.5265,13.7185],[100.5265,13.718]],[[100.5245,13.7255],[100.524,13.726],[100.524,13.7255],[100.5245,13.7255]],[[100.525,13.7235]],[[100.525,13.721],[100.5245,13.721],[100.525,13.721]],[[100.5245,13.719],[100.524,13.7185],[100.5245,13.7185],[100.5245,13.719]],[[100.5225,13.7235],[100.5225,13.7215],[100.523,13.7215],[100.523,13.722],[100.5225,13.7235]],[[100.524,13.721],[100.523,13.7205],[100.524,13.7205],[100.524,13.721]],[[100.5235,13.724],[100.524,13.724],[100.524,13.7245],[100.5235,13.724]],[[100.5255,13.7195],[100.525,13.719],[100.5255,13.7195]],[[100.528,13.7255],[100.5275,13.725],[100.528,13.725],[100.528,13.7255]],[[100.528,13.7245],[100.5285,13.7245],[100.528,13.7245]],[[100.5275,13.7215]],[[100.5275,13.72]],[[100.5265,13.7175]],[[100.527,13.717]],[[100.5265,13.725],[100.527,13.725],[100.5265,13.725]],[[100.529,13.731]],[[100.5285,13.7225],[100.529,13.7225],[100.5295,13.7225],[100.5285,13.7225]],[[100.529,13.721],[100.5295,13.72],[100.529,13.721]],[[100.529,13.719],[100.5295,13.719],[100.5295,13.7195],[100.529,13.719]],[[100.529,13.7285],[100.5295,13.729],[100.529,13.7285]],[[100.534,13.722],[100.5345,13.722],[100.534,13.722]],[[100.534,13.7195],[100.534,13.719],[100.536,13.72],[100.5365,13.721],[100.5355,13.721],[100.534,13.7195]],[[100.534,13.7175]],[[100.5315,13.7285],[100.5315,13.728],[100.5315,13.7285]],[[100.532,13.7215],[100.532,13.722],[100.532,13.7215]],[[100.5305,13.72],[100.5305,13.7195],[100.5305,13.72]],[[100.5315,13.718],[100.531,13.718],[100.5305,13.7175],[100.5315,13.718]],[[100.5305,13.7165]],[[100.53,13.7265],[100.5305,13.7265],[100.53,13.7265]],[[100.53,13.725]],[[100.532,13.7295],[100.5335,13.729],[100.533,13.73],[100.532,13.7295]],[[100.533,13.72],[100.5325,13.7195],[100.5335,13.7195],[100.533,13.72]],[[100.5335,13.719]],[[100.5335,13.726],[100.5335,13.7265],[100.5335,13.726]],[[100.536,13.725]],[[100.536,13.7245]],[[100.536,13.7245]],[[100.5345,13.728],[100.535,13.728],[100.5355,13.7285],[100.5345,13.728]],[[100.5345,13.726],[100.5355,13.726],[100.5355,13.7265],[100.5345,13.726]],[[100.5355,13.7225],[100.5355,13.722],[100.5355,13.7225]],[[100.535,13.721]],[[100.5355,13.718],[100.5355,13.7185],[100.5355,13.718]],[[100.5355,13.7165],[100.535,13.716],[100.5355,13.716],[100.5355,13.7165]],[[100.537,13.7195],[100.5365,13.7195],[100.537,13.7195]]]}},{"type":"Feature","properties":{"station":"Chong Nonsi","line":"","band":"10"},"geometry":{"type":"Polygon","coordinates":[[[100.525,13.719],[100.5235,13.72],[100.524,13.7215],[100.525,13.721],[100.5245,13.722],[100.525,13.724],[100.524,13.724],[100.5235,13.725],[100.5245,13.7255],[100.5245,13.728],[100.5255,13.73],[100.5275,13.7295],[100.528,13.7305],[100.5295,13.7295],[100.529,13.7285],[100.53,13.7295],[100.531,13.728],[100.533,13.728],[100.5325,13.727],[100.5335,13.726],[100.533,13.7275],[100.535,13.727],[100.5345,13.7255],[100.5355,13.726],[100.535,13.725],[100.537,13.724],[100.537,13.723],[100.535,13.722],[100.5355,13.721],[100.535,13.72],[100.534,13.7195],[100.5325,13.72],[100.5345,13.719],[100.5335,13.716],[100.532,13.716],[100.532,13.717],[100.5315,13.7165],[100.5295,13.7175],[100.529,13.717],[100.5295,13.7195],[100.528,13.7185],[100.525,13.719]],[[100.529,13.7225],[100.5285,13.7225],[100.529,13.7225]],[[100.5275,13.7215],[100.527,13.7215],[100.5275,13.7215]],[[100.5275,13.72]],[[100.5265,13.725],[100.527,13.725],[100.5265,13.725]],[[100.528,13.7255],[100.5275,13.725],[100.528,13.725],[100.528,13.7255]],[[100.528,13.7245],[100.5285,13.7245],[100.528,13.7245]],[[100.529,13.721],[100.5295,13.72],[100.529,13.721]],[[100.532,13.7215],[100.532,13.722],[100.532,13.7215]],[[100.53,13.7265],[100.5305,13.7265],[100.53,13.7265]],[[100.5305,13.7195],[100.5305,13.72],[100.5305,13.7195]],[[100.5305,13.7175],[100.5315,13.718],[100.5315,13.7185],[100.5305,13.7175]],[[100.53,13.7275]],[[100.53,13.725]],[[100.534,13.722],[100.5345,13.722],[100.534,13.722]],[[100.535,13.721]],[[100.534,13.7245],[100.5345,13.7245],[100.534,13.7245]]]}},{"type":"Feature","properties":{"station":"Don Muang","line":"SRT Red","band":"15"},"geometry":{"type":"Polygon","coordinates":[[[100.5925,13.9105],[100.5905,13.9115],[100.591,13.912],[100.59,13.9135],[100.591,13.915],[100.593,13.9145],[100.589,13.916],[100.5885,13.9175],[100.5945,13.9155],[100.591,13.917],[100.5905,13.918],[100.593,13.918],[100.596,13.9165],[100.5965,13.917],[100.591,13.9195],[100.597,13.9175],[100.5925,13.92],[100.594,13.9195],[100.5935,13.9205],[100.5945,13.921],[100.596,13.9205],[100.5965,13.9215],[100.5975,13.921],[100.5975,13.922],[100.5985,13.9215],[100.598,13.922],[100.5985,13.9225],[100.6015,13.9235],[100.6025,13.923],[100.6035,13.922],[100.602,13.919],[100.601,13.9185],[100.601,13.92],[100.5995,13.9155],[100.5925,13.9055],[100.5915,13.909],[100.5925,13.9095],[100.592,13.91],[100.5925,13.9105]],[[100.594,13.912]],[[100.5925,13.913],[100.5925,13.9125],[100.5925,13.913]],[[100.5925,13.908]],[[100.5935,13.911]],[[100.593,13.909],[100.5935,13.909],[100.593,13.909]],[[100.596,13.9155],[100.5955,13.9155],[100.5955,13.915],[100.596,13.9155]],[[100.596,13.9145]],[[100.5955,13.9135]],[[100.595,13.914],[100.594,13.914],[100.595,13.914]],[[100.594,13.913],[100.5945,13.913],[100.594,13.913]],[[100.599,13.918],[100.5985,13.918],[100.598,13.9175],[100.5985,13.9175],[100.599,13.918]],[[100.5985,13.919],[100.598,13.919],[100.5985,13.919]],[[100.6005,13.9225],[100.5995,13.921],[100.6005,13.921],[100.601,13.922],[100.6005,13.9225]]]}},{"type":"Feature","properties":{"station":"Don Muang","line":"SRT Red","band":"10"},"geometry":{"type":"Polygon","coordinates":[[[100.594,13.9095],[100.5925,13.913],[100.594,13.9135],[100.5945,13.913],[100.595,13.914],[100.5925,13.9145],[100.593,13.915],[100.592,13.916],[100.5925,13.9165],[100.5945,13.9155],[100.5955,13.917],[100.596,13.9165],[100.5965,13.917],[100.5945,13.9185],[100.597,13.9175],[100.596,13.9185],[100.6,13.921],[100.601,13.92],[100.5965,13.911],[100.595,13.909],[100.594,13.9095]],[[100.596,13.9155],[100.5955,13.9155],[100.5955,13.915],[100.596,13.9155]],[[100.5955,13.9135]],[[100.594,13.912]],[[100.596,13.9145]],[[100.598,13.9175],[100.5985,13.917],[100.599,13.918],[100.598,13.9175]],[[100.5985,13.919],[100.598,13.919],[100.5985,13.919]]]}},{"type":"Feature","properties":{"station":"Ekkamai","line":"","band":"15"},"geometry":{"type":"Polygon","coordinates":[[[100.578,13.7205],[100.5765,13.7215],[100.5775,13.722],[100.5775,13.723],[100.5765,13.7235],[100.577,13.724],[100.576,13.726],[100.5775,13.7255],[100.578,13.7265],[100.579,13.726],[100.5805,13.7275],[100.581,13.727],[100.5805,13.726],[100.582,13.7255],[100.582,13.7275],[100.583,13.727],[100.5835,13.7275],[100.583,13.7285],[100.584,13.729],[100.585,13.727],[100.584,13.7265],[100.5845,13.726],[100.5845,13.729],[100.5855,13.729],[100.586,13.73],[100.587,13.729],[100.586,13.728],[100.587,13.728],[100.587,13.727],[100.586,13.7265],[100.5885,13.727],[100.589,13.724],[100.5885,13.723],[100.5915,13.722],[100.591,13.719],[100.592,13.7195],[100.593,13.7185],[100.5905,13.717],[100.5915,13.717],[100.5915,13.716],[100.592,13.7165],[100.594,13.7145],[100.594,13.713],[100.5925,13.713],[100.592,13.712],[100.5865,13.7125],[100.5865,13.7115],[100.5855,13.712],[100.586,13.711],[100.585,13.711],[100.5845,13.71],[100.5835,13.7095],[100.583,13.7105],[100.582,13.71],[100.5815,13.7105],[100.5825,13.7115],[100.582,13.712],[100.5815,13.7115],[100.58,13.7145],[100.579,13.7145],[100.5805,13.7165],[100.5785,13.717],[100.579,13.7205],[100.578,13.7205]],[[100.584,13.7255]],[[100.584,13.7165]],[[100.584,13.715],[100.5835,13.7155],[100.583,13.715],[100.583,13.7155],[100.582,13.715],[100.582,13.7155],[100.581,13.7155],[100.581,13.715],[100.584,13.715]],[[100.5805,13.725]],[[100.5815,13.7205]],[[100.581,13.72],[100.5815,13.719],[100.582,13.72],[100.581,13.72]],[[100.581,13.7185],[100.581,13.7175],[100.582,13.718],[100.5835,13.7175],[100.5835,13.72],[100.583,13.7205],[100.5825,13.7195],[100.5835,13.719],[100.583,13.718],[100.581,13.7185]],[[100.5795,13.721]],[[100.58,13.7195],[100.5805,13.72],[100.5795,13.7205],[100.58,13.7195]],[[100.58,13.719],[100.58,13.7185],[100.5805,13.7185],[100.5805,13.719],[100.58,13.719]],[[100.5805,13.7175],[100.58,13.717],[100.5805,13.7175]],[[100.5785,13.7235],[100.578,13.7235],[100.5785,13.7235]],[[100.5785,13.7225],[100.579,13.722],[100.5785,13.7225]],[[100.583,13.727],[100.5825,13.7255],[100.5835,13.726],[100.583,13.727]],[[100.5835,13.7235]],[[100.5825,13.725],[100.582,13.725],[100.5825,13.724],[100.5825,13.725]],[[100.583,13.723],[100.582,13.723],[100.5825,13.7225],[100.583,13.723]],[[100.5835,13.7165],[100.5815,13.7165],[100.583,13.7165],[100.5835,13.7165]],[[100.5835,13.712]],[[100.582,13.7125],[100.582,13.712],[100.582,13.7125]],[[100.5825,13.7135]],[[100.588,13.7255],[100.588,13.726],[100.588,13.7255]],[[100.588,13.725],[100.588,13.724],[100.588,13.725]],[[100.5875,13.7225]],[[100.5875,13.7225]],[[100.588,13.7205],[100.5875,13.7205],[100.587,13.72],[100.588,13.72],[100.588,13.7205]],[[100.5885,13.719],[100.588,13.7185],[100.5885,13.7185],[100.5885,13.719]],[[100.588,13.7165],[100.586,13.718],[100.5865,13.7165],[100.588,13.7165]],[[100.5875,13.7135],[100.587,13.714],[100.587,13.7135],[100.5875,13.7135]],[[100.5855,13.726]],[[100.586,13.7255],[100.587,13.7255],[100.587,13.726],[100.5865,13.726],[100.586,13.7255]],[[100.5855,13.724],[100.5855,13.7235],[100.5855,13.724]],[[100.5855,13.722],[100.5855,13.7215],[100.5855,13.722]],[[100.5855,13.7215],[100.585,13.7215],[100.5855,13.7215]],[[100.5855,13.721]],[[100.5855,13.72],[100.585,13.7205],[100.585,13.72],[100.5855,13.72]],[[100.5855,13.7185],[100.585,13.7185],[100.5855,13.7185]],[[100.585,13.7155],[100.5845,13.715],[100.5875,13.715],[100.585,13.7155]],[[100.585,13.714],[100.585,13.7135],[100.586,13.7135],[100.586,13.714],[100.585,13.714]],[[100.585,13.723]],[[100.585,13.7165],[100.5855,13.7165],[100.585,13.7165]],[[100.586,13.725],[100.586,13.7245],[100.586,13.725]],[[100.5865,13.7235],[100.5865,13.724],[100.5865,13.7235]],[[100.5865,13.7225],[100.5865,13.722],[100.587,13.723],[100.5865,13.7225]],[[100.5865,13.718],[100.586,13.718],[100.5865,13.718]],[[100.587,13.721],[100.587,13.7215],[100.587,13.721]],[[100.591,13.7185]],[[100.5905,13.7135],[100.591,13.7135],[100.5905,13.7145],[100.5905,13.7135]],[[100.589,13.7205],[100.589,13.721],[100.589,13.7205]],[[100.589,13.7185],[100.589,13.718],[100.5885,13.7175],[100.589,13.7185]],[[100.5885,13.716]],[[100.59,13.713],[100.59,13.7135],[100.5895,13.715],[100.5895,13.714],[100.59,13.713]],[[100.5885,13.7145],[100.588,13.7135],[100.589,13.7135],[100.5885,13.7145]],[[100.5885,13.715]],[[100.5885,13.7155]],[[100.59,13.7175]],[[100.59,13.7205],[100.59,13.72],[100.59,13.7205]],[[100.59,13.721]],[[100.591,13.7185]]]}},{"type":"Feature","properties":{"station":"Ekkamai","line":"","band":"10"},"geometry":{"type":"Polygon","coordinates":[[[100.58,13.721],[100.579,13.724],[100.58,13.7245],[100.5825,13.724],[100.5825,13.725],[100.5855,13.7265],[100.5865,13.725],[100.586,13.7245],[100.587,13.7245],[100.5875,13.7235],[100.586,13.7225],[100.588,13.7215],[100.587,13.72],[100.588,13.72],[100.588,13.721],[100.5905,13.72],[100.5885,13.7175],[100.591,13.718],[100.5905,13.717],[100.5915,13.7165],[100.5915,13.715],[100.5905,13.7145],[100.5885,13.7155],[100.588,13.7145],[100.5875,13.7155],[100.585,13.7155],[100.5845,13.715],[100.586,13.7145],[100.584,13.7125],[100.5825,13.7145],[100.584,13.715],[100.582,13.7155],[100.582,13.7165],[100.5835,13.7165],[100.5805,13.717],[100.5815,13.718],[100.5835,13.7175],[100.5835,13.72],[100.583,13.7205],[100.5825,13.7195],[100.5835,13.719],[100.5825,13.718],[100.5815,13.7185],[100.582,13.72],[100.5805,13.72],[100.58,13.721]],[[100.584,13.7165]],[[100.582,13.723],[100.5825,13.7225],[100.583,13.723],[100.582,13.723]],[[100.5815,13.7205]],[[100.5835,13.7235]],[[100.5865,13.724],[100.5865,13.7235],[100.5865,13.724]],[[100.5855,13.721]],[[100.586,13.718],[100.5865,13.718],[100.586,13.718]],[[100.588,13.7165],[100.586,13.718],[100.5865,13.7165],[100.588,13.7165]],[[100.5855,13.7235],[100.5855,13.724],[100.5855,13.7235]],[[100.585,13.723]],[[100.5855,13.722],[100.5855,13.7215],[100.5855,13.722]],[[100.5855,13.7215],[100.585,13.7215],[100.5855,13.7215]],[[100.5855,13.72],[100.585,13.7205],[100.585,13.72],[100.5855,13.72]],[[100.5855,13.7185],[100.585,13.7185],[100.5855,13.7185]],[[100.585,13.7165],[100.5855,13.7165],[100.585,13.7165]],[[100.5885,13.716]],[[100.587,13.721],[100.587,13.7215],[100.587,13.721]],[[100.5885,13.719],[100.588,13.7185],[100.5885,13.7185],[100.5885,13.719]]]}},{"type":"Feature","properties":{"station":"Fai Chai","line":"MRT","band":"15"},"geometry":{"type":"Polygon","coordinates":[[[100.464,13.7505],[100.4645,13.751],[100.464,13.752],[100.4635,13.7515],[100.4625,13.752],[100.4635,13.7535],[100.462,13.7515],[100.4615,13.7535],[100.463,13.754],[100.4605,13.7535],[100.46,13.7545],[100.4635,13.7555],[100.463,13.7565],[100.4635,13.7575],[100.4655,13.758],[100.464,13.759],[100.466,13.7615],[100.4675,13.7615],[100.4685,13.7625],[100.468,13.763],[100.4685,13.7635],[100.469,13.7625],[100.4695,13.7635],[100.4715,13.7625],[100.473,13.763],[100.4735,13.7625],[100.472,13.7605],[100.473,13.76],[100.474,13.761],[100.474,13.7595],[100.475,13.759],[100.4745,13.7575],[100.479,13.756],[100.477,13.7545],[100.478,13.754],[100.4775,13.753],[100.4765,13.7535],[100.4745,13.7525],[100.475,13.7515],[100.473,13.749],[100.472,13.749],[100.473,13.748],[100.471,13.747],[100.47,13.7455],[100.469,13.748],[100.468,13.747],[100.4675,13.748],[100.4685,13.7485],[100.468,13.749],[100.4665,13.7485],[100.466,13.751],[100.464,13.7505]],[[100.4695,13.7625],[100.47,13.7615],[100.4705,13.7615],[100.4695,13.7625]],[[100.4695,13.7575],[100.47,13.7575],[100.4695,13.7575]],[[100.47,13.752]],[[100.4705,13.749],[100.4705,13.7485],[100.4705,13.749]],[[100.468,13.76],[100.468,13.7605],[100.468,13.76]],[[100.468,13.758],[100.468,13.7575],[100.4685,13.7575],[100.4685,13.758],[100.468,13.758]],[[100.468,13.757],[100.467,13.756],[100.468,13.756],[100.468,13.757]],[[100.469,13.756],[100.468,13.756],[100.469,13.7555],[100.469,13.756]],[[100.469,13.752],[100.469,13.751],[100.469,13.752]],[[100.467,13.758],[100.4665,13.758],[100.467,13.758]],[[100.467,13.7535],[100.466,13.754],[100.4655,13.7535],[100.467,13.7535]],[[100.4665,13.7525],[100.4645,13.7525],[100.4655,13.7515],[100.4675,13.752],[100.4665,13.7525]],[[100.4655,13.7555],[100.467,13.756],[100.4655,13.7565],[100.4655,13.7555]],[[100.4725,13.7585],[100.472,13.758],[100.4725,13.7585]],[[100.472,13.7555],[100.4725,13.7555],[100.472,13.7555]],[[100.472,13.7545],[100.4715,13.7545],[100.4705,13.7545],[100.472,13.7545]],[[100.472,13.753],[100.4725,13.7525],[100.4725,13.7535],[100.472,13.753]],[[100.472,13.751],[100.472,13.7505],[100.472,13.751]],[[100.4705,13.748],[100.471,13.748],[100.4705,13.748]],[[100.472,13.7505]],[[100.474,13.759],[100.474,13.7585],[100.474,13.759]],[[100.4745,13.7575],[100.474,13.757],[100.4745,13.7575]],[[100.474,13.756],[100.4735,13.756],[100.4735,13.7555],[100.474,13.756]],[[100.474,13.752],[100.473,13.752],[100.474,13.752]],[[100.4735,13.7595],[100.473,13.7595],[100.4735,13.7595]],[[100.473,13.758]],[[100.476,13.756],[100.4755,13.757],[100.475,13.756],[100.476,13.756]],[[100.4755,13.754],[100.4755,13.7535],[100.4755,13.754]],[[100.475,13.755]],[[100.476,13.7545],[100.4755,13.7545],[100.476,13.7545]]]}},{"type":"Feature","properties":{"station":"Fai Chai","line":"MRT","band":"10"},"geometry":{"type":"Polygon","coordinates":[[[100.4655,13.7525],[100.463,13.755],[100.467,13.756],[100.4655,13.7565],[100.466,13.758],[100.4675,13.7585],[100.4685,13.7575],[100.468,13.758],[100.4685,13.759],[100.4675,13.759],[100.4685,13.7605],[100.471,13.7605],[100.4705,13.759],[100.471,13.7595],[100.472,13.758],[100.473,13.7585],[100.472,13.757],[100.4735,13.757],[100.4735,13.7555],[100.475,13.757],[100.475,13.755],[100.474,13.755],[100.475,13.754],[100.474,13.754],[100.474,13.753],[100.473,13.7535],[100.4705,13.752],[100.4715,13.751],[100.471,13.75],[100.47,13.75],[100.47,13.749],[100.4695,13.75],[100.467,13.751],[100.4675,13.7525],[100.4655,13.7525]],[[100.4695,13.7575],[100.47,13.7575],[100.4695,13.7575]],[[100.469,13.752],[100.469,13.751],[100.469,13.752]],[[100.468,13.757],[100.467,13.756],[100.468,13.756],[100.468,13.757]],[[100.469,13.756],[100.468,13.756],[100.469,13.7555],[100.469,13.756]],[[100.467,13.7535],[100.466,13.754],[100.4655,13.7535],[100.467,13.7535]],[[100.4705,13.7545],[100.472,13.7545],[100.4705,13.7545]],[[100.47,13.752]],[[100.4725,13.7555],[100.472,13.756],[100.472,13.7555],[100.4725,13.7555]]]}},{"type":"Feature","properties":{"station":"Government Complex","line":"MRT","band":"15"},"geometry":{"type":"Polygon","coordinates":[[[100.5595,13.8895],[100.561,13.89],[100.559,13.891],[100.559,13.8925],[100.558,13.8925],[100.5575,13.8945],[100.5585,13.895],[100.5625,13.8965],[100.564,13.8955],[100.564,13.8945],[100.5685,13.8945],[100.5715,13.8955],[100.572,13.8945],[100.574,13.8945],[100.5725,13.8915],[100.5745,13.891],[100.5745,13.889],[100.5745,13.8905],[100.576,13.8905],[100.577,13.887],[100.5765,13.8865],[100.5755,13.887],[100.5755,13.886],[100.5745,13.886],[100.5745,13.8875],[100.574,13.886],[100.5715,13.8865],[100.572,13.8845],[100.5715,13.884],[100.57,13.885],[100.57,13.884],[100.569,13.8835],[100.5685,13.885],[100.569,13.883],[100.567,13.8825],[100.5665,13.884],[100.5635,13.885],[100.5625,13.8845],[100.5625,13.8875],[100.561,13.887],[100.5605,13.889],[100.5595,13.8895]],[[100.567,13.8935],[100.5675,13.893],[100.5675,13.8935],[100.567,13.8935]],[[100.568,13.888],[100.5685,13.888],[100.568,13.888]],[[100.5675,13.887],[100.5675,13.8865],[100.5675,13.887]],[[100.5635,13.894],[100.564,13.893],[100.565,13.893],[100.5645,13.894],[100.5635,13.894]],[[100.566,13.892],[100.5665,13.8925],[100.5645,13.8925],[100.566,13.892]],[[100.5645,13.89],[100.564,13.889],[100.565,13.8885],[100.5655,13.8895],[100.5645,13.89]],[[100.562,13.889],[100.5625,13.889],[100.562,13.889]],[[100.5635,13.8865],[100.5635,13.886],[100.564,13.8865],[100.5635,13.8865]],[[100.5615,13.889],[100.5615,13.89],[100.5615,13.889]],[[100.56,13.894]],[[100.5615,13.894]],[[100.561,13.8925],[100.561,13.892],[100.561,13.8925]],[[100.561,13.8905]],[[100.5615,13.8945]],[[100.563,13.895],[100.563,13.8945],[100.563,13.895]],[[100.5635,13.8905],[100.5635,13.891],[100.5635,13.8905]],[[100.563,13.8915],[100.563,13.891],[100.563,13.8915]],[[100.563,13.894]],[[100.5625,13.8935]],[[100.5645,13.886],[100.565,13.8865],[100.5645,13.886]],[[100.567,13.89]],[[100.5665,13.8875],[100.567,13.8875],[100.5665,13.8875]],[[100.5665,13.8845],[100.567,13.884],[100.567,13.8845],[100.5665,13.8845]],[[100.565,13.891]],[[100.5655,13.893]],[[100.5695,13.8925],[100.57,13.8925],[100.5695,13.8925]],[[100.569,13.891]],[[100.57,13.887],[100.57,13.8865],[100.5705,13.8865],[100.57,13.887]],[[100.5715,13.891]],[[100.5715,13.89],[100.572,13.89],[100.5715,13.89]],[[100.573,13.888],[100.573,13.8875],[100.5735,13.887],[100.5735,13.8875],[100.573,13.888]],[[100.5705,13.8875],[100.571,13.888],[100.57,13.8875],[100.5705,13.8875]],[[100.5705,13.8855]],[[100.5705,13.8905]],[[100.5735,13.891],[100.573,13.891],[100.5735,13.8905],[100.5735,13.891]],[[100.573,13.89],[100.5735,13.89],[100.573,13.89]],[[100.574,13.8895],[100.5735,13.8895],[100.574,13.8895]],[[100.5735,13.887]],[[100.5745,13.889]],[[100.576,13.8885]]]}},{"type":"Feature","properties":{"station":"Government Complex","line":"MRT","band":"10"},"geometry":{"type":"Polygon","coordinates":[[[100.5635,13.8875],[100.5605,13.8935],[100.563,13.894],[100.565,13.893],[100.5655,13.895],[100.57,13.895],[100.572,13.893],[100.5705,13.891],[100.5715,13.8905],[100.5725,13.891],[100.574,13.8895],[100.5735,13.889],[100.574,13.8885],[100.571,13.887],[100.571,13.888],[100.57,13.888],[100.569,13.886],[100.568,13.886],[100.5665,13.8875],[100.5665,13.886],[100.5655,13.886],[100.564,13.8865],[100.5635,13.8875]],[[100.567,13.8935],[100.5675,13.893],[100.5675,13.8935],[100.567,13.8935]],[[100.567,13.89]],[[100.568,13.888],[100.5685,13.888],[100.568,13.888]],[[100.5655,13.893]],[[100.5665,13.8925],[100.5645,13.8925],[100.566,13.892],[100.5665,13.8925]],[[100.5655,13.8895],[100.5645,13.89],[100.564,13.889],[100.565,13.8885],[100.5655,13.8895]],[[100.5635,13.8905],[100.5635,13.891],[100.5635,13.8905]],[[100.563,13.891],[100.5625,13.8905],[100.563,13.8915],[100.563,13.891]],[[100.5625,13.8935]],[[100.565,13.891]],[[100.569,13.891]],[[100.57,13.8925],[100.5695,13.8925],[100.57,13.8925]],[[100.5715,13.89],[100.572,13.89],[100.5715,13.89]],[[100.5705,13.8905]]]}},{"type":"Feature","properties":{"station":"Ha Yaek Lat Phrao","line":"","band":"15"},"geometry":{"type":"Polygon","coordinates":[[[100.5575,13.808],[100.5565,13.808],[100.5565,13.809],[100.5555,13.8095],[100.556,13.8115],[100.557,13.8115],[100.5565,13.8125],[100.558,13.8155],[100.5565,13.8165],[100.558,13.817],[100.5585,13.8215],[100.564,13.8205],[100.5645,13.822],[100.5615,13.822],[100.5615,13.823],[100.563,13.8225],[100.563,13.8235],[100.565,13.824],[100.5655,13.8235],[100.566,13.824],[100.5655,13.8245],[100.5675,13.8255],[100.568,13.8245],[100.5675,13.824],[100.5685,13.824],[100.569,13.823],[100.568,13.823],[100.5675,13.8215],[100.5645,13.8205],[100.566,13.8195],[100.5685,13.82],[100.57,13.8165],[100.5685,13.816],[100.5685,13.8145],[100.567,13.816],[100.5675,13.8145],[100.5665,13.8125],[100.5645,13.8115],[100.5665,13.811],[100.5665,13.81],[100.5625,13.809],[100.5605,13.8095],[100.561,13.8075],[100.559,13.8085],[100.5575,13.808]],[[100.561,13.8175],[100.5605,13.817],[100.56,13.8165],[100.5605,13.817],[100.561,13.8175]],[[100.561,13.8165],[100.56,13.816],[100.561,13.8155],[100.5615,13.8175],[100.561,13.8165]],[[100.5585,13.813],[100.558,13.813],[100.558,13.8125],[100.5585,13.813]],[[100.5575,13.81],[100.557,13.8105],[100.557,13.81],[100.5575,13.81]],[[100.556,13.81]],[[100.5585,13.814]],[[100.5595,13.8195],[100.5595,13.82],[100.5595,13.8205],[100.5595,13.8195]],[[100.5595,13.8185],[100.56,13.818],[100.5595,13.8185]],[[100.5605,13.813]],[[100.5635,13.818],[100.564,13.818],[100.5645,13.8175],[100.5645,13.818],[100.5635,13.818]],[[100.5645,13.813],[100.565,13.813],[100.5645,13.813]],[[100.5625,13.8195],[100.5615,13.8195],[100.5625,13.8195]],[[100.562,13.819],[100.5625,13.8185],[100.563,13.819],[100.562,13.819]],[[100.563,13.8145]],[[100.563,13.814]],[[100.563,13.8125]],[[100.5635,13.811],[100.5625,13.811],[100.5635,13.811]],[[100.562,13.813],[100.562,13.814],[100.5615,13.814],[100.562,13.8135],[100.562,13.813]],[[100.563,13.8115],[100.5625,13.812],[100.5625,13.8115],[100.563,13.8115]],[[100.5615,13.8115]],[[100.5615,13.811]],[[100.5615,13.8125],[100.5615,13.812],[100.562,13.812],[100.5615,13.8125]],[[100.562,13.8155]],[[100.563,13.8195],[100.5635,13.8195],[100.563,13.8195]],[[100.5625,13.817]],[[100.566,13.8225],[100.5665,13.822],[100.567,13.822],[100.567,13.8225],[100.566,13.8225]],[[100.565,13.816],[100.5645,13.8155],[100.565,13.8145],[100.565,13.816]],[[100.5655,13.814]],[[100.5665,13.8155],[100.5665,13.816],[100.567,13.8165],[100.5665,13.8165],[100.5665,13.8155]],[[100.567,13.8235],[100.5675,13.8235],[100.567,13.8235]]]}},{"type":"Feature","properties":{"station":"Ha Yaek Lat Phrao","line":"","band":"10"},"geometry":{"type":"Polygon","coordinates":[[[100.559,13.811],[100.5585,13.815],[100.559,13.816],[100.561,13.8155],[100.5615,13.8175],[100.5605,13.8185],[100.561,13.8195],[100.5625,13.8195],[100.561,13.82],[100.563,13.821],[100.564,13.8205],[100.565,13.8225],[100.5665,13.8215],[100.5645,13.8205],[100.566,13.8195],[100.5665,13.82],[100.5665,13.8185],[100.567,13.818],[100.5675,13.8185],[100.5675,13.8175],[100.5655,13.817],[100.5665,13.817],[100.5655,13.8165],[100.5655,13.815],[100.5645,13.816],[100.5655,13.814],[100.564,13.8125],[100.563,13.8125],[100.5625,13.8115],[100.5615,13.8125],[100.5605,13.812],[100.561,13.811],[100.56,13.81],[100.559,13.811]],[[100.562,13.8155]],[[100.5615,13.814],[100.562,13.8135],[100.562,13.813],[100.562,13.814],[100.5615,13.814]],[[100.5605,13.813]],[[100.563,13.8195],[100.5635,13.8195],[100.563,13.8195]],[[100.5635,13.818],[100.564,13.818],[100.5645,13.8175],[100.5645,13.818],[100.5635,13.818]],[[100.562,13.819],[100.5625,13.8185],[100.563,13.819],[100.562,13.819]],[[100.563,13.8145],[100.563,13.8135],[100.564,13.8135],[100.564,13.8145],[100.563,13.8145]],[[100.5625,13.817]],[[100.5665,13.8185]]]}},{"type":"Feature","properties":{"station":"Hua Lamphong","line":"","band":"15"},"geometry":{"type":"Polygon","coordinates":[[[100.5095,13.736],[100.508,13.737],[100.5085,13.74],[100.5075,13.7405],[100.5085,13.7435],[100.5105,13.7445],[100.511,13.744],[100.5115,13.7455],[100.513,13.745],[100.517,13.747],[100.5175,13.746],[100.5165,13.741],[100.517,13.74],[100.518,13.7475],[100.5195,13.7465],[100.5195,13.7455],[100.5205,13.746],[100.5215,13.745],[100.521,13.7445],[100.5225,13.744],[100.5245,13.7415],[100.527,13.7335],[100.5235,13.733],[100.5215,13.732],[100.522,13.731],[100.5205,13.7295],[100.5195,13.73],[100.5185,13.728],[100.5175,13.729],[100.516,13.728],[100.5145,13.7285],[100.515,13.7295],[100.514,13.729],[100.513,13.7295],[100.5135,13.731],[100.5115,13.7325],[100.5115,13.734],[100.5095,13.736]],[[100.5165,13.732],[100.516,13.732],[100.5165,13.732]],[[100.512,13.742],[100.5125,13.742],[100.512,13.742]],[[100.51,13.743]],[[100.5115,13.7405]],[[100.5085,13.7405],[100.509,13.7405],[100.5085,13.7405]],[[100.5135,13.744],[100.513,13.744],[100.5135,13.744]],[[100.515,13.7435],[100.515,13.743],[100.5155,13.743],[100.5155,13.7435],[100.515,13.7435]],[[100.515,13.741],[100.5145,13.741],[100.515,13.741]],[[100.514,13.744]],[[100.5205,13.743],[100.521,13.7435],[100.5205,13.7435],[100.5205,13.743]],[[100.5165,13.7395],[100.5165,13.739],[100.517,13.739],[100.517,13.7395],[100.5165,13.7395]],[[100.5175,13.7335],[100.518,13.7335],[100.518,13.733],[100.518,13.7335],[100.5175,13.7335]],[[100.518,13.732],[100.5175,13.732],[100.5175,13.731],[100.518,13.732]],[[100.5185,13.745],[100.519,13.745],[100.5185,13.745]],[[100.5185,13.7355]],[[100.5185,13.735]],[[100.518,13.742],[100.518,13.7425],[100.518,13.742]],[[100.519,13.733],[100.519,13.7335],[100.519,13.733]],[[100.5185,13.731],[100.5185,13.7315],[100.5185,13.731]],[[100.5195,13.737],[100.52,13.7375],[100.5195,13.7375],[100.5195,13.737]],[[100.5195,13.7355]],[[100.52,13.734]],[[100.523,13.7385]],[[100.5215,13.7415]],[[100.5215,13.74],[100.5215,13.7395],[100.5215,13.74]],[[100.521,13.737]],[[100.5225,13.743],[100.5225,13.7425],[100.5225,13.743]],[[100.5245,13.7375],[100.524,13.7385],[100.5235,13.7375],[100.5245,13.7375]]]}},{"type":"Feature","properties":{"station":"Hua Lamphong","line":"","band":"10"},"geometry":{"type":"Polygon","coordinates":[[[100.512,13.7345],[100.511,13.737],[100.512,13.7365],[100.512,13.7375],[100.513,13.7375],[100.5115,13.739],[100.511,13.7385],[100.5105,13.74],[100.5115,13.74],[100.511,13.7415],[100.5165,13.7435],[100.5165,13.74],[100.5175,13.7435],[100.519,13.743],[100.518,13.743],[100.518,13.742],[100.5195,13.7435],[100.5205,13.743],[100.5205,13.742],[100.522,13.7405],[100.5215,13.7395],[100.5225,13.7395],[100.5225,13.738],[100.5235,13.7375],[100.5225,13.7365],[100.5235,13.736],[100.524,13.7345],[100.522,13.734],[100.521,13.7345],[100.521,13.733],[100.5205,13.7325],[100.5195,13.7335],[100.52,13.7325],[100.519,13.7315],[100.517,13.7325],[100.5155,13.731],[100.514,13.7335],[100.512,13.7345]],[[100.515,13.741],[100.5145,13.741],[100.515,13.741]],[[100.5165,13.7395],[100.5165,13.739],[100.517,13.739],[100.517,13.7395],[100.5165,13.7395]],[[100.5185,13.735]],[[100.518,13.7335],[100.5175,13.7335],[100.518,13.733],[100.518,13.7335]],[[100.5195,13.7355]],[[100.519,13.733],[100.519,13.7335],[100.519,13.733]],[[100.5185,13.7355]],[[100.52,13.734]],[[100.5215,13.738]],[[100.5195,13.737],[100.52,13.7375],[100.5195,13.7375],[100.5195,13.737]],[[100.521,13.737]]]}},{"type":"Feature","properties":{"station":"Hua Mak","line":"ARL","band":"15"},"geometry":{"type":"Polygon","coordinates":[[[100.639,13.7355],[100.6385,13.7345],[100.6365,13.736],[100.637,13.737],[100.638,13.7365],[100.6385,13.737],[100.6375,13.7375],[100.6385,13.7385],[100.6375,13.739],[100.639,13.7395],[100.6385,13.7405],[100.6395,13.742],[100.6415,13.7395],[100.642,13.7415],[100.6415,13.742],[100.6425,13.742],[100.6435,13.746],[100.6445,13.745],[100.644,13.744],[100.6455,13.7425],[100.6445,13.7415],[100.6455,13.7415],[100.648,13.7435],[100.647,13.7455],[100.6485,13.7465],[100.649,13.746],[100.6485,13.7445],[100.65,13.744],[100.6495,13.743],[100.6515,13.742],[100.65,13.7415],[100.6485,13.7425],[100.6465,13.742],[100.646,13.7405],[100.654,13.739],[100.655,13.738],[100.654,13.738],[100.6555,13.737],[100.6535,13.737],[100.6545,13.7355],[100.654,13.735],[100.653,13.736],[100.6515,13.7355],[100.6515,13.7365],[100.6525,13.737],[100.645,13.7375],[100.646,13.737],[100.646,13.736],[100.647,13.736],[100.6475,13.7345],[100.6465,13.734],[100.6475,13.733],[100.644,13.734],[100.6415,13.7325],[100.6415,13.7315],[100.64,13.7315],[100.6395,13.7335],[100.6405,13.733],[100.6405,13.735],[100.639,13.7355]],[[100.643,13.742],[100.6425,13.7395],[100.6435,13.7405],[100.643,13.742]],[[100.643,13.7385],[100.6425,13.739],[100.6425,13.7385],[100.643,13.7385]],[[100.6425,13.7355],[100.6425,13.736],[100.6425,13.7355]],[[100.642,13.735]],[[100.6395,13.7405],[100.64,13.7405],[100.6395,13.741],[100.6395,13.7405]],[[100.6405,13.7375],[100.64,13.7375],[100.6405,13.7375]],[[100.6395,13.7375],[100.64,13.7375],[100.6395,13.7375]],[[100.6385,13.737]],[[100.646,13.7395],[100.6455,13.74],[100.6465,13.739],[100.646,13.7395]],[[100.644,13.741]],[[100.645,13.74]],[[100.645,13.739],[100.644,13.74],[100.6435,13.7395],[100.645,13.739]],[[100.6445,13.7365],[100.644,13.736],[100.6445,13.7355],[100.6445,13.736],[100.6445,13.7365]],[[100.6495,13.7385],[100.6505,13.7375],[100.652,13.7375],[100.6495,13.7385]],[[100.648,13.738],[100.6485,13.738],[100.648,13.738]],[[100.6485,13.739]],[[100.6535,13.738],[100.6535,13.7385],[100.6535,13.738]],[[100.6515,13.7385],[100.652,13.7385],[100.6515,13.7385]],[[100.6525,13.7385],[100.653,13.7385],[100.6525,13.7385]]]}},{"type":"Feature","properties":{"station":"Hua Mak","line":"ARL","band":"10"},"geometry":{"type":"Polygon","coordinates":[[[100.641,13.7345],[100.64,13.736],[100.641,13.7375],[100.6395,13.738],[100.6415,13.7385],[100.6425,13.742],[100.643,13.7395],[100.6435,13.741],[100.6455,13.741],[100.646,13.7425],[100.6485,13.7435],[100.648,13.742],[100.6465,13.742],[100.646,13.7405],[100.6505,13.7395],[100.651,13.739],[100.6495,13.7385],[100.6505,13.7375],[100.645,13.7375],[100.644,13.735],[100.645,13.735],[100.6445,13.7345],[100.641,13.7345]],[[100.643,13.7385],[100.6425,13.739],[100.6425,13.7385],[100.643,13.7385]],[[100.6435,13.736],[100.6425,13.736],[100.6425,13.7355],[100.643,13.7355],[100.6435,13.736]],[[100.6455,13.7395],[100.646,13.7395],[100.6465,13.739],[100.646,13.7395],[100.6455,13.7395]],[[100.645,13.739],[100.644,13.74],[100.6435,13.7395],[100.645,13.739]],[[100.645,13.74]],[[100.6485,13.739]]]}},{"type":"Feature","properties":{"station":"Huai Khwang","line":"","band":"15"},"geometry":{"type":"Polygon","coordinates":[[[100.5665,13.7745],[100.5655,13.775],[100.566,13.7765],[100.565,13.776],[100.5635,13.7795],[100.5655,13.7805],[100.567,13.78],[100.567,13.7815],[100.5685,13.783],[100.5695,13.7825],[100.569,13.783],[100.57,13.784],[100.5705,13.7835],[100.57,13.7855],[100.5705,13.786],[100.573,13.785],[100.5705,13.7865],[100.5735,13.788],[100.574,13.789],[100.577,13.7855],[100.5775,13.786],[100.5785,13.785],[100.578,13.7835],[100.577,13.784],[100.5765,13.782],[100.5775,13.7835],[100.581,13.783],[100.5815,13.781],[100.5805,13.779],[100.582,13.7795],[100.5835,13.777],[100.582,13.777],[100.5805,13.7755],[100.581,13.775],[100.579,13.7745],[100.5785,13.7735],[100.578,13.7745],[100.5775,13.773],[100.5765,13.774],[100.576,13.7695],[100.574,13.769],[100.5745,13.77],[100.574,13.77],[100.5735,13.7675],[100.5715,13.7685],[100.5725,13.771],[100.5705,13.77],[100.5705,13.772],[100.568,13.773],[100.5675,13.7725],[100.5665,13.7745]],[[100.5735,13.7825],[100.572,13.7825],[100.572,13.782],[100.5735,13.7825]],[[100.573,13.779]],[[100.573,13.7765],[100.5725,13.776],[100.573,13.776],[100.573,13.7765]],[[100.5705,13.78],[100.5705,13.7795],[100.5705,13.78]],[[100.57,13.7745],[100.5715,13.774],[100.5715,13.7745],[100.571,13.7745],[100.57,13.7745]],[[100.5675,13.7805],[100.5675,13.78],[100.568,13.7805],[100.5675,13.7805]],[[100.568,13.7805],[100.5685,13.78],[100.5685,13.7805],[100.568,13.7805]],[[100.5665,13.776]],[[100.565,13.778],[100.5655,13.778],[100.565,13.778]],[[100.569,13.778],[100.569,13.7775],[100.5695,13.7775],[100.5695,13.778],[100.569,13.778]],[[100.5715,13.785]],[[100.572,13.7815]],[[100.572,13.7785],[100.5715,13.7785],[100.572,13.7785]],[[100.572,13.7765]],[[100.5725,13.774],[100.572,13.7735],[100.5725,13.774]],[[100.571,13.7835],[100.571,13.783],[100.571,13.7835]],[[100.5705,13.7805],[100.5705,13.781],[100.5705,13.7805]],[[100.5725,13.777],[100.572,13.777],[100.5725,13.777]],[[100.5725,13.784]],[[100.5745,13.786]],[[100.5745,13.7815]],[[100.575,13.779]],[[100.5745,13.7775],[100.574,13.7775],[100.5745,13.776],[100.5745,13.7775]],[[100.5745,13.7755]],[[100.575,13.7735]],[[100.576,13.785]],[[100.575,13.7845],[100.575,13.785],[100.575,13.7845]],[[100.5755,13.78]],[[100.5755,13.773]],[[100.5765,13.7775],[100.5765,13.778],[100.5765,13.7775]],[[100.5795,13.7755],[100.5805,13.7755],[100.5805,13.7775],[100.5795,13.7755]],[[100.5795,13.777],[100.579,13.7765],[100.5795,13.777]]]}},{"type":"Feature","properties":{"station":"Huai Khwang","line":"","band":"10"},"geometry":{"type":"Polygon","coordinates":[[[100.568,13.776],[100.5685,13.7765],[100.5665,13.7785],[100.5695,13.78],[100.57,13.781],[100.5705,13.7805],[100.571,13.783],[100.572,13.783],[100.572,13.782],[100.5735,13.7825],[100.5725,13.7845],[100.574,13.7855],[100.575,13.784],[100.5765,13.7835],[100.5755,13.7825],[100.5765,13.783],[100.5765,13.782],[100.5775,13.7825],[100.5785,13.782],[100.578,13.7805],[100.5795,13.779],[100.579,13.778],[100.5805,13.777],[100.579,13.777],[100.5785,13.776],[100.577,13.7765],[100.577,13.7755],[100.5755,13.7755],[100.576,13.774],[100.5735,13.771],[100.573,13.7725],[100.572,13.7725],[100.572,13.7735],[100.573,13.773],[100.572,13.775],[100.5695,13.7745],[100.569,13.776],[100.568,13.776]],[[100.573,13.779]],[[100.569,13.7785],[100.569,13.779],[100.569,13.7785]],[[100.569,13.778],[100.569,13.7775],[100.5695,13.7775],[100.5695,13.778],[100.569,13.778]],[[100.5705,13.78],[100.5705,13.7795],[100.5705,13.78]],[[100.572,13.7815]],[[100.572,13.7795]],[[100.572,13.7785],[100.5715,13.7785],[100.572,13.7785]],[[100.573,13.776],[100.573,13.7765],[100.5725,13.776],[100.573,13.776]],[[100.572,13.7765]],[[100.572,13.777],[100.5725,13.777],[100.572,13.777]],[[100.5745,13.7815]],[[100.5745,13.7775],[100.574,13.777],[100.5745,13.776],[100.5745,13.7775]],[[100.5745,13.7755]],[[100.575,13.779]],[[100.575,13.7735]],[[100.5765,13.778],[100.5765,13.7775],[100.5765,13.778]],[[100.5755,13.78]],[[100.577,13.779],[100.5785,13.7795],[100.5775,13.78],[100.577,13.779]]]}},{"type":"Feature","properties":{"station":"Impact Muang Thong Thani","line":"MRT","band":"15"},"geometry":{"type":"Polygon","coordinates":[[[100.5375,13.907],[100.5365,13.9095],[100.535,13.9105],[100.5355,13.912],[100.5345,13.9125],[100.537,13.9125],[100.5355,13.9135],[100.536,13.914],[100.5385,13.9135],[100.539,13.916],[100.543,13.917],[100.5415,13.918],[100.5435,13.918],[100.544,13.919],[100.5445,13.918],[100.546,13.9205],[100.5465,13.919],[100.5475,13.919],[100.546,13.9185],[100.546,13.9175],[100.5465,13.9185],[100.547,13.9175],[100.55,13.9165],[100.5475,13.9115],[100.5485,13.911],[100.551,13.915],[100.5535,13.9095],[100.5545,13.9095],[100.554,13.9085],[100.553,13.9085],[100.5525,13.907],[100.551,13.907],[100.551,13.908],[100.547,13.9085],[100.5465,13.91],[100.5445,13.9105],[100.544,13.9055],[100.547,13.904],[100.5445,13.902],[100.5445,13.9],[100.5435,13.903],[100.541,13.903],[100.541,13.904],[100.5435,13.904],[100.5435,13.9105],[100.5425,13.911],[100.543,13.91],[100.542,13.907],[100.5405,13.9065],[100.5375,13.907]],[[100.546,13.915],[100.545,13.9115],[100.5465,13.911],[100.548,13.9145],[100.546,13.915]],[[100.54,13.9125],[100.54,13.912],[100.5405,13.912],[100.54,13.9125]],[[100.5405,13.909],[100.541,13.908],[100.54,13.9075],[100.541,13.9075],[100.5415,13.909],[100.5405,13.909]],[[100.538,13.9115],[100.5375,13.9115],[100.538,13.911],[100.538,13.9115]],[[100.539,13.9095]],[[100.5385,13.909],[100.5385,13.908],[100.539,13.9085],[100.5385,13.909]],[[100.5395,13.908],[100.539,13.908],[100.5395,13.908]],[[100.536,13.911],[100.5365,13.911],[100.5365,13.912],[100.536,13.912],[100.536,13.911]],[[100.5395,13.9085]],[[100.5435,13.9135],[100.543,13.9125],[100.544,13.912],[100.5445,13.915],[100.5435,13.9135]],[[100.542,13.9125]],[[100.5405,13.913],[100.541,13.913],[100.5405,13.913]],[[100.5435,13.915],[100.544,13.9155],[100.5435,13.915]],[[100.545,13.904]],[[100.545,13.904],[100.5455,13.904],[100.545,13.904]],[[100.548,13.916],[100.5465,13.9165],[100.5465,13.9155],[100.548,13.916]],[[100.55,13.9095],[100.5495,13.9095],[100.55,13.9095]],[[100.55,13.912]],[[100.5525,13.909],[100.5525,13.9085],[100.5525,13.909]],[[100.5525,13.9095],[100.553,13.91],[100.5525,13.9095]],[[100.552,13.9105]]]}},{"type":"Feature","properties":{"station":"Impact Muang Thong Thani","line":"MRT","band":"10"},"geometry":{"type":"Polygon","coordinates":[[[100.5395,13.909],[100.538,13.911],[100.5385,13.9125],[100.5395,13.9135],[100.5405,13.912],[100.54,13.9125],[100.541,13.913],[100.54,13.914],[100.542,13.9135],[100.543,13.9155],[100.543,13.9125],[100.544,13.912],[100.5455,13.9175],[100.545,13.9115],[100.5465,13.911],[100.5475,13.914],[100.5485,13.9145],[100.5475,13.9115],[100.5485,13.911],[100.5495,13.912],[100.551,13.91],[100.548,13.908],[100.5465,13.9085],[100.5465,13.91],[100.5445,13.9105],[100.544,13.904],[100.5435,13.9105],[100.5425,13.911],[100.543,13.91],[100.542,13.907],[100.541,13.9075],[100.5415,13.909],[100.5395,13.909]],[[100.542,13.9125]]]}},{"type":"Feature","properties":{"station":"Itsaraphap","line":"","band":"15"},"geometry":{"type":"Polygon","coordinates":[[[100.479,13.7345],[100.4785,13.7345],[100.479,13.736],[100.4795,13.7355],[100.48,13.736],[100.4795,13.7375],[100.4785,13.7375],[100.479,13.7385],[100.4785,13.7395],[100.4775,13.7385],[100.4765,13.7395],[100.4775,13.742],[100.4795,13.7425],[100.48,13.744],[100.479,13.744],[100.4785,13.745],[100.48,13.7455],[100.4795,13.747],[100.4805,13.747],[100.4815,13.7445],[100.482,13.746],[100.483,13.746],[100.4835,13.745],[100.4845,13.7455],[100.4845,13.744],[100.486,13.744],[100.485,13.7455],[100.4855,13.746],[100.4895,13.7445],[100.4895,13.7435],[100.491,13.743],[100.49,13.7415],[100.491,13.7405],[100.4905,13.7395],[100.4915,13.738],[100.4895,13.7375],[100.4915,13.736],[100.492,13.737],[100.4935,13.7365],[100.493,13.735],[100.4935,13.7335],[100.4925,13.733],[100.4935,13.732],[100.4925,13.7315],[100.4915,13.7325],[100.4905,13.7315],[100.4875,13.732],[100.4865,13.7305],[100.4865,13.7335],[100.486,13.732],[100.4845,13.7335],[100.484,13.733],[100.4845,13.7305],[100.4835,13.731],[100.4815,13.7305],[100.481,13.731],[100.4815,13.7345],[100.4805,13.7345],[100.481,13.7335],[100.48,13.7345],[100.4785,13.7335],[100.479,13.7345]],[[100.485,13.736],[100.485,13.7355],[100.4855,13.736],[100.485,13.736]],[[100.4825,13.744],[100.483,13.7435],[100.4835,13.7435],[100.483,13.744],[100.4825,13.744]],[[100.4825,13.7405],[100.482,13.741],[100.482,13.7405],[100.4825,13.7405]],[[100.483,13.74],[100.483,13.7395],[100.483,13.74]],[[100.4825,13.7325]],[[100.4805,13.7435],[100.48,13.7435],[100.48,13.743],[100.4805,13.7435]],[[100.481,13.7415],[100.4815,13.7415],[100.481,13.7415]],[[100.481,13.739],[100.48,13.7395],[100.48,13.738],[100.4815,13.738],[100.481,13.739]],[[100.48,13.7375],[100.4805,13.737],[100.4805,13.7375],[100.48,13.7375]],[[100.4795,13.7425],[100.48,13.7425],[100.4795,13.7425]],[[100.48,13.74]],[[100.479,13.7405]],[[100.4775,13.74],[100.4775,13.7395],[100.4775,13.74]],[[100.4825,13.743],[100.482,13.7435],[100.4825,13.743]],[[100.482,13.7425],[100.4815,13.7425],[100.4815,13.742],[100.482,13.7425]],[[100.482,13.7415]],[[100.4815,13.7375],[100.4815,13.737],[100.482,13.737],[100.482,13.7375],[100.4815,13.7375]],[[100.482,13.736]],[[100.4815,13.736],[100.4815,13.7355],[100.4815,13.736]],[[100.484,13.741]],[[100.4845,13.7405]],[[100.4835,13.7385],[100.4835,13.7375],[100.485,13.738],[100.4835,13.7385]],[[100.484,13.7365],[100.484,13.737],[100.484,13.7365]],[[100.4835,13.736],[100.483,13.7355],[100.4835,13.7355],[100.4835,13.736]],[[100.4835,13.734],[100.483,13.734],[100.4835,13.7335],[100.4835,13.734]],[[100.4845,13.7415]],[[100.4885,13.74],[100.488,13.7405],[100.4885,13.74]],[[100.489,13.7395]],[[100.489,13.7385],[100.488,13.738],[100.488,13.737],[100.489,13.7385]],[[100.489,13.737],[100.4895,13.7365],[100.489,13.737]],[[100.4885,13.736],[100.488,13.7365],[100.4885,13.736]],[[100.4885,13.7345],[100.489,13.7345],[100.4885,13.7345]],[[100.4865,13.741],[100.486,13.741],[100.4865,13.741]],[[100.488,13.7385],[100.486,13.74],[100.486,13.739],[100.488,13.7385]],[[100.487,13.736],[100.4875,13.7355],[100.487,13.736]],[[100.487,13.735],[100.4865,13.7345],[100.487,13.734],[100.487,13.7345],[100.487,13.735]],[[100.486,13.742]],[[100.4865,13.736],[100.4865,13.7365],[100.4865,13.736]],[[100.488,13.7335]],[[100.49,13.74],[100.4895,13.74],[100.49,13.74]],[[100.49,13.7335],[100.4895,13.7335],[100.49,13.7335]],[[100.4895,13.7355],[100.4895,13.736],[100.4895,13.7355]],[[100.492,13.7355],[100.4925,13.7355],[100.492,13.7355]]]}},{"type":"Feature","properties":{"station":"Itsaraphap","line":"","band":"10"},"geometry":{"type":"Polygon","coordinates":[[[100.4825,13.734],[100.4805,13.7365],[100.485,13.738],[100.4835,13.7385],[100.482,13.737],[100.48,13.7395],[100.4805,13.74],[100.48,13.7415],[100.4805,13.742],[100.4815,13.7415],[100.481,13.742],[100.482,13.7425],[100.481,13.7425],[100.4815,13.743],[100.481,13.744],[100.4825,13.743],[100.484,13.7435],[100.4835,13.743],[100.4845,13.742],[100.4855,13.7435],[100.486,13.742],[100.4865,13.743],[100.488,13.7425],[100.4875,13.741],[100.486,13.741],[100.487,13.7405],[100.486,13.739],[100.488,13.7385],[100.487,13.7395],[100.4875,13.74],[100.489,13.739],[100.488,13.737],[100.4905,13.7365],[100.49,13.736],[100.4905,13.7345],[100.4895,13.7335],[100.4885,13.7345],[100.489,13.7335],[100.487,13.735],[100.486,13.733],[100.483,13.733],[100.4835,13.734],[100.4825,13.734]],[[100.4845,13.7415]],[[100.4845,13.7405]],[[100.485,13.736],[100.485,13.7355],[100.4855,13.736],[100.485,13.736]],[[100.4835,13.736],[100.483,13.7355],[100.4835,13.7355],[100.4835,13.736]],[[100.482,13.736]],[[100.483,13.74],[100.483,13.7395],[100.483,13.74]],[[100.482,13.7415]],[[100.482,13.741],[100.482,13.7405],[100.4825,13.7405],[100.482,13.741]],[[100.484,13.741]],[[100.484,13.7365],[100.484,13.737],[100.484,13.7365]],[[100.4865,13.736],[100.4865,13.7365],[100.4865,13.736]],[[100.4875,13.7355]],[[100.488,13.7365],[100.4885,13.736],[100.488,13.7365]],[[100.4885,13.735]],[[100.4895,13.736],[100.4895,13.7355],[100.4895,13.736]]]}},{"type":"Feature","properties":{"station":"Kamphaeng Phet","line":"","band":"15"},"geometry":{"type":"Polygon","coordinates":[[[100.54,13.7945],[100.539,13.7955],[100.5395,13.7975],[100.539,13.796],[100.5375,13.7975],[100.54,13.7985],[100.5405,13.801],[100.5425,13.8005],[100.542,13.7985],[100.5435,13.798],[100.544,13.799],[100.5445,13.798],[100.546,13.798],[100.546,13.8015],[100.5475,13.802],[100.5475,13.804],[100.547,13.8025],[100.5465,13.803],[100.5465,13.806],[100.547,13.8065],[100.5475,13.806],[100.548,13.8075],[100.549,13.8065],[100.5485,13.8045],[100.553,13.8045],[100.5525,13.8035],[100.553,13.803],[100.5535,13.804],[100.5545,13.804],[100.555,13.803],[100.554,13.8015],[100.5555,13.8005],[100.555,13.799],[100.556,13.7975],[100.5555,13.797],[100.5565,13.7965],[100.5565,13.7955],[100.555,13.7955],[100.5555,13.7945],[100.554,13.7945],[100.5545,13.7955],[100.5535,13.796],[100.551,13.796],[100.5515,13.7935],[100.55,13.793],[100.548,13.7905],[100.547,13.7945],[100.546,13.795],[100.5465,13.7965],[100.541,13.7975],[100.54,13.7945]],[[100.55,13.8025],[100.55,13.8015],[100.5515,13.8025],[100.55,13.8025]],[[100.5485,13.7965],[100.549,13.7955],[100.5495,13.7965],[100.5485,13.7965]],[[100.549,13.7935],[100.549,13.793],[100.549,13.7935]],[[100.547,13.801]],[[100.547,13.8]],[[100.5405,13.7975]],[[100.541,13.799],[100.5415,13.7995],[100.541,13.799]],[[100.547,13.8045],[100.5475,13.805],[100.5475,13.8055],[100.547,13.8045]],[[100.548,13.7945],[100.548,13.794],[100.548,13.7945]],[[100.548,13.7995],[100.5475,13.799],[100.548,13.799],[100.548,13.7995]],[[100.5495,13.802],[100.549,13.802],[100.5495,13.802]],[[100.552,13.804],[100.5515,13.804],[100.5505,13.8035],[100.552,13.804]],[[100.5535,13.799],[100.553,13.799],[100.5535,13.7985],[100.5535,13.799]],[[100.555,13.7955]]]}},{"type":"Feature","properties":{"station":"Kamphaeng Phet","line":"","band":"10"},"geometry":{"type":"Polygon","coordinates":[[[100.5495,13.7965],[100.5425,13.797],[100.5405,13.798],[100.541,13.7985],[100.546,13.798],[100.546,13.8015],[100.5475,13.802],[100.548,13.804],[100.549,13.8035],[100.549,13.802],[100.5515,13.802],[100.554,13.798],[100.5535,13.796],[100.551,13.796],[100.55,13.7935],[100.5485,13.795],[100.5495,13.7965]],[[100.547,13.801]],[[100.547,13.8]],[[100.548,13.7995],[100.5475,13.799],[100.548,13.799],[100.548,13.7995]]]}},{"type":"Feature","properties":{"station":"Kan Kheha","line":"SRT Red","band":"15"},"geometry":{"type":"Polygon","coordinates":[[[100.582,13.896],[100.5815,13.898],[100.5825,13.898],[100.5805,13.8995],[100.58,13.901],[100.581,13.9025],[100.583,13.903],[100.5835,13.904],[100.5855,13.903],[100.584,13.9045],[100.585,13.9045],[100.5855,13.9055],[100.586,13.9045],[100.589,13.9035],[100.5905,13.906],[100.5935,13.9075],[100.5945,13.9055],[100.593,13.905],[100.5845,13.89],[100.584,13.8905],[100.585,13.8925],[100.5845,13.893],[100.5855,13.893],[100.5845,13.894],[100.583,13.892],[100.5835,13.8935],[100.5825,13.893],[100.583,13.894],[100.582,13.894],[100.5825,13.896],[100.582,13.896]],[[100.5865,13.8975],[100.586,13.896],[100.587,13.896],[100.5875,13.897],[100.5865,13.8975]],[[100.5855,13.8955],[100.5855,13.895],[100.586,13.895],[100.5855,13.8955]],[[100.5835,13.9015],[100.584,13.9005],[100.5845,13.901],[100.5835,13.9015]],[[100.585,13.9005],[100.585,13.901],[100.585,13.9005]],[[100.5895,13.9005],[100.589,13.9005],[100.5895,13.9005]],[[100.5885,13.8985],[100.5875,13.899],[100.587,13.898],[100.588,13.8975],[100.5885,13.8985]],[[100.5885,13.8995],[100.5885,13.9],[100.5885,13.8995]],[[100.591,13.904],[100.5915,13.904],[100.5915,13.905],[100.591,13.904]],[[100.5905,13.903],[100.5905,13.9025],[100.5905,13.903]]]}},{"type":"Feature","properties":{"station":"Kan Kheha","line":"SRT Red","band":"10"},"geometry":{"type":"Polygon","coordinates":[[[100.5855,13.893],[100.5845,13.895],[100.585,13.896],[100.584,13.897],[100.585,13.8975],[100.583,13.899],[100.584,13.8995],[100.5835,13.9005],[100.5845,13.9015],[100.5865,13.901],[100.5875,13.9025],[100.587,13.9035],[100.5895,13.903],[100.59,13.9045],[100.5915,13.9035],[100.591,13.9015],[100.5865,13.8935],[100.5855,13.893]],[[100.587,13.898],[100.588,13.8975],[100.5885,13.8985],[100.5875,13.899],[100.587,13.898]],[[100.5875,13.897],[100.5865,13.8975],[100.586,13.896],[100.587,13.896],[100.5875,13.897]],[[100.585,13.901],[100.585,13.9005],[100.585,13.901]],[[100.5855,13.8955],[100.5855,13.895],[100.586,13.895],[100.5855,13.8955]],[[100.5855,13.8965]],[[100.5885,13.9],[100.5885,13.8995],[100.589,13.8995],[100.5885,13.9]],[[100.5895,13.9005],[100.589,13.9005],[100.5895,13.9005]],[[100.5905,13.903],[100.5905,13.9025],[100.5905,13.903]]]}},{"type":"Feature","properties":{"station":"Kasetsart University","line":"BTS","band":"15"},"geometry":{"type":"Polygon","coordinates":[[[100.5705,13.84],[100.5705,13.841],[100.5715,13.841],[100.5695,13.842],[100.5685,13.844],[100.569,13.8445],[100.57,13.844],[100.572,13.846],[100.57,13.8455],[100.5695,13.847],[100.572,13.848],[100.572,13.849],[100.5755,13.8495],[100.5765,13.8505],[100.5775,13.8495],[100.579,13.8495],[100.579,13.8505],[100.581,13.85],[100.5825,13.851],[100.583,13.849],[100.582,13.848],[100.584,13.8475],[100.583,13.847],[100.583,13.846],[100.5825,13.8465],[100.5825,13.8455],[100.582,13.846],[100.5815,13.8435],[100.581,13.8445],[100.58,13.843],[100.5785,13.844],[100.579,13.841],[100.582,13.8405],[100.5805,13.8395],[100.5795,13.8375],[100.578,13.8375],[100.5785,13.8365],[100.5775,13.836],[100.5775,13.835],[100.577,13.836],[100.5765,13.835],[100.575,13.8355],[100.573,13.8345],[100.572,13.835],[100.572,13.8365],[100.573,13.837],[100.5715,13.8375],[100.5725,13.8385],[100.572,13.84],[100.5715,13.8395],[100.5705,13.84]],[[100.5755,13.8465],[100.5765,13.846],[100.5775,13.847],[100.578,13.8465],[100.5775,13.848],[100.5785,13.8485],[100.577,13.8485],[100.5755,13.8465]],[[100.576,13.8375],[100.576,13.8365],[100.576,13.8375]],[[100.5735,13.8465],[100.573,13.847],[100.573,13.8465],[100.5735,13.8465]],[[100.573,13.844]],[[100.5725,13.8435],[100.5725,13.843],[100.5725,13.8435]],[[100.573,13.8415]],[[100.572,13.844],[100.5715,13.8435],[100.572,13.844]],[[100.5735,13.8455],[100.575,13.8445],[100.575,13.8455],[100.5735,13.8455]],[[100.5745,13.8375],[100.5745,13.837],[100.575,13.837],[100.5745,13.8375]],[[100.574,13.8365],[100.5745,13.8365],[100.574,13.8365]],[[100.577,13.8415]],[[100.5775,13.841],[100.577,13.841],[100.5775,13.8405],[100.5775,13.841]],[[100.5765,13.839]],[[100.5765,13.8385],[100.5765,13.8375],[100.577,13.8375],[100.5765,13.8385]],[[100.579,13.8475],[100.5785,13.847],[100.5785,13.846],[100.5785,13.847],[100.579,13.8475]],[[100.579,13.848],[100.5785,13.848],[100.579,13.848]],[[100.579,13.8485]],[[100.5805,13.845],[100.58,13.845],[100.5805,13.845]],[[100.5815,13.8475],[100.581,13.848],[100.581,13.8475],[100.5815,13.8475]],[[100.582,13.848]]]}},{"type":"Feature","properties":{"station":"Kasetsart University","line":"BTS","band":"10"},"geometry":{"type":"Polygon","coordinates":[[[100.5735,13.839],[100.573,13.8395],[100.5735,13.8415],[100.572,13.842],[100.572,13.843],[100.575,13.8445],[100.575,13.8455],[100.5735,13.8455],[100.5735,13.847],[100.575,13.8485],[100.576,13.8475],[100.5755,13.8465],[100.5765,13.846],[100.5785,13.847],[100.5785,13.846],[100.579,13.8475],[100.5805,13.848],[100.581,13.8465],[100.5795,13.846],[100.577,13.8415],[100.5775,13.8405],[100.578,13.8415],[100.579,13.84],[100.5775,13.84],[100.5765,13.8375],[100.5745,13.8375],[100.5735,13.839]],[[100.5745,13.843],[100.5745,13.8435],[100.5745,13.843]],[[100.5765,13.839]]]}},{"type":"Feature","properties":{"station":"Khae Rai","line":"MRT","band":"15"},"geometry":{"type":"Polygon","coordinates":[[[100.5165,13.8585],[100.513,13.8605],[100.516,13.861],[100.515,13.8615],[100.518,13.863],[100.5175,13.8645],[100.5165,13.8635],[100.5135,13.8665],[100.515,13.8675],[100.514,13.868],[100.5145,13.869],[100.5155,13.869],[100.515,13.8695],[100.5155,13.8705],[100.517,13.8705],[100.5165,13.8715],[100.517,13.8725],[100.5185,13.872],[100.519,13.871],[100.5185,13.87],[100.5195,13.87],[100.5195,13.8715],[100.5205,13.871],[100.5205,13.87],[100.5215,13.87],[100.5215,13.8685],[100.52,13.868],[100.5215,13.868],[100.5225,13.869],[100.5245,13.868],[100.523,13.8675],[100.525,13.8655],[100.5245,13.862],[100.5255,13.862],[100.5255,13.861],[100.5265,13.861],[100.526,13.86],[100.527,13.86],[100.5285,13.8585],[100.526,13.8565],[100.523,13.8565],[100.5235,13.8555],[100.522,13.855],[100.522,13.854],[100.521,13.854],[100.5205,13.8555],[100.52,13.855],[100.5205,13.854],[100.5195,13.8545],[100.5185,13.8535],[100.5175,13.8555],[100.5185,13.8555],[100.518,13.8565],[100.52,13.8575],[100.519,13.8585],[100.5175,13.8575],[100.5175,13.859],[100.5165,13.8585]],[[100.52,13.8695]],[[100.5195,13.8605],[100.5195,13.86],[100.5195,13.8605]],[[100.519,13.8625],[100.5185,13.861],[100.519,13.8625]],[[100.5185,13.86],[100.518,13.86],[100.5185,13.86]],[[100.5165,13.861],[100.516,13.8605],[100.517,13.8605],[100.5165,13.861]],[[100.518,13.871]],[[100.5185,13.866],[100.519,13.866],[100.5185,13.866]],[[100.516,13.8665],[100.5175,13.8675],[100.516,13.8675],[100.516,13.8665]],[[100.5185,13.8695],[100.5185,13.869],[100.519,13.8695],[100.5185,13.8695]],[[100.5225,13.8665],[100.5215,13.8665],[100.5225,13.866],[100.5225,13.8665]],[[100.522,13.863],[100.5215,13.8625],[100.522,13.8625],[100.522,13.863]],[[100.522,13.8615],[100.522,13.862],[100.5215,13.862],[100.522,13.8615]],[[100.5225,13.861],[100.5225,13.8605],[100.5225,13.861]],[[100.5225,13.8585],[100.522,13.858],[100.5225,13.858],[100.5225,13.8585]],[[100.5205,13.8645]],[[100.521,13.8565],[100.5205,13.8565],[100.521,13.856],[100.521,13.8565]],[[100.5215,13.858]],[[100.5235,13.862]],[[100.5235,13.86]],[[100.5245,13.858],[100.524,13.858],[100.524,13.8575],[100.5245,13.858]],[[100.523,13.8585],[100.523,13.858],[100.523,13.8585]],[[100.5225,13.857],[100.523,13.857],[100.5235,13.857],[100.5225,13.857]],[[100.5225,13.8565]],[[100.5255,13.8595],[100.5255,13.859],[100.5255,13.8595]],[[100.5205,13.869],[100.521,13.8695],[100.5205,13.8695],[100.5205,13.869]]]}},{"type":"Feature","properties":{"station":"Khae Rai","line":"MRT","band":"10"},"geometry":{"type":"Polygon","coordinates":[[[100.5185,13.8585],[100.5165,13.86],[100.5175,13.86],[100.518,13.8625],[100.518,13.864],[100.5165,13.8655],[100.518,13.8695],[100.523,13.866],[100.5225,13.8655],[100.524,13.8655],[100.5225,13.865],[100.523,13.864],[100.5225,13.8605],[100.5245,13.859],[100.5245,13.858],[100.522,13.8585],[100.5215,13.858],[100.522,13.857],[100.5205,13.8565],[100.5185,13.8585]],[[100.5195,13.8605],[100.5195,13.86],[100.5195,13.8605]],[[100.5185,13.866],[100.519,13.866],[100.5185,13.866]],[[100.519,13.8625],[100.5185,13.861],[100.519,13.8625]],[[100.5185,13.86],[100.518,13.86],[100.5185,13.86]],[[100.5205,13.8645]],[[100.522,13.863],[100.5215,13.8625],[100.522,13.8625],[100.522,13.863]],[[100.522,13.862],[100.5215,13.862],[100.522,13.8615],[100.522,13.862]]]}},{"type":"Feature","properties":{"station":"Kheha","line":"","band":"15"},"geometry":{"type":"Polygon","coordinates":[[[100.608,13.5665],[100.607,13.5675],[100.6075,13.568],[100.6085,13.567],[100.608,13.5665]]]}},{"type":"Feature","properties":{"station":"Kheha","line":"","band":"10"},"geometry":{"type":"Polygon","coordinates":[[[100.608,13.5665],[100.607,13.5675],[100.6075,13.568],[100.6085,13.567],[100.608,13.5665]]]}},{"type":"Feature","properties":{"station":"Khlong Bang Phai","line":"MRT","band":"15"},"geometry":{"type":"Polygon","coordinates":[[[100.404,13.8885],[100.402,13.8895],[100.4035,13.89],[100.403,13.891],[100.402,13.8905],[100.4025,13.8935],[100.4015,13.895],[100.4035,13.8945],[100.404,13.8935],[100.405,13.894],[100.407,13.8935],[100.4075,13.895],[100.4065,13.8945],[100.407,13.8955],[100.406,13.8965],[100.407,13.8985],[100.4055,13.897],[100.4065,13.899],[100.405,13.899],[100.4045,13.9],[100.407,13.9015],[100.4075,13.9],[100.407,13.902],[100.408,13.902],[100.4085,13.901],[100.408,13.8995],[100.4105,13.899],[100.4115,13.898],[100.4095,13.898],[100.411,13.8975],[100.4115,13.893],[100.409,13.8895],[100.4115,13.8885],[100.4105,13.891],[100.412,13.8905],[100.4125,13.8915],[100.4135,13.8915],[100.414,13.89],[100.4135,13.889],[100.4155,13.888],[100.414,13.887],[100.4135,13.8855],[100.4125,13.8865],[100.412,13.8845],[100.41,13.8855],[100.41,13.884],[100.411,13.8835],[100.4095,13.8825],[100.407,13.8845],[100.408,13.885],[100.406,13.886],[100.4065,13.887],[100.4055,13.8865],[100.404,13.887],[100.404,13.8885]],[[100.408,13.885]],[[100.407,13.892]],[[100.407,13.888],[100.4065,13.888],[100.407,13.888]],[[100.4075,13.8925]],[[100.4075,13.888],[100.407,13.8875],[100.4075,13.8875],[100.4075,13.888]],[[100.408,13.8865],[100.408,13.886],[100.408,13.8865]],[[100.407,13.8965],[100.407,13.897],[100.407,13.8965]],[[100.4105,13.896],[100.4085,13.8975],[100.4095,13.8915],[100.4105,13.8935],[100.4105,13.896]],[[100.412,13.887],[100.41,13.888],[100.4115,13.887],[100.412,13.887]],[[100.414,13.887],[100.414,13.8875],[100.413,13.8875],[100.414,13.887]],[[100.414,13.8885],[100.4125,13.889],[100.4125,13.8885],[100.414,13.8885]]]}},{"type":"Feature","properties":{"station":"Khlong Bang Phai","line":"MRT","band":"10"},"geometry":{"type":"Polygon","coordinates":[[[100.4065,13.888],[100.406,13.8895],[100.405,13.89],[100.4055,13.8915],[100.4045,13.891],[100.404,13.893],[100.406,13.893],[100.4055,13.8925],[100.406,13.892],[100.4075,13.895],[100.4065,13.895],[100.407,13.8955],[100.4065,13.8965],[100.4075,13.8965],[100.408,13.899],[100.409,13.8985],[100.4085,13.898],[100.4095,13.8915],[100.4115,13.894],[100.4115,13.8925],[100.409,13.8895],[100.4115,13.889],[100.412,13.888],[100.4115,13.887],[100.41,13.888],[100.411,13.887],[100.4095,13.8865],[100.4095,13.8855],[100.4075,13.887],[100.408,13.8875],[100.4075,13.8885],[100.4065,13.888]],[[100.4075,13.8925]],[[100.407,13.8895]],[[100.407,13.892]]]}},{"type":"Feature","properties":{"station":"Khlong San","line":"BTS","band":"15"},"geometry":{"type":"Polygon","coordinates":[[[100.499,13.727],[100.498,13.7275],[100.498,13.73],[100.5,13.731],[100.4985,13.7305],[100.499,13.732],[100.498,13.734],[100.501,13.735],[100.5015,13.736],[100.5025,13.735],[100.503,13.7365],[100.5045,13.735],[100.505,13.736],[100.506,13.7355],[100.5075,13.736],[100.5075,13.735],[100.508,13.7355],[100.509,13.735],[100.509,13.734],[100.51,13.7335],[100.5095,13.733],[100.51,13.7335],[100.5105,13.7325],[100.508,13.731],[100.511,13.7305],[100.512,13.7295],[100.512,13.7255],[100.511,13.7255],[100.512,13.725],[100.512,13.724],[100.5085,13.7205],[100.5065,13.723],[100.507,13.7235],[100.505,13.724],[100.5065,13.7245],[100.5065,13.7255],[100.5055,13.725],[100.5045,13.7255],[100.504,13.7245],[100.503,13.7255],[100.503,13.727],[100.503,13.726],[100.502,13.7255],[100.5015,13.7265],[100.5005,13.726],[100.5005,13.727],[100.5,13.7265],[100.499,13.727]],[[100.5065,13.735]],[[100.5065,13.732],[100.507,13.732],[100.5065,13.732]],[[100.507,13.73],[100.5065,13.73],[100.507,13.73]],[[100.5065,13.729],[100.506,13.729],[100.5065,13.729]],[[100.5025,13.7295],[100.503,13.7295],[100.5025,13.7295]],[[100.5015,13.728],[100.502,13.7275],[100.502,13.728],[100.5015,13.728]],[[100.502,13.728],[100.5025,13.728],[100.502,13.728]],[[100.5005,13.7295],[100.5,13.73],[100.5,13.7295],[100.5005,13.7295]],[[100.5,13.7285]],[[100.5015,13.7295],[100.502,13.7295],[100.5015,13.7295]],[[100.5015,13.7275]],[[100.505,13.734]],[[100.505,13.7325],[100.504,13.733],[100.5045,13.732],[100.505,13.7325]],[[100.5045,13.73],[100.504,13.7305],[100.505,13.7295],[100.5055,13.73],[100.5045,13.73]],[[100.5045,13.7285],[100.5055,13.728],[100.506,13.7285],[100.5045,13.7285]],[[100.503,13.728]],[[100.503,13.733]],[[100.503,13.7325]],[[100.504,13.728],[100.504,13.7285],[100.5035,13.7285],[100.504,13.7285],[100.504,13.728]],[[100.506,13.7265],[100.506,13.726],[100.506,13.7265]],[[100.506,13.733]],[[100.509,13.7295],[100.5095,13.729],[100.5095,13.7295],[100.509,13.7295]],[[100.5085,13.7335],[100.508,13.733],[100.5085,13.7335]],[[100.507,13.7315],[100.5075,13.7315],[100.507,13.7315]],[[100.5075,13.727],[100.507,13.727],[100.507,13.7265],[100.5075,13.727]],[[100.5095,13.727],[100.5095,13.726],[100.511,13.726],[100.5095,13.727]]]}},{"type":"Feature","properties":{"station":"Khlong San","line":"BTS","band":"10"},"geometry":{"type":"Polygon","coordinates":[[[100.5015,13.728],[100.501,13.7285],[100.503,13.7295],[100.502,13.73],[100.503,13.731],[100.501,13.732],[100.5015,13.733],[100.5035,13.7335],[100.5045,13.733],[100.5045,13.732],[100.506,13.733],[100.5055,13.734],[100.507,13.734],[100.5075,13.735],[100.508,13.733],[100.509,13.7345],[100.5105,13.7325],[100.508,13.731],[100.511,13.7305],[100.512,13.729],[100.5115,13.7265],[100.5095,13.727],[100.5095,13.726],[100.5105,13.726],[100.51,13.7245],[100.509,13.724],[100.508,13.7255],[100.5035,13.727],[100.504,13.7285],[100.5015,13.728]],[[100.507,13.733]],[[100.5075,13.7315],[100.507,13.7315],[100.5075,13.7315]],[[100.506,13.729],[100.5065,13.729],[100.506,13.729]],[[100.506,13.7285],[100.5045,13.7285],[100.5055,13.728],[100.506,13.7285]],[[100.504,13.73],[100.505,13.7295],[100.5055,13.73],[100.504,13.73]],[[100.503,13.7325]],[[100.5065,13.732],[100.507,13.732],[100.5065,13.732]],[[100.5065,13.7305],[100.5065,13.73],[100.507,13.73],[100.5065,13.7305]],[[100.507,13.727],[100.507,13.7265],[100.5075,13.7265],[100.507,13.727]],[[100.509,13.7295],[100.5095,13.729],[100.5095,13.7295],[100.509,13.7295]]]}},{"type":"Feature","properties":{"station":"Khlong Toei","line":"","band":"15"},"geometry":{"type":"Polygon","coordinates":[[[100.5455,13.7205],[100.545,13.7215],[100.546,13.7225],[100.5445,13.7235],[100.546,13.725],[100.5445,13.725],[100.544,13.726],[100.5445,13.727],[100.5465,13.7265],[100.5465,13.7275],[100.5475,13.727],[100.548,13.7285],[100.549,13.7275],[100.55,13.728],[100.55,13.7295],[100.552,13.728],[100.5515,13.7315],[100.552,13.732],[100.5555,13.729],[100.558,13.7295],[100.5585,13.727],[100.56,13.727],[100.561,13.7255],[100.561,13.7235],[100.564,13.722],[100.563,13.7215],[100.564,13.721],[100.563,13.72],[100.564,13.7195],[100.564,13.7185],[100.563,13.7185],[100.5635,13.718],[100.563,13.7175],[100.5615,13.7175],[100.56,13.7155],[100.559,13.717],[100.5585,13.7165],[100.5595,13.715],[100.5585,13.714],[100.558,13.7165],[100.557,13.7145],[100.5545,13.7145],[100.554,13.713],[100.5525,13.7145],[100.552,13.717],[100.551,13.716],[100.55,13.7185],[100.5495,13.7175],[100.549,13.718],[100.548,13.7175],[100.5465,13.721],[100.5455,13.7205]],[[100.5545,13.7285],[100.555,13.7285],[100.5545,13.7285]],[[100.5545,13.727],[100.5545,13.726],[100.5545,13.727]],[[100.553,13.725],[100.5535,13.723],[100.555,13.7225],[100.555,13.7235],[100.5535,13.724],[100.554,13.725],[100.553,13.725]],[[100.554,13.7215]],[[100.554,13.72]],[[100.555,13.7175],[100.554,13.717],[100.555,13.717],[100.5545,13.7165],[100.555,13.716],[100.555,13.7175]],[[100.551,13.721],[100.551,13.7205],[100.551,13.721]],[[100.548,13.726],[100.5465,13.7265],[100.548,13.7255],[100.548,13.726]],[[100.549,13.722],[100.548,13.7205],[100.5485,13.721],[100.549,13.7205],[100.549,13.722]],[[100.547,13.724],[100.5465,13.724],[100.547,13.7235],[100.547,13.724]],[[100.5475,13.722],[100.547,13.722],[100.5475,13.721],[100.5475,13.722]],[[100.5465,13.721]],[[100.548,13.7195],[100.5485,13.7195],[100.548,13.7195]],[[100.55,13.727]],[[100.5505,13.7255],[100.551,13.7255],[100.5505,13.7255]],[[100.549,13.725],[100.5495,13.725],[100.5495,13.7255],[100.549,13.7255],[100.549,13.725]],[[100.549,13.7225]],[[100.5495,13.7235]],[[100.551,13.7205]],[[100.551,13.72],[100.551,13.7195],[100.551,13.72]],[[100.552,13.7255],[100.5515,13.725],[100.5525,13.725],[100.552,13.7255]],[[100.5525,13.724],[100.5525,13.7235],[100.5525,13.724]],[[100.5535,13.7215]],[[100.556,13.7275],[100.5555,13.726],[100.557,13.7265],[100.556,13.7275]],[[100.556,13.724],[100.556,13.7235],[100.556,13.724]],[[100.556,13.719],[100.5555,13.719],[100.556,13.719]],[[100.555,13.721],[100.555,13.7215],[100.555,13.721]],[[100.5555,13.718],[100.555,13.718],[100.5555,13.718]],[[100.555,13.72]],[[100.556,13.716]],[[100.5595,13.725],[100.558,13.725],[100.558,13.7235],[100.5595,13.7235],[100.5595,13.725]],[[100.5585,13.7225]],[[100.561,13.7225]],[[100.561,13.7205],[100.561,13.721],[100.5605,13.721],[100.561,13.7205]],[[100.5615,13.7195],[100.5615,13.72],[100.5615,13.7195]]]}},{"type":"Feature","properties":{"station":"Khlong Toei","line":"","band":"10"},"geometry":{"type":"Polygon","coordinates":[[[100.5495,13.7205],[100.549,13.7225],[100.548,13.7225],[100.5485,13.7235],[100.547,13.725],[100.5485,13.726],[100.5495,13.725],[100.5505,13.7265],[100.551,13.726],[100.5505,13.725],[100.5525,13.725],[100.5525,13.729],[100.5545,13.7275],[100.5545,13.726],[100.555,13.727],[100.5555,13.7255],[100.5565,13.726],[100.558,13.7255],[100.558,13.7235],[100.559,13.723],[100.5585,13.7225],[100.56,13.723],[100.561,13.72],[100.559,13.719],[100.558,13.717],[100.556,13.719],[100.555,13.7185],[100.5555,13.7175],[100.5535,13.7165],[100.5525,13.717],[100.5515,13.72],[100.5505,13.72],[100.5505,13.7215],[100.5495,13.7205]],[[100.553,13.725],[100.5535,13.723],[100.555,13.7225],[100.555,13.7235],[100.5535,13.724],[100.554,13.725],[100.553,13.725]],[[100.5525,13.724],[100.5525,13.7235],[100.5525,13.7245],[100.5525,13.724]],[[100.5495,13.7235]],[[100.551,13.721]],[[100.551,13.7205]],[[100.549,13.7225]],[[100.5535,13.7215]],[[100.554,13.72]],[[100.554,13.7215]],[[100.5565,13.7235],[100.556,13.724],[100.556,13.7235],[100.5565,13.7235]],[[100.555,13.721],[100.555,13.7215],[100.555,13.721]],[[100.555,13.72]]]}},{"type":"Feature","properties":{"station":"Khu Bon","line":"MRT","band":"15"},"geometry":{"type":"Polygon","coordinates":[[[100.652,13.842],[100.653,13.841],[100.652,13.8405],[100.6495,13.8455],[100.65,13.846],[100.653,13.8455],[100.653,13.847],[100.657,13.8445],[100.659,13.845],[100.6595,13.844],[100.6575,13.8425],[100.659,13.843],[100.6595,13.8425],[100.6575,13.842],[100.6605,13.84],[100.66,13.8425],[100.6625,13.843],[100.661,13.8435],[100.664,13.8465],[100.665,13.843],[100.665,13.844],[100.6665,13.8435],[100.666,13.8415],[100.668,13.839],[100.667,13.838],[100.668,13.8375],[100.6665,13.8365],[100.6675,13.8345],[100.666,13.834],[100.6655,13.835],[100.665,13.8345],[100.664,13.8355],[100.6625,13.8355],[100.66,13.8325],[100.659,13.8355],[100.6575,13.8355],[100.6585,13.8365],[100.658,13.838],[100.6565,13.838],[100.6565,13.839],[100.6575,13.8395],[100.657,13.841],[100.653,13.8425],[100.652,13.842]],[[100.661,13.8415]],[[100.6615,13.8375],[100.661,13.837],[100.6615,13.8375]],[[100.656,13.8425],[100.657,13.8425],[100.657,13.843],[100.656,13.8425]],[[100.653,13.843],[100.6515,13.843],[100.653,13.843]],[[100.654,13.8425]],[[100.658,13.8405]],[[100.6595,13.8385],[100.66,13.8385],[100.6595,13.8385]],[[100.66,13.837],[100.659,13.8375],[100.66,13.8365],[100.66,13.837]],[[100.66,13.8355]],[[100.659,13.8395]],[[100.664,13.8365]],[[100.6615,13.8415],[100.662,13.842],[100.6615,13.8415]],[[100.6645,13.8425]],[[100.665,13.841],[100.6645,13.8405],[100.665,13.8405],[100.665,13.841]],[[100.6655,13.8365]],[[100.667,13.839],[100.666,13.839],[100.667,13.839]],[[100.666,13.8375],[100.6665,13.8375],[100.666,13.8375]],[[100.6665,13.84]]]}},{"type":"Feature","properties":{"station":"Khu Bon","line":"MRT","band":"10"},"geometry":{"type":"Polygon","coordinates":[[[100.66,13.84],[100.654,13.843],[100.6535,13.8425],[100.6525,13.844],[100.654,13.8445],[100.654,13.8435],[100.655,13.8445],[100.659,13.845],[100.6595,13.844],[100.6575,13.8425],[100.659,13.843],[100.6595,13.8425],[100.6575,13.842],[100.6605,13.84],[100.661,13.8415],[100.663,13.843],[100.6635,13.842],[100.663,13.841],[100.665,13.8415],[100.664,13.8395],[100.665,13.84],[100.6655,13.8395],[100.6645,13.839],[100.665,13.8365],[100.662,13.837],[100.662,13.836],[100.661,13.836],[100.6615,13.8375],[100.661,13.8385],[100.66,13.8385],[100.66,13.84]],[[100.656,13.8425],[100.657,13.8425],[100.657,13.843],[100.656,13.8425]]]}},{"type":"Feature","properties":{"station":"Khu Khot","line":"","band":"15"},"geometry":{"type":"Polygon","coordinates":[[[100.637,13.931],[100.636,13.9315],[100.6425,13.933],[100.6405,13.9355],[100.641,13.9365],[100.64,13.9365],[100.6405,13.9375],[100.6415,13.9375],[100.642,13.9395],[100.644,13.937],[100.644,13.936],[100.6425,13.936],[100.642,13.935],[100.6455,13.935],[100.645,13.9335],[100.6455,13.933],[100.6525,13.934],[100.6555,13.9335],[100.6565,13.932],[100.654,13.9315],[100.6535,13.9305],[100.6515,13.932],[100.651,13.9315],[100.649,13.932],[100.6495,13.9315],[100.649,13.931],[100.648,13.932],[100.648,13.931],[100.647,13.9315],[100.6475,13.932],[100.646,13.9315],[100.64,13.932],[100.637,13.931]],[[100.643,13.9335],[100.644,13.933],[100.6445,13.9335],[100.643,13.9335]],[[100.649,13.933],[100.65,13.933],[100.649,13.933]],[[100.6525,13.933],[100.6525,13.9325],[100.653,13.9325],[100.653,13.933],[100.6525,13.933]]]}},{"type":"Feature","properties":{"station":"Khu Khot","line":"","band":"10"},"geometry":{"type":"Polygon","coordinates":[[[100.6395,13.933],[100.6425,13.933],[100.641,13.934],[100.642,13.936],[100.6425,13.9355],[100.642,13.934],[100.6435,13.933],[100.6505,13.9335],[100.652,13.933],[100.6525,13.9315],[100.6505,13.932],[100.645,13.9315],[100.6395,13.933]],[[100.65,13.933],[100.649,13.933],[100.65,13.933]]]}},{"type":"Feature","properties":{"station":"Krung Thon Buri","line":"BTS","band":"15"},"geometry":{"type":"Polygon","coordinates":[[[100.494,13.718],[100.491,13.7205],[100.493,13.7215],[100.4925,13.7225],[100.4935,13.7225],[100.4955,13.725],[100.499,13.725],[100.4985,13.726],[100.4995,13.7275],[100.5025,13.7275],[100.502,13.7255],[100.504,13.726],[100.5035,13.725],[100.501,13.7245],[100.5015,13.724],[100.5025,13.7245],[100.5075,13.724],[100.509,13.7265],[100.5105,13.7255],[100.512,13.7225],[100.5115,13.7215],[100.5105,13.7215],[100.5115,13.72],[100.5105,13.718],[100.5095,13.718],[100.51,13.717],[100.509,13.717],[100.51,13.716],[100.509,13.7165],[100.509,13.7155],[100.507,13.7145],[100.5065,13.715],[100.5065,13.714],[100.504,13.714],[100.504,13.716],[100.5035,13.7145],[100.5025,13.714],[100.502,13.715],[100.501,13.7135],[100.499,13.7155],[100.496,13.7145],[100.4945,13.717],[100.496,13.7175],[100.495,13.7175],[100.4955,13.7185],[100.494,13.718]],[[100.502,13.7225]],[[100.502,13.7165],[100.5035,13.716],[100.5035,13.717],[100.502,13.7165]],[[100.499,13.7185],[100.499,13.718],[100.499,13.7185]],[[100.497,13.72],[100.497,13.7195],[100.4975,13.72],[100.497,13.72]],[[100.4975,13.7175],[100.497,13.718],[100.4975,13.7175]],[[100.4975,13.717]],[[100.4965,13.7165],[100.4965,13.716],[100.497,13.7165],[100.4965,13.7165]],[[100.4945,13.7225],[100.4935,13.722],[100.4945,13.722],[100.4945,13.7225]],[[100.496,13.718]],[[100.4975,13.724],[100.497,13.7235],[100.4975,13.7235],[100.4975,13.724]],[[100.497,13.722]],[[100.4975,13.72],[100.499,13.719],[100.499,13.72],[100.4975,13.72]],[[100.498,13.7165],[100.4985,13.716],[100.4985,13.7165],[100.498,13.7165]],[[100.499,13.717]],[[100.5005,13.7225],[100.501,13.7225],[100.5005,13.7225]],[[100.5015,13.72],[100.5005,13.7205],[100.5015,13.72]],[[100.501,13.7175]],[[100.5005,13.7165],[100.5,13.716],[100.5005,13.7155],[100.5005,13.7165]],[[100.5,13.723],[100.4995,13.7225],[100.4995,13.722],[100.5,13.723]],[[100.499,13.7235]],[[100.4995,13.725],[100.4995,13.7255],[100.4995,13.725]],[[100.5015,13.7265],[100.5015,13.726],[100.5015,13.7265]],[[100.507,13.7185],[100.5075,13.7185],[100.507,13.7185]],[[100.507,13.718],[100.507,13.7175],[100.507,13.718]],[[100.505,13.7195],[100.5045,13.7195],[100.505,13.7195]],[[100.5055,13.718],[100.504,13.7185],[100.5035,13.718],[100.504,13.7175],[100.5055,13.718]],[[100.5035,13.723]],[[100.506,13.7205]],[[100.5065,13.717],[100.506,13.717],[100.5065,13.7165],[100.5065,13.717]],[[100.5055,13.7195]],[[100.5095,13.72],[100.509,13.72],[100.5105,13.7195],[100.5095,13.72]],[[100.5085,13.718],[100.5085,13.7185],[100.5085,13.718]],[[100.51,13.7185],[100.5095,13.719],[100.5095,13.7185],[100.51,13.7185]]]}},{"type":"Feature","properties":{"station":"Krung Thon Buri","line":"BTS","band":"10"},"geometry":{"type":"Polygon","coordinates":[[[100.496,13.7195],[100.4945,13.721],[100.496,13.7225],[100.497,13.722],[100.4975,13.7235],[100.499,13.7235],[100.5,13.7255],[100.5015,13.724],[100.5025,13.7245],[100.5065,13.7235],[100.508,13.724],[100.5085,13.723],[100.5095,13.723],[100.51,13.721],[100.509,13.7185],[100.508,13.7175],[100.507,13.718],[100.505,13.716],[100.5035,13.717],[100.501,13.7165],[100.5,13.7155],[100.498,13.7155],[100.4985,13.7165],[100.497,13.718],[100.4975,13.7195],[100.499,13.719],[100.499,13.72],[100.496,13.7195]],[[100.502,13.7225]],[[100.5005,13.7225],[100.501,13.7225],[100.5005,13.7225]],[[100.499,13.7185],[100.499,13.718],[100.499,13.7185]],[[100.4985,13.7175],[100.4985,13.717],[100.4985,13.7175]],[[100.499,13.717]],[[100.498,13.7185],[100.4985,13.7185],[100.4975,13.7185],[100.498,13.7185]],[[100.5,13.723],[100.4995,13.7225],[100.4995,13.722],[100.5,13.723]],[[100.499,13.7235]],[[100.5015,13.72],[100.5005,13.7205],[100.5015,13.72]],[[100.501,13.7175]],[[100.5065,13.72]],[[100.507,13.7185],[100.5075,13.7185],[100.507,13.7185]],[[100.505,13.7195],[100.5045,13.7195],[100.505,13.7195]],[[100.5055,13.718],[100.504,13.7185],[100.5035,13.718],[100.505,13.7175],[100.5055,13.718]],[[100.5035,13.723]],[[100.506,13.7205]],[[100.5055,13.7195]],[[100.507,13.7205],[100.508,13.72],[100.507,13.7205]],[[100.508,13.721],[100.5085,13.721],[100.508,13.721]]]}},{"type":"Feature","properties":{"station":"Lak Hok (Rangsit U.)","line":"SRT Red","band":"15"},"geometry":{"type":"Polygon","coordinates":[[[100.601,13.9625],[100.5995,13.963],[100.5995,13.964],[100.602,13.9635],[100.6015,13.964],[100.602,13.965],[100.598,13.964],[100.5975,13.966],[100.5995,13.967],[100.599,13.9675],[100.5975,13.9665],[100.597,13.968],[100.5985,13.9685],[100.598,13.9695],[100.6,13.97],[100.6005,13.969],[100.6015,13.9695],[100.601,13.973],[100.604,13.976],[100.605,13.969],[100.606,13.969],[100.6055,13.968],[100.609,13.968],[100.6095,13.9675],[100.609,13.967],[100.61,13.9675],[100.6085,13.966],[100.6075,13.967],[100.6055,13.9665],[100.6065,13.956],[100.605,13.957],[100.6055,13.9575],[100.605,13.9615],[100.6045,13.962],[100.6035,13.9615],[100.6035,13.958],[100.5995,13.961],[100.601,13.9625]],[[100.603,13.974],[100.603,13.973],[100.603,13.974]],[[100.6035,13.9725],[100.603,13.972],[100.603,13.9715],[100.6035,13.972],[100.6035,13.9725]],[[100.604,13.9695],[100.602,13.9685],[100.6045,13.9685],[100.604,13.9695]],[[100.6025,13.9665]],[[100.603,13.9655],[100.6025,13.9655],[100.6025,13.965],[100.603,13.9655]],[[100.605,13.9645],[100.603,13.9645],[100.605,13.9645]],[[100.6015,13.9725],[100.602,13.9725],[100.6015,13.9725]],[[100.602,13.9705],[100.602,13.972],[100.6015,13.972],[100.602,13.9705]],[[100.602,13.97],[100.6025,13.97],[100.602,13.97]],[[100.6015,13.967],[100.601,13.967],[100.6015,13.967]],[[100.6005,13.966]],[[100.6035,13.9715],[100.6035,13.971],[100.604,13.9715],[100.6035,13.9715]],[[100.6045,13.9655],[100.604,13.9655],[100.6045,13.9655]],[[100.6045,13.9665],[100.604,13.966],[100.6045,13.966],[100.6045,13.9665]],[[100.603,13.9665]],[[100.605,13.9635],[100.604,13.964],[100.604,13.9635],[100.605,13.9635]]]}},{"type":"Feature","properties":{"station":"Lak Hok (Rangsit U.)","line":"SRT Red","band":"10"},"geometry":{"type":"Polygon","coordinates":[[[100.602,13.9625],[100.601,13.9635],[100.602,13.9635],[100.6015,13.964],[100.602,13.9665],[100.6005,13.966],[100.6005,13.965],[100.599,13.9665],[100.5995,13.9675],[100.6015,13.967],[100.6025,13.9685],[100.6045,13.9685],[100.604,13.9695],[100.602,13.969],[100.6025,13.971],[100.604,13.9715],[100.603,13.972],[100.604,13.972],[100.605,13.9675],[100.607,13.9675],[100.6055,13.9665],[100.606,13.959],[100.605,13.9615],[100.604,13.962],[100.6045,13.9625],[100.6035,13.963],[100.603,13.9615],[100.602,13.9625]],[[100.605,13.9645],[100.603,13.9645],[100.605,13.9645]],[[100.6035,13.9635],[100.604,13.9635],[100.605,13.9635],[100.605,13.964],[100.6035,13.9635]],[[100.603,13.9665]],[[100.603,13.9655],[100.6025,13.965],[100.603,13.9655]],[[100.6025,13.9665]],[[100.6045,13.9655],[100.604,13.9655],[100.6045,13.9655]],[[100.6045,13.9665],[100.604,13.966],[100.6045,13.966],[100.6045,13.9665]]]}},{"type":"Feature","properties":{"station":"Lak Si","line":"SRT Red","band":"15"},"geometry":{"type":"Polygon","coordinates":[[[100.5745,13.883],[100.5735,13.8835],[100.574,13.886],[100.5725,13.889],[100.573,13.89],[100.574,13.8895],[100.574,13.8905],[100.5745,13.889],[100.5745,13.8905],[100.5765,13.89],[100.578,13.893],[100.5795,13.893],[100.5805,13.8945],[100.5815,13.895],[100.582,13.894],[100.584,13.8955],[100.5845,13.895],[100.585,13.896],[100.587,13.8955],[100.588,13.8965],[100.588,13.8935],[100.5865,13.8915],[100.589,13.89],[100.588,13.889],[100.59,13.889],[100.5905,13.8875],[100.5895,13.8875],[100.5895,13.8855],[100.588,13.8855],[100.589,13.885],[100.59,13.8855],[100.591,13.8825],[100.5895,13.881],[100.591,13.8805],[100.5915,13.8785],[100.5895,13.8785],[100.5885,13.8795],[100.5875,13.8775],[100.587,13.878],[100.5865,13.877],[100.584,13.877],[100.5835,13.8775],[100.5845,13.8785],[100.5835,13.878],[100.584,13.879],[100.5825,13.8795],[100.5815,13.881],[100.581,13.88],[100.582,13.88],[100.581,13.879],[100.5815,13.8785],[100.5795,13.877],[100.5785,13.8775],[100.578,13.8765],[100.5765,13.8775],[100.577,13.8785],[100.5755,13.879],[100.576,13.88],[100.575,13.8805],[100.5755,13.8825],[100.5745,13.883]],[[100.5815,13.887],[100.581,13.8865],[100.581,13.8855],[100.5815,13.887]],[[100.581,13.88],[100.58,13.88],[100.5805,13.88],[100.581,13.88]],[[100.5775,13.89]],[[100.5775,13.889],[100.5775,13.8885],[100.578,13.8885],[100.5775,13.889]],[[100.5785,13.8845],[100.579,13.8845],[100.579,13.885],[100.5785,13.8845]],[[100.578,13.883],[100.578,13.8835],[100.578,13.883]],[[100.576,13.885],[100.575,13.8855],[100.575,13.885],[100.5755,13.885],[100.576,13.885]],[[100.5755,13.8835],[100.5755,13.884],[100.5755,13.8835]],[[100.5765,13.8835],[100.577,13.8835],[100.5775,13.8845],[100.577,13.8845],[100.5765,13.8835]],[[100.5765,13.8825],[100.576,13.8825],[100.5765,13.8825]],[[100.576,13.8815],[100.576,13.881],[100.5765,13.881],[100.576,13.8815]],[[100.5745,13.8845],[100.5745,13.884],[100.5745,13.8845]],[[100.574,13.8865],[100.5745,13.8865],[100.5745,13.8875],[100.574,13.8865]],[[100.5745,13.889]],[[100.5765,13.8865],[100.577,13.886],[100.5765,13.8865]],[[100.5775,13.88],[100.5775,13.879],[100.5775,13.8795],[100.5775,13.88]],[[100.58,13.879],[100.5805,13.879],[100.58,13.879]],[[100.5795,13.8785],[100.579,13.8785],[100.58,13.878],[100.5795,13.8785]],[[100.58,13.878]],[[100.5785,13.89],[100.5785,13.8895],[100.579,13.89],[100.5785,13.89]],[[100.579,13.8825]],[[100.5805,13.888],[100.5805,13.8885],[100.5805,13.888]],[[100.5845,13.8935],[100.584,13.893],[100.5855,13.893],[100.5845,13.8935]],[[100.585,13.888],[100.5855,13.888],[100.585,13.888]],[[100.5855,13.885],[100.585,13.885],[100.585,13.8845],[100.5855,13.8845],[100.5855,13.885]],[[100.585,13.8835],[100.585,13.883],[100.5855,13.883],[100.5855,13.8835],[100.585,13.8835]],[[100.5855,13.8815],[100.5845,13.8815],[100.5845,13.881],[100.5855,13.881],[100.5855,13.8815]],[[100.5835,13.891],[100.583,13.8905],[100.5835,13.89],[100.5835,13.891]],[[100.5835,13.8855]],[[100.584,13.885],[100.5835,13.884],[100.584,13.8835],[100.584,13.885]],[[100.583,13.883],[100.5835,13.8815],[100.584,13.8825],[100.583,13.883]],[[100.5825,13.892]],[[100.5825,13.89],[100.5825,13.889],[100.5825,13.89]],[[100.5815,13.888],[100.582,13.8875],[100.5825,13.888],[100.582,13.8885],[100.5815,13.888]],[[100.584,13.8855],[100.5845,13.8855],[100.5845,13.886],[100.584,13.8855]],[[100.585,13.88],[100.5845,13.8795],[100.5855,13.88],[100.585,13.88]],[[100.5845,13.8805],[100.584,13.8805],[100.5845,13.8805]],[[100.585,13.886],[100.585,13.8865],[100.585,13.886]],[[100.5845,13.8875]],[[100.586,13.89]],[[100.5875,13.8825],[100.5865,13.8825],[100.5865,13.882],[100.587,13.882],[100.5875,13.8825]],[[100.586,13.881]],[[100.5855,13.8955],[100.5855,13.895],[100.586,13.895],[100.5855,13.8955]],[[100.5885,13.882],[100.588,13.8815],[100.5885,13.882]],[[100.5875,13.879],[100.5875,13.8785],[100.588,13.8795],[100.5875,13.879]],[[100.5895,13.8835],[100.589,13.8835],[100.5895,13.8835]],[[100.589,13.887],[100.589,13.8865],[100.589,13.887]]]}},{"type":"Feature","properties":{"station":"Lak Si","line":"SRT Red","band":"10"},"geometry":{"type":"Polygon","coordinates":[[[100.5775,13.882],[100.577,13.8825],[100.5775,13.8845],[100.576,13.8855],[100.5755,13.888],[100.578,13.8885],[100.5775,13.89],[100.5785,13.8895],[100.58,13.8905],[100.5795,13.8915],[100.5815,13.8915],[100.5825,13.8925],[100.583,13.8915],[100.5835,13.893],[100.584,13.8925],[100.5855,13.893],[100.586,13.89],[100.587,13.889],[100.5865,13.885],[100.585,13.8845],[100.5875,13.885],[100.588,13.884],[100.5865,13.882],[100.588,13.8825],[100.5885,13.8805],[100.587,13.8805],[100.586,13.8795],[100.585,13.88],[100.584,13.879],[100.5815,13.881],[100.581,13.88],[100.5795,13.8795],[100.579,13.8805],[100.578,13.8795],[100.5785,13.881],[100.5775,13.882],[100.578,13.8835],[100.5775,13.882]],[[100.5815,13.888],[100.582,13.8875],[100.5825,13.888],[100.582,13.8885],[100.5815,13.888]],[[100.5815,13.887],[100.581,13.8865],[100.581,13.8855],[100.5815,13.887]],[[100.5785,13.8845],[100.579,13.8845],[100.579,13.885],[100.5785,13.8845]],[[100.579,13.8825]],[[100.5765,13.8865],[100.577,13.886],[100.5765,13.8865]],[[100.5805,13.888],[100.5805,13.8885],[100.5805,13.888]],[[100.5835,13.891],[100.583,13.8905],[100.5835,13.89],[100.5835,13.891]],[[100.5845,13.886],[100.584,13.8855],[100.5845,13.886]],[[100.584,13.885],[100.5835,13.884],[100.584,13.8835],[100.584,13.885]],[[100.583,13.883],[100.5835,13.8815],[100.584,13.8825],[100.583,13.883]],[[100.5845,13.8805],[100.584,13.8805],[100.5845,13.8805]],[[100.5825,13.89],[100.5825,13.889],[100.5825,13.89]],[[100.5835,13.8855]],[[100.5845,13.8875]],[[100.585,13.886]],[[100.585,13.8835],[100.585,13.883],[100.5855,13.883],[100.5855,13.8835],[100.585,13.8835]],[[100.5855,13.8815],[100.5845,13.8815],[100.5845,13.881],[100.5855,13.881],[100.5855,13.8815]],[[100.5855,13.881],[100.5855,13.8805],[100.586,13.881],[100.5855,13.881]],[[100.585,13.888],[100.5855,13.888],[100.585,13.888]]]}},{"type":"Feature","properties":{"station":"Lak Song","line":"","band":"15"},"geometry":{"type":"Polygon","coordinates":[[[100.406,13.7035],[100.4055,13.7055],[100.4045,13.705],[100.404,13.7055],[100.4055,13.706],[100.406,13.71],[100.408,13.7115],[100.406,13.714],[100.4065,13.715],[100.407,13.7135],[100.406,13.7165],[100.4075,13.7165],[100.407,13.7185],[100.408,13.72],[100.409,13.7195],[100.4095,13.7165],[100.411,13.716],[100.41,13.717],[100.411,13.7175],[100.4115,13.719],[100.4125,13.716],[100.413,13.7165],[100.415,13.716],[100.4155,13.715],[100.4165,13.716],[100.418,13.714],[100.4175,13.7125],[100.4185,13.713],[100.4205,13.712],[100.4185,13.71],[100.4175,13.711],[100.418,13.7095],[100.4165,13.71],[100.4175,13.7085],[100.417,13.7075],[100.4155,13.708],[100.416,13.709],[100.4155,13.71],[100.415,13.7075],[100.416,13.7075],[100.4155,13.7065],[100.4135,13.709],[100.4135,13.707],[100.412,13.707],[100.412,13.7055],[100.4115,13.7065],[100.407,13.7055],[100.4075,13.703],[100.407,13.7025],[100.406,13.7035]],[[100.411,13.7155],[100.411,13.715],[100.411,13.7155]],[[100.4115,13.71]],[[100.412,13.7085],[100.412,13.708],[100.412,13.7085]],[[100.4085,13.7175],[100.4085,13.718],[100.4085,13.7175]],[[100.4075,13.716],[100.4075,13.7155],[100.4075,13.716]],[[100.409,13.709],[100.408,13.7075],[100.4085,13.7065],[100.41,13.707],[100.4095,13.7095],[100.409,13.709]],[[100.408,13.709],[100.4075,13.7085],[100.408,13.7085],[100.408,13.709]],[[100.407,13.7065],[100.408,13.7065],[100.4075,13.707],[100.407,13.7065]],[[100.407,13.7075]],[[100.4075,13.713],[100.408,13.7125],[100.408,13.715],[100.4075,13.713]],[[100.4105,13.709]],[[100.414,13.7135],[100.4135,13.712],[100.414,13.7135]],[[100.412,13.7125],[100.4125,13.713],[100.412,13.713],[100.412,13.7125]],[[100.4125,13.7115],[100.412,13.7115],[100.4125,13.7115]],[[100.411,13.7115]],[[100.413,13.712]],[[100.4135,13.7155],[100.413,13.7155],[100.4135,13.7155]],[[100.413,13.715]],[[100.416,13.7125],[100.416,13.713],[100.416,13.7125]],[[100.4175,13.712]]]}},{"type":"Feature","properties":{"station":"Lak Song","line":"","band":"10"},"geometry":{"type":"Polygon","coordinates":[[[100.4065,13.707],[100.406,13.71],[100.408,13.7115],[100.406,13.714],[100.4065,13.715],[100.407,13.7135],[100.407,13.715],[100.406,13.715],[100.406,13.716],[100.409,13.7175],[100.4095,13.7165],[100.411,13.716],[100.411,13.715],[100.412,13.7165],[100.4125,13.715],[100.413,13.7155],[100.4135,13.712],[100.4145,13.714],[100.417,13.712],[100.4155,13.709],[100.414,13.709],[100.414,13.708],[100.4135,13.709],[100.4135,13.707],[100.412,13.707],[100.412,13.7055],[100.4115,13.7065],[100.41,13.7065],[100.409,13.7095],[100.4085,13.708],[100.4065,13.707]],[[100.4105,13.709]],[[100.408,13.715],[100.4075,13.715],[100.408,13.7125],[100.408,13.715]],[[100.4075,13.709],[100.408,13.7085],[100.408,13.709],[100.4075,13.709]],[[100.4075,13.7155],[100.4075,13.716],[100.4075,13.7155]],[[100.412,13.7115],[100.4125,13.7115],[100.412,13.7115]],[[100.4115,13.71]],[[100.412,13.708],[100.412,13.7085],[100.412,13.708]],[[100.411,13.7115]],[[100.413,13.712]],[[100.412,13.713],[100.4125,13.7125],[100.4125,13.713],[100.412,13.713]]]}},{"type":"Feature","properties":{"station":"Lake Muang Thong Thani","line":"MRT","band":"15"},"geometry":{"type":"Polygon","coordinates":[[[100.5415,13.9135],[100.5395,13.914],[100.5385,13.9165],[100.539,13.921],[100.541,13.9195],[100.542,13.9205],[100.543,13.9195],[100.542,13.9185],[100.5435,13.918],[100.544,13.921],[100.5435,13.923],[100.545,13.923],[100.5435,13.925],[100.5415,13.9255],[100.5435,13.926],[100.5425,13.9275],[100.546,13.9275],[100.5455,13.9265],[100.5465,13.925],[100.5485,13.927],[100.5485,13.926],[100.5465,13.924],[100.548,13.9225],[100.549,13.9235],[100.5485,13.922],[100.5495,13.923],[100.551,13.92],[100.55,13.9195],[100.552,13.9185],[100.5525,13.919],[100.552,13.917],[100.554,13.9155],[100.5505,13.9135],[100.5495,13.914],[100.5505,13.916],[100.5495,13.916],[100.5475,13.911],[100.547,13.912],[100.548,13.9145],[100.546,13.9145],[100.545,13.9115],[100.546,13.9115],[100.546,13.9105],[100.5445,13.9105],[100.5445,13.9095],[100.5415,13.9115],[100.542,13.9125],[100.541,13.913],[100.5415,13.9135]],[[100.546,13.9245],[100.545,13.926],[100.546,13.9245]],[[100.546,13.918],[100.546,13.9175],[100.546,13.9185],[100.546,13.918]],[[100.5445,13.913],[100.543,13.9125],[100.543,13.9115],[100.5445,13.913]],[[100.5415,13.9185]],[[100.5445,13.9205],[100.5445,13.918],[100.5455,13.9205],[100.5445,13.9205]],[[100.549,13.921],[100.5475,13.9195],[100.5485,13.919],[100.549,13.921]],[[100.549,13.917],[100.5485,13.917],[100.549,13.917]],[[100.5475,13.917],[100.5475,13.9185],[100.547,13.9185],[100.547,13.9175],[100.5475,13.917]],[[100.548,13.916],[100.547,13.9165],[100.5465,13.9155],[100.548,13.916]],[[100.5485,13.918]],[[100.55,13.9175],[100.5495,13.918],[100.5495,13.9175],[100.55,13.9175]],[[100.5495,13.9195]],[[100.55,13.919],[100.55,13.9185],[100.55,13.919]]]}},{"type":"Feature","properties":{"station":"Lake Muang Thong Thani","line":"MRT","band":"10"},"geometry":{"type":"Polygon","coordinates":[[[100.544,13.913],[100.543,13.914],[100.5435,13.915],[100.5425,13.9145],[100.5425,13.9165],[100.54,13.9175],[100.54,13.9185],[100.5435,13.918],[100.544,13.921],[100.5435,13.923],[100.545,13.923],[100.5445,13.925],[100.5455,13.9245],[100.547,13.925],[100.5465,13.921],[100.5475,13.9195],[100.549,13.9195],[100.5485,13.917],[100.5505,13.9165],[100.5485,13.915],[100.548,13.9155],[100.5485,13.916],[100.547,13.9165],[100.5465,13.9155],[100.549,13.915],[100.5485,13.914],[100.546,13.9145],[100.545,13.913],[100.544,13.913]],[[100.546,13.918],[100.546,13.9175],[100.546,13.9185],[100.546,13.918]],[[100.5445,13.9205],[100.5445,13.918],[100.5455,13.9205],[100.5445,13.9205]],[[100.543,13.9155],[100.5435,13.9155],[100.5435,13.916],[100.5435,13.9165],[100.543,13.9155]],[[100.547,13.9185],[100.547,13.9175],[100.5475,13.917],[100.5475,13.9185],[100.547,13.9185]],[[100.5485,13.918]]]}},{"type":"Feature","properties":{"station":"Lat Krabang","line":"ARL","band":"15"},"geometry":{"type":"Polygon","coordinates":[[[100.7415,13.7255],[100.7425,13.7275],[100.743,13.7265],[100.746,13.7265],[100.7455,13.7285],[100.7415,13.7285],[100.7415,13.7275],[100.741,13.7285],[100.74,13.7275],[100.7375,13.7295],[100.7465,13.7285],[100.751,13.7295],[100.7585,13.73],[100.7595,13.7295],[100.755,13.728],[100.754,13.729],[100.7545,13.7265],[100.7555,13.727],[100.7555,13.726],[100.7535,13.724],[100.753,13.7255],[100.752,13.725],[100.7525,13.7245],[100.752,13.724],[100.7515,13.7245],[100.7475,13.724],[100.747,13.725],[100.7465,13.724],[100.746,13.7255],[100.7415,13.7255]],[[100.7505,13.7285],[100.75,13.728],[100.751,13.728],[100.7505,13.7285]],[[100.749,13.7245],[100.749,13.725],[100.749,13.7255],[100.749,13.7245]],[[100.753,13.728]],[[100.753,13.7265],[100.7515,13.7265],[100.753,13.7265]],[[100.7515,13.727],[100.7515,13.7275],[100.7515,13.727]]]}},{"type":"Feature","properties":{"station":"Lat Krabang","line":"ARL","band":"10"},"geometry":{"type":"Polygon","coordinates":[[[100.746,13.7245],[100.746,13.7255],[100.745,13.726],[100.746,13.7265],[100.7455,13.7285],[100.7415,13.7285],[100.7415,13.7295],[100.7465,13.7285],[100.751,13.7295],[100.756,13.7295],[100.754,13.729],[100.7535,13.727],[100.753,13.728],[100.7495,13.7275],[100.751,13.726],[100.75,13.725],[100.749,13.7255],[100.749,13.724],[100.7475,13.724],[100.747,13.725],[100.747,13.724],[100.746,13.7245]],[[100.751,13.728],[100.7505,13.7285],[100.75,13.728],[100.751,13.728]]]}},{"type":"Feature","properties":{"station":"Lat Phrao","line":"","band":"15"},"geometry":{"type":"Polygon","coordinates":[[[100.565,13.807],[100.5635,13.8075],[100.564,13.8085],[100.5625,13.8105],[100.5635,13.811],[100.5625,13.8115],[100.5635,13.8115],[100.5635,13.8125],[100.565,13.8125],[100.5645,13.8115],[100.5655,13.811],[100.5655,13.812],[100.5675,13.8125],[100.5675,13.811],[100.569,13.8115],[100.5685,13.8125],[100.569,13.8125],[100.5675,13.8125],[100.5685,13.815],[100.57,13.8145],[100.5705,13.8155],[100.571,13.8145],[100.572,13.8145],[100.5715,13.8155],[100.5725,13.816],[100.574,13.8135],[100.5745,13.815],[100.5755,13.815],[100.576,13.8115],[100.5785,13.8115],[100.577,13.8105],[100.5775,13.809],[100.5785,13.8095],[100.579,13.809],[100.58,13.803],[100.58,13.8045],[100.581,13.805],[100.581,13.8035],[100.583,13.802],[100.583,13.801],[100.5815,13.8],[100.581,13.8015],[100.5805,13.8],[100.579,13.8015],[100.579,13.798],[100.578,13.7985],[100.578,13.7975],[100.577,13.798],[100.575,13.7975],[100.575,13.7965],[100.574,13.796],[100.5735,13.7975],[100.5725,13.7975],[100.5735,13.798],[100.5725,13.8],[100.571,13.8],[100.5705,13.8015],[100.568,13.8015],[100.5675,13.8025],[100.568,13.8025],[100.567,13.803],[100.5675,13.805],[100.5665,13.808],[100.5655,13.8065],[100.565,13.807]],[[100.5735,13.8095]],[[100.5735,13.8055]],[[100.5685,13.8105],[100.5685,13.81],[100.5695,13.81],[100.5695,13.8105],[100.569,13.81],[100.5685,13.8105]],[[100.566,13.81],[100.566,13.8095],[100.566,13.81]],[[100.566,13.8085],[100.5655,13.8085],[100.565,13.8085],[100.566,13.8085]],[[100.565,13.8095],[100.5645,13.8095],[100.565,13.8095]],[[100.569,13.8045]],[[100.5695,13.8075],[100.5695,13.808],[100.5695,13.8075]],[[100.571,13.814]],[[100.5705,13.8115],[100.571,13.8115],[100.5705,13.8115]],[[100.571,13.808],[100.5715,13.808],[100.571,13.808]],[[100.571,13.8055],[100.571,13.8065],[100.571,13.8055]],[[100.5705,13.804],[100.5705,13.8035],[100.5705,13.804]],[[100.572,13.8015]],[[100.5705,13.8085],[100.57,13.8085],[100.5705,13.8085]],[[100.5705,13.814],[100.571,13.814],[100.5705,13.814]],[[100.572,13.813],[100.572,13.8125],[100.572,13.813]],[[100.572,13.811],[100.5725,13.811],[100.572,13.811]],[[100.5725,13.81]],[[100.573,13.8055],[100.5725,13.805],[100.573,13.805],[100.573,13.8055]],[[100.5725,13.8035]],[[100.572,13.8075]],[[100.572,13.8055],[100.572,13.806],[100.572,13.8055]],[[100.5715,13.8095]],[[100.572,13.814],[100.572,13.8135],[100.572,13.814]],[[100.5745,13.8105],[100.574,13.81],[100.5745,13.8095],[100.5745,13.8105]],[[100.576,13.7985]],[[100.574,13.8095],[100.574,13.809],[100.574,13.808],[100.574,13.8095]],[[100.574,13.8045],[100.574,13.804],[100.574,13.8045]],[[100.5765,13.809]],[[100.577,13.8075],[100.5765,13.807],[100.576,13.807],[100.577,13.807],[100.577,13.8075]],[[100.5765,13.8035],[100.5765,13.804],[100.5765,13.8035]],[[100.5775,13.8015],[100.5775,13.802],[100.5775,13.8015]],[[100.576,13.808],[100.576,13.8085],[100.576,13.808]],[[100.576,13.807]],[[100.578,13.807],[100.578,13.8065],[100.578,13.807]],[[100.5785,13.803],[100.5785,13.8025],[100.5785,13.803]],[[100.5785,13.8015]],[[100.5795,13.802]]]}},{"type":"Feature","properties":{"station":"Lat Phrao","line":"","band":"10"},"geometry":{"type":"Polygon","coordinates":[[[100.5685,13.8045],[100.567,13.806],[100.5655,13.8105],[100.568,13.8115],[100.569,13.811],[100.57,13.813],[100.5705,13.812],[100.5715,13.8125],[100.573,13.812],[100.5735,13.8105],[100.573,13.8095],[100.5725,13.81],[100.574,13.808],[100.5745,13.8095],[100.574,13.811],[100.575,13.8115],[100.5765,13.81],[100.578,13.807],[100.5775,13.806],[100.5785,13.8055],[100.58,13.802],[100.5795,13.8025],[100.578,13.801],[100.5775,13.802],[100.577,13.801],[100.576,13.801],[100.576,13.8],[100.574,13.7995],[100.5735,13.8015],[100.572,13.802],[100.572,13.803],[100.5715,13.8025],[100.572,13.804],[100.5705,13.8045],[100.57,13.803],[100.569,13.804],[100.5695,13.8045],[100.5685,13.8045]],[[100.574,13.8045],[100.574,13.804],[100.574,13.8045]],[[100.5695,13.8105],[100.5685,13.81],[100.5685,13.811],[100.5685,13.81],[100.5695,13.8105]],[[100.5705,13.809],[100.57,13.8085],[100.5705,13.8085],[100.5705,13.809]],[[100.571,13.808],[100.5715,13.808],[100.571,13.808]],[[100.571,13.8055],[100.571,13.8065],[100.571,13.8055]],[[100.5695,13.8075],[100.5695,13.808],[100.5695,13.8075]],[[100.5715,13.8095]],[[100.573,13.8055],[100.5725,13.805],[100.573,13.805],[100.573,13.8055]],[[100.5725,13.8035]],[[100.571,13.8115],[100.5705,13.8115],[100.571,13.8115]],[[100.572,13.8055],[100.572,13.806],[100.572,13.8055]],[[100.572,13.8075]],[[100.5725,13.811],[100.572,13.811],[100.5725,13.811]],[[100.5735,13.8055]],[[100.576,13.807]],[[100.5765,13.807],[100.577,13.807],[100.577,13.8075],[100.5765,13.807]],[[100.5765,13.8035],[100.5765,13.804],[100.5765,13.8035]],[[100.576,13.808],[100.576,13.8085],[100.576,13.808]],[[100.5785,13.803],[100.5785,13.8025],[100.5785,13.803]]]}},{"type":"Feature","properties":{"station":"Lat Phrao 101","line":"MRT","band":"15"},"geometry":{"type":"Polygon","coordinates":[[[100.6245,13.772],[100.624,13.7715],[100.622,13.774],[100.621,13.777],[100.622,13.778],[100.62,13.78],[100.622,13.7795],[100.623,13.7805],[100.625,13.78],[100.626,13.781],[100.627,13.7805],[100.6265,13.78],[100.627,13.7795],[100.6265,13.784],[100.6275,13.781],[100.6305,13.785],[100.632,13.7835],[100.6315,13.7825],[100.6325,13.7815],[100.632,13.7795],[100.6335,13.7795],[100.634,13.7805],[100.634,13.7795],[100.635,13.7795],[100.636,13.7775],[100.6375,13.778],[100.6355,13.7765],[100.6365,13.7765],[100.636,13.776],[100.637,13.7725],[100.6375,13.7735],[100.6385,13.773],[100.638,13.7725],[100.639,13.7725],[100.638,13.771],[100.6385,13.77],[100.636,13.77],[100.6345,13.769],[100.6345,13.7675],[100.633,13.766],[100.6325,13.767],[100.6305,13.767],[100.63,13.766],[100.6295,13.767],[100.6265,13.768],[100.6245,13.772]],[[100.6295,13.781]],[[100.63,13.7805]],[[100.6295,13.774],[100.6295,13.7735],[100.6295,13.774]],[[100.6295,13.7725],[100.6295,13.7715],[100.6295,13.7725]],[[100.63,13.77],[100.6305,13.7675],[100.63,13.77]],[[100.628,13.7735],[100.627,13.774],[100.627,13.773],[100.6285,13.773],[100.628,13.7735]],[[100.6275,13.7705],[100.6285,13.7685],[100.628,13.768],[100.629,13.768],[100.6285,13.7705],[100.6275,13.7705]],[[100.627,13.7725]],[[100.625,13.7735],[100.625,13.773],[100.6255,13.773],[100.625,13.7735]],[[100.626,13.773],[100.626,13.774],[100.626,13.773]],[[100.6255,13.7705],[100.6255,13.772],[100.6255,13.7705]],[[100.626,13.7725]],[[100.625,13.7795],[100.6245,13.7795],[100.625,13.7795]],[[100.627,13.7715]],[[100.633,13.7775],[100.632,13.7775],[100.633,13.7775]],[[100.632,13.776],[100.6325,13.7755],[100.633,13.776],[100.632,13.776]],[[100.633,13.7735]],[[100.6305,13.781],[100.6315,13.781],[100.6305,13.781]],[[100.631,13.771],[100.632,13.771],[100.631,13.771]],[[100.631,13.77],[100.6315,13.7675],[100.6315,13.768],[100.631,13.77]],[[100.632,13.769],[100.632,13.77],[100.632,13.769]],[[100.6325,13.7715],[100.6325,13.772],[100.6325,13.7715]],[[100.6345,13.779],[100.634,13.779],[100.6345,13.779]],[[100.635,13.7785],[100.6345,13.778],[100.635,13.778],[100.635,13.7785]]]}},{"type":"Feature","properties":{"station":"Lat Phrao 101","line":"MRT","band":"10"},"geometry":{"type":"Polygon","coordinates":[[[100.627,13.774],[100.627,13.7725],[100.626,13.7725],[100.626,13.774],[100.625,13.7745],[100.6245,13.7735],[100.6255,13.776],[100.623,13.778],[100.6245,13.778],[100.6255,13.779],[100.6265,13.778],[100.626,13.779],[100.627,13.7795],[100.627,13.781],[100.629,13.7805],[100.6305,13.7815],[100.632,13.7795],[100.632,13.777],[100.6335,13.7775],[100.634,13.777],[100.6335,13.7755],[100.632,13.776],[100.6335,13.7745],[100.634,13.7725],[100.6355,13.772],[100.635,13.771],[100.634,13.7715],[100.633,13.77],[100.6325,13.7705],[100.6315,13.77],[100.631,13.7705],[100.632,13.771],[100.631,13.771],[100.629,13.769],[100.6285,13.7705],[100.627,13.7705],[100.6285,13.772],[100.628,13.7735],[100.627,13.774]],[[100.6295,13.774],[100.6295,13.7735],[100.6295,13.774]],[[100.6295,13.7725],[100.6295,13.7715],[100.6295,13.7725]],[[100.63,13.7805]],[[100.6325,13.7715],[100.6325,13.772],[100.6325,13.7715]],[[100.633,13.7735]]]}},{"type":"Feature","properties":{"station":"Lat Pla Khao","line":"MRT","band":"15"},"geometry":{"type":"Polygon","coordinates":[[[100.62,13.861],[100.609,13.867],[100.609,13.868],[100.61,13.8685],[100.6105,13.8675],[100.6135,13.868],[100.6135,13.87],[100.6145,13.8685],[100.6175,13.868],[100.6175,13.87],[100.619,13.8705],[100.622,13.87],[100.6235,13.8715],[100.6235,13.87],[100.6245,13.8695],[100.623,13.8685],[100.6245,13.8675],[100.624,13.8645],[100.625,13.864],[100.6245,13.8625],[100.626,13.8615],[100.6255,13.8605],[100.6275,13.8585],[100.6275,13.8575],[100.626,13.857],[100.625,13.8575],[100.625,13.8565],[100.6235,13.8565],[100.6235,13.859],[100.623,13.8595],[100.623,13.8575],[100.6205,13.858],[100.62,13.861]],[[100.6215,13.8685]],[[100.6205,13.868]],[[100.6205,13.8655],[100.621,13.865],[100.621,13.8655],[100.6205,13.8655]],[[100.6215,13.864],[100.621,13.863],[100.6195,13.8635],[100.621,13.8615],[100.6215,13.864]],[[100.6215,13.8615],[100.6215,13.862],[100.6215,13.8615]],[[100.622,13.8585],[100.622,13.858],[100.622,13.8585]],[[100.617,13.8665],[100.618,13.866],[100.617,13.8665]],[[100.6165,13.866],[100.617,13.8655],[100.6165,13.866]],[[100.612,13.867],[100.612,13.8665],[100.6125,13.8665],[100.612,13.867]],[[100.6165,13.8665],[100.615,13.8675],[100.6165,13.8665]],[[100.6145,13.865]],[[100.6145,13.866],[100.615,13.866],[100.6145,13.866]],[[100.616,13.865],[100.6165,13.865],[100.616,13.865]],[[100.6155,13.8665],[100.616,13.866],[100.6155,13.8665]],[[100.6165,13.868],[100.616,13.868],[100.616,13.8675],[100.6165,13.868]],[[100.6185,13.863]],[[100.6195,13.8625]],[[100.619,13.87],[100.62,13.8695],[100.619,13.87]],[[100.6195,13.8685],[100.619,13.869],[100.6195,13.8685]],[[100.6205,13.8675],[100.62,13.8675],[100.6205,13.8675]],[[100.6195,13.867]],[[100.6195,13.866],[100.619,13.8665],[100.6195,13.866]],[[100.6185,13.8675],[100.618,13.868],[100.618,13.8675],[100.6185,13.8675]],[[100.6195,13.864],[100.6195,13.8645],[100.6195,13.864]],[[100.6185,13.865],[100.619,13.8645],[100.618,13.865],[100.6185,13.865]],[[100.618,13.864],[100.6185,13.864],[100.618,13.864]],[[100.618,13.8665],[100.6175,13.867],[100.618,13.8665]],[[100.6185,13.8655]],[[100.6185,13.8685],[100.619,13.868],[100.6185,13.8685]],[[100.6205,13.864]],[[100.6215,13.8585],[100.621,13.8585],[100.6215,13.8585]],[[100.623,13.8695]],[[100.622,13.868],[100.623,13.8675],[100.6235,13.8675],[100.622,13.868]],[[100.6235,13.864]],[[100.622,13.8675],[100.6215,13.8675],[100.622,13.8675]],[[100.6215,13.866]],[[100.622,13.864],[100.6225,13.864],[100.622,13.864]],[[100.6215,13.865]],[[100.6245,13.8585],[100.625,13.8585],[100.6245,13.8585]],[[100.6245,13.858],[100.6245,13.8575],[100.6245,13.857],[100.6245,13.858]]]}},{"type":"Feature","properties":{"station":"Lat Pla Khao","line":"MRT","band":"10"},"geometry":{"type":"Polygon","coordinates":[[[100.622,13.86],[100.612,13.8655],[100.612,13.8665],[100.6125,13.866],[100.6135,13.867],[100.6145,13.865],[100.614,13.8655],[100.615,13.866],[100.614,13.866],[100.6145,13.867],[100.616,13.866],[100.617,13.8675],[100.618,13.8665],[100.619,13.868],[100.6205,13.867],[100.6215,13.8685],[100.6225,13.8665],[100.6215,13.866],[100.6225,13.865],[100.621,13.864],[100.6215,13.864],[100.621,13.863],[100.6195,13.8635],[100.621,13.8615],[100.6215,13.864],[100.6225,13.862],[100.6235,13.862],[100.624,13.8595],[100.622,13.859],[100.622,13.86]],[[100.6195,13.867]],[[100.619,13.8665],[100.6195,13.866],[100.619,13.8665]],[[100.6195,13.864],[100.6195,13.8645],[100.6195,13.864]],[[100.616,13.865],[100.6165,13.865],[100.616,13.865]],[[100.617,13.8665],[100.618,13.866],[100.617,13.8665]],[[100.618,13.865],[100.619,13.8645],[100.618,13.865]],[[100.618,13.8645],[100.6185,13.864],[100.618,13.8645]],[[100.6165,13.866],[100.617,13.8655],[100.6165,13.866]],[[100.6185,13.863]],[[100.6195,13.8625]],[[100.6185,13.8655]],[[100.6205,13.8655],[100.621,13.865],[100.6205,13.8655]],[[100.6205,13.864]],[[100.6215,13.8615],[100.6215,13.862],[100.6215,13.8615]]]}},{"type":"Feature","properties":{"station":"Lumphini","line":"","band":"15"},"geometry":{"type":"Polygon","coordinates":[[[100.537,13.7215],[100.5345,13.723],[100.536,13.7245],[100.5355,13.7255],[100.536,13.7285],[100.535,13.729],[100.5355,13.73],[100.5375,13.7315],[100.538,13.731],[100.5385,13.732],[100.5395,13.732],[100.539,13.731],[100.5405,13.7315],[100.5415,13.7325],[100.541,13.733],[100.5405,13.7325],[100.5405,13.734],[100.5455,13.735],[100.545,13.7355],[100.5465,13.7365],[100.547,13.736],[100.5465,13.7355],[100.5475,13.7355],[100.5475,13.7345],[100.5485,13.734],[100.548,13.733],[100.5485,13.7335],[100.55,13.7325],[100.548,13.732],[100.548,13.73],[100.55,13.7295],[100.5505,13.731],[100.5505,13.7295],[100.552,13.729],[100.5525,13.726],[100.5535,13.7255],[100.5535,13.723],[100.556,13.7215],[100.5555,13.721],[100.555,13.7215],[100.554,13.72],[100.5535,13.7215],[100.554,13.7195],[100.553,13.719],[100.552,13.7195],[100.5525,13.7205],[100.551,13.721],[100.551,13.719],[100.5485,13.718],[100.546,13.7185],[100.544,13.7175],[100.543,13.7205],[100.542,13.7195],[100.5395,13.72],[100.5395,13.721],[100.541,13.7215],[100.5405,13.723],[100.539,13.721],[100.5385,13.7225],[100.537,13.7215]],[[100.5435,13.7335],[100.5435,13.733],[100.544,13.7335],[100.5435,13.7335]],[[100.544,13.732],[100.544,13.7315],[100.5445,13.731],[100.544,13.732]],[[100.5445,13.729],[100.5435,13.7295],[100.543,13.729],[100.544,13.728],[100.5445,13.729]],[[100.544,13.725],[100.544,13.7255],[100.544,13.725]],[[100.544,13.724]],[[100.54,13.7305],[100.54,13.7295],[100.5405,13.7295],[100.54,13.7305]],[[100.54,13.7285],[100.539,13.73],[100.5385,13.7295],[100.54,13.7285]],[[100.538,13.728],[100.537,13.7285],[100.5375,13.728],[100.538,13.728]],[[100.539,13.7225],[100.539,13.724],[100.5385,13.7235],[100.539,13.7225]],[[100.5365,13.7255],[100.536,13.7255],[100.5365,13.725],[100.5365,13.7255]],[[100.536,13.7285]],[[100.5385,13.7275],[100.539,13.7275],[100.5385,13.7275]],[[100.542,13.729],[100.5425,13.7295],[100.542,13.729]],[[100.5415,13.728],[100.541,13.7285],[100.5415,13.728]],[[100.542,13.7235],[100.541,13.723],[100.5415,13.722],[100.542,13.7225],[100.5435,13.722],[100.5435,13.7235],[100.542,13.7235]],[[100.541,13.7305]],[[100.5415,13.7335],[100.5425,13.7335],[100.5415,13.7335]],[[100.543,13.7335]],[[100.5425,13.733],[100.542,13.732],[100.5425,13.732],[100.5425,13.733]],[[100.5425,13.731],[100.543,13.7305],[100.5425,13.731]],[[100.542,13.73]],[[100.5425,13.7245],[100.5425,13.725],[100.5425,13.7245]],[[100.543,13.7315]],[[100.5465,13.733],[100.546,13.733],[100.5475,13.733],[100.5465,13.733]],[[100.5465,13.7295],[100.5465,13.729],[100.5465,13.7295]],[[100.546,13.7285],[100.5475,13.728],[100.546,13.7285]],[[100.546,13.7275],[100.546,13.727],[100.5465,13.7265],[100.5465,13.7275],[100.546,13.7275]],[[100.548,13.726],[100.547,13.726],[100.548,13.7255],[100.548,13.726]],[[100.5465,13.7245],[100.5465,13.724],[100.547,13.7235],[100.547,13.724],[100.5465,13.7245]],[[100.547,13.722],[100.5475,13.722],[100.5475,13.7225],[100.547,13.722]],[[100.545,13.725],[100.545,13.7245],[100.546,13.7245],[100.546,13.725],[100.545,13.725]],[[100.5445,13.7335],[100.5445,13.734],[100.5445,13.7335]],[[100.5485,13.728],[100.5485,13.7275],[100.549,13.7275],[100.549,13.728],[100.5485,13.728]],[[100.5475,13.729],[100.5475,13.7295],[100.5475,13.729]],[[100.5475,13.7215],[100.5475,13.721],[100.5475,13.7215]],[[100.548,13.7205],[100.549,13.721],[100.549,13.722],[100.548,13.7205]],[[100.549,13.7225]],[[100.5495,13.725],[100.5495,13.7255],[100.549,13.7255],[100.5495,13.725]],[[100.5495,13.7235]],[[100.5525,13.724],[100.5525,13.7235],[100.5525,13.7245],[100.5525,13.724]],[[100.55,13.7285],[100.55,13.728],[100.55,13.7285]],[[100.55,13.727]],[[100.5505,13.7255],[100.551,13.7255],[100.5505,13.7255]],[[100.552,13.7255],[100.5515,13.725],[100.5525,13.725],[100.552,13.7255]]]}},{"type":"Feature","properties":{"station":"Lumphini","line":"","band":"10"},"geometry":{"type":"Polygon","coordinates":[[[100.54,13.7235],[100.5395,13.723],[100.539,13.724],[100.538,13.724],[100.5395,13.7255],[100.5385,13.7255],[100.539,13.7275],[100.5385,13.7285],[100.54,13.7285],[100.54,13.7295],[100.5415,13.73],[100.5415,13.731],[100.5435,13.7305],[100.545,13.733],[100.546,13.733],[100.548,13.731],[100.5475,13.729],[100.548,13.73],[100.5495,13.729],[100.5485,13.7275],[100.5495,13.728],[100.5505,13.7275],[100.5515,13.725],[100.5525,13.725],[100.553,13.7225],[100.552,13.722],[100.5515,13.723],[100.5515,13.722],[100.5495,13.721],[100.549,13.722],[100.5485,13.721],[100.5475,13.7215],[100.5475,13.7225],[100.547,13.722],[100.5475,13.7205],[100.546,13.721],[100.5455,13.7205],[100.543,13.721],[100.5435,13.7235],[100.542,13.724],[100.541,13.723],[100.54,13.7235]],[[100.545,13.725],[100.545,13.7245],[100.546,13.7245],[100.546,13.725],[100.545,13.725]],[[100.5415,13.728],[100.541,13.7285],[100.5415,13.728]],[[100.5435,13.7295],[100.543,13.729],[100.544,13.728],[100.5445,13.729],[100.5435,13.7295]],[[100.544,13.725],[100.544,13.7255],[100.544,13.725]],[[100.5425,13.725],[100.543,13.7245],[100.5425,13.725]],[[100.542,13.73]],[[100.542,13.729],[100.5425,13.7295],[100.542,13.729]],[[100.544,13.724]],[[100.5465,13.7295],[100.5465,13.729],[100.5465,13.7295]],[[100.546,13.7285],[100.5475,13.728],[100.546,13.7285]],[[100.546,13.7275],[100.546,13.727],[100.5465,13.7265],[100.5465,13.7275],[100.546,13.7275]],[[100.548,13.726],[100.547,13.726],[100.548,13.7255],[100.548,13.726]],[[100.547,13.724],[100.5465,13.7245],[100.547,13.7235],[100.547,13.724]],[[100.551,13.7255],[100.5505,13.725],[100.551,13.725],[100.551,13.7255]],[[100.549,13.7225]],[[100.549,13.7255],[100.5495,13.725],[100.5495,13.7255],[100.549,13.7255]],[[100.5495,13.7235]],[[100.55,13.727]]]}},{"type":"Feature","properties":{"station":"MRTA","line":"MRT","band":"15"},"geometry":{"type":"Polygon","coordinates":[[[100.5705,13.753],[100.5695,13.7535],[100.568,13.7565],[100.5695,13.7565],[100.569,13.7575],[100.57,13.758],[100.571,13.7575],[100.572,13.76],[100.5715,13.7605],[100.5735,13.7605],[100.5765,13.762],[100.578,13.7605],[100.5825,13.7615],[100.5815,13.7595],[100.5805,13.7605],[100.5785,13.76],[100.579,13.7585],[100.581,13.758],[100.58,13.7565],[100.581,13.7555],[100.582,13.756],[100.583,13.758],[100.584,13.758],[100.5845,13.759],[100.5855,13.758],[100.5855,13.7545],[100.587,13.755],[100.5885,13.7535],[100.5885,13.753],[100.5855,13.7535],[100.585,13.7525],[100.58,13.754],[100.581,13.754],[100.5805,13.7535],[100.581,13.7515],[100.579,13.748],[100.577,13.7495],[100.5785,13.7505],[100.5785,13.7515],[100.5775,13.7505],[100.577,13.751],[100.579,13.754],[100.5765,13.7535],[100.577,13.751],[100.5755,13.7515],[100.5755,13.7505],[100.574,13.7525],[100.573,13.751],[100.5705,13.753]],[[100.5765,13.757],[100.5765,13.756],[100.577,13.7565],[100.5765,13.757]],[[100.5765,13.7545],[100.5765,13.754],[100.5765,13.7545]],[[100.572,13.7585],[100.572,13.758],[100.5725,13.7575],[100.572,13.758],[100.572,13.7585]],[[100.5725,13.757]],[[100.5715,13.755],[100.571,13.7545],[100.5725,13.753],[100.573,13.7535],[100.572,13.754],[100.573,13.755],[100.572,13.7545],[100.5715,13.755]],[[100.5695,13.7555],[100.569,13.755],[100.5695,13.755],[100.5695,13.7555]],[[100.576,13.7585],[100.574,13.7575],[100.5735,13.759],[100.574,13.7595],[100.5735,13.76],[100.573,13.7595],[100.574,13.7565],[100.5745,13.7575],[100.576,13.7575],[100.576,13.7585]],[[100.5755,13.752]],[[100.574,13.7535]],[[100.574,13.7545],[100.574,13.755],[100.574,13.7545]],[[100.5755,13.7565]],[[100.575,13.7605],[100.5755,13.7605],[100.575,13.7605]],[[100.578,13.7585],[100.5775,13.7575],[100.578,13.7575],[100.5775,13.759],[100.578,13.7585]],[[100.577,13.759]],[[100.5785,13.7495],[100.578,13.749],[100.5785,13.749],[100.5785,13.7495]],[[100.58,13.7535]],[[100.5845,13.755],[100.5845,13.756],[100.5845,13.7565],[100.5845,13.755]]]}},{"type":"Feature","properties":{"station":"MRTA","line":"MRT","band":"10"},"geometry":{"type":"Polygon","coordinates":[[[100.574,13.754],[100.573,13.754],[100.573,13.755],[100.5715,13.755],[100.571,13.756],[100.573,13.758],[100.5735,13.756],[100.5745,13.7565],[100.5745,13.7575],[100.576,13.7575],[100.576,13.7595],[100.577,13.761],[100.58,13.761],[100.5785,13.76],[100.579,13.7585],[100.581,13.758],[100.58,13.757],[100.581,13.7555],[100.583,13.758],[100.584,13.7555],[100.5855,13.7545],[100.5825,13.7535],[100.58,13.754],[100.581,13.754],[100.5805,13.7535],[100.581,13.7525],[100.579,13.751],[100.579,13.752],[100.578,13.752],[100.579,13.754],[100.575,13.753],[100.574,13.754]],[[100.5775,13.7595],[100.577,13.759],[100.578,13.7585],[100.5775,13.7575],[100.578,13.7575],[100.5775,13.7595]],[[100.5755,13.7565]],[[100.5765,13.7545]],[[100.574,13.755],[100.574,13.7545],[100.574,13.755]],[[100.577,13.759]],[[100.5765,13.7565],[100.577,13.7565],[100.5765,13.757],[100.5765,13.7565]],[[100.58,13.7535]]]}},{"type":"Feature","properties":{"station":"Maiyalap","line":"MRT","band":"15"},"geometry":{"type":"Polygon","coordinates":[[[100.626,13.8535],[100.6255,13.855],[100.626,13.856],[100.624,13.857],[100.6245,13.858],[100.623,13.86],[100.6245,13.861],[100.6255,13.8605],[100.627,13.8625],[100.6275,13.8615],[100.6295,13.8615],[100.629,13.8605],[100.6305,13.8605],[100.63,13.8585],[100.629,13.858],[100.6305,13.8575],[100.6325,13.8585],[100.6335,13.8565],[100.634,13.857],[100.633,13.859],[100.6365,13.8595],[100.637,13.8575],[100.638,13.857],[100.637,13.856],[100.638,13.856],[100.638,13.855],[100.639,13.8555],[100.6395,13.8545],[100.64,13.855],[100.6405,13.8535],[100.641,13.8545],[100.6415,13.8535],[100.6385,13.852],[100.6405,13.8505],[100.6365,13.8485],[100.6355,13.85],[100.637,13.851],[100.636,13.8505],[100.6345,13.8515],[100.634,13.85],[100.631,13.8515],[100.6315,13.85],[100.6305,13.8495],[100.6265,13.8505],[100.627,13.8535],[100.626,13.8535]],[[100.6285,13.8585],[100.628,13.858],[100.6285,13.858],[100.6285,13.8585]],[[100.628,13.858]],[[100.6275,13.8555],[100.628,13.8565],[100.627,13.8555],[100.6275,13.8555]],[[100.6265,13.8575],[100.6265,13.857],[100.627,13.8575],[100.6265,13.8575]],[[100.6245,13.8585],[100.625,13.8585],[100.6245,13.8585]],[[100.6265,13.855]],[[100.6295,13.856],[100.629,13.856],[100.629,13.8555],[100.6295,13.8555],[100.6295,13.856]],[[100.6295,13.855],[100.6305,13.8545],[100.6295,13.855]],[[100.631,13.855]],[[100.6365,13.8555],[100.636,13.8555],[100.6365,13.8555]],[[100.6345,13.857],[100.6345,13.8575],[100.6345,13.857]],[[100.635,13.853]],[[100.634,13.8525]],[[100.633,13.8555]],[[100.631,13.856]],[[100.635,13.8555],[100.635,13.856],[100.635,13.8555]],[[100.6385,13.8535],[100.639,13.854],[100.6385,13.854],[100.6385,13.8535]]]}},{"type":"Feature","properties":{"station":"Maiyalap","line":"MRT","band":"10"},"geometry":{"type":"Polygon","coordinates":[[[100.6285,13.855],[100.6275,13.8555],[100.628,13.8565],[100.6265,13.8565],[100.627,13.8575],[100.626,13.8575],[100.6265,13.859],[100.6285,13.859],[100.628,13.858],[100.6305,13.8575],[100.6325,13.8585],[100.6335,13.8565],[100.634,13.8565],[100.6335,13.8575],[100.6345,13.858],[100.6345,13.857],[100.635,13.8575],[100.637,13.855],[100.637,13.8535],[100.6385,13.8525],[100.638,13.8515],[100.6345,13.8515],[100.6345,13.8505],[100.633,13.8505],[100.6295,13.852],[100.63,13.853],[100.6285,13.855]],[[100.6305,13.8545],[100.6295,13.855],[100.6305,13.8545]],[[100.628,13.858]],[[100.629,13.8555],[100.63,13.856],[100.629,13.856],[100.629,13.8555]],[[100.631,13.856]],[[100.631,13.855]],[[100.635,13.856],[100.635,13.8555],[100.635,13.856]],[[100.635,13.853]],[[100.634,13.8525]],[[100.633,13.8555]]]}},{"type":"Feature","properties":{"station":"Makkasan","line":"ARL","band":"15"},"geometry":{"type":"Polygon","coordinates":[[[100.554,13.7465],[100.553,13.747],[100.553,13.7485],[100.554,13.749],[100.5525,13.7485],[100.551,13.75],[100.553,13.7505],[100.554,13.7525],[100.5585,13.7515],[100.556,13.7525],[100.556,13.7535],[100.559,13.753],[100.5555,13.754],[100.555,13.755],[100.56,13.754],[100.562,13.7555],[100.5625,13.7545],[100.563,13.7555],[100.5625,13.7565],[100.5645,13.7565],[100.5645,13.7575],[100.5655,13.7575],[100.567,13.7555],[100.5655,13.755],[100.566,13.753],[100.565,13.753],[100.567,13.752],[100.5655,13.751],[100.5655,13.75],[100.568,13.7495],[100.569,13.7505],[100.57,13.748],[100.569,13.748],[100.568,13.7465],[100.566,13.747],[100.5665,13.746],[100.5655,13.745],[100.5645,13.7465],[100.565,13.7455],[100.5645,13.744],[100.5635,13.7435],[100.5635,13.7445],[100.563,13.744],[100.5635,13.743],[100.562,13.7425],[100.561,13.7435],[100.562,13.7445],[100.561,13.7475],[100.56,13.748],[100.559,13.747],[100.558,13.748],[100.558,13.746],[100.557,13.7455],[100.557,13.7445],[100.5545,13.7455],[100.555,13.747],[100.554,13.7465]],[[100.564,13.753],[100.5625,13.7535],[100.561,13.754],[100.564,13.753]],[[100.5635,13.7525],[100.5635,13.752],[100.5635,13.7525]],[[100.563,13.751]],[[100.5625,13.75],[100.5625,13.7495],[100.5625,13.75]],[[100.563,13.7455],[100.5635,13.7455],[100.563,13.7455]],[[100.5625,13.752],[100.5595,13.753],[100.5595,13.7525],[100.5625,13.752]],[[100.5615,13.75],[100.561,13.75],[100.5615,13.75]],[[100.562,13.7475]],[[100.5595,13.749],[100.559,13.749],[100.5595,13.749]],[[100.5595,13.7515]],[[100.56,13.75],[100.5595,13.75],[100.56,13.75]],[[100.5625,13.751]],[[100.5645,13.747],[100.565,13.747],[100.5645,13.747]],[[100.5635,13.7475],[100.5635,13.747],[100.564,13.7475],[100.5635,13.7475]],[[100.564,13.7555]],[[100.568,13.748],[100.568,13.7475],[100.568,13.748]]]}},{"type":"Feature","properties":{"station":"Makkasan","line":"ARL","band":"10"},"geometry":{"type":"Polygon","coordinates":[[[100.558,13.7485],[100.556,13.7475],[100.556,13.7485],[100.555,13.7485],[100.5545,13.75],[100.5565,13.7515],[100.5595,13.751],[100.556,13.753],[100.559,13.7535],[100.555,13.7545],[100.564,13.753],[100.563,13.754],[100.5645,13.755],[100.5645,13.7515],[100.5665,13.7485],[100.5635,13.7475],[100.563,13.7455],[100.5615,13.7465],[100.562,13.7475],[100.5595,13.749],[100.558,13.7485]],[[100.5625,13.752],[100.562,13.7525],[100.5595,13.753],[100.5595,13.7525],[100.5625,13.752]],[[100.5635,13.752],[100.5635,13.7525],[100.5635,13.752]],[[100.563,13.751]],[[100.5625,13.75],[100.5625,13.7495],[100.5625,13.75]],[[100.5605,13.7505]],[[100.561,13.7505],[100.5615,13.75],[100.5615,13.7505],[100.561,13.7505]],[[100.56,13.75],[100.5595,13.75],[100.56,13.75]],[[100.5595,13.7515]],[[100.5625,13.751]]]}},{"type":"Feature","properties":{"station":"Midfield Satellite Concourse 1","line":"","band":"15"},"geometry":{"type":"Polygon","coordinates":[[[100.7425,13.6855],[100.7415,13.686],[100.743,13.6915],[100.744,13.6915],[100.7435,13.689],[100.745,13.6885],[100.746,13.6915],[100.7455,13.693],[100.7465,13.6915],[100.748,13.692],[100.7575,13.6895],[100.7555,13.6825],[100.755,13.683],[100.7555,13.685],[100.743,13.688],[100.7425,13.6855]],[[100.7495,13.691],[100.7475,13.691],[100.7465,13.688],[100.7485,13.6875],[100.7495,13.691]],[[100.7505,13.6895],[100.75,13.687],[100.7525,13.6865],[100.753,13.69],[100.7505,13.691],[100.7505,13.6895]],[[100.7555,13.686],[100.7565,13.6895],[100.7545,13.6895],[100.7535,13.6865],[100.7555,13.686]]]}},{"type":"Feature","properties":{"station":"Midfield Satellite Concourse 1","line":"","band":"10"},"geometry":{"type":"Polygon","coordinates":[[[100.756,13.685],[100.7435,13.688],[100.7435,13.689],[100.7485,13.6875],[100.75,13.6915],[100.7505,13.689],[100.75,13.687],[100.7525,13.6865],[100.7535,13.69],[100.754,13.6895],[100.753,13.6865],[100.756,13.686],[100.756,13.685]]]}},{"type":"Feature","properties":{"station":"Min Buri Market","line":"MRT","band":"15"},"geometry":{"type":"Polygon","coordinates":[[[100.7195,13.81],[100.7165,13.81],[100.7165,13.812],[100.718,13.8135],[100.719,13.813],[100.719,13.814],[100.7205,13.813],[100.72,13.8145],[100.7205,13.8155],[100.722,13.813],[100.721,13.816],[100.723,13.8145],[100.7235,13.815],[100.7225,13.8155],[100.723,13.8175],[100.7245,13.8175],[100.725,13.8155],[100.7255,13.8175],[100.727,13.8155],[100.728,13.816],[100.7295,13.8155],[100.729,13.8185],[100.7295,13.819],[100.7305,13.814],[100.732,13.815],[100.7315,13.816],[100.7335,13.815],[100.733,13.8165],[100.7355,13.8155],[100.7355,13.8145],[100.7345,13.8145],[100.735,13.814],[100.7345,13.813],[100.73,13.811],[100.7305,13.81],[100.732,13.81],[100.731,13.8075],[100.73,13.8085],[100.7275,13.807],[100.7275,13.808],[100.7285,13.8085],[100.728,13.809],[100.729,13.8095],[100.7275,13.81],[100.724,13.8075],[100.721,13.8085],[100.721,13.8095],[100.7195,13.81]],[[100.727,13.8105],[100.7265,13.811],[100.727,13.8105]],[[100.7275,13.8105],[100.727,13.8105],[100.7275,13.8105]],[[100.724,13.8145]],[[100.7235,13.8095],[100.722,13.812],[100.7235,13.809],[100.7235,13.8095]],[[100.7235,13.8085],[100.7235,13.808],[100.724,13.8085],[100.7235,13.8085]],[[100.7205,13.811],[100.721,13.8105],[100.7205,13.811]],[[100.7245,13.813],[100.7245,13.8135],[100.7245,13.813]],[[100.7245,13.812],[100.725,13.811],[100.7245,13.812]],[[100.7265,13.81],[100.726,13.81],[100.7265,13.81]],[[100.7295,13.81]],[[100.73,13.809],[100.73,13.8095],[100.7295,13.8095],[100.73,13.809]],[[100.7275,13.814],[100.727,13.814],[100.7275,13.8135],[100.7275,13.814]],[[100.728,13.811]],[[100.729,13.809]],[[100.7305,13.8095]],[[100.73,13.812],[100.7305,13.812],[100.73,13.812]],[[100.7305,13.8135]],[[100.733,13.8135],[100.734,13.814],[100.733,13.814],[100.733,13.8135]]]}},{"type":"Feature","properties":{"station":"Min Buri Market","line":"MRT","band":"10"},"geometry":{"type":"Polygon","coordinates":[[[100.722,13.811],[100.7215,13.8105],[100.721,13.8115],[100.7185,13.8125],[100.7195,13.8135],[100.7205,13.813],[100.7205,13.8155],[100.722,13.813],[100.721,13.8155],[100.7215,13.816],[100.7225,13.8145],[100.724,13.815],[100.7245,13.813],[100.7245,13.8145],[100.726,13.8135],[100.727,13.815],[100.7275,13.8135],[100.728,13.8155],[100.7295,13.814],[100.7295,13.8155],[100.7305,13.815],[100.7305,13.8135],[100.731,13.8145],[100.7325,13.8135],[100.7315,13.8115],[100.73,13.811],[100.7295,13.809],[100.7275,13.8105],[100.724,13.809],[100.722,13.812],[100.722,13.811]],[[100.7245,13.812],[100.725,13.811],[100.7245,13.812]],[[100.7265,13.811],[100.727,13.8105],[100.7265,13.811]],[[100.728,13.811]],[[100.73,13.812],[100.7305,13.812],[100.73,13.812]]]}},{"type":"Feature","properties":{"station":"Ministry of Public Health","line":"MRT","band":"15"},"geometry":{"type":"Polygon","coordinates":[[[100.509,13.8385],[100.5075,13.84],[100.508,13.843],[100.506,13.844],[100.509,13.847],[100.5095,13.846],[100.51,13.847],[100.509,13.8475],[100.5085,13.8465],[100.507,13.847],[100.507,13.848],[100.507,13.8475],[100.506,13.848],[100.5065,13.849],[100.5055,13.849],[100.5045,13.851],[100.5055,13.851],[100.507,13.8525],[100.5105,13.851],[100.5115,13.8535],[100.5115,13.8545],[100.5105,13.855],[100.511,13.8555],[100.5115,13.855],[100.5125,13.856],[100.5135,13.855],[100.5145,13.8555],[100.515,13.857],[100.517,13.8565],[100.5175,13.858],[100.5175,13.857],[100.519,13.8565],[100.5215,13.8585],[100.522,13.8575],[100.5205,13.8565],[100.5215,13.8555],[100.5205,13.855],[100.523,13.8545],[100.5235,13.8535],[100.522,13.8535],[100.5215,13.852],[100.5205,13.8535],[100.52,13.8515],[100.5185,13.851],[100.518,13.849],[100.52,13.8505],[100.5205,13.85],[100.5195,13.8485],[100.5205,13.849],[100.5205,13.848],[100.521,13.8485],[100.521,13.847],[100.519,13.845],[100.52,13.844],[100.5195,13.8425],[100.5155,13.8415],[100.515,13.842],[100.5145,13.8415],[100.5155,13.841],[100.514,13.839],[100.5125,13.8395],[100.511,13.842],[100.5105,13.8415],[100.511,13.84],[100.51,13.84],[100.509,13.8385]],[[100.5145,13.854],[100.5125,13.8535],[100.5115,13.851],[100.512,13.85],[100.5125,13.851],[100.5135,13.85],[100.5165,13.8515],[100.514,13.8525],[100.5145,13.854]],[[100.511,13.845],[100.51,13.845],[100.511,13.8445],[100.511,13.845]],[[100.509,13.843],[100.509,13.842],[100.509,13.843]],[[100.509,13.8415],[100.509,13.841],[100.509,13.8415]],[[100.508,13.845]],[[100.508,13.8445]],[[100.51,13.843],[100.5095,13.8425],[100.51,13.843]],[[100.5095,13.842]],[[100.51,13.8495],[100.5095,13.8495],[100.5095,13.849],[100.51,13.8495]],[[100.5075,13.848],[100.508,13.848],[100.508,13.849],[100.5075,13.849],[100.5075,13.848]],[[100.5115,13.843],[100.512,13.8425],[100.512,13.8435],[100.5115,13.843]],[[100.511,13.8475],[100.511,13.848],[100.511,13.8475]],[[100.511,13.847],[100.5105,13.847],[100.5105,13.846],[100.511,13.846],[100.5105,13.8465],[100.511,13.847]],[[100.513,13.845]],[[100.5175,13.8485],[100.5165,13.847],[100.5175,13.8485]],[[100.5175,13.8475]],[[100.518,13.847],[100.518,13.8465],[100.518,13.847]],[[100.517,13.8445],[100.517,13.844],[100.5175,13.8445],[100.517,13.8445]],[[100.5185,13.8435],[100.516,13.8435],[100.517,13.8425],[100.5185,13.8435]],[[100.516,13.849],[100.5155,13.849],[100.516,13.849]],[[100.516,13.8445],[100.5165,13.8445],[100.516,13.8445]],[[100.5145,13.8495],[100.515,13.8495],[100.5145,13.85],[100.5145,13.8495]],[[100.515,13.8485],[100.5155,13.848],[100.5155,13.8485],[100.515,13.8485]],[[100.515,13.845],[100.5145,13.845],[100.515,13.845]],[[100.515,13.8445]],[[100.515,13.843],[100.5155,13.8425],[100.5155,13.8435],[100.515,13.843]],[[100.5145,13.8425]],[[100.5145,13.847],[100.5145,13.8475],[100.5145,13.847]],[[100.514,13.8445]],[[100.5155,13.846],[100.5155,13.8465],[100.5155,13.846]],[[100.5165,13.856]],[[100.5165,13.855]],[[100.515,13.853],[100.515,13.8535],[100.515,13.853]],[[100.516,13.853],[100.516,13.8535],[100.516,13.853]],[[100.516,13.8565],[100.5155,13.8565],[100.516,13.8565]],[[100.518,13.856],[100.5185,13.8555],[100.518,13.856]],[[100.5185,13.847]],[[100.5175,13.8565],[100.518,13.8565],[100.5175,13.8565]],[[100.5175,13.8555],[100.5175,13.855],[100.5175,13.8555]],[[100.5175,13.855]],[[100.5175,13.8535],[100.518,13.854],[100.5175,13.854],[100.5175,13.8535]],[[100.5175,13.851]],[[100.519,13.844],[100.5185,13.8435],[100.519,13.8435],[100.519,13.844]],[[100.518,13.8445]],[[100.519,13.8475],[100.519,13.848],[100.519,13.8475]]]}},{"type":"Feature","properties":{"station":"Ministry of Public Health","line":"MRT","band":"10"},"geometry":{"type":"Polygon","coordinates":[[[100.51,13.842],[100.509,13.846],[100.51,13.8475],[100.509,13.849],[100.51,13.8495],[100.5085,13.8495],[100.508,13.8505],[100.509,13.8505],[100.5095,13.8515],[100.5105,13.851],[100.5115,13.8525],[100.512,13.85],[100.5125,13.851],[100.513,13.85],[100.515,13.8505],[100.5165,13.8515],[100.515,13.852],[100.5155,13.853],[100.5175,13.853],[100.518,13.854],[100.517,13.8545],[100.5195,13.8555],[100.52,13.854],[100.518,13.8515],[100.518,13.849],[100.5165,13.847],[100.518,13.8475],[100.5175,13.847],[100.519,13.845],[100.5185,13.8435],[100.516,13.8435],[100.516,13.8425],[100.515,13.844],[100.514,13.844],[100.5145,13.8445],[100.514,13.846],[100.513,13.845],[100.514,13.844],[100.5135,13.8425],[100.512,13.8425],[100.512,13.8435],[100.5115,13.843],[100.512,13.8415],[100.511,13.8425],[100.51,13.842]],[[100.5145,13.85],[100.5145,13.8495],[100.515,13.8495],[100.5145,13.85]],[[100.515,13.8485],[100.5155,13.848],[100.5155,13.8485],[100.515,13.8485]],[[100.5145,13.847]],[[100.515,13.845]],[[100.515,13.8445],[100.5145,13.8445],[100.515,13.8445]],[[100.511,13.8475],[100.511,13.848],[100.511,13.8475]],[[100.511,13.8475],[100.5105,13.846],[100.511,13.846],[100.5105,13.8465],[100.511,13.847],[100.511,13.8475]],[[100.511,13.845],[100.51,13.845],[100.511,13.8445],[100.511,13.845]],[[100.516,13.849],[100.5155,13.849],[100.516,13.849]],[[100.5165,13.844],[100.5165,13.8445],[100.516,13.8445],[100.5165,13.844]],[[100.5155,13.846],[100.5155,13.8465],[100.5155,13.846]],[[100.518,13.8445]],[[100.5175,13.8445],[100.517,13.8445],[100.517,13.844],[100.5175,13.8445]]]}},{"type":"Feature","properties":{"station":"Mo Chit","line":"","band":"15"},"geometry":{"type":"Polygon","coordinates":[[[100.5485,13.794],[100.547,13.795],[100.5485,13.7965],[100.549,13.7955],[100.5495,13.7965],[100.5455,13.797],[100.546,13.799],[100.548,13.799],[100.547,13.7995],[100.548,13.8],[100.548,13.803],[100.5465,13.8045],[100.5475,13.8045],[100.548,13.8065],[100.5505,13.807],[100.55,13.8085],[100.551,13.8095],[100.552,13.809],[100.5525,13.81],[100.5535,13.81],[100.553,13.8085],[100.555,13.8105],[100.555,13.8095],[100.556,13.8115],[100.557,13.811],[100.557,13.8125],[100.56,13.8125],[100.5595,13.81],[100.5605,13.802],[100.5595,13.803],[100.5595,13.8015],[100.558,13.8],[100.556,13.8],[100.5565,13.799],[100.556,13.7985],[100.557,13.7975],[100.5565,13.7955],[100.555,13.7955],[100.5555,13.7945],[100.5545,13.7945],[100.554,13.795],[100.5545,13.7955],[100.5535,13.796],[100.551,13.796],[100.5515,13.7935],[100.5495,13.7925],[100.5485,13.794]],[[100.5525,13.8035],[100.553,13.803],[100.5535,13.804],[100.5525,13.8035]],[[100.5505,13.806],[100.55,13.806],[100.5505,13.806]],[[100.55,13.8025],[100.5505,13.8015],[100.5515,13.8025],[100.55,13.8025]],[[100.5495,13.802],[100.549,13.802],[100.5495,13.802]],[[100.5495,13.8055]],[[100.5495,13.8045],[100.5495,13.804],[100.55,13.8045],[100.5495,13.8045]],[[100.551,13.8075]],[[100.551,13.8035],[100.551,13.804],[100.5505,13.8035],[100.551,13.8035]],[[100.5505,13.8045],[100.551,13.8045],[100.5505,13.805],[100.5505,13.8045]],[[100.5515,13.807],[100.5515,13.8075],[100.5515,13.807]],[[100.5515,13.8065],[100.5515,13.806],[100.5515,13.8065]],[[100.5555,13.808],[100.556,13.808],[100.5565,13.809],[100.5555,13.8085],[100.5555,13.808]],[[100.554,13.801],[100.555,13.8005],[100.5555,13.8035],[100.554,13.801]],[[100.555,13.799]],[[100.553,13.799],[100.5535,13.7985],[100.5535,13.799],[100.553,13.799]],[[100.554,13.806]],[[100.5545,13.8065],[100.555,13.8065],[100.5545,13.8065]],[[100.557,13.8105],[100.557,13.81],[100.5575,13.81],[100.557,13.8105]],[[100.558,13.8085],[100.5575,13.8085],[100.558,13.8085]],[[100.5585,13.8055],[100.557,13.8045],[100.558,13.804],[100.5585,13.8055],[100.5595,13.8055],[100.5585,13.8055]],[[100.556,13.805],[100.5565,13.805],[100.556,13.805]],[[100.5575,13.8005],[100.557,13.801],[100.557,13.8005],[100.5575,13.8005]],[[100.557,13.803],[100.5565,13.803],[100.557,13.803]],[[100.557,13.802],[100.557,13.8015],[100.557,13.802]],[[100.559,13.8085],[100.559,13.808],[100.559,13.8085]],[[100.5585,13.8065],[100.5585,13.807],[100.559,13.8075],[100.5585,13.8075],[100.5585,13.8065]]]}},{"type":"Feature","properties":{"station":"Mo Chit","line":"","band":"10"},"geometry":{"type":"Polygon","coordinates":[[[100.5495,13.7965],[100.5485,13.7975],[100.5485,13.8],[100.5495,13.8],[100.5515,13.8025],[100.5495,13.802],[100.5485,13.8035],[100.551,13.8045],[100.5515,13.804],[100.5505,13.8035],[100.552,13.804],[100.553,13.8055],[100.5525,13.8065],[100.553,13.808],[100.556,13.808],[100.558,13.81],[100.5575,13.8085],[100.5595,13.8075],[100.558,13.8075],[100.5575,13.806],[100.5585,13.8055],[100.557,13.8045],[100.559,13.804],[100.557,13.8035],[100.557,13.802],[100.556,13.8015],[100.555,13.799],[100.555,13.797],[100.5505,13.7955],[100.5495,13.7965]],[[100.5525,13.803],[100.553,13.803],[100.5535,13.804],[100.553,13.8035],[100.5525,13.803]],[[100.554,13.806],[100.554,13.8055],[100.554,13.806]],[[100.5535,13.7985],[100.553,13.799],[100.5535,13.7985]],[[100.5545,13.8065],[100.555,13.8065],[100.5545,13.8065]],[[100.5565,13.805],[100.556,13.804],[100.5565,13.805]],[[100.5555,13.8035],[100.554,13.801],[100.555,13.8005],[100.5555,13.8035]]]}},{"type":"Feature","properties":{"station":"Muang Thong Thani","line":"MRT","band":"15"},"geometry":{"type":"Polygon","coordinates":[[[100.542,13.8935],[100.541,13.894],[100.542,13.898],[100.541,13.898],[100.5415,13.899],[100.5405,13.898],[100.5395,13.8985],[100.5395,13.9],[100.5385,13.9005],[100.5395,13.901],[100.5425,13.9],[100.543,13.9005],[100.544,13.8995],[100.543,13.9035],[100.544,13.9045],[100.545,13.9035],[100.5445,13.902],[100.545,13.901],[100.546,13.904],[100.547,13.902],[100.549,13.9015],[100.549,13.9025],[100.55,13.903],[100.55,13.902],[100.5515,13.902],[100.5525,13.9],[100.5545,13.9005],[100.5545,13.8995],[100.5555,13.8995],[100.556,13.8985],[100.555,13.8955],[100.5575,13.896],[100.558,13.8945],[100.5565,13.893],[100.556,13.894],[100.5555,13.8925],[100.5555,13.894],[100.5545,13.8945],[100.554,13.892],[100.553,13.8915],[100.5525,13.892],[100.5535,13.894],[100.5525,13.893],[100.548,13.8945],[100.549,13.894],[100.544,13.893],[100.543,13.8915],[100.5425,13.892],[100.543,13.893],[100.542,13.8935]],[[100.5495,13.8965],[100.55,13.8955],[100.5505,13.896],[100.5495,13.8965]],[[100.5455,13.9],[100.5455,13.9005],[100.5455,13.9]],[[100.545,13.8995],[100.5455,13.899],[100.5455,13.8995],[100.545,13.8995]],[[100.545,13.8975],[100.545,13.8965],[100.5455,13.8975],[100.545,13.8975]],[[100.546,13.896]],[[100.5455,13.8955]],[[100.545,13.894],[100.5455,13.894],[100.545,13.894]],[[100.5435,13.898],[100.5435,13.8975],[100.544,13.8975],[100.5435,13.898]],[[100.5435,13.894],[100.543,13.8945],[100.543,13.894],[100.5435,13.894]],[[100.5425,13.8975],[100.5425,13.898],[100.5425,13.8975]],[[100.5425,13.8955],[100.542,13.8945],[100.543,13.8955],[100.5425,13.8955]],[[100.5435,13.8985],[100.543,13.8985],[100.5435,13.8985]],[[100.548,13.901],[100.5475,13.901],[100.5475,13.9005],[100.548,13.901]],[[100.5475,13.899],[100.5465,13.8995],[100.5465,13.8985],[100.5475,13.899]],[[100.548,13.8965],[100.547,13.8965],[100.547,13.896],[100.548,13.896],[100.548,13.8965]],[[100.546,13.9],[100.5465,13.9005],[100.546,13.9005],[100.546,13.9]],[[100.547,13.9]],[[100.549,13.898],[100.549,13.8975],[100.549,13.898]],[[100.549,13.896],[100.549,13.8955],[100.549,13.896]],[[100.5545,13.899],[100.5515,13.8995],[100.553,13.898],[100.553,13.8965],[100.554,13.897],[100.5545,13.899]],[[100.552,13.8945],[100.552,13.894],[100.552,13.8945]],[[100.5505,13.898],[100.55,13.898],[100.5505,13.898]],[[100.5535,13.895]]]}},{"type":"Feature","properties":{"station":"Muang Thong Thani","line":"MRT","band":"10"},"geometry":{"type":"Polygon","coordinates":[[[100.5435,13.896],[100.544,13.897],[100.5425,13.8975],[100.544,13.8975],[100.544,13.8985],[100.5425,13.8985],[100.5415,13.9],[100.544,13.8995],[100.544,13.901],[100.5445,13.9005],[100.5455,13.901],[100.5455,13.9],[100.5465,13.9],[100.5465,13.8985],[100.5475,13.8985],[100.5475,13.8995],[100.5485,13.899],[100.55,13.8995],[100.551,13.901],[100.553,13.898],[100.553,13.8965],[100.5545,13.8965],[100.555,13.895],[100.5535,13.895],[100.553,13.894],[100.552,13.8945],[100.552,13.8935],[100.551,13.893],[100.551,13.894],[100.55,13.8945],[100.5505,13.896],[100.5495,13.8965],[100.549,13.895],[100.548,13.8945],[100.549,13.894],[100.5485,13.8935],[100.547,13.894],[100.5455,13.8935],[100.545,13.894],[100.546,13.895],[100.5445,13.8945],[100.5435,13.896]],[[100.549,13.898],[100.549,13.8975],[100.549,13.898]],[[100.547,13.8945],[100.547,13.894],[100.547,13.8945]],[[100.5475,13.895]],[[100.545,13.8965],[100.5455,13.8975],[100.545,13.8975],[100.545,13.8965]],[[100.5455,13.8955]],[[100.546,13.896]],[[100.5455,13.899],[100.545,13.8995],[100.545,13.899],[100.5455,13.899]],[[100.548,13.8965],[100.547,13.8965],[100.5475,13.8955],[100.548,13.8965]],[[100.551,13.8955]],[[100.5505,13.898]]]}},{"type":"Feature","properties":{"station":"Nana","line":"BTS","band":"15"},"geometry":{"type":"Polygon","coordinates":[[[100.547,13.741],[100.5465,13.7425],[100.5445,13.744],[100.546,13.7445],[100.547,13.744],[100.548,13.746],[100.55,13.7465],[100.55,13.7485],[100.551,13.7445],[100.551,13.748],[100.5535,13.7485],[100.554,13.749],[100.5535,13.7495],[100.555,13.75],[100.555,13.7485],[100.556,13.7485],[100.5565,13.7495],[100.5585,13.7485],[100.5585,13.747],[100.559,13.7475],[100.56,13.7465],[100.559,13.743],[100.56,13.7435],[100.5595,13.7445],[100.5605,13.7455],[100.5615,13.745],[100.561,13.743],[100.562,13.744],[100.563,13.7425],[100.5625,13.741],[100.5635,13.74],[100.5625,13.7395],[100.5625,13.7385],[100.5635,13.7385],[100.563,13.737],[100.564,13.736],[100.563,13.7355],[100.564,13.7345],[100.5635,13.734],[100.563,13.7345],[100.5625,13.7335],[100.562,13.734],[100.5625,13.7345],[100.5615,13.7345],[100.56,13.7325],[100.5585,13.733],[100.5575,13.7325],[100.558,13.7315],[100.556,13.732],[100.5545,13.7335],[100.553,13.7325],[100.5515,13.7335],[100.551,13.739],[100.549,13.738],[100.5485,13.739],[100.549,13.7405],[100.547,13.741]],[[100.555,13.747],[100.5545,13.747],[100.555,13.747]],[[100.5555,13.742]],[[100.555,13.738]],[[100.5555,13.7345],[100.5555,13.734],[100.5555,13.7345]],[[100.5525,13.7455]],[[100.548,13.742],[100.5475,13.742],[100.548,13.742]],[[100.55,13.746],[100.55,13.7455],[100.55,13.746]],[[100.55,13.744],[100.55,13.7435],[100.55,13.7445],[100.55,13.744]],[[100.5525,13.744],[100.552,13.744],[100.552,13.7435],[100.5525,13.744]],[[100.554,13.741],[100.5535,13.741],[100.554,13.741]],[[100.5535,13.7385]],[[100.5545,13.7455],[100.5545,13.745],[100.5545,13.7455]],[[100.5545,13.7385]],[[100.5545,13.742]],[[100.5585,13.7455],[100.5585,13.7445],[100.5585,13.7455]],[[100.558,13.744],[100.5585,13.7435],[100.5585,13.744],[100.558,13.744]],[[100.558,13.7425],[100.558,13.743],[100.558,13.7425]],[[100.558,13.7415],[100.558,13.74],[100.558,13.7405],[100.558,13.7415]],[[100.5585,13.7375],[100.559,13.737],[100.5595,13.737],[100.5585,13.7375]],[[100.556,13.7445]],[[100.557,13.738],[100.557,13.7385],[100.557,13.738]],[[100.5565,13.7375]],[[100.5555,13.7425],[100.556,13.7425],[100.5555,13.7425]],[[100.5555,13.738],[100.5555,13.7375],[100.5555,13.738]],[[100.557,13.7455]],[[100.557,13.7445],[100.557,13.744],[100.5575,13.7445],[100.557,13.7445]],[[100.557,13.743],[100.5575,13.743],[100.5575,13.7435],[100.557,13.743]],[[100.5575,13.7425],[100.557,13.7425],[100.5575,13.742],[100.5575,13.7425]],[[100.5575,13.736]],[[100.561,13.7425],[100.5605,13.742],[100.561,13.7415],[100.561,13.7425]],[[100.5605,13.74],[100.561,13.74],[100.5615,13.7395],[100.5615,13.74],[100.5605,13.74]],[[100.559,13.742],[100.559,13.7415],[100.5595,13.7415],[100.559,13.742]],[[100.5595,13.7405],[100.559,13.7405],[100.5595,13.7405]],[[100.559,13.7395],[100.559,13.739],[100.559,13.7395]],[[100.5585,13.7465]],[[100.5625,13.7365],[100.562,13.7365],[100.5625,13.7365]],[[100.562,13.7355]],[[100.5615,13.741]],[[100.5625,13.7375],[100.562,13.7375],[100.5625,13.7375]]]}},{"type":"Feature","properties":{"station":"Nana","line":"BTS","band":"10"},"geometry":{"type":"Polygon","coordinates":[[[100.551,13.74],[100.548,13.7435],[100.5495,13.744],[100.5505,13.7435],[100.551,13.745],[100.552,13.7445],[100.5525,13.7465],[100.555,13.746],[100.5545,13.745],[100.5565,13.746],[100.5585,13.745],[100.558,13.7425],[100.5585,13.743],[100.56,13.7425],[100.5605,13.7405],[100.559,13.7405],[100.559,13.739],[100.559,13.74],[100.561,13.7395],[100.5605,13.738],[100.5615,13.736],[100.56,13.7355],[100.559,13.7365],[100.5585,13.735],[100.5555,13.734],[100.5555,13.738],[100.5545,13.7385],[100.5535,13.7375],[100.554,13.7365],[100.553,13.7355],[100.552,13.7365],[100.551,13.74]],[[100.552,13.7445],[100.552,13.744],[100.552,13.7435],[100.5525,13.744],[100.552,13.7445]],[[100.554,13.741],[100.5535,13.741],[100.554,13.741]],[[100.5535,13.7385]],[[100.5545,13.742]],[[100.5575,13.7445],[100.557,13.744],[100.5575,13.7445]],[[100.5575,13.7435],[100.557,13.743],[100.5575,13.743],[100.5575,13.7435]],[[100.5575,13.7425],[100.557,13.7425],[100.5575,13.742],[100.5575,13.7425]],[[100.557,13.738],[100.557,13.7385],[100.557,13.738]],[[100.556,13.7445]],[[100.5555,13.7425],[100.556,13.7425],[100.5555,13.7425]],[[100.5565,13.7375]],[[100.5555,13.742]],[[100.5565,13.735]],[[100.559,13.742],[100.559,13.7415],[100.5595,13.7415],[100.559,13.742]],[[100.5585,13.7375],[100.559,13.737],[100.5595,13.737],[100.5585,13.7375]],[[100.558,13.7415],[100.558,13.74],[100.558,13.7405],[100.558,13.7415]],[[100.5575,13.736]]]}},{"type":"Feature","properties":{"station":"National Stadium","line":"","band":"15"},"geometry":{"type":"Polygon","coordinates":[[[100.5215,13.7425],[100.521,13.744],[100.5195,13.745],[100.52,13.746],[100.519,13.746],[100.5195,13.7475],[100.518,13.749],[100.5195,13.749],[100.5215,13.7505],[100.522,13.75],[100.5215,13.7495],[100.523,13.749],[100.523,13.75],[100.524,13.7495],[100.524,13.75],[100.5225,13.7515],[100.5245,13.7505],[100.525,13.7515],[100.5245,13.7525],[100.53,13.755],[100.5305,13.754],[100.5315,13.7555],[100.533,13.756],[100.5335,13.754],[100.5355,13.752],[100.5345,13.751],[100.534,13.7515],[100.5335,13.749],[100.5315,13.7485],[100.534,13.748],[100.534,13.749],[100.535,13.749],[100.5355,13.752],[100.5355,13.7495],[100.5375,13.749],[100.537,13.748],[100.5385,13.7485],[100.539,13.746],[100.538,13.7455],[100.54,13.745],[100.5395,13.744],[100.538,13.744],[100.5375,13.7425],[100.536,13.7425],[100.535,13.7405],[100.534,13.742],[100.5325,13.742],[100.532,13.741],[100.534,13.7395],[100.5325,13.7395],[100.532,13.738],[100.531,13.739],[100.531,13.737],[100.529,13.7365],[100.5285,13.7375],[100.5265,13.737],[100.5255,13.739],[100.5235,13.7395],[100.5225,13.742],[100.5215,13.7425]],[[100.529,13.75]],[[100.529,13.7455]],[[100.5285,13.745],[100.529,13.7445],[100.529,13.745],[100.5285,13.745]],[[100.528,13.74],[100.528,13.7405],[100.5275,13.7405],[100.528,13.74]],[[100.529,13.739],[100.5285,13.739],[100.529,13.7385],[100.529,13.739]],[[100.5215,13.7465],[100.521,13.746],[100.522,13.746],[100.5215,13.7465]],[[100.522,13.745],[100.5205,13.7455],[100.522,13.745]],[[100.5205,13.7485]],[[100.5215,13.7485]],[[100.5225,13.7425],[100.5225,13.743],[100.5225,13.7425]],[[100.523,13.747]],[[100.523,13.7465]],[[100.5265,13.752]],[[100.5275,13.7505],[100.5255,13.7495],[100.528,13.75],[100.5275,13.7505]],[[100.5265,13.7475],[100.5265,13.7485],[100.526,13.7485],[100.5265,13.7475]],[[100.527,13.746],[100.528,13.745],[100.528,13.746],[100.527,13.746]],[[100.5265,13.739]],[[100.526,13.751],[100.5265,13.751],[100.5265,13.7515],[100.526,13.751]],[[100.5255,13.7465],[100.525,13.7445],[100.526,13.7445],[100.5255,13.7465]],[[100.5265,13.749]],[[100.5265,13.7445],[100.527,13.7445],[100.5265,13.7445]],[[100.528,13.749]],[[100.5325,13.7525],[100.532,13.7525],[100.5325,13.752],[100.5325,13.7525]],[[100.533,13.7475],[100.5315,13.7475],[100.533,13.747],[100.533,13.7475]],[[100.5315,13.744],[100.531,13.744],[100.531,13.7435],[100.5315,13.7435],[100.5315,13.744]],[[100.53,13.7525],[100.53,13.752],[100.5305,13.7525],[100.53,13.7525]],[[100.53,13.7515],[100.53,13.7505],[100.5305,13.7505],[100.53,13.7515]],[[100.53,13.7455],[100.5295,13.7435],[100.53,13.7435],[100.53,13.7455]],[[100.529,13.7535]],[[100.5295,13.7405],[100.529,13.7405],[100.5295,13.7405]],[[100.53,13.75]],[[100.5315,13.7465]],[[100.531,13.7455],[100.531,13.745],[100.531,13.7455]],[[100.531,13.742],[100.5315,13.742],[100.531,13.7425],[100.531,13.742]],[[100.531,13.754],[100.5315,13.754],[100.531,13.754]],[[100.5345,13.7475],[100.5345,13.746],[100.5355,13.746],[100.5355,13.7475],[100.5345,13.7475]],[[100.534,13.745],[100.5335,13.745],[100.534,13.745]],[[100.5335,13.747]],[[100.5355,13.749],[100.535,13.7485],[100.5355,13.748],[100.5355,13.749]],[[100.537,13.7475],[100.536,13.7465],[100.5375,13.7465],[100.537,13.7475]]]}},{"type":"Feature","properties":{"station":"National Stadium","line":"","band":"10"},"geometry":{"type":"Polygon","coordinates":[[[100.524,13.743],[100.523,13.7465],[100.5215,13.748],[100.523,13.7485],[100.5225,13.749],[100.524,13.75],[100.5245,13.7495],[100.528,13.75],[100.5285,13.7515],[100.529,13.7505],[100.5305,13.7505],[100.53,13.752],[100.5315,13.753],[100.5335,13.75],[100.5315,13.7485],[100.534,13.748],[100.5345,13.749],[100.535,13.748],[100.5345,13.746],[100.5365,13.7455],[100.53,13.74],[100.5285,13.741],[100.527,13.7405],[100.526,13.7425],[100.524,13.743]],[[100.53,13.75]],[[100.53,13.7455],[100.5295,13.7435],[100.53,13.7435],[100.53,13.7455]],[[100.5255,13.7465],[100.525,13.7445],[100.526,13.7445],[100.5255,13.7465]],[[100.523,13.747]],[[100.5265,13.743],[100.5265,13.7425],[100.5265,13.743]],[[100.528,13.749]],[[100.528,13.746],[100.527,13.746],[100.5275,13.745],[100.528,13.746]],[[100.5265,13.7475],[100.527,13.748],[100.526,13.7485],[100.5265,13.7475]],[[100.5265,13.7445]],[[100.5265,13.749]],[[100.529,13.75]],[[100.529,13.7455]],[[100.529,13.745],[100.5285,13.7445],[100.529,13.7445],[100.529,13.745]],[[100.5315,13.7475],[100.533,13.747],[100.533,13.7475],[100.5315,13.7475]],[[100.531,13.7455],[100.531,13.745],[100.531,13.7455]],[[100.531,13.7435],[100.5315,13.7435],[100.5315,13.744],[100.531,13.744],[100.531,13.7435]],[[100.531,13.742],[100.5315,13.742],[100.531,13.7425],[100.531,13.742]],[[100.5315,13.7465]],[[100.5335,13.745],[100.534,13.745],[100.5335,13.745]],[[100.5335,13.747]]]}},{"type":"Feature","properties":{"station":"National Telecom","line":"MRT","band":"15"},"geometry":{"type":"Polygon","coordinates":[[[100.569,13.887],[100.5665,13.891],[100.568,13.8915],[100.571,13.891],[100.571,13.8925],[100.573,13.893],[100.5725,13.894],[100.574,13.895],[100.575,13.894],[100.5745,13.8925],[100.5745,13.8935],[100.575,13.8925],[100.576,13.893],[100.577,13.8925],[100.577,13.8905],[100.5775,13.8915],[100.5805,13.892],[100.5805,13.893],[100.5815,13.8935],[100.5815,13.8915],[100.583,13.891],[100.584,13.8885],[100.583,13.8855],[100.584,13.885],[100.5825,13.882],[100.579,13.881],[100.5785,13.883],[100.5775,13.8805],[100.5785,13.8805],[100.578,13.8795],[100.5755,13.8805],[100.5765,13.881],[100.5755,13.881],[100.5755,13.882],[100.5735,13.8825],[100.5715,13.8815],[100.571,13.8835],[100.572,13.8845],[100.5715,13.884],[100.5695,13.885],[100.5695,13.8865],[100.5705,13.8865],[100.5695,13.8875],[100.569,13.887]],[[100.576,13.885],[100.575,13.8855],[100.575,13.885],[100.5755,13.885],[100.576,13.885]],[[100.5765,13.8825],[100.576,13.8825],[100.5765,13.8825]],[[100.572,13.89],[100.5715,13.89],[100.572,13.89]],[[100.573,13.8865],[100.5715,13.886],[100.5725,13.8855],[100.573,13.8865]],[[100.5715,13.885],[100.572,13.8845],[100.5725,13.885],[100.5715,13.885]],[[100.5705,13.8905]],[[100.571,13.8875],[100.5705,13.888],[100.57,13.8875],[100.571,13.8875]],[[100.5705,13.8855]],[[100.5715,13.891]],[[100.5745,13.8915],[100.5745,13.892],[100.5745,13.8915]],[[100.575,13.89],[100.5745,13.8905],[100.5745,13.889],[100.575,13.89]],[[100.5745,13.889]],[[100.574,13.8865],[100.5745,13.8875],[100.574,13.8865]],[[100.5745,13.884],[100.5745,13.8845],[100.5745,13.884]],[[100.573,13.8925],[100.5725,13.892],[100.5725,13.8915],[100.573,13.8915],[100.573,13.8925]],[[100.5735,13.891],[100.573,13.891],[100.5735,13.8905],[100.5735,13.891]],[[100.573,13.89],[100.5735,13.89],[100.573,13.89]],[[100.5735,13.8895],[100.574,13.8895],[100.574,13.89],[100.5735,13.89],[100.5735,13.8895]],[[100.573,13.888],[100.573,13.887],[100.5735,13.8875],[100.573,13.888]],[[100.573,13.8835],[100.5735,13.8835],[100.5735,13.884],[100.573,13.8835]],[[100.5755,13.884],[100.5755,13.8835],[100.5755,13.884]],[[100.575,13.8915],[100.5755,13.892],[100.575,13.892],[100.575,13.8915]],[[100.579,13.89],[100.5785,13.8895],[100.579,13.89]],[[100.576,13.8925],[100.5765,13.892],[100.5765,13.8925],[100.576,13.8925]],[[100.5775,13.89]],[[100.5775,13.889],[100.5775,13.8885],[100.578,13.8885],[100.5775,13.889]],[[100.5775,13.8845],[100.577,13.8845],[100.5765,13.8835],[100.577,13.8835],[100.5775,13.8845]],[[100.5765,13.8865],[100.577,13.886],[100.5765,13.8865]],[[100.5785,13.8845],[100.579,13.8845],[100.579,13.885],[100.5785,13.8845]],[[100.578,13.883],[100.578,13.8835],[100.578,13.883]],[[100.5815,13.887],[100.581,13.8865],[100.581,13.8855],[100.5815,13.887]],[[100.5805,13.8885],[100.5805,13.888],[100.5805,13.8885]],[[100.5825,13.89],[100.5825,13.889],[100.5825,13.89]],[[100.582,13.8885],[100.582,13.8875],[100.5825,13.888],[100.582,13.8885]]]}},{"type":"Feature","properties":{"station":"National Telecom","line":"MRT","band":"10"},"geometry":{"type":"Polygon","coordinates":[[[100.572,13.8865],[100.57,13.89],[100.572,13.891],[100.5735,13.8905],[100.575,13.8925],[100.575,13.8915],[100.577,13.8915],[100.5765,13.89],[100.5775,13.8895],[100.58,13.8905],[100.58,13.8895],[100.581,13.889],[100.5795,13.888],[100.5805,13.8875],[100.58,13.886],[100.5815,13.886],[100.582,13.8845],[100.5795,13.8845],[100.577,13.8825],[100.5775,13.8845],[100.5755,13.884],[100.575,13.885],[100.576,13.885],[100.575,13.8855],[100.5745,13.883],[100.573,13.8845],[100.5735,13.8855],[100.5725,13.885],[100.5735,13.8875],[100.573,13.888],[100.572,13.8865]],[[100.5765,13.8865],[100.577,13.886],[100.5765,13.8865]],[[100.574,13.89],[100.574,13.8895],[100.5735,13.8895],[100.574,13.8895],[100.574,13.89]],[[100.5745,13.8865],[100.5745,13.8875],[100.574,13.8865],[100.5745,13.8865]],[[100.5735,13.886],[100.574,13.886],[100.5735,13.886]],[[100.5715,13.89],[100.572,13.89],[100.5715,13.89]],[[100.573,13.89]],[[100.575,13.89],[100.5745,13.8905],[100.5745,13.889],[100.575,13.89]],[[100.5745,13.889]],[[100.579,13.885],[100.578,13.8845],[100.579,13.8845],[100.579,13.885]],[[100.578,13.8885],[100.5775,13.889],[100.5775,13.8885],[100.578,13.8885]]]}},{"type":"Feature","properties":{"station":"Nonthaburi Civic Center","line":"MRT","band":"15"},"geometry":{"type":"Polygon","coordinates":[[[100.5085,13.858],[100.5065,13.8585],[100.506,13.86],[100.505,13.8585],[100.504,13.86],[100.5045,13.8605],[100.503,13.862],[100.505,13.8635],[100.506,13.863],[100.506,13.864],[100.507,13.8645],[100.5075,13.8635],[100.5085,13.8635],[100.5085,13.8645],[100.5095,13.8645],[100.5095,13.8655],[100.5105,13.866],[100.511,13.8655],[100.5105,13.865],[100.512,13.864],[100.512,13.865],[100.513,13.8645],[100.5145,13.866],[100.5155,13.8635],[100.518,13.863],[100.5175,13.8655],[100.519,13.866],[100.5175,13.866],[100.518,13.868],[100.52,13.8675],[100.521,13.8655],[100.5225,13.8655],[100.522,13.8645],[100.523,13.864],[100.5225,13.863],[100.523,13.8615],[100.526,13.862],[100.5265,13.8605],[100.529,13.8585],[100.5275,13.858],[100.527,13.8565],[100.5245,13.856],[100.524,13.8565],[100.524,13.855],[100.5225,13.854],[100.521,13.854],[100.521,13.8555],[100.5205,13.854],[100.5185,13.853],[100.5175,13.8535],[100.518,13.854],[100.5145,13.854],[100.514,13.8525],[100.513,13.853],[100.511,13.8505],[100.5095,13.8525],[100.509,13.855],[100.5075,13.8555],[100.5095,13.8565],[100.5095,13.8585],[100.5085,13.858]],[[100.517,13.8605],[100.516,13.8605],[100.517,13.8605]],[[100.5175,13.859],[100.517,13.859],[100.5175,13.859]],[[100.517,13.8565],[100.5165,13.8575],[100.5135,13.858],[100.5135,13.8565],[100.515,13.8565],[100.5145,13.855],[100.515,13.8555],[100.5165,13.8545],[100.516,13.8565],[100.517,13.8565]],[[100.506,13.8625],[100.5065,13.863],[100.506,13.863],[100.506,13.8625]],[[100.509,13.8615],[100.509,13.8625],[100.5085,13.8615],[100.5075,13.863],[100.5075,13.8615],[100.509,13.8615]],[[100.511,13.8585]],[[100.5115,13.8575],[100.5115,13.858],[100.5115,13.8575]],[[100.5115,13.8625],[100.5115,13.863],[100.5115,13.8625]],[[100.5145,13.861]],[[100.5145,13.8585],[100.5165,13.858],[100.5155,13.859],[100.5145,13.8585]],[[100.5135,13.864]],[[100.513,13.8585],[100.5135,13.8585],[100.513,13.8585]],[[100.5135,13.854],[100.5135,13.8535],[100.5135,13.854]],[[100.5125,13.857]],[[100.513,13.8625],[100.5135,13.863],[100.513,13.8635],[100.513,13.8625]],[[100.513,13.861],[100.5135,13.862],[100.513,13.862],[100.513,13.861]],[[100.513,13.8635]],[[100.5155,13.861],[100.516,13.861],[100.5155,13.861]],[[100.52,13.8575],[100.519,13.8585],[100.518,13.8575],[100.5185,13.8565],[100.52,13.8575]],[[100.519,13.8625],[100.5185,13.861],[100.519,13.8625]],[[100.5185,13.86],[100.518,13.86],[100.5185,13.86]],[[100.518,13.856],[100.5185,13.8555],[100.518,13.856]],[[100.5175,13.8565],[100.518,13.856],[100.518,13.8565],[100.5175,13.8565]],[[100.5175,13.855],[100.5175,13.8555],[100.5175,13.855]],[[100.5175,13.855]],[[100.5195,13.86],[100.5195,13.8605],[100.5195,13.86]],[[100.522,13.863],[100.5215,13.8625],[100.522,13.8625],[100.522,13.863]],[[100.522,13.862],[100.5215,13.862],[100.522,13.8615],[100.522,13.862]],[[100.5225,13.861],[100.5225,13.8605],[100.5225,13.861]],[[100.5225,13.8585],[100.522,13.858],[100.5225,13.858],[100.5225,13.8585]],[[100.523,13.857],[100.5235,13.857],[100.5225,13.857],[100.523,13.857]],[[100.5225,13.8565]],[[100.521,13.8565],[100.5205,13.8565],[100.521,13.856],[100.521,13.8565]],[[100.5205,13.8645]],[[100.5215,13.858]],[[100.5255,13.8595],[100.5255,13.859],[100.5255,13.8595]],[[100.523,13.8565],[100.5235,13.8565],[100.523,13.8565]],[[100.523,13.858],[100.523,13.8585],[100.523,13.858]],[[100.524,13.8575],[100.5245,13.858],[100.524,13.8575]],[[100.5235,13.86]],[[100.523,13.8615]],[[100.5275,13.859]],[[100.526,13.8605],[100.526,13.86],[100.526,13.8605]]]}},{"type":"Feature","properties":{"station":"Nonthaburi Civic Center","line":"MRT","band":"10"},"geometry":{"type":"Polygon","coordinates":[[[100.508,13.8585],[100.508,13.8595],[100.5065,13.86],[100.506,13.8615],[100.509,13.8615],[100.51,13.8625],[100.5105,13.861],[100.513,13.861],[100.5135,13.863],[100.515,13.8625],[100.515,13.8635],[100.518,13.863],[100.5195,13.865],[100.5215,13.8635],[100.522,13.8615],[100.523,13.8615],[100.5225,13.8605],[100.5245,13.86],[100.525,13.859],[100.524,13.858],[100.522,13.8585],[100.5225,13.857],[100.5215,13.857],[100.5215,13.856],[100.521,13.8565],[100.5195,13.856],[100.52,13.8575],[100.519,13.8585],[100.518,13.8575],[100.513,13.858],[100.5125,13.857],[100.513,13.8545],[100.512,13.854],[100.511,13.8545],[100.5115,13.8565],[100.5105,13.8555],[100.5095,13.856],[100.5095,13.8585],[100.508,13.8585]],[[100.5165,13.861],[100.516,13.8605],[100.517,13.8605],[100.5165,13.861]],[[100.5165,13.8585],[100.5155,13.859],[100.5145,13.8585],[100.5165,13.8585]],[[100.513,13.8585],[100.5135,13.8585],[100.513,13.8585]],[[100.511,13.8575],[100.5115,13.858],[100.511,13.8585],[100.511,13.8575]],[[100.5145,13.861]],[[100.5155,13.861],[100.516,13.861],[100.5155,13.861]],[[100.52,13.862],[100.52,13.861],[100.5195,13.86],[100.52,13.8605],[100.52,13.862]],[[100.5185,13.861],[100.519,13.8625],[100.5185,13.861]],[[100.5175,13.859],[100.517,13.859],[100.5175,13.859]],[[100.5185,13.86],[100.518,13.86],[100.5185,13.86]],[[100.5215,13.858]]]}},{"type":"Feature","properties":{"station":"Nopparat","line":"MRT","band":"15"},"geometry":{"type":"Polygon","coordinates":[[[100.686,13.8155],[100.6855,13.8185],[100.6865,13.819],[100.687,13.8155],[100.686,13.8155]]]}},{"type":"Feature","properties":{"station":"Nopparat","line":"MRT","band":"10"},"geometry":{"type":"Polygon","coordinates":[[[100.686,13.8155],[100.6855,13.8185],[100.6865,13.819],[100.687,13.8155],[100.686,13.8155]]]}},{"type":"Feature","properties":{"station":"On Nut","line":"","band":"15"},"geometry":{"type":"Polygon","coordinates":[[[100.595,13.7015],[100.5925,13.7025],[100.5935,13.704],[100.5915,13.703],[100.591,13.7035],[100.5925,13.704],[100.5915,13.7045],[100.592,13.706],[100.593,13.705],[100.5935,13.7055],[100.5925,13.7065],[100.5945,13.71],[100.5935,13.7115],[100.5935,13.7135],[100.595,13.714],[100.597,13.7135],[100.5975,13.7145],[100.5995,13.7135],[100.6005,13.714],[100.603,13.7115],[100.6035,13.7125],[100.6025,13.713],[100.6035,13.7135],[100.6065,13.712],[100.605,13.7115],[100.604,13.71],[100.6035,13.7105],[100.6045,13.709],[100.6075,13.7095],[100.608,13.7105],[100.6095,13.709],[100.6095,13.706],[100.608,13.7055],[100.609,13.7055],[100.6085,13.7035],[100.6075,13.704],[100.6075,13.703],[100.6085,13.7035],[100.6085,13.703],[100.6055,13.7005],[100.6075,13.7],[100.6055,13.696],[100.6045,13.6965],[100.6045,13.6975],[100.602,13.6975],[100.603,13.698],[100.6025,13.6985],[100.6005,13.6975],[100.6015,13.699],[100.601,13.7],[100.5985,13.698],[100.598,13.6995],[100.5975,13.6985],[100.596,13.6985],[100.5955,13.699],[100.5965,13.7005],[100.5955,13.7025],[100.595,13.7015]],[[100.6015,13.712],[100.5995,13.7125],[100.598,13.712],[100.598,13.711],[100.6015,13.711],[100.6015,13.712]],[[100.6,13.703],[100.599,13.702],[100.5995,13.702],[100.6,13.703]],[[100.6015,13.7035],[100.6005,13.702],[100.601,13.7025],[100.6015,13.7035]],[[100.598,13.7135],[100.5975,13.712],[100.5985,13.7135],[100.598,13.7135]],[[100.598,13.709],[100.5975,13.709],[100.5975,13.7085],[100.598,13.7085],[100.598,13.709]],[[100.5975,13.7075],[100.597,13.7075],[100.5975,13.7075]],[[100.5975,13.7045],[100.5975,13.705],[100.5975,13.7045]],[[100.5985,13.703],[100.5975,13.703],[100.5975,13.7025],[100.5985,13.703]],[[100.5975,13.7015],[100.5965,13.7015],[100.597,13.701],[100.5975,13.7015]],[[100.5975,13.7],[100.597,13.7],[100.5975,13.7]],[[100.5955,13.7115],[100.596,13.711],[100.5955,13.7115]],[[100.5955,13.7095],[100.596,13.708],[100.5975,13.71],[100.597,13.7105],[100.5955,13.7095]],[[100.5955,13.7035]],[[100.594,13.707],[100.5945,13.7065],[100.594,13.707]],[[100.5945,13.705]],[[100.5935,13.7055],[100.594,13.705],[100.5935,13.7055]],[[100.5935,13.7045]],[[100.596,13.7105],[100.5955,13.7105],[100.596,13.7105]],[[100.597,13.708]],[[100.5965,13.7055],[100.597,13.7055],[100.5965,13.7055]],[[100.5965,13.7035],[100.596,13.7035],[100.5965,13.7035]],[[100.597,13.7025],[100.5965,13.7025],[100.597,13.7025]],[[100.596,13.7045],[100.596,13.704],[100.596,13.7045]],[[100.5965,13.707],[100.5965,13.7075],[100.596,13.707],[100.5965,13.707]],[[100.5995,13.7105],[100.5995,13.71],[100.5995,13.7105]],[[100.5995,13.7075],[100.5985,13.707],[100.6,13.707],[100.5995,13.7075]],[[100.5995,13.7045]],[[100.599,13.7005],[100.5995,13.7005],[100.599,13.7005]],[[100.5985,13.7055],[100.5985,13.7045],[100.599,13.7045],[100.5985,13.7055]],[[100.599,13.703]],[[100.5985,13.6995],[100.5985,13.7],[100.5985,13.6995]],[[100.5985,13.701]],[[100.603,13.7085],[100.603,13.708],[100.603,13.7085]],[[100.603,13.7065],[100.6025,13.7075],[100.601,13.7065],[100.602,13.707],[100.603,13.7065]],[[100.603,13.705],[100.603,13.704],[100.6055,13.704],[100.6055,13.705],[100.6035,13.7045],[100.603,13.705]],[[100.603,13.7]],[[100.603,13.699],[100.6035,13.699],[100.6035,13.6995],[100.603,13.699]],[[100.602,13.7015]],[[100.602,13.7015],[100.6015,13.7015],[100.602,13.7015]],[[100.6015,13.7005],[100.603,13.701],[100.6015,13.7005]],[[100.602,13.7085],[100.602,13.708],[100.602,13.7085]],[[100.6025,13.7035]],[[100.603,13.703]],[[100.6045,13.703],[100.6035,13.702],[100.6045,13.7025],[100.6045,13.703]],[[100.6035,13.7035],[100.604,13.7035],[100.6035,13.7035]],[[100.6055,13.7075],[100.605,13.7075],[100.6055,13.7075]],[[100.604,13.707]],[[100.6035,13.706],[100.605,13.7065],[100.604,13.706],[100.6035,13.706]],[[100.606,13.708],[100.6065,13.708],[100.606,13.708]],[[100.606,13.706],[100.6065,13.7065],[100.606,13.706]],[[100.607,13.704],[100.6065,13.704],[100.607,13.704]],[[100.606,13.702],[100.606,13.7015],[100.606,13.702]],[[100.605,13.6995],[100.6055,13.7],[100.605,13.6995]],[[100.6075,13.7025],[100.607,13.7025],[100.607,13.702],[100.6075,13.7025]],[[100.6065,13.7055]],[[100.6075,13.706]],[[100.608,13.7055]]]}},{"type":"Feature","properties":{"station":"On Nut","line":"","band":"10"},"geometry":{"type":"Polygon","coordinates":[[[100.597,13.703],[100.596,13.7035],[100.596,13.7045],[100.594,13.7045],[100.5955,13.705],[100.595,13.707],[100.5965,13.7055],[100.5975,13.706],[100.597,13.708],[100.598,13.709],[100.5965,13.709],[100.5975,13.71],[100.5965,13.711],[100.597,13.712],[100.5985,13.711],[100.603,13.711],[100.6025,13.7105],[100.604,13.71],[100.605,13.7075],[100.6055,13.7075],[100.605,13.7085],[100.606,13.709],[100.607,13.706],[100.6065,13.7065],[100.606,13.706],[100.607,13.7055],[100.6055,13.7045],[100.603,13.705],[100.603,13.704],[100.606,13.704],[100.605,13.7025],[100.6045,13.703],[100.6035,13.702],[100.605,13.702],[100.604,13.7015],[100.605,13.701],[100.6045,13.699],[100.6025,13.6995],[100.603,13.701],[100.6005,13.7],[100.599,13.7005],[100.5985,13.702],[100.5995,13.702],[100.6,13.703],[100.5985,13.702],[100.598,13.7025],[100.5985,13.703],[100.5975,13.7035],[100.597,13.703]],[[100.601,13.7065],[100.602,13.707],[100.603,13.7065],[100.6025,13.7075],[100.601,13.7065]],[[100.6015,13.7035],[100.601,13.7025],[100.6005,13.702],[100.601,13.7025],[100.6015,13.7035]],[[100.5995,13.7105],[100.5995,13.71],[100.5995,13.7105]],[[100.5995,13.7075],[100.5985,13.707],[100.6,13.707],[100.5995,13.7075]],[[100.5995,13.7045]],[[100.5985,13.7055],[100.598,13.705],[100.599,13.7045],[100.5985,13.7055]],[[100.5985,13.703],[100.599,13.703],[100.5985,13.703]],[[100.5975,13.7045],[100.5975,13.705],[100.5975,13.7045]],[[100.602,13.708],[100.602,13.7085],[100.602,13.708]],[[100.6025,13.7035]],[[100.602,13.7015]],[[100.602,13.7015],[100.6015,13.7015],[100.602,13.7015]],[[100.603,13.708],[100.603,13.7085],[100.603,13.708]],[[100.603,13.703]],[[100.6035,13.7035],[100.604,13.7035],[100.6035,13.7035]],[[100.604,13.707]],[[100.6035,13.706],[100.605,13.7065],[100.604,13.706],[100.6035,13.706]]]}},{"type":"Feature","properties":{"station":"Outer Ring Road-Ram Inthra","line":"MRT","band":"15"},"geometry":{"type":"Polygon","coordinates":[[[100.673,13.8275],[100.6725,13.8295],[100.6745,13.831],[100.6745,13.8325],[100.677,13.832],[100.6765,13.831],[100.6785,13.8315],[100.677,13.829],[100.6795,13.831],[100.6795,13.8295],[100.6805,13.83],[100.681,13.8295],[100.6805,13.8285],[100.682,13.827],[100.6785,13.8235],[100.68,13.8225],[100.6795,13.822],[100.6765,13.824],[100.6755,13.822],[100.675,13.8235],[100.676,13.8245],[100.673,13.8275]],[[100.6765,13.827],[100.677,13.8265],[100.6775,13.8265],[100.677,13.827],[100.6765,13.827]],[[100.6755,13.8285]],[[100.6745,13.83],[100.6735,13.829],[100.6745,13.8295],[100.6745,13.83]],[[100.6745,13.8285],[100.6735,13.828],[100.6745,13.827],[100.675,13.8275],[100.6745,13.8285]],[[100.678,13.826],[100.6785,13.8245],[100.6805,13.8265],[100.679,13.827],[100.678,13.826]],[[100.6785,13.8275],[100.679,13.8285],[100.6785,13.8275]],[[100.6805,13.8275],[100.681,13.827],[100.6805,13.8275]]]}},{"type":"Feature","properties":{"station":"Outer Ring Road-Ram Inthra","line":"MRT","band":"10"},"geometry":{"type":"Polygon","coordinates":[[[100.676,13.8225],[100.675,13.8225],[100.676,13.8245],[100.675,13.8255],[100.6755,13.826],[100.674,13.829],[100.675,13.8295],[100.6755,13.8285],[100.6775,13.828],[100.68,13.83],[100.681,13.8295],[100.6805,13.8285],[100.6815,13.8285],[100.682,13.827],[100.6785,13.8235],[100.68,13.8225],[100.679,13.822],[100.6765,13.824],[100.676,13.8225]],[[100.677,13.827],[100.6765,13.827],[100.6775,13.8265],[100.677,13.827]],[[100.678,13.826],[100.6785,13.8245],[100.6805,13.8265],[100.679,13.827],[100.678,13.826]],[[100.6785,13.8275],[100.679,13.828],[100.679,13.8285],[100.6785,13.8275]],[[100.6805,13.8275],[100.681,13.827],[100.6805,13.8275]]]}},{"type":"Feature","properties":{"station":"Pak Kret Bypass","line":"MRT","band":"15"},"geometry":{"type":"Polygon","coordinates":[[[100.509,13.9035],[100.508,13.9035],[100.5085,13.9055],[100.5075,13.9055],[100.5075,13.9065],[100.5055,13.9065],[100.505,13.908],[100.506,13.9085],[100.5085,13.9075],[100.509,13.9085],[100.51,13.9085],[100.51,13.91],[100.5115,13.9095],[100.512,13.9105],[100.5115,13.9115],[100.5145,13.9105],[100.5155,13.9115],[100.5145,13.9125],[100.5155,13.913],[100.5165,13.9125],[100.517,13.9145],[100.5185,13.9145],[100.52,13.913],[100.5225,13.914],[100.5225,13.911],[100.521,13.91],[100.523,13.9095],[100.523,13.9065],[100.524,13.908],[100.526,13.9055],[100.523,13.9035],[100.5205,13.9035],[100.5195,13.9045],[100.52,13.9035],[100.519,13.903],[100.5185,13.9045],[100.518,13.9035],[100.517,13.904],[100.52,13.9015],[100.516,13.9005],[100.5155,13.8985],[100.5135,13.9],[100.514,13.9005],[100.5125,13.9],[100.5125,13.901],[100.512,13.9005],[100.5115,13.901],[100.512,13.904],[100.511,13.9035],[100.51,13.904],[100.5095,13.903],[100.509,13.9035]],[[100.517,13.9095]],[[100.517,13.9095],[100.5155,13.909],[100.5135,13.9105],[100.514,13.907],[100.5155,13.907],[100.516,13.908],[100.5155,13.9085],[100.5165,13.9085],[100.517,13.9095]],[[100.515,13.9045],[100.5135,13.905],[100.5155,13.9035],[100.515,13.9045]],[[100.515,13.902],[100.515,13.9015],[100.5155,13.9015],[100.515,13.902]],[[100.5095,13.9075],[100.5095,13.908],[100.5095,13.9075]],[[100.511,13.9085],[100.511,13.9075],[100.511,13.9085]],[[100.512,13.9085],[100.512,13.9075],[100.512,13.9085]],[[100.512,13.9055],[100.5115,13.9055],[100.512,13.9055]],[[100.509,13.904],[100.51,13.905],[100.5095,13.9055],[100.509,13.904]],[[100.509,13.906],[100.5085,13.906],[100.509,13.906]],[[100.5105,13.906]],[[100.512,13.9095],[100.512,13.909],[100.512,13.9095]],[[100.513,13.901],[100.5135,13.901],[100.513,13.901]],[[100.513,13.9055]],[[100.5125,13.908],[100.5125,13.907],[100.5125,13.908]],[[100.514,13.9015]],[[100.516,13.9055],[100.516,13.905],[100.516,13.9055]],[[100.5155,13.9005]],[[100.5145,13.906],[100.515,13.9055],[100.515,13.906],[100.5145,13.906]],[[100.519,13.913],[100.5195,13.913],[100.519,13.913]],[[100.52,13.9095],[100.518,13.9095],[100.5175,13.9085],[100.5185,13.909],[100.5195,13.9085],[100.52,13.9095]],[[100.5185,13.9075],[100.5185,13.907],[100.519,13.907],[100.5195,13.907],[100.5185,13.9075]],[[100.519,13.9055]],[[100.5175,13.9075]],[[100.5175,13.9075],[100.5175,13.907],[100.5175,13.9075]],[[100.5185,13.9115],[100.5185,13.911],[100.5185,13.9115]],[[100.52,13.9055]],[[100.5195,13.905]],[[100.5195,13.9105]],[[100.5195,13.912]],[[100.522,13.9075],[100.522,13.9065],[100.5225,13.9065],[100.5225,13.9075],[100.522,13.9075]],[[100.521,13.9115],[100.5205,13.912],[100.5205,13.9115],[100.521,13.9115]],[[100.5205,13.91],[100.521,13.91],[100.5205,13.91]],[[100.5205,13.9095]]]}},{"type":"Feature","properties":{"station":"Pak Kret Bypass","line":"MRT","band":"10"},"geometry":{"type":"Polygon","coordinates":[[[100.512,13.9045],[100.5105,13.9045],[100.5105,13.906],[100.509,13.906],[100.5085,13.9075],[100.51,13.9075],[100.5095,13.908],[100.5105,13.909],[100.511,13.9075],[100.511,13.9095],[100.512,13.909],[100.5125,13.91],[100.514,13.9085],[100.514,13.907],[100.5155,13.907],[100.516,13.908],[100.5155,13.9085],[100.5165,13.9085],[100.517,13.9095],[100.515,13.9095],[100.515,13.911],[100.5165,13.9115],[100.517,13.911],[100.518,13.9125],[100.5185,13.912],[100.518,13.911],[100.519,13.9115],[100.5195,13.91],[100.518,13.9095],[100.5175,13.9075],[100.519,13.907],[100.519,13.908],[100.521,13.909],[100.521,13.908],[100.5225,13.9065],[100.521,13.9045],[100.5195,13.905],[100.519,13.9035],[100.5185,13.9045],[100.518,13.9035],[100.517,13.904],[100.518,13.903],[100.516,13.9015],[100.5145,13.903],[100.5155,13.9035],[100.515,13.9045],[100.5135,13.905],[100.5135,13.904],[100.5125,13.9035],[100.512,13.9045]],[[100.5145,13.906],[100.515,13.9055],[100.515,13.906],[100.5145,13.906]],[[100.512,13.9085],[100.512,13.9075],[100.512,13.9085]],[[100.512,13.9055],[100.5115,13.9055],[100.512,13.9055]],[[100.513,13.9055]],[[100.5125,13.908],[100.5125,13.907],[100.5125,13.908]],[[100.516,13.905],[100.516,13.9055],[100.516,13.905]],[[100.52,13.9055]],[[100.517,13.9095]],[[100.5175,13.9075],[100.5175,13.907],[100.5175,13.9075]],[[100.519,13.9055]]]}},{"type":"Feature","properties":{"station":"Pak Nam","line":"","band":"15"},"geometry":{"type":"Polygon","coordinates":[[[100.5965,13.6015],[100.5965,13.6025],[100.5975,13.602],[100.5965,13.6015]]]}},{"type":"Feature","properties":{"station":"Pak Nam","line":"","band":"10"},"geometry":{"type":"Polygon","coordinates":[[[100.5965,13.6015],[100.5965,13.6025],[100.5975,13.602],[100.5965,13.6015]]]}},{"type":"Feature","properties":{"station":"Phahon Yothin","line":"","band":"15"},"geometry":{"type":"Polygon","coordinates":[[[100.555,13.8065],[100.554,13.807],[100.5555,13.8095],[100.5545,13.81],[100.5555,13.8115],[100.5545,13.8115],[100.554,13.813],[100.556,13.815],[100.556,13.817],[100.555,13.817],[100.5545,13.815],[100.5545,13.816],[100.5535,13.8155],[100.553,13.816],[100.5525,13.818],[100.554,13.8195],[100.556,13.82],[100.5555,13.821],[100.5565,13.8215],[100.5575,13.821],[100.559,13.823],[100.56,13.8225],[100.559,13.822],[100.5615,13.821],[100.5605,13.8205],[100.561,13.82],[100.5605,13.8195],[100.5595,13.8205],[100.5595,13.8195],[100.5625,13.8195],[100.5615,13.82],[100.562,13.821],[100.564,13.8205],[100.565,13.822],[100.5655,13.821],[100.5645,13.8205],[100.567,13.8195],[100.5655,13.8185],[100.5665,13.8185],[100.567,13.817],[100.5655,13.817],[100.567,13.8165],[100.567,13.815],[100.5685,13.815],[100.5695,13.8125],[100.5685,13.812],[100.569,13.8105],[100.5685,13.81],[100.5705,13.8105],[100.57,13.8085],[100.571,13.8075],[100.57,13.8065],[100.5695,13.808],[100.5695,13.8075],[100.5685,13.808],[100.5685,13.807],[100.5645,13.808],[100.564,13.806],[100.563,13.806],[100.561,13.804],[100.56,13.804],[100.56,13.8055],[100.5565,13.806],[100.556,13.805],[100.5555,13.806],[100.5545,13.806],[100.555,13.8065]],[[100.5595,13.8185],[100.5595,13.818],[100.56,13.818],[100.5595,13.8185]],[[100.56,13.8165],[100.5605,13.817],[100.561,13.8175],[100.5605,13.817],[100.56,13.8165]],[[100.56,13.816],[100.561,13.8155],[100.5615,13.8175],[100.56,13.816]],[[100.5575,13.819],[100.558,13.819],[100.5575,13.819]],[[100.5575,13.817],[100.558,13.817],[100.5575,13.8175],[100.5575,13.817]],[[100.557,13.815],[100.5555,13.8135],[100.5555,13.8125],[100.5565,13.8125],[100.5575,13.815],[100.557,13.815]],[[100.558,13.8085],[100.5575,13.8085],[100.558,13.8085]],[[100.5565,13.809],[100.5555,13.8085],[100.5555,13.808],[100.556,13.808],[100.5565,13.809]],[[100.5535,13.8175],[100.555,13.8175],[100.554,13.818],[100.5535,13.8175]],[[100.557,13.8105],[100.557,13.81],[100.5575,13.81],[100.557,13.8105]],[[100.5565,13.8195],[100.557,13.8195],[100.5565,13.8195]],[[100.557,13.816],[100.5565,13.816],[100.557,13.816]],[[100.558,13.816],[100.558,13.8155],[100.558,13.816]],[[100.559,13.8085],[100.559,13.808],[100.559,13.8085]],[[100.5585,13.8075],[100.5585,13.8065],[100.559,13.8075],[100.5585,13.8075]],[[100.5585,13.814]],[[100.5585,13.813],[100.558,13.813],[100.558,13.8125],[100.5585,13.813]],[[100.563,13.8195],[100.5635,13.8195],[100.563,13.8195]],[[100.562,13.819],[100.5625,13.8185],[100.563,13.819],[100.562,13.819]],[[100.5625,13.817]],[[100.5635,13.8085],[100.5615,13.809],[100.5625,13.808],[100.5635,13.8085]],[[100.561,13.8085],[100.5605,13.8095],[100.5605,13.8085],[100.561,13.8085]],[[100.5605,13.8075],[100.561,13.8065],[100.561,13.8075],[100.5605,13.8075]],[[100.562,13.806],[100.5615,13.806],[100.562,13.806]],[[100.5605,13.813]],[[100.562,13.8155]],[[100.562,13.813],[100.562,13.814],[100.5615,13.814],[100.562,13.8135],[100.562,13.813]],[[100.5615,13.8125],[100.5615,13.812],[100.562,13.812],[100.5615,13.8125]],[[100.5625,13.812],[100.5625,13.8115],[100.563,13.8115],[100.5625,13.812]],[[100.5625,13.811],[100.5635,13.811],[100.5625,13.811]],[[100.5615,13.8115]],[[100.5615,13.811]],[[100.5615,13.808],[100.562,13.807],[100.5615,13.808]],[[100.563,13.8145]],[[100.563,13.814]],[[100.563,13.8125]],[[100.566,13.81],[100.566,13.8095],[100.566,13.81]],[[100.566,13.8085],[100.5655,13.8085],[100.565,13.8085],[100.566,13.8085]],[[100.564,13.818],[100.5645,13.818],[100.5635,13.818],[100.564,13.818]],[[100.565,13.816],[100.5645,13.8155],[100.565,13.8145],[100.565,13.816]],[[100.565,13.813],[100.5645,13.813],[100.565,13.813]],[[100.5655,13.812],[100.5645,13.8115],[100.5655,13.811],[100.5655,13.812]],[[100.5645,13.8095],[100.565,13.8095],[100.5645,13.8095]],[[100.5655,13.814]]]}},{"type":"Feature","properties":{"station":"Phahon Yothin","line":"","band":"10"},"geometry":{"type":"Polygon","coordinates":[[[100.5585,13.8085],[100.5565,13.8085],[100.556,13.8095],[100.5575,13.81],[100.5565,13.81],[100.556,13.811],[100.557,13.811],[100.5565,13.812],[100.558,13.816],[100.556,13.816],[100.5565,13.8175],[100.558,13.817],[100.5575,13.8185],[100.559,13.8195],[100.5615,13.8185],[100.5635,13.8195],[100.565,13.8145],[100.565,13.8155],[100.566,13.8145],[100.5655,13.813],[100.5665,13.813],[100.5675,13.8115],[100.5675,13.809],[100.565,13.8085],[100.564,13.8075],[100.5635,13.809],[100.5615,13.809],[100.5615,13.808],[100.56,13.8075],[100.5595,13.809],[100.5585,13.8085]],[[100.5595,13.8185],[100.5595,13.818],[100.56,13.818],[100.5595,13.8185]],[[100.56,13.8165],[100.5605,13.817],[100.561,13.8175],[100.5605,13.817],[100.56,13.8165]],[[100.56,13.816],[100.561,13.8155],[100.5615,13.8175],[100.56,13.816]],[[100.5585,13.814]],[[100.5585,13.813],[100.558,13.8125],[100.5585,13.813]],[[100.563,13.8145]],[[100.563,13.814]],[[100.5625,13.812],[100.5625,13.8115],[100.563,13.8115],[100.5625,13.812]],[[100.5625,13.811],[100.5635,13.811],[100.563,13.811],[100.5625,13.811]],[[100.5605,13.813]],[[100.5605,13.8095],[100.5605,13.8085],[100.561,13.8085],[100.561,13.8095],[100.5605,13.8095]],[[100.562,13.813],[100.562,13.814],[100.5615,13.814],[100.562,13.8135],[100.562,13.813]],[[100.5615,13.8125],[100.5615,13.812],[100.562,13.812],[100.5615,13.8125]],[[100.5615,13.8115]],[[100.5615,13.811]],[[100.562,13.8155]],[[100.5645,13.8115],[100.5655,13.8115],[100.5655,13.812],[100.5645,13.8115]],[[100.566,13.81],[100.5645,13.8095],[100.566,13.81]],[[100.5625,13.817]],[[100.562,13.818]],[[100.5635,13.816]],[[100.563,13.8125]],[[100.5645,13.813],[100.565,13.813],[100.5645,13.813]]]}},{"type":"Feature","properties":{"station":"Phahonyothin 24","line":"BTS","band":"15"},"geometry":{"type":"Polygon","coordinates":[[[100.5595,13.8205],[100.5585,13.821],[100.558,13.8245],[100.559,13.8245],[100.5585,13.827],[100.56,13.826],[100.5595,13.8275],[100.5605,13.828],[100.563,13.8265],[100.563,13.8285],[100.5615,13.83],[100.5675,13.8315],[100.568,13.8295],[100.569,13.8295],[100.5685,13.8305],[100.5695,13.8305],[100.5685,13.8315],[100.5695,13.8315],[100.5705,13.833],[100.572,13.833],[100.5715,13.832],[100.574,13.8295],[100.5705,13.828],[100.57,13.8285],[100.569,13.827],[100.5735,13.8275],[100.5745,13.8255],[100.5735,13.825],[100.574,13.823],[100.5735,13.8225],[100.573,13.8235],[100.5725,13.823],[100.5735,13.823],[100.5725,13.821],[100.5715,13.821],[100.572,13.82],[100.5705,13.8195],[100.57,13.8205],[100.569,13.819],[100.5695,13.8175],[100.569,13.8165],[100.5665,13.818],[100.5655,13.8165],[100.5635,13.8155],[100.5625,13.817],[100.5625,13.8155],[100.561,13.8155],[100.5615,13.8175],[100.5595,13.8195],[100.56,13.82],[100.5595,13.8205]],[[100.567,13.8235],[100.5675,13.8235],[100.567,13.8235]],[[100.567,13.8225],[100.566,13.8225],[100.567,13.822],[100.567,13.8225]],[[100.567,13.8215],[100.5645,13.8205],[100.566,13.8195],[100.5675,13.821],[100.567,13.8215]],[[100.564,13.828],[100.5635,13.8265],[100.566,13.827],[100.565,13.8275],[100.564,13.8265],[100.564,13.828]],[[100.5625,13.8255],[100.563,13.8245],[100.5645,13.8255],[100.5635,13.825],[100.5625,13.8255]],[[100.5615,13.8235]],[[100.5645,13.822],[100.559,13.8215],[100.564,13.8205],[100.5645,13.822]],[[100.563,13.8195],[100.5635,13.8195],[100.563,13.8195]],[[100.5635,13.818],[100.564,13.8175],[100.5645,13.8175],[100.5635,13.818]],[[100.562,13.8245]],[[100.5625,13.8195],[100.5615,13.8195],[100.5625,13.8195]],[[100.561,13.8245],[100.5595,13.824],[100.561,13.824],[100.561,13.8245]],[[100.562,13.819],[100.5625,13.8185],[100.563,13.819],[100.562,13.819]],[[100.563,13.823],[100.563,13.8225],[100.563,13.823]],[[100.5645,13.8295]],[[100.565,13.824],[100.5655,13.8235],[100.566,13.824],[100.565,13.824]],[[100.5685,13.8285]],[[100.57,13.8245],[100.5675,13.824],[100.57,13.8245]],[[100.569,13.82]],[[100.5685,13.823]],[[100.568,13.8275]],[[100.568,13.826],[100.5685,13.826],[100.568,13.826]],[[100.5705,13.8225]],[[100.572,13.824]],[[100.5725,13.824]],[[100.5715,13.8225],[100.572,13.823],[100.5715,13.8225]],[[100.5725,13.825]],[[100.5725,13.826],[100.573,13.826],[100.5735,13.8255],[100.5735,13.826],[100.5725,13.826]],[[100.5695,13.8285]]]}},{"type":"Feature","properties":{"station":"Phahonyothin 24","line":"BTS","band":"10"},"geometry":{"type":"Polygon","coordinates":[[[100.563,13.8185],[100.5635,13.8195],[100.562,13.82],[100.563,13.821],[100.564,13.8205],[100.5645,13.822],[100.562,13.822],[100.5615,13.8225],[100.562,13.823],[100.5605,13.823],[100.561,13.8255],[100.5615,13.826],[100.5625,13.8255],[100.563,13.8245],[100.5645,13.825],[100.563,13.8255],[100.566,13.8265],[100.5645,13.828],[100.5645,13.829],[100.567,13.8285],[100.5675,13.8295],[100.57,13.83],[100.571,13.829],[100.569,13.827],[100.5705,13.827],[100.5715,13.825],[100.57,13.8255],[100.5695,13.8245],[100.5675,13.824],[100.5695,13.8245],[100.571,13.824],[100.5705,13.822],[100.5685,13.8215],[100.569,13.8205],[100.568,13.8195],[100.567,13.82],[100.5675,13.821],[100.567,13.8215],[100.565,13.821],[100.5645,13.8205],[100.566,13.8195],[100.563,13.8185]],[[100.567,13.8235],[100.5675,13.8235],[100.567,13.8235]],[[100.567,13.8225],[100.566,13.8225],[100.567,13.822],[100.567,13.8225]],[[100.565,13.824],[100.5655,13.8235],[100.566,13.824],[100.565,13.824]],[[100.5615,13.8235]],[[100.562,13.8245]],[[100.563,13.823],[100.563,13.8225],[100.563,13.823]],[[100.568,13.826],[100.5685,13.826],[100.568,13.826]],[[100.568,13.8275]],[[100.5685,13.8285]],[[100.5695,13.8285]],[[100.5685,13.823]],[[100.5695,13.8225]]]}},{"type":"Feature","properties":{"station":"Phahonyothin 59","line":"BTS","band":"15"},"geometry":{"type":"Polygon","coordinates":[[[100.5955,13.876],[100.5945,13.876],[100.594,13.878],[100.5955,13.8775],[100.596,13.8785],[100.5965,13.878],[100.5965,13.879],[100.596,13.8795],[100.5955,13.8785],[100.5935,13.879],[100.5935,13.8805],[100.5925,13.881],[100.5935,13.8815],[100.592,13.8825],[100.594,13.882],[100.5945,13.8825],[100.5925,13.8845],[100.593,13.8855],[100.595,13.887],[100.596,13.8865],[100.5955,13.8875],[100.596,13.888],[100.5975,13.8875],[100.597,13.8885],[100.5985,13.8885],[100.5985,13.8895],[100.601,13.89],[100.603,13.889],[100.6025,13.89],[100.606,13.8915],[100.6065,13.89],[100.606,13.8885],[100.605,13.8885],[100.6055,13.888],[100.6065,13.8885],[100.6085,13.884],[100.607,13.8835],[100.606,13.882],[100.6065,13.881],[100.6055,13.8805],[100.606,13.8795],[100.603,13.8795],[100.6045,13.8775],[100.602,13.877],[100.6015,13.8755],[100.6005,13.8755],[100.6,13.8745],[100.599,13.875],[100.598,13.8735],[100.595,13.8745],[100.5955,13.876]],[[100.5985,13.8855],[100.599,13.8855],[100.5995,13.8855],[100.599,13.8855],[100.5985,13.8855]],[[100.5985,13.8845],[100.598,13.885],[100.599,13.8845],[100.5985,13.8845]],[[100.599,13.882],[100.5985,13.8815],[100.599,13.8815],[100.599,13.882]],[[100.599,13.878]],[[100.5995,13.8775]],[[100.599,13.877],[100.599,13.8765],[100.599,13.877]],[[100.597,13.8865],[100.5965,13.8865],[100.5965,13.886],[100.597,13.8865]],[[100.596,13.8845],[100.5955,13.884],[100.5965,13.8835],[100.597,13.884],[100.596,13.8845]],[[100.5975,13.882],[100.5955,13.8825],[100.5955,13.882],[100.5975,13.8815],[100.5975,13.882]],[[100.5975,13.8805]],[[100.596,13.88],[100.596,13.8805],[100.596,13.88]],[[100.5955,13.8805],[100.595,13.8795],[100.5945,13.8795],[100.595,13.8795],[100.5955,13.8805]],[[100.597,13.877]],[[100.597,13.8755]],[[100.598,13.8835]],[[100.5985,13.8775]],[[100.603,13.887],[100.6025,13.887],[100.603,13.887]],[[100.6,13.8855],[100.6005,13.885],[100.6,13.8855]],[[100.6,13.8845],[100.6005,13.884],[100.6005,13.8845],[100.6,13.8845]],[[100.5995,13.883],[100.6,13.882],[100.6005,13.8825],[100.5995,13.883]],[[100.6005,13.8805]],[[100.6,13.8795],[100.6005,13.879],[100.601,13.8795],[100.6,13.88],[100.6,13.8795]],[[100.6015,13.885],[100.601,13.8845],[100.6015,13.8845],[100.6015,13.885]],[[100.602,13.88],[100.602,13.8795],[100.6025,13.88],[100.602,13.88]],[[100.602,13.8775],[100.6025,13.8775],[100.602,13.878],[100.602,13.8775]],[[100.6045,13.882],[100.6045,13.8815],[100.6045,13.882]],[[100.604,13.8895],[100.604,13.889],[100.604,13.8895]],[[100.603,13.8875]],[[100.6055,13.8815],[100.605,13.8815],[100.6055,13.8815]]]}},{"type":"Feature","properties":{"station":"Phahonyothin 59","line":"BTS","band":"10"},"geometry":{"type":"Polygon","coordinates":[[[100.598,13.8765],[100.597,13.8765],[100.597,13.879],[100.5955,13.8805],[100.5975,13.8815],[100.5955,13.8825],[100.597,13.884],[100.595,13.8845],[100.5955,13.886],[100.597,13.8855],[100.598,13.8865],[100.599,13.8855],[100.599,13.8865],[100.6005,13.8865],[100.6005,13.8875],[100.602,13.888],[100.603,13.8875],[100.603,13.8885],[100.604,13.8885],[100.6045,13.887],[100.604,13.8865],[100.6055,13.8855],[100.605,13.884],[100.6065,13.8825],[100.605,13.881],[100.6025,13.8805],[100.601,13.878],[100.599,13.877],[100.5985,13.8775],[100.598,13.8765]],[[100.5985,13.8845],[100.598,13.885],[100.599,13.8845],[100.5985,13.8845]],[[100.5995,13.883],[100.6,13.882],[100.6005,13.8825],[100.5995,13.883]],[[100.5975,13.8805],[100.598,13.8805],[100.5975,13.8805]],[[100.598,13.8835]],[[100.5985,13.882],[100.599,13.8815],[100.599,13.882],[100.5985,13.882]],[[100.599,13.878]],[[100.6015,13.885],[100.601,13.8845],[100.6015,13.8845],[100.6015,13.885]],[[100.6,13.8855],[100.6005,13.885],[100.6,13.8855]],[[100.6,13.8845],[100.6005,13.884],[100.6005,13.8845],[100.6,13.8845]],[[100.601,13.8805],[100.6005,13.8795],[100.6,13.88],[100.6005,13.879],[100.601,13.8805]],[[100.6005,13.8805]],[[100.6025,13.887],[100.603,13.887],[100.6025,13.887]],[[100.604,13.8815],[100.6045,13.882],[100.604,13.8815]]]}},{"type":"Feature","properties":{"station":"Phasi Charoen","line":"","band":"15"},"geometry":{"type":"Polygon","coordinates":[[[100.426,13.71],[100.426,13.7115],[100.4245,13.712],[100.4265,13.714],[100.427,13.7135],[100.4285,13.7165],[100.429,13.715],[100.4295,13.7155],[100.43,13.715],[100.4305,13.713],[100.431,13.7145],[100.43,13.717],[100.4305,13.718],[100.4315,13.717],[100.432,13.7145],[100.4325,13.715],[100.433,13.7145],[100.4335,13.7155],[100.4345,13.715],[100.434,13.7135],[100.4355,13.7135],[100.436,13.7145],[100.4355,13.716],[100.4365,13.7165],[100.4375,13.7155],[100.438,13.7175],[100.4385,13.7165],[100.44,13.717],[100.4405,13.7155],[100.442,13.717],[100.4425,13.7155],[100.4435,13.716],[100.445,13.715],[100.4425,13.713],[100.4415,13.7135],[100.4405,13.7125],[100.443,13.712],[100.4415,13.7115],[100.4415,13.7105],[100.4405,13.71],[100.439,13.7105],[100.44,13.71],[100.439,13.7095],[100.439,13.7085],[100.4375,13.709],[100.4385,13.711],[100.4375,13.7115],[100.4325,13.7095],[100.4315,13.711],[100.4315,13.709],[100.4285,13.708],[100.429,13.71],[100.427,13.711],[100.426,13.71]],[[100.435,13.7125],[100.433,13.712],[100.433,13.711],[100.435,13.711],[100.435,13.7125]],[[100.4305,13.711],[100.43,13.711],[100.4305,13.7105],[100.4305,13.711]],[[100.4305,13.7105]],[[100.4285,13.712]],[[100.427,13.712]],[[100.427,13.713]],[[100.429,13.7145]],[[100.429,13.712]],[[100.4315,13.7135],[100.4315,13.713],[100.4315,13.7135]],[[100.4305,13.712],[100.431,13.712],[100.4305,13.712]],[[100.4395,13.7115],[100.4395,13.711],[100.4395,13.7115]],[[100.4375,13.715],[100.437,13.715],[100.4375,13.7145],[100.4375,13.715]],[[100.4365,13.7145]],[[100.44,13.712],[100.4405,13.7125],[100.44,13.7125],[100.44,13.712]],[[100.44,13.7105]],[[100.4395,13.713]],[[100.4415,13.7155],[100.441,13.7155],[100.4415,13.7155]]]}},{"type":"Feature","properties":{"station":"Phasi Charoen","line":"","band":"10"},"geometry":{"type":"Polygon","coordinates":[[[100.431,13.711],[100.429,13.711],[100.429,13.712],[100.428,13.7125],[100.4295,13.713],[100.4295,13.714],[100.4305,13.713],[100.4305,13.7145],[100.4315,13.7145],[100.4315,13.713],[100.4365,13.7135],[100.439,13.7155],[100.44,13.7155],[100.44,13.7145],[100.4405,13.715],[100.4415,13.714],[100.4395,13.713],[100.44,13.7125],[100.4395,13.711],[100.4365,13.7115],[100.436,13.7105],[100.4325,13.7095],[100.4315,13.711],[100.431,13.7095],[100.431,13.711]],[[100.4335,13.7125],[100.433,13.711],[100.435,13.711],[100.435,13.7125],[100.4335,13.7125]],[[100.4305,13.712]]]}},{"type":"Feature","properties":{"station":"Phaya Thai","line":"ARL","band":"15"},"geometry":{"type":"Polygon","coordinates":[[[100.527,13.7515],[100.526,13.754],[100.5265,13.7545],[100.525,13.7555],[100.5255,13.7565],[100.5265,13.7565],[100.5265,13.7575],[100.529,13.7585],[100.525,13.7605],[100.5245,13.7625],[100.526,13.763],[100.528,13.7615],[100.5285,13.7635],[100.53,13.7645],[100.5305,13.764],[100.53,13.7625],[100.5315,13.764],[100.531,13.7615],[100.533,13.7605],[100.533,13.7615],[100.5315,13.763],[100.532,13.764],[100.536,13.766],[100.5385,13.766],[100.538,13.7645],[100.5385,13.766],[100.5395,13.766],[100.5405,13.764],[100.5395,13.7625],[100.5415,13.7635],[100.542,13.7615],[100.541,13.7605],[100.5415,13.76],[100.5425,13.7605],[100.5435,13.759],[100.543,13.7575],[100.5435,13.758],[100.545,13.7565],[100.5435,13.7555],[100.5445,13.754],[100.5425,13.7545],[100.543,13.7535],[100.542,13.753],[100.5405,13.7535],[100.541,13.7525],[100.539,13.7525],[100.5385,13.7505],[100.536,13.7505],[100.536,13.7515],[100.5355,13.7485],[100.5345,13.75],[100.5335,13.749],[100.5315,13.749],[100.5325,13.7475],[100.5315,13.7475],[100.531,13.7465],[100.528,13.75],[100.528,13.7515],[100.527,13.7515]],[[100.5345,13.76],[100.534,13.76],[100.5345,13.76]],[[100.535,13.7555],[100.536,13.7555],[100.5355,13.7555],[100.535,13.7555]],[[100.535,13.755],[100.5345,13.755],[100.535,13.754],[100.535,13.755]],[[100.5355,13.754],[100.5355,13.7535],[100.5355,13.754]],[[100.531,13.754],[100.5315,13.754],[100.531,13.754]],[[100.5285,13.76],[100.5275,13.76],[100.528,13.7595],[100.5285,13.76]],[[100.53,13.757],[100.5295,13.7575],[100.53,13.757]],[[100.5295,13.755],[100.5295,13.7545],[100.5295,13.755]],[[100.5275,13.756],[100.5275,13.755],[100.528,13.755],[100.5275,13.756]],[[100.526,13.761]],[[100.528,13.7565]],[[100.529,13.75]],[[100.529,13.7615]],[[100.5285,13.7615],[100.529,13.7615],[100.5285,13.7615]],[[100.5305,13.7555]],[[100.5305,13.7545],[100.5305,13.754],[100.5305,13.7545]],[[100.53,13.7525],[100.53,13.752],[100.5305,13.7525],[100.53,13.7525]],[[100.53,13.7515],[100.53,13.7505],[100.5305,13.7505],[100.53,13.7515]],[[100.53,13.75]],[[100.534,13.7595],[100.5335,13.7595],[100.5335,13.759],[100.534,13.7595]],[[100.533,13.758],[100.532,13.758],[100.532,13.7575],[100.533,13.7575],[100.533,13.758]],[[100.5325,13.7525],[100.532,13.7525],[100.5325,13.752],[100.5325,13.7525]],[[100.5325,13.7595]],[[100.533,13.7595]],[[100.534,13.754],[100.5345,13.7535],[100.5345,13.753],[100.5345,13.7535],[100.534,13.754]],[[100.534,13.751]],[[100.534,13.7505],[100.534,13.751],[100.534,13.7505]],[[100.5385,13.763],[100.5385,13.7625],[100.5385,13.762],[100.5385,13.763]],[[100.5385,13.761]],[[100.5385,13.755],[100.5385,13.7545],[100.5385,13.755]],[[100.5385,13.7525]],[[100.537,13.765],[100.536,13.765],[100.535,13.7635],[100.536,13.7645],[100.5365,13.763],[100.537,13.765]],[[100.537,13.756],[100.538,13.7555],[100.538,13.7565],[100.537,13.756]],[[100.5375,13.753],[100.5375,13.7525],[100.538,13.753],[100.5375,13.753]],[[100.536,13.758],[100.5365,13.7585],[100.536,13.758]],[[100.536,13.7525]],[[100.5375,13.755]],[[100.538,13.7625],[100.5375,13.7625],[100.538,13.7625]],[[100.538,13.7615]],[[100.538,13.7595],[100.538,13.76],[100.5375,13.7595],[100.538,13.7595]],[[100.537,13.7615]],[[100.537,13.759],[100.5375,13.759],[100.537,13.759]],[[100.538,13.7635]],[[100.5405,13.7625]],[[100.541,13.757],[100.5415,13.757],[100.5415,13.7575],[100.541,13.757]],[[100.539,13.7555],[100.5395,13.7555],[100.5395,13.756],[100.5395,13.7565],[100.539,13.7555]],[[100.5395,13.753]],[[100.54,13.7545],[100.5405,13.7545],[100.5405,13.755],[100.54,13.755],[100.54,13.7545]],[[100.54,13.7615],[100.5395,13.7615],[100.54,13.7615]],[[100.5415,13.7595],[100.542,13.7595],[100.5415,13.76],[100.5415,13.7595]],[[100.542,13.7585]]]}},{"type":"Feature","properties":{"station":"Phaya Thai","line":"ARL","band":"10"},"geometry":{"type":"Polygon","coordinates":[[[100.5305,13.7525],[100.529,13.7525],[100.528,13.755],[100.5285,13.7565],[100.53,13.756],[100.53,13.7575],[100.529,13.7575],[100.5285,13.7585],[100.529,13.76],[100.528,13.761],[100.531,13.7615],[100.5325,13.7605],[100.532,13.7595],[100.5335,13.759],[100.534,13.761],[100.535,13.7615],[100.5345,13.763],[100.5375,13.7635],[100.5385,13.761],[100.5405,13.76],[100.541,13.757],[100.542,13.756],[100.5395,13.7555],[100.5395,13.7565],[100.538,13.7535],[100.536,13.753],[100.5345,13.755],[100.534,13.7535],[100.5355,13.752],[100.5345,13.751],[100.5335,13.7515],[100.533,13.7505],[100.5325,13.751],[100.5315,13.7495],[100.5305,13.7515],[100.5295,13.7515],[100.5305,13.7525]],[[100.5345,13.76],[100.534,13.76],[100.5345,13.76]],[[100.535,13.7555],[100.536,13.7555],[100.5355,13.7555],[100.535,13.7555]],[[100.532,13.758],[100.532,13.7575],[100.533,13.7575],[100.533,13.758],[100.532,13.758]],[[100.5325,13.7525],[100.532,13.7525],[100.5325,13.752],[100.5325,13.7525]],[[100.531,13.757],[100.531,13.7565],[100.531,13.757]],[[100.531,13.754],[100.5315,13.754],[100.531,13.754]],[[100.5305,13.7555]],[[100.5305,13.7545],[100.5305,13.754],[100.5305,13.7545]],[[100.5295,13.755],[100.5295,13.7545],[100.5295,13.755]],[[100.529,13.755]],[[100.5335,13.754]],[[100.537,13.7615]],[[100.538,13.7565],[100.537,13.756],[100.538,13.7555],[100.538,13.7565]],[[100.5375,13.755]],[[100.536,13.758],[100.5365,13.7585],[100.536,13.758]],[[100.5375,13.7595],[100.538,13.7595],[100.538,13.76],[100.5375,13.7595]],[[100.537,13.759],[100.5375,13.7585],[100.5375,13.759],[100.537,13.759]],[[100.538,13.7615]],[[100.5395,13.7595]]]}},{"type":"Feature","properties":{"station":"Phet Kamphaeng MRT","line":"MRT","band":"15"},"geometry":{"type":"Polygon","coordinates":[[[100.5495,13.7965],[100.542,13.7975],[100.546,13.798],[100.546,13.8015],[100.5475,13.802],[100.5465,13.806],[100.5475,13.8045],[100.548,13.8075],[100.549,13.807],[100.5485,13.805],[100.5495,13.804],[100.55,13.8045],[100.5495,13.805],[100.5515,13.8055],[100.552,13.8045],[100.5535,13.806],[100.5535,13.805],[100.5545,13.805],[100.555,13.804],[100.554,13.801],[100.556,13.8005],[100.5545,13.796],[100.551,13.796],[100.551,13.7945],[100.55,13.7935],[100.5485,13.795],[100.5495,13.7965]],[[100.551,13.8045],[100.5505,13.8045],[100.551,13.8045]],[[100.5505,13.8035],[100.551,13.8035],[100.552,13.804],[100.5515,13.804],[100.5505,13.8035]],[[100.55,13.8025],[100.55,13.8015],[100.5515,13.8025],[100.55,13.8025]],[[100.5495,13.802],[100.549,13.802],[100.5495,13.802]],[[100.547,13.801]],[[100.548,13.7995],[100.5475,13.799],[100.548,13.799],[100.548,13.7995]],[[100.547,13.8]],[[100.5535,13.804],[100.553,13.8035],[100.5525,13.803],[100.553,13.803],[100.5535,13.804]],[[100.5535,13.7985],[100.553,13.799],[100.5535,13.7985]]]}},{"type":"Feature","properties":{"station":"Phet Kamphaeng MRT","line":"MRT","band":"10"},"geometry":{"type":"Polygon","coordinates":[[[100.548,13.7965],[100.5475,13.797],[100.546,13.7965],[100.5455,13.7975],[100.546,13.799],[100.548,13.799],[100.547,13.8],[100.548,13.8],[100.548,13.8035],[100.55,13.803],[100.5505,13.8015],[100.5525,13.8025],[100.5535,13.7995],[100.552,13.7985],[100.552,13.7975],[100.548,13.7965]],[[100.5495,13.802],[100.549,13.802],[100.5495,13.802]]]}},{"type":"Feature","properties":{"station":"Phetchaburi","line":"","band":"15"},"geometry":{"type":"Polygon","coordinates":[[[100.5635,13.7485],[100.563,13.7485],[100.5635,13.751],[100.5645,13.7505],[100.5635,13.7485]]]}},{"type":"Feature","properties":{"station":"Phetchaburi","line":"","band":"10"},"geometry":{"type":"Polygon","coordinates":[[[100.5635,13.7485],[100.563,13.7485],[100.5635,13.751],[100.5645,13.7505],[100.5635,13.7485]]]}},{"type":"Feature","properties":{"station":"Phetkasem 48","line":"","band":"15"},"geometry":{"type":"Polygon","coordinates":[[[100.437,13.711],[100.435,13.713],[100.4365,13.715],[100.4375,13.7145],[100.4375,13.7165],[100.4395,13.717],[100.4405,13.7155],[100.441,13.7165],[100.442,13.7165],[100.441,13.718],[100.4415,13.7195],[100.441,13.72],[100.4405,13.719],[100.4395,13.72],[100.441,13.7205],[100.44,13.7205],[100.44,13.722],[100.4425,13.7215],[100.443,13.72],[100.4435,13.7205],[100.443,13.7215],[100.444,13.722],[100.443,13.7225],[100.444,13.7235],[100.445,13.723],[100.4445,13.722],[100.4455,13.7205],[100.448,13.722],[100.449,13.7215],[100.45,13.7225],[100.452,13.7215],[100.452,13.7205],[100.4525,13.7215],[100.453,13.72],[100.454,13.7205],[100.4555,13.7195],[100.4545,13.7165],[100.4515,13.717],[100.451,13.716],[100.4525,13.7155],[100.4505,13.7145],[100.4505,13.7135],[100.4515,13.7135],[100.4505,13.7125],[100.449,13.712],[100.449,13.713],[100.4475,13.713],[100.4475,13.711],[100.4465,13.7125],[100.4455,13.712],[100.446,13.7105],[100.4475,13.71],[100.4475,13.7085],[100.445,13.711],[100.443,13.711],[100.443,13.712],[100.4405,13.7105],[100.4415,13.71],[100.441,13.7095],[100.4395,13.7095],[100.4395,13.7105],[100.438,13.7095],[100.4385,13.711],[100.437,13.711]],[[100.445,13.718]],[[100.4455,13.715],[100.4465,13.7145],[100.4455,13.7135],[100.446,13.713],[100.4475,13.7145],[100.448,13.714],[100.448,13.715],[100.447,13.7145],[100.4465,13.7155],[100.4455,13.715]],[[100.4415,13.716],[100.4415,13.7155],[100.4415,13.716]],[[100.4425,13.716],[100.4425,13.7155],[100.4425,13.716]],[[100.4425,13.713],[100.4415,13.7135],[100.4405,13.7125],[100.4425,13.713]],[[100.4395,13.713]],[[100.4395,13.7115],[100.4395,13.711],[100.4395,13.7115]],[[100.4405,13.712],[100.44,13.7125],[100.44,13.712],[100.4405,13.712]],[[100.4435,13.716]],[[100.4445,13.7145],[100.4435,13.7135],[100.4445,13.713],[100.4445,13.7145]],[[100.4425,13.7175],[100.4425,13.717],[100.4425,13.7175]],[[100.443,13.7135],[100.443,13.713],[100.4435,13.7135],[100.443,13.7135]],[[100.444,13.721],[100.4445,13.7205],[100.444,13.721]],[[100.449,13.7185],[100.4495,13.7185],[100.449,13.7185]],[[100.4495,13.7175]],[[100.45,13.7165],[100.4485,13.715],[100.4505,13.7155],[100.45,13.7165]],[[100.446,13.7185]],[[100.446,13.718]],[[100.447,13.7185]],[[100.4485,13.715]],[[100.4485,13.714],[100.449,13.7135],[100.449,13.714],[100.4485,13.714]],[[100.448,13.7155],[100.448,13.716],[100.448,13.7155]],[[100.448,13.719],[100.4485,13.719],[100.448,13.719]],[[100.4505,13.721]],[[100.4505,13.7165],[100.451,13.716],[100.4505,13.7165]],[[100.4495,13.721]],[[100.4515,13.718]],[[100.4535,13.719]]]}},{"type":"Feature","properties":{"station":"Phetkasem 48","line":"","band":"10"},"geometry":{"type":"Polygon","coordinates":[[[100.4405,13.7125],[100.4395,13.712],[100.4385,13.7135],[100.439,13.7145],[100.4415,13.7155],[100.441,13.716],[100.442,13.717],[100.4425,13.7155],[100.4435,13.716],[100.4415,13.7185],[100.4435,13.721],[100.4445,13.72],[100.4455,13.721],[100.446,13.7205],[100.447,13.721],[100.449,13.7195],[100.4495,13.72],[100.4505,13.7195],[100.4505,13.718],[100.4515,13.7185],[100.4525,13.718],[100.4515,13.716],[100.4505,13.7165],[100.45,13.7155],[100.45,13.7165],[100.4485,13.715],[100.4495,13.714],[100.4485,13.714],[100.4485,13.7125],[100.4475,13.713],[100.4475,13.711],[100.4465,13.7125],[100.4455,13.712],[100.446,13.711],[100.4455,13.71],[100.445,13.711],[100.445,13.7105],[100.443,13.711],[100.443,13.712],[100.4425,13.711],[100.442,13.7115],[100.4415,13.7125],[100.443,13.7125],[100.4435,13.7135],[100.4415,13.713],[100.4415,13.7135],[100.4405,13.7125]],[[100.4455,13.7175],[100.4445,13.7165],[100.4455,13.7165],[100.4455,13.7175]],[[100.4455,13.715],[100.4465,13.7145],[100.4455,13.7135],[100.446,13.713],[100.4475,13.7145],[100.448,13.714],[100.448,13.715],[100.447,13.7145],[100.4465,13.7155],[100.4455,13.715]],[[100.4435,13.7135],[100.4445,13.713],[100.4445,13.7145],[100.4435,13.7135]],[[100.4395,13.713],[100.4395,13.7125],[100.4395,13.713]],[[100.445,13.718]],[[100.447,13.7185]],[[100.448,13.7155],[100.448,13.716],[100.448,13.7155]],[[100.446,13.7185]],[[100.446,13.718]],[[100.449,13.7185],[100.4495,13.719],[100.449,13.719],[100.449,13.7185]],[[100.4495,13.7175]],[[100.4485,13.719],[100.448,13.719],[100.4485,13.719]]]}},{"type":"Feature","properties":{"station":"Phloen Chit","line":"BTS","band":"15"},"geometry":{"type":"Polygon","coordinates":[[[100.541,13.7425],[100.5395,13.742],[100.538,13.745],[100.5395,13.745],[100.5405,13.747],[100.5425,13.746],[100.542,13.745],[100.5425,13.7445],[100.543,13.746],[100.544,13.746],[100.542,13.7475],[100.5435,13.749],[100.5445,13.749],[100.5445,13.75],[100.5465,13.7505],[100.5485,13.75],[100.549,13.7515],[100.5495,13.75],[100.5515,13.7505],[100.552,13.75],[100.551,13.749],[100.5495,13.7495],[100.5495,13.7485],[100.5535,13.7485],[100.5545,13.75],[100.5545,13.7485],[100.5555,13.7485],[100.5555,13.7475],[100.557,13.746],[100.5555,13.7425],[100.557,13.7435],[100.559,13.7385],[100.557,13.7375],[100.557,13.7385],[100.556,13.7365],[100.5545,13.7385],[100.5535,13.7375],[100.554,13.7355],[100.5525,13.7355],[100.552,13.7345],[100.551,13.737],[100.551,13.7355],[100.5495,13.7355],[100.55,13.7345],[100.5485,13.734],[100.547,13.736],[100.5465,13.7355],[100.5475,13.735],[100.546,13.7335],[100.5445,13.7355],[100.5455,13.736],[100.544,13.7365],[100.544,13.7375],[100.542,13.739],[100.542,13.7405],[100.5405,13.741],[100.5405,13.742],[100.542,13.7415],[100.5425,13.742],[100.541,13.7425]],[[100.55,13.748],[100.549,13.748],[100.55,13.747],[100.55,13.748]],[[100.55,13.7465]],[[100.55,13.746],[100.55,13.7455],[100.55,13.746]],[[100.55,13.7445],[100.55,13.7435],[100.55,13.7445]],[[100.545,13.749],[100.5465,13.7485],[100.547,13.747],[100.547,13.748],[100.548,13.7485],[100.545,13.749]],[[100.5455,13.7465]],[[100.546,13.745],[100.547,13.745],[100.5475,13.7455],[100.546,13.7455],[100.546,13.745]],[[100.5465,13.74],[100.545,13.74],[100.545,13.738],[100.546,13.7375],[100.5455,13.7385],[100.5465,13.739],[100.5465,13.74]],[[100.544,13.742],[100.5445,13.7425],[100.544,13.7425],[100.544,13.742]],[[100.5435,13.7405]],[[100.5425,13.743],[100.5425,13.742],[100.543,13.7425],[100.5425,13.743]],[[100.5415,13.743],[100.5415,13.744],[100.5415,13.743]],[[100.545,13.746],[100.5445,13.7455],[100.545,13.7455],[100.545,13.746]],[[100.545,13.745]],[[100.5445,13.7445]],[[100.545,13.737]],[[100.5445,13.74],[100.5445,13.7405],[100.5445,13.74]],[[100.5455,13.7405]],[[100.5455,13.746]],[[100.548,13.742],[100.5475,13.742],[100.548,13.742]],[[100.5485,13.7395],[100.548,13.739],[100.5485,13.739],[100.5485,13.7395]],[[100.5485,13.738],[100.548,13.738],[100.5485,13.7365],[100.5485,13.738]],[[100.547,13.7365],[100.5475,13.7365],[100.547,13.7365]],[[100.5465,13.7415],[100.5465,13.741],[100.5465,13.7415]],[[100.549,13.7465],[100.5485,13.746],[100.549,13.7465]],[[100.5525,13.7455]],[[100.5535,13.7385]],[[100.5525,13.744],[100.552,13.744],[100.552,13.7435],[100.5525,13.744]],[[100.551,13.748],[100.5505,13.7475],[100.5505,13.7465],[100.551,13.748]],[[100.551,13.7455],[100.551,13.745],[100.551,13.7445],[100.551,13.7455]],[[100.556,13.747],[100.5545,13.747],[100.556,13.7465],[100.556,13.747]],[[100.5545,13.7455],[100.5545,13.745],[100.5545,13.7455]],[[100.554,13.741],[100.5535,13.741],[100.554,13.741]],[[100.5545,13.742]],[[100.5555,13.745]],[[100.5555,13.742]]]}},{"type":"Feature","properties":{"station":"Phloen Chit","line":"BTS","band":"10"},"geometry":{"type":"Polygon","coordinates":[[[100.5435,13.741],[100.5425,13.7435],[100.541,13.7445],[100.5425,13.7445],[100.544,13.7465],[100.545,13.7455],[100.5455,13.7465],[100.545,13.747],[100.546,13.7475],[100.547,13.747],[100.547,13.748],[100.5485,13.7495],[100.5495,13.747],[100.5505,13.7485],[100.551,13.7445],[100.551,13.748],[100.552,13.7485],[100.5525,13.748],[100.5525,13.747],[100.555,13.745],[100.5545,13.7425],[100.5555,13.7425],[100.5555,13.741],[100.5565,13.7405],[100.5545,13.74],[100.553,13.7385],[100.5525,13.739],[100.5515,13.7385],[100.5515,13.7375],[100.5505,13.7385],[100.549,13.737],[100.5485,13.738],[100.5455,13.738],[100.5465,13.739],[100.5465,13.7405],[100.5445,13.7395],[100.544,13.7425],[100.5445,13.7415],[100.5435,13.741]],[[100.55,13.7465]],[[100.55,13.746],[100.55,13.7455],[100.55,13.746]],[[100.55,13.7445],[100.55,13.7435],[100.55,13.7445]],[[100.5475,13.7455],[100.546,13.7455],[100.546,13.745],[100.547,13.745],[100.5475,13.7455]],[[100.545,13.745]],[[100.5455,13.7405]],[[100.5445,13.7445]],[[100.5465,13.7415],[100.5465,13.741],[100.5465,13.7415]],[[100.549,13.7465],[100.5485,13.746],[100.549,13.7465]],[[100.548,13.742],[100.5475,13.742],[100.548,13.742]],[[100.5485,13.7395],[100.548,13.739],[100.5485,13.739],[100.5485,13.7395]],[[100.553,13.7455],[100.5525,13.7455],[100.553,13.7455]],[[100.5525,13.744],[100.552,13.744],[100.552,13.7435],[100.5525,13.744]],[[100.554,13.741],[100.5535,13.741],[100.554,13.741]],[[100.5545,13.742]]]}},{"type":"Feature","properties":{"station":"Pho Nimit","line":"BTS","band":"15"},"geometry":{"type":"Polygon","coordinates":[[[100.48,13.715],[100.478,13.7145],[100.4775,13.7185],[100.4785,13.7175],[100.4795,13.718],[100.479,13.7195],[100.4795,13.7205],[100.4805,13.7205],[100.479,13.72],[100.4775,13.721],[100.479,13.722],[100.479,13.723],[100.4845,13.725],[100.485,13.7265],[100.487,13.7265],[100.4895,13.7245],[100.492,13.725],[100.493,13.726],[100.494,13.724],[100.4935,13.7225],[100.4925,13.7225],[100.4925,13.7215],[100.4955,13.722],[100.4965,13.7205],[100.4945,13.719],[100.494,13.7195],[100.493,13.719],[100.493,13.718],[100.4905,13.718],[100.491,13.717],[100.49,13.7165],[100.4915,13.715],[100.49,13.7135],[100.489,13.7135],[100.488,13.7115],[100.4875,13.712],[100.488,13.713],[100.4855,13.7115],[100.4855,13.7125],[100.4845,13.712],[100.4835,13.7135],[100.4815,13.7125],[100.48,13.715]],[[100.486,13.7215],[100.485,13.721],[100.486,13.7205],[100.487,13.721],[100.487,13.722],[100.4885,13.7225],[100.486,13.7215]],[[100.4865,13.718],[100.4875,13.7175],[100.487,13.7165],[100.4885,13.718],[100.4865,13.718]],[[100.486,13.7165],[100.4855,13.7155],[100.4865,13.716],[100.486,13.7165]],[[100.4865,13.7145],[100.486,13.714],[100.4865,13.7145]],[[100.483,13.722],[100.482,13.7215],[100.4825,13.72],[100.4835,13.7215],[100.483,13.722]],[[100.484,13.7195],[100.4835,13.719],[100.4845,13.7195],[100.484,13.7195]],[[100.4825,13.7155],[100.481,13.7145],[100.483,13.715],[100.4825,13.7155]],[[100.4805,13.72],[100.48,13.7195],[100.4805,13.72]],[[100.4805,13.719],[100.48,13.7185],[100.48,13.7175],[100.4805,13.7175],[100.4805,13.7185],[100.4805,13.719]],[[100.4785,13.717],[100.479,13.717],[100.4785,13.717]],[[100.482,13.723],[100.482,13.7225],[100.4825,13.723],[100.482,13.723]],[[100.4815,13.721],[100.481,13.7215],[100.481,13.721],[100.4815,13.721]],[[100.4815,13.7185],[100.4815,13.718],[100.4815,13.7185]],[[100.4815,13.7155]],[[100.483,13.7185],[100.4825,13.7185],[100.482,13.7185],[100.483,13.7185]],[[100.4855,13.7185],[100.484,13.718],[100.4845,13.717],[100.4845,13.718],[100.4855,13.7185]],[[100.4855,13.7175],[100.4855,13.717],[100.486,13.717],[100.4855,13.7175]],[[100.484,13.7135],[100.4835,13.7135],[100.484,13.7135]],[[100.49,13.7235],[100.4905,13.7235],[100.49,13.7235]],[[100.4905,13.7145]],[[100.4885,13.7205],[100.488,13.721],[100.488,13.7205],[100.4885,13.7205]],[[100.4885,13.724],[100.488,13.724],[100.4875,13.724],[100.4885,13.724]],[[100.4875,13.7205],[100.487,13.72],[100.4875,13.7205]],[[100.489,13.716],[100.488,13.7155],[100.488,13.715],[100.489,13.7155],[100.489,13.716]],[[100.4895,13.723],[100.49,13.7225],[100.4895,13.723]],[[100.49,13.7155]],[[100.4915,13.72],[100.492,13.72],[100.4915,13.72]],[[100.4925,13.719]],[[100.491,13.722]]]}},{"type":"Feature","properties":{"station":"Pho Nimit","line":"BTS","band":"10"},"geometry":{"type":"Polygon","coordinates":[[[100.481,13.7155],[100.4795,13.7165],[100.4805,13.7185],[100.4815,13.718],[100.4805,13.72],[100.4815,13.721],[100.483,13.72],[100.4835,13.7215],[100.481,13.7215],[100.4815,13.723],[100.4825,13.723],[100.482,13.724],[100.486,13.7235],[100.4855,13.7225],[100.486,13.723],[100.4865,13.722],[100.485,13.721],[100.486,13.7205],[100.487,13.721],[100.487,13.722],[100.488,13.722],[100.4885,13.7235],[100.4925,13.7215],[100.4925,13.72],[100.4915,13.72],[100.4905,13.718],[100.49,13.719],[100.4865,13.7175],[100.4875,13.7175],[100.487,13.7165],[100.489,13.7175],[100.4895,13.717],[100.488,13.7155],[100.489,13.715],[100.4885,13.714],[100.486,13.715],[100.4855,13.714],[100.484,13.7155],[100.483,13.715],[100.482,13.7155],[100.4825,13.716],[100.482,13.7165],[100.481,13.7155]],[[100.486,13.7165],[100.4855,13.7155],[100.4865,13.716],[100.486,13.7165]],[[100.484,13.7195],[100.4835,13.719],[100.4845,13.7195],[100.484,13.7195]],[[100.483,13.7185],[100.4825,13.7185],[100.482,13.7185],[100.483,13.7185]],[[100.4845,13.718],[100.4845,13.7175],[100.4855,13.7185],[100.4845,13.718]],[[100.4855,13.7175],[100.4855,13.717],[100.486,13.717],[100.4855,13.7175]],[[100.488,13.721],[100.488,13.7205],[100.4885,13.7205],[100.488,13.721]],[[100.4875,13.7205],[100.487,13.7205],[100.487,13.72],[100.4875,13.7205]],[[100.4905,13.722],[100.49,13.7215],[100.491,13.7215],[100.4905,13.722]]]}},{"type":"Feature","properties":{"station":"Phra Khanong","line":"BTS Sukhumvit","band":"15"},"geometry":{"type":"Polygon","coordinates":[[[100.5855,13.7105],[100.583,13.7125],[100.5835,13.7135],[100.5825,13.715],[100.584,13.715],[100.5835,13.7155],[100.582,13.715],[100.582,13.7165],[100.583,13.7165],[100.584,13.7185],[100.582,13.7215],[100.5845,13.7225],[100.5855,13.7215],[100.588,13.7235],[100.592,13.722],[100.5935,13.7185],[100.5955,13.7195],[100.595,13.7205],[100.596,13.721],[100.597,13.7205],[100.596,13.7195],[100.598,13.719],[100.598,13.7175],[100.5965,13.7175],[100.5995,13.7175],[100.599,13.7145],[100.6,13.7145],[100.6005,13.713],[100.598,13.7115],[100.5995,13.7115],[100.5995,13.71],[100.6005,13.7095],[100.5995,13.708],[100.598,13.709],[100.5965,13.708],[100.5975,13.71],[100.597,13.7105],[100.595,13.7095],[100.595,13.7075],[100.594,13.7095],[100.5935,13.709],[100.593,13.7095],[100.593,13.7075],[100.592,13.7075],[100.5915,13.709],[100.5905,13.707],[100.5895,13.7085],[100.5905,13.7095],[100.5895,13.711],[100.589,13.71],[100.5885,13.711],[100.5855,13.7105]],[[100.592,13.7175],[100.5915,13.7175],[100.592,13.7175]],[[100.5925,13.716],[100.593,13.716],[100.5925,13.716]],[[100.5925,13.7115]],[[100.5875,13.7225]],[[100.5875,13.7225]],[[100.587,13.7215],[100.587,13.721],[100.5875,13.721],[100.587,13.7215]],[[100.5875,13.721],[100.587,13.72],[100.586,13.7205],[100.587,13.7195],[100.588,13.72],[100.5875,13.721]],[[100.5885,13.719],[100.588,13.7185],[100.5885,13.7185],[100.5885,13.719]],[[100.588,13.7165],[100.586,13.718],[100.5865,13.7165],[100.588,13.7165]],[[100.588,13.7135],[100.589,13.7135],[100.5885,13.7145],[100.588,13.7135]],[[100.589,13.712],[100.5895,13.7115],[100.5895,13.712],[100.589,13.712]],[[100.5855,13.721]],[[100.5855,13.72],[100.585,13.7205],[100.585,13.72],[100.5855,13.72]],[[100.5855,13.7185],[100.585,13.7185],[100.5855,13.7185]],[[100.585,13.7165],[100.5855,13.7165],[100.585,13.7165]],[[100.585,13.7155],[100.5845,13.715],[100.5875,13.715],[100.585,13.7155]],[[100.585,13.714],[100.585,13.7135],[100.586,13.7135],[100.586,13.714],[100.585,13.714]],[[100.584,13.7165]],[[100.587,13.714],[100.5875,13.7135],[100.5875,13.714],[100.587,13.714]],[[100.5875,13.7115]],[[100.5865,13.7115]],[[100.5865,13.718],[100.586,13.718],[100.5865,13.718]],[[100.59,13.72],[100.59,13.7205],[100.59,13.72]],[[100.5915,13.7175],[100.591,13.717],[100.5905,13.717],[100.5915,13.7175]],[[100.5905,13.7135],[100.591,13.7135],[100.5905,13.7145],[100.5905,13.7135]],[[100.5915,13.712],[100.5905,13.711],[100.591,13.71],[100.5915,13.712]],[[100.589,13.7205],[100.589,13.721],[100.589,13.7205]],[[100.589,13.7185],[100.589,13.718],[100.5885,13.7175],[100.589,13.7185]],[[100.5895,13.714],[100.59,13.7135],[100.5895,13.715],[100.5895,13.714]],[[100.5885,13.715]],[[100.5885,13.7155]],[[100.5885,13.716]],[[100.59,13.7175]],[[100.59,13.721]],[[100.5915,13.7165],[100.5915,13.716],[100.5915,13.7165]],[[100.591,13.719]],[[100.591,13.7185]],[[100.591,13.7185]],[[100.594,13.718],[100.5945,13.717],[100.5955,13.718],[100.594,13.718]],[[100.5955,13.7115],[100.596,13.711],[100.5955,13.7115]],[[100.593,13.717],[100.593,13.7175],[100.593,13.717]],[[100.5975,13.7165],[100.597,13.716],[100.5975,13.716],[100.5975,13.7165]],[[100.598,13.713],[100.5975,13.712],[100.598,13.713]],[[100.597,13.7135],[100.5975,13.7135],[100.597,13.714],[100.597,13.7135]],[[100.597,13.715]],[[100.598,13.7155]],[[100.5985,13.715]]]}},{"type":"Feature","properties":{"station":"Phra Khanong","line":"BTS Sukhumvit","band":"10"},"geometry":{"type":"Polygon","coordinates":[[[100.587,13.713],[100.5875,13.714],[100.586,13.7145],[100.5875,13.7155],[100.5855,13.7155],[100.5855,13.7165],[100.586,13.717],[100.588,13.7165],[100.5855,13.718],[100.585,13.72],[100.586,13.7195],[100.5875,13.72],[100.588,13.721],[100.591,13.719],[100.5915,13.72],[100.593,13.7195],[100.5925,13.718],[100.5935,13.718],[100.593,13.717],[100.5935,13.7165],[100.5955,13.718],[100.597,13.716],[100.5965,13.714],[100.598,13.711],[100.5955,13.71],[100.5945,13.7105],[100.5945,13.7095],[100.5935,13.71],[100.5925,13.709],[100.591,13.7105],[100.5915,13.712],[100.591,13.711],[100.5895,13.711],[100.589,13.7125],[100.5885,13.7115],[100.587,13.713]],[[100.5935,13.7165],[100.5925,13.716],[100.5935,13.716],[100.5935,13.7165]],[[100.5925,13.7115]],[[100.59,13.7195]],[[100.59,13.7175]],[[100.59,13.7135],[100.5895,13.715],[100.5895,13.714],[100.59,13.7135]],[[100.5885,13.715]],[[100.5885,13.714],[100.588,13.7135],[100.589,13.7135],[100.5885,13.714]],[[100.5885,13.719],[100.588,13.7185],[100.5885,13.7185],[100.5885,13.719]],[[100.586,13.718],[100.5865,13.718],[100.586,13.718]],[[100.589,13.7185],[100.589,13.718],[100.5885,13.7175],[100.589,13.7185]],[[100.5885,13.716]],[[100.5885,13.7155]],[[100.591,13.7185]],[[100.5915,13.7175],[100.591,13.717],[100.5905,13.717],[100.5915,13.7175]],[[100.5905,13.7135],[100.591,13.7135],[100.5905,13.7145],[100.5905,13.7135]],[[100.592,13.7175],[100.5915,13.7175],[100.592,13.7175]],[[100.5915,13.7165],[100.5915,13.716],[100.5915,13.7165]],[[100.591,13.7185]],[[100.5955,13.7115],[100.596,13.711],[100.5955,13.7115]]]}},{"type":"Feature","properties":{"station":"Phra Nang Klao Bridge","line":"MRT","band":"15"},"geometry":{"type":"Polygon","coordinates":[[[100.479,13.868],[100.4785,13.8685],[100.479,13.8695],[100.478,13.869],[100.4775,13.87],[100.474,13.869],[100.471,13.87],[100.479,13.871],[100.4785,13.872],[100.479,13.873],[100.478,13.873],[100.4775,13.8745],[100.4795,13.8745],[100.4785,13.8765],[100.48,13.876],[100.4805,13.877],[100.4825,13.8765],[100.4815,13.8775],[100.4835,13.8775],[100.4845,13.8785],[100.485,13.8765],[100.484,13.876],[100.4845,13.875],[100.487,13.8745],[100.4855,13.874],[100.486,13.8725],[100.485,13.871],[100.486,13.871],[100.4875,13.874],[100.4865,13.8705],[100.487,13.871],[100.488,13.8695],[100.489,13.87],[100.49,13.868],[100.488,13.867],[100.488,13.8685],[100.4855,13.869],[100.4865,13.868],[100.486,13.8675],[100.4835,13.8675],[100.4855,13.866],[100.4845,13.8655],[100.484,13.864],[100.4825,13.864],[100.483,13.863],[100.4825,13.862],[100.481,13.8645],[100.48,13.864],[100.479,13.865],[100.48,13.8675],[100.4805,13.867],[100.481,13.868],[100.479,13.868]],[[100.482,13.8755],[100.4815,13.875],[100.4815,13.8745],[100.482,13.875],[100.482,13.8755]],[[100.4825,13.872],[100.4825,13.8715],[100.4825,13.872]],[[100.481,13.876]],[[100.4805,13.8745]],[[100.481,13.8715],[100.4805,13.8715],[100.481,13.8715]],[[100.481,13.866],[100.4805,13.866],[100.481,13.866]],[[100.481,13.865],[100.4815,13.865],[100.481,13.865]],[[100.48,13.8645]],[[100.481,13.874]],[[100.484,13.8765],[100.4845,13.8765],[100.484,13.8765]],[[100.484,13.876]],[[100.4835,13.876],[100.4835,13.8755],[100.4835,13.876]],[[100.4835,13.875]],[[100.4835,13.874],[100.483,13.8745],[100.483,13.874],[100.4835,13.874]],[[100.4835,13.873],[100.483,13.873],[100.4835,13.873]],[[100.4835,13.87],[100.484,13.87],[100.4835,13.87]],[[100.4835,13.8655]],[[100.4825,13.8705],[100.483,13.87],[100.4825,13.8705]],[[100.483,13.8725],[100.483,13.872],[100.483,13.8725]],[[100.4845,13.8725]],[[100.4845,13.8715]]]}},{"type":"Feature","properties":{"station":"Phra Nang Klao Bridge","line":"MRT","band":"10"},"geometry":{"type":"Polygon","coordinates":[[[100.481,13.868],[100.479,13.868],[100.4785,13.8685],[100.479,13.8695],[100.478,13.869],[100.4775,13.87],[100.4745,13.8705],[100.479,13.871],[100.479,13.8725],[100.48,13.873],[100.4795,13.8735],[100.481,13.874],[100.4825,13.876],[100.483,13.874],[100.4845,13.8735],[100.483,13.873],[100.483,13.872],[100.484,13.873],[100.4855,13.8725],[100.485,13.871],[100.4865,13.871],[100.487,13.8695],[100.4865,13.869],[100.486,13.8695],[100.4855,13.8685],[100.4845,13.869],[100.4845,13.868],[100.482,13.8655],[100.481,13.8665],[100.481,13.868]],[[100.481,13.8715],[100.4805,13.8715],[100.481,13.8715]],[[100.4825,13.8705],[100.483,13.87],[100.4825,13.8705]],[[100.4825,13.872],[100.4825,13.8715],[100.4825,13.872]],[[100.4835,13.87],[100.484,13.87],[100.4835,13.87]],[[100.4845,13.8715]]]}},{"type":"Feature","properties":{"station":"Phra Ram 9","line":"","band":"15"},"geometry":{"type":"Polygon","coordinates":[[[100.5585,13.7545],[100.559,13.7555],[100.5575,13.755],[100.557,13.756],[100.5575,13.757],[100.5565,13.7575],[100.5565,13.7585],[100.56,13.7595],[100.561,13.7585],[100.561,13.757],[100.562,13.7595],[100.5605,13.764],[100.561,13.7645],[100.562,13.764],[100.5625,13.7655],[100.5635,13.765],[100.564,13.766],[100.5665,13.767],[100.5665,13.766],[100.5675,13.7655],[100.5685,13.767],[100.57,13.767],[100.5705,13.7665],[100.5695,13.764],[100.57,13.7635],[100.5685,13.761],[100.57,13.761],[100.571,13.758],[100.573,13.757],[100.5735,13.755],[100.572,13.7545],[100.5715,13.755],[100.571,13.7545],[100.572,13.7535],[100.57,13.753],[100.5695,13.752],[100.569,13.753],[100.566,13.753],[100.5685,13.7515],[100.5675,13.7505],[100.5655,13.751],[100.566,13.7495],[100.5635,13.748],[100.5615,13.7505],[100.562,13.752],[100.5635,13.7525],[100.5605,13.753],[100.5585,13.7545]],[[100.5665,13.759],[100.566,13.758],[100.5665,13.759]],[[100.566,13.7535],[100.566,13.754],[100.566,13.7535]],[[100.564,13.753],[100.5625,13.7535],[100.561,13.754],[100.564,13.753]],[[100.5625,13.755],[100.562,13.755],[100.562,13.7545],[100.5625,13.7545],[100.5625,13.755]],[[100.5595,13.7585]],[[100.56,13.755]],[[100.563,13.751],[100.563,13.7505],[100.563,13.751]],[[100.5625,13.751]],[[100.5625,13.7505],[100.5625,13.751],[100.5625,13.7505]],[[100.564,13.7555]],[[100.568,13.761]],[[100.568,13.7585],[100.5685,13.7585],[100.569,13.759],[100.5685,13.759],[100.568,13.7585]],[[100.568,13.7555],[100.5685,13.7555],[100.568,13.7555]],[[100.5695,13.7565],[100.569,13.757],[100.5695,13.7565]],[[100.5695,13.7555],[100.5695,13.755],[100.5695,13.7555]],[[100.5695,13.76],[100.5685,13.76],[100.5695,13.76]],[[100.5695,13.766],[100.5695,13.7665],[100.5695,13.766]]]}},{"type":"Feature","properties":{"station":"Phra Ram 9","line":"","band":"10"},"geometry":{"type":"Polygon","coordinates":[[[100.5625,13.755],[100.5605,13.755],[100.5595,13.757],[100.561,13.7575],[100.561,13.757],[100.5615,13.7585],[100.563,13.7595],[100.5635,13.759],[100.563,13.76],[100.564,13.763],[100.565,13.763],[100.566,13.7645],[100.5665,13.7625],[100.5665,13.764],[100.5685,13.764],[100.568,13.763],[100.5685,13.7615],[100.567,13.76],[100.569,13.7565],[100.57,13.7565],[100.57,13.7555],[100.568,13.754],[100.5675,13.7545],[100.567,13.7535],[100.566,13.754],[100.567,13.753],[100.565,13.753],[100.564,13.752],[100.563,13.753],[100.564,13.753],[100.562,13.754],[100.5625,13.755]],[[100.564,13.7555]],[[100.566,13.758],[100.5665,13.759],[100.566,13.7595],[100.566,13.758]],[[100.5685,13.7555],[100.568,13.7555],[100.5685,13.7555]]]}},{"type":"Feature","properties":{"station":"Phraek Sa","line":"","band":"15"},"geometry":{"type":"Polygon","coordinates":[[[100.608,13.5835],[100.607,13.584],[100.608,13.5855],[100.6085,13.585],[100.608,13.5835]]]}},{"type":"Feature","properties":{"station":"Phraek Sa","line":"","band":"10"},"geometry":{"type":"Polygon","coordinates":[[[100.608,13.5835],[100.607,13.584],[100.608,13.5855],[100.6085,13.585],[100.608,13.5835]]]}},{"type":"Feature","properties":{"station":"Phrom Phong","line":"","band":"15"},"geometry":{"type":"Polygon","coordinates":[[[100.561,13.734],[100.56,13.7375],[100.5625,13.7375],[100.562,13.738],[100.5625,13.7385],[100.5635,13.737],[100.567,13.74],[100.568,13.739],[100.5675,13.738],[100.568,13.739],[100.5685,13.738],[100.5705,13.7385],[100.5705,13.7375],[100.5725,13.739],[100.5735,13.7385],[100.573,13.737],[100.5745,13.738],[100.5745,13.737],[100.5755,13.737],[100.575,13.7345],[100.5765,13.733],[100.5755,13.7325],[100.5765,13.7315],[100.575,13.7315],[100.575,13.73],[100.577,13.728],[100.5775,13.7255],[100.5775,13.7265],[100.5785,13.726],[100.578,13.725],[100.579,13.725],[100.579,13.724],[100.578,13.7235],[100.5775,13.724],[100.5765,13.723],[100.5765,13.7245],[100.575,13.724],[100.5745,13.7255],[100.573,13.7265],[100.5725,13.724],[100.5715,13.724],[100.5715,13.7215],[100.57,13.723],[100.571,13.724],[100.5705,13.7245],[100.569,13.7215],[100.567,13.7225],[100.5665,13.721],[100.5655,13.721],[100.565,13.723],[100.566,13.723],[100.5645,13.7235],[100.5635,13.726],[100.5625,13.7265],[100.5635,13.7265],[100.5635,13.728],[100.563,13.727],[100.5615,13.7275],[100.5635,13.7285],[100.5615,13.7305],[100.5625,13.731],[100.5625,13.733],[100.561,13.734]],[[100.5685,13.737],[100.5695,13.7365],[100.5685,13.736],[100.5695,13.7355],[100.569,13.734],[100.57,13.737],[100.5685,13.737]],[[100.5685,13.735],[100.568,13.735],[100.5685,13.735]],[[100.568,13.729]],[[100.5675,13.727],[100.5675,13.728],[100.567,13.7275],[100.5675,13.727]],[[100.568,13.726],[100.569,13.726],[100.5695,13.728],[100.5685,13.7275],[100.569,13.7265],[100.568,13.726]],[[100.5675,13.725],[100.5685,13.725],[100.5675,13.725]],[[100.5685,13.7245]],[[100.5685,13.7245],[100.568,13.724],[100.5675,13.724],[100.5685,13.724],[100.5685,13.7245]],[[100.5655,13.7365],[100.565,13.736],[100.5645,13.7355],[100.5655,13.7365]],[[100.5655,13.731],[100.566,13.731],[100.5655,13.731]],[[100.5645,13.7265]],[[100.563,13.7355]],[[100.563,13.734]],[[100.563,13.733],[100.5635,13.733],[100.563,13.7335],[100.563,13.733]],[[100.5615,13.7355],[100.562,13.7355],[100.5615,13.7355]],[[100.5615,13.7345]],[[100.562,13.7345]],[[100.562,13.7365],[100.5625,13.7365],[100.562,13.7365]],[[100.5645,13.7335]],[[100.5645,13.7325],[100.5645,13.7315],[100.565,13.7325],[100.5645,13.7325]],[[100.5645,13.73]],[[100.5635,13.7295]],[[100.5635,13.7315],[100.5635,13.732],[100.5635,13.7315]],[[100.566,13.7355],[100.566,13.735],[100.566,13.7355]],[[100.5665,13.734],[100.567,13.7345],[100.567,13.7355],[100.5665,13.734]],[[100.566,13.732],[100.567,13.7315],[100.566,13.7325],[100.566,13.732]],[[100.5665,13.731],[100.566,13.731],[100.5665,13.731]],[[100.566,13.729],[100.5655,13.729],[100.5665,13.7285],[100.5655,13.728],[100.5655,13.727],[100.567,13.7285],[100.566,13.729]],[[100.5665,13.7265],[100.566,13.7265],[100.5665,13.726],[100.5665,13.7265]],[[100.5675,13.7375],[100.5675,13.737],[100.5675,13.7375]],[[100.5675,13.736],[100.567,13.7365],[100.567,13.736],[100.5675,13.736]],[[100.5675,13.7305],[100.567,13.7305],[100.567,13.73],[100.5675,13.7305]],[[100.5675,13.726],[100.5675,13.7265],[100.567,13.726],[100.5675,13.726]],[[100.5715,13.7365],[100.57,13.736],[100.5715,13.7355],[100.5715,13.7365]],[[100.571,13.735],[100.5705,13.7345],[100.571,13.7345],[100.571,13.735]],[[100.5705,13.734],[100.57,13.734],[100.57,13.7335],[100.5705,13.7335],[100.5705,13.734]],[[100.5715,13.732],[100.571,13.7305],[100.572,13.7315],[100.5715,13.732]],[[100.5715,13.729],[100.5715,13.7275],[100.5705,13.727],[100.572,13.7285],[100.5715,13.729]],[[100.571,13.726],[100.5705,13.726],[100.571,13.726]],[[100.571,13.725]],[[100.57,13.7325],[100.5695,13.732],[100.57,13.7325]],[[100.5695,13.7315]],[[100.569,13.73],[100.5685,13.73],[100.569,13.73]],[[100.5695,13.728],[100.57,13.728],[100.5695,13.728]],[[100.569,13.723]],[[100.569,13.7325],[100.569,13.733],[100.569,13.7325]],[[100.569,13.7255],[100.5685,13.7255],[100.569,13.7255]],[[100.574,13.736]],[[100.5735,13.7345],[100.574,13.7345],[100.5735,13.7345]],[[100.574,13.734],[100.5735,13.734],[100.574,13.734]],[[100.573,13.733],[100.5735,13.732],[100.574,13.733],[100.573,13.733]],[[100.573,13.7315],[100.5725,13.731],[100.573,13.731],[100.573,13.7315]],[[100.574,13.7305],[100.5735,13.7295],[100.574,13.7285],[100.574,13.7305]],[[100.572,13.7275],[100.5715,13.726],[100.572,13.727],[100.572,13.7275]],[[100.572,13.7355],[100.5725,13.7345],[100.573,13.7355],[100.572,13.7355]],[[100.572,13.7345]],[[100.5725,13.7335],[100.5715,13.733],[100.572,13.7325],[100.5725,13.7335]],[[100.5725,13.73],[100.5725,13.7295],[100.5725,13.73]],[[100.576,13.727],[100.576,13.728],[100.576,13.727]],[[100.576,13.727],[100.576,13.7265],[100.576,13.727]],[[100.575,13.726],[100.575,13.7265],[100.5745,13.726],[100.575,13.726]],[[100.575,13.7275],[100.5745,13.7275],[100.575,13.727],[100.575,13.7275]],[[100.575,13.7285]],[[100.575,13.7295],[100.5745,13.7295],[100.575,13.7295]],[[100.574,13.731],[100.574,13.7315],[100.574,13.731]]]}},{"type":"Feature","properties":{"station":"Phrom Phong","line":"","band":"10"},"geometry":{"type":"Polygon","coordinates":[[[100.5645,13.7275],[100.5645,13.7285],[100.5635,13.729],[100.5645,13.7295],[100.564,13.731],[100.565,13.7325],[100.5635,13.733],[100.563,13.7355],[100.564,13.736],[100.5645,13.7355],[100.5655,13.7365],[100.5675,13.736],[100.5675,13.737],[100.5685,13.737],[100.568,13.736],[100.5695,13.7355],[100.568,13.735],[100.569,13.7335],[100.5695,13.7365],[100.5705,13.7355],[100.5715,13.7355],[100.571,13.736],[100.572,13.7365],[100.572,13.7345],[100.5735,13.7345],[100.5745,13.7335],[100.573,13.733],[100.5735,13.732],[100.5725,13.731],[100.5735,13.7315],[100.574,13.731],[100.5735,13.7295],[100.574,13.7285],[100.5745,13.7295],[100.575,13.729],[100.5745,13.7275],[100.576,13.727],[100.576,13.726],[100.575,13.7265],[100.574,13.7255],[100.573,13.7265],[100.57,13.7245],[100.5685,13.7245],[100.568,13.7255],[100.568,13.7245],[100.567,13.724],[100.567,13.7255],[100.5655,13.7275],[100.5665,13.7275],[100.567,13.7285],[100.5655,13.729],[100.566,13.729],[100.5655,13.7275],[100.5645,13.7275]],[[100.569,13.733],[100.569,13.7325],[100.569,13.733]],[[100.569,13.7305],[100.5685,13.73],[100.569,13.73],[100.569,13.7305]],[[100.5695,13.728],[100.5685,13.7275],[100.569,13.7265],[100.568,13.726],[100.569,13.726],[100.5695,13.728]],[[100.5685,13.7255]],[[100.567,13.7355],[100.567,13.734],[100.567,13.7345],[100.567,13.7355]],[[100.566,13.732],[100.567,13.7315],[100.566,13.7325],[100.566,13.732]],[[100.5665,13.731],[100.566,13.731],[100.5665,13.731]],[[100.5655,13.731],[100.566,13.731],[100.5655,13.731]],[[100.5645,13.7335]],[[100.566,13.7355],[100.566,13.735],[100.566,13.7355]],[[100.568,13.729]],[[100.5675,13.727],[100.5675,13.728],[100.567,13.7275],[100.5675,13.727]],[[100.5675,13.7305],[100.567,13.7305],[100.567,13.73],[100.5675,13.7305]],[[100.5675,13.726],[100.5675,13.7265],[100.567,13.726],[100.5675,13.726]],[[100.5705,13.734],[100.57,13.7335],[100.5705,13.7335],[100.5705,13.734]],[[100.5715,13.7275],[100.5705,13.727],[100.572,13.7285],[100.571,13.729],[100.5715,13.7275]],[[100.571,13.726],[100.5705,13.726],[100.571,13.726]],[[100.5695,13.7315]],[[100.5695,13.728],[100.57,13.728],[100.5695,13.728]],[[100.57,13.7325],[100.5695,13.732],[100.57,13.7325]],[[100.5715,13.733],[100.572,13.7325],[100.5725,13.7335],[100.5715,13.733]],[[100.5715,13.732],[100.571,13.7305],[100.572,13.7315],[100.5715,13.732]],[[100.5705,13.7345],[100.571,13.735],[100.5705,13.7345]],[[100.572,13.7275],[100.5715,13.726],[100.572,13.727],[100.572,13.7275]],[[100.5725,13.73],[100.5725,13.7295],[100.5725,13.73]]]}},{"type":"Feature","properties":{"station":"Pu Chao","line":"","band":"15"},"geometry":{"type":"Polygon","coordinates":[[[100.5915,13.63],[100.5905,13.6315],[100.5915,13.633],[100.5925,13.6325],[100.593,13.6335],[100.5905,13.635],[100.593,13.6345],[100.594,13.6365],[100.592,13.6375],[100.594,13.637],[100.595,13.64],[100.5955,13.639],[100.597,13.639],[100.5965,13.638],[100.599,13.64],[100.5995,13.637],[100.5985,13.6365],[100.599,13.636],[100.6005,13.6375],[100.6005,13.6365],[100.5985,13.632],[100.5955,13.6305],[100.595,13.632],[100.594,13.6305],[100.5935,13.6325],[100.5915,13.63]],[[100.5965,13.638],[100.596,13.6365],[100.5965,13.638]],[[100.594,13.6335],[100.5945,13.6335],[100.595,13.6345],[100.594,13.6335]],[[100.5955,13.635],[100.595,13.633],[100.596,13.635],[100.5955,13.635]],[[100.5955,13.638],[100.596,13.6385],[100.5955,13.638]],[[100.5955,13.637],[100.5955,13.6365],[100.5955,13.6375],[100.5955,13.637]],[[100.595,13.6355],[100.595,13.635],[100.595,13.6355]],[[100.596,13.633],[100.596,13.6325],[100.596,13.633]],[[100.5975,13.6325],[100.5975,13.632],[100.598,13.632],[100.5975,13.6325]]]}},{"type":"Feature","properties":{"station":"Pu Chao","line":"","band":"10"},"geometry":{"type":"Polygon","coordinates":[[[100.594,13.6335],[100.5935,13.633],[100.5925,13.634],[100.594,13.6365],[100.5915,13.6375],[100.594,13.637],[100.595,13.64],[100.5965,13.639],[100.5965,13.638],[100.599,13.635],[100.5955,13.633],[100.5955,13.635],[100.595,13.6335],[100.5945,13.6335],[100.595,13.6345],[100.594,13.6335]],[[100.596,13.6385],[100.596,13.639],[100.5955,13.638],[100.596,13.6385]],[[100.5965,13.638],[100.596,13.6365],[100.5965,13.638]],[[100.5955,13.637],[100.5955,13.6365],[100.5955,13.6375],[100.5955,13.637]],[[100.595,13.6355],[100.595,13.635],[100.595,13.6355]],[[100.5975,13.6355]]]}},{"type":"Feature","properties":{"station":"Punnawithi","line":"","band":"15"},"geometry":{"type":"Polygon","coordinates":[[[100.603,13.684],[100.6025,13.685],[100.6035,13.686],[100.602,13.687],[100.604,13.6885],[100.603,13.69],[100.605,13.6905],[100.6035,13.69],[100.603,13.6905],[100.605,13.692],[100.6025,13.691],[100.602,13.69],[100.601,13.691],[100.6025,13.6925],[100.603,13.692],[100.604,13.6925],[100.6035,13.694],[100.6015,13.694],[100.602,13.6955],[100.603,13.6955],[100.6025,13.6965],[100.6045,13.697],[100.6035,13.698],[100.604,13.6995],[100.6055,13.698],[100.607,13.698],[100.606,13.6965],[100.608,13.697],[100.6075,13.696],[100.6085,13.697],[100.61,13.697],[100.608,13.694],[100.61,13.6935],[100.6115,13.6945],[100.6115,13.6955],[100.6125,13.6955],[100.616,13.692],[100.6165,13.693],[100.6175,13.692],[100.617,13.6905],[100.6155,13.6905],[100.615,13.6875],[100.614,13.688],[100.615,13.6855],[100.6135,13.686],[100.6145,13.6845],[100.615,13.685],[100.616,13.6845],[100.6125,13.682],[100.613,13.681],[100.612,13.681],[100.612,13.68],[100.611,13.6805],[100.611,13.6795],[100.609,13.68],[100.6095,13.681],[100.6085,13.683],[100.6095,13.6835],[100.61,13.6855],[100.607,13.6825],[100.606,13.6835],[100.605,13.683],[100.604,13.6845],[100.603,13.684]],[[100.6095,13.689],[100.61,13.688],[100.6095,13.689]],[[100.6095,13.687],[100.609,13.688],[100.6095,13.687]],[[100.6095,13.6865]],[[100.6065,13.6915],[100.606,13.6915],[100.6065,13.6915]],[[100.6065,13.691]],[[100.607,13.6905],[100.6075,13.6905],[100.6075,13.6915],[100.607,13.6905]],[[100.6065,13.6875],[100.605,13.6865],[100.6065,13.6875]],[[100.6045,13.696],[100.605,13.696],[100.605,13.6965],[100.6045,13.696]],[[100.604,13.6945]],[[100.6055,13.69],[100.6055,13.6895],[100.6055,13.69]],[[100.606,13.6865],[100.606,13.686],[100.606,13.6865]],[[100.6055,13.6845],[100.6055,13.684],[100.606,13.684],[100.6055,13.6845]],[[100.605,13.6855],[100.605,13.686],[100.605,13.6855]],[[100.605,13.6895]],[[100.605,13.695],[100.605,13.694],[100.606,13.694],[100.605,13.695]],[[100.6085,13.689],[100.6085,13.6885],[100.609,13.6885],[100.6085,13.689]],[[100.609,13.6855],[100.609,13.686],[100.609,13.6855]],[[100.6075,13.689],[100.6075,13.6885],[100.608,13.6885],[100.6075,13.689]],[[100.608,13.6865]],[[100.607,13.687],[100.607,13.6865],[100.607,13.687]],[[100.608,13.6925],[100.6075,13.693],[100.608,13.6925]],[[100.609,13.691],[100.609,13.6915],[100.609,13.691]],[[100.609,13.69],[100.6095,13.69],[100.609,13.69]],[[100.61,13.683]],[[100.611,13.683],[100.6115,13.681],[100.612,13.6825],[100.611,13.683]],[[100.6115,13.686],[100.611,13.6855],[100.6115,13.686]],[[100.6115,13.687],[100.611,13.6865],[100.6115,13.687]],[[100.6135,13.6885],[100.614,13.688],[100.6135,13.6885]],[[100.613,13.687],[100.6125,13.6875],[100.6125,13.687],[100.613,13.687]],[[100.6125,13.6835],[100.612,13.6835],[100.6125,13.6825],[100.6125,13.6835]],[[100.6125,13.686]],[[100.614,13.684]],[[100.6135,13.6895],[100.613,13.69],[100.6135,13.6895]]]}},{"type":"Feature","properties":{"station":"Punnawithi","line":"","band":"10"},"geometry":{"type":"Polygon","coordinates":[[[100.6055,13.6865],[100.6065,13.6875],[100.6055,13.688],[100.6075,13.691],[100.6065,13.692],[100.606,13.691],[100.6055,13.692],[100.604,13.6925],[100.6045,13.694],[100.606,13.694],[100.605,13.6945],[100.6055,13.6965],[100.6065,13.6955],[100.6075,13.696],[100.6075,13.695],[100.6085,13.695],[100.608,13.694],[100.6095,13.694],[100.6105,13.692],[100.6105,13.693],[100.6125,13.6915],[100.6145,13.692],[100.614,13.69],[100.613,13.69],[100.6135,13.689],[100.6125,13.688],[100.613,13.686],[100.612,13.6855],[100.612,13.6835],[100.6105,13.683],[100.6095,13.6835],[100.61,13.6855],[100.6085,13.684],[100.6075,13.6845],[100.6085,13.685],[100.608,13.6855],[100.6075,13.685],[100.6055,13.6865]],[[100.609,13.691],[100.609,13.6915],[100.609,13.691]],[[100.6095,13.689],[100.61,13.688],[100.6095,13.689]],[[100.6095,13.6865]],[[100.607,13.689],[100.6075,13.6885],[100.608,13.6885],[100.607,13.689]],[[100.608,13.6865],[100.6085,13.6865],[100.608,13.6865]],[[100.607,13.687]],[[100.6075,13.6865],[100.6075,13.686],[100.608,13.686],[100.6075,13.6865]],[[100.608,13.6925],[100.6075,13.693],[100.608,13.6925]],[[100.6085,13.689],[100.609,13.6885],[100.6085,13.689]],[[100.609,13.688],[100.6095,13.687],[100.609,13.688]],[[100.609,13.6855],[100.609,13.686],[100.609,13.6855]],[[100.6095,13.69],[100.609,13.69],[100.6095,13.69]],[[100.6115,13.687],[100.611,13.687],[100.6105,13.687],[100.6105,13.6865],[100.6115,13.687]],[[100.6115,13.686],[100.611,13.6855],[100.6115,13.686]]]}},{"type":"Feature","properties":{"station":"Queen Sirikit National Convention Centre","line":"","band":"15"},"geometry":{"type":"Polygon","coordinates":[[[100.552,13.7205],[100.5515,13.7225],[100.55,13.724],[100.552,13.725],[100.5525,13.7235],[100.553,13.727],[100.5575,13.732],[100.5585,13.727],[100.5595,13.727],[100.559,13.7335],[100.5605,13.734],[100.5605,13.732],[100.561,13.7325],[100.562,13.7315],[100.5615,13.7265],[100.562,13.7275],[100.5645,13.7265],[100.565,13.728],[100.5655,13.7275],[100.5655,13.7265],[100.5665,13.726],[100.566,13.7235],[100.567,13.723],[100.5665,13.7205],[100.567,13.721],[100.5675,13.7205],[100.568,13.719],[100.567,13.718],[100.5675,13.7175],[100.566,13.7165],[100.5645,13.7175],[100.565,13.7165],[100.5635,13.715],[100.5615,13.7155],[100.562,13.715],[100.5615,13.7145],[100.559,13.7155],[100.5615,13.714],[100.561,13.7135],[100.559,13.7145],[100.5595,13.713],[100.559,13.712],[100.5575,13.713],[100.5585,13.714],[100.5565,13.713],[100.556,13.7145],[100.554,13.7135],[100.555,13.7175],[100.554,13.7185],[100.5545,13.719],[100.554,13.72],[100.5535,13.7195],[100.552,13.7205]],[[100.558,13.7235],[100.5595,13.7235],[100.5595,13.725],[100.558,13.725],[100.558,13.7235]],[[100.558,13.7165],[100.557,13.716],[100.558,13.715],[100.558,13.7165]],[[100.556,13.7275],[100.5555,13.726],[100.557,13.7265],[100.556,13.7275]],[[100.556,13.7235],[100.556,13.724],[100.556,13.7235]],[[100.556,13.719],[100.5555,13.719],[100.556,13.719]],[[100.556,13.716]],[[100.5545,13.727],[100.554,13.7265],[100.5545,13.726],[100.5545,13.727]],[[100.553,13.725],[100.5535,13.723],[100.555,13.7225],[100.555,13.7235],[100.5535,13.724],[100.554,13.725],[100.553,13.725]],[[100.555,13.721],[100.555,13.7215],[100.555,13.721]],[[100.555,13.72]],[[100.5535,13.7215]],[[100.554,13.7215]],[[100.5555,13.718],[100.555,13.718],[100.5555,13.718]],[[100.561,13.7275],[100.561,13.7255],[100.561,13.7275]],[[100.561,13.7205],[100.561,13.721],[100.5605,13.721],[100.561,13.7205]],[[100.5605,13.716],[100.561,13.7155],[100.561,13.716],[100.5605,13.716]],[[100.559,13.717],[100.5585,13.716],[100.5595,13.716],[100.559,13.717]],[[100.5585,13.7225]],[[100.5635,13.723]],[[100.5635,13.7225]],[[100.563,13.7225],[100.563,13.722],[100.563,13.7225]],[[100.563,13.7215],[100.5635,13.7215],[100.563,13.7215]],[[100.561,13.7235],[100.562,13.7235],[100.561,13.7235]],[[100.5615,13.7195],[100.5615,13.72],[100.5615,13.7195]],[[100.5625,13.717],[100.5625,13.716],[100.5635,13.716],[100.5625,13.717]],[[100.5605,13.731],[100.5605,13.7315],[100.5605,13.731]],[[100.561,13.7225]],[[100.566,13.723],[100.5655,13.723],[100.566,13.723]],[[100.5655,13.7215],[100.565,13.722],[100.565,13.7225],[100.565,13.722],[100.5655,13.7215]],[[100.565,13.719],[100.566,13.7185],[100.566,13.719],[100.565,13.719]],[[100.566,13.718]],[[100.564,13.721]],[[100.565,13.7205]],[[100.5665,13.7185]],[[100.5665,13.7195],[100.5665,13.72],[100.5665,13.7195]]]}},{"type":"Feature","properties":{"station":"Queen Sirikit National Convention Centre","line":"","band":"10"},"geometry":{"type":"Polygon","coordinates":[[[100.5565,13.716],[100.556,13.717],[100.557,13.7175],[100.556,13.718],[100.555,13.721],[100.554,13.721],[100.5535,13.7225],[100.554,13.723],[100.555,13.7225],[100.5555,13.724],[100.5585,13.7225],[100.556,13.7255],[100.5575,13.7285],[100.5585,13.727],[100.5595,13.727],[100.56,13.7305],[100.561,13.7255],[100.561,13.7275],[100.5615,13.7265],[100.562,13.7275],[100.5635,13.7265],[100.5625,13.726],[100.564,13.7255],[100.565,13.724],[100.5635,13.723],[100.565,13.722],[100.5635,13.7215],[100.565,13.721],[100.5645,13.719],[100.563,13.7185],[100.5635,13.718],[100.563,13.7175],[100.5565,13.716]],[[100.5595,13.725],[100.558,13.725],[100.558,13.7235],[100.5595,13.7235],[100.5595,13.725]],[[100.561,13.7225]],[[100.561,13.7205],[100.561,13.721],[100.5605,13.721],[100.561,13.7205]],[[100.561,13.7235],[100.5615,13.7235],[100.562,13.7235],[100.561,13.7235]],[[100.5615,13.7195],[100.5615,13.72],[100.5615,13.7195]],[[100.563,13.7225],[100.563,13.722],[100.563,13.7225]],[[100.563,13.7215],[100.5635,13.7215],[100.563,13.7215]]]}},{"type":"Feature","properties":{"station":"Rajabhat Phranakhon","line":"MRT","band":"15"},"geometry":{"type":"Polygon","coordinates":[[[100.588,13.88],[100.583,13.883],[100.583,13.882],[100.582,13.8825],[100.582,13.885],[100.5835,13.8855],[100.584,13.885],[100.5845,13.886],[100.587,13.885],[100.5875,13.8865],[100.589,13.885],[100.59,13.887],[100.591,13.886],[100.5905,13.885],[100.5915,13.8845],[100.5935,13.8865],[100.5915,13.883],[100.593,13.883],[100.594,13.882],[100.5945,13.8825],[100.5935,13.883],[100.594,13.8835],[100.597,13.8815],[100.597,13.878],[100.598,13.878],[100.5985,13.8755],[100.5955,13.874],[100.5945,13.875],[100.5955,13.876],[100.594,13.875],[100.5935,13.8765],[100.5925,13.8765],[100.593,13.8775],[100.5905,13.878],[100.59,13.879],[100.5895,13.8785],[100.5895,13.8795],[100.5885,13.8795],[100.588,13.8775],[100.588,13.88]],[[100.5925,13.881],[100.5915,13.881],[100.5925,13.88],[100.5925,13.881]],[[100.594,13.878],[100.594,13.8785],[100.5935,13.8785],[100.594,13.878]],[[100.5895,13.881],[100.591,13.8815],[100.5905,13.882],[100.5895,13.881]],[[100.585,13.883],[100.5855,13.883],[100.5855,13.8835],[100.585,13.8835],[100.585,13.883]],[[100.588,13.8815],[100.5885,13.881],[100.5885,13.882],[100.588,13.8815]],[[100.584,13.8835],[100.584,13.885],[100.5835,13.884],[100.584,13.8835]],[[100.5825,13.883],[100.5825,13.8825],[100.5825,13.883]],[[100.5865,13.882],[100.5875,13.882],[100.5875,13.8825],[100.5865,13.882]],[[100.5855,13.8845],[100.5855,13.885],[100.585,13.885],[100.585,13.8845],[100.5855,13.8845]],[[100.591,13.8845],[100.5905,13.8845],[100.591,13.8845]],[[100.591,13.8825]],[[100.589,13.8835],[100.5895,13.8835],[100.589,13.8835]],[[100.5905,13.8835],[100.59,13.884],[100.5905,13.8835]],[[100.5925,13.8785],[100.593,13.879],[100.5925,13.879],[100.5925,13.8785]],[[100.5955,13.881],[100.595,13.8795],[100.5945,13.8795],[100.595,13.8795],[100.5955,13.881]],[[100.5955,13.879],[100.5965,13.878],[100.5965,13.879],[100.596,13.8795],[100.5955,13.879]],[[100.593,13.8805],[100.5935,13.88],[100.593,13.8805]],[[100.597,13.8755]],[[100.596,13.88],[100.5965,13.88],[100.596,13.8805],[100.596,13.88]],[[100.597,13.877]]]}},{"type":"Feature","properties":{"station":"Rajabhat Phranakhon","line":"MRT","band":"10"},"geometry":{"type":"Polygon","coordinates":[[[100.5935,13.877],[100.584,13.883],[100.586,13.8825],[100.586,13.8835],[100.5895,13.883],[100.5895,13.884],[100.5905,13.8835],[100.591,13.8845],[100.5915,13.8825],[100.5945,13.8815],[100.595,13.879],[100.5935,13.8785],[100.595,13.878],[100.5955,13.8765],[100.5935,13.877]],[[100.591,13.8825]],[[100.5885,13.882],[100.588,13.8815],[100.5885,13.881],[100.5885,13.882]],[[100.589,13.881],[100.591,13.8815],[100.5905,13.882],[100.589,13.881]],[[100.587,13.882],[100.5875,13.8825],[100.5865,13.8825],[100.587,13.882]],[[100.5915,13.881],[100.5925,13.8805],[100.592,13.8795],[100.5935,13.88],[100.5915,13.881]],[[100.5925,13.879],[100.5925,13.8785],[100.593,13.879],[100.5925,13.879]]]}},{"type":"Feature","properties":{"station":"Ram Inthra 3","line":"MRT","band":"15"},"geometry":{"type":"Polygon","coordinates":[[[100.596,13.871],[100.5955,13.8715],[100.596,13.872],[100.5945,13.8725],[100.5955,13.8745],[100.5945,13.875],[100.5955,13.8755],[100.5945,13.877],[100.596,13.8765],[100.596,13.8775],[100.598,13.8785],[100.5985,13.878],[100.598,13.877],[100.599,13.8765],[100.5995,13.8775],[100.599,13.8785],[100.601,13.878],[100.6015,13.8765],[100.6005,13.876],[100.605,13.876],[100.6055,13.877],[100.6065,13.877],[100.606,13.8755],[100.608,13.8755],[100.608,13.8745],[100.61,13.874],[100.6095,13.8725],[100.6075,13.8715],[100.6085,13.872],[100.6095,13.8715],[100.61,13.873],[100.612,13.871],[100.612,13.87],[100.61,13.869],[100.6105,13.8675],[100.612,13.8675],[100.612,13.866],[100.598,13.873],[100.597,13.871],[100.596,13.871]],[[100.597,13.877]],[[100.597,13.874],[100.597,13.8735],[100.597,13.874]],[[100.597,13.8725],[100.5965,13.872],[100.597,13.873],[100.597,13.8725]],[[100.597,13.8755]],[[100.5985,13.8735],[100.599,13.874],[100.5985,13.8735]],[[100.6035,13.873],[100.604,13.8725],[100.604,13.873],[100.6035,13.873]],[[100.604,13.871]],[[100.6065,13.8705],[100.606,13.8695],[100.609,13.87],[100.6065,13.8705]],[[100.6075,13.869]],[[100.6,13.876]],[[100.6015,13.873],[100.6015,13.8735],[100.6015,13.873]],[[100.602,13.872]],[[100.604,13.872],[100.6035,13.872],[100.604,13.872]],[[100.606,13.8695]],[[100.6075,13.8725],[100.6065,13.873],[100.6065,13.8725],[100.6075,13.8725]],[[100.607,13.872]],[[100.6095,13.8685],[100.609,13.868],[100.6095,13.868],[100.6095,13.8685]],[[100.606,13.8715]],[[100.6085,13.873],[100.608,13.873],[100.609,13.873],[100.6085,13.873]],[[100.611,13.867]]]}},{"type":"Feature","properties":{"station":"Ram Inthra 3","line":"MRT","band":"10"},"geometry":{"type":"Polygon","coordinates":[[[100.5985,13.8735],[100.599,13.8745],[100.598,13.875],[100.5985,13.8755],[100.605,13.876],[100.6045,13.8735],[100.6055,13.8745],[100.606,13.873],[100.6075,13.8725],[100.6075,13.8715],[100.6085,13.8715],[100.6085,13.8705],[100.6065,13.8705],[100.606,13.8695],[100.6075,13.8695],[100.608,13.868],[100.5975,13.873],[100.597,13.875],[100.599,13.8745],[100.5985,13.8735]],[[100.602,13.872]],[[100.6015,13.873],[100.6015,13.8735],[100.6015,13.873]],[[100.6035,13.873],[100.604,13.8725],[100.604,13.873],[100.6035,13.873]],[[100.6035,13.872],[100.604,13.872],[100.6035,13.872]],[[100.604,13.871]],[[100.606,13.8695]],[[100.607,13.872]],[[100.606,13.8715]]]}},{"type":"Feature","properties":{"station":"Ram Inthra Kor Mor 4","line":"MRT","band":"15"},"geometry":{"type":"Polygon","coordinates":[[[100.6195,13.8545],[100.619,13.855],[100.62,13.8555],[100.618,13.8555],[100.618,13.8565],[100.6205,13.8575],[100.62,13.861],[100.6195,13.86],[100.619,13.861],[100.6175,13.8605],[100.618,13.8625],[100.6165,13.863],[100.6185,13.864],[100.619,13.8635],[100.6185,13.863],[100.621,13.8615],[100.6215,13.863],[100.621,13.8645],[100.6225,13.8655],[100.6235,13.864],[100.624,13.866],[100.6245,13.8665],[100.625,13.8655],[100.6255,13.8675],[100.6265,13.8665],[100.626,13.866],[100.628,13.8665],[100.6285,13.8655],[100.628,13.8645],[100.63,13.8645],[100.631,13.863],[100.63,13.863],[100.63,13.862],[100.6335,13.8625],[100.633,13.861],[100.6295,13.8615],[100.6295,13.8605],[100.6305,13.861],[100.633,13.8605],[100.6335,13.858],[100.633,13.8555],[100.6345,13.856],[100.636,13.853],[100.634,13.8525],[100.6335,13.853],[100.63,13.8515],[100.625,13.8545],[100.6215,13.851],[100.6195,13.852],[100.621,13.8535],[100.62,13.855],[100.6195,13.8545]],[[100.6255,13.8655],[100.626,13.8655],[100.6255,13.8655]],[[100.626,13.8645]],[[100.627,13.864],[100.626,13.864],[100.627,13.8635],[100.627,13.864]],[[100.626,13.8555],[100.627,13.8545],[100.627,13.8555],[100.626,13.8555]],[[100.6225,13.858],[100.6215,13.857],[100.622,13.8575],[100.6235,13.857],[100.623,13.8595],[100.623,13.8575],[100.6225,13.858]],[[100.6205,13.855]],[[100.6215,13.8615],[100.6215,13.862],[100.6215,13.8615]],[[100.622,13.8585],[100.622,13.858],[100.622,13.8585]],[[100.6215,13.8585],[100.621,13.8585],[100.6215,13.8585]],[[100.622,13.864],[100.6225,13.864],[100.622,13.864]],[[100.622,13.855]],[[100.6245,13.858],[100.6245,13.8575],[100.6245,13.858]],[[100.6255,13.8565],[100.625,13.8565],[100.6255,13.8565]],[[100.623,13.856],[100.6235,13.856],[100.623,13.856]],[[100.625,13.8585],[100.6245,13.8585],[100.625,13.8585]],[[100.629,13.8635]],[[100.629,13.858],[100.6295,13.858],[100.63,13.858],[100.629,13.858]],[[100.63,13.856],[100.629,13.856],[100.629,13.8555],[100.6295,13.8555],[100.63,13.856]],[[100.6295,13.855],[100.6305,13.8545],[100.6295,13.855]],[[100.627,13.8645]],[[100.6285,13.8585],[100.628,13.858],[100.6285,13.858],[100.6285,13.8585]],[[100.628,13.858]],[[100.628,13.8565],[100.627,13.8555],[100.6275,13.8555],[100.628,13.8565]],[[100.6265,13.857],[100.6265,13.8575],[100.6265,13.857]],[[100.628,13.8635],[100.6275,13.8635],[100.628,13.8635]],[[100.6285,13.863]],[[100.6275,13.8645],[100.628,13.8645],[100.6275,13.8645]],[[100.6275,13.863],[100.628,13.863],[100.6275,13.863]],[[100.6305,13.8575]],[[100.631,13.855]],[[100.631,13.856]]]}},{"type":"Feature","properties":{"station":"Ram Inthra Kor Mor 4","line":"MRT","band":"10"},"geometry":{"type":"Polygon","coordinates":[[[100.6215,13.856],[100.621,13.857],[100.622,13.8575],[100.6235,13.857],[100.6235,13.859],[100.623,13.8595],[100.6225,13.8575],[100.622,13.86],[100.621,13.8595],[100.62,13.8615],[100.621,13.8615],[100.6215,13.8625],[100.622,13.861],[100.6225,13.8635],[100.624,13.862],[100.625,13.8645],[100.6255,13.864],[100.625,13.863],[100.626,13.8625],[100.6275,13.8635],[100.6285,13.8625],[100.6275,13.862],[100.629,13.8625],[100.6305,13.862],[100.6295,13.8605],[100.6305,13.861],[100.631,13.86],[100.63,13.86],[100.633,13.8595],[100.6325,13.8585],[100.629,13.858],[100.631,13.8575],[100.632,13.858],[100.632,13.856],[100.633,13.855],[100.6325,13.8545],[100.628,13.8555],[100.628,13.8565],[100.624,13.8535],[100.6225,13.854],[100.622,13.855],[100.6225,13.8555],[100.6215,13.856]],[[100.627,13.8575],[100.6265,13.857],[100.627,13.8575]],[[100.623,13.855],[100.6235,13.8555],[100.6235,13.856],[100.623,13.856],[100.623,13.855]],[[100.6245,13.8585],[100.625,13.8585],[100.6245,13.8585]],[[100.6245,13.858],[100.6245,13.8575],[100.6245,13.858]],[[100.625,13.8565],[100.6255,13.8565],[100.625,13.857],[100.625,13.8565]],[[100.6285,13.858],[100.6285,13.8585],[100.628,13.858],[100.6285,13.858]],[[100.629,13.856],[100.6295,13.8555],[100.63,13.856],[100.629,13.856]],[[100.6265,13.862],[100.627,13.862],[100.6265,13.862]],[[100.628,13.858]],[[100.631,13.856]],[[100.631,13.855]]]}},{"type":"Feature","properties":{"station":"Ram Inthra Kor Mor 6","line":"MRT","band":"15"},"geometry":{"type":"Polygon","coordinates":[[[100.643,13.841],[100.641,13.842],[100.644,13.8445],[100.6425,13.844],[100.642,13.845],[100.644,13.8465],[100.643,13.846],[100.6405,13.8465],[100.645,13.8475],[100.6405,13.8475],[100.6415,13.848],[100.641,13.8485],[100.643,13.8485],[100.642,13.8495],[100.641,13.849],[100.641,13.8505],[100.6445,13.8515],[100.645,13.8525],[100.6455,13.85],[100.647,13.8505],[100.6475,13.85],[100.645,13.849],[100.6485,13.8495],[100.6475,13.8535],[100.648,13.854],[100.65,13.854],[100.65,13.853],[100.651,13.853],[100.6515,13.8515],[100.6515,13.8525],[100.652,13.8515],[100.653,13.852],[100.653,13.851],[100.654,13.851],[100.6545,13.8495],[100.6575,13.848],[100.657,13.847],[100.659,13.8475],[100.6585,13.8465],[100.659,13.845],[100.656,13.844],[100.656,13.8425],[100.657,13.8425],[100.6565,13.8435],[100.657,13.844],[100.658,13.8435],[100.6575,13.8425],[100.659,13.8425],[100.6575,13.842],[100.6595,13.8405],[100.659,13.84],[100.657,13.8395],[100.657,13.841],[100.653,13.8425],[100.652,13.842],[100.653,13.841],[100.6525,13.84],[100.6485,13.8385],[100.6465,13.8395],[100.6485,13.8405],[100.648,13.841],[100.6465,13.8395],[100.6455,13.8415],[100.644,13.8405],[100.645,13.8425],[100.643,13.841]],[[100.65,13.847],[100.6495,13.8465],[100.65,13.8465],[100.65,13.847]],[[100.6495,13.846],[100.6495,13.8465],[100.649,13.8465],[100.6495,13.846]],[[100.6465,13.847],[100.646,13.8455],[100.647,13.845],[100.6465,13.847]],[[100.645,13.845],[100.6445,13.845],[100.6445,13.8445],[100.645,13.845]],[[100.6435,13.8485],[100.6435,13.848],[100.6435,13.8485]],[[100.648,13.8475],[100.648,13.847],[100.648,13.8475]],[[100.6475,13.846],[100.648,13.8455],[100.648,13.846],[100.6475,13.846]],[[100.6465,13.8415],[100.647,13.8415],[100.647,13.842],[100.6465,13.8415]],[[100.649,13.8445],[100.6495,13.845],[100.649,13.8445]],[[100.648,13.8435]],[[100.654,13.8425]],[[100.652,13.85],[100.6495,13.848],[100.6525,13.849],[100.652,13.85]],[[100.651,13.8425]],[[100.6515,13.8505]],[[100.654,13.8485],[100.6535,13.8485],[100.654,13.848],[100.654,13.8485]],[[100.654,13.848],[100.6535,13.847],[100.655,13.8475],[100.6545,13.8485],[100.654,13.848]],[[100.653,13.8485],[100.6535,13.8485],[100.653,13.8485]],[[100.658,13.8405]]]}},{"type":"Feature","properties":{"station":"Ram Inthra Kor Mor 6","line":"MRT","band":"10"},"geometry":{"type":"Polygon","coordinates":[[[100.646,13.843],[100.6435,13.844],[100.6455,13.8455],[100.644,13.8465],[100.644,13.8475],[100.645,13.8475],[100.644,13.8475],[100.644,13.8485],[100.645,13.849],[100.6465,13.8485],[100.648,13.847],[100.6485,13.8505],[100.65,13.8505],[100.651,13.8495],[100.6495,13.848],[100.652,13.848],[100.6525,13.8475],[100.6515,13.8465],[100.653,13.848],[100.654,13.846],[100.6555,13.846],[100.6565,13.842],[100.656,13.8415],[100.654,13.8425],[100.652,13.842],[100.6525,13.841],[100.652,13.8405],[100.6515,13.842],[100.648,13.8415],[100.6465,13.843],[100.6475,13.8435],[100.646,13.843]],[[100.65,13.847],[100.6495,13.8465],[100.65,13.8465],[100.65,13.847]],[[100.6495,13.846],[100.6495,13.8465],[100.649,13.8465],[100.6495,13.846]],[[100.648,13.846],[100.6475,13.846],[100.648,13.8455],[100.648,13.846]],[[100.6475,13.844]],[[100.646,13.8465],[100.647,13.845],[100.6465,13.846],[100.647,13.8465],[100.646,13.8465]],[[100.649,13.8445],[100.6495,13.845],[100.649,13.8445]],[[100.648,13.8435]],[[100.648,13.842],[100.6485,13.8425],[100.648,13.8425],[100.648,13.842]],[[100.651,13.8455]],[[100.651,13.8425]]]}},{"type":"Feature","properties":{"station":"Ram Inthra Kor Mor 9","line":"MRT","band":"15"},"geometry":{"type":"Polygon","coordinates":[[[100.6615,13.8355],[100.661,13.836],[100.6615,13.8375],[100.6595,13.8405],[100.6605,13.84],[100.6625,13.841],[100.663,13.8405],[100.6625,13.8395],[100.665,13.8405],[100.665,13.8415],[100.6655,13.8405],[100.667,13.8405],[100.668,13.8385],[100.669,13.839],[100.669,13.8385],[100.6715,13.84],[100.671,13.8405],[100.672,13.8415],[100.673,13.838],[100.675,13.837],[100.6745,13.8355],[100.673,13.8365],[100.674,13.832],[100.6725,13.83],[100.673,13.8295],[100.6745,13.8315],[100.6755,13.831],[100.675,13.8295],[100.6735,13.829],[100.6745,13.829],[100.6745,13.827],[100.6635,13.837],[100.662,13.837],[100.6615,13.8355]],[[100.6675,13.8385],[100.667,13.838],[100.6675,13.8385]],[[100.666,13.8375],[100.6665,13.8375],[100.666,13.8375]],[[100.667,13.8355],[100.6675,13.836],[100.667,13.8355]],[[100.6695,13.834],[100.669,13.833],[100.6695,13.834]],[[100.6655,13.8365]],[[100.6665,13.84]],[[100.671,13.839],[100.6705,13.8385],[100.672,13.8385],[100.671,13.839]],[[100.6725,13.8365]],[[100.6725,13.8355],[100.672,13.835],[100.672,13.8345],[100.6725,13.8355]],[[100.672,13.8305],[100.6725,13.831],[100.672,13.8305]],[[100.6715,13.8345],[100.6715,13.834],[100.6715,13.8345]],[[100.6705,13.8335],[100.671,13.8335],[100.6705,13.8335]],[[100.668,13.8375],[100.668,13.837],[100.669,13.838],[100.668,13.8375]],[[100.6695,13.8325],[100.67,13.8325],[100.6695,13.8325]]]}},{"type":"Feature","properties":{"station":"Ram Inthra Kor Mor 9","line":"MRT","band":"10"},"geometry":{"type":"Polygon","coordinates":[[[100.6725,13.829],[100.6625,13.838],[100.6625,13.839],[100.666,13.8375],[100.6675,13.838],[100.668,13.837],[100.669,13.838],[100.6725,13.8385],[100.6725,13.8365],[100.673,13.837],[100.672,13.835],[100.6725,13.834],[100.672,13.8335],[100.673,13.8325],[100.672,13.8305],[100.673,13.8295],[100.6725,13.829]],[[100.6695,13.834],[100.669,13.833],[100.6695,13.834]],[[100.6655,13.8365]],[[100.667,13.8355],[100.6675,13.836],[100.667,13.8355]],[[100.665,13.837]],[[100.6715,13.8345],[100.6715,13.834],[100.6715,13.8345]],[[100.6705,13.8335],[100.671,13.8335],[100.6705,13.8335]],[[100.6695,13.8325],[100.67,13.8325],[100.6695,13.8325]]]}},{"type":"Feature","properties":{"station":"Ramkhamhaeng","line":"ARL","band":"15"},"geometry":{"type":"Polygon","coordinates":[[[100.5955,13.7385],[100.5945,13.7395],[100.595,13.741],[100.5935,13.741],[100.5945,13.742],[100.593,13.742],[100.5925,13.743],[100.593,13.7435],[100.592,13.744],[100.593,13.744],[100.5935,13.745],[100.5955,13.7445],[100.5945,13.7445],[100.594,13.7455],[100.5955,13.7455],[100.5955,13.7465],[100.5975,13.7465],[100.5985,13.748],[100.599,13.748],[100.5985,13.747],[100.5995,13.7465],[100.602,13.7495],[100.6025,13.749],[100.6015,13.748],[100.6025,13.7475],[100.603,13.7495],[100.605,13.749],[100.6055,13.75],[100.607,13.7495],[100.608,13.7505],[100.6085,13.7495],[100.607,13.7485],[100.6075,13.747],[100.609,13.746],[100.608,13.745],[100.6095,13.7435],[100.6075,13.7425],[100.607,13.7435],[100.6065,13.7425],[100.611,13.7415],[100.6105,13.741],[100.6065,13.7415],[100.608,13.738],[100.607,13.738],[100.606,13.7365],[100.6045,13.738],[100.6045,13.739],[100.6035,13.738],[100.603,13.739],[100.6025,13.738],[100.601,13.7385],[100.599,13.738],[100.5995,13.737],[100.5985,13.7365],[100.598,13.7345],[100.596,13.737],[100.5965,13.738],[100.5975,13.738],[100.5975,13.739],[100.598,13.7385],[100.599,13.7405],[100.596,13.7405],[100.5955,13.7385]],[[100.601,13.745],[100.6,13.7455],[100.601,13.745]],[[100.6,13.7445],[100.5995,13.744],[100.601,13.7435],[100.6,13.7445]],[[100.602,13.741],[100.6015,13.741],[100.602,13.741]],[[100.598,13.7445],[100.5975,13.7435],[100.5985,13.7435],[100.598,13.7445]],[[100.5975,13.7425],[100.598,13.7425],[100.5975,13.7425]],[[100.5955,13.742],[100.596,13.7415],[100.5955,13.742]],[[100.5965,13.7425],[100.596,13.7425],[100.5965,13.7425]],[[100.5965,13.7445],[100.597,13.7445],[100.5965,13.7445]],[[100.596,13.744]],[[100.6,13.7425],[100.5995,13.7425],[100.6,13.7425]],[[100.5985,13.741]],[[100.604,13.747]],[[100.6045,13.746],[100.6065,13.745],[100.6075,13.746],[100.607,13.7455],[100.6055,13.746],[100.6055,13.747],[100.6045,13.746]],[[100.604,13.745]],[[100.605,13.7425],[100.6055,13.743],[100.605,13.743],[100.605,13.7425]],[[100.6055,13.742],[100.6045,13.74],[100.605,13.7395],[100.6055,13.742]],[[100.602,13.742],[100.6035,13.7415],[100.604,13.742],[100.602,13.742]],[[100.603,13.746],[100.6025,13.7455],[100.603,13.746]],[[100.602,13.743],[100.602,13.7435],[100.602,13.743]],[[100.603,13.741],[100.6035,13.741],[100.603,13.741]],[[100.6035,13.7425],[100.604,13.743],[100.6035,13.7425]],[[100.6045,13.747]],[[100.606,13.74]]]}},{"type":"Feature","properties":{"station":"Ramkhamhaeng","line":"ARL","band":"10"},"geometry":{"type":"Polygon","coordinates":[[[100.597,13.7405],[100.5955,13.7435],[100.5965,13.7435],[100.5975,13.745],[100.598,13.7445],[100.5975,13.7435],[100.5985,13.7435],[100.6,13.747],[100.602,13.7465],[100.603,13.7475],[100.604,13.747],[100.606,13.748],[100.606,13.747],[100.6045,13.746],[100.6065,13.745],[100.605,13.744],[100.6045,13.7425],[100.606,13.7425],[100.606,13.7415],[100.602,13.742],[100.604,13.741],[100.605,13.739],[100.6035,13.7385],[100.603,13.739],[100.6025,13.738],[100.601,13.7385],[100.599,13.738],[100.598,13.7385],[100.599,13.7405],[100.597,13.7405]],[[100.601,13.745],[100.6,13.7455],[100.601,13.745]],[[100.6,13.7445],[100.5995,13.744],[100.601,13.7435],[100.6,13.7445]],[[100.602,13.741],[100.6015,13.741],[100.602,13.741]],[[100.5975,13.7425],[100.598,13.7425],[100.5975,13.7425]],[[100.5985,13.741]],[[100.6,13.7425],[100.5995,13.7425],[100.6,13.7425]],[[100.603,13.741],[100.6035,13.741],[100.603,13.741]],[[100.602,13.743],[100.602,13.7435],[100.602,13.743]],[[100.604,13.745]],[[100.604,13.7425],[100.604,13.743],[100.6035,13.7425],[100.604,13.7425]],[[100.603,13.746],[100.6025,13.7455],[100.603,13.746]]]}},{"type":"Feature","properties":{"station":"Rangsit","line":"SRT Red","band":"15"},"geometry":{"type":"Polygon","coordinates":[[[100.5975,13.9845],[100.5965,13.985],[100.5965,13.986],[100.598,13.987],[100.599,13.986],[100.599,13.9875],[100.597,13.987],[100.5965,13.989],[100.5975,13.989],[100.597,13.9895],[100.598,13.9905],[100.5955,13.991],[100.5955,13.992],[100.5965,13.992],[100.5965,13.994],[100.5955,13.9945],[100.5965,13.995],[100.5985,13.999],[100.6005,13.9985],[100.601,14.0005],[100.602,13.998],[100.6025,13.992],[100.604,13.991],[100.604,13.989],[100.606,13.9895],[100.6065,13.9875],[100.6085,13.987],[100.6065,13.986],[100.606,13.985],[100.6065,13.984],[100.6045,13.983],[100.605,13.9825],[100.6045,13.982],[100.6035,13.9825],[100.603,13.9805],[100.6025,13.9835],[100.6015,13.9845],[100.602,13.9855],[100.601,13.9855],[100.6015,13.9835],[100.6,13.9825],[100.599,13.984],[100.5975,13.9845]],[[100.6005,13.998]],[[100.6,13.997],[100.5985,13.996],[100.601,13.996],[100.6,13.997]],[[100.6,13.995],[100.5985,13.995],[100.599,13.994],[100.6,13.995]],[[100.6015,13.99],[100.5995,13.9895],[100.5995,13.9905],[100.5995,13.9895],[100.601,13.9895],[100.6015,13.9885],[100.6015,13.99]],[[100.6005,13.9885],[100.601,13.988],[100.601,13.9885],[100.6005,13.9885]],[[100.599,13.985],[100.5985,13.9845],[100.599,13.985]],[[100.5985,13.9845]],[[100.5975,13.993],[100.597,13.993],[100.598,13.993],[100.5975,13.993]],[[100.5965,13.9915],[100.597,13.9915],[100.5965,13.9915]],[[100.5995,13.998],[100.5985,13.998],[100.5995,13.998]],[[100.599,13.993],[100.599,13.9935],[100.599,13.993]],[[100.5995,13.9885],[100.5995,13.988],[100.5995,13.9875],[100.5995,13.9885]],[[100.5995,13.987]],[[100.6015,13.9865],[100.602,13.9865],[100.6015,13.9865]],[[100.606,13.986],[100.6055,13.986],[100.6055,13.9855],[100.606,13.986]]]}},{"type":"Feature","properties":{"station":"Rangsit","line":"SRT Red","band":"10"},"geometry":{"type":"Polygon","coordinates":[[[100.599,13.9885],[100.5975,13.9895],[100.598,13.9905],[100.597,13.991],[100.598,13.9915],[100.5985,13.9945],[100.6,13.993],[100.601,13.993],[100.601,13.994],[100.6,13.994],[100.5995,13.995],[100.601,13.996],[100.6005,13.997],[100.601,13.997],[100.6015,13.9945],[100.6025,13.994],[100.6025,13.992],[100.6035,13.992],[100.603,13.9885],[100.605,13.987],[100.605,13.986],[100.603,13.985],[100.603,13.9835],[100.602,13.984],[100.602,13.9855],[100.6005,13.985],[100.5995,13.9855],[100.6005,13.9865],[100.5995,13.9865],[100.5995,13.989],[100.599,13.9885]],[[100.601,13.9925],[100.6,13.992],[100.6015,13.992],[100.601,13.9925]],[[100.6015,13.99],[100.5995,13.9895],[100.5995,13.9905],[100.5995,13.9895],[100.601,13.9895],[100.6015,13.9885],[100.6015,13.99]],[[100.6015,13.9865],[100.602,13.9865],[100.6015,13.9865]],[[100.599,13.993],[100.599,13.9935],[100.599,13.993]],[[100.601,13.9885],[100.6005,13.988],[100.601,13.988],[100.601,13.9885]]]}},{"type":"Feature","properties":{"station":"Ratchadamri","line":"","band":"15"},"geometry":{"type":"Polygon","coordinates":[[[100.534,13.734],[100.533,13.736],[100.5345,13.7375],[100.5355,13.7365],[100.535,13.7375],[100.5365,13.7425],[100.535,13.741],[100.5335,13.742],[100.534,13.743],[100.533,13.743],[100.5325,13.744],[100.5345,13.746],[100.5375,13.7465],[100.538,13.748],[100.539,13.746],[100.538,13.7455],[100.5395,13.745],[100.54,13.747],[100.539,13.7485],[100.5405,13.75],[100.5415,13.75],[100.543,13.748],[100.542,13.745],[100.5425,13.7445],[100.5445,13.746],[100.5445,13.745],[100.546,13.7435],[100.5455,13.7425],[100.5475,13.7405],[100.545,13.74],[100.545,13.738],[100.547,13.7375],[100.547,13.736],[100.546,13.736],[100.546,13.735],[100.5445,13.7355],[100.5435,13.733],[100.542,13.733],[100.5425,13.7315],[100.542,13.731],[100.5405,13.7315],[100.541,13.733],[100.539,13.7315],[100.54,13.731],[100.5395,13.7295],[100.539,13.73],[100.5375,13.729],[100.5355,13.731],[100.536,13.7325],[100.5355,13.732],[100.5345,13.733],[100.5355,13.7345],[100.5345,13.7345],[100.5345,13.7335],[100.534,13.734]],[[100.5405,13.742],[100.542,13.7415],[100.5405,13.742]],[[100.5405,13.741],[100.54,13.7405],[100.5405,13.7405],[100.5405,13.741]],[[100.5405,13.7385],[100.54,13.738],[100.5405,13.7385]],[[100.5395,13.737],[100.54,13.737],[100.5395,13.737]],[[100.54,13.7335],[100.539,13.7335],[100.539,13.732],[100.539,13.733],[100.54,13.7335]],[[100.5385,13.744],[100.539,13.7435],[100.539,13.744],[100.5385,13.744]],[[100.5385,13.7425]],[[100.538,13.7415],[100.537,13.741],[100.5365,13.739],[100.5385,13.7385],[100.538,13.7415]],[[100.538,13.738],[100.5365,13.738],[100.537,13.736],[100.538,13.7365],[100.538,13.738]],[[100.5385,13.7355],[100.538,13.7355],[100.5385,13.7355]],[[100.538,13.731],[100.5385,13.731],[100.538,13.732],[100.538,13.731]],[[100.537,13.735],[100.537,13.7345],[100.5375,13.735],[100.537,13.735]],[[100.537,13.7325],[100.537,13.732],[100.537,13.7325]],[[100.5355,13.7365]],[[100.535,13.736]],[[100.537,13.7425],[100.5375,13.7425],[100.537,13.7425]],[[100.5395,13.742],[100.5395,13.7415],[100.5395,13.742]],[[100.5395,13.7355],[100.5395,13.735],[100.5395,13.7355]],[[100.5425,13.743],[100.543,13.742],[100.543,13.7425],[100.5425,13.743]],[[100.5415,13.743],[100.5415,13.744],[100.5415,13.743]],[[100.542,13.741],[100.5415,13.7405],[100.542,13.7405],[100.542,13.741]],[[100.5425,13.7335],[100.5415,13.7335],[100.5425,13.7335]],[[100.5415,13.7405]],[[100.541,13.7375],[100.541,13.737],[100.541,13.7375]],[[100.5415,13.7365]],[[100.5445,13.74],[100.5445,13.7405],[100.5445,13.74]],[[100.5435,13.7375],[100.543,13.738],[100.5435,13.736],[100.5435,13.7375]],[[100.5435,13.7355],[100.5425,13.7345],[100.5435,13.7345],[100.5435,13.7355]],[[100.5435,13.7405]],[[100.5445,13.7445]],[[100.5455,13.7405],[100.5455,13.741],[100.5455,13.7405]],[[100.545,13.737]],[[100.545,13.736],[100.5455,13.736],[100.545,13.736]],[[100.544,13.742],[100.5445,13.7425],[100.544,13.7425],[100.544,13.742]]]}},{"type":"Feature","properties":{"station":"Ratchadamri","line":"","band":"10"},"geometry":{"type":"Polygon","coordinates":[[[100.5385,13.7325],[100.537,13.7335],[100.5375,13.735],[100.536,13.735],[100.535,13.7375],[100.5365,13.739],[100.5385,13.7385],[100.5385,13.741],[100.537,13.7415],[100.537,13.7425],[100.536,13.743],[100.537,13.7445],[100.539,13.7435],[100.538,13.744],[100.538,13.745],[100.5395,13.745],[100.5405,13.747],[100.5425,13.7445],[100.5425,13.7435],[100.5405,13.743],[100.5425,13.742],[100.544,13.743],[100.5445,13.742],[100.5435,13.7405],[100.545,13.7395],[100.5445,13.7375],[100.543,13.738],[100.5425,13.7355],[100.542,13.7365],[100.54,13.7365],[100.5395,13.7355],[100.5405,13.7355],[100.541,13.734],[100.539,13.734],[100.5385,13.7325]],[[100.5405,13.742],[100.542,13.7415],[100.5405,13.742]],[[100.5405,13.741],[100.54,13.7405],[100.5405,13.7405],[100.5405,13.741]],[[100.5405,13.7385],[100.54,13.738],[100.5405,13.7385]],[[100.5395,13.737],[100.54,13.737],[100.5395,13.737]],[[100.5395,13.742],[100.5395,13.7415],[100.5395,13.742]],[[100.538,13.738],[100.5365,13.738],[100.536,13.7365],[100.5375,13.736],[100.538,13.738]],[[100.5385,13.7355],[100.538,13.7355],[100.5385,13.7355]],[[100.5385,13.7425]],[[100.542,13.741],[100.5415,13.7405],[100.542,13.7405],[100.542,13.741]],[[100.541,13.7375],[100.541,13.737],[100.541,13.7375]],[[100.5415,13.7405]]]}},{"type":"Feature","properties":{"station":"Ratchadaphisek","line":"","band":"15"},"geometry":{"type":"Polygon","coordinates":[[[100.5685,13.7935],[100.5675,13.794],[100.5675,13.795],[100.5665,13.795],[100.5665,13.7965],[100.565,13.7965],[100.566,13.7975],[100.5675,13.7975],[100.567,13.799],[100.568,13.799],[100.5705,13.8015],[100.571,13.801],[100.569,13.8015],[100.568,13.8035],[100.57,13.805],[100.5705,13.8035],[100.572,13.8035],[100.571,13.8045],[100.573,13.8055],[100.571,13.8075],[100.572,13.8075],[100.573,13.809],[100.574,13.808],[100.5755,13.81],[100.576,13.808],[100.577,13.8075],[100.576,13.807],[100.5775,13.8065],[100.578,13.804],[100.5795,13.803],[100.5775,13.802],[100.5765,13.804],[100.577,13.803],[100.5755,13.8],[100.577,13.8],[100.577,13.7985],[100.5765,13.797],[100.575,13.7965],[100.578,13.797],[100.578,13.798],[100.579,13.7965],[100.5785,13.796],[100.58,13.7955],[100.577,13.795],[100.5775,13.793],[100.578,13.7935],[100.5785,13.7925],[100.578,13.7915],[100.5765,13.792],[100.577,13.7905],[100.5745,13.788],[100.5725,13.79],[100.5735,13.7905],[100.5735,13.7935],[100.5725,13.7905],[100.5715,13.791],[100.5715,13.7925],[100.5695,13.7925],[100.57,13.794],[100.5685,13.7935]],[[100.574,13.8045],[100.574,13.804],[100.574,13.8045]],[[100.5735,13.797],[100.5735,13.7975],[100.5735,13.797]],[[100.5735,13.795],[100.5735,13.7945],[100.5735,13.795]],[[100.572,13.7955],[100.5725,13.794],[100.5725,13.795],[100.572,13.7955]],[[100.5725,13.7925],[100.5725,13.793],[100.5725,13.7925]],[[100.568,13.796],[100.5685,13.796],[100.568,13.796]],[[100.5715,13.793],[100.5715,13.7935],[100.5715,13.793]],[[100.572,13.797],[100.572,13.7965],[100.572,13.797]],[[100.572,13.7985],[100.572,13.799],[100.5715,13.799],[100.572,13.7985]],[[100.5725,13.8035]],[[100.572,13.8015]],[[100.5735,13.8055]],[[100.575,13.8005],[100.5755,13.8005],[100.575,13.8005]],[[100.5755,13.79]],[[100.576,13.807]],[[100.578,13.796]]]}},{"type":"Feature","properties":{"station":"Ratchadaphisek","line":"","band":"10"},"geometry":{"type":"Polygon","coordinates":[[[100.572,13.794],[100.5695,13.795],[100.57,13.7965],[100.5685,13.797],[100.57,13.7975],[100.57,13.8],[100.5715,13.7995],[100.5705,13.8025],[100.5715,13.8035],[100.574,13.8035],[100.5735,13.8055],[100.575,13.8065],[100.5765,13.8045],[100.5765,13.804],[100.5755,13.8045],[100.575,13.8005],[100.577,13.8],[100.5765,13.797],[100.575,13.7965],[100.576,13.7965],[100.576,13.7955],[100.577,13.795],[100.576,13.7945],[100.576,13.793],[100.575,13.793],[100.575,13.792],[100.574,13.7915],[100.572,13.7955],[100.572,13.794]],[[100.5735,13.797],[100.5735,13.7975],[100.5735,13.797]],[[100.574,13.795],[100.5735,13.795],[100.574,13.7945],[100.574,13.795]],[[100.572,13.8015],[100.5725,13.8],[100.5725,13.8015],[100.572,13.8015]],[[100.572,13.7985],[100.572,13.799],[100.5715,13.799],[100.572,13.7985]],[[100.572,13.7965],[100.572,13.797],[100.572,13.7965]],[[100.575,13.796]]]}},{"type":"Feature","properties":{"station":"Ratchaprarop","line":"ARL","band":"15"},"geometry":{"type":"Polygon","coordinates":[[[100.535,13.754],[100.535,13.7555],[100.536,13.7555],[100.5335,13.756],[100.533,13.7575],[100.5335,13.7585],[100.5365,13.76],[100.5365,13.761],[100.538,13.762],[100.539,13.762],[100.5395,13.761],[100.5405,13.764],[100.5435,13.7645],[100.544,13.7635],[100.546,13.764],[100.546,13.763],[100.5475,13.7625],[100.547,13.761],[100.5485,13.759],[100.5495,13.7595],[100.549,13.7585],[100.55,13.758],[100.5485,13.758],[100.548,13.757],[100.546,13.7575],[100.545,13.756],[100.548,13.7565],[100.551,13.755],[100.5495,13.754],[100.552,13.7535],[100.552,13.752],[100.5495,13.7515],[100.549,13.7525],[100.548,13.7525],[100.5485,13.752],[100.5465,13.7495],[100.545,13.749],[100.545,13.748],[100.544,13.748],[100.5405,13.745],[100.5395,13.746],[100.54,13.747],[100.5375,13.748],[100.538,13.7495],[100.537,13.7495],[100.5375,13.7505],[100.536,13.751],[100.535,13.754]],[[100.542,13.7595],[100.5415,13.7595],[100.542,13.7595]],[[100.541,13.757],[100.5415,13.7575],[100.541,13.757]],[[100.5415,13.7535],[100.5405,13.7535],[100.5415,13.753],[100.5415,13.7535]],[[100.5415,13.7505],[100.5425,13.75],[100.543,13.751],[100.5415,13.7505]],[[100.541,13.747],[100.5415,13.747],[100.541,13.747]],[[100.5385,13.761]],[[100.539,13.756],[100.5395,13.756],[100.5395,13.7565],[100.539,13.756]],[[100.5395,13.753]],[[100.538,13.7565],[100.537,13.756],[100.538,13.7555],[100.538,13.7565]],[[100.5385,13.7545],[100.5385,13.755],[100.5385,13.7545]],[[100.5375,13.753],[100.5375,13.7525],[100.538,13.753],[100.5375,13.753]],[[100.536,13.758],[100.5365,13.7585],[100.536,13.758]],[[100.5375,13.755]],[[100.538,13.7595],[100.538,13.76],[100.5375,13.7595],[100.538,13.7595]],[[100.5385,13.7525]],[[100.537,13.759],[100.5375,13.759],[100.537,13.759]],[[100.541,13.752],[100.54,13.7515],[100.5405,13.7515],[100.541,13.752]],[[100.54,13.7515]],[[100.5435,13.7625],[100.5435,13.762],[100.5435,13.7625]],[[100.5445,13.7555],[100.5435,13.7555],[100.5445,13.755],[100.5445,13.7555]],[[100.5445,13.7515],[100.544,13.7505],[100.544,13.75],[100.5445,13.7515]],[[100.5425,13.7545],[100.543,13.754],[100.543,13.7545],[100.5425,13.7545]],[[100.542,13.7585]],[[100.543,13.758],[100.543,13.7575],[100.543,13.758]],[[100.543,13.748]],[[100.5455,13.761],[100.5455,13.7605],[100.5455,13.761]],[[100.545,13.759]],[[100.545,13.755]],[[100.5455,13.7535]],[[100.546,13.75],[100.5465,13.7505],[100.546,13.7505],[100.546,13.75]],[[100.5485,13.754],[100.549,13.755],[100.5475,13.755],[100.5485,13.754]],[[100.5475,13.753],[100.547,13.753],[100.5475,13.7525],[100.5475,13.753]],[[100.5455,13.755],[100.546,13.755],[100.5455,13.755]],[[100.5465,13.759],[100.546,13.759],[100.5465,13.759]],[[100.546,13.758],[100.5455,13.7585],[100.5455,13.758],[100.546,13.758]],[[100.5465,13.7595],[100.5465,13.76],[100.5465,13.7595]]]}},{"type":"Feature","properties":{"station":"Ratchaprarop","line":"ARL","band":"10"},"geometry":{"type":"Polygon","coordinates":[[[100.539,13.751],[100.5375,13.7525],[100.538,13.7535],[100.537,13.7545],[100.538,13.755],[100.5385,13.7545],[100.5395,13.7565],[100.539,13.7555],[100.538,13.7565],[100.537,13.756],[100.536,13.7575],[100.54,13.759],[100.5395,13.76],[100.5415,13.7605],[100.5425,13.762],[100.5445,13.7605],[100.545,13.761],[100.5465,13.7595],[100.546,13.759],[100.547,13.759],[100.547,13.757],[100.546,13.7575],[100.545,13.756],[100.5465,13.7565],[100.5475,13.756],[100.547,13.7545],[100.549,13.753],[100.5475,13.7525],[100.547,13.753],[100.5455,13.7515],[100.544,13.7515],[100.5435,13.7505],[100.5415,13.7505],[100.5425,13.75],[100.5415,13.749],[100.5385,13.7505],[100.539,13.751]],[[100.542,13.7595],[100.5415,13.7595],[100.542,13.7595]],[[100.542,13.7585]],[[100.541,13.757],[100.5415,13.7575],[100.541,13.757]],[[100.5425,13.7545],[100.543,13.754],[100.543,13.7545],[100.5425,13.7545]],[[100.5405,13.7535],[100.5415,13.7535],[100.5405,13.7535]],[[100.541,13.752],[100.54,13.7515],[100.5405,13.751],[100.541,13.752]],[[100.5385,13.7525]],[[100.5395,13.753]],[[100.543,13.758],[100.543,13.7575],[100.543,13.758]],[[100.5445,13.7555],[100.5435,13.7555],[100.5445,13.755],[100.5445,13.7555]],[[100.545,13.755]],[[100.5455,13.7535]],[[100.546,13.758],[100.5455,13.7585],[100.5455,13.758],[100.546,13.758]],[[100.5455,13.755],[100.546,13.755],[100.5455,13.755]],[[100.5455,13.7595],[100.545,13.759],[100.5455,13.7595]]]}},{"type":"Feature","properties":{"station":"Ratchathewi","line":"","band":"15"},"geometry":{"type":"Polygon","coordinates":[[[100.524,13.7485],[100.5235,13.749],[100.524,13.75],[100.523,13.7505],[100.5235,13.7515],[100.5225,13.7515],[100.5215,13.753],[100.5235,13.754],[100.5225,13.757],[100.524,13.7575],[100.526,13.756],[100.5255,13.757],[100.5265,13.7585],[100.5305,13.758],[100.53,13.7595],[100.5305,13.76],[100.5335,13.759],[100.534,13.761],[100.5355,13.7605],[100.5355,13.7615],[100.5365,13.761],[100.537,13.7595],[100.536,13.758],[100.5365,13.759],[100.5385,13.757],[100.537,13.756],[100.5385,13.7555],[100.538,13.7545],[100.5395,13.753],[100.539,13.752],[100.54,13.752],[100.541,13.75],[100.5365,13.7495],[100.536,13.7515],[100.5355,13.7495],[100.5365,13.7495],[100.5365,13.7475],[100.5345,13.7475],[100.5345,13.746],[100.5355,13.746],[100.536,13.745],[100.532,13.743],[100.531,13.744],[100.5315,13.7425],[100.5305,13.7425],[100.53,13.7415],[100.528,13.744],[100.528,13.746],[100.5255,13.7465],[100.5265,13.7475],[100.5265,13.749],[100.524,13.7485]],[[100.532,13.758],[100.532,13.7575],[100.533,13.7575],[100.533,13.758],[100.532,13.758]],[[100.5315,13.754],[100.531,13.754],[100.5315,13.754]],[[100.532,13.749],[100.5315,13.7485],[100.534,13.748],[100.535,13.7495],[100.5345,13.75],[100.5335,13.749],[100.532,13.749]],[[100.533,13.7475],[100.5315,13.7475],[100.533,13.747],[100.533,13.7475]],[[100.5315,13.7465]],[[100.5295,13.755],[100.5295,13.7545],[100.5295,13.755]],[[100.529,13.75]],[[100.529,13.7455]],[[100.5285,13.745],[100.529,13.7445],[100.529,13.745],[100.5285,13.745]],[[100.527,13.75],[100.526,13.75],[100.5255,13.7495],[100.527,13.75]],[[100.526,13.751]],[[100.5245,13.7505],[100.524,13.7505],[100.5245,13.7505]],[[100.5235,13.7555]],[[100.5265,13.752]],[[100.5265,13.751]],[[100.5275,13.756],[100.527,13.7555],[100.528,13.755],[100.5275,13.756]],[[100.527,13.7575]],[[100.5275,13.75],[100.528,13.75],[100.5275,13.75]],[[100.528,13.749]],[[100.5305,13.7555]],[[100.5305,13.7545],[100.5305,13.754],[100.5305,13.7545]],[[100.53,13.751],[100.53,13.7515],[100.53,13.7505],[100.53,13.751]],[[100.531,13.7455]],[[100.53,13.7575],[100.5295,13.7575],[100.53,13.757],[100.53,13.7575]],[[100.53,13.7525],[100.53,13.752],[100.5305,13.7525],[100.53,13.7525]],[[100.53,13.75]],[[100.53,13.7455],[100.5295,13.7435],[100.53,13.7435],[100.53,13.7455]],[[100.5345,13.755],[100.5345,13.7545],[100.535,13.754],[100.535,13.755],[100.5345,13.755]],[[100.5345,13.7535],[100.534,13.7535],[100.5345,13.753],[100.5345,13.7535]],[[100.534,13.751]],[[100.534,13.751],[100.534,13.7505],[100.534,13.751]],[[100.5325,13.7525],[100.532,13.7525],[100.5325,13.752],[100.5325,13.7525]],[[100.534,13.745],[100.5335,13.745],[100.534,13.745]],[[100.5335,13.747]],[[100.536,13.7555],[100.535,13.7555],[100.536,13.7555]],[[100.536,13.7525]],[[100.5355,13.749],[100.535,13.7485],[100.5355,13.748],[100.5355,13.749]],[[100.5345,13.76],[100.534,13.76],[100.5345,13.76]],[[100.5355,13.7535],[100.5355,13.754],[100.5355,13.7535]],[[100.5375,13.755]],[[100.5375,13.753],[100.5375,13.7525],[100.538,13.753],[100.5375,13.753]],[[100.5375,13.7505],[100.537,13.75],[100.5375,13.7505]],[[100.5385,13.7525]]]}},{"type":"Feature","properties":{"station":"Ratchathewi","line":"","band":"10"},"geometry":{"type":"Polygon","coordinates":[[[100.5265,13.7495],[100.527,13.75],[100.5265,13.7515],[100.5245,13.7525],[100.526,13.753],[100.5265,13.7545],[100.5255,13.7555],[100.527,13.756],[100.528,13.755],[100.5275,13.756],[100.5285,13.757],[100.53,13.756],[100.5305,13.7575],[100.531,13.757],[100.533,13.7575],[100.5335,13.7585],[100.535,13.7585],[100.535,13.757],[100.534,13.7565],[100.536,13.7565],[100.5345,13.7545],[100.535,13.754],[100.535,13.755],[100.536,13.755],[100.5355,13.7535],[100.536,13.754],[100.536,13.7525],[100.537,13.7525],[100.5375,13.751],[100.536,13.7515],[100.5355,13.75],[100.5315,13.749],[100.5325,13.748],[100.5335,13.7485],[100.534,13.748],[100.5315,13.7475],[100.5325,13.747],[100.5325,13.746],[100.5305,13.745],[100.528,13.749],[100.5275,13.7485],[100.5265,13.7495]],[[100.5305,13.7545],[100.5305,13.754],[100.5305,13.7545]],[[100.5315,13.7465]],[[100.5295,13.755],[100.5295,13.7545],[100.5295,13.755]],[[100.53,13.7525],[100.53,13.752],[100.5305,13.7525],[100.53,13.7525]],[[100.53,13.7515],[100.53,13.7505],[100.5305,13.7505],[100.53,13.7515]],[[100.53,13.75]],[[100.529,13.75]],[[100.5265,13.752]],[[100.5275,13.75],[100.528,13.75],[100.5275,13.75]],[[100.5305,13.7555]],[[100.531,13.754],[100.5315,13.754],[100.531,13.754]],[[100.5325,13.7525],[100.532,13.7525],[100.5325,13.752],[100.5325,13.7525]],[[100.534,13.754],[100.5345,13.7535],[100.5345,13.753],[100.5345,13.7535],[100.534,13.754]],[[100.534,13.751]],[[100.534,13.7505],[100.534,13.751],[100.534,13.7505]]]}},{"type":"Feature","properties":{"station":"Ratchayothin","line":"BTS","band":"15"},"geometry":{"type":"Polygon","coordinates":[[[100.5645,13.824],[100.563,13.824],[100.5645,13.8255],[100.563,13.8255],[100.563,13.8285],[100.561,13.8305],[100.563,13.8305],[100.564,13.833],[100.5665,13.835],[100.566,13.8355],[100.5665,13.8365],[100.5685,13.8355],[100.5685,13.8365],[100.5695,13.8355],[100.5705,13.8365],[100.5715,13.836],[100.573,13.837],[100.5715,13.837],[100.572,13.838],[100.575,13.839],[100.5755,13.838],[100.5745,13.837],[100.576,13.836],[100.575,13.8355],[100.5755,13.8345],[100.5755,13.835],[100.5775,13.8345],[100.577,13.833],[100.576,13.8335],[100.5775,13.8315],[100.577,13.831],[100.576,13.8315],[100.576,13.8305],[100.578,13.831],[100.5785,13.83],[100.577,13.8295],[100.5775,13.8285],[100.575,13.8285],[100.575,13.8275],[100.574,13.8275],[100.5745,13.825],[100.5735,13.825],[100.5735,13.824],[100.5745,13.8235],[100.5735,13.823],[100.5705,13.8255],[100.5705,13.824],[100.568,13.8245],[100.5675,13.824],[100.5685,13.823],[100.568,13.822],[100.566,13.8225],[100.5665,13.8215],[100.565,13.821],[100.5635,13.8225],[100.5645,13.823],[100.5645,13.824]],[[100.569,13.833],[100.5685,13.8335],[100.5685,13.8325],[100.569,13.833]],[[100.569,13.8315],[100.5695,13.8315],[100.569,13.8315]],[[100.569,13.8295],[100.5685,13.8295],[100.569,13.8295]],[[100.5685,13.8285]],[[100.567,13.8235],[100.5675,13.8235],[100.567,13.8235]],[[100.5645,13.8295]],[[100.565,13.8275],[100.5645,13.8265],[100.5635,13.827],[100.564,13.828],[100.5635,13.8265],[100.566,13.827],[100.565,13.8275]],[[100.565,13.824],[100.5655,13.8235],[100.566,13.824],[100.565,13.824]],[[100.568,13.8275]],[[100.568,13.826],[100.5685,13.826],[100.568,13.826]],[[100.568,13.831],[100.568,13.8315],[100.568,13.831]],[[100.568,13.834],[100.5685,13.834],[100.568,13.834]],[[100.572,13.8355],[100.572,13.835],[100.572,13.8355]],[[100.572,13.829],[100.573,13.829],[100.572,13.829]],[[100.5725,13.8275],[100.5725,13.827],[100.573,13.827],[100.5725,13.8275]],[[100.5725,13.826],[100.5735,13.8255],[100.5735,13.826],[100.5725,13.826]],[[100.5725,13.825]],[[100.5705,13.835],[100.5705,13.8345],[100.5705,13.835]],[[100.57,13.8335],[100.57,13.8345],[100.5695,13.833],[100.57,13.8335]],[[100.571,13.828],[100.569,13.827],[100.5715,13.8275],[100.571,13.828]],[[100.5695,13.8285]],[[100.5695,13.83],[100.5695,13.8305],[100.5695,13.83]],[[100.573,13.8315],[100.574,13.832],[100.573,13.8315]],[[100.573,13.831],[100.5735,13.83],[100.5735,13.831],[100.573,13.831]],[[100.5725,13.8335],[100.5725,13.833],[100.573,13.833],[100.5725,13.8335]],[[100.574,13.8365],[100.5745,13.8365],[100.574,13.8365]],[[100.574,13.833]],[[100.574,13.8305]],[[100.575,13.8305],[100.576,13.8305],[100.575,13.8315],[100.575,13.8305]]]}},{"type":"Feature","properties":{"station":"Ratchayothin","line":"BTS","band":"10"},"geometry":{"type":"Polygon","coordinates":[[[100.5655,13.8245],[100.566,13.825],[100.565,13.826],[100.566,13.827],[100.5645,13.8275],[100.565,13.831],[100.568,13.832],[100.567,13.8325],[100.5675,13.834],[100.5685,13.834],[100.569,13.835],[100.57,13.833],[100.571,13.835],[100.572,13.835],[100.5725,13.836],[100.5735,13.8355],[100.5745,13.8335],[100.5735,13.833],[100.5725,13.8335],[100.573,13.8325],[100.572,13.832],[100.5735,13.83],[100.5735,13.8315],[100.575,13.83],[100.574,13.828],[100.573,13.829],[100.5705,13.828],[100.57,13.8285],[100.569,13.827],[100.572,13.826],[100.571,13.825],[100.568,13.826],[100.5685,13.8255],[100.567,13.824],[100.5655,13.8245]],[[100.569,13.8335],[100.5685,13.8335],[100.5685,13.8325],[100.569,13.833],[100.569,13.8335]],[[100.569,13.8295],[100.5685,13.8295],[100.569,13.8295]],[[100.5685,13.8285]],[[100.568,13.831],[100.568,13.8315],[100.568,13.831]],[[100.568,13.8275]],[[100.5695,13.8305],[100.5695,13.83],[100.5695,13.8305]],[[100.5695,13.8285]],[[100.5695,13.8315],[100.569,13.8315],[100.5695,13.8315]],[[100.5715,13.832],[100.572,13.832],[100.5715,13.832]]]}},{"type":"Feature","properties":{"station":"Royal Forest Department","line":"BTS","band":"15"},"geometry":{"type":"Polygon","coordinates":[[[100.5755,13.847],[100.574,13.848],[100.574,13.8495],[100.576,13.8495],[100.5755,13.851],[100.575,13.8505],[100.5745,13.851],[100.5745,13.852],[100.5755,13.8515],[100.5735,13.853],[100.575,13.8535],[100.576,13.8555],[100.5775,13.854],[100.5775,13.856],[100.579,13.8555],[100.578,13.8575],[100.585,13.858],[100.585,13.8595],[100.5855,13.8585],[100.5875,13.8595],[100.587,13.858],[100.5875,13.8555],[100.5865,13.8535],[100.5875,13.8535],[100.5885,13.848],[100.5865,13.8475],[100.587,13.8455],[100.586,13.846],[100.5855,13.849],[100.5835,13.8485],[100.5855,13.848],[100.586,13.847],[100.585,13.845],[100.584,13.8445],[100.583,13.845],[100.583,13.844],[100.5825,13.845],[100.5815,13.8445],[100.5825,13.843],[100.582,13.8415],[100.5805,13.8425],[100.58,13.8415],[100.579,13.8425],[100.5765,13.8415],[100.576,13.845],[100.577,13.847],[100.576,13.846],[100.5755,13.847]],[[100.5805,13.857],[100.581,13.856],[100.581,13.857],[100.5805,13.857]],[[100.58,13.856],[100.5795,13.856],[100.58,13.856]],[[100.58,13.8545]],[[100.58,13.845],[100.5805,13.845],[100.58,13.845]],[[100.5775,13.854],[100.577,13.8535],[100.577,13.853],[100.5775,13.853],[100.5775,13.854]],[[100.5785,13.8485],[100.578,13.848],[100.5785,13.848],[100.5785,13.8485]],[[100.579,13.8475],[100.5785,13.847],[100.5785,13.846],[100.5785,13.847],[100.579,13.8475]],[[100.5785,13.8435],[100.5795,13.844],[100.5785,13.844],[100.5785,13.8435]],[[100.577,13.8485],[100.577,13.8475],[100.5775,13.8475],[100.577,13.8485]],[[100.576,13.853],[100.5755,13.8535],[100.5755,13.853],[100.576,13.853]],[[100.578,13.847],[100.578,13.8465],[100.578,13.847]],[[100.5795,13.854],[100.579,13.854],[100.5795,13.854]],[[100.579,13.8515],[100.5795,13.8515],[100.579,13.8515]],[[100.579,13.85],[100.5785,13.8505],[100.5785,13.85],[100.579,13.85]],[[100.579,13.8485]],[[100.579,13.848],[100.5785,13.848],[100.579,13.848]],[[100.5825,13.8565],[100.582,13.8565],[100.582,13.856],[100.5825,13.856],[100.5825,13.8565]],[[100.5825,13.8535]],[[100.583,13.847],[100.5835,13.847],[100.583,13.847]],[[100.584,13.8455],[100.584,13.846],[100.584,13.8455]],[[100.581,13.8555],[100.5815,13.855],[100.5815,13.8555],[100.581,13.8555]],[[100.5815,13.8515]],[[100.5815,13.8515]],[[100.5815,13.8475],[100.581,13.848],[100.581,13.8475],[100.5815,13.8475]],[[100.582,13.846],[100.582,13.8455],[100.582,13.846]],[[100.5805,13.8445],[100.581,13.8445],[100.5805,13.8445]],[[100.581,13.843]],[[100.5815,13.854],[100.581,13.8535],[100.5815,13.8535],[100.5815,13.854]],[[100.585,13.857],[100.5845,13.857],[100.585,13.857]],[[100.5855,13.8525],[100.586,13.8525],[100.586,13.853],[100.5855,13.8525]],[[100.586,13.8515],[100.5855,13.8515],[100.586,13.8515]],[[100.586,13.851],[100.587,13.851],[100.586,13.851]],[[100.5865,13.848],[100.587,13.8485],[100.5865,13.8485],[100.5865,13.848]],[[100.5835,13.857],[100.583,13.855],[100.584,13.8545],[100.5835,13.857]],[[100.584,13.8525],[100.5845,13.8525],[100.5845,13.853],[100.584,13.853],[100.584,13.8525]],[[100.5835,13.8505],[100.584,13.8515],[100.583,13.8505],[100.5835,13.8505]],[[100.5845,13.8565]],[[100.5865,13.85],[100.587,13.85],[100.5865,13.85]]]}},{"type":"Feature","properties":{"station":"Royal Forest Department","line":"BTS","band":"10"},"geometry":{"type":"Polygon","coordinates":[[[100.578,13.847],[100.576,13.8515],[100.5775,13.8525],[100.5775,13.8535],[100.5795,13.854],[100.5795,13.8555],[100.58,13.8545],[100.5815,13.855],[100.5805,13.8555],[100.5815,13.857],[100.582,13.856],[100.583,13.857],[100.5835,13.8545],[100.5845,13.8555],[100.584,13.8565],[100.5855,13.8565],[100.585,13.855],[100.586,13.8555],[100.5865,13.8545],[100.5865,13.853],[100.5855,13.8525],[100.587,13.852],[100.5855,13.8515],[100.586,13.849],[100.5825,13.8485],[100.583,13.847],[100.5815,13.846],[100.5815,13.845],[100.579,13.8445],[100.578,13.845],[100.578,13.8465],[100.579,13.846],[100.579,13.8475],[100.578,13.847]],[[100.58,13.853],[100.579,13.853],[100.58,13.853]],[[100.579,13.8515],[100.5795,13.8515],[100.579,13.8515]],[[100.5785,13.8505],[100.5785,13.85],[100.579,13.85],[100.579,13.8505],[100.5785,13.8505]],[[100.579,13.848],[100.5785,13.848],[100.579,13.848]],[[100.5785,13.8485],[100.578,13.848],[100.5785,13.848],[100.5785,13.8485]],[[100.579,13.8485]],[[100.5815,13.854],[100.581,13.8535],[100.5815,13.8535],[100.5815,13.854]],[[100.5815,13.8475],[100.581,13.848],[100.581,13.8475],[100.5815,13.8475]],[[100.5815,13.8515]],[[100.5815,13.8515]],[[100.5825,13.8535]],[[100.584,13.8525],[100.5855,13.8535],[100.584,13.8535],[100.584,13.8525]],[[100.585,13.851],[100.584,13.85],[100.5855,13.85],[100.585,13.851]],[[100.584,13.8515],[100.583,13.8505],[100.5835,13.8505],[100.584,13.8515]]]}},{"type":"Feature","properties":{"station":"Royal Irrigation Department","line":"MRT","band":"15"},"geometry":{"type":"Polygon","coordinates":[[[100.499,13.895],[100.4995,13.8975],[100.4985,13.897],[100.4975,13.8975],[100.5,13.898],[100.498,13.8985],[100.4985,13.8995],[100.4995,13.8995],[100.499,13.9005],[100.5,13.901],[100.5,13.902],[100.5015,13.902],[100.501,13.9035],[100.502,13.904],[100.503,13.907],[100.504,13.9075],[100.5065,13.907],[100.5055,13.9045],[100.5065,13.906],[100.5085,13.9055],[100.5075,13.9035],[100.5095,13.903],[100.5095,13.9015],[100.5125,13.901],[100.513,13.902],[100.513,13.901],[100.514,13.901],[100.513,13.9005],[100.513,13.8995],[100.514,13.8995],[100.513,13.898],[100.5125,13.899],[100.5115,13.899],[100.511,13.898],[100.5115,13.8965],[100.5125,13.897],[100.512,13.8955],[100.514,13.895],[100.514,13.8935],[100.513,13.895],[100.5115,13.895],[100.5095,13.897],[100.508,13.897],[100.509,13.895],[100.51,13.894],[100.511,13.895],[100.512,13.893],[100.511,13.889],[100.503,13.8925],[100.502,13.894],[100.5005,13.8945],[100.5005,13.8955],[100.499,13.895]],[[100.505,13.906]],[[100.505,13.9025]],[[100.503,13.9005],[100.503,13.899],[100.5035,13.8995],[100.503,13.9005]],[[100.5025,13.8995],[100.502,13.899],[100.5015,13.899],[100.5025,13.8995]],[[100.501,13.9]],[[100.4995,13.899]],[[100.501,13.897]],[[100.502,13.9]],[[100.504,13.904],[100.504,13.9045],[100.504,13.904]],[[100.5045,13.8985],[100.503,13.8985],[100.503,13.898],[100.5045,13.898],[100.5045,13.8985]],[[100.505,13.8965],[100.505,13.8975],[100.5045,13.8975],[100.5045,13.8965],[100.505,13.8965]],[[100.5035,13.905]],[[100.5035,13.9015]],[[100.5035,13.8975]],[[100.503,13.8975]],[[100.508,13.901],[100.509,13.901],[100.508,13.901]],[[100.508,13.899],[100.509,13.899],[100.508,13.899]],[[100.506,13.902],[100.5065,13.9015],[100.507,13.9015],[100.5065,13.902],[100.506,13.902]],[[100.506,13.8995],[100.506,13.9],[100.506,13.8995]],[[100.5065,13.8985],[100.506,13.8985],[100.5065,13.8985]],[[100.5065,13.897],[100.507,13.897],[100.507,13.8975],[100.5065,13.8975],[100.5065,13.897]],[[100.5065,13.896]],[[100.507,13.8995]],[[100.507,13.9005]],[[100.51,13.901]],[[100.509,13.9015]],[[100.5105,13.9]],[[100.509,13.8905]]]}},{"type":"Feature","properties":{"station":"Royal Irrigation Department","line":"MRT","band":"10"},"geometry":{"type":"Polygon","coordinates":[[[100.504,13.8955],[100.5025,13.8955],[100.5025,13.8965],[100.5005,13.8975],[100.5015,13.899],[100.5035,13.8995],[100.5035,13.9005],[100.5025,13.901],[100.505,13.9035],[100.5045,13.9045],[100.508,13.902],[100.512,13.9005],[100.5115,13.9],[100.512,13.899],[100.511,13.898],[100.5115,13.8965],[100.5125,13.896],[100.5115,13.8955],[100.5095,13.897],[100.508,13.897],[100.509,13.895],[100.5105,13.894],[100.5095,13.8935],[100.51,13.892],[100.5085,13.892],[100.508,13.894],[100.507,13.892],[100.504,13.8945],[100.504,13.8955]],[[100.506,13.902],[100.5065,13.9015],[100.507,13.9015],[100.507,13.902],[100.506,13.902]],[[100.506,13.8995],[100.506,13.9],[100.506,13.8995]],[[100.506,13.8985],[100.5065,13.8985],[100.5065,13.899],[100.506,13.8985]],[[100.5065,13.8975],[100.5065,13.897],[100.507,13.897],[100.507,13.8975],[100.5065,13.8975]],[[100.505,13.9025]],[[100.505,13.8985],[100.503,13.8985],[100.503,13.898],[100.5045,13.898],[100.505,13.8985]],[[100.5035,13.8975]],[[100.5025,13.897],[100.502,13.897],[100.5025,13.897]],[[100.503,13.8975]],[[100.505,13.8975],[100.5045,13.8975],[100.5045,13.8965],[100.505,13.8965],[100.505,13.8975]],[[100.5045,13.8995],[100.504,13.8995],[100.5045,13.8995]],[[100.5065,13.896]],[[100.508,13.901],[100.509,13.901],[100.508,13.901]],[[100.509,13.899],[100.508,13.899],[100.509,13.899]],[[100.507,13.9005]],[[100.507,13.8995]],[[100.51,13.901]],[[100.5105,13.9]]]}},{"type":"Feature","properties":{"station":"Royal Thai Air Force Museum","line":"BTS","band":"15"},"geometry":{"type":"Polygon","coordinates":[[[100.622,13.917],[100.621,13.9175],[100.622,13.919],[100.6225,13.9185],[100.622,13.917]]]}},{"type":"Feature","properties":{"station":"Royal Thai Air Force Museum","line":"BTS","band":"10"},"geometry":{"type":"Polygon","coordinates":[[[100.622,13.917],[100.621,13.9175],[100.622,13.919],[100.6225,13.9185],[100.622,13.917]]]}},{"type":"Feature","properties":{"station":"Royal Thai Naval Academy","line":"","band":"15"},"geometry":{"type":"Polygon","coordinates":[[[100.5965,13.6035],[100.5975,13.605],[100.596,13.6075],[100.5955,13.607],[100.5945,13.608],[100.595,13.609],[100.6,13.61],[100.5995,13.612],[100.6005,13.6115],[100.6015,13.613],[100.6025,13.612],[100.6035,13.613],[100.604,13.6115],[100.603,13.6115],[100.603,13.6105],[100.604,13.6095],[100.603,13.6095],[100.604,13.6085],[100.6015,13.606],[100.6015,13.6055],[100.6025,13.606],[100.602,13.605],[100.6025,13.604],[100.6015,13.604],[100.601,13.6055],[100.6,13.6055],[100.5965,13.6035]],[[100.601,13.608],[100.6015,13.607],[100.6015,13.6075],[100.601,13.608]],[[100.6005,13.6065],[100.6005,13.606],[100.601,13.606],[100.6005,13.6065]],[[100.5985,13.6065],[100.599,13.6065],[100.5985,13.6065]],[[100.599,13.606],[100.5985,13.6055],[100.599,13.6055],[100.599,13.606]],[[100.5995,13.6065],[100.5995,13.606],[100.5995,13.6065]],[[100.603,13.6085],[100.6025,13.6085],[100.603,13.6085]]]}},{"type":"Feature","properties":{"station":"Royal Thai Naval Academy","line":"","band":"10"},"geometry":{"type":"Polygon","coordinates":[[[100.596,13.6075],[100.5955,13.607],[100.5945,13.608],[100.595,13.609],[100.598,13.61],[100.5985,13.6095],[100.6,13.6105],[100.601,13.6105],[100.6015,13.6095],[100.6,13.6075],[100.6005,13.606],[100.5995,13.6065],[100.5985,13.6055],[100.599,13.6045],[100.598,13.604],[100.596,13.6075]],[[100.5985,13.6065],[100.599,13.6065],[100.5985,13.6065]]]}},{"type":"Feature","properties":{"station":"Sai Luat","line":"","band":"15"},"geometry":{"type":"Polygon","coordinates":[[[100.608,13.571],[100.6055,13.575],[100.606,13.577],[100.605,13.578],[100.6065,13.578],[100.607,13.5805],[100.6085,13.58],[100.608,13.5795],[100.6085,13.5785],[100.609,13.58],[100.611,13.5785],[100.6115,13.58],[100.613,13.58],[100.614,13.5785],[100.6125,13.5785],[100.612,13.5775],[100.6125,13.5765],[100.6135,13.577],[100.6145,13.575],[100.613,13.575],[100.612,13.574],[100.6115,13.575],[100.61,13.575],[100.611,13.574],[100.6105,13.5735],[100.6115,13.5725],[100.611,13.572],[100.6115,13.571],[100.609,13.572],[100.6085,13.5705],[100.6075,13.5705],[100.608,13.571]],[[100.6115,13.5765],[100.6115,13.575],[100.6125,13.576],[100.6115,13.5765]],[[100.6115,13.5785],[100.612,13.5785],[100.6115,13.5785]]]}},{"type":"Feature","properties":{"station":"Sai Luat","line":"","band":"10"},"geometry":{"type":"Polygon","coordinates":[[[100.6065,13.573],[100.6055,13.575],[100.606,13.577],[100.605,13.578],[100.6065,13.578],[100.607,13.5805],[100.608,13.581],[100.6085,13.5785],[100.609,13.5795],[100.611,13.5785],[100.6115,13.575],[100.61,13.575],[100.6105,13.5745],[100.609,13.5735],[100.608,13.5745],[100.6075,13.573],[100.6065,13.573]],[[100.609,13.575],[100.6095,13.575],[100.609,13.5755],[100.609,13.575]]]}},{"type":"Feature","properties":{"station":"Sai Ma","line":"MRT","band":"15"},"geometry":{"type":"Polygon","coordinates":[[[100.4595,13.8715],[100.458,13.8725],[100.457,13.8745],[100.459,13.875],[100.459,13.876],[100.46,13.8745],[100.461,13.8745],[100.461,13.8735],[100.463,13.8735],[100.463,13.8765],[100.464,13.877],[100.465,13.876],[100.466,13.8775],[100.4665,13.8755],[100.467,13.8765],[100.469,13.8755],[100.469,13.8765],[100.47,13.8765],[100.4705,13.874],[100.4715,13.875],[100.4735,13.875],[100.4735,13.8735],[100.4745,13.8735],[100.475,13.872],[100.4745,13.8705],[100.477,13.871],[100.4775,13.8705],[100.475,13.87],[100.474,13.8685],[100.4735,13.8695],[100.4725,13.8695],[100.472,13.869],[100.4735,13.869],[100.4725,13.8685],[100.4725,13.867],[100.4695,13.866],[100.4695,13.867],[100.4685,13.8675],[100.47,13.868],[100.4655,13.869],[100.462,13.8685],[100.461,13.8705],[100.4615,13.871],[100.4595,13.872],[100.4595,13.8715]],[[100.466,13.874],[100.4665,13.8725],[100.467,13.8735],[100.466,13.874]],[[100.466,13.872],[100.4655,13.8725],[100.466,13.872]],[[100.464,13.8735],[100.4635,13.8735],[100.464,13.8735]],[[100.4605,13.872],[100.4605,13.8725],[100.46,13.8725],[100.4605,13.872]],[[100.4595,13.8725],[100.459,13.8725],[100.4595,13.8725]],[[100.463,13.87],[100.4625,13.8705],[100.4625,13.87],[100.463,13.87]],[[100.4655,13.8755]],[[100.47,13.8735],[100.4695,13.8735],[100.47,13.8735]],[[100.47,13.8715],[100.4705,13.8715],[100.4705,13.8725],[100.47,13.8715]],[[100.4705,13.869]],[[100.467,13.872],[100.468,13.871],[100.469,13.873],[100.468,13.8735],[100.467,13.872]],[[100.467,13.8715]],[[100.4685,13.8695]],[[100.4695,13.871],[100.4695,13.8715],[100.4695,13.872],[100.4695,13.871]],[[100.471,13.871],[100.471,13.8705],[100.471,13.871]],[[100.472,13.8705],[100.472,13.871],[100.472,13.8705]],[[100.471,13.8685],[100.471,13.868],[100.471,13.8685]],[[100.4735,13.8715],[100.4735,13.871],[100.4735,13.8715]],[[100.4735,13.8715]]]}},{"type":"Feature","properties":{"station":"Sai Ma","line":"MRT","band":"10"},"geometry":{"type":"Polygon","coordinates":[[[100.4645,13.8705],[100.46,13.873],[100.462,13.8735],[100.463,13.872],[100.464,13.8735],[100.4635,13.874],[100.4645,13.8745],[100.465,13.8725],[100.465,13.8735],[100.4665,13.8725],[100.467,13.874],[100.468,13.874],[100.467,13.872],[100.468,13.871],[100.469,13.873],[100.4705,13.874],[100.4705,13.8715],[100.4715,13.8715],[100.472,13.8725],[100.4725,13.8715],[100.472,13.8705],[100.473,13.871],[100.474,13.8705],[100.4695,13.8685],[100.4655,13.869],[100.4645,13.8695],[100.4645,13.8705]],[[100.466,13.872],[100.4655,13.8725],[100.466,13.872]],[[100.4695,13.872],[100.469,13.8715],[100.4695,13.871],[100.4695,13.872]],[[100.467,13.8715]],[[100.4685,13.8695]],[[100.471,13.8705],[100.471,13.871],[100.471,13.8705]]]}},{"type":"Feature","properties":{"station":"Sai Yud","line":"","band":"15"},"geometry":{"type":"Polygon","coordinates":[[[100.5985,13.8805],[100.599,13.882],[100.598,13.882],[100.5985,13.883],[100.598,13.8845],[100.599,13.8845],[100.5965,13.8855],[100.5965,13.887],[100.5975,13.8875],[100.5965,13.8875],[100.596,13.8885],[100.597,13.889],[100.597,13.8905],[100.5985,13.8895],[100.599,13.89],[100.598,13.8905],[100.599,13.891],[100.6005,13.8895],[100.601,13.8925],[100.602,13.8915],[100.6025,13.893],[100.6055,13.8915],[100.6045,13.893],[100.605,13.8955],[100.607,13.897],[100.608,13.8965],[100.6095,13.8975],[100.61,13.8965],[100.6095,13.895],[100.6105,13.8945],[100.61,13.893],[100.6115,13.8925],[100.61,13.8905],[100.6105,13.891],[100.612,13.8905],[100.613,13.887],[100.6105,13.887],[100.6085,13.889],[100.6075,13.888],[100.608,13.8875],[100.609,13.8885],[100.6095,13.887],[100.6085,13.8865],[100.6085,13.8835],[100.6095,13.883],[100.6085,13.883],[100.6085,13.882],[100.6065,13.881],[100.605,13.8815],[100.602,13.88],[100.6005,13.8805],[100.5995,13.8795],[100.5985,13.8805]],[[100.605,13.8885],[100.6055,13.888],[100.606,13.8885],[100.605,13.8885]],[[100.6055,13.883],[100.606,13.8815],[100.6065,13.8825],[100.6055,13.883]],[[100.599,13.8855],[100.5985,13.8855],[100.599,13.8855]],[[100.6,13.8855],[100.6005,13.885],[100.6,13.8855]],[[100.6,13.8845],[100.6005,13.884],[100.6005,13.8845],[100.6,13.8845]],[[100.5995,13.883],[100.6,13.882],[100.6005,13.8825],[100.5995,13.883]],[[100.6015,13.885],[100.601,13.8845],[100.6015,13.8845],[100.6015,13.885]],[[100.604,13.8895],[100.604,13.889],[100.604,13.8895]],[[100.6045,13.882],[100.6045,13.8815],[100.6045,13.882]],[[100.6025,13.887],[100.603,13.887],[100.6025,13.887]],[[100.603,13.8875]],[[100.6075,13.8945],[100.6065,13.895],[100.607,13.894],[100.6075,13.8945]],[[100.606,13.892]],[[100.6065,13.891]],[[100.6075,13.883]],[[100.6085,13.8965]],[[100.61,13.89]],[[100.61,13.894]]]}},{"type":"Feature","properties":{"station":"Sai Yud","line":"","band":"10"},"geometry":{"type":"Polygon","coordinates":[[[100.6015,13.8825],[100.6005,13.8825],[100.6,13.8835],[100.6005,13.8845],[100.6,13.8845],[100.6015,13.886],[100.5995,13.8865],[100.599,13.8875],[100.6,13.8885],[100.6015,13.888],[100.601,13.889],[100.6015,13.8895],[100.603,13.8885],[100.604,13.889],[100.6035,13.89],[100.6055,13.891],[100.607,13.894],[100.608,13.8945],[100.6075,13.8935],[100.609,13.8915],[100.6085,13.891],[100.61,13.8905],[100.6095,13.8895],[100.61,13.8885],[100.6085,13.889],[100.6075,13.8875],[100.6065,13.888],[100.606,13.8875],[100.6075,13.886],[100.606,13.885],[100.607,13.884],[100.606,13.8835],[100.603,13.8845],[100.603,13.883],[100.6015,13.8825]],[[100.605,13.8885],[100.6055,13.888],[100.606,13.8885],[100.605,13.8885]],[[100.603,13.887],[100.6025,13.887],[100.603,13.887]],[[100.6015,13.885],[100.601,13.8845],[100.6015,13.8845],[100.6015,13.885]],[[100.603,13.8875]],[[100.6065,13.891]]]}},{"type":"Feature","properties":{"station":"Saint Louis","line":"BTS","band":"15"},"geometry":{"type":"Polygon","coordinates":[[[100.5195,13.7165],[100.518,13.717],[100.5185,13.7175],[100.5165,13.7175],[100.5165,13.7185],[100.5175,13.7185],[100.517,13.721],[100.518,13.721],[100.518,13.722],[100.52,13.724],[100.5195,13.7255],[100.5215,13.7265],[100.522,13.726],[100.5235,13.729],[100.5265,13.729],[100.528,13.728],[100.5285,13.7285],[100.5305,13.727],[100.53,13.7265],[100.531,13.727],[100.5325,13.7255],[100.5335,13.726],[100.534,13.724],[100.5345,13.725],[100.5365,13.724],[100.5355,13.722],[100.534,13.7225],[100.533,13.722],[100.535,13.7215],[100.534,13.7195],[100.5325,13.72],[100.534,13.719],[100.533,13.7175],[100.5335,13.7165],[100.5325,13.716],[100.532,13.717],[100.53,13.7165],[100.531,13.7155],[100.529,13.7145],[100.5295,13.713],[100.529,13.712],[100.5265,13.712],[100.525,13.7135],[100.527,13.715],[100.5235,13.7155],[100.5215,13.7145],[100.5195,13.7165]],[[100.5265,13.718],[100.5265,13.7185],[100.5265,13.718]],[[100.5225,13.7225]],[[100.523,13.719],[100.5215,13.7175],[100.522,13.717],[100.523,13.719]],[[100.5205,13.7215],[100.52,13.721],[100.5205,13.721],[100.5205,13.7215]],[[100.5205,13.7195],[100.5205,13.72],[100.5205,13.7195]],[[100.5185,13.719],[100.5185,13.7195],[100.5185,13.72],[100.5185,13.719]],[[100.521,13.7225]],[[100.5215,13.7215],[100.5215,13.722],[100.5215,13.7215]],[[100.521,13.718],[100.5215,13.718],[100.521,13.718]],[[100.5245,13.7255],[100.524,13.726],[100.524,13.7255],[100.5245,13.7255]],[[100.525,13.7235]],[[100.525,13.721],[100.5245,13.721],[100.525,13.721]],[[100.5245,13.719],[100.524,13.7185],[100.5245,13.7185],[100.5245,13.719]],[[100.524,13.721],[100.523,13.7205],[100.524,13.7205],[100.524,13.721]],[[100.524,13.717]],[[100.5235,13.724],[100.524,13.724],[100.524,13.7245],[100.5235,13.724]],[[100.5255,13.7195],[100.525,13.719],[100.5255,13.7195]],[[100.525,13.7165]],[[100.5285,13.7225],[100.529,13.7225],[100.5295,13.7225],[100.5285,13.7225]],[[100.5295,13.718],[100.529,13.7185],[100.5285,13.7175],[100.5295,13.718]],[[100.5295,13.7165],[100.529,13.7165],[100.5295,13.7165]],[[100.53,13.716]],[[100.528,13.7255],[100.5275,13.725],[100.528,13.725],[100.528,13.7255]],[[100.5275,13.7215],[100.527,13.7215],[100.5275,13.7215]],[[100.5275,13.72]],[[100.5265,13.725],[100.527,13.725],[100.5265,13.725]],[[100.5265,13.7175]],[[100.527,13.717]],[[100.529,13.721],[100.5295,13.72],[100.529,13.721]],[[100.528,13.7245],[100.5285,13.7245],[100.528,13.7245]],[[100.5285,13.716],[100.529,13.716],[100.529,13.7165],[100.5285,13.716]],[[100.529,13.715],[100.5295,13.715],[100.529,13.715]],[[100.529,13.719],[100.5295,13.719],[100.5295,13.7195],[100.529,13.719]],[[100.5315,13.718],[100.531,13.718],[100.5305,13.7175],[100.5315,13.718]],[[100.53,13.725]],[[100.5305,13.7195],[100.5305,13.72],[100.5305,13.7195]],[[100.532,13.7215],[100.532,13.722],[100.532,13.7215]]]}},{"type":"Feature","properties":{"station":"Saint Louis","line":"BTS","band":"10"},"geometry":{"type":"Polygon","coordinates":[[[100.5225,13.718],[100.5205,13.7185],[100.52,13.718],[100.5195,13.7195],[100.52,13.7205],[100.521,13.7195],[100.52,13.721],[100.522,13.7215],[100.5215,13.723],[100.5225,13.7225],[100.522,13.7245],[100.524,13.725],[100.525,13.7265],[100.5275,13.726],[100.528,13.7255],[100.5275,13.725],[100.5285,13.7255],[100.533,13.723],[100.533,13.722],[100.532,13.722],[100.5325,13.721],[100.5315,13.719],[100.5305,13.72],[100.53,13.719],[100.529,13.719],[100.5285,13.7175],[100.5295,13.718],[100.5295,13.7175],[100.5285,13.717],[100.5285,13.7155],[100.5275,13.7145],[100.5255,13.715],[100.5245,13.7165],[100.5235,13.716],[100.523,13.7165],[100.5225,13.7175],[100.523,13.719],[100.5225,13.718]],[[100.5265,13.725],[100.527,13.725],[100.5265,13.725]],[[100.5275,13.7215],[100.527,13.7215],[100.5275,13.7215]],[[100.5275,13.72]],[[100.5265,13.7175]],[[100.527,13.717]],[[100.5235,13.724],[100.524,13.724],[100.524,13.7245],[100.5235,13.724]],[[100.524,13.7235],[100.525,13.722],[100.525,13.7235],[100.524,13.7235]],[[100.5245,13.721],[100.525,13.721],[100.5245,13.721]],[[100.5255,13.7195],[100.525,13.719],[100.5255,13.7195]],[[100.5255,13.716],[100.525,13.7165],[100.5255,13.716]],[[100.523,13.7215]],[[100.524,13.721],[100.523,13.7205],[100.524,13.7205],[100.524,13.721]],[[100.5245,13.719],[100.524,13.7185],[100.5245,13.7185],[100.5245,13.719]],[[100.524,13.717]],[[100.5255,13.7245]],[[100.526,13.724]],[[100.5265,13.718],[100.5265,13.7185],[100.5265,13.718]],[[100.528,13.7245],[100.5285,13.7245],[100.528,13.7245]],[[100.5285,13.7225],[100.529,13.7225],[100.5295,13.7225],[100.5285,13.7225]],[[100.529,13.721],[100.5295,13.72],[100.529,13.721]]]}},{"type":"Feature","properties":{"station":"Sala Daeng","line":"","band":"15"},"geometry":{"type":"Polygon","coordinates":[[[100.5265,13.7235],[100.5255,13.725],[100.524,13.725],[100.525,13.726],[100.5255,13.7295],[100.5265,13.73],[100.526,13.7335],[100.5275,13.7345],[100.5285,13.734],[100.529,13.7355],[100.53,13.735],[100.531,13.736],[100.531,13.7355],[100.5345,13.7385],[100.5355,13.7375],[100.535,13.736],[100.537,13.7355],[100.5385,13.7375],[100.5395,13.7375],[100.5405,13.7355],[100.542,13.735],[100.5415,13.7335],[100.542,13.732],[100.544,13.7325],[100.544,13.7315],[100.5425,13.731],[100.544,13.73],[100.543,13.729],[100.545,13.726],[100.5415,13.7245],[100.541,13.723],[100.5405,13.7235],[100.5395,13.7225],[100.539,13.724],[100.5385,13.7235],[100.5395,13.722],[100.5385,13.7225],[100.5375,13.721],[100.5355,13.7225],[100.5345,13.7215],[100.534,13.7225],[100.531,13.722],[100.5295,13.7225],[100.527,13.7235],[100.527,13.7245],[100.5265,13.7235]],[[100.5335,13.735],[100.5335,13.7345],[100.5335,13.735]],[[100.5295,13.729],[100.529,13.7285],[100.5295,13.729]],[[100.528,13.7255],[100.5275,13.725],[100.528,13.725],[100.528,13.7255]],[[100.5265,13.725],[100.527,13.725],[100.5265,13.725]],[[100.528,13.7245],[100.5285,13.7245],[100.528,13.7245]],[[100.5315,13.7335],[100.532,13.7335],[100.5315,13.7345],[100.5315,13.7335]],[[100.531,13.733],[100.53,13.733],[100.531,13.7325],[100.531,13.733]],[[100.5315,13.7285],[100.5315,13.728],[100.5315,13.7285]],[[100.53,13.7345],[100.5295,13.734],[100.53,13.734],[100.53,13.7345]],[[100.53,13.7275]],[[100.5305,13.7265],[100.53,13.7265],[100.5305,13.7265]],[[100.53,13.725]],[[100.5295,13.73],[100.5295,13.7305],[100.5295,13.73]],[[100.5325,13.7295],[100.533,13.7295],[100.5325,13.7295]],[[100.5335,13.729]],[[100.5335,13.726],[100.5335,13.7265],[100.5335,13.726]],[[100.5385,13.7355],[100.538,13.7355],[100.5385,13.7355]],[[100.539,13.733],[100.539,13.732],[100.539,13.733],[100.5405,13.7335],[100.539,13.733]],[[100.5385,13.73],[100.5385,13.7295],[100.54,13.7285],[100.5395,13.729],[100.5385,13.73]],[[100.5385,13.7275],[100.539,13.7275],[100.5385,13.7275]],[[100.537,13.735],[100.537,13.7345],[100.5375,13.735],[100.537,13.735]],[[100.537,13.7325],[100.537,13.732],[100.537,13.7325]],[[100.5345,13.7335],[100.535,13.7335],[100.5355,13.7345],[100.535,13.7345],[100.5345,13.7335]],[[100.535,13.7295]],[[100.535,13.728],[100.5345,13.728],[100.535,13.728]],[[100.535,13.7265],[100.5345,13.726],[100.535,13.7255],[100.5355,13.726],[100.535,13.7265]],[[100.536,13.725]],[[100.536,13.7245]],[[100.536,13.7245]],[[100.5345,13.7315]],[[100.5355,13.7325],[100.536,13.7325],[100.5355,13.7325]],[[100.538,13.728],[100.537,13.7285],[100.5375,13.728],[100.538,13.728]],[[100.538,13.7315],[100.5385,13.731],[100.538,13.732],[100.538,13.7315]],[[100.5395,13.7355],[100.5395,13.735],[100.5395,13.7355]],[[100.541,13.733],[100.539,13.731],[100.541,13.732],[100.541,13.733]],[[100.54,13.7305],[100.54,13.73],[100.5405,13.7295],[100.54,13.7305]],[[100.5415,13.728],[100.541,13.7285],[100.5415,13.728]],[[100.541,13.7305]],[[100.542,13.73]],[[100.542,13.7295],[100.542,13.729],[100.5425,13.7295],[100.542,13.7295]]]}},{"type":"Feature","properties":{"station":"Sala Daeng","line":"","band":"10"},"geometry":{"type":"Polygon","coordinates":[[[100.5285,13.725],[100.527,13.7265],[100.5285,13.727],[100.5285,13.73],[100.5295,13.73],[100.53,13.7315],[100.529,13.7325],[100.531,13.7325],[100.5335,13.7345],[100.5345,13.7345],[100.5345,13.7335],[100.5385,13.7345],[100.539,13.732],[100.5395,13.7325],[100.539,13.731],[100.5395,13.7315],[100.541,13.731],[100.54,13.73],[100.5415,13.7275],[100.539,13.7255],[100.539,13.724],[100.5355,13.7245],[100.536,13.7235],[100.5345,13.723],[100.534,13.724],[100.53,13.725],[100.5295,13.726],[100.5285,13.725]],[[100.5345,13.7315]],[[100.535,13.7295]],[[100.5345,13.728],[100.535,13.728],[100.5355,13.7285],[100.535,13.728],[100.5345,13.728]],[[100.535,13.7255],[100.5355,13.7265],[100.5345,13.726],[100.535,13.7255]],[[100.5325,13.7265],[100.532,13.7265],[100.5325,13.7265]],[[100.53,13.7265],[100.5305,13.7265],[100.53,13.7265]],[[100.5295,13.729],[100.529,13.7285],[100.5295,13.729]],[[100.53,13.7275]],[[100.5315,13.7285],[100.5315,13.728],[100.5315,13.7285]],[[100.5335,13.729]],[[100.533,13.7295],[100.5325,13.7295],[100.533,13.7295]],[[100.5335,13.726],[100.5335,13.7265],[100.5335,13.726]],[[100.538,13.728],[100.537,13.7285],[100.5375,13.728],[100.538,13.728]],[[100.536,13.7325],[100.5355,13.7325],[100.536,13.732],[100.536,13.7325]],[[100.536,13.725]],[[100.536,13.7245]],[[100.537,13.7325],[100.537,13.732],[100.537,13.7325]],[[100.538,13.7315],[100.5385,13.731],[100.538,13.732],[100.538,13.7315]],[[100.539,13.73],[100.5385,13.7295],[100.5405,13.7285],[100.539,13.73]],[[100.5385,13.7275],[100.539,13.7275],[100.5385,13.7275]]]}},{"type":"Feature","properties":{"station":"Sam Yaek Bang Yai","line":"MRT","band":"15"},"geometry":{"type":"Polygon","coordinates":[[[100.4105,13.8715],[100.41,13.8715],[100.4105,13.873],[100.409,13.874],[100.411,13.876],[100.413,13.8755],[100.413,13.8775],[100.4135,13.877],[100.4145,13.878],[100.4155,13.8775],[100.417,13.878],[100.416,13.88],[100.4185,13.881],[100.4205,13.881],[100.421,13.878],[100.4225,13.8785],[100.423,13.877],[100.424,13.8765],[100.425,13.877],[100.425,13.876],[100.424,13.8755],[100.4255,13.8755],[100.4265,13.8775],[100.428,13.876],[100.43,13.8755],[100.429,13.873],[100.427,13.8745],[100.4265,13.873],[100.425,13.873],[100.4275,13.8725],[100.4265,13.872],[100.4265,13.871],[100.425,13.8705],[100.4245,13.8715],[100.424,13.871],[100.4255,13.8695],[100.424,13.8685],[100.424,13.869],[100.422,13.8685],[100.4225,13.869],[100.4215,13.8695],[100.4225,13.87],[100.4205,13.871],[100.4145,13.8695],[100.414,13.8705],[100.415,13.8735],[100.4115,13.873],[100.4105,13.8715]],[[100.4195,13.874],[100.4195,13.873],[100.4225,13.8735],[100.423,13.872],[100.423,13.8745],[100.422,13.8735],[100.421,13.8745],[100.4195,13.874]],[[100.416,13.8755],[100.4155,13.8755],[100.4155,13.875],[100.416,13.8755]],[[100.4165,13.8735],[100.416,13.874],[100.4155,13.8725],[100.4165,13.8735]],[[100.414,13.875],[100.4145,13.8755],[100.414,13.875]],[[100.4115,13.8745],[100.411,13.8745],[100.4115,13.8745]],[[100.411,13.8735],[100.4115,13.8735],[100.411,13.8735]],[[100.4165,13.876],[100.417,13.876],[100.4175,13.8775],[100.4165,13.876]],[[100.418,13.875],[100.418,13.8755],[100.418,13.875]],[[100.424,13.874],[100.4235,13.8745],[100.4235,13.874],[100.424,13.874]],[[100.4235,13.873],[100.424,13.873],[100.424,13.8735],[100.4235,13.873]],[[100.4235,13.872],[100.424,13.8715],[100.424,13.872],[100.4235,13.872]],[[100.424,13.87],[100.424,13.8695],[100.424,13.87]],[[100.4215,13.876]],[[100.421,13.8755],[100.4205,13.876],[100.42,13.876],[100.4205,13.8755],[100.421,13.8755]],[[100.421,13.8715],[100.4215,13.8715],[100.422,13.8715],[100.421,13.8715]],[[100.4205,13.8715]],[[100.4225,13.8755],[100.422,13.8755],[100.4225,13.8755]],[[100.4255,13.874]],[[100.425,13.872]],[[100.4285,13.8745]]]}},{"type":"Feature","properties":{"station":"Sam Yaek Bang Yai","line":"MRT","band":"10"},"geometry":{"type":"Polygon","coordinates":[[[100.416,13.8705],[100.4145,13.871],[100.415,13.8735],[100.414,13.873],[100.4125,13.874],[100.4155,13.875],[100.416,13.8765],[100.417,13.876],[100.418,13.8785],[100.4205,13.8755],[100.423,13.8755],[100.4235,13.877],[100.4245,13.8765],[100.424,13.8755],[100.426,13.875],[100.4235,13.8715],[100.423,13.8745],[100.422,13.8735],[100.421,13.8745],[100.4195,13.874],[100.4195,13.873],[100.4215,13.873],[100.4205,13.8705],[100.4175,13.87],[100.417,13.871],[100.416,13.8705]],[[100.416,13.874],[100.4155,13.8725],[100.4165,13.872],[100.416,13.874]],[[100.4155,13.8715],[100.416,13.8715],[100.4155,13.8715]],[[100.418,13.875],[100.418,13.8755],[100.418,13.875]],[[100.424,13.874],[100.4235,13.8745],[100.4235,13.874],[100.424,13.874]],[[100.4235,13.873],[100.424,13.873],[100.424,13.8735],[100.4235,13.873]]]}},{"type":"Feature","properties":{"station":"Sam Yan","line":"","band":"15"},"geometry":{"type":"Polygon","coordinates":[[[100.5215,13.7275],[100.522,13.729],[100.519,13.731],[100.521,13.733],[100.52,13.7345],[100.52,13.7365],[100.5205,13.737],[100.5215,13.7365],[100.521,13.7375],[100.5235,13.7385],[100.524,13.7385],[100.5235,13.7375],[100.5245,13.7375],[100.524,13.738],[100.5245,13.7395],[100.526,13.7395],[100.527,13.741],[100.528,13.74],[100.528,13.7415],[100.53,13.743],[100.5325,13.7395],[100.5335,13.7395],[100.5355,13.7365],[100.535,13.736],[100.537,13.735],[100.5375,13.733],[100.5385,13.7325],[100.538,13.7315],[100.5395,13.7305],[100.5385,13.7295],[100.54,13.7285],[100.537,13.7265],[100.535,13.7265],[100.5345,13.724],[100.5325,13.725],[100.529,13.7245],[100.5265,13.7255],[100.5265,13.7265],[100.524,13.726],[100.5225,13.727],[100.523,13.728],[100.5215,13.7275]],[[100.528,13.736],[100.527,13.7365],[100.527,13.736],[100.528,13.736]],[[100.5285,13.7345],[100.528,13.734],[100.5285,13.734],[100.5285,13.7345]],[[100.5255,13.737],[100.526,13.737],[100.526,13.738],[100.5255,13.7375],[100.5255,13.737]],[[100.5215,13.732],[100.5215,13.7315],[100.5215,13.732]],[[100.5265,13.739]],[[100.531,13.739],[100.531,13.738],[100.531,13.739]],[[100.5315,13.7335],[100.532,13.7335],[100.5315,13.7345],[100.5315,13.7335]],[[100.531,13.733],[100.53,13.733],[100.531,13.7325],[100.531,13.733]],[[100.531,13.728],[100.5315,13.728],[100.5315,13.7285],[100.531,13.728]],[[100.5295,13.7405],[100.529,13.7405],[100.5295,13.7405]],[[100.5295,13.7305],[100.5295,13.73],[100.5295,13.7305]],[[100.5295,13.729],[100.529,13.7285],[100.5295,13.729]],[[100.53,13.7275]],[[100.53,13.7265],[100.5305,13.7265],[100.53,13.7265]],[[100.529,13.739],[100.5285,13.739],[100.529,13.7385],[100.529,13.739]],[[100.5295,13.726]],[[100.5295,13.7255],[100.53,13.7255],[100.5295,13.7255]],[[100.5335,13.735],[100.5335,13.7345],[100.5335,13.735]],[[100.5325,13.7295],[100.533,13.7295],[100.5325,13.7295]],[[100.5335,13.726],[100.532,13.7265],[100.532,13.7255],[100.5325,13.725],[100.5335,13.726]],[[100.533,13.739],[100.5325,13.7385],[100.5325,13.738],[100.533,13.739]],[[100.5335,13.729]],[[100.535,13.7345],[100.5345,13.7335],[100.5355,13.7345],[100.535,13.7345]],[[100.5355,13.7325],[100.536,13.7325],[100.5355,13.7325]],[[100.5345,13.7315]],[[100.5345,13.728],[100.535,13.728],[100.5355,13.7285],[100.5345,13.728]],[[100.535,13.7295]],[[100.537,13.732],[100.537,13.7325],[100.537,13.7315],[100.537,13.732]],[[100.537,13.729],[100.5375,13.728],[100.538,13.728],[100.537,13.729]]]}},{"type":"Feature","properties":{"station":"Sam Yan","line":"","band":"10"},"geometry":{"type":"Polygon","coordinates":[[[100.525,13.73],[100.5235,13.729],[100.523,13.73],[100.524,13.731],[100.5225,13.7315],[100.5235,13.734],[100.523,13.735],[100.5255,13.736],[100.5255,13.737],[100.5305,13.739],[100.533,13.736],[100.532,13.7355],[100.533,13.7355],[100.535,13.7325],[100.535,13.731],[100.536,13.731],[100.537,13.7295],[100.536,13.729],[100.535,13.7295],[100.535,13.7285],[100.5305,13.727],[100.5265,13.728],[100.525,13.729],[100.525,13.73]],[[100.5285,13.734],[100.528,13.7345],[100.5285,13.734]],[[100.528,13.7365],[100.527,13.736],[100.528,13.736],[100.528,13.7365]],[[100.531,13.733],[100.53,13.733],[100.531,13.7325],[100.531,13.733]],[[100.5295,13.7305],[100.5295,13.73],[100.5295,13.7305]],[[100.5295,13.729],[100.529,13.7285],[100.5295,13.729]],[[100.5315,13.7345],[100.5315,13.7335],[100.5325,13.734],[100.5315,13.7345]],[[100.5325,13.7285],[100.5335,13.729],[100.5325,13.7295],[100.533,13.729],[100.5325,13.7285]],[[100.5315,13.7285],[100.5315,13.728],[100.5315,13.7285]],[[100.5335,13.734],[100.533,13.734],[100.5335,13.734]],[[100.5345,13.7315]]]}},{"type":"Feature","properties":{"station":"Sam Yot","line":"","band":"15"},"geometry":{"type":"Polygon","coordinates":[[[100.494,13.744],[100.494,13.745],[100.492,13.747],[100.494,13.748],[100.4935,13.75],[100.4955,13.75],[100.495,13.751],[100.4955,13.7525],[100.4985,13.7545],[100.5,13.7545],[100.5,13.7555],[100.501,13.7555],[100.5015,13.7565],[100.5025,13.756],[100.505,13.757],[100.509,13.7535],[100.5085,13.7525],[100.5095,13.752],[100.509,13.751],[100.51,13.751],[100.5095,13.75],[100.5115,13.747],[100.511,13.746],[100.512,13.7445],[100.511,13.744],[100.512,13.7435],[100.5115,13.741],[100.5085,13.7405],[100.508,13.7395],[100.507,13.7405],[100.505,13.739],[100.504,13.7395],[100.5035,13.7385],[100.502,13.739],[100.502,13.74],[100.501,13.7405],[100.4985,13.7385],[100.498,13.739],[100.4985,13.7395],[100.497,13.74],[100.4975,13.741],[100.495,13.7425],[100.495,13.7445],[100.494,13.744]],[[100.4945,13.7495],[100.4945,13.749],[100.495,13.7495],[100.4945,13.7495]],[[100.495,13.745],[100.4955,13.745],[100.495,13.745]],[[100.497,13.751],[100.497,13.7505],[100.497,13.751]],[[100.4975,13.7435],[100.4975,13.743],[100.4975,13.7435]],[[100.4995,13.749]],[[100.5,13.746],[100.5005,13.7455],[100.5005,13.746],[100.5,13.746]],[[100.5,13.7425],[100.4995,13.743],[100.5,13.7425]],[[100.4985,13.745],[100.4985,13.7445],[100.4985,13.745]],[[100.4995,13.7505]],[[100.505,13.7455],[100.504,13.745],[100.5045,13.7445],[100.505,13.7455]],[[100.5035,13.744],[100.504,13.744],[100.5035,13.744]],[[100.5015,13.7535],[100.502,13.754],[100.5015,13.754],[100.5015,13.7535]],[[100.5025,13.7505],[100.5025,13.751],[100.5025,13.7505]],[[100.5025,13.749],[100.5025,13.7485],[100.503,13.749],[100.5025,13.749]],[[100.5015,13.753],[100.5015,13.7525],[100.5015,13.753]],[[100.502,13.745]],[[100.5015,13.7415],[100.502,13.7415],[100.5015,13.7415]],[[100.5025,13.7555]],[[100.5035,13.7415],[100.5035,13.742],[100.503,13.7415],[100.5035,13.7415]],[[100.5055,13.7445],[100.5055,13.745],[100.5065,13.7445],[100.5055,13.745],[100.5055,13.7445]],[[100.5045,13.755],[100.5045,13.7545],[100.5045,13.755]],[[100.505,13.7415],[100.5055,13.741],[100.505,13.742],[100.505,13.7415]],[[100.5075,13.747],[100.508,13.7465],[100.5075,13.747]],[[100.507,13.744]],[[100.5075,13.7435]],[[100.5055,13.752],[100.506,13.752],[100.5055,13.752]],[[100.5085,13.7415]],[[100.509,13.7505],[100.5085,13.7505],[100.509,13.7505]],[[100.5085,13.7495],[100.508,13.75],[100.508,13.7495],[100.5085,13.7495]],[[100.508,13.746],[100.508,13.7455],[100.508,13.746]],[[100.51,13.743]],[[100.51,13.7455],[100.51,13.746],[100.51,13.7455]],[[100.5095,13.745]]]}},{"type":"Feature","properties":{"station":"Sam Yot","line":"","band":"10"},"geometry":{"type":"Polygon","coordinates":[[[100.497,13.745],[100.497,13.746],[100.496,13.746],[100.495,13.7475],[100.497,13.75],[100.499,13.752],[100.5,13.752],[100.5,13.753],[100.5015,13.7525],[100.502,13.7535],[100.5035,13.7525],[100.505,13.7535],[100.5075,13.75],[100.5075,13.7485],[100.5085,13.748],[100.5075,13.747],[100.5085,13.7465],[100.508,13.7455],[100.509,13.745],[100.5085,13.744],[100.509,13.743],[100.5065,13.7425],[100.506,13.743],[100.505,13.742],[100.504,13.7425],[100.504,13.7415],[100.5035,13.742],[100.5005,13.741],[100.4995,13.7415],[100.5,13.743],[100.499,13.7425],[100.4985,13.743],[100.498,13.744],[100.4985,13.745],[100.497,13.745]],[[100.4995,13.749]],[[100.5,13.746],[100.5005,13.7455],[100.5005,13.746],[100.5,13.746]],[[100.4995,13.7505]],[[100.503,13.749],[100.5025,13.749],[100.5025,13.7485],[100.503,13.749]],[[100.505,13.7455],[100.504,13.745],[100.5045,13.7445],[100.505,13.7455]],[[100.5035,13.744],[100.504,13.744],[100.5035,13.744]],[[100.5025,13.7505],[100.5025,13.751],[100.5025,13.7505]],[[100.5025,13.742],[100.502,13.742],[100.5025,13.7415],[100.5025,13.742]],[[100.502,13.745]],[[100.5055,13.745],[100.506,13.7445],[100.5065,13.7445],[100.5055,13.745]],[[100.5075,13.7435]],[[100.507,13.744]]]}},{"type":"Feature","properties":{"station":"Samakkhi","line":"MRT","band":"15"},"geometry":{"type":"Polygon","coordinates":[[[100.506,13.8875],[100.5065,13.8885],[100.505,13.8895],[100.506,13.8895],[100.5065,13.8905],[100.507,13.8895],[100.5075,13.89],[100.506,13.8905],[100.5035,13.8935],[100.5065,13.896],[100.505,13.896],[100.506,13.8975],[100.507,13.897],[100.5065,13.898],[100.5075,13.8985],[100.51,13.894],[100.511,13.895],[100.512,13.893],[100.512,13.89],[100.513,13.89],[100.514,13.8915],[100.5165,13.891],[100.517,13.8895],[100.516,13.8895],[100.5155,13.8885],[100.518,13.888],[100.5195,13.886],[100.5175,13.885],[100.5155,13.8865],[100.515,13.8845],[100.5155,13.884],[100.514,13.8835],[100.5155,13.8835],[100.515,13.8825],[100.516,13.882],[100.514,13.8795],[100.512,13.8815],[100.513,13.882],[100.5125,13.8825],[100.509,13.882],[100.5085,13.8835],[100.509,13.884],[100.507,13.8845],[100.5065,13.8855],[100.5075,13.8875],[100.506,13.8875]],[[100.5115,13.883],[100.5115,13.8835],[100.5115,13.883]],[[100.508,13.888],[100.5075,13.888],[100.508,13.888]],[[100.509,13.89]],[[100.5095,13.887],[100.5105,13.887],[100.511,13.8875],[100.51,13.8875],[100.5095,13.887]],[[100.51,13.8835],[100.5095,13.8825],[100.51,13.8835]],[[100.509,13.8905]],[[100.5105,13.8855],[100.5105,13.885],[100.511,13.885],[100.5105,13.8855]],[[100.51,13.889],[100.51,13.8895],[100.5095,13.889],[100.51,13.889]],[[100.5105,13.884],[100.5105,13.8835],[100.511,13.884],[100.5105,13.884]],[[100.5135,13.889]],[[100.5135,13.8875]],[[100.514,13.8815],[100.5145,13.881],[100.5145,13.8815],[100.514,13.8815]],[[100.5145,13.8885],[100.514,13.888],[100.5145,13.8875],[100.515,13.8885],[100.5145,13.8885]],[[100.514,13.8825],[100.5145,13.8825],[100.514,13.8825]]]}},{"type":"Feature","properties":{"station":"Samakkhi","line":"MRT","band":"10"},"geometry":{"type":"Polygon","coordinates":[[[100.509,13.886],[100.508,13.8865],[100.509,13.888],[100.508,13.889],[100.5095,13.8895],[100.5095,13.8885],[100.51,13.8895],[100.506,13.8925],[100.5075,13.8955],[100.512,13.893],[100.512,13.89],[100.5135,13.89],[100.5135,13.889],[100.5145,13.889],[100.5145,13.8875],[100.516,13.8865],[100.5145,13.8855],[100.515,13.8855],[100.5145,13.8845],[100.5135,13.8845],[100.5135,13.883],[100.512,13.883],[100.512,13.884],[100.511,13.884],[100.51,13.886],[100.509,13.885],[100.509,13.886]],[[100.511,13.8875],[100.51,13.8875],[100.5095,13.8865],[100.511,13.8875]],[[100.5135,13.8875]]]}},{"type":"Feature","properties":{"station":"Samrong","line":"","band":"15"},"geometry":{"type":"Polygon","coordinates":[[[100.592,13.6425],[100.591,13.6435],[100.5925,13.6465],[100.5885,13.6475],[100.59,13.648],[100.5925,13.647],[100.5915,13.649],[100.593,13.6485],[100.593,13.6515],[100.592,13.652],[100.593,13.652],[100.593,13.653],[100.596,13.65],[100.5955,13.6485],[100.5935,13.648],[100.594,13.6485],[100.5945,13.6475],[100.596,13.648],[100.5965,13.647],[100.597,13.6475],[100.5985,13.6465],[100.5965,13.646],[100.5945,13.647],[100.593,13.646],[100.592,13.6425]],[[100.5935,13.6505],[100.594,13.6505],[100.5935,13.651],[100.5935,13.6505]],[[100.594,13.65]],[[100.5935,13.6475],[100.593,13.647],[100.594,13.6465],[100.5935,13.6475]]]}},{"type":"Feature","properties":{"station":"Samrong","line":"","band":"10"},"geometry":{"type":"Polygon","coordinates":[[[100.5935,13.6465],[100.5925,13.646],[100.592,13.6465],[100.5925,13.6475],[100.5915,13.6485],[100.5935,13.649],[100.5935,13.648],[100.594,13.6485],[100.5945,13.6475],[100.596,13.648],[100.5965,13.647],[100.597,13.6475],[100.5985,13.6465],[100.5965,13.646],[100.5945,13.647],[100.594,13.6465],[100.5935,13.6475],[100.5935,13.6465]]]}},{"type":"Feature","properties":{"station":"Sanam Chai","line":"","band":"15"},"geometry":{"type":"Polygon","coordinates":[[[100.4915,13.7435],[100.4895,13.746],[100.49,13.7465],[100.4885,13.7505],[100.4895,13.7515],[100.491,13.751],[100.491,13.752],[100.493,13.753],[100.4935,13.7545],[100.4985,13.752],[100.4995,13.75],[100.5005,13.75],[100.502,13.7485],[100.504,13.7445],[100.5035,13.744],[100.504,13.7435],[100.5025,13.743],[100.503,13.74],[100.501,13.7405],[100.5005,13.7395],[100.4995,13.7395],[100.498,13.736],[100.497,13.736],[100.497,13.737],[100.4955,13.736],[100.4945,13.737],[100.495,13.738],[100.4945,13.7395],[100.497,13.739],[100.4975,13.74],[100.494,13.741],[100.4925,13.743],[100.493,13.7435],[100.4915,13.7435]],[[100.4915,13.75],[100.49,13.75],[100.4905,13.749],[100.4915,13.749],[100.4915,13.75]],[[100.491,13.7475],[100.491,13.747],[100.491,13.7475]],[[100.4915,13.752]],[[100.4955,13.751],[100.495,13.7505],[100.4955,13.75],[100.4955,13.751]],[[100.4945,13.7495],[100.4945,13.749],[100.495,13.7495],[100.4945,13.7495]],[[100.495,13.744]],[[100.4985,13.745],[100.4985,13.7445],[100.4985,13.745]],[[100.497,13.751],[100.497,13.7505],[100.497,13.751]],[[100.4975,13.7435],[100.4975,13.743],[100.4975,13.7435]],[[100.498,13.739],[100.4985,13.7395],[100.498,13.7395],[100.498,13.739]],[[100.5,13.746],[100.5005,13.7455],[100.5005,13.746],[100.5,13.746]],[[100.5,13.7425],[100.4995,13.743],[100.5,13.7425]],[[100.4995,13.749]],[[100.502,13.745]],[[100.5015,13.7415],[100.5015,13.741],[100.5015,13.7415]]]}},{"type":"Feature","properties":{"station":"Sanam Chai","line":"","band":"10"},"geometry":{"type":"Polygon","coordinates":[[[100.492,13.7435],[100.4895,13.746],[100.49,13.748],[100.491,13.747],[100.4935,13.748],[100.4915,13.749],[100.4935,13.7495],[100.493,13.751],[100.494,13.7515],[100.4955,13.75],[100.4965,13.75],[100.501,13.745],[100.499,13.743],[100.5,13.7425],[100.4995,13.7415],[100.5005,13.742],[100.4995,13.7395],[100.494,13.741],[100.4925,13.743],[100.493,13.7435],[100.492,13.7435]],[[100.4945,13.749],[100.495,13.7495],[100.4945,13.7495],[100.4945,13.749]],[[100.495,13.744]],[[100.4975,13.7435],[100.4975,13.743],[100.4975,13.7435]],[[100.4985,13.745],[100.4985,13.7445],[100.4985,13.745]],[[100.4985,13.744]]]}},{"type":"Feature","properties":{"station":"Sanam Pao","line":"","band":"15"},"geometry":{"type":"Polygon","coordinates":[[[100.5385,13.763],[100.5365,13.7645],[100.537,13.765],[100.536,13.765],[100.5355,13.766],[100.537,13.767],[100.5355,13.7675],[100.535,13.7685],[100.5355,13.7695],[100.5345,13.7695],[100.5345,13.7705],[100.5365,13.77],[100.5385,13.7745],[100.539,13.778],[100.538,13.779],[100.539,13.7795],[100.539,13.7785],[100.54,13.7795],[100.541,13.779],[100.5425,13.7805],[100.542,13.781],[100.5435,13.7815],[100.5435,13.7825],[100.546,13.7825],[100.546,13.7815],[100.547,13.7815],[100.5465,13.7805],[100.5475,13.781],[100.5485,13.7805],[100.548,13.7795],[100.549,13.779],[100.5485,13.778],[100.5475,13.778],[100.547,13.7765],[100.548,13.7775],[100.55,13.7765],[100.549,13.776],[100.5495,13.7745],[100.548,13.7725],[100.5495,13.7715],[100.548,13.77],[100.5465,13.7705],[100.5465,13.7695],[100.543,13.767],[100.542,13.765],[100.5425,13.7635],[100.5395,13.764],[100.5385,13.763]],[[100.5425,13.7755],[100.5425,13.775],[100.5425,13.7755]],[[100.5435,13.7745],[100.5425,13.7715],[100.544,13.774],[100.5435,13.7745]],[[100.538,13.767]],[[100.5385,13.765],[100.538,13.765],[100.538,13.7645],[100.5385,13.765]],[[100.5375,13.769],[100.5375,13.7695],[100.5375,13.769]],[[100.5365,13.7685],[100.5365,13.768],[100.537,13.7685],[100.5365,13.7685]],[[100.541,13.7755],[100.541,13.776],[100.541,13.7755]],[[100.5405,13.775],[100.541,13.7745],[100.5415,13.775],[100.5405,13.775]],[[100.5405,13.7725],[100.5405,13.772],[100.5405,13.7725]],[[100.5405,13.772],[100.54,13.7715],[100.541,13.771],[100.5405,13.772]],[[100.5415,13.765],[100.5415,13.7645],[100.542,13.765],[100.5415,13.765]],[[100.541,13.764]],[[100.54,13.7765],[100.5405,13.7765],[100.54,13.777],[100.54,13.7765]],[[100.54,13.7745],[100.5405,13.774],[100.54,13.7745]],[[100.5405,13.77],[100.5405,13.7705],[100.5405,13.77]],[[100.54,13.767]],[[100.5395,13.7755]],[[100.54,13.778]],[[100.5415,13.774],[100.5415,13.7735],[100.5415,13.774]],[[100.542,13.7705]],[[100.5425,13.7695]],[[100.5415,13.7685],[100.5415,13.769],[100.541,13.7685],[100.5415,13.7685]],[[100.541,13.7685]],[[100.541,13.7685]],[[100.545,13.7795],[100.5455,13.779],[100.5455,13.78],[100.545,13.7795]],[[100.5445,13.773],[100.5445,13.7725],[100.545,13.772],[100.5455,13.772],[100.5445,13.773]],[[100.5425,13.7765],[100.543,13.7765],[100.5425,13.7765]],[[100.544,13.7715],[100.5445,13.7715],[100.544,13.7715]],[[100.5435,13.77],[100.543,13.77],[100.5435,13.77]],[[100.546,13.781]],[[100.548,13.7745],[100.5475,13.7745],[100.548,13.7745]],[[100.5465,13.7765],[100.547,13.7765],[100.5465,13.7765]]]}},{"type":"Feature","properties":{"station":"Sanam Pao","line":"","band":"10"},"geometry":{"type":"Polygon","coordinates":[[[100.5385,13.7665],[100.537,13.7715],[100.539,13.7735],[100.54,13.7735],[100.5385,13.775],[100.5415,13.7775],[100.541,13.7785],[100.5445,13.78],[100.5465,13.777],[100.546,13.7755],[100.547,13.776],[100.5465,13.7695],[100.5395,13.7655],[100.5385,13.7665]],[[100.5425,13.7765],[100.543,13.7765],[100.5425,13.7765]],[[100.5425,13.7755],[100.5425,13.775],[100.5425,13.7755]],[[100.5435,13.7745],[100.5425,13.7715],[100.544,13.774],[100.5435,13.7745]],[[100.5425,13.77],[100.5425,13.7695],[100.5425,13.77]],[[100.543,13.768]],[[100.5405,13.77],[100.5405,13.7705],[100.5405,13.77]],[[100.54,13.767]],[[100.54,13.7745],[100.5405,13.774],[100.54,13.7745]],[[100.541,13.7745],[100.5405,13.775],[100.541,13.7745]],[[100.5415,13.774],[100.5415,13.7735],[100.5415,13.774]],[[100.542,13.7705]],[[100.5405,13.7725],[100.5405,13.772],[100.5405,13.7725]],[[100.5405,13.772],[100.54,13.7715],[100.541,13.771],[100.5405,13.772]],[[100.5415,13.7685],[100.541,13.7685],[100.5415,13.7685]],[[100.541,13.7685]],[[100.541,13.7685]],[[100.541,13.7755],[100.541,13.776],[100.541,13.7755]],[[100.5445,13.7725],[100.545,13.772],[100.5455,13.772],[100.5445,13.773],[100.5445,13.7725]],[[100.5445,13.7715],[100.544,13.7715],[100.5445,13.7715]],[[100.5435,13.77],[100.543,13.77],[100.5435,13.77]],[[100.546,13.7705],[100.5455,13.7705],[100.546,13.7705]]]}},{"type":"Feature","properties":{"station":"Sanambin Nam","line":"MRT","band":"15"},"geometry":{"type":"Polygon","coordinates":[[[100.5115,13.8745],[100.5105,13.8755],[100.511,13.8755],[100.5105,13.8765],[100.5115,13.8765],[100.5105,13.8765],[100.51,13.8785],[100.5095,13.878],[100.509,13.8785],[100.5095,13.8795],[100.511,13.879],[100.512,13.8795],[100.5115,13.88],[100.512,13.881],[100.513,13.881],[100.5115,13.8815],[100.513,13.882],[100.512,13.883],[100.513,13.884],[100.514,13.8825],[100.5165,13.8815],[100.517,13.88],[100.516,13.8805],[100.5155,13.879],[100.517,13.879],[100.5175,13.878],[100.5195,13.8775],[100.5195,13.8795],[100.5205,13.8795],[100.5215,13.8775],[100.5225,13.8775],[100.5245,13.875],[100.524,13.8725],[100.5255,13.873],[100.5265,13.872],[100.523,13.87],[100.523,13.869],[100.5215,13.869],[100.5215,13.868],[100.52,13.8685],[100.5215,13.8665],[100.52,13.8645],[100.5165,13.866],[100.5175,13.8675],[100.516,13.8675],[100.5155,13.869],[100.514,13.868],[100.5135,13.8695],[100.5125,13.869],[100.5125,13.8705],[100.5135,13.8715],[100.5125,13.872],[100.513,13.8735],[100.512,13.874],[100.513,13.874],[100.512,13.875],[100.5115,13.8745]],[[100.517,13.877],[100.5165,13.8765],[100.517,13.876],[100.517,13.877]],[[100.5165,13.875],[100.5165,13.8745],[100.5165,13.875]],[[100.517,13.8705],[100.5165,13.8715],[100.5165,13.8705],[100.517,13.8705]],[[100.5145,13.88],[100.515,13.8795],[100.515,13.88],[100.5145,13.88]],[[100.5145,13.8775],[100.514,13.8775],[100.5145,13.8775]],[[100.5135,13.877]],[[100.514,13.8725],[100.5135,13.8725],[100.514,13.8725]],[[100.512,13.8795]],[[100.5125,13.8755]],[[100.513,13.8785],[100.513,13.879],[100.513,13.8785]],[[100.514,13.879]],[[100.514,13.8785]],[[100.5155,13.8745],[100.515,13.8735],[100.515,13.872],[100.5155,13.8745]],[[100.514,13.881],[100.5145,13.8815],[100.514,13.8815],[100.514,13.881]],[[100.516,13.873]],[[100.52,13.8725],[100.5185,13.8715],[100.5195,13.8715],[100.5195,13.87],[100.52,13.8725]],[[100.5185,13.8695],[100.5185,13.869],[100.519,13.8695],[100.5185,13.8695]],[[100.518,13.8775],[100.5185,13.877],[100.518,13.8775]],[[100.5175,13.8745],[100.5185,13.8745],[100.5175,13.875],[100.5175,13.8745]],[[100.5185,13.866],[100.519,13.866],[100.5185,13.866]],[[100.518,13.871]],[[100.5215,13.872],[100.5205,13.872],[100.5205,13.871],[100.5215,13.8705],[100.5215,13.872]],[[100.52,13.8695]],[[100.5205,13.869],[100.521,13.8695],[100.5205,13.8695],[100.5205,13.869]],[[100.522,13.8765],[100.522,13.876],[100.5225,13.876],[100.522,13.8765]],[[100.5215,13.876]],[[100.5225,13.87]]]}},{"type":"Feature","properties":{"station":"Sanambin Nam","line":"MRT","band":"10"},"geometry":{"type":"Polygon","coordinates":[[[100.5155,13.8745],[100.5145,13.8735],[100.515,13.876],[100.514,13.876],[100.5135,13.875],[100.5135,13.876],[100.5125,13.8765],[100.5135,13.877],[100.512,13.879],[100.513,13.8785],[100.5135,13.88],[100.517,13.879],[100.5175,13.878],[100.5205,13.8775],[100.52,13.8765],[100.5205,13.875],[100.5215,13.8745],[100.5215,13.873],[100.5225,13.873],[100.5225,13.872],[100.5195,13.8725],[100.5185,13.872],[100.519,13.871],[100.5185,13.8695],[100.5195,13.869],[100.5185,13.8675],[100.5175,13.868],[100.518,13.8685],[100.515,13.87],[100.5155,13.8745]],[[100.517,13.877],[100.5165,13.8765],[100.517,13.876],[100.517,13.877]],[[100.5165,13.875],[100.5165,13.8745],[100.5165,13.875]],[[100.517,13.8705],[100.5165,13.8715],[100.5165,13.8705],[100.517,13.8705]],[[100.516,13.873]],[[100.514,13.879]],[[100.5145,13.8775],[100.514,13.8775],[100.5145,13.8775]],[[100.514,13.8785]],[[100.518,13.8775],[100.5185,13.877],[100.518,13.8775]],[[100.5175,13.8745],[100.5185,13.8745],[100.5175,13.875],[100.5175,13.8745]],[[100.518,13.871]]]}},{"type":"Feature","properties":{"station":"Saphan Khwai","line":"","band":"15"},"geometry":{"type":"Polygon","coordinates":[[[100.545,13.787],[100.5435,13.7875],[100.544,13.79],[100.543,13.7905],[100.5425,13.79],[100.5415,13.791],[100.5445,13.793],[100.5455,13.7945],[100.545,13.796],[100.546,13.7955],[100.546,13.7965],[100.5435,13.7965],[100.5425,13.795],[100.5425,13.798],[100.546,13.798],[100.546,13.8005],[100.548,13.8025],[100.5505,13.801],[100.552,13.804],[100.553,13.803],[100.5545,13.8035],[100.5535,13.8015],[100.5555,13.8005],[100.555,13.799],[100.5565,13.7955],[100.5555,13.7955],[100.555,13.7935],[100.554,13.795],[100.5545,13.7955],[100.5525,13.7955],[100.553,13.794],[100.5515,13.7905],[100.553,13.791],[100.5555,13.789],[100.553,13.7865],[100.5525,13.7875],[100.5515,13.786],[100.5495,13.785],[100.548,13.7855],[100.548,13.784],[100.5465,13.7835],[100.5455,13.7845],[100.545,13.787]],[[100.5505,13.793],[100.5495,13.7925],[100.5505,13.793],[100.5505,13.792],[100.5505,13.793]],[[100.5495,13.7915],[100.549,13.791],[100.5495,13.791],[100.5495,13.7915]],[[100.55,13.79],[100.5495,13.79],[100.55,13.79]],[[100.548,13.7995],[100.5475,13.799],[100.548,13.799],[100.548,13.7995]],[[100.5465,13.7875]],[[100.5455,13.787],[100.5465,13.7865],[100.5455,13.787]],[[100.545,13.788],[100.5445,13.788],[100.5455,13.788],[100.545,13.788]],[[100.5455,13.79],[100.5455,13.7895],[100.5455,13.79]],[[100.5465,13.7945],[100.5465,13.794],[100.547,13.794],[100.547,13.7945],[100.5465,13.7945]],[[100.5465,13.793]],[[100.547,13.8]],[[100.5485,13.7965],[100.549,13.7955],[100.5495,13.7965],[100.5485,13.7965]],[[100.549,13.7935],[100.549,13.793],[100.549,13.7935]],[[100.551,13.796],[100.551,13.7955],[100.551,13.795],[100.551,13.796]],[[100.5505,13.787]],[[100.5535,13.7985],[100.553,13.799],[100.5535,13.7985]],[[100.5525,13.7895],[100.552,13.7895],[100.5525,13.7895]]]}},{"type":"Feature","properties":{"station":"Saphan Khwai","line":"","band":"10"},"geometry":{"type":"Polygon","coordinates":[[[100.5475,13.7865],[100.545,13.7905],[100.5465,13.7915],[100.547,13.793],[100.547,13.7945],[100.5455,13.7945],[100.5465,13.7965],[100.546,13.797],[100.548,13.799],[100.5485,13.798],[100.5505,13.7985],[100.5505,13.8],[100.5525,13.801],[100.554,13.797],[100.5535,13.796],[100.551,13.796],[100.5525,13.794],[100.5515,13.7905],[100.552,13.789],[100.55,13.788],[100.5495,13.789],[100.549,13.7875],[100.5475,13.7865]],[[100.5495,13.7965],[100.5485,13.7965],[100.5485,13.7955],[100.5495,13.7965]],[[100.549,13.791],[100.5495,13.791],[100.5495,13.7915],[100.549,13.791]],[[100.5495,13.79],[100.55,13.79],[100.5495,13.79]],[[100.549,13.793],[100.549,13.7935],[100.549,13.793]],[[100.5505,13.793],[100.5495,13.7925],[100.5505,13.793],[100.5505,13.792],[100.5505,13.793]]]}},{"type":"Feature","properties":{"station":"Saphan Mai","line":"BTS","band":"15"},"geometry":{"type":"Polygon","coordinates":[[[100.6035,13.8875],[100.604,13.889],[100.603,13.8895],[100.6025,13.8915],[100.6035,13.8915],[100.603,13.893],[100.602,13.8925],[100.6015,13.893],[100.606,13.8965],[100.6055,13.8985],[100.6075,13.898],[100.607,13.8975],[100.6085,13.8985],[100.609,13.8975],[100.612,13.9015],[100.6125,13.901],[100.612,13.9005],[100.6135,13.8995],[100.613,13.899],[100.6135,13.8985],[100.6125,13.898],[100.6135,13.898],[100.6145,13.8965],[100.614,13.896],[100.6145,13.8945],[100.6135,13.8945],[100.613,13.8925],[100.612,13.892],[100.6105,13.8935],[100.6095,13.8925],[100.608,13.891],[100.609,13.8905],[100.609,13.889],[100.6065,13.888],[100.605,13.889],[100.6045,13.8875],[100.6035,13.8875]],[[100.6075,13.897],[100.608,13.8965],[100.608,13.897],[100.6075,13.897]],[[100.6065,13.895],[100.607,13.894],[100.6075,13.8945],[100.6065,13.895]],[[100.606,13.892]],[[100.6045,13.8935],[100.6045,13.894],[100.6045,13.8935]],[[100.6035,13.8935],[100.6055,13.8915],[100.6035,13.8935]],[[100.6065,13.891]],[[100.611,13.897]],[[100.6125,13.8935],[100.612,13.893],[100.6125,13.893],[100.6125,13.8935]],[[100.614,13.8955],[100.6135,13.8955],[100.614,13.8955]]]}},{"type":"Feature","properties":{"station":"Saphan Mai","line":"BTS","band":"10"},"geometry":{"type":"Polygon","coordinates":[[[100.6055,13.8905],[100.605,13.8915],[100.606,13.892],[100.605,13.893],[100.6045,13.8955],[100.607,13.897],[100.608,13.8965],[100.608,13.8975],[100.6105,13.8985],[100.6115,13.896],[100.61,13.895],[100.6115,13.8955],[100.6115,13.8935],[100.6055,13.8905]],[[100.6065,13.895],[100.607,13.894],[100.6075,13.8945],[100.6065,13.895]]]}},{"type":"Feature","properties":{"station":"Saphan Taksin","line":"","band":"15"},"geometry":{"type":"Polygon","coordinates":[[[100.5065,13.716],[100.507,13.717],[100.506,13.717],[100.5055,13.7185],[100.506,13.719],[100.505,13.7195],[100.506,13.7205],[100.505,13.721],[100.5055,13.7225],[100.5095,13.7255],[100.511,13.7225],[100.512,13.7225],[100.5115,13.7215],[100.5105,13.7215],[100.5115,13.72],[100.5135,13.72],[100.514,13.7215],[100.5135,13.7255],[100.516,13.7285],[100.5175,13.7265],[100.519,13.7265],[100.5225,13.7245],[100.5215,13.7235],[100.5215,13.722],[100.5225,13.7225],[100.5225,13.7215],[100.5235,13.721],[100.523,13.7205],[100.5245,13.721],[100.5235,13.718],[100.5225,13.7185],[100.5215,13.7175],[100.522,13.7165],[100.5215,13.7145],[100.5205,13.715],[100.519,13.7125],[100.5185,13.7135],[100.5175,13.712],[100.5165,13.7125],[100.5165,13.711],[100.5155,13.7105],[100.515,13.711],[100.5135,13.71],[100.512,13.711],[100.5125,13.7105],[100.512,13.7095],[100.511,13.7095],[100.5105,13.7105],[100.5115,13.7115],[100.5105,13.712],[100.5115,13.714],[100.511,13.7135],[100.5105,13.714],[100.512,13.7155],[100.5125,13.7185],[100.511,13.719],[100.5105,13.718],[100.5095,13.718],[100.51,13.717],[100.5085,13.7165],[100.5075,13.717],[100.5075,13.716],[100.5065,13.716]],[[100.516,13.7225],[100.5155,13.7225],[100.516,13.722],[100.516,13.7225]],[[100.5165,13.719],[100.516,13.719],[100.5165,13.719]],[[100.516,13.718],[100.5155,13.718],[100.516,13.7175],[100.516,13.718]],[[100.5155,13.7155],[100.516,13.7155],[100.5155,13.7155]],[[100.5095,13.72],[100.509,13.72],[100.5105,13.7195],[100.5095,13.72]],[[100.5085,13.718],[100.5085,13.7185],[100.5085,13.718]],[[100.507,13.723],[100.5075,13.723],[100.507,13.723]],[[100.507,13.7205],[100.508,13.72],[100.507,13.7205]],[[100.507,13.7185],[100.5075,13.7185],[100.507,13.7185]],[[100.507,13.718],[100.507,13.7175],[100.507,13.718]],[[100.5065,13.7205]],[[100.51,13.7185],[100.5095,13.719],[100.5095,13.7185],[100.51,13.7185]],[[100.513,13.7155],[100.5125,13.715],[100.513,13.715],[100.513,13.7155]],[[100.514,13.7225]],[[100.5135,13.7165],[100.514,13.7165],[100.5135,13.7165]],[[100.515,13.7225],[100.515,13.722],[100.515,13.7225]],[[100.519,13.7165],[100.519,13.716],[100.5195,13.7155],[100.5195,13.7165],[100.519,13.7165]],[[100.5195,13.7145],[100.5185,13.714],[100.5195,13.714],[100.5195,13.7145]],[[100.518,13.722],[100.518,13.721],[100.518,13.722]],[[100.5165,13.7215],[100.517,13.721],[100.517,13.7215],[100.5165,13.7215]],[[100.5165,13.7205],[100.5175,13.72],[100.5165,13.7205]],[[100.5175,13.719],[100.517,13.7185],[100.5175,13.7185],[100.5175,13.719]],[[100.5175,13.7175],[100.5175,13.717],[100.5175,13.7175]],[[100.5175,13.717],[100.5175,13.7165],[100.518,13.7165],[100.5185,13.7165],[100.5175,13.717]],[[100.5175,13.7155],[100.517,13.7155],[100.5175,13.7155]],[[100.5185,13.719]],[[100.5205,13.721],[100.5205,13.7215],[100.5205,13.721]],[[100.5205,13.72],[100.5205,13.7195],[100.521,13.7195],[100.5205,13.72]],[[100.5195,13.724]],[[100.522,13.7215],[100.5215,13.722],[100.5215,13.7215],[100.522,13.7215]],[[100.521,13.718]]]}},{"type":"Feature","properties":{"station":"Saphan Taksin","line":"","band":"10"},"geometry":{"type":"Polygon","coordinates":[[[100.513,13.713],[100.512,13.713],[100.513,13.715],[100.5115,13.716],[100.5125,13.717],[100.5125,13.7185],[100.5085,13.719],[100.5085,13.7215],[100.509,13.722],[100.5115,13.72],[100.5135,13.72],[100.514,13.7215],[100.5135,13.7225],[100.516,13.722],[100.5155,13.7245],[100.5165,13.725],[100.5195,13.723],[100.5185,13.722],[100.52,13.721],[100.5205,13.72],[100.52,13.7195],[100.5215,13.719],[100.5205,13.7185],[100.52,13.7165],[100.513,13.713]],[[100.5165,13.7205],[100.5175,13.72],[100.5165,13.7205]],[[100.5165,13.719],[100.516,13.719],[100.5165,13.719]],[[100.516,13.718],[100.5155,13.718],[100.516,13.7175],[100.516,13.718]],[[100.5095,13.72],[100.509,13.72],[100.5105,13.7195],[100.5095,13.72]],[[100.5135,13.7165],[100.514,13.7165],[100.5135,13.7165]],[[100.5155,13.7155],[100.516,13.7155],[100.5155,13.7155]],[[100.518,13.722],[100.518,13.721],[100.518,13.7215],[100.518,13.722]],[[100.5165,13.7215],[100.517,13.7215],[100.5165,13.7215]],[[100.5175,13.7175],[100.5175,13.717],[100.5175,13.7175]],[[100.5175,13.717],[100.5175,13.7165],[100.518,13.7165],[100.5185,13.7165],[100.5175,13.717]],[[100.5175,13.719],[100.517,13.7185],[100.5175,13.7185],[100.5175,13.719]],[[100.5185,13.719]]]}},{"type":"Feature","properties":{"station":"Sena Nikhom","line":"","band":"15"},"geometry":{"type":"Polygon","coordinates":[[[100.5685,13.8275],[100.567,13.831],[100.568,13.8315],[100.568,13.833],[100.5685,13.8325],[100.569,13.833],[100.568,13.8335],[100.5685,13.834],[100.568,13.835],[100.5685,13.836],[100.5695,13.836],[100.5695,13.837],[100.5705,13.8365],[100.57,13.838],[100.5725,13.8385],[100.572,13.84],[100.572,13.839],[100.571,13.8395],[100.5705,13.841],[100.5715,13.841],[100.5695,13.843],[100.5715,13.8435],[100.5725,13.843],[100.5745,13.8445],[100.576,13.845],[100.577,13.8445],[100.579,13.8455],[100.5795,13.844],[100.5785,13.8435],[100.579,13.841],[100.5825,13.8405],[100.5815,13.8395],[100.581,13.84],[100.5805,13.838],[100.5825,13.839],[100.584,13.837],[100.5825,13.8365],[100.583,13.836],[100.5815,13.835],[100.58,13.8355],[100.581,13.8345],[100.5795,13.834],[100.579,13.8325],[100.5785,13.8335],[100.578,13.8325],[100.579,13.832],[100.5785,13.8315],[100.577,13.831],[100.576,13.8315],[100.576,13.8305],[100.575,13.8315],[100.5745,13.8305],[100.5735,13.8315],[100.574,13.832],[100.5725,13.8315],[100.573,13.83],[100.5685,13.8275]],[[100.575,13.8435],[100.5745,13.843],[100.575,13.843],[100.575,13.8435]],[[100.5745,13.837],[100.575,13.837],[100.5745,13.8375],[100.5745,13.837]],[[100.5755,13.8355],[100.575,13.8345],[100.5755,13.8345],[100.5755,13.8355]],[[100.572,13.8355],[100.572,13.835],[100.572,13.8355]],[[100.5725,13.8335],[100.5725,13.833],[100.573,13.833],[100.5725,13.8335]],[[100.571,13.8365],[100.572,13.836],[100.571,13.837],[100.571,13.8365]],[[100.5705,13.8345],[100.5705,13.835],[100.5705,13.8345]],[[100.5695,13.834],[100.57,13.833],[100.57,13.8345],[100.5695,13.834]],[[100.5685,13.83],[100.5685,13.8295],[100.569,13.8295],[100.5685,13.83]],[[100.5695,13.8305],[100.5695,13.83],[100.5695,13.8305]],[[100.569,13.8315],[100.5695,13.8315],[100.569,13.8315]],[[100.5695,13.835]],[[100.573,13.8415],[100.573,13.842],[100.573,13.8415]],[[100.5725,13.8365]],[[100.5725,13.842]],[[100.574,13.8365],[100.5745,13.8365],[100.574,13.8365]],[[100.574,13.833]],[[100.5765,13.839]],[[100.5765,13.8385],[100.5765,13.8375],[100.577,13.8375],[100.5765,13.8385]],[[100.576,13.8375],[100.576,13.8365],[100.576,13.8375]],[[100.576,13.8355],[100.576,13.835],[100.5765,13.835],[100.576,13.8355]],[[100.577,13.834],[100.577,13.833],[100.577,13.834]],[[100.576,13.833],[100.5765,13.8335],[100.576,13.8335],[100.576,13.833]],[[100.5785,13.835]],[[100.577,13.8415]],[[100.577,13.841],[100.5775,13.8405],[100.5775,13.841],[100.577,13.841]],[[100.578,13.8375]],[[100.579,13.836],[100.5795,13.836],[100.5795,13.8365],[100.579,13.836]],[[100.5795,13.835],[100.579,13.835],[100.5795,13.835]]]}},{"type":"Feature","properties":{"station":"Sena Nikhom","line":"","band":"10"},"geometry":{"type":"Polygon","coordinates":[[[100.571,13.8305],[100.57,13.831],[100.5705,13.8315],[100.57,13.834],[100.571,13.835],[100.5725,13.835],[100.572,13.8365],[100.573,13.838],[100.573,13.841],[100.577,13.8425],[100.5775,13.841],[100.577,13.841],[100.5785,13.8405],[100.5775,13.8375],[100.5795,13.838],[100.5805,13.8365],[100.579,13.836],[100.579,13.835],[100.577,13.835],[100.5765,13.836],[100.576,13.835],[100.5775,13.834],[100.577,13.833],[100.576,13.8335],[100.576,13.832],[100.5715,13.832],[100.571,13.8305]],[[100.5745,13.837],[100.575,13.837],[100.5745,13.8375],[100.5745,13.837]],[[100.574,13.8365],[100.5745,13.8365],[100.574,13.8365]],[[100.5725,13.8335],[100.5725,13.833],[100.573,13.833],[100.5725,13.8335]],[[100.574,13.833]],[[100.5765,13.839]],[[100.576,13.8375],[100.576,13.8365],[100.576,13.8375]],[[100.5755,13.835],[100.575,13.8355],[100.5755,13.8345],[100.5755,13.835]],[[100.5765,13.838],[100.5765,13.8375],[100.577,13.8375],[100.5765,13.838]]]}},{"type":"Feature","properties":{"station":"Sena Ruam","line":"BTS","band":"15"},"geometry":{"type":"Polygon","coordinates":[[[100.541,13.78],[100.54,13.7805],[100.5405,13.782],[100.5395,13.783],[100.54,13.7835],[100.5395,13.785],[100.5405,13.7855],[100.541,13.7845],[100.5415,13.7855],[100.541,13.7875],[100.5395,13.7865],[100.539,13.788],[100.5395,13.7885],[100.5385,13.7895],[100.5405,13.79],[100.541,13.789],[100.5415,13.7905],[100.541,13.7915],[100.543,13.7915],[100.544,13.793],[100.545,13.7925],[100.5455,13.7935],[100.5465,13.7935],[100.546,13.794],[100.547,13.794],[100.5465,13.795],[100.5475,13.7955],[100.549,13.793],[100.5485,13.795],[100.5505,13.7955],[100.551,13.793],[100.5515,13.7935],[100.552,13.7925],[100.5515,13.7905],[100.552,13.79],[100.553,13.791],[100.555,13.789],[100.5535,13.787],[100.5555,13.7865],[100.555,13.7855],[100.554,13.7855],[100.554,13.783],[100.5515,13.782],[100.5525,13.78],[100.547,13.779],[100.5435,13.776],[100.543,13.7775],[100.5415,13.778],[100.542,13.7785],[100.5415,13.7795],[100.5425,13.7805],[100.541,13.78]],[[100.5465,13.793]],[[100.5465,13.7875]],[[100.5455,13.787],[100.5455,13.7865],[100.5465,13.7865],[100.5455,13.787]],[[100.5465,13.783]],[[100.5445,13.788],[100.545,13.788],[100.5445,13.788]],[[100.544,13.786],[100.544,13.7855],[100.545,13.786],[100.544,13.786]],[[100.542,13.789]],[[100.5425,13.785]],[[100.5425,13.784],[100.5425,13.7835],[100.5425,13.784]],[[100.5415,13.781],[100.542,13.7815],[100.5415,13.781]],[[100.5415,13.782],[100.541,13.782],[100.5405,13.7815],[100.5415,13.782]],[[100.5405,13.7825],[100.54,13.7825],[100.5405,13.7825]],[[100.541,13.788],[100.5405,13.788],[100.541,13.788]],[[100.5425,13.782],[100.5425,13.7825],[100.5425,13.782]],[[100.5425,13.7875],[100.542,13.7875],[100.5425,13.7875]],[[100.543,13.781],[100.543,13.7815],[100.543,13.781]],[[100.5435,13.7905],[100.543,13.7895],[100.5435,13.789],[100.5435,13.7905]],[[100.543,13.786],[100.5435,13.7855],[100.5435,13.786],[100.543,13.786]],[[100.5435,13.7845],[100.543,13.7845],[100.5435,13.784],[100.5435,13.7845]],[[100.5445,13.787],[100.545,13.787],[100.5445,13.787]],[[100.545,13.783],[100.5445,13.7825],[100.545,13.782],[100.545,13.783]],[[100.545,13.78],[100.545,13.7795],[100.5455,13.78],[100.545,13.78]],[[100.5455,13.79],[100.5455,13.7895],[100.5455,13.79]],[[100.546,13.781]],[[100.55,13.7925],[100.5505,13.793],[100.5505,13.792],[100.5505,13.793],[100.55,13.7925]],[[100.549,13.791],[100.5495,13.791],[100.5495,13.7915],[100.549,13.791]],[[100.55,13.79],[100.5495,13.79],[100.55,13.79]],[[100.549,13.7835],[100.5495,13.7835],[100.549,13.7835]],[[100.5495,13.783]],[[100.548,13.7855],[100.5475,13.7855],[100.548,13.785],[100.548,13.7855]],[[100.5485,13.7845],[100.548,13.7845],[100.5485,13.7845]],[[100.548,13.7835],[100.548,13.783],[100.5485,13.7835],[100.548,13.7835]],[[100.5475,13.782],[100.547,13.782],[100.5475,13.782]],[[100.547,13.782]],[[100.5485,13.7825],[100.5485,13.7815],[100.549,13.782],[100.5485,13.7825]],[[100.5485,13.78],[100.5485,13.7795],[100.5485,13.78]],[[100.549,13.7835]],[[100.5505,13.787]],[[100.5515,13.7835],[100.5515,13.783],[100.5515,13.7835]],[[100.5525,13.7875],[100.5525,13.787],[100.5525,13.7875]],[[100.552,13.7835],[100.5515,13.7835],[100.552,13.7835]],[[100.552,13.787]],[[100.552,13.786],[100.552,13.7865],[100.5515,13.786],[100.552,13.786]],[[100.5525,13.7895],[100.552,13.7895],[100.5525,13.7895]],[[100.5535,13.7845],[100.5535,13.784],[100.5535,13.7845]],[[100.5535,13.7865],[100.553,13.7865],[100.5535,13.7865]]]}},{"type":"Feature","properties":{"station":"Sena Ruam","line":"BTS","band":"10"},"geometry":{"type":"Polygon","coordinates":[[[100.5425,13.7825],[100.5425,13.784],[100.5435,13.7845],[100.542,13.7855],[100.5425,13.7875],[100.5415,13.7885],[100.543,13.7895],[100.544,13.788],[100.5455,13.788],[100.544,13.7885],[100.5445,13.7895],[100.546,13.7895],[100.545,13.7905],[100.5475,13.7925],[100.548,13.792],[100.5495,13.7925],[100.549,13.791],[100.5505,13.791],[100.5495,13.79],[100.5515,13.789],[100.551,13.7885],[100.552,13.7875],[100.5515,13.786],[100.5525,13.7855],[100.5515,13.7855],[100.5515,13.7845],[100.5505,13.784],[100.549,13.7845],[100.55,13.782],[100.5495,13.7815],[100.5485,13.7825],[100.548,13.7815],[100.5475,13.7825],[100.547,13.781],[100.546,13.781],[100.5465,13.78],[100.544,13.78],[100.545,13.783],[100.5425,13.7825]],[[100.5465,13.7875]],[[100.548,13.7855],[100.5475,13.7855],[100.548,13.785],[100.548,13.7855]],[[100.5445,13.787],[100.545,13.787],[100.5445,13.787]],[[100.544,13.786],[100.544,13.7855],[100.545,13.786],[100.544,13.786]],[[100.543,13.786],[100.5435,13.7855],[100.5435,13.786],[100.543,13.786]],[[100.5455,13.787],[100.5465,13.7865],[100.5455,13.787]],[[100.5465,13.783]],[[100.5485,13.7845],[100.548,13.7845],[100.5485,13.7845]],[[100.549,13.7835]],[[100.5485,13.7835],[100.548,13.7835],[100.548,13.783],[100.5485,13.7835]],[[100.5505,13.787]]]}},{"type":"Feature","properties":{"station":"Si Lom","line":"","band":"15"},"geometry":{"type":"Polygon","coordinates":[[[100.527,13.725],[100.5265,13.726],[100.5275,13.728],[100.527,13.729],[100.5285,13.731],[100.527,13.7315],[100.527,13.7335],[100.53,13.734],[100.5305,13.735],[100.5335,13.736],[100.5335,13.737],[100.5355,13.737],[100.535,13.736],[100.5375,13.736],[100.5385,13.737],[100.5385,13.7385],[100.5395,13.739],[100.5405,13.737],[100.5425,13.736],[100.5425,13.7345],[100.544,13.7345],[100.5445,13.7335],[100.5455,13.7345],[100.546,13.734],[100.5465,13.732],[100.5455,13.7315],[100.545,13.7295],[100.547,13.7255],[100.5455,13.725],[100.545,13.7255],[100.5445,13.7245],[100.5425,13.725],[100.5415,13.7245],[100.541,13.723],[100.5395,13.7225],[100.539,13.724],[100.5385,13.7235],[100.5395,13.7215],[100.5385,13.7225],[100.537,13.7215],[100.5355,13.7225],[100.535,13.722],[100.533,13.7225],[100.5335,13.724],[100.5315,13.723],[100.5275,13.7255],[100.527,13.725]],[[100.537,13.735],[100.537,13.7345],[100.5375,13.735],[100.537,13.735]],[[100.537,13.7325],[100.537,13.7315],[100.537,13.7325]],[[100.537,13.7285],[100.5375,13.728],[100.538,13.728],[100.5375,13.7285],[100.537,13.7285]],[[100.5315,13.734],[100.5315,13.7335],[100.532,13.7335],[100.532,13.734],[100.5315,13.734]],[[100.5325,13.7295],[100.533,13.7295],[100.5325,13.7295]],[[100.5295,13.7305],[100.5295,13.73],[100.5295,13.7305]],[[100.53,13.7275]],[[100.53,13.7265],[100.5305,13.7265],[100.53,13.7265]],[[100.53,13.725]],[[100.529,13.7285],[100.5295,13.729],[100.529,13.7285]],[[100.531,13.733],[100.53,13.733],[100.531,13.7325],[100.531,13.733]],[[100.5315,13.7285],[100.5315,13.728],[100.5315,13.7285]],[[100.5345,13.7335],[100.535,13.7335],[100.5355,13.7345],[100.535,13.7345],[100.5345,13.7335]],[[100.535,13.7295]],[[100.535,13.728],[100.5355,13.7285],[100.535,13.728]],[[100.5355,13.7265],[100.5345,13.726],[100.535,13.7255],[100.5355,13.7265]],[[100.5335,13.735],[100.5335,13.7345],[100.5335,13.735]],[[100.5335,13.729]],[[100.5335,13.726],[100.5335,13.7265],[100.5335,13.726]],[[100.5345,13.7315]],[[100.5355,13.7325],[100.536,13.7325],[100.5355,13.7325]],[[100.536,13.725]],[[100.536,13.7245]],[[100.536,13.7245]],[[100.54,13.7335],[100.539,13.7335],[100.539,13.732],[100.539,13.733],[100.54,13.7335]],[[100.541,13.733],[100.539,13.731],[100.541,13.732],[100.541,13.733]],[[100.5405,13.7305],[100.541,13.7305],[100.5405,13.7305]],[[100.5405,13.7295],[100.54,13.7305],[100.5405,13.7295]],[[100.5385,13.7355],[100.538,13.7355],[100.5385,13.7355]],[[100.539,13.73],[100.5385,13.7295],[100.54,13.7285],[100.539,13.73]],[[100.5385,13.7275],[100.539,13.7275],[100.5385,13.7275]],[[100.538,13.7315],[100.5385,13.731],[100.538,13.732],[100.538,13.7315]],[[100.5395,13.737],[100.54,13.737],[100.5395,13.737]],[[100.5395,13.7355],[100.5395,13.735],[100.5395,13.7355]],[[100.5415,13.7335],[100.5425,13.7335],[100.5415,13.7335]],[[100.5425,13.733],[100.542,13.732],[100.5425,13.732],[100.5425,13.733]],[[100.542,13.73]],[[100.5435,13.7295],[100.543,13.729],[100.544,13.728],[100.5445,13.729],[100.5435,13.7295]],[[100.5415,13.728],[100.541,13.7285],[100.5415,13.728]],[[100.542,13.729],[100.5425,13.7295],[100.542,13.729]],[[100.544,13.732],[100.544,13.7315],[100.5445,13.731],[100.544,13.732]],[[100.5425,13.731],[100.543,13.7305],[100.5425,13.731]],[[100.543,13.7315]],[[100.544,13.725],[100.544,13.7255],[100.544,13.725]],[[100.545,13.733]]]}},{"type":"Feature","properties":{"station":"Si Lom","line":"","band":"10"},"geometry":{"type":"Polygon","coordinates":[[[100.531,13.726],[100.53,13.727],[100.531,13.729],[100.5315,13.728],[100.5315,13.729],[100.53,13.7295],[100.5315,13.731],[100.5305,13.731],[100.5305,13.732],[100.533,13.7335],[100.535,13.7335],[100.539,13.736],[100.54,13.7345],[100.5415,13.734],[100.542,13.732],[100.544,13.732],[100.5425,13.731],[100.544,13.73],[100.543,13.7295],[100.544,13.7265],[100.5425,13.726],[100.5425,13.725],[100.541,13.726],[100.5405,13.725],[100.539,13.7255],[100.5395,13.7245],[100.537,13.7235],[100.535,13.725],[100.533,13.725],[100.5335,13.7265],[100.533,13.726],[100.5315,13.727],[100.531,13.726]],[[100.538,13.728],[100.537,13.7285],[100.5375,13.728],[100.538,13.728]],[[100.5345,13.7315]],[[100.5355,13.7285],[100.535,13.728],[100.5345,13.728],[100.535,13.728],[100.5355,13.7285]],[[100.5355,13.7265],[100.5345,13.726],[100.535,13.7255],[100.5355,13.7265]],[[100.536,13.725]],[[100.536,13.7245]],[[100.533,13.7295],[100.5325,13.7295],[100.533,13.7295]],[[100.533,13.729],[100.5335,13.729],[100.533,13.729]],[[100.535,13.7295]],[[100.537,13.7325],[100.537,13.732],[100.537,13.7325]],[[100.5355,13.7325],[100.536,13.7325],[100.5355,13.7325]],[[100.5405,13.7335],[100.539,13.733],[100.539,13.732],[100.539,13.733],[100.5405,13.7335]],[[100.5395,13.732],[100.539,13.731],[100.541,13.7325],[100.5395,13.732]],[[100.54,13.7305],[100.54,13.73],[100.5405,13.7295],[100.54,13.7305]],[[100.54,13.7285],[100.539,13.73],[100.5385,13.7295],[100.54,13.7285]],[[100.5385,13.7275],[100.539,13.7275],[100.5385,13.7275]],[[100.538,13.732],[100.538,13.7315],[100.538,13.731],[100.5385,13.731],[100.538,13.732]],[[100.541,13.7305],[100.5405,13.7305],[100.541,13.7305]],[[100.542,13.729],[100.5425,13.7295],[100.542,13.729]],[[100.5415,13.728],[100.541,13.7285],[100.5415,13.728]],[[100.542,13.73]]]}},{"type":"Feature","properties":{"station":"Si Rat","line":"MRT","band":"15"},"geometry":{"type":"Polygon","coordinates":[[[100.532,13.8995],[100.534,13.9],[100.5315,13.9005],[100.5315,13.9025],[100.5305,13.9025],[100.531,13.903],[100.53,13.904],[100.5325,13.9045],[100.5325,13.9055],[100.5335,13.905],[100.5335,13.9065],[100.5355,13.9065],[100.5365,13.908],[100.5375,13.908],[100.538,13.9095],[100.5385,13.9085],[100.5395,13.9085],[100.54,13.9095],[100.541,13.908],[100.54,13.9075],[100.543,13.9065],[100.5425,13.905],[100.5405,13.9045],[100.5405,13.9035],[100.543,13.903],[100.5435,13.9045],[100.5445,13.9045],[100.545,13.901],[100.5455,13.9035],[100.5475,13.9015],[100.547,13.9005],[100.546,13.9005],[100.547,13.9],[100.5465,13.8985],[100.5485,13.8995],[100.55,13.8975],[100.5485,13.896],[100.547,13.8965],[100.5465,13.895],[100.546,13.896],[100.545,13.8945],[100.5435,13.8945],[100.5435,13.896],[100.5425,13.896],[100.5425,13.897],[100.5415,13.8975],[100.542,13.898],[100.5395,13.8985],[100.5395,13.9],[100.5395,13.8985],[100.538,13.897],[100.536,13.8975],[100.5355,13.8955],[100.535,13.896],[100.5355,13.8975],[100.5335,13.8975],[100.5335,13.899],[100.532,13.8995]],[[100.5375,13.9035],[100.538,13.9035],[100.5375,13.9035]],[[100.539,13.901],[100.5395,13.9015],[100.539,13.902],[100.539,13.901]],[[100.5345,13.904],[100.5345,13.903],[100.535,13.9025],[100.535,13.904],[100.5345,13.904]],[[100.5345,13.902],[100.534,13.9015],[100.535,13.9015],[100.5345,13.902]],[[100.5335,13.902],[100.532,13.9015],[100.5335,13.9015],[100.5335,13.902]],[[100.537,13.901],[100.537,13.9],[100.538,13.9],[100.537,13.901]],[[100.536,13.902],[100.536,13.9025],[100.536,13.902]],[[100.5375,13.902]],[[100.543,13.9015],[100.5415,13.9005],[100.543,13.9005],[100.544,13.8995],[100.5435,13.902],[100.543,13.9015]],[[100.5435,13.8985],[100.543,13.8985],[100.5435,13.8985]],[[100.544,13.898],[100.5435,13.898],[100.5435,13.8975],[100.544,13.898]],[[100.5395,13.908],[100.539,13.908],[100.5395,13.908]],[[100.541,13.901],[100.5405,13.901],[100.54,13.901],[100.541,13.901]],[[100.541,13.899],[100.5415,13.8985],[100.5415,13.899],[100.541,13.899]],[[100.5385,13.903]],[[100.5385,13.9035],[100.539,13.9035],[100.5385,13.9035]],[[100.5425,13.8975],[100.5425,13.898],[100.5425,13.8975]],[[100.541,13.9025]],[[100.5415,13.9025]],[[100.5455,13.899],[100.5455,13.8995],[100.545,13.8995],[100.545,13.899],[100.5455,13.899]],[[100.545,13.8965],[100.5455,13.8975],[100.545,13.8975],[100.545,13.8965]],[[100.5455,13.9005],[100.5455,13.9],[100.5455,13.9005]]]}},{"type":"Feature","properties":{"station":"Si Rat","line":"MRT","band":"10"},"geometry":{"type":"Polygon","coordinates":[[[100.536,13.899],[100.5355,13.9005],[100.534,13.901],[100.535,13.9015],[100.5335,13.902],[100.5335,13.903],[100.535,13.9025],[100.5355,13.904],[100.5365,13.9035],[100.5365,13.9045],[100.538,13.906],[100.5385,13.905],[100.5395,13.906],[100.541,13.906],[100.5415,13.905],[100.5405,13.9045],[100.541,13.9025],[100.5435,13.9035],[100.543,13.9015],[100.5415,13.9005],[100.543,13.9005],[100.544,13.8995],[100.5445,13.901],[100.5455,13.9005],[100.545,13.899],[100.5465,13.8985],[100.545,13.8975],[100.5425,13.898],[100.5425,13.897],[100.5415,13.8975],[100.542,13.898],[100.5395,13.8985],[100.5395,13.9],[100.5395,13.8985],[100.538,13.897],[100.537,13.8975],[100.537,13.9],[100.536,13.899]],[[100.5395,13.9015],[100.539,13.902],[100.539,13.901],[100.5395,13.9015]],[[100.537,13.903],[100.5375,13.9025],[100.5375,13.9015],[100.5375,13.903],[100.537,13.903]],[[100.537,13.901],[100.537,13.9],[100.538,13.9],[100.537,13.901]],[[100.536,13.9025]],[[100.539,13.9035],[100.5385,13.9035],[100.539,13.9035]],[[100.5385,13.903]],[[100.538,13.9035],[100.5375,13.9035],[100.538,13.9035]],[[100.541,13.901],[100.5405,13.901],[100.54,13.901],[100.541,13.901]],[[100.541,13.899],[100.5415,13.8985],[100.5415,13.899],[100.541,13.899]],[[100.5435,13.8985],[100.543,13.8985],[100.5435,13.8985]]]}},{"type":"Feature","properties":{"station":"Siam","line":"BTS","band":"15"},"geometry":{"type":"Polygon","coordinates":[[[100.5245,13.745],[100.5235,13.748],[100.5245,13.748],[100.526,13.7495],[100.5265,13.7475],[100.526,13.7495],[100.528,13.75],[100.531,13.754],[100.5325,13.754],[100.5335,13.753],[100.534,13.754],[100.5345,13.753],[100.5345,13.754],[100.5355,13.7535],[100.536,13.7545],[100.5365,13.7535],[100.536,13.7525],[100.5375,13.7525],[100.5375,13.7515],[100.539,13.75],[100.5415,13.7505],[100.543,13.748],[100.542,13.745],[100.5425,13.7445],[100.5445,13.746],[100.546,13.7435],[100.5435,13.742],[100.5425,13.743],[100.5425,13.7415],[100.5405,13.742],[100.543,13.741],[100.5405,13.741],[100.54,13.7405],[100.541,13.74],[100.5395,13.7385],[100.539,13.739],[100.5395,13.742],[100.536,13.7425],[100.5355,13.7405],[100.536,13.738],[100.5345,13.735],[100.534,13.737],[100.533,13.7365],[100.532,13.737],[100.533,13.738],[100.531,13.739],[100.5295,13.738],[100.5285,13.7395],[100.5295,13.7405],[100.528,13.7405],[100.527,13.7415],[100.5275,13.742],[100.5255,13.743],[100.526,13.746],[100.5255,13.7465],[100.5255,13.7455],[100.5245,13.745]],[[100.5345,13.75],[100.5315,13.7485],[100.534,13.748],[100.535,13.7495],[100.5345,13.75]],[[100.5335,13.747]],[[100.5335,13.7415],[100.534,13.7415],[100.5335,13.7415]],[[100.53,13.7515],[100.53,13.7505],[100.5305,13.7505],[100.53,13.7515]],[[100.53,13.75]],[[100.531,13.7435],[100.5315,13.7435],[100.5315,13.744],[100.531,13.744],[100.531,13.7435]],[[100.528,13.749]],[[100.529,13.7455]],[[100.529,13.7445],[100.5285,13.745],[100.5285,13.7445],[100.529,13.7445]],[[100.5275,13.746],[100.527,13.7455],[100.528,13.745],[100.5275,13.746]],[[100.5265,13.7445]],[[100.53,13.7455],[100.5295,13.7435],[100.53,13.7435],[100.53,13.7455]],[[100.529,13.75]],[[100.5315,13.7475],[100.533,13.747],[100.533,13.7475],[100.5315,13.7475]],[[100.5315,13.7465]],[[100.531,13.7455],[100.531,13.745],[100.531,13.7455]],[[100.532,13.741]],[[100.532,13.7405],[100.5325,13.7405],[100.532,13.7405]],[[100.531,13.742],[100.5315,13.742],[100.531,13.7425],[100.531,13.742]],[[100.5325,13.7525],[100.532,13.7525],[100.5325,13.752],[100.5325,13.7525]],[[100.5385,13.7505],[100.536,13.7505],[100.536,13.7515],[100.5355,13.7495],[100.538,13.749],[100.5385,13.7505]],[[100.537,13.7485],[100.5375,13.748],[100.5375,13.7485],[100.537,13.7485]],[[100.5375,13.747],[100.537,13.747],[100.536,13.7465],[100.5375,13.7465],[100.5375,13.747]],[[100.538,13.7455],[100.5395,13.7455],[100.5395,13.7475],[100.5385,13.748],[100.539,13.746],[100.538,13.7455]],[[100.539,13.7435],[100.5385,13.744],[100.5385,13.7435],[100.539,13.7435]],[[100.534,13.751],[100.5335,13.7505],[100.534,13.7505],[100.534,13.751]],[[100.5345,13.7475],[100.5345,13.746],[100.5355,13.746],[100.5355,13.7475],[100.5345,13.7475]],[[100.534,13.745],[100.5335,13.745],[100.534,13.745]],[[100.5345,13.7405]],[[100.5335,13.7405],[100.534,13.74],[100.534,13.7405],[100.5335,13.7405]],[[100.5355,13.749],[100.535,13.7485],[100.5355,13.748],[100.5355,13.749]],[[100.5415,13.743],[100.5415,13.744],[100.5415,13.743]],[[100.5445,13.7445]]]}},{"type":"Feature","properties":{"station":"Siam","line":"BTS","band":"10"},"geometry":{"type":"Polygon","coordinates":[[[100.529,13.7435],[100.5285,13.744],[100.529,13.745],[100.528,13.745],[100.528,13.746],[100.527,13.746],[100.5265,13.747],[100.5285,13.7485],[100.529,13.748],[100.529,13.749],[100.5305,13.7495],[100.53,13.75],[100.531,13.75],[100.5315,13.751],[100.532,13.7505],[100.5315,13.7485],[100.534,13.748],[100.5315,13.7475],[100.5335,13.747],[100.534,13.749],[100.535,13.749],[100.5345,13.75],[100.5355,13.752],[100.536,13.7515],[100.5355,13.7495],[100.54,13.7485],[100.5385,13.748],[100.539,13.746],[100.538,13.7455],[100.5395,13.745],[100.5405,13.747],[100.5425,13.744],[100.5405,13.7435],[100.54,13.742],[100.536,13.7425],[100.5355,13.7405],[100.536,13.7395],[100.5345,13.7385],[100.534,13.7405],[100.533,13.7405],[100.5325,13.7415],[100.5315,13.741],[100.5315,13.742],[100.5305,13.7425],[100.53,13.7415],[100.5295,13.743],[100.53,13.7455],[100.53,13.744],[100.529,13.7435]],[[100.534,13.745],[100.5335,13.745],[100.534,13.745]],[[100.534,13.7415],[100.5335,13.7415],[100.533,13.7415],[100.534,13.7415]],[[100.5345,13.7405]],[[100.531,13.7455],[100.531,13.745],[100.531,13.7455]],[[100.531,13.744],[100.531,13.743],[100.5315,13.743],[100.5315,13.744],[100.531,13.744]],[[100.529,13.7455]],[[100.5315,13.7465]],[[100.5355,13.749],[100.535,13.7485],[100.5355,13.748],[100.536,13.7485],[100.5355,13.749]],[[100.536,13.7465],[100.5375,13.7465],[100.5375,13.747],[100.537,13.747],[100.536,13.7465]],[[100.5345,13.7475],[100.5345,13.746],[100.5355,13.746],[100.5355,13.7475],[100.5345,13.7475]],[[100.5385,13.744],[100.539,13.7435],[100.539,13.744],[100.5385,13.744]],[[100.5375,13.748],[100.537,13.7485],[100.537,13.748],[100.5375,13.748]]]}},{"type":"Feature","properties":{"station":"Sirindhorn","line":"","band":"15"},"geometry":{"type":"Polygon","coordinates":[[[100.485,13.7775],[100.4855,13.7785],[100.485,13.779],[100.4855,13.7795],[100.486,13.779],[100.4845,13.7805],[100.485,13.7835],[100.484,13.784],[100.485,13.7845],[100.484,13.785],[100.484,13.786],[100.486,13.7855],[100.486,13.7875],[100.488,13.787],[100.4875,13.788],[100.4885,13.7885],[100.4915,13.788],[100.4915,13.789],[100.4935,13.79],[100.495,13.789],[100.4955,13.79],[100.4975,13.79],[100.498,13.789],[100.497,13.789],[100.4975,13.7875],[100.4985,13.788],[100.498,13.789],[100.4995,13.79],[100.502,13.789],[100.502,13.788],[100.501,13.788],[100.5025,13.787],[100.5005,13.7855],[100.502,13.7815],[100.5,13.7805],[100.4995,13.779],[100.4965,13.7795],[100.4935,13.778],[100.493,13.779],[100.492,13.7785],[100.4925,13.7795],[100.4915,13.779],[100.491,13.7795],[100.4885,13.779],[100.489,13.7785],[100.487,13.7775],[100.485,13.7775]],[[100.495,13.7825],[100.4945,13.783],[100.495,13.7825]],[[100.4955,13.782],[100.4955,13.7815],[100.496,13.782],[100.4955,13.782]],[[100.4955,13.7805],[100.4955,13.78],[100.4955,13.7805]],[[100.495,13.78]],[[100.4895,13.7835],[100.49,13.783],[100.4895,13.7835]],[[100.4895,13.7805],[100.489,13.7805],[100.4895,13.7805]],[[100.487,13.785],[100.4875,13.7845],[100.487,13.785]],[[100.4885,13.7815],[100.487,13.7815],[100.488,13.781],[100.4885,13.7815]],[[100.486,13.783]],[[100.488,13.783],[100.488,13.7825],[100.489,13.7825],[100.488,13.783]],[[100.493,13.783],[100.4935,13.7835],[100.493,13.783]],[[100.4925,13.781],[100.492,13.781],[100.494,13.7805],[100.4925,13.781]],[[100.4915,13.7845],[100.4935,13.7845],[100.4915,13.785],[100.4915,13.7845]],[[100.4915,13.781],[100.491,13.7815],[100.492,13.781],[100.4915,13.781]],[[100.4905,13.7835]],[[100.4945,13.7875]],[[100.494,13.787]],[[100.498,13.7825],[100.4975,13.782],[100.4965,13.7825],[100.498,13.7815],[100.4985,13.7825],[100.498,13.7825]],[[100.4985,13.78]],[[100.4965,13.7865],[100.496,13.786],[100.4965,13.7865]],[[100.496,13.7885],[100.4955,13.7885],[100.496,13.7885]]]}},{"type":"Feature","properties":{"station":"Sirindhorn","line":"","band":"10"},"geometry":{"type":"Polygon","coordinates":[[[100.4875,13.78],[100.487,13.7815],[100.4885,13.7815],[100.487,13.7825],[100.489,13.7825],[100.487,13.784],[100.4875,13.785],[100.4895,13.7855],[100.4885,13.786],[100.489,13.7865],[100.4915,13.786],[100.491,13.787],[100.492,13.7875],[100.4935,13.786],[100.493,13.7875],[100.4965,13.7885],[100.497,13.7875],[100.498,13.788],[100.499,13.7875],[100.4985,13.7855],[100.4995,13.7845],[100.4985,13.7835],[100.4995,13.783],[100.4995,13.782],[100.4965,13.7825],[100.497,13.7815],[100.496,13.781],[100.4955,13.782],[100.4955,13.781],[100.4945,13.7805],[100.494,13.7815],[100.493,13.781],[100.492,13.782],[100.4915,13.781],[100.491,13.7815],[100.49,13.7805],[100.4875,13.78]],[[100.494,13.787]],[[100.495,13.7825],[100.4935,13.7835],[100.493,13.7825],[100.494,13.782],[100.495,13.7825]],[[100.4915,13.7845],[100.4935,13.7845],[100.4915,13.785],[100.4915,13.7845]],[[100.49,13.783],[100.4895,13.783],[100.49,13.783]],[[100.4905,13.7835]],[[100.4965,13.7865],[100.496,13.786],[100.4965,13.7865]],[[100.497,13.787]]]}},{"type":"Feature","properties":{"station":"Srinagarindra","line":"","band":"15"},"geometry":{"type":"Polygon","coordinates":[[[100.6085,13.5925],[100.609,13.5925],[100.6085,13.592],[100.608,13.5925],[100.6085,13.5925]]]}},{"type":"Feature","properties":{"station":"Srinagarindra","line":"","band":"10"},"geometry":{"type":"Polygon","coordinates":[[[100.6085,13.5925],[100.609,13.5925],[100.6085,13.592],[100.608,13.5925],[100.6085,13.5925]]]}},{"type":"Feature","properties":{"station":"Sukhumvit","line":"BTS Sukhumvit","band":"15"},"geometry":{"type":"Polygon","coordinates":[[[100.554,13.7335],[100.5555,13.734],[100.5555,13.7355],[100.5565,13.7355],[100.5555,13.736],[100.5555,13.738],[100.5525,13.7385],[100.554,13.74],[100.554,13.741],[100.5525,13.7415],[100.5525,13.7425],[100.5565,13.7445],[100.557,13.744],[100.5585,13.7445],[100.559,13.7455],[100.559,13.743],[100.56,13.7435],[100.5595,13.7445],[100.5615,13.746],[100.5615,13.747],[100.5635,13.7475],[100.5645,13.7445],[100.5655,13.7445],[100.5655,13.742],[100.567,13.741],[100.567,13.739],[100.566,13.739],[100.5655,13.737],[100.5675,13.737],[100.5665,13.734],[100.568,13.735],[100.5685,13.734],[100.568,13.7335],[100.569,13.733],[100.5685,13.732],[100.5695,13.731],[100.5645,13.7285],[100.5635,13.7285],[100.5635,13.73],[100.563,13.729],[100.5625,13.73],[100.5625,13.7285],[100.5615,13.7295],[100.5615,13.7275],[100.56,13.727],[100.559,13.7325],[100.558,13.732],[100.5585,13.7295],[100.5575,13.729],[100.557,13.731],[100.5545,13.732],[100.554,13.7335]],[[100.5605,13.7325],[100.5605,13.732],[100.5605,13.7325]],[[100.5575,13.7425],[100.557,13.7425],[100.5575,13.742],[100.5575,13.7425]],[[100.557,13.738],[100.557,13.7385],[100.557,13.738]],[[100.5575,13.736]],[[100.5555,13.7425],[100.556,13.7425],[100.5555,13.7425]],[[100.5545,13.743]],[[100.5545,13.742]],[[100.5555,13.742]],[[100.5565,13.7375]],[[100.558,13.744],[100.5585,13.7435],[100.5585,13.744],[100.558,13.744]],[[100.558,13.7425],[100.558,13.743],[100.558,13.7425]],[[100.558,13.7415],[100.558,13.74],[100.558,13.7405],[100.558,13.7415]],[[100.5585,13.7375],[100.559,13.737],[100.5595,13.737],[100.5585,13.7375]],[[100.5575,13.7435],[100.557,13.743],[100.5575,13.743],[100.5575,13.7435]],[[100.559,13.742],[100.559,13.7415],[100.5595,13.7415],[100.559,13.742]],[[100.559,13.7405],[100.5595,13.7405],[100.559,13.7405]],[[100.559,13.7395],[100.559,13.739],[100.559,13.7395]],[[100.5615,13.745],[100.561,13.7435],[100.562,13.7445],[100.5615,13.745]],[[100.5625,13.7425],[100.5625,13.7405],[100.5635,13.743],[100.5625,13.7425]],[[100.5625,13.7375],[100.562,13.7375],[100.5625,13.7375]],[[100.562,13.7365],[100.5625,13.7365],[100.562,13.7365]],[[100.562,13.7345]],[[100.5625,13.7325],[100.5615,13.7325],[100.562,13.731],[100.5625,13.7325]],[[100.561,13.7425],[100.5605,13.742],[100.561,13.7415],[100.561,13.7425]],[[100.5615,13.741]],[[100.5605,13.74],[100.561,13.74],[100.5615,13.7395],[100.5615,13.74],[100.5605,13.74]],[[100.5615,13.7355],[100.562,13.7355],[100.5615,13.7355]],[[100.5615,13.7345]],[[100.5615,13.734]],[[100.5615,13.7335]],[[100.5605,13.731],[100.5605,13.7315],[100.5605,13.731]],[[100.564,13.7435],[100.5635,13.7405],[100.5645,13.7435],[100.564,13.7435]],[[100.5635,13.7385],[100.5635,13.739],[100.5635,13.7385]],[[100.5645,13.7375],[100.565,13.738],[100.5645,13.738],[100.5645,13.7375]],[[100.5635,13.738],[100.5635,13.737],[100.5635,13.738]],[[100.5655,13.7365],[100.565,13.736],[100.5645,13.7355],[100.5655,13.7365]],[[100.563,13.7455],[100.5635,13.7455],[100.563,13.7455]],[[100.5635,13.7445],[100.563,13.744],[100.5635,13.744],[100.5635,13.7445]],[[100.563,13.7355]],[[100.563,13.7335],[100.563,13.734],[100.563,13.7335]],[[100.563,13.733],[100.5635,13.733],[100.563,13.7335],[100.563,13.733]],[[100.5645,13.73]],[[100.5645,13.7335]],[[100.5645,13.7325],[100.5645,13.7315],[100.565,13.7325],[100.5645,13.7325]],[[100.5635,13.732],[100.5635,13.7315],[100.5635,13.732]],[[100.565,13.7415],[100.565,13.741],[100.5655,13.7405],[100.5655,13.7415],[100.565,13.7415]],[[100.5645,13.7385]],[[100.566,13.7355],[100.566,13.735],[100.566,13.7355]],[[100.566,13.732],[100.567,13.7315],[100.566,13.7325],[100.566,13.732]],[[100.5665,13.731],[100.566,13.731],[100.5665,13.731]],[[100.5655,13.731],[100.566,13.731],[100.5655,13.731]]]}},{"type":"Feature","properties":{"station":"Sukhumvit","line":"BTS Sukhumvit","band":"10"},"geometry":{"type":"Polygon","coordinates":[[[100.5575,13.7365],[100.5565,13.7365],[100.556,13.738],[100.557,13.7385],[100.5555,13.739],[100.5555,13.7405],[100.5575,13.7415],[100.558,13.74],[100.558,13.742],[100.559,13.742],[100.559,13.741],[100.56,13.743],[100.5625,13.7445],[100.563,13.7425],[100.5625,13.7405],[100.5635,13.742],[100.5635,13.7405],[100.5645,13.741],[100.5655,13.74],[100.5645,13.7385],[100.5655,13.739],[100.566,13.738],[100.5645,13.738],[100.564,13.737],[100.5635,13.738],[100.563,13.737],[100.565,13.737],[100.5645,13.7355],[100.566,13.735],[100.5665,13.733],[100.5655,13.7325],[100.5645,13.733],[100.5625,13.7315],[100.5625,13.7325],[100.5615,13.7325],[100.562,13.732],[100.5615,13.7305],[100.5605,13.7315],[100.5595,13.7305],[100.559,13.7325],[100.5575,13.732],[100.557,13.733],[100.5575,13.734],[100.5595,13.734],[100.5595,13.7355],[100.558,13.735],[100.5575,13.7365]],[[100.561,13.7425],[100.5605,13.742],[100.561,13.7415],[100.561,13.7425]],[[100.5615,13.741]],[[100.5605,13.74],[100.561,13.74],[100.5615,13.7395],[100.5615,13.74],[100.5605,13.74]],[[100.5605,13.7325],[100.5605,13.732],[100.5605,13.7325]],[[100.559,13.7405],[100.5595,13.7405],[100.559,13.7405]],[[100.559,13.7395],[100.559,13.739],[100.559,13.7395]],[[100.5585,13.7375],[100.559,13.737],[100.5595,13.737],[100.5585,13.7375]],[[100.559,13.736]],[[100.5625,13.7375],[100.562,13.7375],[100.5625,13.7375]],[[100.5625,13.7365]],[[100.562,13.7355],[100.5615,13.7355],[100.562,13.7355]],[[100.562,13.7345]],[[100.5615,13.7345]],[[100.5615,13.734]],[[100.5615,13.7335]],[[100.563,13.7355]],[[100.563,13.734]],[[100.5645,13.7335]],[[100.563,13.733],[100.5635,13.733],[100.563,13.7335],[100.563,13.733]],[[100.5635,13.739],[100.5635,13.7385],[100.5635,13.739]]]}},{"type":"Feature","properties":{"station":"Surasak","line":"BTS","band":"15"},"geometry":{"type":"Polygon","coordinates":[[[100.5145,13.715],[100.513,13.7145],[100.514,13.7165],[100.512,13.717],[100.514,13.7215],[100.5135,13.7225],[100.516,13.722],[100.5155,13.724],[100.516,13.725],[100.517,13.7245],[100.5175,13.7265],[100.518,13.726],[100.518,13.727],[100.519,13.7275],[100.52,13.727],[100.521,13.728],[100.523,13.7275],[100.524,13.728],[100.524,13.7255],[100.525,13.727],[100.5265,13.726],[100.5265,13.7245],[100.5275,13.725],[100.529,13.7235],[100.5285,13.7225],[100.5285,13.7235],[100.5295,13.724],[100.5305,13.7225],[100.532,13.7225],[100.531,13.72],[100.529,13.719],[100.528,13.7145],[100.5235,13.7155],[100.524,13.7145],[100.5235,13.7135],[100.5245,13.7125],[100.521,13.71],[100.5205,13.711],[100.5195,13.7105],[100.519,13.7115],[100.518,13.711],[100.518,13.712],[100.517,13.7125],[100.5185,13.7135],[100.517,13.714],[100.517,13.713],[100.515,13.7135],[100.5145,13.715]],[[100.5205,13.721],[100.52,13.721],[100.5205,13.721]],[[100.521,13.7195],[100.5205,13.72],[100.5205,13.7195],[100.521,13.7195]],[[100.5205,13.7145],[100.5205,13.714],[100.5205,13.7145]],[[100.5205,13.713],[100.5205,13.7125],[100.521,13.7125],[100.521,13.713],[100.5205,13.713]],[[100.5205,13.7115],[100.521,13.7115],[100.5205,13.712],[100.5205,13.7115]],[[100.5185,13.719]],[[100.519,13.716],[100.5195,13.7155],[100.5195,13.7165],[100.519,13.716]],[[100.5185,13.7145],[100.5185,13.714],[100.5185,13.7145]],[[100.5165,13.7215],[100.517,13.7215],[100.5165,13.7215]],[[100.5165,13.7205],[100.5175,13.72],[100.5165,13.7205]],[[100.516,13.719],[100.5165,13.719],[100.516,13.719]],[[100.5155,13.718],[100.516,13.7175],[100.516,13.718],[100.5155,13.718]],[[100.5155,13.7155],[100.516,13.7155],[100.5155,13.7155]],[[100.517,13.719],[100.5175,13.7185],[100.5175,13.719],[100.517,13.719]],[[100.5185,13.7165],[100.5175,13.717],[100.5175,13.7165],[100.518,13.7165],[100.5185,13.7165]],[[100.5175,13.7175],[100.5175,13.717],[100.5175,13.7175]],[[100.5175,13.7155],[100.517,13.7155],[100.5175,13.7155]],[[100.518,13.722],[100.518,13.721],[100.518,13.722]],[[100.5195,13.724]],[[100.5195,13.713]],[[100.5235,13.724],[100.524,13.724],[100.524,13.7245],[100.5235,13.724]],[[100.5245,13.721],[100.525,13.721],[100.5245,13.721]],[[100.5245,13.719],[100.524,13.7185],[100.5245,13.7185],[100.5245,13.719]],[[100.5225,13.7225]],[[100.523,13.719],[100.5215,13.7175],[100.522,13.717],[100.523,13.719]],[[100.522,13.7145],[100.5225,13.7145],[100.5225,13.715],[100.522,13.7145]],[[100.523,13.7125],[100.523,13.713],[100.522,13.713],[100.523,13.7125]],[[100.522,13.712],[100.5225,13.712],[100.522,13.712]],[[100.5215,13.722],[100.5215,13.7215],[100.522,13.7215],[100.5215,13.722]],[[100.521,13.718],[100.5215,13.718],[100.521,13.718]],[[100.523,13.7205],[100.524,13.7205],[100.524,13.721],[100.523,13.7205]],[[100.524,13.717]],[[100.5265,13.718],[100.5265,13.7185],[100.5265,13.718]],[[100.528,13.7165]],[[100.5255,13.7195],[100.525,13.719],[100.5255,13.7195]],[[100.525,13.7235]],[[100.525,13.7165]],[[100.5265,13.7175]],[[100.527,13.717]],[[100.5275,13.72]],[[100.5275,13.7215],[100.527,13.7215],[100.5275,13.7215]],[[100.529,13.72],[100.529,13.721],[100.529,13.72]],[[100.5295,13.7225],[100.529,13.7225],[100.5285,13.7225],[100.529,13.7225],[100.5295,13.7225]]]}},{"type":"Feature","properties":{"station":"Surasak","line":"BTS","band":"10"},"geometry":{"type":"Polygon","coordinates":[[[100.518,13.7155],[100.516,13.7165],[100.516,13.718],[100.5145,13.718],[100.5145,13.719],[100.5155,13.719],[100.516,13.7205],[100.5175,13.72],[100.516,13.7215],[100.517,13.721],[100.5175,13.722],[100.518,13.721],[100.5175,13.7225],[100.519,13.7235],[100.519,13.7245],[100.521,13.724],[100.5205,13.725],[100.522,13.7255],[100.5235,13.725],[100.525,13.722],[100.526,13.723],[100.527,13.7225],[100.527,13.7215],[100.5285,13.7215],[100.5275,13.7185],[100.5265,13.7185],[100.527,13.718],[100.526,13.716],[100.525,13.7165],[100.5255,13.7155],[100.5245,13.7165],[100.5215,13.7135],[100.5205,13.7145],[100.521,13.7135],[100.5195,13.713],[100.5195,13.714],[100.518,13.7145],[100.518,13.7155]],[[100.521,13.7225]],[[100.5215,13.718],[100.521,13.718],[100.5215,13.718]],[[100.5215,13.7175],[100.5225,13.717],[100.523,13.7185],[100.5215,13.7175]],[[100.519,13.7165],[100.519,13.716],[100.519,13.715],[100.5195,13.7155],[100.5195,13.7165],[100.519,13.7165]],[[100.5185,13.719]],[[100.5185,13.7165],[100.5175,13.717],[100.5175,13.7165],[100.518,13.7165],[100.5185,13.7165]],[[100.517,13.719],[100.5175,13.7185],[100.5175,13.719],[100.517,13.719]],[[100.5175,13.7175],[100.5175,13.717],[100.5175,13.7175]],[[100.5165,13.719],[100.516,13.719],[100.5165,13.719]],[[100.5205,13.721],[100.5205,13.7215],[100.5205,13.721]],[[100.5205,13.72],[100.5205,13.7195],[100.521,13.7195],[100.5205,13.72]],[[100.5225,13.7225]],[[100.523,13.7205],[100.524,13.7205],[100.524,13.721],[100.523,13.7205]],[[100.5215,13.722],[100.5215,13.7215],[100.522,13.7215],[100.5215,13.722]],[[100.525,13.721],[100.5245,13.721],[100.525,13.721]],[[100.5245,13.719],[100.524,13.7185],[100.5245,13.7185],[100.5245,13.719]],[[100.526,13.7175],[100.526,13.717],[100.526,13.7175]],[[100.524,13.717]],[[100.525,13.719],[100.5255,13.7195],[100.525,13.719]]]}},{"type":"Feature","properties":{"station":"Sutthisan","line":"","band":"15"},"geometry":{"type":"Polygon","coordinates":[[[100.567,13.7855],[100.565,13.789],[100.564,13.7895],[100.565,13.79],[100.565,13.791],[100.566,13.791],[100.566,13.792],[100.5665,13.791],[100.567,13.7925],[100.5685,13.7925],[100.568,13.7945],[100.57,13.7955],[100.5715,13.794],[100.5725,13.794],[100.572,13.7955],[100.5715,13.795],[100.571,13.796],[100.5735,13.797],[100.5745,13.801],[100.577,13.799],[100.576,13.7985],[100.5765,13.797],[100.575,13.7965],[100.578,13.797],[100.578,13.798],[100.579,13.7965],[100.5785,13.796],[100.58,13.7955],[100.577,13.795],[100.577,13.794],[100.5775,13.795],[100.578,13.7945],[100.5805,13.795],[100.581,13.7945],[100.58,13.794],[100.582,13.7925],[100.581,13.7915],[100.5825,13.7915],[100.5845,13.7895],[100.583,13.789],[100.5825,13.7875],[100.5805,13.788],[100.5815,13.786],[100.58,13.7855],[100.5795,13.7835],[100.577,13.784],[100.5765,13.7825],[100.5755,13.7825],[100.5765,13.7815],[100.5735,13.7785],[100.573,13.781],[100.5715,13.7805],[100.5705,13.781],[100.571,13.7835],[100.5705,13.785],[100.5685,13.7845],[100.567,13.785],[100.5685,13.786],[100.567,13.7855]],[[100.5745,13.786]],[[100.5745,13.7815]],[[100.572,13.7885],[100.5725,13.7885],[100.572,13.7885]],[[100.572,13.787]],[[100.5725,13.786],[100.5715,13.786],[100.5715,13.7855],[100.5725,13.786]],[[100.5715,13.785]],[[100.572,13.783],[100.572,13.782],[100.5735,13.7825],[100.572,13.783]],[[100.572,13.7815]],[[100.5695,13.787],[100.5705,13.787],[100.57,13.7875],[100.5695,13.787]],[[100.5705,13.786],[100.57,13.786],[100.5705,13.786]],[[100.568,13.788]],[[100.568,13.7875],[100.568,13.787],[100.568,13.7875]],[[100.5665,13.7905]],[[100.5685,13.789],[100.569,13.7885],[100.569,13.789],[100.5685,13.789]],[[100.569,13.786],[100.5695,13.786],[100.569,13.786]],[[100.569,13.792]],[[100.5705,13.795]],[[100.5715,13.7905],[100.5715,13.79],[100.5715,13.7905]],[[100.5715,13.7935]],[[100.5735,13.795],[100.5735,13.7945],[100.5735,13.795]],[[100.573,13.7935],[100.573,13.7915],[100.573,13.7935]],[[100.573,13.7895],[100.5735,13.7895],[100.573,13.7895]],[[100.5725,13.784]],[[100.577,13.791]],[[100.577,13.7905],[100.577,13.79],[100.5775,13.79],[100.577,13.7905]],[[100.575,13.7845],[100.575,13.785],[100.575,13.7845]],[[100.576,13.785]],[[100.578,13.796]],[[100.5785,13.7875],[100.5785,13.787],[100.5785,13.7875]],[[100.578,13.7855]],[[100.5785,13.7845],[100.578,13.7845],[100.5785,13.7845]],[[100.58,13.787],[100.58,13.7875],[100.58,13.787]]]}},{"type":"Feature","properties":{"station":"Sutthisan","line":"","band":"10"},"geometry":{"type":"Polygon","coordinates":[[[100.57,13.786],[100.5705,13.787],[100.57,13.7885],[100.5695,13.789],[100.569,13.788],[100.569,13.789],[100.5675,13.7895],[100.568,13.7905],[100.5695,13.79],[100.569,13.7915],[100.57,13.7925],[100.571,13.7925],[100.572,13.791],[100.5735,13.791],[100.573,13.795],[100.5735,13.7945],[100.575,13.7975],[100.575,13.796],[100.5755,13.7965],[100.576,13.7955],[100.577,13.7955],[100.576,13.794],[100.577,13.7935],[100.577,13.7945],[100.579,13.794],[100.5785,13.791],[100.58,13.791],[100.581,13.7895],[100.5795,13.789],[100.5785,13.786],[100.578,13.7865],[100.577,13.786],[100.577,13.785],[100.576,13.785],[100.5745,13.7835],[100.574,13.7815],[100.5735,13.783],[100.5715,13.7835],[100.5725,13.784],[100.5715,13.7855],[100.573,13.785],[100.573,13.7855],[100.57,13.786]],[[100.5745,13.786]],[[100.575,13.785],[100.575,13.7845],[100.575,13.785]],[[100.573,13.7895],[100.5735,13.7895],[100.573,13.7895]],[[100.5725,13.788],[100.572,13.7875],[100.572,13.787],[100.5725,13.7875],[100.5725,13.788]],[[100.571,13.7875]],[[100.5715,13.79],[100.5715,13.7905],[100.5715,13.79]],[[100.5725,13.7885],[100.572,13.7885],[100.5725,13.7885]],[[100.5755,13.787],[100.576,13.787],[100.5755,13.787]],[[100.577,13.7915],[100.577,13.791],[100.5775,13.791],[100.5775,13.7915],[100.577,13.7915]],[[100.577,13.7905],[100.577,13.79],[100.5775,13.79],[100.577,13.7905]]]}},{"type":"Feature","properties":{"station":"Suvarnabhumi","line":"ARL","band":"15"},"geometry":{"type":"Polygon","coordinates":[[[100.7475,13.6925],[100.747,13.693],[100.748,13.697],[100.7455,13.698],[100.7475,13.698],[100.7485,13.699],[100.749,13.6975],[100.751,13.7],[100.751,13.6985],[100.7535,13.698],[100.754,13.699],[100.755,13.696],[100.7575,13.695],[100.757,13.6945],[100.756,13.695],[100.755,13.691],[100.754,13.6905],[100.753,13.691],[100.753,13.692],[100.748,13.6935],[100.7475,13.6925]],[[100.7525,13.697],[100.7515,13.697],[100.7525,13.697]],[[100.751,13.696],[100.752,13.696],[100.7515,13.6965],[100.751,13.696]],[[100.75,13.695],[100.75,13.694],[100.7535,13.693],[100.754,13.694],[100.75,13.695]],[[100.7495,13.6965],[100.75,13.6965],[100.7505,13.6975],[100.7495,13.697],[100.7495,13.6965]],[[100.7485,13.6955],[100.7485,13.694],[100.7485,13.6955]],[[100.7535,13.697],[100.754,13.6965],[100.7535,13.697]],[[100.754,13.695]]]}},{"type":"Feature","properties":{"station":"Suvarnabhumi","line":"ARL","band":"10"},"geometry":{"type":"Polygon","coordinates":[[[100.7475,13.6925],[100.747,13.693],[100.7485,13.6975],[100.75,13.696],[100.749,13.6945],[100.7535,13.693],[100.754,13.694],[100.7525,13.695],[100.754,13.695],[100.754,13.6965],[100.756,13.6945],[100.755,13.6945],[100.754,13.6905],[100.753,13.691],[100.753,13.692],[100.748,13.6935],[100.7475,13.6925]],[[100.7485,13.6945],[100.7485,13.694],[100.749,13.6945],[100.7485,13.6955],[100.7485,13.6945]]]}},{"type":"Feature","properties":{"station":"Talad Bang Yai","line":"MRT","band":"15"},"geometry":{"type":"Polygon","coordinates":[[[100.404,13.876],[100.4025,13.877],[100.403,13.8775],[100.402,13.878],[100.401,13.8825],[100.4,13.8825],[100.4005,13.8835],[100.3995,13.884],[100.4005,13.884],[100.4015,13.8855],[100.4035,13.8855],[100.4025,13.886],[100.4045,13.887],[100.403,13.8875],[100.405,13.887],[100.4065,13.8905],[100.4075,13.89],[100.408,13.8915],[100.4125,13.8845],[100.414,13.8845],[100.415,13.882],[100.4145,13.8815],[100.4155,13.8815],[100.4155,13.8795],[100.415,13.88],[100.4145,13.879],[100.412,13.879],[100.414,13.8775],[100.4135,13.875],[100.414,13.874],[100.411,13.874],[100.411,13.872],[100.41,13.872],[100.41,13.871],[100.4095,13.872],[100.409,13.8715],[100.408,13.872],[100.408,13.8735],[100.405,13.8745],[100.4045,13.874],[100.4045,13.875],[100.4035,13.875],[100.404,13.876]],[[100.408,13.886],[100.408,13.8865],[100.4075,13.886],[100.408,13.886]],[[100.408,13.885]],[[100.408,13.8835]],[[100.4075,13.882],[100.4085,13.881],[100.4085,13.8815],[100.4075,13.882]],[[100.4085,13.88],[100.407,13.881],[100.407,13.8805],[100.4085,13.88]],[[100.408,13.877],[100.4085,13.877],[100.408,13.877]],[[100.409,13.8765],[100.4085,13.8765],[100.409,13.876],[100.409,13.8765]],[[100.4075,13.876],[100.408,13.874],[100.4085,13.875],[100.409,13.8745],[100.4075,13.876]],[[100.4055,13.884]],[[100.4065,13.878],[100.407,13.878],[100.4065,13.878]],[[100.405,13.884],[100.4045,13.8825],[100.4055,13.8835],[100.405,13.884]],[[100.404,13.8815],[100.4045,13.8815],[100.404,13.8815]],[[100.4045,13.8805],[100.4035,13.8805],[100.4045,13.8805]],[[100.4045,13.878],[100.4045,13.8785],[100.4045,13.878]],[[100.402,13.885]],[[100.4055,13.878]],[[100.407,13.8895]],[[100.407,13.8885],[100.4065,13.888],[100.4075,13.8875],[100.407,13.8885]],[[100.4065,13.886],[100.4065,13.8855],[100.4065,13.886]],[[100.407,13.885],[100.408,13.885],[100.4075,13.8855],[100.407,13.885]],[[100.4065,13.887],[100.406,13.8865],[100.4065,13.887]],[[100.4095,13.8825],[100.41,13.8825],[100.4095,13.8825]],[[100.4105,13.8795],[100.412,13.8795],[100.412,13.8805],[100.4105,13.8795]],[[100.4105,13.878],[100.4105,13.877],[100.413,13.8755],[100.4125,13.8775],[100.4105,13.878]],[[100.409,13.873]],[[100.4115,13.8845],[100.41,13.8855],[100.4105,13.8845],[100.4115,13.8845]],[[100.41,13.884],[100.4105,13.884],[100.41,13.884]],[[100.412,13.8835]],[[100.4145,13.881],[100.415,13.8805],[100.4145,13.881]]]}},{"type":"Feature","properties":{"station":"Talad Bang Yai","line":"MRT","band":"10"},"geometry":{"type":"Polygon","coordinates":[[[100.405,13.878],[100.405,13.8795],[100.404,13.88],[100.4045,13.8815],[100.403,13.882],[100.404,13.8835],[100.405,13.8825],[100.4055,13.884],[100.405,13.8845],[100.406,13.886],[100.408,13.885],[100.4075,13.887],[100.4085,13.888],[100.4105,13.8845],[100.411,13.885],[100.4125,13.884],[100.411,13.8815],[100.4115,13.8805],[100.4105,13.88],[100.4105,13.879],[100.412,13.8785],[100.4105,13.878],[100.4115,13.876],[100.4105,13.875],[100.41,13.876],[100.4095,13.874],[100.4085,13.8755],[100.409,13.8765],[100.407,13.876],[100.405,13.878]],[[100.408,13.8835]],[[100.4085,13.8815],[100.4075,13.882],[100.4085,13.881],[100.4085,13.8815]],[[100.4085,13.88],[100.4075,13.8805],[100.407,13.881],[100.4065,13.881],[100.407,13.8805],[100.4085,13.88]],[[100.407,13.878],[100.4065,13.878],[100.407,13.878]],[[100.408,13.877]],[[100.4095,13.8825],[100.41,13.8825],[100.4095,13.8825]],[[100.408,13.885]],[[100.41,13.884],[100.4105,13.884],[100.41,13.884]]]}},{"type":"Feature","properties":{"station":"Talat Phlu","line":"BTS","band":"15"},"geometry":{"type":"Polygon","coordinates":[[[100.471,13.7095],[100.4695,13.709],[100.4685,13.7095],[100.469,13.71],[100.468,13.7105],[100.4685,13.713],[100.4675,13.713],[100.467,13.714],[100.4695,13.714],[100.469,13.715],[100.4695,13.7155],[100.4705,13.715],[100.472,13.717],[100.473,13.716],[100.4725,13.7155],[100.474,13.715],[100.4745,13.7155],[100.474,13.716],[100.476,13.7165],[100.475,13.7195],[100.4725,13.718],[100.472,13.719],[100.471,13.719],[100.472,13.721],[100.473,13.72],[100.4735,13.7205],[100.473,13.7225],[100.476,13.722],[100.477,13.723],[100.478,13.7215],[100.479,13.7215],[100.4795,13.72],[100.4785,13.7205],[100.478,13.7195],[100.4785,13.7175],[100.4795,13.718],[100.479,13.72],[100.48,13.7175],[100.4805,13.719],[100.4825,13.718],[100.4815,13.717],[100.4815,13.7155],[100.4805,13.716],[100.481,13.7145],[100.479,13.714],[100.48,13.71],[100.4825,13.7065],[100.4805,13.707],[100.48,13.7065],[100.479,13.7075],[100.479,13.7065],[100.48,13.706],[100.479,13.7055],[100.4795,13.705],[100.479,13.704],[100.4785,13.705],[100.4775,13.705],[100.4775,13.707],[100.477,13.7055],[100.4745,13.707],[100.4745,13.708],[100.4765,13.708],[100.4775,13.71],[100.4735,13.7075],[100.472,13.7085],[100.4725,13.7095],[100.471,13.7095],[100.4705,13.7105],[100.471,13.7095]],[[100.475,13.7155],[100.4755,13.7155],[100.475,13.7155]],[[100.4755,13.715],[100.476,13.715],[100.4755,13.715]],[[100.4765,13.713],[100.476,13.7125],[100.4765,13.7125],[100.4765,13.713]],[[100.4765,13.711],[100.4765,13.7105],[100.4765,13.711]],[[100.4725,13.7115]],[[100.473,13.711]],[[100.473,13.7105],[100.4735,13.7085],[100.474,13.7095],[100.473,13.7095],[100.474,13.71],[100.473,13.7105]],[[100.4705,13.712],[100.4695,13.712],[100.4705,13.712]],[[100.4695,13.7105],[100.469,13.711],[100.4695,13.7105]],[[100.4695,13.7115]],[[100.472,13.71]],[[100.4745,13.712],[100.474,13.7125],[100.4745,13.712]],[[100.4745,13.7135],[100.4735,13.714],[100.473,13.713],[100.4745,13.7135]],[[100.476,13.7115],[100.475,13.711],[100.476,13.711],[100.476,13.7115]],[[100.476,13.7215],[100.4755,13.721],[100.476,13.7215]],[[100.478,13.7145],[100.4775,13.7145],[100.478,13.7145]],[[100.478,13.713]],[[100.4785,13.712],[100.4775,13.7115],[100.479,13.7105],[100.4785,13.712]],[[100.478,13.71]],[[100.4765,13.716],[100.477,13.7155],[100.4775,13.716],[100.477,13.716],[100.4765,13.716]],[[100.476,13.719],[100.476,13.7195],[100.476,13.719]],[[100.4775,13.7085]],[[100.4785,13.717],[100.479,13.717],[100.4785,13.717]],[[100.479,13.7145],[100.4805,13.7145],[100.4795,13.7155],[100.479,13.7145]],[[100.4785,13.7205]],[[100.48,13.7085],[100.4795,13.7085],[100.48,13.7085]]]}},{"type":"Feature","properties":{"station":"Talat Phlu","line":"BTS","band":"10"},"geometry":{"type":"Polygon","coordinates":[[[100.4725,13.712],[100.47,13.7125],[100.472,13.7135],[100.473,13.713],[100.4745,13.7135],[100.4735,13.714],[100.4745,13.7155],[100.474,13.716],[100.476,13.7165],[100.4745,13.7195],[100.4745,13.7205],[100.4755,13.721],[100.4765,13.7205],[100.476,13.719],[100.477,13.719],[100.477,13.72],[100.4785,13.719],[100.4785,13.717],[100.48,13.717],[100.4785,13.715],[100.48,13.7095],[100.478,13.709],[100.479,13.7085],[100.478,13.7075],[100.477,13.709],[100.4775,13.71],[100.4765,13.7105],[100.475,13.709],[100.473,13.711],[100.472,13.711],[100.4725,13.712]],[[100.476,13.715],[100.4755,13.715],[100.476,13.715]],[[100.4765,13.713],[100.476,13.7125],[100.4765,13.7125],[100.4765,13.713]],[[100.4765,13.711],[100.4765,13.7105],[100.4765,13.711]],[[100.4745,13.712],[100.474,13.7125],[100.4745,13.712]],[[100.475,13.711],[100.476,13.711],[100.476,13.7115],[100.475,13.711]],[[100.4715,13.713],[100.472,13.713],[100.4715,13.713]],[[100.475,13.7155],[100.4755,13.7155],[100.475,13.7155]],[[100.4775,13.7115],[100.479,13.7105],[100.4785,13.712],[100.4775,13.7115]],[[100.478,13.71]],[[100.4765,13.716],[100.477,13.7155],[100.4775,13.716],[100.477,13.716],[100.4765,13.716]],[[100.478,13.7145],[100.4775,13.7145],[100.478,13.7145]],[[100.478,13.713]]]}},{"type":"Feature","properties":{"station":"Tao Poon","line":"MRT","band":"15"},"geometry":{"type":"Polygon","coordinates":[[[100.5255,13.8045],[100.521,13.805],[100.5205,13.8055],[100.521,13.806],[100.5195,13.8065],[100.5205,13.807],[100.5205,13.808],[100.5215,13.8085],[100.5235,13.808],[100.524,13.8095],[100.5255,13.8095],[100.5255,13.8125],[100.527,13.812],[100.5265,13.814],[100.528,13.813],[100.5295,13.8135],[100.5295,13.8145],[100.532,13.817],[100.5325,13.8155],[100.533,13.816],[100.5345,13.814],[100.534,13.8135],[100.5355,13.814],[100.5355,13.813],[100.5375,13.8115],[100.537,13.811],[100.5385,13.8105],[100.537,13.8055],[100.54,13.805],[100.5395,13.803],[100.5405,13.802],[100.5395,13.8025],[100.539,13.801],[100.538,13.8015],[100.538,13.8025],[100.537,13.8025],[100.5365,13.8005],[100.5335,13.7995],[100.5345,13.7985],[100.532,13.798],[100.531,13.7985],[100.531,13.7995],[100.5285,13.8],[100.528,13.799],[100.527,13.799],[100.526,13.8],[100.5265,13.801],[100.525,13.801],[100.5255,13.8015],[100.5245,13.8015],[100.5245,13.8025],[100.5235,13.8025],[100.524,13.804],[100.526,13.804],[100.526,13.805],[100.5255,13.8045]],[[100.531,13.8055],[100.531,13.805],[100.5315,13.805],[100.531,13.8055]],[[100.531,13.801],[100.53,13.8005],[100.531,13.8005],[100.531,13.801]],[[100.5275,13.811],[100.527,13.811],[100.5275,13.811]],[[100.5275,13.806],[100.527,13.806],[100.5275,13.806]],[[100.524,13.806],[100.524,13.8055],[100.524,13.806]],[[100.522,13.8055]],[[100.5265,13.802]],[[100.53,13.803]],[[100.528,13.8115]],[[100.529,13.805]],[[100.5305,13.809]],[[100.5305,13.804],[100.53,13.8035],[100.5305,13.804]],[[100.5295,13.8105]],[[100.53,13.809]],[[100.5335,13.8045],[100.534,13.8045],[100.5335,13.8045]],[[100.535,13.801],[100.5355,13.8015],[100.535,13.8015],[100.535,13.801]],[[100.5325,13.812],[100.533,13.812],[100.5325,13.812]],[[100.5325,13.8115],[100.533,13.8115],[100.5325,13.8115]],[[100.533,13.8085]],[[100.532,13.8065],[100.5325,13.8065],[100.532,13.8065]],[[100.5325,13.805],[100.532,13.8055],[100.532,13.805],[100.5325,13.805]],[[100.532,13.7995],[100.5325,13.7995],[100.532,13.7995]],[[100.5335,13.799]],[[100.5345,13.8045],[100.535,13.804],[100.5355,13.8045],[100.5345,13.8045]],[[100.5355,13.8055],[100.5345,13.806],[100.5355,13.8055]],[[100.5365,13.807]]]}},{"type":"Feature","properties":{"station":"Tao Poon","line":"MRT","band":"10"},"geometry":{"type":"Polygon","coordinates":[[[100.5255,13.805],[100.523,13.806],[100.5235,13.807],[100.5245,13.807],[100.5245,13.808],[100.5255,13.807],[100.526,13.8085],[100.5275,13.8085],[100.527,13.8095],[100.5275,13.8105],[100.5305,13.812],[100.5315,13.8135],[100.5325,13.813],[100.5325,13.8115],[100.534,13.811],[100.5325,13.8105],[100.5325,13.8095],[100.5345,13.8105],[100.535,13.809],[100.537,13.8075],[100.536,13.805],[100.538,13.8035],[100.536,13.804],[100.5355,13.8025],[100.5335,13.8025],[100.533,13.801],[100.532,13.801],[100.5305,13.804],[100.529,13.8015],[100.526,13.8035],[100.5255,13.805]],[[100.527,13.806],[100.5275,13.806],[100.527,13.806]],[[100.529,13.805]],[[100.5295,13.8105]],[[100.53,13.809]],[[100.533,13.8085]],[[100.5325,13.8065],[100.532,13.8065],[100.5325,13.8065]],[[100.5325,13.805],[100.532,13.8055],[100.532,13.805],[100.5325,13.805]],[[100.5305,13.809]],[[100.531,13.8055],[100.531,13.805],[100.5315,13.805],[100.531,13.8055]],[[100.5345,13.804],[100.535,13.804],[100.5355,13.8045],[100.5345,13.8045],[100.5345,13.804]],[[100.534,13.8045],[100.5335,13.8045],[100.534,13.8045]],[[100.5355,13.8055],[100.5345,13.806],[100.5355,13.8055]]]}},{"type":"Feature","properties":{"station":"Tha Phra","line":"","band":"15"},"geometry":{"type":"Polygon","coordinates":[[[100.466,13.7235],[100.466,13.7245],[100.464,13.724],[100.4645,13.7265],[100.466,13.7265],[100.4655,13.728],[100.469,13.729],[100.467,13.73],[100.4655,13.729],[100.4655,13.73],[100.4675,13.731],[100.4655,13.7325],[100.4675,13.7335],[100.4675,13.7345],[100.469,13.736],[100.4705,13.736],[100.468,13.7365],[100.47,13.7375],[100.469,13.738],[100.4705,13.7395],[100.4735,13.7375],[100.4745,13.7355],[100.4745,13.738],[100.476,13.738],[100.4755,13.7375],[100.477,13.7365],[100.4775,13.7345],[100.477,13.738],[100.478,13.736],[100.4805,13.737],[100.482,13.7365],[100.4815,13.736],[100.482,13.735],[100.4805,13.7345],[100.482,13.7335],[100.481,13.733],[100.48,13.7345],[100.4795,13.733],[100.4805,13.732],[100.483,13.7325],[100.4835,13.731],[100.482,13.73],[100.483,13.729],[100.4845,13.7295],[100.485,13.728],[100.4845,13.7265],[100.4835,13.7265],[100.4835,13.7255],[100.483,13.726],[100.4825,13.725],[100.4815,13.725],[100.482,13.7235],[100.4805,13.724],[100.48,13.723],[100.4785,13.724],[100.4775,13.723],[100.4775,13.7225],[100.4795,13.723],[100.478,13.7195],[100.476,13.7205],[100.476,13.7215],[100.475,13.721],[100.475,13.7235],[100.474,13.723],[100.474,13.725],[100.4735,13.724],[100.471,13.723],[100.4705,13.724],[100.4695,13.7215],[100.4675,13.723],[100.469,13.7235],[100.4695,13.7245],[100.469,13.7255],[100.4675,13.725],[100.468,13.724],[100.466,13.7235]],[[100.4755,13.7345],[100.475,13.733],[100.476,13.7335],[100.4755,13.7345]],[[100.475,13.7305]],[[100.4755,13.73]],[[100.4715,13.738],[100.472,13.738],[100.4715,13.738]],[[100.4715,13.736],[100.472,13.7355],[100.472,13.7365],[100.4715,13.736]],[[100.4715,13.73],[100.472,13.7295],[100.472,13.73],[100.4715,13.73]],[[100.4715,13.7265]],[[100.471,13.7255]],[[100.4715,13.724],[100.4715,13.7235],[100.472,13.724],[100.4715,13.724]],[[100.469,13.728],[100.4695,13.728],[100.469,13.728]],[[100.4705,13.725],[100.4705,13.7245],[100.4705,13.725]],[[100.47,13.724]],[[100.467,13.7265]],[[100.4695,13.726],[100.4695,13.7265],[100.469,13.7265],[100.4695,13.726]],[[100.4665,13.726],[100.466,13.726],[100.4665,13.726]],[[100.4665,13.7265],[100.466,13.7265],[100.4665,13.7265]],[[100.4675,13.727],[100.468,13.727],[100.4675,13.727]],[[100.468,13.7275],[100.4685,13.727],[100.4685,13.7275],[100.468,13.7275]],[[100.4685,13.7305],[100.4685,13.73],[100.4695,13.73],[100.469,13.7305],[100.4685,13.7305]],[[100.468,13.7315],[100.4675,13.7315],[100.468,13.7315]],[[100.47,13.7335],[100.47,13.734],[100.47,13.7335]],[[100.473,13.7355],[100.4725,13.735],[100.473,13.735],[100.473,13.7355]],[[100.474,13.727],[100.474,13.7275],[100.474,13.727]],[[100.474,13.7255],[100.4745,13.7255],[100.474,13.726],[100.474,13.7255]],[[100.473,13.7275],[100.4735,13.7275],[100.473,13.7275]],[[100.473,13.7265],[100.4725,13.7265],[100.4725,13.726],[100.473,13.7265]],[[100.4725,13.7365],[100.4725,13.737],[100.4725,13.7365]],[[100.475,13.7255]],[[100.4775,13.7325],[100.4775,13.7335],[100.4775,13.7325]],[[100.4785,13.731],[100.4785,13.73],[100.479,13.7305],[100.4785,13.731]],[[100.478,13.73]],[[100.478,13.7215],[100.4775,13.7215],[100.478,13.7215]],[[100.476,13.735],[100.476,13.7345],[100.476,13.735]],[[100.4765,13.7335]],[[100.476,13.7325],[100.4765,13.7315],[100.4765,13.732],[100.476,13.7325]],[[100.4765,13.7225],[100.476,13.7225],[100.4765,13.7225]],[[100.476,13.722],[100.4755,13.722],[100.476,13.722]],[[100.4805,13.7305]],[[100.481,13.7265],[100.481,13.726],[100.481,13.7265]],[[100.479,13.735]],[[100.479,13.732]],[[100.479,13.7255],[100.479,13.725],[100.4795,13.725],[100.4795,13.7255],[100.479,13.7255]],[[100.4795,13.736]],[[100.482,13.727],[100.4815,13.727],[100.482,13.7265],[100.482,13.727]],[[100.483,13.727]]]}},{"type":"Feature","properties":{"station":"Tha Phra","line":"","band":"10"},"geometry":{"type":"Polygon","coordinates":[[[100.4695,13.725],[100.468,13.726],[100.4675,13.7255],[100.467,13.7265],[100.468,13.7265],[100.468,13.7275],[100.4685,13.727],[100.4675,13.7275],[100.468,13.729],[100.469,13.729],[100.468,13.73],[100.4695,13.73],[100.468,13.731],[100.4695,13.7325],[100.469,13.733],[100.47,13.7335],[100.47,13.735],[100.471,13.736],[100.473,13.735],[100.4735,13.736],[100.4755,13.735],[100.475,13.733],[100.476,13.7335],[100.4755,13.734],[100.4765,13.735],[100.478,13.734],[100.4785,13.735],[100.4795,13.7345],[100.479,13.732],[100.48,13.732],[100.4795,13.731],[100.48,13.7305],[100.479,13.73],[100.4795,13.7295],[100.481,13.73],[100.4815,13.7285],[100.4805,13.726],[100.479,13.726],[100.479,13.725],[100.477,13.724],[100.477,13.723],[100.475,13.723],[100.475,13.724],[100.474,13.7235],[100.474,13.725],[100.4735,13.724],[100.472,13.7245],[100.471,13.7235],[100.47,13.7245],[100.471,13.7255],[100.4695,13.725]],[[100.475,13.7305]],[[100.4755,13.73]],[[100.475,13.725],[100.475,13.7255],[100.475,13.7245],[100.475,13.725]],[[100.473,13.727],[100.4725,13.726],[100.473,13.7265],[100.473,13.727]],[[100.4715,13.73],[100.472,13.7295],[100.472,13.73],[100.4715,13.73]],[[100.4695,13.726],[100.4695,13.7265],[100.469,13.7265],[100.4695,13.726]],[[100.469,13.728],[100.4695,13.728],[100.469,13.728]],[[100.4715,13.7265]],[[100.474,13.727],[100.474,13.7275],[100.474,13.727]],[[100.474,13.7255],[100.4745,13.7255],[100.474,13.726],[100.474,13.7255]],[[100.4735,13.7275],[100.473,13.7275],[100.4735,13.7275]],[[100.4765,13.7335]],[[100.477,13.7265]],[[100.4775,13.7265],[100.4775,13.7255],[100.478,13.7255],[100.4775,13.7265]],[[100.476,13.7325],[100.4765,13.7315],[100.4765,13.732],[100.476,13.7325]],[[100.479,13.7305],[100.4785,13.7305],[100.4785,13.73],[100.479,13.7305]],[[100.478,13.73]],[[100.478,13.733],[100.4775,13.7335],[100.4775,13.7325],[100.478,13.733]]]}},{"type":"Feature","properties":{"station":"Thailand Cultural Centre","line":"","band":"15"},"geometry":{"type":"Polygon","coordinates":[[[100.5635,13.759],[100.5625,13.76],[100.563,13.7615],[100.5615,13.762],[100.562,13.763],[100.561,13.763],[100.5605,13.764],[100.5635,13.765],[100.564,13.766],[100.563,13.7665],[100.565,13.7675],[100.5645,13.7675],[100.565,13.7685],[100.566,13.7685],[100.5665,13.77],[100.566,13.7705],[100.565,13.77],[100.5655,13.772],[100.5665,13.7715],[100.5665,13.7725],[100.5675,13.7725],[100.568,13.772],[100.5675,13.7715],[100.569,13.7715],[100.5685,13.7745],[100.57,13.775],[100.5715,13.774],[100.572,13.775],[100.5715,13.7755],[100.5735,13.777],[100.575,13.775],[100.575,13.7735],[100.5765,13.773],[100.574,13.7685],[100.576,13.768],[100.576,13.77],[100.5795,13.767],[100.577,13.7665],[100.577,13.7645],[100.5735,13.7655],[100.574,13.765],[100.573,13.764],[100.5735,13.763],[100.576,13.7645],[100.576,13.7635],[100.5745,13.762],[100.576,13.761],[100.576,13.76],[100.5745,13.76],[100.5755,13.759],[100.575,13.7585],[100.5735,13.76],[100.573,13.759],[100.5735,13.758],[100.5725,13.757],[100.5715,13.7585],[100.572,13.76],[100.5715,13.7605],[100.57,13.7585],[100.5685,13.759],[100.568,13.7585],[100.5685,13.758],[100.5665,13.7555],[100.5645,13.756],[100.5645,13.7585],[100.5635,13.759]],[[100.5695,13.7665],[100.5695,13.766],[100.5695,13.7665]],[[100.5695,13.762],[100.57,13.763],[100.571,13.763],[100.57,13.7655],[100.5695,13.762]],[[100.569,13.761],[100.5685,13.761],[100.5695,13.761],[100.569,13.761]],[[100.5695,13.76],[100.5685,13.76],[100.5695,13.76]],[[100.566,13.758],[100.5665,13.759],[100.566,13.7595],[100.566,13.758]],[[100.5675,13.767],[100.5675,13.7665],[100.568,13.7665],[100.5675,13.767]],[[100.568,13.766]],[[100.568,13.761]],[[100.572,13.7735],[100.5725,13.774],[100.572,13.7735]],[[100.573,13.762],[100.5735,13.762],[100.5735,13.7625],[100.573,13.762]],[[100.5715,13.769],[100.571,13.7695],[100.5715,13.769]],[[100.5705,13.7685],[100.57,13.7685],[100.571,13.768],[100.5705,13.7685]],[[100.5725,13.7675],[100.571,13.766],[100.572,13.7645],[100.5725,13.7675]],[[100.572,13.762],[100.5715,13.762],[100.572,13.762]],[[100.5715,13.7605]],[[100.572,13.77],[100.5725,13.7705],[100.572,13.77]],[[100.5735,13.767],[100.5735,13.7665],[100.5745,13.766],[100.574,13.767],[100.5735,13.767]],[[100.575,13.767],[100.5755,13.767],[100.575,13.767]],[[100.575,13.7605]]]}},{"type":"Feature","properties":{"station":"Thailand Cultural Centre","line":"","band":"10"},"geometry":{"type":"Polygon","coordinates":[[[100.567,13.759],[100.5655,13.7595],[100.564,13.7625],[100.5645,13.7655],[100.5655,13.765],[100.566,13.7665],[100.567,13.7655],[100.567,13.7665],[100.568,13.7665],[100.5675,13.7685],[100.568,13.77],[100.5695,13.7705],[100.5705,13.7725],[100.5725,13.7725],[100.5735,13.7735],[100.5745,13.7705],[100.574,13.7685],[100.576,13.7675],[100.5745,13.7665],[100.5735,13.7675],[100.573,13.7655],[100.574,13.765],[100.573,13.764],[100.5735,13.7625],[100.573,13.7605],[100.571,13.761],[100.572,13.762],[100.5705,13.7625],[100.571,13.764],[100.57,13.7655],[100.5695,13.762],[100.5685,13.7615],[100.569,13.7605],[100.568,13.7605],[100.5685,13.76],[100.567,13.759]],[[100.5695,13.766],[100.5695,13.7665],[100.5695,13.766]],[[100.568,13.761]],[[100.568,13.766]],[[100.572,13.77],[100.5725,13.7705],[100.572,13.77]],[[100.5715,13.769],[100.571,13.7695],[100.5715,13.769]],[[100.5725,13.7675],[100.571,13.766],[100.572,13.7645],[100.5725,13.7675]],[[100.5705,13.7685],[100.57,13.7685],[100.571,13.768],[100.5705,13.7685]],[[100.5715,13.7625],[100.572,13.763],[100.5715,13.763],[100.5715,13.7625]],[[100.573,13.7725]]]}},{"type":"Feature","properties":{"station":"Thong Lo","line":"","band":"15"},"geometry":{"type":"Polygon","coordinates":[[[100.571,13.7215],[100.57,13.722],[100.5705,13.7245],[100.5715,13.725],[100.5725,13.724],[100.573,13.7265],[100.5715,13.7255],[100.572,13.7275],[100.571,13.726],[100.572,13.7285],[100.571,13.729],[100.571,13.7275],[100.5695,13.7275],[100.57,13.729],[100.5685,13.731],[100.57,13.731],[100.571,13.732],[100.5715,13.7305],[100.5725,13.7325],[100.573,13.731],[100.5735,13.733],[100.575,13.7325],[100.5755,13.7335],[100.5755,13.7325],[100.577,13.7345],[100.5775,13.7315],[100.578,13.7335],[100.5795,13.733],[100.5785,13.732],[100.5805,13.7335],[100.58,13.732],[100.5815,13.732],[100.5815,13.733],[100.5825,13.733],[100.5825,13.732],[100.5835,13.7315],[100.582,13.73],[100.5825,13.7285],[100.5815,13.7285],[100.583,13.728],[100.5825,13.7255],[100.5835,13.7265],[100.5845,13.726],[100.584,13.7255],[100.5845,13.725],[100.585,13.7255],[100.5855,13.7235],[100.587,13.7235],[100.586,13.722],[100.585,13.723],[100.5855,13.722],[100.585,13.7215],[100.5855,13.721],[100.5865,13.7215],[100.586,13.7205],[100.587,13.719],[100.588,13.719],[100.588,13.718],[100.5875,13.7175],[100.586,13.718],[100.5845,13.717],[100.5835,13.718],[100.583,13.7205],[100.5825,13.7195],[100.5835,13.719],[100.582,13.718],[100.581,13.7185],[100.581,13.7175],[100.582,13.718],[100.5825,13.7175],[100.5815,13.7165],[100.5825,13.7165],[100.5825,13.7155],[100.581,13.7155],[100.581,13.7145],[100.58,13.7145],[100.5805,13.7165],[100.5785,13.716],[100.5765,13.7165],[100.576,13.715],[100.576,13.716],[100.575,13.716],[100.575,13.7175],[100.573,13.7185],[100.5715,13.7205],[100.574,13.7215],[100.571,13.7215]],[[100.5785,13.7315],[100.5785,13.7305],[100.579,13.73],[100.579,13.7315],[100.5785,13.7315]],[[100.5785,13.728],[100.579,13.7275],[100.58,13.728],[100.5785,13.728]],[[100.5785,13.7265]],[[100.5785,13.7235],[100.578,13.7235],[100.5785,13.7235]],[[100.5785,13.7195],[100.5785,13.719],[100.579,13.7195],[100.5785,13.7195]],[[100.5785,13.7185],[100.579,13.7185],[100.5785,13.7185]],[[100.579,13.718],[100.5785,13.718],[100.579,13.718]],[[100.5785,13.717]],[[100.5765,13.7295],[100.576,13.729],[100.5765,13.7295]],[[100.576,13.728],[100.576,13.7275],[100.576,13.727],[100.576,13.728]],[[100.576,13.727],[100.576,13.7265],[100.576,13.727]],[[100.5765,13.7245],[100.576,13.7245],[100.5765,13.7245]],[[100.5765,13.7175]],[[100.574,13.731],[100.574,13.7315],[100.574,13.731]],[[100.574,13.7305],[100.5735,13.7305],[100.574,13.7285],[100.574,13.7305]],[[100.5735,13.7245],[100.5745,13.724],[100.575,13.7245],[100.5735,13.7245]],[[100.573,13.723],[100.573,13.7225],[100.574,13.723],[100.573,13.723]],[[100.5715,13.724],[100.5715,13.7235],[100.5715,13.724]],[[100.5725,13.73],[100.5725,13.7295],[100.5725,13.73]],[[100.574,13.7205]],[[100.573,13.72],[100.5735,13.7195],[100.573,13.72]],[[100.575,13.7185]],[[100.575,13.7215],[100.5745,13.721],[100.575,13.721],[100.575,13.7215]],[[100.575,13.72],[100.575,13.7195],[100.575,13.72]],[[100.574,13.72],[100.574,13.7195],[100.574,13.72]],[[100.575,13.7315],[100.575,13.731],[100.575,13.7315]],[[100.575,13.7305]],[[100.575,13.73]],[[100.5745,13.7295],[100.575,13.7295],[100.5745,13.7295]],[[100.575,13.7285]],[[100.575,13.727],[100.575,13.7275],[100.5745,13.7275],[100.575,13.727]],[[100.575,13.726],[100.5745,13.726],[100.575,13.726]],[[100.5745,13.7255],[100.5745,13.725],[100.575,13.725],[100.5745,13.7255]],[[100.5755,13.73]],[[100.5775,13.731],[100.5775,13.73],[100.5775,13.7305],[100.5775,13.731]],[[100.5775,13.729],[100.577,13.73],[100.577,13.729],[100.5775,13.729]],[[100.5775,13.7285],[100.5775,13.728],[100.5775,13.7285]],[[100.577,13.7265],[100.5775,13.7255],[100.577,13.727],[100.5775,13.7275],[100.577,13.7265]],[[100.5775,13.7175],[100.5775,13.717],[100.5775,13.7175]],[[100.5785,13.7165]],[[100.5785,13.7225],[100.579,13.722],[100.5785,13.7225]],[[100.5785,13.7205]],[[100.5815,13.727],[100.5805,13.7265],[100.582,13.7275],[100.5815,13.727]],[[100.582,13.726],[100.5805,13.726],[100.5805,13.7255],[100.581,13.7255],[100.582,13.726]],[[100.582,13.725],[100.5825,13.724],[100.5825,13.725],[100.582,13.725]],[[100.5815,13.7205]],[[100.581,13.72],[100.5815,13.719],[100.582,13.72],[100.581,13.72]],[[100.58,13.727]],[[100.5805,13.72],[100.5795,13.7205],[100.58,13.7195],[100.5805,13.72]],[[100.58,13.719],[100.58,13.7185],[100.5805,13.7185],[100.5805,13.719],[100.58,13.719]],[[100.5805,13.7175],[100.58,13.717],[100.5805,13.7175]],[[100.5795,13.7265]],[[100.5795,13.721]],[[100.58,13.7305],[100.58,13.73],[100.58,13.7295],[100.58,13.73],[100.58,13.7305]],[[100.5805,13.7245],[100.5805,13.725],[100.5805,13.7245]],[[100.583,13.723],[100.582,13.723],[100.5825,13.7225],[100.583,13.723]],[[100.5835,13.7235]],[[100.5855,13.72],[100.585,13.7205],[100.585,13.72],[100.5855,13.72]],[[100.5855,13.719],[100.5855,13.7185],[100.585,13.7185],[100.5855,13.719]],[[100.586,13.718],[100.5865,13.718],[100.586,13.718]]]}},{"type":"Feature","properties":{"station":"Thong Lo","line":"","band":"10"},"geometry":{"type":"Polygon","coordinates":[[[100.574,13.7215],[100.573,13.7225],[100.574,13.723],[100.572,13.7235],[100.5735,13.7255],[100.5715,13.7275],[100.5715,13.7295],[100.5725,13.729],[100.5735,13.7295],[100.574,13.7285],[100.574,13.7305],[100.5755,13.73],[100.5755,13.731],[100.577,13.731],[100.5775,13.73],[100.578,13.7315],[100.579,13.73],[100.5785,13.7295],[100.5795,13.7305],[100.58,13.7295],[100.5815,13.73],[100.5815,13.7285],[100.583,13.728],[100.581,13.727],[100.5805,13.7265],[100.582,13.726],[100.5805,13.7255],[100.5825,13.7255],[100.582,13.723],[100.5825,13.7225],[100.5835,13.7235],[100.5835,13.722],[100.5845,13.7215],[100.585,13.7195],[100.5835,13.7195],[100.583,13.7205],[100.582,13.7185],[100.5795,13.7175],[100.5785,13.718],[100.579,13.7195],[100.5775,13.72],[100.5775,13.719],[100.5765,13.7195],[100.576,13.7185],[100.574,13.721],[100.575,13.7215],[100.574,13.7215]],[[100.5795,13.728],[100.5785,13.728],[100.579,13.7275],[100.58,13.728],[100.5795,13.728]],[[100.5785,13.7265]],[[100.5785,13.7235],[100.578,13.7235],[100.5785,13.7235]],[[100.5785,13.7225],[100.5785,13.722],[100.579,13.722],[100.5785,13.7225]],[[100.5785,13.7205],[100.578,13.7205],[100.5785,13.7205]],[[100.5765,13.7295],[100.576,13.729],[100.5765,13.7295]],[[100.576,13.728],[100.576,13.7275],[100.576,13.727],[100.576,13.728]],[[100.5765,13.7245],[100.576,13.7245],[100.5765,13.7245]],[[100.5745,13.7295],[100.575,13.7295],[100.5745,13.7295]],[[100.575,13.727],[100.575,13.7275],[100.5745,13.7275],[100.575,13.727]],[[100.575,13.726],[100.574,13.726],[100.5745,13.725],[100.575,13.726]],[[100.5735,13.7245],[100.5745,13.724],[100.575,13.7245],[100.5735,13.7245]],[[100.576,13.727],[100.576,13.7265],[100.576,13.727]],[[100.575,13.7285]],[[100.577,13.73],[100.577,13.729],[100.5775,13.729],[100.5775,13.73],[100.577,13.73]],[[100.5775,13.7285],[100.5775,13.728],[100.5775,13.7285]],[[100.577,13.7265],[100.5775,13.7255],[100.577,13.727],[100.5775,13.7275],[100.577,13.7265]],[[100.5805,13.725]],[[100.58,13.72],[100.5795,13.7205],[100.5805,13.7195],[100.58,13.72]],[[100.5805,13.719],[100.58,13.719],[100.58,13.7185],[100.5805,13.7185],[100.5805,13.719]],[[100.58,13.727]],[[100.5795,13.7265]],[[100.5795,13.721]],[[100.581,13.72],[100.5815,13.719],[100.582,13.72],[100.581,13.72]],[[100.5815,13.7205]]]}},{"type":"Feature","properties":{"station":"Thung Song Hong","line":"SRT Red","band":"15"},"geometry":{"type":"Polygon","coordinates":[[[100.5625,13.8515],[100.5615,13.8525],[100.562,13.854],[100.5615,13.8545],[100.5635,13.856],[100.5655,13.86],[100.561,13.8595],[100.561,13.8635],[100.562,13.864],[100.5625,13.8635],[100.5635,13.8655],[100.5635,13.8635],[100.566,13.864],[100.5665,13.8635],[100.567,13.865],[100.568,13.865],[100.5675,13.8635],[100.568,13.8665],[100.567,13.8665],[100.5685,13.867],[100.5685,13.8685],[100.569,13.8675],[100.5725,13.8685],[100.573,13.868],[100.5705,13.865],[100.565,13.855],[100.566,13.855],[100.565,13.852],[100.563,13.851],[100.5625,13.8515]],[[100.563,13.854]],[[100.5625,13.853]],[[100.5675,13.8625],[100.5675,13.862],[100.5675,13.8625]],[[100.57,13.8665],[100.5695,13.866],[100.57,13.866],[100.57,13.8665]],[[100.5695,13.865],[100.569,13.8655],[100.568,13.8635],[100.5695,13.865]],[[100.571,13.8675],[100.5705,13.868],[100.5705,13.8675],[100.571,13.8675]]]}},{"type":"Feature","properties":{"station":"Thung Song Hong","line":"SRT Red","band":"10"},"geometry":{"type":"Polygon","coordinates":[[[100.565,13.855],[100.563,13.8555],[100.566,13.8615],[100.563,13.8605],[100.564,13.8615],[100.5635,13.8625],[100.5655,13.863],[100.5655,13.864],[100.566,13.863],[100.5675,13.865],[100.568,13.8645],[100.5675,13.8635],[100.569,13.866],[100.568,13.8635],[100.5695,13.865],[100.57,13.8645],[100.565,13.855]],[[100.5675,13.8625],[100.5675,13.862],[100.5675,13.8625]]]}},{"type":"Feature","properties":{"station":"Udom Suk","line":"","band":"15"},"geometry":{"type":"Polygon","coordinates":[[[100.606,13.672],[100.604,13.6725],[100.6035,13.6735],[100.6045,13.674],[100.604,13.6745],[100.6045,13.675],[100.6055,13.674],[100.607,13.675],[100.606,13.6745],[100.605,13.677],[100.604,13.677],[100.6035,13.681],[100.6055,13.682],[100.6045,13.6815],[100.604,13.6825],[100.603,13.6825],[100.605,13.6835],[100.604,13.6845],[100.6045,13.686],[100.605,13.685],[100.6065,13.685],[100.6055,13.684],[100.607,13.6825],[100.609,13.682],[100.6085,13.683],[100.6095,13.6835],[100.61,13.6855],[100.6075,13.6835],[100.607,13.684],[100.6075,13.685],[100.6085,13.685],[100.607,13.6855],[100.6095,13.687],[100.609,13.688],[100.6085,13.6875],[100.608,13.688],[100.609,13.6885],[100.609,13.69],[100.61,13.688],[100.611,13.6885],[100.611,13.6875],[100.6135,13.687],[100.6135,13.6855],[100.6145,13.685],[100.615,13.686],[100.6155,13.6845],[100.6165,13.6845],[100.6145,13.683],[100.6145,13.682],[100.614,13.683],[100.6135,13.6825],[100.6135,13.681],[100.6125,13.682],[100.613,13.681],[100.614,13.68],[100.6175,13.681],[100.6175,13.679],[100.6185,13.68],[100.6185,13.679],[100.6195,13.6785],[100.618,13.677],[100.6175,13.678],[100.6165,13.677],[100.6155,13.678],[100.6155,13.677],[100.6145,13.677],[100.6155,13.676],[100.614,13.6765],[100.614,13.6755],[100.612,13.674],[100.6105,13.674],[100.6105,13.675],[100.608,13.6755],[100.608,13.674],[100.6105,13.673],[100.608,13.671],[100.6075,13.6715],[100.608,13.6725],[100.607,13.6725],[100.606,13.671],[100.606,13.672]],[[100.6105,13.6785],[100.6095,13.6785],[100.609,13.678],[100.6105,13.678],[100.6105,13.6785]],[[100.611,13.677]],[[100.607,13.6795],[100.6075,13.679],[100.608,13.68],[100.607,13.6795]],[[100.6075,13.6775]],[[100.608,13.6775]],[[100.607,13.677],[100.606,13.677],[100.6075,13.677],[100.607,13.677]],[[100.6055,13.673],[100.605,13.673],[100.6055,13.673]],[[100.605,13.6805],[100.606,13.6795],[100.6065,13.681],[100.605,13.6805]],[[100.605,13.6775],[100.605,13.678],[100.605,13.6775]],[[100.6045,13.68],[100.6045,13.6805],[100.6045,13.68]],[[100.6055,13.6775],[100.6055,13.678],[100.6055,13.6775]],[[100.607,13.6815]],[[100.61,13.6775],[100.609,13.6775],[100.61,13.6775]],[[100.6085,13.679]],[[100.6085,13.676],[100.6085,13.6765],[100.6085,13.676]],[[100.609,13.6855],[100.609,13.686],[100.609,13.6855]],[[100.61,13.683]],[[100.6095,13.6865]],[[100.613,13.6765],[100.6135,13.6765],[100.613,13.6765]],[[100.6115,13.687],[100.611,13.6865],[100.6115,13.687]],[[100.611,13.6855],[100.6115,13.686],[100.611,13.6855]],[[100.611,13.683],[100.6115,13.6815],[100.612,13.6825],[100.611,13.683]],[[100.612,13.679]],[[100.6125,13.686]],[[100.6125,13.6835],[100.612,13.6835],[100.6125,13.6825],[100.6125,13.6835]],[[100.614,13.684]],[[100.614,13.6775],[100.6145,13.6775],[100.614,13.6775]],[[100.614,13.677]],[[100.614,13.6795],[100.614,13.679],[100.614,13.6795]],[[100.6155,13.68],[100.616,13.679],[100.616,13.68],[100.6155,13.68]],[[100.617,13.679]]]}},{"type":"Feature","properties":{"station":"Udom Suk","line":"","band":"10"},"geometry":{"type":"Polygon","coordinates":[[[100.608,13.6735],[100.6065,13.673],[100.607,13.675],[100.606,13.6745],[100.605,13.677],[100.604,13.6775],[100.605,13.6775],[100.6045,13.678],[100.6055,13.6785],[100.6065,13.6805],[100.606,13.682],[100.607,13.683],[100.609,13.682],[100.6085,13.683],[100.61,13.6845],[100.6095,13.686],[100.6105,13.6865],[100.613,13.6845],[100.611,13.683],[100.6115,13.681],[100.6125,13.6815],[100.614,13.681],[100.614,13.68],[100.616,13.678],[100.614,13.6775],[100.6125,13.6755],[100.6095,13.676],[100.608,13.6755],[100.6075,13.6745],[100.608,13.6735]],[[100.61,13.683]],[[100.6105,13.6785],[100.6095,13.6785],[100.609,13.678],[100.6105,13.678],[100.6105,13.6785]],[[100.611,13.677]],[[100.607,13.6795],[100.6075,13.679],[100.608,13.68],[100.607,13.6795]],[[100.6085,13.679]],[[100.61,13.6775],[100.609,13.6775],[100.61,13.6775]],[[100.607,13.677],[100.606,13.677],[100.6075,13.677],[100.607,13.677]],[[100.6055,13.6775],[100.6055,13.678],[100.6055,13.6775]],[[100.607,13.6815]],[[100.608,13.6775]],[[100.6085,13.676],[100.6085,13.6765],[100.6085,13.676]],[[100.6075,13.6775]],[[100.612,13.679]],[[100.614,13.6795],[100.614,13.679],[100.614,13.6795]]]}},{"type":"Feature","properties":{"station":"Vacharaphol","line":"MRT","band":"15"},"geometry":{"type":"Polygon","coordinates":[[[100.6375,13.852],[100.634,13.8535],[100.634,13.8545],[100.635,13.854],[100.635,13.855],[100.636,13.8555],[100.637,13.855],[100.6375,13.8535],[100.6385,13.856],[100.64,13.8555],[100.6395,13.856],[100.6405,13.8565],[100.641,13.8585],[100.642,13.853],[100.648,13.8535],[100.649,13.851],[100.6485,13.8495],[100.65,13.849],[100.6495,13.848],[100.651,13.848],[100.649,13.8465],[100.65,13.846],[100.6505,13.8465],[100.6515,13.845],[100.65,13.844],[100.6495,13.845],[100.6475,13.8445],[100.646,13.843],[100.6445,13.8435],[100.644,13.844],[100.645,13.845],[100.6435,13.8455],[100.644,13.8465],[100.643,13.846],[100.6405,13.8465],[100.645,13.8475],[100.6395,13.8465],[100.639,13.8475],[100.6385,13.847],[100.639,13.8485],[100.638,13.849],[100.639,13.8505],[100.6375,13.851],[100.6375,13.852]],[[100.642,13.8495],[100.6415,13.849],[100.643,13.8485],[100.642,13.8495]],[[100.64,13.852],[100.6395,13.852],[100.64,13.8515],[100.64,13.852]],[[100.6405,13.85],[100.6405,13.8485],[100.641,13.8495],[100.6405,13.85]],[[100.6405,13.8485],[100.6395,13.848],[100.641,13.848],[100.6405,13.8485]],[[100.6385,13.852]],[[100.6385,13.8535],[100.639,13.854],[100.6385,13.854],[100.6385,13.8535]],[[100.641,13.853],[100.6415,13.853],[100.641,13.853]],[[100.6405,13.8525],[100.6405,13.851],[100.641,13.852],[100.6405,13.8525]],[[100.6465,13.847],[100.646,13.8455],[100.647,13.845],[100.6465,13.847]],[[100.6435,13.848],[100.6435,13.8485],[100.6435,13.848]],[[100.648,13.8495],[100.648,13.849],[100.648,13.8495]],[[100.6475,13.846],[100.648,13.8455],[100.648,13.846],[100.6475,13.846]],[[100.648,13.8475],[100.648,13.847],[100.648,13.8475]]]}},{"type":"Feature","properties":{"station":"Vacharaphol","line":"MRT","band":"10"},"geometry":{"type":"Polygon","coordinates":[[[100.6405,13.8485],[100.641,13.8495],[100.6405,13.8505],[100.637,13.8525],[100.6385,13.852],[100.641,13.8545],[100.642,13.853],[100.647,13.8535],[100.647,13.8525],[100.645,13.852],[100.648,13.8525],[100.649,13.851],[100.648,13.8475],[100.6485,13.8465],[100.647,13.8455],[100.6465,13.847],[100.6455,13.8455],[100.644,13.847],[100.645,13.8475],[100.644,13.8475],[100.6435,13.8485],[100.643,13.8475],[100.6415,13.8475],[100.6405,13.8485]],[[100.6415,13.853],[100.641,13.853],[100.6415,13.8525],[100.6415,13.853]],[[100.6415,13.852],[100.6405,13.8525],[100.6405,13.8515],[100.6395,13.852],[100.641,13.851],[100.6415,13.852]],[[100.642,13.8495],[100.6415,13.849],[100.643,13.8485],[100.642,13.8495]],[[100.6405,13.853],[100.64,13.853],[100.6405,13.8525],[100.6405,13.853]],[[100.648,13.8495],[100.648,13.849],[100.648,13.8495]]]}},{"type":"Feature","properties":{"station":"Victory Monument","line":"","band":"15"},"geometry":{"type":"Polygon","coordinates":[[[100.5305,13.7575],[100.529,13.7605],[100.531,13.7605],[100.532,13.7635],[100.5315,13.764],[100.5305,13.761],[100.5295,13.762],[100.529,13.7615],[100.5285,13.763],[100.529,13.765],[100.5275,13.765],[100.5275,13.766],[100.53,13.766],[100.5305,13.7675],[100.53,13.769],[100.532,13.7685],[100.5325,13.77],[100.5335,13.7695],[100.533,13.77],[100.5335,13.7705],[100.5345,13.77],[100.5355,13.771],[100.5375,13.77],[100.5375,13.769],[100.5375,13.77],[100.539,13.771],[100.541,13.771],[100.542,13.772],[100.5415,13.7695],[100.5435,13.77],[100.5435,13.7675],[100.5445,13.7675],[100.545,13.765],[100.5455,13.7655],[100.547,13.7635],[100.5455,13.763],[100.5465,13.762],[100.546,13.761],[100.5445,13.761],[100.545,13.76],[100.5435,13.7595],[100.544,13.758],[100.543,13.758],[100.543,13.756],[100.5395,13.7565],[100.5385,13.7555],[100.538,13.7565],[100.532,13.7535],[100.531,13.7545],[100.5315,13.756],[100.5305,13.7565],[100.531,13.757],[100.5305,13.7575]],[[100.538,13.7635],[100.538,13.763],[100.538,13.7635]],[[100.5375,13.7625],[100.5375,13.763],[100.5375,13.7625]],[[100.538,13.7615]],[[100.538,13.7595],[100.538,13.76],[100.5375,13.7595],[100.538,13.7595]],[[100.534,13.769],[100.5335,13.7685],[100.534,13.7685],[100.5345,13.769],[100.534,13.769]],[[100.534,13.7655]],[[100.5345,13.765],[100.5335,13.765],[100.533,13.764],[100.5345,13.765]],[[100.534,13.76],[100.5345,13.76],[100.534,13.76]],[[100.5325,13.7615],[100.5325,13.762],[100.532,13.7615],[100.5325,13.7615]],[[100.534,13.7595],[100.5315,13.7605],[100.532,13.7595],[100.534,13.7595]],[[100.5325,13.758],[100.532,13.7575],[100.533,13.7575],[100.5325,13.758]],[[100.532,13.7665],[100.5325,13.7655],[100.533,13.7665],[100.532,13.7665]],[[100.5305,13.7635],[100.53,13.7625],[100.5305,13.7635]],[[100.535,13.7695],[100.5355,13.769],[100.535,13.7695]],[[100.535,13.767],[100.5355,13.7675],[100.535,13.767]],[[100.536,13.765],[100.535,13.7635],[100.536,13.7645],[100.5365,13.763],[100.537,13.765],[100.536,13.765]],[[100.5345,13.768]],[[100.537,13.7685],[100.5365,13.7685],[100.5365,13.768],[100.537,13.7685]],[[100.536,13.758],[100.5365,13.7585],[100.536,13.758]],[[100.537,13.7615]],[[100.537,13.759],[100.5375,13.759],[100.537,13.759]],[[100.5405,13.77],[100.5405,13.7705],[100.5405,13.77]],[[100.5405,13.758],[100.5405,13.7575],[100.5405,13.758]],[[100.5385,13.7625],[100.5385,13.762],[100.5385,13.763],[100.5385,13.7625]],[[100.5385,13.761]],[[100.538,13.7675],[100.538,13.767],[100.538,13.7675]],[[100.5385,13.765],[100.538,13.765],[100.538,13.7645],[100.5385,13.765]],[[100.5395,13.7625]],[[100.54,13.767]],[[100.54,13.7635]],[[100.5405,13.7625]],[[100.5395,13.7615],[100.54,13.7615],[100.5395,13.7615]],[[100.542,13.7655],[100.5415,13.7655],[100.5415,13.7645],[100.542,13.7655]],[[100.5415,13.7685],[100.5415,13.769],[100.541,13.7685],[100.5415,13.7685]],[[100.541,13.7685]],[[100.541,13.757],[100.5415,13.757],[100.5415,13.7575],[100.541,13.757]],[[100.541,13.7685]],[[100.542,13.7585]],[[100.542,13.7595],[100.5415,13.76],[100.5415,13.7595],[100.542,13.7595]],[[100.543,13.7675],[100.543,13.767],[100.543,13.7675]],[[100.5435,13.7625],[100.5435,13.762],[100.544,13.7625],[100.5435,13.7625]],[[100.5435,13.761],[100.544,13.7615],[100.5435,13.761]]]}},{"type":"Feature","properties":{"station":"Victory Monument","line":"","band":"10"},"geometry":{"type":"Polygon","coordinates":[[[100.5335,13.7565],[100.5325,13.759],[100.534,13.7595],[100.532,13.7605],[100.5325,13.762],[100.5315,13.7625],[100.532,13.7635],[100.5305,13.7645],[100.532,13.7645],[100.534,13.768],[100.535,13.767],[100.536,13.7685],[100.5375,13.7675],[100.5375,13.7685],[100.539,13.769],[100.5405,13.7685],[100.541,13.768],[100.54,13.767],[100.5415,13.7645],[100.5425,13.7655],[100.543,13.7645],[100.5425,13.7635],[100.5435,13.763],[100.5435,13.762],[100.541,13.7615],[100.5415,13.76],[100.541,13.7585],[100.5405,13.759],[100.5395,13.758],[100.539,13.7595],[100.538,13.7575],[100.5365,13.7585],[100.536,13.757],[100.5335,13.7565]],[[100.5365,13.765],[100.535,13.7635],[100.536,13.7645],[100.5365,13.763],[100.5365,13.765]],[[100.538,13.7625],[100.5375,13.7625],[100.538,13.7625]],[[100.537,13.7615]],[[100.5375,13.7595],[100.538,13.7595],[100.538,13.76],[100.5375,13.7595]],[[100.537,13.759],[100.5375,13.7585],[100.5375,13.759],[100.537,13.759]],[[100.5345,13.765],[100.534,13.7655],[100.533,13.764],[100.5345,13.765]],[[100.534,13.76],[100.5345,13.76],[100.534,13.76]],[[100.5395,13.7625],[100.5395,13.763],[100.5395,13.7625]],[[100.538,13.767]],[[100.538,13.765],[100.5385,13.765],[100.538,13.765]],[[100.538,13.7635]],[[100.5385,13.762],[100.5385,13.763],[100.5385,13.762]],[[100.5385,13.761]],[[100.538,13.7615]],[[100.5405,13.7625]],[[100.5395,13.7615],[100.54,13.7615],[100.5395,13.7615]],[[100.54,13.7635]]]}},{"type":"Feature","properties":{"station":"Wat Mangkon","line":"","band":"15"},"geometry":{"type":"Polygon","coordinates":[[[100.5025,13.739],[100.5015,13.7445],[100.502,13.745],[100.501,13.7455],[100.502,13.746],[100.501,13.747],[100.5045,13.75],[100.5055,13.749],[100.5075,13.75],[100.5085,13.7495],[100.509,13.7505],[100.511,13.7495],[100.5115,13.7505],[100.5135,13.7505],[100.515,13.75],[100.5145,13.7495],[100.5175,13.7465],[100.5165,13.739],[100.5175,13.7405],[100.5175,13.739],[100.5185,13.7395],[100.519,13.737],[100.5175,13.7365],[100.5175,13.7355],[100.5165,13.736],[100.516,13.7345],[100.515,13.735],[100.5145,13.734],[100.513,13.7345],[100.5115,13.734],[100.508,13.7375],[100.5025,13.739]],[[100.513,13.7455],[100.513,13.745],[100.513,13.7455]],[[100.513,13.744],[100.5135,13.744],[100.513,13.744]],[[100.51,13.7455],[100.51,13.746],[100.51,13.7455]],[[100.51,13.743]],[[100.5055,13.745],[100.506,13.745],[100.5065,13.7445],[100.5055,13.745]],[[100.505,13.7415],[100.5055,13.741],[100.505,13.742],[100.505,13.7415]],[[100.5035,13.7415],[100.5035,13.742],[100.503,13.7415],[100.5035,13.7415]],[[100.505,13.7455],[100.504,13.7455],[100.5045,13.7445],[100.505,13.7455]],[[100.5035,13.744],[100.504,13.744],[100.5035,13.744]],[[100.508,13.7465],[100.5075,13.747],[100.508,13.7465]],[[100.507,13.744]],[[100.5085,13.7405],[100.509,13.7405],[100.5085,13.7405]],[[100.507,13.739]],[[100.5085,13.739],[100.5085,13.7385],[100.5085,13.739]],[[100.5085,13.7415]],[[100.5075,13.7435]],[[100.508,13.7455],[100.508,13.746],[100.508,13.7455]],[[100.5095,13.745]],[[100.512,13.742],[100.5125,13.742],[100.512,13.742]],[[100.5105,13.748]],[[100.511,13.744]],[[100.5115,13.7405],[100.5115,13.74],[100.5115,13.7405]],[[100.515,13.7435],[100.515,13.743],[100.5155,13.743],[100.5155,13.7435],[100.515,13.7435]],[[100.515,13.741],[100.5145,13.741],[100.515,13.741]],[[100.5145,13.747],[100.514,13.747],[100.5145,13.747]],[[100.514,13.744]]]}},{"type":"Feature","properties":{"station":"Wat Mangkon","line":"","band":"10"},"geometry":{"type":"Polygon","coordinates":[[[100.506,13.738],[100.505,13.7395],[100.5055,13.7425],[100.5045,13.7425],[100.505,13.7455],[100.5045,13.746],[100.5065,13.747],[100.507,13.746],[100.5075,13.747],[100.508,13.7465],[100.512,13.748],[100.513,13.7475],[100.5135,13.746],[100.5125,13.7455],[100.5155,13.7445],[100.515,13.743],[100.516,13.7425],[100.516,13.7415],[100.5145,13.741],[100.516,13.741],[100.5155,13.738],[100.5145,13.7375],[100.5135,13.7385],[100.514,13.738],[100.5135,13.737],[100.5115,13.7365],[100.511,13.737],[100.5095,13.736],[100.508,13.7375],[100.506,13.738]],[[100.5115,13.7405]],[[100.5115,13.739],[100.5115,13.7385],[100.5115,13.739]],[[100.5095,13.745]],[[100.5055,13.745],[100.5055,13.7445],[100.506,13.745],[100.506,13.7445],[100.5055,13.745]],[[100.5085,13.7415]],[[100.5085,13.739],[100.5085,13.7385],[100.5085,13.739]],[[100.507,13.7385],[100.507,13.739],[100.507,13.7385]],[[100.508,13.746],[100.508,13.7455],[100.508,13.746]],[[100.5075,13.7435]],[[100.507,13.744]],[[100.5085,13.7405],[100.509,13.7405],[100.5085,13.7405]],[[100.51,13.7455],[100.51,13.746],[100.51,13.7455]],[[100.51,13.743]],[[100.511,13.744]],[[100.5135,13.744],[100.513,13.744],[100.5135,13.744]],[[100.512,13.742],[100.5125,13.742],[100.512,13.742]],[[100.514,13.744]]]}},{"type":"Feature","properties":{"station":"Wat Phra Sri Mahathat","line":"BTS; MRT","band":"15"},"geometry":{"type":"Polygon","coordinates":[[[100.591,13.869],[100.5895,13.87],[100.589,13.8715],[100.59,13.872],[100.59,13.873],[100.591,13.873],[100.59,13.8735],[100.589,13.873],[100.5895,13.875],[100.5885,13.8765],[100.589,13.877],[100.5895,13.8765],[100.59,13.877],[100.5895,13.8775],[100.5905,13.878],[100.59,13.879],[100.589,13.878],[100.5885,13.8805],[100.591,13.881],[100.5935,13.88],[100.5925,13.881],[100.5935,13.8815],[100.592,13.8825],[100.594,13.882],[100.5945,13.8825],[100.5935,13.883],[100.594,13.8835],[100.597,13.881],[100.599,13.8815],[100.599,13.8825],[100.6,13.882],[100.6005,13.8825],[100.599,13.8835],[100.602,13.8845],[100.6025,13.8835],[100.602,13.883],[100.603,13.883],[100.604,13.881],[100.602,13.88],[100.604,13.8795],[100.604,13.8785],[100.605,13.878],[100.6045,13.876],[100.6055,13.876],[100.6045,13.8735],[100.6035,13.873],[100.605,13.8725],[100.6045,13.871],[100.6055,13.8705],[100.6045,13.869],[100.598,13.873],[100.597,13.8715],[100.598,13.871],[100.5975,13.87],[100.598,13.869],[100.597,13.8675],[100.596,13.868],[100.5955,13.867],[100.594,13.867],[100.5935,13.8695],[100.591,13.8665],[100.5905,13.868],[100.5915,13.868],[100.591,13.869],[100.5915,13.87],[100.591,13.869]],[[100.596,13.8805],[100.596,13.88],[100.596,13.8805]],[[100.5965,13.879],[100.596,13.8795],[100.5965,13.878],[100.5965,13.879]],[[100.597,13.874],[100.5965,13.874],[100.597,13.8735],[100.597,13.874]],[[100.594,13.876],[100.5935,13.8765],[100.593,13.8765],[100.594,13.876]],[[100.5945,13.8705],[100.5945,13.871],[100.5945,13.8705]],[[100.595,13.869],[100.595,13.8685],[100.595,13.869]],[[100.591,13.8775],[100.593,13.8775],[100.5915,13.878],[100.591,13.8775]],[[100.5915,13.8725],[100.5915,13.872],[100.592,13.872],[100.5915,13.8725]],[[100.592,13.8705],[100.5915,13.8705],[100.592,13.8705]],[[100.5905,13.875],[100.59,13.875],[100.5905,13.8745],[100.5905,13.875]],[[100.591,13.8745],[100.591,13.874],[100.5915,13.874],[100.591,13.8745]],[[100.5915,13.8675],[100.5915,13.868],[100.5915,13.8675]],[[100.5925,13.8735],[100.593,13.8735],[100.5925,13.8735]],[[100.593,13.8725],[100.5935,13.872],[100.593,13.8725]],[[100.593,13.879],[100.5925,13.8785],[100.593,13.879]],[[100.594,13.8785],[100.594,13.878],[100.594,13.8785]],[[100.5955,13.8805],[100.595,13.8795],[100.5945,13.8795],[100.595,13.8795],[100.5955,13.8805]],[[100.5955,13.876],[100.595,13.8755],[100.595,13.875],[100.5955,13.876]],[[100.596,13.872]],[[100.5965,13.872],[100.597,13.873],[100.5965,13.872]],[[100.597,13.8685],[100.5965,13.869],[100.5965,13.8685],[100.597,13.8685]],[[100.6,13.8795],[100.6005,13.879],[100.601,13.8795],[100.6,13.88],[100.6,13.8795]],[[100.5975,13.8805],[100.598,13.8805],[100.5975,13.8805]],[[100.597,13.8755]],[[100.597,13.877]],[[100.599,13.878]],[[100.599,13.877],[100.599,13.8765],[100.599,13.877]],[[100.599,13.874],[100.5985,13.8735],[100.599,13.874]],[[100.5985,13.8775]],[[100.5995,13.8775]],[[100.6025,13.8775],[100.602,13.878],[100.602,13.8775],[100.6025,13.8775]],[[100.6015,13.873],[100.6015,13.8735],[100.6015,13.873]],[[100.602,13.872]],[[100.6005,13.8805]],[[100.6035,13.8765],[100.6035,13.876],[100.604,13.876],[100.6035,13.8765]],[[100.604,13.872],[100.6035,13.872],[100.604,13.872]],[[100.604,13.871]]]}},{"type":"Feature","properties":{"station":"Wat Phra Sri Mahathat","line":"BTS; MRT","band":"10"},"geometry":{"type":"Polygon","coordinates":[[[100.5935,13.869],[100.5925,13.869],[100.593,13.8705],[100.5925,13.87],[100.592,13.871],[100.5925,13.872],[100.5915,13.8725],[100.593,13.8735],[100.5915,13.875],[100.5925,13.8755],[100.591,13.877],[100.593,13.8775],[100.5915,13.8785],[100.593,13.879],[100.594,13.878],[100.5965,13.8815],[100.5975,13.881],[100.5995,13.882],[100.6005,13.8815],[100.6,13.8805],[100.601,13.88],[100.6,13.8795],[100.602,13.8775],[100.6015,13.876],[100.603,13.8755],[100.603,13.8745],[100.601,13.874],[100.6025,13.871],[100.601,13.871],[100.598,13.873],[100.5965,13.8705],[100.5945,13.8695],[100.594,13.87],[100.5935,13.869]],[[100.5965,13.879],[100.596,13.8795],[100.5965,13.878],[100.5965,13.879]],[[100.597,13.8755]],[[100.595,13.8755],[100.595,13.875],[100.5955,13.876],[100.595,13.8755]],[[100.5935,13.8765],[100.593,13.8765],[100.594,13.876],[100.5935,13.8765]],[[100.5945,13.8705],[100.5945,13.871],[100.5945,13.8705]],[[100.593,13.8725],[100.5935,13.872],[100.593,13.8725]],[[100.596,13.88],[100.596,13.8805],[100.596,13.88]],[[100.596,13.872]],[[100.5965,13.874],[100.597,13.8735],[100.597,13.874],[100.5965,13.874]],[[100.5965,13.872],[100.597,13.873],[100.5965,13.872]],[[100.5975,13.8805],[100.598,13.8805],[100.5975,13.8805]],[[100.599,13.878]],[[100.5985,13.8775]],[[100.5985,13.8735]],[[100.597,13.877]],[[100.5995,13.8775]],[[100.599,13.877],[100.599,13.8765],[100.599,13.877]]]}},{"type":"Feature","properties":{"station":"Wat Samian Nari","line":"SRT Red","band":"15"},"geometry":{"type":"Polygon","coordinates":[[[100.5525,13.8325],[100.5515,13.835],[100.553,13.837],[100.5515,13.8365],[100.551,13.8375],[100.5515,13.8385],[100.5495,13.839],[100.549,13.8405],[100.55,13.8405],[100.5495,13.8415],[100.55,13.842],[100.551,13.84],[100.5525,13.843],[100.5535,13.8435],[100.555,13.8405],[100.556,13.8425],[100.5585,13.844],[100.558,13.8445],[100.5605,13.8475],[100.558,13.8495],[100.5605,13.85],[100.5605,13.849],[100.5625,13.8505],[100.563,13.85],[100.5625,13.847],[100.5615,13.8475],[100.5625,13.8465],[100.562,13.846],[100.561,13.8465],[100.559,13.844],[100.5595,13.8425],[100.562,13.8405],[100.5615,13.8395],[100.5605,13.8395],[100.561,13.838],[100.56,13.8385],[100.559,13.838],[100.5585,13.836],[100.557,13.8355],[100.557,13.8325],[100.5555,13.834],[100.556,13.8355],[100.555,13.8355],[100.554,13.8335],[100.5525,13.8325]],[[100.557,13.839],[100.5575,13.8405],[100.5565,13.839],[100.557,13.839]],[[100.5555,13.836],[100.556,13.836],[100.556,13.837],[100.5555,13.8365],[100.5555,13.836]],[[100.553,13.838],[100.5535,13.838],[100.553,13.838]],[[100.5565,13.842],[100.5565,13.8415],[100.5565,13.842]],[[100.556,13.837],[100.5565,13.8375],[100.5565,13.838],[100.556,13.837]],[[100.556,13.8405],[100.5565,13.841],[100.556,13.8415],[100.556,13.8405]],[[100.5585,13.839],[100.559,13.839],[100.5595,13.839],[100.559,13.8395],[100.5585,13.839]],[[100.5595,13.8415]]]}},{"type":"Feature","properties":{"station":"Wat Samian Nari","line":"SRT Red","band":"10"},"geometry":{"type":"Polygon","coordinates":[[[100.5545,13.8355],[100.5525,13.84],[100.5535,13.8405],[100.554,13.8395],[100.555,13.8395],[100.5555,13.8415],[100.5565,13.8405],[100.556,13.8425],[100.558,13.8435],[100.558,13.8445],[100.561,13.8475],[100.5565,13.839],[100.558,13.8415],[100.5585,13.8385],[100.5575,13.8385],[100.5575,13.8365],[100.556,13.837],[100.5545,13.8355]],[[100.5565,13.838],[100.556,13.837],[100.5565,13.8375],[100.5565,13.838]]]}},{"type":"Feature","properties":{"station":"Wong Sawang","line":"","band":"15"},"geometry":{"type":"Polygon","coordinates":[[[100.522,13.828],[100.52,13.8285],[100.5205,13.829],[100.52,13.831],[100.5215,13.8305],[100.5205,13.832],[100.5215,13.8315],[100.521,13.834],[100.519,13.834],[100.5195,13.835],[100.5185,13.836],[100.52,13.837],[100.5215,13.837],[100.5215,13.836],[100.524,13.836],[100.524,13.835],[100.526,13.8355],[100.5265,13.8365],[100.5305,13.8335],[100.531,13.8345],[100.532,13.834],[100.532,13.833],[100.531,13.8325],[100.53,13.833],[100.5305,13.8315],[100.5325,13.8315],[100.532,13.8325],[100.5325,13.833],[100.536,13.8305],[100.535,13.83],[100.5355,13.827],[100.534,13.8265],[100.5355,13.8255],[100.534,13.825],[100.533,13.822],[100.531,13.823],[100.5315,13.824],[100.529,13.8235],[100.5295,13.8245],[100.522,13.823],[100.523,13.825],[100.5225,13.826],[100.5235,13.826],[100.524,13.827],[100.523,13.829],[100.526,13.8265],[100.523,13.8295],[100.522,13.829],[100.522,13.828]],[[100.5275,13.831],[100.5275,13.8305],[100.528,13.8305],[100.5275,13.831]],[[100.5235,13.835],[100.523,13.835],[100.5235,13.8345],[100.5235,13.835]],[[100.5235,13.8345],[100.524,13.8345],[100.5235,13.8345]],[[100.5235,13.8335]],[[100.524,13.8315],[100.524,13.831],[100.5245,13.831],[100.524,13.8315]],[[100.522,13.835],[100.5215,13.835],[100.522,13.835]],[[100.5225,13.8345],[100.523,13.8345],[100.5225,13.8345]],[[100.523,13.8305],[100.5225,13.8305],[100.523,13.83],[100.523,13.8305]],[[100.525,13.8245]],[[100.524,13.824],[100.5245,13.824],[100.524,13.8235],[100.524,13.824]],[[100.525,13.8325],[100.525,13.833],[100.525,13.8325]],[[100.5255,13.825]],[[100.526,13.835],[100.5265,13.835],[100.526,13.835]],[[100.5265,13.8305],[100.527,13.8305],[100.5265,13.8305]],[[100.53,13.8275],[100.5315,13.828],[100.53,13.8275]],[[100.529,13.831],[100.5285,13.8305],[100.528,13.8305],[100.529,13.8305],[100.529,13.831]],[[100.5285,13.8265]],[[100.532,13.83]],[[100.5335,13.83],[100.533,13.8305],[100.5335,13.83]],[[100.533,13.828],[100.5345,13.828],[100.534,13.8285],[100.533,13.828]],[[100.5335,13.827]],[[100.533,13.826]],[[100.5335,13.826]],[[100.5335,13.826],[100.534,13.8265],[100.5335,13.826]]]}},{"type":"Feature","properties":{"station":"Wong Sawang","line":"","band":"10"},"geometry":{"type":"Polygon","coordinates":[[[100.5225,13.8305],[100.5225,13.8315],[100.521,13.833],[100.522,13.834],[100.523,13.8345],[100.5235,13.8335],[100.5235,13.8345],[100.5265,13.834],[100.5285,13.8345],[100.528,13.8335],[100.5295,13.833],[100.529,13.832],[100.53,13.831],[100.5315,13.8315],[100.5325,13.831],[100.5315,13.827],[100.5325,13.826],[100.5315,13.825],[100.53,13.8255],[100.528,13.825],[100.528,13.826],[100.527,13.825],[100.526,13.8255],[100.525,13.825],[100.525,13.8265],[100.526,13.8265],[100.5245,13.828],[100.5255,13.829],[100.524,13.8305],[100.5245,13.831],[100.524,13.8315],[100.5225,13.8305]],[[100.5275,13.831],[100.528,13.8305],[100.529,13.831],[100.528,13.831],[100.5275,13.831]],[[100.525,13.833],[100.525,13.8325],[100.525,13.833]],[[100.5255,13.828]],[[100.5265,13.8305],[100.527,13.8305],[100.5265,13.8305]],[[100.5285,13.8265]],[[100.53,13.8275],[100.5315,13.828],[100.53,13.8275]]]}},{"type":"Feature","properties":{"station":"Wongwian Yai","line":"BTS","band":"15"},"geometry":{"type":"Polygon","coordinates":[[[100.489,13.7135],[100.488,13.715],[100.489,13.716],[100.4885,13.7165],[100.4875,13.7155],[100.487,13.7165],[100.4885,13.718],[100.486,13.7175],[100.4855,13.7185],[100.4845,13.7185],[100.4845,13.7195],[100.4855,13.7205],[100.4875,13.7205],[100.487,13.722],[100.4885,13.7225],[100.488,13.7245],[100.489,13.725],[100.489,13.727],[100.4905,13.727],[100.4915,13.728],[100.492,13.727],[100.495,13.73],[100.4965,13.728],[100.4985,13.729],[100.5005,13.728],[100.5,13.7275],[100.502,13.727],[100.501,13.726],[100.502,13.726],[100.5025,13.725],[100.501,13.7245],[100.5015,13.724],[100.5025,13.7245],[100.5035,13.723],[100.504,13.7235],[100.5055,13.7225],[100.505,13.722],[100.5065,13.7215],[100.506,13.7195],[100.5055,13.72],[100.5045,13.7195],[100.505,13.719],[100.503,13.717],[100.5005,13.717],[100.5,13.715],[100.499,13.7155],[100.4965,13.715],[100.4945,13.713],[100.4935,13.714],[100.4935,13.713],[100.4925,13.713],[100.4925,13.715],[100.4895,13.7145],[100.489,13.7135]],[[100.495,13.725],[100.495,13.7245],[100.495,13.725]],[[100.4955,13.7185],[100.4945,13.7185],[100.4955,13.718],[100.4955,13.7185]],[[100.496,13.7175],[100.495,13.7175],[100.496,13.7175]],[[100.496,13.7155],[100.4945,13.7155],[100.496,13.7145],[100.496,13.7155]],[[100.4925,13.7225],[100.4925,13.7215],[100.493,13.7215],[100.4925,13.7225]],[[100.4925,13.719]],[[100.4925,13.7185],[100.493,13.7185],[100.4925,13.7185]],[[100.493,13.7175],[100.4925,13.718],[100.4925,13.7175],[100.493,13.7175]],[[100.492,13.717],[100.4915,13.7155],[100.4925,13.7155],[100.492,13.717]],[[100.49,13.7235],[100.4905,13.7235],[100.49,13.7235]],[[100.4905,13.7175],[100.492,13.7175],[100.492,13.718],[100.4905,13.718],[100.4905,13.7175]],[[100.491,13.717],[100.49,13.7165],[100.491,13.7165],[100.491,13.717]],[[100.49,13.7155]],[[100.4885,13.7205],[100.488,13.721],[100.488,13.7205],[100.4885,13.7205]],[[100.4895,13.723],[100.49,13.7225],[100.4895,13.723]],[[100.4895,13.725],[100.4895,13.7245],[100.49,13.725],[100.4895,13.725]],[[100.491,13.725],[100.491,13.7245],[100.491,13.725]],[[100.4915,13.72],[100.492,13.72],[100.4915,13.72]],[[100.491,13.722]],[[100.4915,13.7255],[100.4915,13.725],[100.492,13.725],[100.4915,13.7255]],[[100.4945,13.7225],[100.494,13.722],[100.4945,13.722],[100.4945,13.7225]],[[100.4935,13.7185]],[[100.493,13.7185]],[[100.4945,13.7155]],[[100.4945,13.728]],[[100.499,13.725],[100.499,13.7255],[100.499,13.725]],[[100.5,13.723],[100.4995,13.7225],[100.4995,13.722],[100.5,13.723]],[[100.4975,13.72],[100.499,13.719],[100.499,13.72],[100.4975,13.72]],[[100.499,13.7185],[100.499,13.718],[100.499,13.7185]],[[100.497,13.722]],[[100.4975,13.7175],[100.497,13.718],[100.4975,13.7175]],[[100.4975,13.717]],[[100.496,13.7245]],[[100.4965,13.716],[100.497,13.7165],[100.4965,13.7165],[100.4965,13.716]],[[100.496,13.718]],[[100.497,13.72],[100.497,13.7195],[100.497,13.72]],[[100.498,13.727]],[[100.499,13.7235]],[[100.498,13.7165],[100.4985,13.716],[100.4985,13.7165],[100.498,13.7165]],[[100.499,13.717]],[[100.5005,13.7225],[100.501,13.7225],[100.5005,13.7225]],[[100.5015,13.72],[100.5005,13.7205],[100.5015,13.72]],[[100.501,13.7175]],[[100.502,13.7225]]]}},{"type":"Feature","properties":{"station":"Wongwian Yai","line":"BTS","band":"10"},"geometry":{"type":"Polygon","coordinates":[[[100.49,13.717],[100.489,13.718],[100.49,13.719],[100.489,13.7185],[100.488,13.7195],[100.4885,13.721],[100.489,13.7215],[100.4895,13.721],[100.489,13.7215],[100.49,13.722],[100.4905,13.724],[100.493,13.726],[100.4935,13.7255],[100.494,13.727],[100.4965,13.7275],[100.499,13.7255],[100.498,13.725],[100.4995,13.725],[100.5005,13.7245],[100.5005,13.7235],[100.5015,13.7235],[100.5015,13.7225],[100.5005,13.7225],[100.502,13.723],[100.502,13.7215],[100.503,13.7215],[100.502,13.719],[100.5005,13.7195],[100.5,13.7185],[100.499,13.7185],[100.4995,13.7175],[100.498,13.717],[100.496,13.718],[100.494,13.7155],[100.4925,13.7165],[100.493,13.7185],[100.49,13.717]],[[100.495,13.725],[100.495,13.7245],[100.495,13.725]],[[100.4955,13.7185],[100.4945,13.7185],[100.4955,13.718],[100.4955,13.7185]],[[100.4925,13.7225],[100.4925,13.7215],[100.493,13.7215],[100.4925,13.7225]],[[100.493,13.7185]],[[100.4915,13.72],[100.492,13.72],[100.4915,13.72]],[[100.491,13.722]],[[100.4925,13.719]],[[100.4945,13.7225],[100.494,13.722],[100.4945,13.722],[100.4945,13.7225]],[[100.4935,13.7185]],[[100.497,13.722]],[[100.4975,13.72],[100.499,13.719],[100.499,13.72],[100.4975,13.72]],[[100.496,13.7245]],[[100.497,13.72],[100.497,13.7195],[100.4975,13.72],[100.497,13.72]],[[100.4995,13.7235]],[[100.5,13.723],[100.4995,13.7225],[100.4995,13.722],[100.5,13.723]],[[100.499,13.7235]],[[100.5015,13.72],[100.5005,13.7205],[100.502,13.72],[100.5015,13.72]]]}},{"type":"Feature","properties":{"station":"Wutthakat","line":"","band":"15"},"geometry":{"type":"Polygon","coordinates":[[[100.462,13.7105],[100.46,13.712],[100.462,13.7125],[100.463,13.7145],[100.46,13.716],[100.4605,13.7165],[100.462,13.715],[100.463,13.718],[100.4645,13.7175],[100.464,13.7185],[100.465,13.7185],[100.4655,13.7195],[100.4665,13.719],[100.4655,13.72],[100.4665,13.7205],[100.468,13.719],[100.469,13.7195],[100.4695,13.7185],[100.47,13.7195],[100.471,13.7195],[100.471,13.7205],[100.4725,13.7205],[100.4735,13.72],[100.4735,13.7185],[100.475,13.7185],[100.4745,13.7165],[100.4735,13.7165],[100.474,13.715],[100.4745,13.7155],[100.474,13.716],[100.476,13.7165],[100.477,13.7155],[100.478,13.716],[100.4785,13.715],[100.4775,13.7145],[100.478,13.712],[100.4775,13.7115],[100.4765,13.712],[100.476,13.7105],[100.4765,13.71],[100.474,13.708],[100.4735,13.706],[100.4725,13.707],[100.473,13.708],[100.472,13.708],[100.472,13.707],[100.4705,13.707],[100.4715,13.707],[100.471,13.706],[100.4695,13.7065],[100.468,13.7045],[100.467,13.7055],[100.468,13.706],[100.466,13.707],[100.467,13.7075],[100.4645,13.707],[100.465,13.7085],[100.464,13.709],[100.466,13.712],[100.465,13.7135],[100.464,13.7115],[100.462,13.7105]],[[100.4695,13.716],[100.469,13.7165],[100.4685,13.716],[100.4695,13.716]],[[100.4705,13.712],[100.47,13.712],[100.4695,13.712],[100.4705,13.712]],[[100.4705,13.71],[100.471,13.7095],[100.471,13.71],[100.4705,13.71]],[[100.4705,13.709],[100.4705,13.7095],[100.4705,13.709]],[[100.47,13.7085],[100.4695,13.7085],[100.47,13.708],[100.47,13.7085]],[[100.4675,13.7165],[100.4665,13.717],[100.4665,13.7165],[100.4675,13.7165]],[[100.467,13.712],[100.4665,13.7115],[100.4675,13.7115],[100.467,13.712]],[[100.468,13.71],[100.4675,13.71],[100.468,13.71]],[[100.465,13.7175],[100.465,13.717],[100.466,13.717],[100.4655,13.717],[100.465,13.7175]],[[100.4635,13.7155],[100.463,13.7155],[100.464,13.7155],[100.4635,13.7155]],[[100.4655,13.71],[100.466,13.709],[100.4655,13.7085],[100.466,13.708],[100.466,13.7095],[100.4655,13.71]],[[100.466,13.717]],[[100.466,13.7155],[100.4665,13.7155],[100.467,13.716],[100.4665,13.716],[100.466,13.7155]],[[100.466,13.71],[100.4665,13.7105],[100.466,13.7105],[100.466,13.71]],[[100.469,13.7155],[100.4695,13.7155],[100.469,13.7155]],[[100.469,13.7145],[100.469,13.714],[100.4695,13.714],[100.469,13.7145]],[[100.468,13.7115],[100.4685,13.711],[100.468,13.7115]],[[100.4685,13.709]],[[100.469,13.7175],[100.469,13.7165],[100.4695,13.717],[100.469,13.7175]],[[100.4695,13.7115]],[[100.4695,13.7105]],[[100.469,13.7095],[100.469,13.709],[100.4695,13.7095],[100.469,13.7095]],[[100.4685,13.71]],[[100.473,13.718],[100.4735,13.718],[100.473,13.718]],[[100.4725,13.7115]],[[100.473,13.711]],[[100.473,13.7105],[100.474,13.709],[100.474,13.71],[100.473,13.7105]],[[100.472,13.71]],[[100.472,13.7095],[100.472,13.709],[100.4725,13.709],[100.4725,13.7095],[100.472,13.7095]],[[100.4715,13.7185],[100.472,13.7185],[100.4715,13.7185]],[[100.4715,13.7175]],[[100.4705,13.707]],[[100.4745,13.7135],[100.4735,13.714],[100.473,13.713],[100.4745,13.7135]],[[100.474,13.7125],[100.4745,13.712],[100.474,13.7125]],[[100.474,13.709]],[[100.475,13.7155],[100.4755,13.7155],[100.475,13.7155]],[[100.4755,13.715],[100.476,13.715],[100.4755,13.715]],[[100.476,13.7115],[100.475,13.711],[100.476,13.711],[100.476,13.7115]],[[100.476,13.7125],[100.4765,13.7125],[100.4765,13.713],[100.476,13.7125]]]}},{"type":"Feature","properties":{"station":"Wutthakat","line":"","band":"10"},"geometry":{"type":"Polygon","coordinates":[[[100.466,13.7095],[100.465,13.7105],[100.466,13.712],[100.465,13.7135],[100.464,13.7125],[100.4635,13.713],[100.464,13.714],[100.4635,13.713],[100.4625,13.713],[100.4625,13.715],[100.464,13.7155],[100.464,13.7165],[100.466,13.716],[100.466,13.717],[100.4675,13.7165],[100.4665,13.717],[100.467,13.718],[100.4675,13.7175],[100.4685,13.7185],[100.469,13.718],[100.4685,13.716],[100.4695,13.716],[100.4705,13.718],[100.4705,13.717],[100.4715,13.7165],[100.4725,13.717],[100.473,13.716],[100.4725,13.7155],[100.474,13.7145],[100.473,13.713],[100.475,13.714],[100.4755,13.7135],[100.4755,13.7125],[100.474,13.7125],[100.474,13.7105],[100.473,13.7105],[100.473,13.7095],[100.4715,13.7095],[100.4705,13.7105],[100.471,13.7085],[100.469,13.7075],[100.4685,13.709],[100.4675,13.7095],[100.4665,13.7085],[100.466,13.7095]],[[100.4695,13.7155],[100.469,13.7155],[100.469,13.715],[100.4695,13.7155]],[[100.469,13.7145],[100.469,13.714],[100.4695,13.714],[100.469,13.7145]],[[100.4705,13.712],[100.4695,13.712],[100.4705,13.712]],[[100.4695,13.7105]],[[100.4665,13.716],[100.4665,13.7155],[100.466,13.7155],[100.4665,13.7155],[100.4665,13.716]],[[100.4675,13.712],[100.4665,13.7115],[100.4675,13.7115],[100.4675,13.712]],[[100.468,13.71],[100.4675,13.71],[100.468,13.71]],[[100.4665,13.7105],[100.466,13.7105],[100.466,13.71],[100.4665,13.7105]],[[100.468,13.7115],[100.4685,13.711],[100.468,13.7115]],[[100.4685,13.71]],[[100.469,13.7095],[100.469,13.709],[100.4695,13.7095],[100.469,13.7095]],[[100.4695,13.7115]],[[100.472,13.71],[100.4725,13.7105],[100.472,13.71]],[[100.4725,13.7115]],[[100.473,13.711]]]}},{"type":"Feature","properties":{"station":"Yaek Kor Por Aor","line":"","band":"15"},"geometry":{"type":"Polygon","coordinates":[[[100.62,13.918],[100.62,13.9205],[100.619,13.921],[100.62,13.9225],[100.621,13.9225],[100.6195,13.925],[100.621,13.9275],[100.621,13.9295],[100.6255,13.93],[100.6255,13.9315],[100.624,13.93],[100.624,13.931],[100.622,13.932],[100.622,13.933],[100.6245,13.9335],[100.625,13.9325],[100.625,13.9345],[100.624,13.935],[100.627,13.935],[100.6275,13.9345],[100.6265,13.9335],[100.628,13.934],[100.6285,13.9335],[100.6275,13.9325],[100.6305,13.932],[100.63,13.9315],[100.632,13.93],[100.63,13.9295],[100.633,13.9295],[100.632,13.928],[100.6335,13.928],[100.632,13.9265],[100.634,13.9275],[100.631,13.925],[100.629,13.9245],[100.6305,13.923],[100.6295,13.9215],[100.631,13.923],[100.632,13.923],[100.631,13.9205],[100.6325,13.9195],[100.632,13.919],[100.6285,13.921],[100.629,13.9205],[100.627,13.9185],[100.6275,13.9175],[100.6245,13.9185],[100.6265,13.9175],[100.626,13.917],[100.624,13.918],[100.624,13.917],[100.622,13.9175],[100.621,13.916],[100.6205,13.9165],[100.6215,13.9185],[100.6205,13.9175],[100.62,13.918]],[[100.626,13.9265],[100.6245,13.927],[100.626,13.9265]],[[100.6255,13.9235]],[[100.6255,13.923],[100.625,13.9225],[100.627,13.922],[100.6255,13.923]],[[100.623,13.929],[100.6225,13.9275],[100.6225,13.926],[100.623,13.926],[100.6225,13.927],[100.6225,13.928],[100.623,13.9285],[100.623,13.929]],[[100.623,13.924],[100.6235,13.922],[100.6245,13.9235],[100.623,13.924]],[[100.623,13.9215],[100.623,13.921],[100.623,13.9215]],[[100.6235,13.9195],[100.6235,13.92],[100.6235,13.9195]],[[100.6225,13.918],[100.623,13.9185],[100.623,13.919],[100.6225,13.918]],[[100.621,13.927],[100.621,13.926],[100.621,13.927]],[[100.622,13.924],[100.6215,13.9235],[100.622,13.923],[100.6225,13.9235],[100.622,13.924]],[[100.622,13.92],[100.622,13.9205],[100.622,13.92]],[[100.621,13.921],[100.6205,13.9215],[100.62,13.921],[100.621,13.921]],[[100.6215,13.92],[100.621,13.9195],[100.6215,13.92]],[[100.6205,13.9255]],[[100.6215,13.922]],[[100.625,13.921],[100.625,13.9215],[100.625,13.921]],[[100.6245,13.9205],[100.6245,13.92],[100.6245,13.9205]],[[100.624,13.919],[100.6245,13.9195],[100.624,13.9195],[100.624,13.919]],[[100.625,13.928],[100.625,13.9285],[100.6245,13.9285],[100.6245,13.928],[100.625,13.928]],[[100.626,13.933],[100.626,13.9335],[100.626,13.933]],[[100.627,13.9325],[100.627,13.933],[100.6265,13.933],[100.627,13.9325]],[[100.6275,13.9305]],[[100.6265,13.9295],[100.627,13.9295],[100.6265,13.9295]],[[100.6275,13.924],[100.627,13.9235],[100.6275,13.9235],[100.6275,13.924]],[[100.627,13.9255]],[[100.6265,13.925],[100.6265,13.9245],[100.627,13.9245],[100.6265,13.925]],[[100.6265,13.9315],[100.627,13.932],[100.6265,13.932],[100.6265,13.9315]],[[100.6265,13.9305],[100.627,13.9305],[100.6265,13.9305]],[[100.6265,13.919],[100.627,13.9205],[100.6265,13.921],[100.6265,13.919]],[[100.6285,13.9305],[100.629,13.9305],[100.6285,13.9305]],[[100.628,13.9295],[100.6285,13.9295],[100.628,13.9295]],[[100.6285,13.9295]],[[100.629,13.9225],[100.6295,13.9225],[100.6295,13.923],[100.629,13.9225]],[[100.628,13.926],[100.6285,13.926],[100.628,13.926]],[[100.6285,13.9235]],[[100.628,13.923]],[[100.629,13.927],[100.6295,13.927],[100.629,13.927]],[[100.63,13.9305],[100.6305,13.9305],[100.63,13.9305]],[[100.629,13.9315]],[[100.631,13.9305]],[[100.6305,13.921]]]}},{"type":"Feature","properties":{"station":"Yaek Kor Por Aor","line":"","band":"10"},"geometry":{"type":"Polygon","coordinates":[[[100.622,13.919],[100.6225,13.9205],[100.6215,13.9205],[100.622,13.921],[100.621,13.923],[100.623,13.9235],[100.6235,13.922],[100.6245,13.9235],[100.6215,13.925],[100.621,13.9245],[100.6205,13.9255],[100.6215,13.927],[100.6225,13.927],[100.623,13.926],[100.6225,13.927],[100.6235,13.928],[100.626,13.9265],[100.624,13.927],[100.624,13.9295],[100.6255,13.93],[100.625,13.932],[100.6255,13.9325],[100.6265,13.9305],[100.6295,13.929],[100.629,13.928],[100.6315,13.9285],[100.631,13.927],[100.632,13.9265],[100.6285,13.925],[100.629,13.9245],[100.628,13.923],[100.629,13.9215],[100.625,13.923],[100.6265,13.9215],[100.625,13.9195],[100.6235,13.919],[100.6235,13.92],[100.623,13.919],[100.622,13.919]],[[100.6255,13.9235]],[[100.6245,13.92],[100.6245,13.9205],[100.6245,13.92]],[[100.623,13.921],[100.623,13.9215],[100.623,13.921]],[[100.625,13.9215],[100.625,13.921],[100.625,13.9215]],[[100.6245,13.9285],[100.6245,13.928],[100.625,13.928],[100.625,13.9285],[100.6245,13.9285]],[[100.6265,13.9295],[100.627,13.9295],[100.6265,13.9295]],[[100.6275,13.924],[100.627,13.9235],[100.6275,13.9235],[100.6275,13.924]],[[100.627,13.9255]],[[100.6265,13.925],[100.6265,13.9245],[100.627,13.9245],[100.6265,13.925]],[[100.628,13.926],[100.6285,13.926],[100.628,13.926]],[[100.6295,13.927],[100.629,13.927],[100.6295,13.927]],[[100.631,13.927],[100.631,13.9265],[100.631,13.927]]]}},{"type":"Feature","properties":{"station":"Yaek Nonthaburi 1","line":"MRT","band":"15"},"geometry":{"type":"Polygon","coordinates":[[[100.488,13.8615],[100.487,13.861],[100.487,13.863],[100.486,13.8625],[100.485,13.8635],[100.4855,13.8645],[100.4865,13.8645],[100.486,13.8655],[100.487,13.8655],[100.487,13.8665],[100.4885,13.866],[100.488,13.8685],[100.486,13.8695],[100.485,13.869],[100.4845,13.8705],[100.486,13.871],[100.488,13.8695],[100.489,13.8705],[100.4885,13.872],[100.4895,13.8725],[100.4905,13.8695],[100.491,13.8705],[100.492,13.87],[100.4905,13.8685],[100.492,13.869],[100.4945,13.868],[100.494,13.867],[100.4955,13.869],[100.4975,13.8675],[100.4995,13.8685],[100.5005,13.867],[100.5,13.8665],[100.5005,13.865],[100.502,13.8645],[100.503,13.862],[100.5025,13.861],[100.5015,13.8615],[100.5015,13.8605],[100.501,13.8615],[100.5,13.8615],[100.499,13.8595],[100.499,13.861],[100.4965,13.8595],[100.496,13.8605],[100.496,13.8595],[100.495,13.8595],[100.4945,13.861],[100.494,13.8595],[100.4955,13.858],[100.495,13.8575],[100.494,13.858],[100.493,13.856],[100.4905,13.8585],[100.4925,13.86],[100.492,13.861],[100.491,13.8605],[100.4915,13.8625],[100.4905,13.863],[100.49,13.861],[100.4895,13.8615],[100.488,13.86],[100.488,13.8615]],[[100.4925,13.866],[100.492,13.8665],[100.491,13.8655],[100.492,13.865],[100.4925,13.866]],[[100.494,13.863],[100.494,13.8625],[100.494,13.863]],[[100.4935,13.858]],[[100.49,13.8675],[100.489,13.8675],[100.49,13.8675]],[[100.4915,13.8635],[100.4915,13.863],[100.4915,13.8635]],[[100.489,13.8645],[100.4895,13.8645],[100.4895,13.865],[100.489,13.865],[100.489,13.8645]],[[100.4895,13.862]],[[100.4925,13.8675]],[[100.4925,13.8645],[100.4925,13.864],[100.4925,13.8645]],[[100.493,13.86],[100.4935,13.86],[100.493,13.86]],[[100.4925,13.8575],[100.4925,13.857],[100.4925,13.8565],[100.493,13.8565],[100.4925,13.8575]],[[100.4985,13.8665],[100.4965,13.867],[100.496,13.866],[100.498,13.865],[100.4985,13.8665]],[[100.4955,13.867],[100.4955,13.8665],[100.4955,13.867]],[[100.496,13.8645],[100.4955,13.8635],[100.496,13.863],[100.496,13.8645]],[[100.495,13.8645],[100.495,13.864],[100.495,13.865],[100.495,13.8645]],[[100.498,13.8635],[100.4975,13.8625],[100.4985,13.862],[100.498,13.8635]],[[100.5,13.865],[100.4985,13.8645],[100.4995,13.864],[100.5,13.865]],[[100.5005,13.8625],[100.501,13.8625],[100.5005,13.8625]]]}},{"type":"Feature","properties":{"station":"Yaek Nonthaburi 1","line":"MRT","band":"10"},"geometry":{"type":"Polygon","coordinates":[[[100.49,13.8625],[100.4895,13.8635],[100.488,13.864],[100.4895,13.8645],[100.489,13.867],[100.49,13.8675],[100.488,13.8675],[100.4875,13.869],[100.4895,13.8695],[100.4905,13.8695],[100.491,13.868],[100.495,13.8655],[100.496,13.866],[100.4985,13.865],[100.499,13.8635],[100.5,13.863],[100.499,13.862],[100.498,13.8635],[100.497,13.8615],[100.495,13.861],[100.4935,13.8615],[100.494,13.863],[100.493,13.861],[100.4935,13.8605],[100.4925,13.8595],[100.492,13.861],[100.4915,13.86],[100.491,13.8605],[100.4915,13.8625],[100.49,13.8625]],[[100.4925,13.866],[100.492,13.8665],[100.4905,13.8655],[100.492,13.865],[100.4925,13.866]],[[100.4915,13.8635],[100.4915,13.863],[100.4915,13.8635]],[[100.4925,13.864],[100.4925,13.8645],[100.4925,13.864]],[[100.495,13.8645],[100.495,13.864],[100.495,13.865],[100.495,13.8645]],[[100.4955,13.8635],[100.496,13.863],[100.496,13.8645],[100.4955,13.8635]]]}},{"type":"Feature","properties":{"station":"Yaek Pak Kret","line":"MRT","band":"15"},"geometry":{"type":"Polygon","coordinates":[[[100.5,13.9045],[100.499,13.9055],[100.498,13.905],[100.5,13.909],[100.499,13.9085],[100.498,13.911],[100.5,13.911],[100.5,13.91],[100.501,13.9095],[100.501,13.9115],[100.5025,13.912],[100.5035,13.9115],[100.5025,13.91],[100.505,13.909],[100.5035,13.9105],[100.5045,13.912],[100.507,13.911],[100.508,13.9125],[100.5095,13.9125],[100.51,13.91],[100.509,13.9095],[100.5085,13.91],[100.508,13.9085],[100.507,13.909],[100.507,13.908],[100.5085,13.9075],[100.5085,13.9085],[100.51,13.9085],[100.5105,13.91],[100.511,13.9075],[100.5115,13.9095],[100.512,13.9075],[100.5125,13.909],[100.514,13.907],[100.515,13.907],[100.5145,13.9055],[100.5125,13.904],[100.51,13.9045],[100.5095,13.9055],[100.508,13.904],[100.508,13.905],[100.5075,13.9035],[100.5095,13.9025],[100.5085,13.9015],[100.5075,13.902],[100.508,13.901],[100.507,13.8995],[100.5055,13.9015],[100.504,13.9015],[100.5045,13.9025],[100.5025,13.903],[100.502,13.9025],[100.502,13.904],[100.5005,13.9055],[100.5,13.9045]],[[100.505,13.911],[100.505,13.9105],[100.5055,13.9105],[100.505,13.911]],[[100.5055,13.905],[100.506,13.9045],[100.5065,13.906],[100.5055,13.905]],[[100.505,13.9025]],[[100.5035,13.905]],[[100.502,13.909]],[[100.5025,13.9075]],[[100.505,13.906]],[[100.504,13.904],[100.504,13.9045],[100.504,13.904]],[[100.5085,13.91]],[[100.506,13.902],[100.5065,13.9015],[100.507,13.9015],[100.5065,13.902],[100.506,13.902]],[[100.507,13.9005]],[[100.507,13.906],[100.5075,13.906],[100.5075,13.9065],[100.507,13.906]],[[100.5095,13.9075],[100.51,13.9075],[100.5095,13.9075]],[[100.513,13.9055]],[[100.509,13.906],[100.5085,13.906],[100.509,13.906]],[[100.51,13.906],[100.5105,13.906],[100.51,13.906]],[[100.512,13.9055],[100.5115,13.9055],[100.512,13.9055]],[[100.5125,13.907],[100.5125,13.908],[100.5125,13.9085],[100.5125,13.907]]]}},{"type":"Feature","properties":{"station":"Yaek Pak Kret","line":"MRT","band":"10"},"geometry":{"type":"Polygon","coordinates":[[[100.5025,13.906],[100.5015,13.906],[100.501,13.909],[100.505,13.909],[100.505,13.91],[100.507,13.9105],[100.507,13.908],[100.5085,13.9075],[100.509,13.9085],[100.5095,13.9075],[100.5115,13.907],[100.511,13.906],[100.51,13.9065],[100.509,13.905],[100.5075,13.9065],[100.506,13.906],[100.5055,13.9025],[100.5045,13.9045],[100.5025,13.905],[100.5025,13.906]],[[100.505,13.906]],[[100.5025,13.9075]],[[100.509,13.906],[100.5085,13.906],[100.509,13.906]]]}},{"type":"Feature","properties":{"station":"Yaek Tiwanon","line":"MRT","band":"15"},"geometry":{"type":"Polygon","coordinates":[[[100.509,13.8385],[100.508,13.8385],[100.5075,13.84],[100.508,13.843],[100.5065,13.843],[100.506,13.844],[100.5085,13.8465],[100.512,13.8455],[100.5125,13.846],[100.512,13.847],[100.514,13.8475],[100.5135,13.8455],[100.5155,13.8435],[100.5145,13.8435],[100.5145,13.8425],[100.5135,13.843],[100.5135,13.842],[100.5145,13.8415],[100.5185,13.842],[100.5205,13.843],[100.52,13.8415],[100.521,13.8405],[100.5195,13.839],[100.5215,13.838],[100.521,13.8365],[100.5215,13.835],[100.523,13.835],[100.5225,13.834],[100.523,13.833],[100.5225,13.8325],[100.5215,13.8335],[100.52,13.832],[100.519,13.8325],[100.519,13.8335],[100.5175,13.834],[100.5175,13.835],[100.517,13.832],[100.5165,13.8335],[100.5155,13.8325],[100.514,13.834],[100.514,13.835],[100.513,13.8355],[100.5135,13.836],[100.513,13.835],[100.5105,13.834],[100.509,13.8385]],[[100.513,13.845]],[[100.5135,13.8435],[100.5135,13.843],[100.514,13.8435],[100.5135,13.8435]],[[100.5135,13.842]],[[100.513,13.8415]],[[100.5145,13.8365]],[[100.511,13.845],[100.51,13.845],[100.511,13.8445],[100.511,13.845]],[[100.5105,13.8415],[100.511,13.8415],[100.511,13.842],[100.5105,13.8415]],[[100.5105,13.84],[100.511,13.8395],[100.5105,13.84]],[[100.5115,13.836],[100.5115,13.8355],[100.5115,13.836]],[[100.51,13.843],[100.5095,13.8425],[100.51,13.843]],[[100.5095,13.842]],[[100.51,13.8395],[100.5095,13.839],[100.5105,13.838],[100.51,13.8395]],[[100.508,13.845]],[[100.508,13.8445]],[[100.509,13.8425],[100.509,13.843],[100.509,13.8425]],[[100.509,13.8415],[100.509,13.841],[100.509,13.8415]],[[100.5125,13.8375],[100.513,13.8375],[100.5125,13.8375]],[[100.512,13.8425],[100.512,13.8435],[100.5115,13.843],[100.512,13.8425]],[[100.513,13.839],[100.513,13.8385],[100.513,13.839]],[[100.514,13.8375],[100.5135,13.8375],[100.514,13.8375]],[[100.5165,13.841]],[[100.516,13.8365],[100.5155,13.836],[100.516,13.836],[100.516,13.8365]],[[100.516,13.8375]],[[100.5165,13.836]],[[100.519,13.837],[100.5185,13.837],[100.519,13.837]],[[100.5185,13.841]],[[100.5185,13.836],[100.518,13.8355],[100.5185,13.835],[100.5185,13.836]],[[100.5175,13.841]],[[100.517,13.84]],[[100.5175,13.8405],[100.518,13.84],[100.5175,13.8405]],[[100.5185,13.839],[100.518,13.8385],[100.5185,13.8385],[100.5185,13.839]],[[100.514,13.8445]]]}},{"type":"Feature","properties":{"station":"Yaek Tiwanon","line":"MRT","band":"10"},"geometry":{"type":"Polygon","coordinates":[[[100.5115,13.838],[100.51,13.839],[100.511,13.8395],[100.511,13.842],[100.5095,13.841],[100.51,13.843],[100.509,13.8435],[100.5115,13.8445],[100.5125,13.844],[100.5115,13.843],[100.512,13.8425],[100.5125,13.843],[100.513,13.8415],[100.516,13.842],[100.518,13.841],[100.5175,13.8405],[100.5185,13.8395],[100.518,13.839],[100.5185,13.8385],[100.519,13.8395],[100.52,13.8385],[100.5185,13.837],[100.52,13.8365],[100.5205,13.835],[100.519,13.8345],[100.5185,13.836],[100.517,13.8345],[100.516,13.8365],[100.5145,13.8365],[100.514,13.835],[100.512,13.837],[100.513,13.8375],[100.5115,13.838]],[[100.513,13.839],[100.513,13.8385],[100.513,13.839]],[[100.514,13.8375],[100.5135,13.8375],[100.514,13.8375]],[[100.5165,13.84],[100.517,13.84],[100.5165,13.84]],[[100.5165,13.836]],[[100.516,13.8375]],[[100.5165,13.841]]]}},{"type":"Feature","properties":{"station":"\u0e2d\u0e32\u0e04\u0e32\u0e23\u0e1c\u0e39\u0e49\u0e42\u0e14\u0e22\u0e2a\u0e32\u0e23\u0e2b\u0e25\u0e31\u0e01","line":"","band":"15"},"geometry":{"type":"Polygon","coordinates":[[[100.7535,13.686],[100.7425,13.689],[100.7455,13.6885],[100.7465,13.6915],[100.7475,13.692],[100.754,13.6905],[100.753,13.6865],[100.7535,13.686]],[[100.748,13.6915],[100.747,13.691],[100.7465,13.688],[100.7485,13.6875],[100.75,13.6905],[100.748,13.6915]],[[100.7505,13.691],[100.75,13.687],[100.7525,13.6865],[100.753,13.69],[100.7505,13.691]]]}},{"type":"Feature","properties":{"station":"\u0e2d\u0e32\u0e04\u0e32\u0e23\u0e1c\u0e39\u0e49\u0e42\u0e14\u0e22\u0e2a\u0e32\u0e23\u0e2b\u0e25\u0e31\u0e01","line":"","band":"10"},"geometry":{"type":"Polygon","coordinates":[[[100.75,13.687],[100.7495,13.6865],[100.7465,13.6875],[100.747,13.688],[100.7485,13.6875],[100.75,13.6905],[100.7465,13.6915],[100.7475,13.692],[100.754,13.6905],[100.7535,13.6895],[100.7505,13.691],[100.75,13.687]]]}}]}