{"type":"FeatureCollection","name":"primal_15","crs":{"type":"name","properties":{"name":"urn:ogc:def:crs:OGC:1.3:CRS84"}},"features":[{"type":"Feature","properties":{"class":"0","n":0,"threshold_min":15,"speed_kmh":4.0},"geometry":{"type":"MultiPolygon","coordinates":[[[[100.33808,13.80334],[100.35444,13.80325],[100.37045,13.80271],[100.37045,13.80225],[100.38689,13.80216],[100.40282,13.80163],[100.40281,13.80117],[100.41434,13.8011],[100.42039,13.80064],[100.42038,13.80016],[100.42721,13.80012],[100.43333,13.79966],[100.43333,13.79918],[100.44008,13.79914],[100.44627,13.79867],[100.44627,13.7982],[100.45295,13.79816],[100.45922,13.79769],[100.45921,13.79722],[100.46441,13.79719],[100.46568,13.79628],[100.46753,13.79577],[100.46753,13.79536],[100.46937,13.79492],[100.46937,13.7943],[100.46892,13.79355],[100.46844,13.79355],[100.46843,13.79272],[100.4675,13.79175],[100.46618,13.78892],[100.47027,13.78992],[100.47027,13.79029],[100.47184,13.79082],[100.47305,13.79081],[100.47305,13.79123],[100.47448,13.79171],[100.47583,13.7917],[100.47583,13.79216],[100.47713,13.7926],[100.47861,13.79259],[100.47861,13.79309],[100.47977,13.79348],[100.48139,13.79347],[100.48139,13.79403],[100.48242,13.79437],[100.48417,13.79436],[100.48417,13.79496],[100.48602,13.79525],[100.48602,13.79558],[100.48771,13.79615],[100.4888,13.79614],[100.48881,13.79652],[100.49036,13.79704],[100.49158,13.79703],[100.49159,13.79745],[100.493,13.79792],[100.49436,13.79792],[100.49437,13.79838],[100.49565,13.79881],[100.49714,13.7988],[100.49715,13.79931],[100.49829,13.7997],[100.49992,13.79969],[100.49993,13.80025],[100.5018,13.80149],[100.50271,13.80148],[100.50272,13.80228],[100.50364,13.80238],[100.50385,13.80328],[100.50457,13.80328],[100.50457,13.80237],[100.50549,13.80237],[100.50548,13.80056],[100.50271,13.80058],[100.5027,13.79967],[100.50177,13.79968],[100.50177,13.79877],[100.50084,13.79878],[100.50083,13.79607],[100.50268,13.79606],[100.50267,13.79515],[100.5036,13.79515],[100.50359,13.79424],[100.50174,13.79425],[100.50175,13.79516],[100.50082,13.79516],[100.50082,13.79426],[100.49989,13.79427],[100.4999,13.79517],[100.49712,13.79519],[100.4971,13.79247],[100.49803,13.79247],[100.49802,13.79157],[100.4971,13.79157],[100.49709,13.78976],[100.49524,13.78977],[100.49523,13.78887],[100.49431,13.78888],[100.49431,13.78978],[100.49246,13.78979],[100.49246,13.78889],[100.49153,13.78889],[100.49153,13.78799],[100.48968,13.788],[100.48968,13.7889],[100.48876,13.78891],[100.48875,13.78801],[100.48783,13.78801],[100.48782,13.78711],[100.48597,13.78712],[100.48596,13.78531],[100.48504,13.78532],[100.48504,13.78622],[100.48412,13.78623],[100.4841,13.78442],[100.48318,13.78442],[100.48317,13.78352],[100.4804,13.78354],[100.48039,13.78263],[100.48132,13.78263],[100.4813,13.77901],[100.48037,13.77902],[100.48037,13.77811],[100.47944,13.77812],[100.47943,13.77721],[100.47851,13.77722],[100.4785,13.77632],[100.47943,13.77631],[100.47942,13.77541],[100.48035,13.7754],[100.48034,13.7745],[100.47942,13.7745],[100.47941,13.7736],[100.47849,13.7736],[100.47847,13.77089],[100.47662,13.7709],[100.47661,13.7691],[100.47476,13.76911],[100.47475,13.7682],[100.47198,13.76822],[100.472,13.77093],[100.46922,13.77095],[100.46923,13.77185],[100.46738,13.77186],[100.46736,13.76915],[100.46921,13.76914],[100.46921,13.76824],[100.46828,13.76824],[100.46828,13.76734],[100.46735,13.76734],[100.46734,13.76644],[100.46827,13.76643],[100.46826,13.76553],[100.46919,13.76552],[100.46918,13.76462],[100.46733,13.76463],[100.46733,13.76373],[100.4664,13.76373],[100.46639,13.76102],[100.46546,13.76103],[100.46546,13.76012],[100.46453,13.76013],[100.46451,13.75742],[100.46359,13.75742],[100.46358,13.75652],[100.46266,13.75652],[100.46265,13.75472],[100.45987,13.75473],[100.45987,13.75383],[100.46172,13.75382],[100.46171,13.75201],[100.46356,13.752],[100.46354,13.75019],[100.46447,13.75019],[100.46447,13.75109],[100.4654,13.75108],[100.46539,13.75018],[100.46632,13.75017],[100.46631,13.74837],[100.46723,13.74836],[100.46722,13.74565],[100.46629,13.74565],[100.46627,13.74204],[100.46442,13.74205],[100.46441,13.74115],[100.46349,13.74115],[100.4635,13.74296],[100.46257,13.74297],[100.46257,13.74206],[100.46164,13.74207],[100.46163,13.73935],[100.46348,13.73934],[100.46347,13.73754],[100.46624,13.73752],[100.46625,13.73842],[100.46809,13.73841],[100.46809,13.73751],[100.46901,13.7375],[100.46901,13.7366],[100.46808,13.7366],[100.46808,13.7357],[100.469,13.7357],[100.469,13.73479],[100.46715,13.7348],[100.46714,13.7339],[100.46622,13.7339],[100.46621,13.733],[100.46529,13.73301],[100.46528,13.7321],[100.46713,13.73209],[100.46712,13.73028],[100.46527,13.73029],[100.46526,13.72939],[100.46804,13.72937],[100.46803,13.72847],[100.46618,13.72848],[100.46617,13.72667],[100.46525,13.72668],[100.46526,13.72849],[100.46433,13.72849],[100.46435,13.7303],[100.46342,13.7303],[100.46343,13.73211],[100.46251,13.73212],[100.46251,13.73302],[100.46159,13.73303],[100.46158,13.73122],[100.4625,13.73121],[100.46249,13.72941],[100.46064,13.72942],[100.46065,13.73032],[100.45972,13.73033],[100.45973,13.73123],[100.4588,13.73124],[100.45879,13.72943],[100.45972,13.72942],[100.45971,13.72852],[100.45601,13.72854],[100.45602,13.72944],[100.45509,13.72945],[100.45508,13.72764],[100.45416,13.72765],[100.45417,13.72946],[100.45232,13.72947],[100.4523,13.72675],[100.45138,13.72676],[100.45137,13.72586],[100.4523,13.72585],[100.45229,13.72404],[100.45136,13.72405],[100.45135,13.72134],[100.45042,13.72134],[100.45043,13.72225],[100.4495,13.72225],[100.4495,13.72135],[100.44857,13.72135],[100.44858,13.72226],[100.44765,13.72226],[100.44765,13.72136],[100.4458,13.72137],[100.44579,13.72046],[100.44487,13.72047],[100.44488,13.72318],[100.44303,13.72319],[100.44303,13.72229],[100.44395,13.72228],[100.44395,13.72138],[100.44117,13.7214],[100.44118,13.7223],[100.44026,13.72231],[100.44024,13.7205],[100.43932,13.7205],[100.43931,13.7196],[100.44024,13.71959],[100.44023,13.71869],[100.44116,13.71868],[100.44115,13.71688],[100.44207,13.71687],[100.44207,13.71597],[100.44022,13.71598],[100.44022,13.71688],[100.43837,13.71689],[100.43838,13.7178],[100.43745,13.7178],[100.43744,13.71599],[100.43559,13.716],[100.43558,13.71329],[100.43373,13.7133],[100.43373,13.71421],[100.43466,13.7142],[100.43466,13.71511],[100.43189,13.71512],[100.4319,13.71693],[100.43098,13.71694],[100.43098,13.71784],[100.43006,13.71784],[100.43005,13.71604],[100.43097,13.71603],[100.43096,13.71422],[100.43004,13.71423],[100.43004,13.71513],[100.42912,13.71514],[100.42913,13.71695],[100.4282,13.71695],[100.42821,13.71786],[100.42728,13.71786],[100.42727,13.71605],[100.42542,13.71606],[100.42543,13.71697],[100.4245,13.71697],[100.42452,13.71968],[100.42082,13.71971],[100.42083,13.72061],[100.41898,13.72062],[100.41897,13.71972],[100.41805,13.71972],[100.41804,13.71791],[100.41896,13.71791],[100.41895,13.7161],[100.41988,13.7161],[100.41986,13.71429],[100.41894,13.71429],[100.41893,13.71339],[100.41801,13.71339],[100.41802,13.7152],[100.4171,13.71521],[100.41711,13.71702],[100.41618,13.71702],[100.41618,13.71612],[100.41248,13.71614],[100.41248,13.71704],[100.41156,13.71705],[100.41157,13.71885],[100.41065,13.71886],[100.41063,13.71615],[100.40971,13.71615],[100.40972,13.71796],[100.40879,13.71797],[100.4088,13.71977],[100.40788,13.71978],[100.40787,13.71888],[100.40695,13.71888],[100.40694,13.71798],[100.40787,13.71797],[100.40786,13.71707],[100.40601,13.71708],[100.406,13.71527],[100.40693,13.71527],[100.40692,13.71436],[100.406,13.71437],[100.40599,13.71346],[100.40692,13.71346],[100.4069,13.71075],[100.40597,13.71075],[100.40595,13.70623],[100.4041,13.70624],[100.40409,13.70534],[100.40594,13.70533],[100.40593,13.70352],[100.40686,13.70351],[100.40685,13.70261],[100.40778,13.7026],[100.4078,13.70622],[100.4115,13.7062],[100.41149,13.7053],[100.41241,13.70529],[100.41242,13.7071],[100.41335,13.70709],[100.41335,13.708],[100.41428,13.70799],[100.41427,13.70709],[100.4152,13.70708],[100.4152,13.70799],[100.41613,13.70798],[100.41612,13.70617],[100.41704,13.70617],[100.41705,13.70798],[100.4189,13.70797],[100.4189,13.70706],[100.41982,13.70706],[100.41981,13.70525],[100.41796,13.70526],[100.41796,13.70435],[100.41888,13.70435],[100.41888,13.70345],[100.42072,13.70343],[100.42072,13.70253],[100.42257,13.70252],[100.42257,13.70342],[100.4235,13.70342],[100.4235,13.70432],[100.42258,13.70433],[100.42258,13.70523],[100.42166,13.70524],[100.42167,13.70614],[100.42444,13.70613],[100.42444,13.70703],[100.42537,13.70702],[100.42537,13.70793],[100.42722,13.70792],[100.42724,13.71063],[100.42909,13.71062],[100.42908,13.70881],[100.43185,13.70879],[100.43186,13.7097],[100.43278,13.70969],[100.4328,13.7124],[100.43465,13.71239],[100.43464,13.71149],[100.43372,13.7115],[100.43371,13.71059],[100.43741,13.71057],[100.43742,13.71147],[100.43834,13.71147],[100.43833,13.70966],[100.4374,13.70967],[100.4374,13.70876],[100.43925,13.70875],[100.43925,13.70966],[100.4411,13.70964],[100.44111,13.71145],[100.44389,13.71144],[100.44388,13.71053],[100.44573,13.71052],[100.44574,13.71233],[100.44667,13.71232],[100.44666,13.71142],[100.44759,13.71141],[100.44759,13.71232],[100.45037,13.7123],[100.45038,13.71411],[100.45315,13.71409],[100.45314,13.71229],[100.45499,13.71228],[100.45501,13.71589],[100.45686,13.71588],[100.45685,13.71498],[100.45778,13.71497],[100.45779,13.71678],[100.45871,13.71677],[100.45872,13.71768],[100.45687,13.71769],[100.45688,13.7195],[100.45781,13.71949],[100.4578,13.71859],[100.46057,13.71857],[100.46058,13.71947],[100.4615,13.71947],[100.4615,13.71856],[100.46242,13.71856],[100.46239,13.71314],[100.46147,13.71314],[100.46146,13.71224],[100.46054,13.71224],[100.46053,13.71134],[100.46145,13.71133],[100.46145,13.71043],[100.4633,13.71042],[100.4633,13.71132],[100.46423,13.71132],[100.46424,13.71312],[100.46516,13.71312],[100.46516,13.71222],[100.46608,13.71221],[100.46608,13.71131],[100.46515,13.71131],[100.46514,13.7095],[100.46422,13.70951],[100.46421,13.70861],[100.46514,13.7086],[100.46513,13.7077],[100.46605,13.70769],[100.46605,13.70679],[100.46697,13.70678],[100.46696,13.70497],[100.46881,13.70496],[100.46882,13.70587],[100.47159,13.70585],[100.4716,13.70766],[100.47253,13.70765],[100.47252,13.70675],[100.47622,13.70673],[100.47621,13.70582],[100.47714,13.70582],[100.47713,13.70491],[100.47898,13.7049],[100.47899,13.70581],[100.47991,13.7058],[100.47992,13.7067],[100.48177,13.70669],[100.48178,13.7085],[100.48085,13.70851],[100.48086,13.70941],[100.47993,13.70942],[100.47995,13.71122],[100.47902,13.71123],[100.47904,13.71394],[100.48089,13.71393],[100.48088,13.71303],[100.48181,13.71302],[100.4818,13.71212],[100.48272,13.71211],[100.48273,13.71301],[100.48365,13.71301],[100.48365,13.7121],[100.4855,13.71209],[100.48549,13.71119],[100.48642,13.71118],[100.48642,13.71209],[100.48735,13.71208],[100.48735,13.71299],[100.4892,13.71298],[100.48921,13.71388],[100.49106,13.71387],[100.49106,13.71477],[100.49291,13.71476],[100.49291,13.71386],[100.49383,13.71385],[100.49382,13.71295],[100.49475,13.71294],[100.49476,13.71385],[100.4966,13.71383],[100.49661,13.71474],[100.49753,13.71473],[100.49754,13.71564],[100.49939,13.71563],[100.49938,13.71472],[100.50031,13.71472],[100.5003,13.71381],[100.50123,13.71381],[100.50123,13.71471],[100.50216,13.7147],[100.50215,13.7138],[100.50308,13.7138],[100.50309,13.7156],[100.50494,13.71559],[100.50493,13.71469],[100.50401,13.71469],[100.504,13.71379],[100.50677,13.71377],[100.50678,13.71468],[100.5077,13.71467],[100.50771,13.71558],[100.50864,13.71557],[100.50864,13.71647],[100.51049,13.71646],[100.5105,13.71737],[100.50957,13.71737],[100.50958,13.71828],[100.5105,13.71827],[100.51051,13.71917],[100.51236,13.71916],[100.51233,13.71555],[100.51141,13.71555],[100.5114,13.71465],[100.51048,13.71465],[100.51047,13.71375],[100.5114,13.71374],[100.51139,13.71284],[100.51047,13.71285],[100.51044,13.70923],[100.51137,13.70923],[100.51137,13.71013],[100.51415,13.71011],[100.51415,13.71102],[100.516,13.711],[100.51601,13.71191],[100.51786,13.7119],[100.51785,13.71099],[100.52063,13.71098],[100.52062,13.71007],[100.52154,13.71007],[100.52155,13.71097],[100.52247,13.71096],[100.52248,13.71187],[100.5234,13.71186],[100.52341,13.71277],[100.52433,13.71276],[100.52434,13.71367],[100.52342,13.71367],[100.52343,13.71548],[100.52713,13.71546],[100.52712,13.71455],[100.52527,13.71456],[100.52526,13.71276],[100.52618,13.71275],[100.52618,13.71185],[100.52895,13.71183],[100.52896,13.71273],[100.52988,13.71273],[100.52989,13.71363],[100.52896,13.71364],[100.52897,13.71454],[100.53082,13.71453],[100.53081,13.71363],[100.53544,13.7136],[100.53545,13.7154],[100.53637,13.7154],[100.5364,13.71992],[100.53825,13.71991],[100.53826,13.72081],[100.53918,13.7208],[100.53917,13.7199],[100.5438,13.71987],[100.54379,13.71897],[100.54287,13.71897],[100.54286,13.71807],[100.54656,13.71805],[100.54657,13.71895],[100.54749,13.71894],[100.54748,13.71714],[100.5484,13.71713],[100.54841,13.71804],[100.55026,13.71802],[100.55025,13.71622],[100.55209,13.7162],[100.55208,13.7144],[100.55301,13.71439],[100.553,13.71349],[100.55485,13.71348],[100.55486,13.71438],[100.55578,13.71437],[100.55577,13.71347],[100.55762,13.71346],[100.55762,13.71255],[100.55947,13.71254],[100.55949,13.71525],[100.56041,13.71525],[100.5604,13.71344],[100.56132,13.71343],[100.56133,13.71434],[100.56225,13.71433],[100.56226,13.71524],[100.56411,13.71522],[100.56411,13.71613],[100.56596,13.71612],[100.56597,13.71702],[100.56689,13.71701],[100.5669,13.71792],[100.56782,13.71791],[100.56784,13.72062],[100.56692,13.72063],[100.56693,13.72244],[100.56878,13.72243],[100.56877,13.72152],[100.5697,13.72152],[100.56971,13.72423],[100.57064,13.72422],[100.57062,13.72151],[100.57155,13.7215],[100.57153,13.7197],[100.57246,13.71969],[100.57245,13.71879],[100.5743,13.71878],[100.57429,13.71697],[100.57521,13.71696],[100.57521,13.71606],[100.57983,13.71603],[100.57982,13.71512],[100.5789,13.71513],[100.57889,13.71423],[100.57982,13.71422],[100.57981,13.71332],[100.58074,13.71331],[100.58073,13.71241],[100.58166,13.7124],[100.58165,13.7115],[100.58257,13.71149],[100.58257,13.71059],[100.58349,13.71058],[100.58349,13.70968],[100.58441,13.70967],[100.58442,13.71148],[100.58535,13.71147],[100.58534,13.71057],[100.58996,13.71054],[100.58996,13.70964],[100.59088,13.70963],[100.59088,13.70873],[100.58995,13.70873],[100.58994,13.70692],[100.59086,13.70692],[100.59087,13.70782],[100.59272,13.70781],[100.59273,13.70962],[100.59458,13.70961],[100.59457,13.7087],[100.59365,13.70871],[100.59364,13.7069],[100.59271,13.70691],[100.59271,13.706],[100.59178,13.70601],[100.59177,13.7042],[100.59085,13.70421],[100.59084,13.7033],[100.59269,13.70329],[100.59268,13.70239],[100.59361,13.70238],[100.5936,13.70148],[100.59453,13.70147],[100.59453,13.70238],[100.59546,13.70237],[100.59545,13.70147],[100.59637,13.70146],[100.59636,13.69965],[100.59544,13.69966],[100.59543,13.69875],[100.59821,13.69874],[100.5982,13.69783],[100.59912,13.69783],[100.59912,13.69692],[100.59819,13.69693],[100.59819,13.69602],[100.59726,13.69603],[100.59725,13.69422],[100.59633,13.69423],[100.59631,13.69242],[100.60001,13.6924],[100.6,13.69149],[100.60093,13.69149],[100.60092,13.69058],[100.60185,13.69058],[100.60184,13.68967],[100.60277,13.68967],[100.60277,13.69057],[100.6037,13.69057],[100.60368,13.68785],[100.60275,13.68786],[100.60273,13.68424],[100.60458,13.68423],[100.60457,13.68333],[100.60365,13.68333],[100.60364,13.68243],[100.60457,13.68242],[100.60455,13.68062],[100.60363,13.68062],[100.6036,13.67701],[100.60268,13.67701],[100.60267,13.67611],[100.6036,13.6761],[100.60359,13.6752],[100.60267,13.67521],[100.60266,13.6743],[100.60174,13.67431],[100.60174,13.67521],[100.60082,13.67522],[100.60081,13.67431],[100.59989,13.67432],[100.59988,13.67342],[100.60081,13.67341],[100.60079,13.6707],[100.60171,13.67069],[100.60171,13.66979],[100.60448,13.66977],[100.60447,13.66796],[100.60539,13.66796],[100.6054,13.66976],[100.60633,13.66976],[100.60635,13.67247],[100.61004,13.67245],[100.61005,13.67335],[100.6082,13.67336],[100.60821,13.67517],[100.61099,13.67515],[100.61098,13.67425],[100.61283,13.67424],[100.61284,13.67514],[100.61376,13.67513],[100.61377,13.67604],[100.61469,13.67603],[100.6147,13.67694],[100.61562,13.67693],[100.61563,13.67783],[100.61748,13.67782],[100.61747,13.67692],[100.61839,13.67691],[100.6184,13.67782],[100.61933,13.67781],[100.61933,13.67871],[100.61841,13.67872],[100.61841,13.67962],[100.61749,13.67963],[100.61749,13.68053],[100.61287,13.68056],[100.61288,13.68147],[100.6138,13.68146],[100.61381,13.68236],[100.61473,13.68236],[100.61474,13.68326],[100.61566,13.68326],[100.61568,13.68506],[100.61475,13.68507],[100.61476,13.68688],[100.61384,13.68688],[100.61385,13.68779],[100.6157,13.68778],[100.61571,13.69049],[100.61756,13.69048],[100.61758,13.69228],[100.61573,13.69229],[100.61573,13.6932],[100.61481,13.6932],[100.61481,13.69411],[100.61389,13.69411],[100.6139,13.69502],[100.61112,13.69504],[100.61113,13.69594],[100.6102,13.69595],[100.61021,13.69685],[100.61298,13.69683],[100.613,13.69864],[100.61485,13.69863],[100.61485,13.69953],[100.61115,13.69956],[100.61116,13.70046],[100.61393,13.70044],[100.61394,13.70135],[100.61301,13.70135],[100.61302,13.70226],[100.61117,13.70227],[100.61118,13.70317],[100.61025,13.70318],[100.61026,13.70408],[100.60934,13.70409],[100.60932,13.70228],[100.6084,13.70229],[100.6084,13.70319],[100.60748,13.7032],[100.60749,13.7041],[100.60841,13.70409],[100.60842,13.705],[100.60934,13.70499],[100.60937,13.70951],[100.60845,13.70952],[100.60845,13.71042],[100.60753,13.71043],[100.60752,13.70952],[100.60475,13.70954],[100.60476,13.71135],[100.60569,13.71134],[100.6057,13.71315],[100.60385,13.71316],[100.60386,13.71407],[100.60293,13.71407],[100.60292,13.71226],[100.60107,13.71228],[100.60108,13.71318],[100.60015,13.71319],[100.60016,13.71409],[100.59923,13.7141],[100.59926,13.71771],[100.59833,13.71772],[100.59834,13.71862],[100.59741,13.71863],[100.59742,13.71953],[100.5965,13.71954],[100.59651,13.72134],[100.59558,13.72135],[100.59557,13.71954],[100.59465,13.71955],[100.59464,13.71865],[100.59372,13.71865],[100.59372,13.71955],[100.5928,13.71956],[100.59281,13.72137],[100.59189,13.72137],[100.59189,13.72228],[100.59004,13.72229],[100.59005,13.72319],[100.5882,13.72321],[100.58821,13.72411],[100.58913,13.7241],[100.58914,13.72501],[100.58821,13.72501],[100.58822,13.72682],[100.58638,13.72683],[100.58639,13.72955],[100.58547,13.72955],[100.58546,13.72865],[100.58269,13.72866],[100.5827,13.72957],[100.58177,13.72957],[100.58178,13.73048],[100.5827,13.73047],[100.58272,13.73318],[100.58087,13.7332],[100.58086,13.73229],[100.57994,13.7323],[100.57995,13.7332],[100.5781,13.73321],[100.57809,13.73231],[100.57717,13.73232],[100.57718,13.73412],[100.57533,13.73414],[100.57535,13.73685],[100.57442,13.73685],[100.57443,13.73776],[100.5735,13.73776],[100.57351,13.73867],[100.56981,13.73869],[100.56981,13.73779],[100.56796,13.7378],[100.56797,13.74051],[100.56705,13.74052],[100.56706,13.74142],[100.56613,13.74143],[100.56614,13.74233],[100.56521,13.74234],[100.56524,13.74595],[100.56616,13.74594],[100.56617,13.74685],[100.56894,13.74683],[100.56895,13.74773],[100.56987,13.74773],[100.56988,13.74863],[100.56895,13.74864],[100.56896,13.75045],[100.56804,13.75045],[100.56805,13.75226],[100.5662,13.75227],[100.56621,13.75318],[100.56898,13.75316],[100.56898,13.75225],[100.5699,13.75225],[100.56991,13.75315],[100.57083,13.75315],[100.57083,13.75224],[100.57175,13.75224],[100.57174,13.75133],[100.57359,13.75132],[100.5736,13.75222],[100.57452,13.75222],[100.57452,13.75132],[100.57822,13.75129],[100.57821,13.75039],[100.57729,13.75039],[100.57727,13.74859],[100.5782,13.74858],[100.57819,13.74768],[100.57912,13.74767],[100.57914,13.75038],[100.58006,13.75038],[100.58007,13.75128],[100.58099,13.75127],[100.58101,13.75399],[100.58193,13.75398],[100.58193,13.75308],[100.5884,13.75303],[100.58841,13.75394],[100.58748,13.75394],[100.58749,13.75485],[100.58564,13.75486],[100.58566,13.75847],[100.58289,13.75849],[100.58288,13.75668],[100.58195,13.75669],[100.58195,13.75579],[100.58102,13.75579],[100.58104,13.7585],[100.57919,13.75852],[100.5792,13.75942],[100.57827,13.75943],[100.57828,13.76033],[100.57735,13.76034],[100.57736,13.76124],[100.57459,13.76126],[100.5746,13.76307],[100.57367,13.76307],[100.5737,13.76669],[100.57462,13.76668],[100.57461,13.76487],[100.57738,13.76486],[100.5774,13.76666],[100.57925,13.76665],[100.57925,13.76756],[100.57833,13.76756],[100.57833,13.76846],[100.57741,13.76847],[100.57741,13.76937],[100.57649,13.76938],[100.57652,13.7739],[100.57929,13.77388],[100.5793,13.77479],[100.58115,13.77477],[100.58116,13.77658],[100.58301,13.77657],[100.58302,13.77838],[100.5821,13.77838],[100.5821,13.77929],[100.58118,13.77929],[100.5812,13.78291],[100.57935,13.78292],[100.57937,13.78473],[100.58029,13.78472],[100.5803,13.78563],[100.58122,13.78562],[100.58123,13.78743],[100.58216,13.78742],[100.58217,13.78833],[100.58309,13.78832],[100.5831,13.78922],[100.58402,13.78922],[100.58403,13.79012],[100.5831,13.79013],[100.58311,13.79194],[100.58219,13.79194],[100.58218,13.79104],[100.58126,13.79104],[100.58128,13.79376],[100.58035,13.79376],[100.58036,13.79467],[100.57943,13.79467],[100.57944,13.79558],[100.57851,13.79558],[100.57853,13.79739],[100.5776,13.79739],[100.57761,13.7983],[100.57853,13.79829],[100.57855,13.801],[100.5804,13.80099],[100.58039,13.80009],[100.58317,13.80007],[100.58318,13.80188],[100.58226,13.80188],[100.58226,13.80279],[100.58134,13.80279],[100.58135,13.8046],[100.58043,13.80461],[100.58042,13.8037],[100.57949,13.80371],[100.57951,13.80642],[100.57859,13.80643],[100.57861,13.80914],[100.57768,13.80915],[100.57769,13.81095],[100.57862,13.81095],[100.57862,13.81185],[100.57585,13.81187],[100.57587,13.81458],[100.57494,13.81459],[100.57494,13.81368],[100.57401,13.81369],[100.57402,13.81459],[100.57309,13.8146],[100.5731,13.8155],[100.57217,13.81551],[100.57217,13.8146],[100.57124,13.81461],[100.57125,13.81551],[100.57032,13.81552],[100.57032,13.81462],[100.56847,13.81463],[100.56847,13.81553],[100.5694,13.81553],[100.56943,13.82004],[100.57035,13.82004],[100.57035,13.81914],[100.57127,13.81913],[100.57128,13.82003],[100.5722,13.82003],[100.57222,13.82183],[100.57314,13.82183],[100.57315,13.82273],[100.57407,13.82273],[100.57408,13.82453],[100.57316,13.82454],[100.57317,13.82544],[100.57409,13.82544],[100.5741,13.82725],[100.57503,13.82724],[100.57503,13.82814],[100.57688,13.82813],[100.5769,13.82994],[100.57782,13.82993],[100.57783,13.83174],[100.57876,13.83174],[100.57876,13.83264],[100.57969,13.83263],[100.5797,13.83444],[100.58063,13.83444],[100.58063,13.83534],[100.58248,13.83533],[100.58249,13.83714],[100.58342,13.83713],[100.58343,13.83803],[100.5825,13.83804],[100.58251,13.83894],[100.58158,13.83895],[100.58158,13.83804],[100.58065,13.83805],[100.58066,13.83986],[100.58159,13.83985],[100.58159,13.84076],[100.57882,13.84077],[100.57883,13.84258],[100.58068,13.84257],[100.58068,13.84167],[100.5816,13.84166],[100.58161,13.84256],[100.58253,13.84256],[100.58254,13.84346],[100.58346,13.84346],[100.58347,13.84436],[100.58439,13.84435],[100.5844,13.84526],[100.58532,13.84525],[100.58534,13.84796],[100.58627,13.84796],[100.58626,13.84705],[100.58811,13.84704],[100.58815,13.85246],[100.58907,13.85246],[100.58909,13.85427],[100.58816,13.85427],[100.58817,13.85518],[100.58724,13.85518],[100.58727,13.8588],[100.58819,13.85879],[100.58818,13.85698],[100.5891,13.85698],[100.58911,13.85788],[100.59004,13.85788],[100.59005,13.85968],[100.59097,13.85968],[100.59098,13.86058],[100.59283,13.86057],[100.59285,13.86419],[100.59378,13.86418],[100.59379,13.86599],[100.59564,13.86597],[100.59565,13.86688],[100.59657,13.86687],[100.59657,13.86597],[100.59749,13.86596],[100.5975,13.86687],[100.59842,13.86686],[100.59846,13.87228],[100.60031,13.87227],[100.6003,13.87137],[100.60123,13.87136],[100.60122,13.87046],[100.60307,13.87045],[100.60307,13.86954],[100.60492,13.86953],[100.60491,13.86863],[100.60676,13.86861],[100.60676,13.86771],[100.60861,13.8677],[100.6086,13.86679],[100.61045,13.86678],[100.61044,13.86588],[100.61229,13.86587],[100.61229,13.86496],[100.61414,13.86495],[100.61413,13.86405],[100.61506,13.86404],[100.61505,13.86314],[100.6169,13.86312],[100.61689,13.86222],[100.61782,13.86221],[100.61781,13.86131],[100.61874,13.8613],[100.61873,13.8604],[100.61966,13.86039],[100.61966,13.8613],[100.62059,13.86129],[100.62056,13.85768],[100.61964,13.85768],[100.61963,13.85678],[100.61778,13.85679],[100.61778,13.85589],[100.61963,13.85587],[100.61962,13.85497],[100.62054,13.85496],[100.62053,13.85316],[100.61961,13.85316],[100.6196,13.85226],[100.62053,13.85225],[100.62052,13.85135],[100.62237,13.85134],[100.62238,13.85224],[100.6233,13.85223],[100.62331,13.85314],[100.62423,13.85313],[100.62424,13.85404],[100.62609,13.85402],[100.62608,13.85222],[100.627,13.85221],[100.62699,13.8504],[100.62976,13.85038],[100.62976,13.84948],[100.63161,13.84947],[100.63161,13.85037],[100.63069,13.85038],[100.6307,13.85128],[100.63255,13.85127],[100.63254,13.85037],[100.63439,13.85035],[100.6344,13.85126],[100.63717,13.85124],[100.63716,13.85033],[100.63531,13.85035],[100.63531,13.84944],[100.63623,13.84944],[100.63623,13.84853],[100.639,13.84851],[100.63899,13.84671],[100.64084,13.84669],[100.64085,13.8476],[100.64177,13.84759],[100.64176,13.84669],[100.64361,13.84668],[100.64359,13.84396],[100.64267,13.84397],[100.64266,13.84216],[100.64081,13.84218],[100.6408,13.84127],[100.64358,13.84125],[100.64357,13.84035],[100.64449,13.84034],[100.6445,13.84125],[100.64635,13.84123],[100.64634,13.84033],[100.64727,13.84032],[100.64726,13.83942],[100.64819,13.83941],[100.64818,13.83851],[100.64911,13.8385],[100.64911,13.83941],[100.65189,13.83939],[100.65189,13.84029],[100.65282,13.84029],[100.65283,13.84209],[100.65561,13.84208],[100.6556,13.84117],[100.65653,13.84117],[100.65652,13.84026],[100.65744,13.84026],[100.65744,13.83935],[100.65651,13.83936],[100.6565,13.83755],[100.65835,13.83754],[100.65834,13.83663],[100.65742,13.83664],[100.65741,13.83574],[100.65926,13.83572],[100.65924,13.83301],[100.66109,13.833],[100.66111,13.83481],[100.66203,13.8348],[100.66204,13.8357],[100.66389,13.83569],[100.66388,13.83479],[100.66573,13.83478],[100.66572,13.83387],[100.66757,13.83386],[100.66757,13.83296],[100.66849,13.83295],[100.66849,13.83205],[100.66941,13.83204],[100.6694,13.83114],[100.67033,13.83113],[100.67032,13.83023],[100.67125,13.83022],[100.67124,13.82932],[100.67217,13.82931],[100.67216,13.82841],[100.67308,13.8284],[100.67308,13.82749],[100.674,13.82749],[100.67399,13.82568],[100.67492,13.82567],[100.67491,13.82477],[100.67583,13.82476],[100.67583,13.82386],[100.67768,13.82385],[100.67767,13.82294],[100.6786,13.82294],[100.6786,13.82384],[100.67953,13.82384],[100.67953,13.82474],[100.68046,13.82473],[100.68046,13.82564],[100.68139,13.82563],[100.6814,13.82653],[100.68232,13.82653],[100.68233,13.82743],[100.6814,13.82744],[100.68141,13.82834],[100.68048,13.82835],[100.6805,13.83016],[100.67957,13.83016],[100.67958,13.83107],[100.67865,13.83107],[100.67865,13.83017],[100.67772,13.83017],[100.67773,13.83108],[100.6768,13.83108],[100.67681,13.83199],[100.67404,13.83201],[100.67405,13.83382],[100.67312,13.83382],[100.67314,13.83653],[100.67407,13.83653],[100.67406,13.83562],[100.67499,13.83562],[100.675,13.83742],[100.67315,13.83744],[100.67316,13.83924],[100.67224,13.83925],[100.67226,13.84196],[100.67133,13.84197],[100.67131,13.83926],[100.66946,13.83927],[100.66946,13.83837],[100.66853,13.83837],[100.66854,13.83928],[100.66761,13.83928],[100.66762,13.84019],[100.66669,13.84019],[100.6667,13.8411],[100.66578,13.8411],[100.66578,13.84201],[100.66671,13.842],[100.66672,13.84381],[100.66394,13.84383],[100.66396,13.84563],[100.66303,13.84564],[100.66303,13.84474],[100.6621,13.84474],[100.66209,13.84384],[100.66117,13.84385],[100.66116,13.84204],[100.66023,13.84204],[100.66022,13.84024],[100.65929,13.84024],[100.6593,13.84115],[100.65745,13.84116],[100.65746,13.84206],[100.65931,13.84205],[100.65931,13.84295],[100.65839,13.84296],[100.65839,13.84386],[100.65932,13.84386],[100.65933,13.84567],[100.65841,13.84567],[100.65841,13.84658],[100.65934,13.84657],[100.65935,13.84747],[100.6575,13.84749],[100.6575,13.84839],[100.65565,13.8484],[100.65566,13.84931],[100.65473,13.84931],[100.65474,13.85022],[100.65381,13.85022],[100.65382,13.85113],[100.65197,13.85114],[100.65198,13.85295],[100.65013,13.85296],[100.65014,13.85386],[100.64644,13.85389],[100.64643,13.85298],[100.64181,13.85301],[100.64183,13.85573],[100.6409,13.85573],[100.64091,13.85664],[100.63906,13.85665],[100.63905,13.85574],[100.6372,13.85576],[100.63721,13.85666],[100.63813,13.85666],[100.63814,13.85756],[100.63721,13.85757],[100.63723,13.85937],[100.63445,13.85939],[100.63445,13.85849],[100.63352,13.85849],[100.63353,13.8594],[100.6326,13.8594],[100.63261,13.86031],[100.63168,13.86031],[100.63169,13.86122],[100.63354,13.86121],[100.63355,13.86211],[100.62985,13.86213],[100.62985,13.86304],[100.63078,13.86303],[100.63078,13.86394],[100.62986,13.86394],[100.62986,13.86485],[100.62801,13.86486],[100.62803,13.86667],[100.62618,13.86668],[100.62618,13.86758],[100.62526,13.86759],[100.62525,13.86578],[100.62432,13.86579],[100.62433,13.86759],[100.62341,13.8676],[100.62343,13.87122],[100.62251,13.87122],[100.6225,13.87032],[100.61788,13.87035],[100.61786,13.86854],[100.61416,13.86856],[100.61418,13.87037],[100.61325,13.87038],[100.61323,13.86767],[100.61046,13.86769],[100.61047,13.86949],[100.61232,13.86948],[100.61233,13.87038],[100.6114,13.87039],[100.61141,13.8722],[100.61049,13.8722],[100.61049,13.87311],[100.60957,13.87311],[100.60957,13.87402],[100.60772,13.87403],[100.60774,13.87584],[100.60681,13.87584],[100.60681,13.87494],[100.60588,13.87495],[100.60589,13.87675],[100.60497,13.87676],[100.60498,13.87857],[100.60406,13.87857],[100.60406,13.87948],[100.60591,13.87947],[100.60592,13.88127],[100.60685,13.88127],[100.60686,13.88217],[100.60871,13.88216],[100.60874,13.88668],[100.60966,13.88667],[100.60967,13.88758],[100.61059,13.88757],[100.61059,13.88667],[100.61151,13.88666],[100.61152,13.88756],[100.61337,13.88755],[100.61338,13.88846],[100.61245,13.88846],[100.61246,13.89027],[100.61154,13.89028],[100.61154,13.89118],[100.61062,13.89119],[100.61062,13.89209],[100.61248,13.89208],[100.61248,13.89298],[100.61341,13.89297],[100.61342,13.89478],[100.61434,13.89478],[100.61436,13.89749],[100.61251,13.8975],[100.61252,13.8984],[100.61344,13.8984],[100.61346,13.90021],[100.61161,13.90022],[100.61161,13.90112],[100.61069,13.90113],[100.61067,13.89932],[100.60975,13.89933],[100.60974,13.89752],[100.60881,13.89752],[100.60882,13.89843],[100.60789,13.89843],[100.60789,13.89753],[100.60696,13.89754],[100.60697,13.89844],[100.60604,13.89845],[100.60604,13.89754],[100.60511,13.89755],[100.6051,13.89574],[100.60417,13.89575],[100.60417,13.89484],[100.60324,13.89485],[100.60324,13.89395],[100.60231,13.89395],[100.6023,13.89214],[100.60045,13.89216],[100.60044,13.89125],[100.60137,13.89125],[100.60136,13.89034],[100.60044,13.89035],[100.60043,13.88944],[100.5995,13.88945],[100.59952,13.89126],[100.59859,13.89126],[100.59858,13.89036],[100.59673,13.89037],[100.59672,13.88857],[100.5958,13.88857],[100.59578,13.88676],[100.59301,13.88678],[100.593,13.88588],[100.59208,13.88588],[100.59207,13.88498],[100.59022,13.88499],[100.59023,13.8859],[100.5893,13.8859],[100.58931,13.88771],[100.59024,13.8877],[100.59025,13.88951],[100.58933,13.88952],[100.58933,13.89042],[100.58748,13.89043],[100.58749,13.89134],[100.58656,13.89134],[100.58657,13.89225],[100.58749,13.89224],[100.5875,13.89314],[100.58843,13.89314],[100.58843,13.89404],[100.58751,13.89405],[100.58751,13.89495],[100.58844,13.89495],[100.58846,13.89766],[100.58938,13.89765],[100.58939,13.89946],[100.59032,13.89945],[100.59033,13.90126],[100.59126,13.90126],[100.59127,13.90306],[100.59219,13.90306],[100.59221,13.90486],[100.59406,13.90485],[100.59408,13.90847],[100.59501,13.90846],[100.59502,13.91027],[100.59595,13.91026],[100.59596,13.91207],[100.59688,13.91207],[100.59689,13.91297],[100.59781,13.91296],[100.59783,13.91477],[100.59875,13.91476],[100.59876,13.91567],[100.59968,13.91566],[100.5997,13.91837],[100.60063,13.91837],[100.60063,13.91927],[100.60248,13.91926],[100.6025,13.92197],[100.60343,13.92197],[100.60343,13.92287],[100.59973,13.92289],[100.59973,13.92199],[100.5988,13.922],[100.59881,13.9229],[100.59788,13.92291],[100.59787,13.9211],[100.59417,13.92112],[100.59416,13.92022],[100.59231,13.92023],[100.59231,13.91933],[100.59138,13.91933],[100.59137,13.91843],[100.59045,13.91843],[100.59044,13.91753],[100.58859,13.91754],[100.58858,13.91574],[100.59043,13.91572],[100.5904,13.9112],[100.59225,13.91119],[100.59224,13.90938],[100.59131,13.90939],[100.59131,13.90849],[100.59223,13.90848],[100.59222,13.90667],[100.59129,13.90668],[100.59129,13.90577],[100.59036,13.90578],[100.59036,13.90488],[100.58943,13.90488],[100.58942,13.90308],[100.58757,13.90309],[100.58757,13.90399],[100.58665,13.904],[100.58666,13.9049],[100.58388,13.90492],[100.58387,13.90401],[100.58295,13.90402],[100.58294,13.90312],[100.58202,13.90312],[100.58201,13.90222],[100.58109,13.90223],[100.58108,13.90132],[100.58015,13.90133],[100.58014,13.89952],[100.58107,13.89951],[100.58106,13.89861],[100.58199,13.8986],[100.58198,13.8977],[100.58105,13.89771],[100.58105,13.8968],[100.58197,13.8968],[100.58196,13.89499],[100.58104,13.89499],[100.58103,13.89409],[100.57918,13.8941],[100.57917,13.8932],[100.57825,13.8932],[100.57824,13.8914],[100.57731,13.8914],[100.57732,13.89321],[100.57547,13.89322],[100.57547,13.89232],[100.57454,13.89232],[100.57456,13.89504],[100.57271,13.89505],[100.5727,13.89414],[100.57178,13.89415],[100.57178,13.89505],[100.56808,13.89508],[100.56809,13.89598],[100.56624,13.89599],[100.56625,13.8978],[100.56533,13.89781],[100.56533,13.89871],[100.56348,13.89872],[100.56349,13.89963],[100.56441,13.89962],[100.56442,13.90143],[100.5598,13.90146],[100.55979,13.90055],[100.55887,13.90056],[100.55885,13.89875],[100.56163,13.89873],[100.56162,13.89783],[100.557,13.89786],[100.557,13.89876],[100.55515,13.89878],[100.55516,13.89968],[100.55423,13.89969],[100.55424,13.90059],[100.55239,13.9006],[100.5524,13.90151],[100.55147,13.90151],[100.55148,13.90242],[100.54963,13.90243],[100.54962,13.90152],[100.54684,13.90154],[100.54685,13.90244],[100.54593,13.90245],[100.54593,13.90335],[100.54686,13.90335],[100.54686,13.90425],[100.54594,13.90426],[100.54594,13.90516],[100.54409,13.90517],[100.54412,13.90969],[100.54505,13.90969],[100.54505,13.91059],[100.54598,13.91059],[100.54599,13.91149],[100.54506,13.9115],[100.54508,13.91421],[100.54785,13.91419],[100.54785,13.91329],[100.54692,13.91329],[100.54689,13.90877],[100.54874,13.90876],[100.54874,13.90786],[100.55059,13.90784],[100.55058,13.90694],[100.55243,13.90693],[100.55244,13.90783],[100.55336,13.90783],[100.55337,13.90873],[100.55429,13.90872],[100.5543,13.90963],[100.55338,13.90963],[100.55338,13.91054],[100.55246,13.91054],[100.55246,13.91145],[100.55154,13.91145],[100.55154,13.91236],[100.55247,13.91235],[100.55247,13.91326],[100.55155,13.91326],[100.55156,13.91507],[100.55249,13.91506],[100.55248,13.91416],[100.55341,13.91415],[100.55342,13.91596],[100.55249,13.91597],[100.55251,13.91868],[100.55066,13.91869],[100.55068,13.9214],[100.54975,13.92141],[100.54976,13.92322],[100.54699,13.92323],[100.547,13.92504],[100.54608,13.92505],[100.54608,13.92595],[100.54516,13.92596],[100.54516,13.92686],[100.54609,13.92686],[100.54609,13.92776],[100.54239,13.92778],[100.54239,13.92688],[100.54331,13.92687],[100.54331,13.92597],[100.54238,13.92597],[100.54237,13.92507],[100.54422,13.92506],[100.54422,13.92416],[100.54514,13.92415],[100.54514,13.92325],[100.54329,13.92326],[100.54328,13.92145],[100.5442,13.92144],[100.54419,13.92054],[100.54327,13.92055],[100.54326,13.91964],[100.54234,13.91965],[100.54234,13.92055],[100.54142,13.92056],[100.54141,13.91965],[100.54049,13.91966],[100.54049,13.92056],[100.53957,13.92057],[100.53957,13.92147],[100.53865,13.92148],[100.53859,13.91334],[100.53674,13.91336],[100.53674,13.91245],[100.53489,13.91246],[100.53488,13.91066],[100.5358,13.91065],[100.53579,13.90975],[100.53672,13.90974],[100.5367,13.90703],[100.53578,13.90703],[100.53578,13.90794],[100.53393,13.90795],[100.53394,13.90885],[100.53301,13.90886],[100.53302,13.91067],[100.5321,13.91067],[100.53211,13.91158],[100.53118,13.91158],[100.53119,13.91249],[100.52841,13.9125],[100.5284,13.9116],[100.52748,13.91161],[100.52747,13.9098],[100.52654,13.9098],[100.52655,13.91071],[100.5247,13.91072],[100.52469,13.90891],[100.52376,13.90892],[100.52375,13.90711],[100.52282,13.90712],[100.52282,13.90621],[100.52189,13.90622],[100.5219,13.90803],[100.52283,13.90802],[100.52284,13.90983],[100.52192,13.90983],[100.52194,13.91345],[100.51824,13.91347],[100.51824,13.91438],[100.51732,13.91438],[100.51731,13.91348],[100.51639,13.91348],[100.51638,13.91258],[100.51453,13.91259],[100.51452,13.91169],[100.51545,13.91168],[100.51544,13.91078],[100.51174,13.9108],[100.51174,13.9099],[100.50989,13.90991],[100.5099,13.91262],[100.50805,13.91263],[100.50805,13.91173],[100.50712,13.91173],[100.50712,13.91083],[100.50527,13.91084],[100.50527,13.91174],[100.50435,13.91175],[100.50434,13.91085],[100.50341,13.91085],[100.50342,13.91176],[100.50064,13.91177],[100.50064,13.91087],[100.49786,13.91089],[100.49786,13.90998],[100.49878,13.90998],[100.49877,13.90817],[100.4997,13.90816],[100.49968,13.90635],[100.49876,13.90636],[100.49875,13.90455],[100.50152,13.90454],[100.50151,13.90182],[100.49966,13.90184],[100.49964,13.89912],[100.49779,13.89913],[100.49778,13.89733],[100.49963,13.89732],[100.49962,13.89641],[100.49869,13.89642],[100.49869,13.89551],[100.50054,13.8955],[100.50053,13.8946],[100.50146,13.89459],[100.50145,13.89369],[100.50238,13.89368],[100.50237,13.89278],[100.50422,13.89277],[100.50422,13.89186],[100.50514,13.89186],[100.50514,13.89095],[100.50699,13.89094],[100.50698,13.89004],[100.50606,13.89004],[100.50604,13.88733],[100.50696,13.88733],[100.50695,13.88462],[100.5088,13.8846],[100.50878,13.88189],[100.51155,13.88188],[100.51154,13.87916],[100.50969,13.87918],[100.50968,13.87737],[100.5106,13.87736],[100.51058,13.87465],[100.51243,13.87464],[100.51242,13.87193],[100.51334,13.87192],[100.51333,13.87102],[100.51241,13.87102],[100.5124,13.86922],[100.51332,13.86921],[100.51332,13.86831],[100.51424,13.8683],[100.51422,13.86559],[100.5133,13.86559],[100.51329,13.86469],[100.51052,13.86471],[100.51052,13.86561],[100.5096,13.86562],[100.50959,13.86471],[100.50867,13.86472],[100.50866,13.86381],[100.50774,13.86382],[100.50774,13.86472],[100.50682,13.86473],[100.50681,13.86383],[100.50589,13.86383],[100.50589,13.86474],[100.50497,13.86474],[100.50498,13.86655],[100.50313,13.86656],[100.50314,13.86837],[100.50222,13.86837],[100.5022,13.86657],[100.50128,13.86657],[100.50127,13.86567],[100.5022,13.86566],[100.50219,13.86476],[100.50034,13.86477],[100.50037,13.86839],[100.49759,13.8684],[100.49758,13.8675],[100.49666,13.8675],[100.49666,13.86841],[100.49481,13.86842],[100.49481,13.86752],[100.49388,13.86752],[100.49389,13.86843],[100.49111,13.86844],[100.49112,13.86935],[100.49019,13.86935],[100.49021,13.87206],[100.48836,13.87207],[100.48835,13.87027],[100.48742,13.87027],[100.48743,13.87118],[100.4865,13.87118],[100.48651,13.87209],[100.48744,13.87208],[100.48745,13.87389],[100.48652,13.87389],[100.48653,13.8748],[100.48468,13.87481],[100.4847,13.87842],[100.48378,13.87843],[100.48377,13.87753],[100.48192,13.87754],[100.48191,13.87663],[100.48099,13.87664],[100.48099,13.87754],[100.48007,13.87755],[100.48006,13.87664],[100.47821,13.87666],[100.47819,13.87304],[100.47911,13.87303],[100.4791,13.87123],[100.47448,13.87125],[100.47449,13.87397],[100.47357,13.87397],[100.47358,13.87488],[100.46987,13.8749],[100.46989,13.87671],[100.46896,13.87671],[100.46895,13.87581],[100.46803,13.87581],[100.46804,13.87672],[100.46711,13.87672],[100.4671,13.87582],[100.46618,13.87582],[100.46618,13.87673],[100.46248,13.87675],[100.46247,13.87494],[100.4634,13.87494],[100.46339,13.87403],[100.46154,13.87404],[100.46155,13.87495],[100.4597,13.87496],[100.4597,13.87586],[100.46063,13.87586],[100.46063,13.87676],[100.45971,13.87677],[100.45972,13.87857],[100.45879,13.87858],[100.45879,13.87768],[100.45786,13.87768],[100.45786,13.87678],[100.45693,13.87678],[100.45693,13.87588],[100.456,13.87589],[100.45602,13.8786],[100.45324,13.87861],[100.45325,13.88042],[100.45233,13.88043],[100.45233,13.88133],[100.45141,13.88134],[100.45142,13.88224],[100.45049,13.88225],[100.45048,13.88044],[100.44955,13.88044],[100.44956,13.88135],[100.44863,13.88135],[100.44865,13.88316],[100.44679,13.88317],[100.44679,13.88227],[100.44586,13.88227],[100.44585,13.88047],[100.44308,13.88048],[100.44307,13.87958],[100.44122,13.87959],[100.44122,13.87868],[100.43936,13.8787],[100.43936,13.87779],[100.44028,13.87779],[100.44028,13.87688],[100.43843,13.87689],[100.43845,13.8796],[100.43937,13.8796],[100.43938,13.88141],[100.43846,13.88141],[100.43846,13.88232],[100.43754,13.88232],[100.43755,13.88413],[100.43662,13.88414],[100.43662,13.88323],[100.43569,13.88324],[100.43568,13.88143],[100.43383,13.88144],[100.43385,13.88506],[100.43293,13.88506],[100.43292,13.88416],[100.432,13.88416],[100.43199,13.88326],[100.43292,13.88325],[100.43291,13.88235],[100.43199,13.88235],[100.43198,13.88145],[100.43105,13.88146],[100.43105,13.88055],[100.43012,13.88056],[100.43013,13.88146],[100.4292,13.88147],[100.42919,13.87966],[100.42827,13.87966],[100.42826,13.87876],[100.42919,13.87876],[100.42918,13.87695],[100.4301,13.87694],[100.4301,13.87604],[100.42825,13.87605],[100.42825,13.87695],[100.4264,13.87696],[100.42641,13.87787],[100.42548,13.87787],[100.42547,13.87607],[100.42454,13.87607],[100.42455,13.87697],[100.4227,13.87699],[100.42271,13.87879],[100.42179,13.8788],[100.42178,13.87789],[100.42085,13.8779],[100.42087,13.88061],[100.41717,13.88063],[100.41716,13.87973],[100.41624,13.87973],[100.41623,13.87883],[100.41716,13.87883],[100.41715,13.87792],[100.41438,13.87794],[100.41437,13.87703],[100.41345,13.87704],[100.41345,13.87794],[100.41253,13.87795],[100.41253,13.87885],[100.41438,13.87884],[100.41439,13.87975],[100.41531,13.87974],[100.41533,13.88245],[100.41441,13.88246],[100.41442,13.88426],[100.41257,13.88428],[100.41257,13.88518],[100.41165,13.88518],[100.41165,13.88609],[100.41443,13.88607],[100.41444,13.88788],[100.41536,13.88788],[100.41537,13.88878],[100.41352,13.88879],[100.41352,13.88969],[100.41445,13.88969],[100.41445,13.89059],[100.41353,13.8906],[100.41354,13.8915],[100.41261,13.89151],[100.4126,13.8906],[100.41075,13.89061],[100.41075,13.88971],[100.41167,13.8897],[100.41167,13.8888],[100.40889,13.88882],[100.4089,13.89062],[100.40983,13.89062],[100.40983,13.89152],[100.40891,13.89153],[100.40894,13.89695],[100.40987,13.89695],[100.40986,13.89604],[100.41079,13.89604],[100.4108,13.89785],[100.41172,13.89784],[100.41173,13.89874],[100.40803,13.89877],[100.40804,13.90057],[100.40896,13.90057],[100.40897,13.90147],[100.40619,13.90149],[100.40619,13.90058],[100.40434,13.90059],[100.40433,13.89969],[100.40526,13.89969],[100.40525,13.89878],[100.40618,13.89878],[100.40617,13.89787],[100.40525,13.89788],[100.40524,13.89697],[100.40617,13.89697],[100.40616,13.89606],[100.40709,13.89606],[100.40708,13.89515],[100.40615,13.89516],[100.40614,13.89335],[100.40522,13.89336],[100.40522,13.89426],[100.40337,13.89427],[100.40338,13.89518],[100.40153,13.89519],[100.40152,13.89428],[100.40245,13.89428],[100.40244,13.89247],[100.40151,13.89247],[100.40151,13.89157],[100.40243,13.89157],[100.40243,13.89066],[100.40335,13.89066],[100.40335,13.88975],[100.40242,13.88976],[100.40242,13.88885],[100.40334,13.88885],[100.40333,13.88704],[100.4024,13.88705],[100.4024,13.88614],[100.40332,13.88614],[100.40332,13.88523],[100.40147,13.88524],[100.40146,13.88434],[100.39961,13.88435],[100.39961,13.88345],[100.40053,13.88344],[100.40052,13.88163],[100.40145,13.88163],[100.40144,13.87982],[100.40236,13.87981],[100.40234,13.8771],[100.40327,13.8771],[100.40326,13.87619],[100.40419,13.87619],[100.40418,13.87438],[100.40603,13.87437],[100.40602,13.87347],[100.40787,13.87346],[100.40786,13.87165],[100.40971,13.87164],[100.40971,13.87073],[100.41063,13.87073],[100.41064,13.87254],[100.41157,13.87253],[100.41158,13.87343],[100.41435,13.87342],[100.41433,13.8698],[100.41803,13.86978],[100.41804,13.87068],[100.42174,13.87066],[100.42173,13.86976],[100.42266,13.86975],[100.42265,13.86885],[100.42543,13.86883],[100.42544,13.87064],[100.42636,13.87064],[100.42637,13.87244],[100.42545,13.87245],[100.42545,13.87335],[100.42638,13.87335],[100.42638,13.87425],[100.42823,13.87424],[100.42822,13.87243],[100.42915,13.87243],[100.42915,13.87333],[100.43008,13.87333],[100.43007,13.87152],[100.43099,13.87151],[100.43099,13.87061],[100.43006,13.87061],[100.43006,13.86971],[100.43098,13.86971],[100.43098,13.8688],[100.43283,13.86879],[100.43283,13.86969],[100.43376,13.86969],[100.43377,13.8715],[100.43562,13.87149],[100.43561,13.87058],[100.43654,13.87058],[100.43656,13.87419],[100.43564,13.8742],[100.43564,13.8751],[100.43749,13.87509],[100.43749,13.87419],[100.43841,13.87418],[100.43841,13.87328],[100.43933,13.87327],[100.43934,13.87418],[100.44026,13.87417],[100.44027,13.87507],[100.44119,13.87507],[100.4412,13.87597],[100.44582,13.87595],[100.44582,13.87504],[100.44397,13.87505],[100.44396,13.87415],[100.44304,13.87415],[100.44302,13.87144],[100.44395,13.87144],[100.44395,13.87234],[100.44488,13.87234],[100.44487,13.87053],[100.44579,13.87052],[100.4458,13.87143],[100.44765,13.87141],[100.44765,13.87232],[100.44858,13.87231],[100.44858,13.87322],[100.44951,13.87321],[100.44951,13.87412],[100.44859,13.87412],[100.44859,13.87503],[100.44767,13.87503],[100.44768,13.87593],[100.44953,13.87592],[100.44952,13.87502],[100.45045,13.87501],[100.45043,13.8723],[100.45135,13.8723],[100.45137,13.87501],[100.45507,13.87499],[100.45507,13.87408],[100.45414,13.87409],[100.45413,13.87228],[100.45505,13.87227],[100.45505,13.87137],[100.45597,13.87137],[100.45598,13.87227],[100.4569,13.87226],[100.4569,13.87136],[100.45782,13.87135],[100.45783,13.87226],[100.45876,13.87225],[100.45874,13.87045],[100.45967,13.87044],[100.45966,13.86954],[100.46059,13.86953],[100.46059,13.87043],[100.46152,13.87043],[100.46151,13.86862],[100.46891,13.86858],[100.4689,13.86677],[100.46982,13.86676],[100.46982,13.86586],[100.47074,13.86585],[100.47075,13.86676],[100.4726,13.86675],[100.47262,13.86946],[100.47354,13.86945],[100.47354,13.86855],[100.47446,13.86854],[100.47447,13.86945],[100.47632,13.86944],[100.47632,13.87034],[100.47725,13.87033],[100.47724,13.86943],[100.47909,13.86942],[100.47908,13.86761],[100.48001,13.86761],[100.48,13.8667],[100.47907,13.86671],[100.47906,13.8649],[100.47999,13.86489],[100.47998,13.86399],[100.48183,13.86398],[100.48182,13.86217],[100.48275,13.86217],[100.48276,13.86397],[100.48461,13.86396],[100.48462,13.86577],[100.48555,13.86576],[100.48555,13.86667],[100.4837,13.86668],[100.48371,13.86758],[100.48648,13.86757],[100.48649,13.86847],[100.48556,13.86848],[100.48557,13.86938],[100.48742,13.86937],[100.48741,13.86846],[100.48834,13.86846],[100.48832,13.86575],[100.48647,13.86576],[100.48646,13.86485],[100.48554,13.86486],[100.48553,13.86305],[100.48738,13.86304],[100.48737,13.86123],[100.48829,13.86123],[100.48829,13.86032],[100.48921,13.86032],[100.48922,13.86122],[100.49014,13.86122],[100.49015,13.86302],[100.49108,13.86302],[100.49106,13.86031],[100.49199,13.8603],[100.49198,13.8594],[100.49106,13.8594],[100.49104,13.8576],[100.49197,13.85759],[100.49196,13.85578],[100.49381,13.85577],[100.49382,13.85758],[100.49567,13.85757],[100.49568,13.85847],[100.49475,13.85848],[100.49476,13.85938],[100.49568,13.85937],[100.49569,13.86028],[100.49661,13.86027],[100.49661,13.85937],[100.49846,13.85936],[100.49845,13.85755],[100.49937,13.85754],[100.49938,13.85845],[100.5003,13.85844],[100.50031,13.85935],[100.50216,13.85934],[100.50215,13.85843],[100.50955,13.85839],[100.50954,13.85658],[100.50862,13.85658],[100.50861,13.85568],[100.50768,13.85569],[100.50768,13.85478],[100.5086,13.85478],[100.5086,13.85387],[100.50952,13.85387],[100.50951,13.85206],[100.50581,13.85208],[100.50581,13.85118],[100.50396,13.85119],[100.50395,13.85028],[100.50487,13.85028],[100.50487,13.84938],[100.50579,13.84937],[100.50579,13.84847],[100.50671,13.84846],[100.50671,13.84756],[100.50763,13.84755],[100.50762,13.84574],[100.5067,13.84575],[100.50668,13.84394],[100.50576,13.84395],[100.50575,13.84304],[100.50853,13.84303],[100.50852,13.84122],[100.50759,13.84122],[100.50757,13.83851],[100.50942,13.8385],[100.50941,13.83579],[100.51033,13.83578],[100.51032,13.83397],[100.51125,13.83397],[100.51125,13.83487],[100.51403,13.83486],[100.51401,13.83305],[100.51679,13.83303],[100.51678,13.83213],[100.51771,13.83212],[100.51772,13.83393],[100.51865,13.83392],[100.51864,13.83302],[100.51956,13.83301],[100.51956,13.83211],[100.52048,13.8321],[100.52048,13.8312],[100.5214,13.83119],[100.5214,13.83029],[100.51955,13.8303],[100.51954,13.8294],[100.52047,13.82939],[100.52046,13.82849],[100.52231,13.82848],[100.52232,13.82938],[100.52324,13.82938],[100.52323,13.82757],[100.52415,13.82756],[100.52415,13.82666],[100.52322,13.82666],[100.52321,13.82486],[100.52229,13.82486],[100.52227,13.82305],[100.52505,13.82304],[100.52506,13.82394],[100.52783,13.82392],[100.52782,13.82302],[100.5269,13.82302],[100.52689,13.82212],[100.52504,13.82213],[100.52504,13.82123],[100.52411,13.82123],[100.5241,13.81943],[100.52503,13.81942],[100.52501,13.81761],[100.52594,13.81761],[100.52592,13.8149],[100.52685,13.81489],[100.52683,13.81218],[100.52498,13.81219],[100.52497,13.81038],[100.52589,13.81038],[100.52589,13.80947],[100.52311,13.80949],[100.52312,13.81039],[100.52219,13.8104],[100.5222,13.8113],[100.52127,13.81131],[100.52127,13.8104],[100.52034,13.81041],[100.52034,13.80951],[100.51849,13.80952],[100.51845,13.80409],[100.51938,13.80409],[100.51937,13.80319],[100.51845,13.80319],[100.51844,13.80229],[100.51937,13.80228],[100.51936,13.80138],[100.51843,13.80138],[100.51843,13.80048],[100.52028,13.80047],[100.52027,13.79866],[100.52212,13.79865],[100.52212,13.79955],[100.52397,13.79954],[100.52398,13.80044],[100.52583,13.80043],[100.52583,13.80134],[100.52676,13.80133],[100.52675,13.79952],[100.53045,13.7995],[100.53044,13.7986],[100.53229,13.79859],[100.53228,13.79768],[100.53321,13.79768],[100.53321,13.79858],[100.53414,13.79857],[100.53415,13.79948],[100.536,13.79947],[100.53599,13.79856],[100.53506,13.79857],[100.53506,13.79766],[100.53783,13.79765],[100.53783,13.79674],[100.53968,13.79673],[100.53967,13.79583],[100.53875,13.79583],[100.53874,13.79493],[100.54059,13.79492],[100.5406,13.79673],[100.54245,13.79671],[100.54244,13.79491],[100.54336,13.7949],[100.54338,13.79671],[100.54615,13.79669],[100.54615,13.79579],[100.54522,13.79579],[100.5452,13.79308],[100.54335,13.79309],[100.54335,13.79219],[100.54242,13.79219],[100.54242,13.79129],[100.54149,13.7913],[100.54147,13.78858],[100.54055,13.78859],[100.54055,13.78949],[100.5387,13.78951],[100.5387,13.7886],[100.53962,13.7886],[100.53961,13.78679],[100.54054,13.78678],[100.54053,13.78588],[100.53961,13.78588],[100.5396,13.78498],[100.53868,13.78499],[100.53866,13.78227],[100.53773,13.78228],[100.53773,13.78138],[100.53865,13.78137],[100.53864,13.77956],[100.53679,13.77957],[100.53678,13.77867],[100.53771,13.77867],[100.53769,13.77595],[100.53862,13.77595],[100.53861,13.77504],[100.53769,13.77505],[100.53768,13.77415],[100.5386,13.77414],[100.5386,13.77324],[100.53767,13.77324],[100.53766,13.77143],[100.53674,13.77144],[100.53673,13.76963],[100.5358,13.76964],[100.53581,13.77054],[100.53303,13.77056],[100.53303,13.76966],[100.5321,13.76966],[100.5321,13.76876],[100.53025,13.76877],[100.53023,13.76606],[100.52745,13.76607],[100.52745,13.76517],[100.52837,13.76516],[100.52837,13.76426],[100.52929,13.76425],[100.52929,13.76335],[100.52836,13.76336],[100.52835,13.76155],[100.52742,13.76155],[100.52743,13.76246],[100.52466,13.76248],[100.52464,13.76067],[100.52557,13.76066],[100.52556,13.75976],[100.52741,13.75975],[100.52741,13.75884],[100.52648,13.75885],[100.52648,13.75794],[100.52555,13.75795],[100.52554,13.75614],[100.52462,13.75615],[100.52463,13.75796],[100.5237,13.75796],[100.5237,13.75706],[100.52277,13.75706],[100.52275,13.75345],[100.52182,13.75345],[100.52181,13.75165],[100.52366,13.75163],[100.52365,13.74983],[100.52273,13.74983],[100.52272,13.74893],[100.52179,13.74893],[100.52181,13.75074],[100.52088,13.75075],[100.52088,13.74984],[100.51995,13.74985],[100.51995,13.74895],[100.5181,13.74896],[100.51809,13.74805],[100.51901,13.74805],[100.51901,13.74714],[100.51808,13.74715],[100.51807,13.74444],[100.51714,13.74444],[100.51716,13.74716],[100.51623,13.74716],[100.51624,13.74806],[100.51532,13.74807],[100.51532,13.74897],[100.5144,13.74898],[100.5144,13.74988],[100.51348,13.74989],[100.51348,13.75079],[100.51163,13.7508],[100.51162,13.749],[100.5107,13.749],[100.5107,13.74991],[100.50978,13.74991],[100.50979,13.75082],[100.50886,13.75082],[100.50888,13.75353],[100.50795,13.75354],[100.50796,13.75444],[100.50703,13.75445],[100.50704,13.75535],[100.50612,13.75536],[100.50612,13.75626],[100.5052,13.75627],[100.5052,13.75717],[100.50428,13.75718],[100.50427,13.75627],[100.5015,13.75629],[100.50149,13.75539],[100.49964,13.7554],[100.49964,13.75449],[100.49779,13.75451],[100.49778,13.7536],[100.49408,13.75362],[100.49409,13.75453],[100.49316,13.75453],[100.49315,13.75273],[100.4913,13.75274],[100.49129,13.75093],[100.48852,13.75095],[100.4885,13.74823],[100.48942,13.74823],[100.48941,13.74552],[100.49033,13.74551],[100.49033,13.74461],[100.49125,13.7446],[100.49125,13.7437],[100.49309,13.74369],[100.49308,13.74188],[100.49401,13.74187],[100.494,13.74097],[100.49585,13.74096],[100.49585,13.74005],[100.49862,13.74004],[100.49861,13.73913],[100.50046,13.73912],[100.50047,13.74003],[100.50232,13.74001],[100.50231,13.73911],[100.50324,13.7391],[100.50323,13.7382],[100.50785,13.73817],[100.50784,13.73636],[100.50877,13.73636],[100.50876,13.73546],[100.50414,13.73548],[100.50414,13.73639],[100.50322,13.73639],[100.50321,13.73549],[100.50137,13.7355],[100.50136,13.7346],[100.49859,13.73461],[100.49858,13.73371],[100.49766,13.73372],[100.49765,13.73281],[100.49857,13.73281],[100.49856,13.731],[100.49949,13.73099],[100.49948,13.73009],[100.49763,13.7301],[100.49763,13.7292],[100.49855,13.72919],[100.49855,13.72829],[100.49577,13.7283],[100.49578,13.73011],[100.49486,13.73012],[100.49485,13.72921],[100.493,13.72922],[100.49299,13.72742],[100.48929,13.72744],[100.48928,13.72473],[100.48835,13.72473],[100.48836,13.72564],[100.48743,13.72564],[100.48744,13.72655],[100.48466,13.72656],[100.48468,13.72927],[100.48191,13.72929],[100.48191,13.73019],[100.48284,13.73019],[100.48284,13.73109],[100.48469,13.73108],[100.4847,13.73289],[100.48655,13.73288],[100.48654,13.73107],[100.48747,13.73106],[100.48747,13.73197],[100.49302,13.73194],[100.49305,13.73645],[100.49028,13.73647],[100.49028,13.73738],[100.49121,13.73737],[100.49122,13.73918],[100.49029,13.73918],[100.4903,13.74009],[100.49122,13.74008],[100.49123,13.74099],[100.4903,13.74099],[100.49032,13.7437],[100.4894,13.74371],[100.4894,13.74461],[100.48755,13.74462],[100.48756,13.74553],[100.48571,13.74554],[100.4857,13.74373],[100.48477,13.74374],[100.48478,13.74554],[100.48201,13.74556],[100.482,13.74466],[100.48108,13.74466],[100.48109,13.74647],[100.48017,13.74648],[100.48017,13.74738],[100.47925,13.74739],[100.47924,13.74558],[100.47831,13.74558],[100.47831,13.74468],[100.47923,13.74467],[100.47922,13.74287],[100.47829,13.74287],[100.47829,13.74197],[100.47736,13.74197],[100.47738,13.74378],[100.47553,13.74379],[100.47553,13.7447],[100.47461,13.7447],[100.47462,13.74651],[100.47369,13.74651],[100.4737,13.74742],[100.47277,13.74742],[100.47278,13.74833],[100.47186,13.74833],[100.47186,13.74924],[100.47371,13.74923],[100.47372,13.75103],[100.47465,13.75103],[100.47466,13.75284],[100.47651,13.75283],[100.47651,13.75373],[100.47744,13.75372],[100.47744,13.75463],[100.47837,13.75462],[100.47838,13.75643],[100.47653,13.75644],[100.47654,13.75735],[100.47469,13.75736],[100.4747,13.75916],[100.47377,13.75917],[100.47378,13.76007],[100.4747,13.76007],[100.47471,13.76097],[100.47563,13.76097],[100.47564,13.76277],[100.47472,13.76278],[100.47473,13.76368],[100.47658,13.76367],[100.47658,13.76458],[100.47566,13.76458],[100.47566,13.76549],[100.47751,13.76547],[100.47751,13.76457],[100.47843,13.76457],[100.47844,13.76637],[100.48029,13.76636],[100.48032,13.77088],[100.48124,13.77088],[100.48124,13.76997],[100.48494,13.76995],[100.48493,13.76905],[100.48586,13.76904],[100.48587,13.77085],[100.48494,13.77085],[100.48496,13.77357],[100.48774,13.77355],[100.48774,13.77445],[100.48867,13.77445],[100.48866,13.77354],[100.48958,13.77354],[100.4896,13.77535],[100.49237,13.77533],[100.49238,13.77714],[100.49146,13.77714],[100.49146,13.77805],[100.49424,13.77803],[100.49424,13.77893],[100.49609,13.77892],[100.4961,13.77983],[100.49702,13.77982],[100.49702,13.77892],[100.49979,13.7789],[100.4998,13.78071],[100.50073,13.7807],[100.50073,13.78161],[100.50166,13.7816],[100.50168,13.78431],[100.50075,13.78432],[100.50076,13.78522],[100.50168,13.78522],[100.50169,13.78702],[100.50447,13.78701],[100.50447,13.78791],[100.5054,13.7879],[100.5054,13.78881],[100.50725,13.7888],[100.50727,13.7906],[100.50819,13.7906],[100.5082,13.7915],[100.50912,13.7915],[100.50913,13.7924],[100.51005,13.7924],[100.51006,13.7933],[100.51098,13.79329],[100.51099,13.7942],[100.51191,13.79419],[100.51192,13.7951],[100.51099,13.7951],[100.511,13.79601],[100.51285,13.79599],[100.51286,13.7978],[100.51471,13.79779],[100.51473,13.80141],[100.51566,13.8014],[100.51567,13.8023],[100.51474,13.80231],[100.51476,13.80502],[100.51661,13.80501],[100.51661,13.80591],[100.51476,13.80593],[100.51477,13.80683],[100.51292,13.80684],[100.51293,13.80865],[100.51016,13.80867],[100.51205,13.81046],[100.51294,13.81046],[100.51295,13.81125],[100.51387,13.81135],[100.5141,13.81226],[100.5148,13.81225],[100.51526,13.81327],[100.51389,13.81407],[100.51204,13.8144],[100.51205,13.81498],[100.50928,13.81538],[100.50928,13.8159],[100.5074,13.81604],[100.50559,13.81728],[100.50559,13.81773],[100.50467,13.81791],[100.50467,13.81864],[100.50358,13.81865],[100.50283,13.81956],[100.5019,13.81956],[100.5019,13.81908],[100.50097,13.81867],[100.50097,13.81824],[100.49446,13.81238],[100.49353,13.81238],[100.49353,13.81153],[100.4926,13.81148],[100.4926,13.81069],[100.49167,13.81059],[100.49167,13.80985],[100.49126,13.80969],[100.49074,13.81048],[100.49075,13.8115],[100.49008,13.8115],[100.48983,13.81241],[100.48891,13.81329],[100.48892,13.81512],[100.48843,13.81513],[100.48801,13.81753],[100.48803,13.81965],[100.48618,13.81966],[100.48617,13.81917],[100.48557,13.81912],[100.48566,13.82085],[100.48171,13.82084],[100.48204,13.82242],[100.48158,13.8233],[100.48065,13.82376],[100.48066,13.82421],[100.47973,13.82465],[100.47997,13.82816],[100.47791,13.82822],[100.47792,13.83056],[100.47747,13.83056],[100.4774,13.83162],[100.47608,13.83186],[100.47608,13.83238],[100.47331,13.83239],[100.46602,13.82533],[100.46587,13.82611],[100.46467,13.82612],[100.46402,13.8265],[100.46402,13.82702],[100.4631,13.82703],[100.46218,13.82794],[100.45941,13.82918],[100.45942,13.82976],[100.4584,13.82977],[100.45757,13.83025],[100.45757,13.83068],[100.45632,13.83098],[100.45295,13.83071],[100.45294,13.83033],[100.44831,13.82983],[100.44831,13.82945],[100.43977,13.82807],[100.43906,13.82841],[100.43906,13.82898],[100.43721,13.82929],[100.43721,13.82989],[100.43537,13.83017],[100.43537,13.83081],[100.434,13.83082],[100.42891,13.83324],[100.42891,13.83356],[100.42761,13.83386],[100.42707,13.83538],[100.42647,13.83538],[100.42615,13.83629],[100.42548,13.8367],[100.42485,13.83556],[100.4243,13.83574],[100.4243,13.8363],[100.42338,13.8363],[100.4225,13.8354],[100.42152,13.83541],[100.42152,13.83463],[100.42059,13.83451],[100.42059,13.8339],[100.41966,13.83361],[100.41966,13.83317],[100.41679,13.83092],[100.41594,13.83092],[100.41594,13.83024],[100.41501,13.83002],[100.41451,13.82912],[100.41316,13.82913],[100.41315,13.82852],[100.4113,13.82824],[100.4113,13.82769],[100.40945,13.82734],[100.40944,13.82686],[100.40759,13.82645],[100.40759,13.82603],[100.40574,13.82556],[100.40573,13.82521],[100.40303,13.824],[100.40204,13.82648],[100.40166,13.82648],[100.40112,13.82746],[100.40113,13.8283],[100.40066,13.8283],[100.40021,13.82913],[100.40021,13.83011],[100.39966,13.83011],[100.3994,13.83059],[100.39729,13.82922],[100.39651,13.82923],[100.3965,13.82871],[100.39453,13.82743],[100.39372,13.82743],[100.39372,13.8269],[100.39315,13.82653],[100.39094,13.82655],[100.39094,13.826],[100.38724,13.82566],[100.38723,13.82515],[100.38445,13.82477],[100.38445,13.82443],[100.3826,13.82388],[100.3826,13.82344],[100.38173,13.82298],[100.38074,13.82299],[100.38074,13.82246],[100.38005,13.82209],[100.37889,13.82209],[100.37888,13.82147],[100.3761,13.8203],[100.375,13.8194],[100.37425,13.81941],[100.37424,13.819],[100.37332,13.81851],[100.37239,13.81851],[100.37239,13.81801],[100.37164,13.81761],[100.37054,13.81762],[100.37053,13.81702],[100.36996,13.81672],[100.36868,13.81673],[100.36868,13.81604],[100.36828,13.81583],[100.36405,13.81634],[100.36406,13.81675],[100.35943,13.81713],[100.34965,13.81683],[100.34928,13.82135],[100.34876,13.82136],[100.34838,13.82498],[100.32988,13.82552],[100.32988,13.82598],[100.32803,13.82599],[100.32803,13.82556],[100.32525,13.8251],[100.32525,13.82462],[100.32403,13.8242],[100.32247,13.82421],[100.32247,13.82367],[100.32142,13.82331],[100.31969,13.82332],[100.31969,13.82273],[100.3192,13.82256],[100.31877,13.82423],[100.3184,13.82423],[100.31786,13.82604],[100.31602,13.82923],[100.31603,13.83057],[100.31538,13.83058],[100.31512,13.83239],[100.31452,13.83239],[100.3142,13.8342],[100.31366,13.8342],[100.31329,13.83601],[100.31279,13.83602],[100.31237,13.83783],[100.31193,13.83783],[100.31146,13.83964],[100.31107,13.83964],[100.31054,13.84145],[100.3102,13.84145],[100.30871,13.84459],[100.30872,13.84598],[100.30804,13.84599],[100.3078,13.84779],[100.30718,13.8478],[100.30689,13.84961],[100.30632,13.84961],[100.30597,13.85142],[100.30545,13.85142],[100.30506,13.85323],[100.30459,13.85324],[100.30414,13.85505],[100.30373,13.85505],[100.30323,13.85686],[100.30286,13.85686],[100.30231,13.85867],[100.30048,13.86187],[100.30049,13.8632],[100.29984,13.86321],[100.29957,13.86501],[100.29898,13.86502],[100.29866,13.86683],[100.29812,13.86683],[100.29774,13.86864],[100.29725,13.86864],[100.29682,13.86955],[100.29775,13.86954],[100.29775,13.87032],[100.29868,13.87044],[100.29868,13.8711],[100.29961,13.87134],[100.30006,13.87315],[100.30054,13.87315],[100.30098,13.87586],[100.30148,13.87585],[100.30189,13.87856],[100.30797,13.87728],[100.30796,13.87672],[100.31139,13.8764],[100.31907,13.87666],[100.31907,13.87708],[100.3224,13.87737],[100.32277,13.87755],[100.32278,13.87935],[100.32233,13.87936],[100.32214,13.88476],[100.32466,13.88477],[100.32467,13.88526],[100.32652,13.88562],[100.32652,13.88476],[100.32703,13.88476],[100.32743,13.88294],[100.32835,13.88204],[100.33104,13.88155],[100.33668,13.88199],[100.33668,13.88251],[100.34131,13.88287],[100.34131,13.88329],[100.34176,13.88337],[100.34136,13.891],[100.34101,13.89101],[100.34045,13.89372],[100.33992,13.89372],[100.33953,13.89553],[100.3392,13.89554],[100.33861,13.89701],[100.33862,13.89825],[100.33812,13.89825],[100.33771,13.90006],[100.33679,13.90159],[100.3368,13.90278],[100.33631,13.90278],[100.33497,13.90617],[100.33497,13.90731],[100.33451,13.90731],[100.33405,13.90846],[100.33406,13.91003],[100.33343,13.91003],[100.33315,13.91184],[100.33269,13.91188],[100.33225,13.91637],[100.33169,13.91637],[100.33134,13.91999],[100.33089,13.91999],[100.33055,13.92153],[100.33135,13.9218],[100.33136,13.92223],[100.33601,13.92629],[100.33693,13.92628],[100.33694,13.9271],[100.33786,13.92718],[100.33787,13.92791],[100.33879,13.92808],[100.3388,13.92872],[100.33972,13.92898],[100.33973,13.92953],[100.34159,13.93078],[100.34183,13.93168],[100.34252,13.93168],[100.34252,13.93256],[100.34396,13.93438],[100.34438,13.93438],[100.34468,13.93528],[100.34531,13.93528],[100.34532,13.93609],[100.34718,13.93798],[100.34753,13.93888],[100.34811,13.93888],[100.34824,13.93978],[100.34904,13.93978],[100.34905,13.9408],[100.35038,13.94248],[100.35091,13.94248],[100.35109,13.94338],[100.35184,13.94338],[100.35184,13.94434],[100.35323,13.94608],[100.35371,13.94608],[100.35394,13.94698],[100.35464,13.94698],[100.35464,13.94787],[100.35624,13.94989],[100.35466,13.9509],[100.35466,13.9515],[100.35371,13.9515],[100.35282,13.95241],[100.35189,13.95267],[100.3519,13.95332],[100.35086,13.95333],[100.35005,13.95385],[100.35134,13.95604],[100.35191,13.95603],[100.35192,13.95697],[100.35285,13.95784],[100.35412,13.96054],[100.35472,13.96054],[100.35523,13.96505],[100.35567,13.96505],[100.35605,13.97522],[100.35578,13.98494],[100.35538,13.98494],[100.35487,13.98675],[100.3545,13.98675],[100.35395,13.98857],[100.35361,13.98857],[100.35304,13.99038],[100.35272,13.99038],[100.34965,13.99664],[100.3503,13.99672],[100.35122,13.99762],[100.35216,13.99761],[100.35216,13.9982],[100.3541,13.99941],[100.35494,13.99941],[100.35495,13.99994],[100.35592,14.00031],[100.3614,13.99485],[100.36232,13.99437],[100.36232,13.99394],[100.36324,13.99352],[100.36324,13.99303],[100.36416,13.99267],[100.36416,13.99212],[100.37156,13.99076],[100.37155,13.99027],[100.37384,13.99026],[100.37618,13.98975],[100.37618,13.98934],[100.3781,13.98933],[100.37988,13.98895],[100.37987,13.98842],[100.3808,13.98841],[100.38081,13.99057],[100.38123,13.99293],[100.38175,13.99293],[100.38176,13.99467],[100.38361,13.9942],[100.38361,13.99382],[100.38512,13.99381],[100.38731,13.99326],[100.38731,13.9929],[100.38876,13.99289],[100.39101,13.99232],[100.391,13.99197],[100.39378,13.99161],[100.39378,13.99105],[100.39603,13.99104],[100.39748,13.99067],[100.39747,13.99013],[100.39967,13.99011],[100.40117,13.98973],[100.40117,13.9892],[100.40331,13.98919],[100.40487,13.98879],[100.40487,13.98828],[100.40694,13.98826],[100.40857,13.98785],[100.40856,13.98735],[100.41058,13.98734],[100.41226,13.98691],[100.41226,13.98642],[100.41422,13.98641],[100.41596,13.98597],[100.41596,13.9855],[100.41786,13.98549],[100.41966,13.98503],[100.41966,13.98457],[100.42149,13.98456],[100.42336,13.98409],[100.42335,13.98365],[100.42513,13.98364],[100.42705,13.98315],[100.42705,13.98272],[100.42877,13.98271],[100.43075,13.98221],[100.43075,13.9818],[100.4344,13.98128],[100.43444,13.98087],[100.43537,13.98057],[100.43536,13.97996],[100.43621,13.97996],[100.43813,13.97855],[100.43813,13.97814],[100.43905,13.97788],[100.43905,13.97723],[100.43995,13.97722],[100.44182,13.97586],[100.44182,13.9754],[100.44274,13.97519],[100.44274,13.97449],[100.4437,13.97449],[100.4455,13.97317],[100.4455,13.97267],[100.44643,13.97249],[100.44642,13.97176],[100.44744,13.97175],[100.44919,13.97047],[100.44919,13.96994],[100.45011,13.9698],[100.45011,13.96903],[100.45118,13.96902],[100.45195,13.96811],[100.45288,13.96778],[100.45287,13.9672],[100.4538,13.9672],[100.45416,13.9681],[100.45473,13.9681],[100.45498,13.969],[100.45566,13.96899],[100.45579,13.9699],[100.45659,13.96989],[100.45714,13.9735],[100.45754,13.9735],[100.45785,13.97712],[100.45848,13.97621],[100.4607,13.97619],[100.46124,13.97348],[100.46163,13.97348],[100.46216,13.97167],[100.464,13.97122],[100.464,13.97075],[100.46678,13.97053],[100.46676,13.96802],[100.46765,13.96802],[100.46768,13.96711],[100.46859,13.96711],[100.48424,13.95204],[100.48424,13.95165],[100.48516,13.95116],[100.48516,13.95074],[100.48608,13.95027],[100.48608,13.94892],[100.4867,13.94892],[100.48699,13.94711],[100.4874,13.94711],[100.4879,13.94439],[100.48847,13.94439],[100.48881,13.94258],[100.48974,13.94235],[100.48973,13.94167],[100.49158,13.94141],[100.49158,13.94075],[100.49343,13.94046],[100.49342,13.93984],[100.49527,13.93951],[100.49527,13.93892],[100.49712,13.93856],[100.49711,13.93801],[100.49896,13.93761],[100.49896,13.93709],[100.50178,13.93672],[100.50266,13.93707],[100.50266,13.93795],[100.50398,13.93977],[100.50453,13.93977],[100.50457,13.9406],[100.50546,13.94067],[100.50546,13.9411],[100.5063,13.94157],[100.50732,13.94156],[100.50732,13.94214],[100.5095,13.94336],[100.52584,13.94325],[100.52584,13.94364],[100.52765,13.94415],[100.52954,13.94413],[100.52955,13.94467],[100.5314,13.94503],[100.53236,13.94592],[100.53326,13.94592],[100.53326,13.94669],[100.53419,13.94682],[100.53419,13.94747],[100.53512,13.94771],[100.53512,13.94826],[100.53698,13.94951],[100.53754,13.95131],[100.53792,13.95131],[100.53846,13.95402],[100.53886,13.95402],[100.53903,13.9557],[100.54165,13.95551],[100.54164,13.954],[100.54203,13.954],[100.54202,13.95358],[100.54419,13.95398],[100.54453,13.95293],[100.54533,13.95272],[100.54533,13.95217],[100.54746,13.95216],[100.54903,13.95174],[100.54903,13.95124],[100.55273,13.95076],[100.55272,13.95031],[100.55457,13.9503],[100.55463,13.95121],[100.5555,13.95104],[100.5555,13.9503],[100.5565,13.95029],[100.55711,13.94983],[100.56056,13.95026],[100.56105,13.94936],[100.5629,13.94935],[100.5629,13.94977],[100.56568,13.95023],[100.56568,13.95063],[100.56731,13.95112],[100.56846,13.95112],[100.56846,13.95168],[100.57032,13.95201],[100.57032,13.95266],[100.57311,13.9538],[100.57406,13.95463],[100.57589,13.95419],[100.57588,13.95378],[100.57958,13.95329],[100.57958,13.95285],[100.58328,13.9524],[100.58327,13.95193],[100.58697,13.9515],[100.58697,13.951],[100.59067,13.95061],[100.59067,13.95007],[100.59241,13.95006],[100.59344,13.9496],[100.59344,13.94915],[100.59528,13.94877],[100.59528,13.94823],[100.59713,13.94794],[100.59713,13.94732],[100.59854,13.94731],[100.5999,13.94639],[100.60174,13.94587],[100.60174,13.94548],[100.60359,13.94504],[100.60358,13.94456],[100.60568,13.9441],[100.60547,13.94907],[100.60497,13.94907],[100.60456,13.95194],[100.60458,13.95428],[100.60653,13.95438],[100.60647,13.96081],[100.60573,13.96082],[100.60559,13.96715],[100.60744,13.96713],[100.60744,13.96623],[100.61021,13.96621],[100.61022,13.96711],[100.60929,13.96712],[100.6093,13.96802],[100.6056,13.96805],[100.6056,13.96895],[100.60473,13.96896],[100.60471,13.97348],[100.60417,13.97348],[100.60383,13.97981],[100.60338,13.97981],[100.60327,13.98072],[100.60383,13.98072],[100.60384,13.98162],[100.60477,13.98161],[100.60478,13.98342],[100.6057,13.98341],[100.60571,13.98432],[100.60664,13.98431],[100.60665,13.98612],[100.60757,13.98611],[100.60759,13.98792],[100.60666,13.98793],[100.60667,13.98974],[100.60575,13.98974],[100.60574,13.98884],[100.60389,13.98885],[100.60391,13.99156],[100.60298,13.99157],[100.603,13.99338],[100.60207,13.99338],[100.60209,13.99576],[100.60579,13.99607],[100.6058,13.99661],[100.6095,13.99695],[100.6095,13.99746],[100.61321,13.99783],[100.61321,13.99831],[100.61692,13.99871],[100.61692,13.99916],[100.62063,13.99959],[100.62063,14.0],[100.62434,14.00046],[100.62434,14.00085],[100.62805,14.00134],[100.62805,14.0017],[100.63036,14.00223],[100.63268,14.00222],[100.63268,14.00276],[100.63639,14.00309],[100.63639,14.00361],[100.6401,14.00397],[100.6401,14.00446],[100.64381,14.00485],[100.64381,14.00531],[100.64752,14.00573],[100.64752,14.00616],[100.65122,14.00661],[100.65123,14.007],[100.65322,14.00746],[100.65864,14.00746],[100.65864,14.00794],[100.6679,14.0083],[100.6679,14.00876],[100.67258,14.00917],[100.67716,14.00914],[100.67717,14.00958],[100.68087,14.01002],[100.68088,14.01058],[100.68273,14.01091],[100.68273,14.0114],[100.68459,14.0118],[100.68459,14.01222],[100.68645,14.01269],[100.68645,14.01304],[100.68972,14.01448],[100.69109,14.01447],[100.69109,14.01508],[100.69294,14.01536],[100.69295,14.0159],[100.6948,14.01625],[100.69481,14.01672],[100.69666,14.01714],[100.69666,14.01753],[100.69852,14.01803],[100.69852,14.01835],[100.70185,14.01982],[100.70316,14.01981],[100.70316,14.0204],[100.70387,14.02071],[100.70502,14.0207],[100.70502,14.02135],[100.70698,14.02249],[100.70781,14.02249],[100.70781,14.02298],[100.70851,14.02339],[100.70967,14.02338],[100.70967,14.02406],[100.7106,14.02427],[100.71157,14.02517],[100.71246,14.02517],[100.71246,14.02569],[100.7131,14.02606],[100.71432,14.02606],[100.71432,14.02678],[100.71525,14.02695],[100.71616,14.02785],[100.71711,14.02784],[100.71711,14.0284],[100.71922,14.02964],[100.7199,14.02963],[100.72075,14.03053],[100.73194,14.03135],[100.73196,14.03348],[100.74125,14.03761],[100.74245,14.03851],[100.74311,14.0385],[100.7443,14.0394],[100.74497,14.03939],[100.74616,14.04029],[100.74682,14.04028],[100.74802,14.04118],[100.74868,14.04118],[100.74987,14.04207],[100.75054,14.04207],[100.75173,14.04296],[100.7524,14.04296],[100.75358,14.04385],[100.75426,14.04385],[100.75544,14.04474],[100.75704,14.04473],[100.75705,14.04531],[100.7589,14.04562],[100.7589,14.04595],[100.76053,14.04651],[100.76168,14.0465],[100.76169,14.04691],[100.76309,14.0474],[100.76447,14.04739],[100.76447,14.04788],[100.76565,14.04828],[100.76725,14.04827],[100.76726,14.04884],[100.76911,14.04916],[100.76911,14.04948],[100.77076,14.05005],[100.77189,14.05004],[100.7719,14.05045],[100.77332,14.05094],[100.77468,14.05093],[100.77468,14.05141],[100.77587,14.05182],[100.77746,14.05181],[100.77747,14.05237],[100.77932,14.0527],[100.77932,14.05302],[100.78099,14.05359],[100.78211,14.05358],[100.78211,14.05398],[100.78354,14.05448],[100.78489,14.05447],[100.78489,14.05495],[100.7861,14.05536],[100.78767,14.05535],[100.78768,14.05591],[100.78953,14.05624],[100.78954,14.05655],[100.79121,14.05713],[100.79232,14.05712],[100.79232,14.05752],[100.79377,14.05802],[100.7951,14.05801],[100.79511,14.05848],[100.79633,14.0589],[100.79789,14.05889],[100.79789,14.05944],[100.79975,14.05978],[100.80144,14.06067],[100.80253,14.06066],[100.80253,14.06105],[100.804,14.06156],[100.80531,14.06155],[100.80532,14.06201],[100.80656,14.06244],[100.8081,14.06243],[100.8081,14.06298],[100.80996,14.06332],[100.81167,14.06421],[100.81274,14.0642],[100.81274,14.06458],[100.81423,14.06509],[100.81553,14.06508],[100.81553,14.06555],[100.81678,14.06598],[100.81831,14.06597],[100.81831,14.06651],[100.82017,14.06686],[100.8219,14.06775],[100.82295,14.06774],[100.82296,14.06811],[100.82446,14.06863],[100.82574,14.06862],[100.82574,14.06908],[100.82701,14.06952],[100.82852,14.06951],[100.82853,14.07004],[100.82957,14.0704],[100.83131,14.07039],[100.83131,14.071],[100.83317,14.07128],[100.83317,14.07165],[100.83469,14.07217],[100.83595,14.07216],[100.83595,14.07261],[100.83724,14.07305],[100.83874,14.07304],[100.83874,14.07357],[100.8398,14.07394],[100.84152,14.07393],[100.84153,14.07454],[100.84338,14.07482],[100.84338,14.07518],[100.84491,14.07571],[100.84616,14.0757],[100.84617,14.07614],[100.84747,14.07659],[100.84895,14.07658],[100.84895,14.0771],[100.85003,14.07748],[100.85173,14.07746],[100.85174,14.07807],[100.85359,14.07835],[100.8536,14.07871],[100.85514,14.07924],[100.85638,14.07923],[100.85638,14.07967],[100.8577,14.08013],[100.85916,14.08012],[100.85917,14.08063],[100.86026,14.08101],[100.86195,14.081],[100.86195,14.0816],[100.86381,14.08189],[100.86381,14.08224],[100.86537,14.08278],[100.86659,14.08277],[100.86659,14.0832],[100.86793,14.08366],[100.86938,14.08365],[100.86938,14.08417],[100.87049,14.08455],[100.87216,14.08454],[100.87217,14.08513],[100.87402,14.08542],[100.87402,14.08577],[100.8756,14.08632],[100.8768,14.08631],[100.87681,14.08673],[100.87816,14.0872],[100.87959,14.08719],[100.87959,14.0877],[100.88072,14.08808],[100.88237,14.08807],[100.88238,14.08866],[100.88423,14.08896],[100.88424,14.0893],[100.88583,14.08985],[100.88702,14.08984],[100.88702,14.09026],[100.88839,14.09074],[100.8898,14.09072],[100.88981,14.09122],[100.89095,14.09162],[100.89259,14.09161],[100.89259,14.09219],[100.89445,14.0925],[100.89445,14.09283],[100.89606,14.09339],[100.89723,14.09338],[100.89724,14.09379],[100.89862,14.09427],[100.90002,14.09426],[100.90002,14.09475],[100.90118,14.09515],[100.9028,14.09514],[100.90281,14.09572],[100.90466,14.09603],[100.90467,14.09636],[100.9063,14.09692],[100.90745,14.09691],[100.90745,14.09732],[100.90885,14.0978],[100.91023,14.09779],[100.91024,14.09828],[100.91141,14.09869],[100.91302,14.09867],[100.91302,14.09924],[100.91395,14.09956],[100.91388,14.09053],[100.91434,14.09053],[100.91468,14.07553],[100.91358,13.94308],[100.91307,13.93871],[100.91262,13.93871],[100.91211,13.93058],[100.91163,13.93059],[100.91159,13.92614],[100.91105,13.92155],[100.91063,13.92156],[100.9101,13.91343],[100.90963,13.91343],[100.90914,13.9053],[100.90864,13.90531],[100.90861,13.90072],[100.90808,13.89627],[100.90764,13.89628],[100.90713,13.88815],[100.90665,13.88815],[100.90593,13.85652],[100.90547,13.85653],[100.90544,13.85343],[100.90487,13.85111],[100.9045,13.85111],[100.9042,13.84842],[100.90632,13.84801],[100.90632,13.84748],[100.91187,13.84696],[100.91185,13.8454],[100.91146,13.84473],[100.91092,13.84474],[100.91091,13.84381],[100.9104,13.84293],[100.90998,13.84294],[100.90998,13.84222],[100.90881,13.84023],[100.90811,13.84024],[100.9081,13.83903],[100.90755,13.8381],[100.90809,13.83753],[100.90993,13.83627],[100.90992,13.83571],[100.91085,13.83556],[100.91084,13.8348],[100.91185,13.83479],[100.9136,13.83344],[100.9136,13.83297],[100.91452,13.83273],[100.91452,13.83206],[100.91541,13.83205],[100.91728,13.83061],[100.91728,13.83023],[100.9182,13.8299],[100.9182,13.82932],[100.91912,13.8292],[100.91911,13.8284],[100.92016,13.8284],[100.92188,13.82707],[100.92187,13.82658],[100.9228,13.82637],[100.92279,13.82566],[100.92372,13.82566],[100.92555,13.82424],[100.92555,13.82384],[100.92647,13.82354],[100.92647,13.82292],[100.92727,13.82292],[100.93015,13.82071],[100.93014,13.82018],[100.93107,13.82],[100.93106,13.81927],[100.93202,13.81927],[100.93382,13.81788],[100.93382,13.81744],[100.93474,13.81717],[100.93474,13.81653],[100.93558,13.81653],[100.93842,13.81413],[100.93749,13.8138],[100.93748,13.81295],[100.93602,13.8111],[100.93562,13.8111],[100.93532,13.8102],[100.93468,13.81021],[100.93468,13.8094],[100.93281,13.80751],[100.93248,13.80661],[100.93188,13.80661],[100.93187,13.80584],[100.92964,13.80302],[100.92908,13.80302],[100.92893,13.80212],[100.92814,13.80212],[100.92814,13.80122],[100.92721,13.80123],[100.92721,13.80066],[100.92512,13.79944],[100.92442,13.79944],[100.92442,13.79903],[100.92359,13.79855],[100.92257,13.79855],[100.92256,13.79794],[100.92054,13.79676],[100.91978,13.79677],[100.91977,13.79632],[100.91901,13.79587],[100.91792,13.79588],[100.91792,13.79523],[100.91596,13.79409],[100.91513,13.79409],[100.91513,13.7936],[100.91443,13.79319],[100.91328,13.7932],[100.91327,13.79251],[100.91234,13.79231],[100.91138,13.79141],[100.91049,13.79142],[100.91048,13.79089],[100.90956,13.79052],[100.90928,13.78962],[100.90862,13.78962],[100.90861,13.78848],[100.90822,13.78782],[100.90768,13.78782],[100.90768,13.78689],[100.90716,13.78602],[100.90674,13.78602],[100.90674,13.7853],[100.90558,13.78332],[100.90487,13.78333],[100.90486,13.78211],[100.90452,13.78152],[100.90393,13.78153],[100.90393,13.78052],[100.90346,13.77972],[100.90299,13.77973],[100.90299,13.77893],[100.90206,13.77793],[100.90081,13.77522],[100.90018,13.77523],[100.90018,13.77415],[100.89975,13.77343],[100.89925,13.77343],[100.89924,13.77256],[100.89831,13.77163],[100.8971,13.76893],[100.89644,13.76893],[100.89643,13.76778],[100.89604,13.76713],[100.8955,13.76713],[100.89549,13.76619],[100.89498,13.76533],[100.89456,13.76533],[100.89455,13.76459],[100.89339,13.76263],[100.89269,13.76263],[100.89268,13.76141],[100.89234,13.76083],[100.89175,13.76083],[100.89174,13.75982],[100.89128,13.75903],[100.89081,13.75903],[100.8908,13.75822],[100.88987,13.75723],[100.88863,13.75453],[100.888,13.75454],[100.88799,13.75344],[100.88757,13.75273],[100.88706,13.75274],[100.88705,13.75185],[100.88651,13.75093],[100.88612,13.75094],[100.88492,13.74823],[100.88425,13.74824],[100.88424,13.74707],[100.88386,13.74643],[100.88331,13.74644],[100.8833,13.74548],[100.8828,13.74463],[100.88237,13.74464],[100.88237,13.74389],[100.88122,13.74194],[100.8805,13.74194],[100.88049,13.7407],[100.88016,13.74014],[100.87956,13.74014],[100.8791,13.73834],[100.87862,13.73834],[100.87862,13.73753],[100.87745,13.73564],[100.87675,13.73564],[100.87674,13.73449],[100.87634,13.73384],[100.87581,13.73384],[100.87581,13.73297],[100.87487,13.73204],[100.87357,13.72934],[100.873,13.72934],[100.873,13.7284],[100.87247,13.72754],[100.87207,13.72754],[100.87081,13.72484],[100.8702,13.72485],[100.87019,13.72384],[100.8697,13.72304],[100.86926,13.72305],[100.86925,13.72232],[100.86804,13.72034],[100.86739,13.72035],[100.86738,13.71927],[100.86693,13.71855],[100.86645,13.71855],[100.86644,13.71775],[100.86527,13.71585],[100.86458,13.71585],[100.86457,13.71471],[100.86416,13.71405],[100.86364,13.71405],[100.86363,13.71318],[100.8627,13.71225],[100.8625,13.71135],[100.86177,13.71135],[100.86176,13.71014],[100.86139,13.70955],[100.86083,13.70955],[100.86082,13.70862],[100.85989,13.70775],[100.85863,13.70505],[100.85802,13.70506],[100.85801,13.70405],[100.85752,13.70325],[100.85708,13.70325],[100.85708,13.70253],[100.85586,13.70055],[100.85521,13.70056],[100.8552,13.69875],[100.85634,13.69874],[100.85704,13.69845],[100.85704,13.69783],[100.85856,13.69782],[100.85981,13.6973],[100.85981,13.69691],[100.86073,13.6969],[100.86025,13.69419],[100.85978,13.6942],[100.85937,13.68968],[100.8579,13.69012],[100.85791,13.6906],[100.85663,13.69061],[100.85514,13.69118],[100.85514,13.69152],[100.8533,13.69189],[100.8533,13.69244],[100.85184,13.69245],[100.85053,13.69295],[100.85053,13.69336],[100.84869,13.69366],[100.84869,13.69428],[100.84704,13.69429],[100.84592,13.69472],[100.84593,13.6952],[100.84464,13.69521],[100.84316,13.69578],[100.84316,13.69613],[100.84132,13.69649],[100.84132,13.69705],[100.83985,13.69706],[100.83855,13.69755],[100.83855,13.69797],[100.83671,13.69826],[100.83671,13.69889],[100.83505,13.6989],[100.83394,13.69933],[100.83395,13.69981],[100.83265,13.69982],[100.83118,13.70039],[100.83118,13.70074],[100.82933,13.7011],[100.82934,13.70165],[100.82785,13.70166],[100.82657,13.70216],[100.82657,13.70258],[100.82546,13.70259],[100.82196,13.70393],[100.82196,13.70442],[100.82066,13.70443],[100.8192,13.70499],[100.8192,13.70534],[100.81735,13.7057],[100.81736,13.70626],[100.81586,13.70627],[100.81459,13.70676],[100.81459,13.70719],[100.81347,13.70719],[100.80998,13.70853],[100.80998,13.70903],[100.80867,13.70904],[100.80721,13.7096],[100.80722,13.70995],[100.80537,13.7103],[100.80537,13.71087],[100.80387,13.71088],[100.8026,13.71137],[100.80261,13.71179],[100.80147,13.7118],[100.798,13.71314],[100.798,13.71363],[100.79523,13.7142],[100.79523,13.71456],[100.79154,13.71504],[100.79154,13.71549],[100.78692,13.71593],[100.78693,13.71643],[100.78336,13.71662],[100.78269,13.71465],[100.78229,13.71465],[100.78228,13.71345],[100.78177,13.71194],[100.78135,13.71195],[100.78107,13.70989],[100.78133,13.70924],[100.78225,13.70901],[100.78224,13.70832],[100.78317,13.70832],[100.78501,13.70695],[100.785,13.7061],[100.78214,13.70381],[100.78128,13.70381],[100.78128,13.70312],[100.78035,13.70292],[100.78035,13.70237],[100.77942,13.70202],[100.77942,13.70163],[100.77756,13.70022],[100.77636,13.69752],[100.77569,13.69753],[100.77568,13.69635],[100.77532,13.69572],[100.77475,13.69572],[100.77475,13.69473],[100.77428,13.69392],[100.77382,13.69392],[100.77381,13.69311],[100.77288,13.69212],[100.77168,13.68942],[100.77101,13.68942],[100.771,13.68824],[100.77064,13.68762],[100.77007,13.68762],[100.77006,13.68662],[100.7696,13.68582],[100.76913,13.68582],[100.76913,13.685],[100.76819,13.68402],[100.767,13.68132],[100.76633,13.68132],[100.76632,13.68014],[100.76596,13.67952],[100.76539,13.67952],[100.76538,13.67852],[100.76492,13.67772],[100.76445,13.67772],[100.76444,13.6769],[100.76351,13.67592],[100.76321,13.67476],[100.76443,13.67458],[100.76442,13.67411],[100.76787,13.67408],[100.77089,13.67364],[100.77089,13.67316],[100.77274,13.67314],[100.77274,13.67351],[100.77736,13.67401],[100.77737,13.67447],[100.77947,13.6749],[100.78199,13.67488],[100.782,13.67542],[100.7857,13.67576],[100.7857,13.67619],[100.78791,13.67665],[100.79081,13.67663],[100.79122,13.67301],[100.79167,13.67301],[100.79213,13.67096],[100.79177,13.6703],[100.7912,13.6703],[100.79119,13.66921],[100.79081,13.66849],[100.79026,13.6685],[100.79026,13.66759],[100.79076,13.66759],[100.79117,13.66668],[100.79209,13.66635],[100.79209,13.66577],[100.79301,13.66549],[100.793,13.66429],[100.79208,13.66397],[100.79207,13.66302],[100.79078,13.66126],[100.79021,13.66127],[100.7902,13.66047],[100.7888,13.65857],[100.78834,13.65857],[100.78814,13.65767],[100.78741,13.65767],[100.78701,13.65587],[100.78647,13.65587],[100.78646,13.65415],[100.78585,13.65226],[100.78552,13.65226],[100.78531,13.65059],[100.78458,13.65046],[100.78425,13.64956],[100.78365,13.64957],[100.78333,13.64866],[100.78272,13.64867],[100.78241,13.64777],[100.78179,13.64777],[100.78178,13.64687],[100.78363,13.6467],[100.78307,13.64505],[100.78269,13.64505],[100.78216,13.64235],[100.78175,13.64235],[100.78125,13.63964],[100.7808,13.63964],[100.78059,13.63767],[100.78333,13.63691],[100.78303,13.6342],[100.78261,13.63421],[100.78259,13.6315],[100.78444,13.63118],[100.78394,13.62335],[100.78345,13.62336],[100.78345,13.62245],[100.78404,13.62245],[100.78435,13.61973],[100.78485,13.61973],[100.78525,13.61702],[100.78566,13.61701],[100.78616,13.61459],[100.78579,13.6134],[100.78523,13.6134],[100.78521,13.61153],[100.78468,13.60979],[100.78428,13.60979],[100.78384,13.60708],[100.78333,13.60709],[100.78332,13.60539],[100.78273,13.60348],[100.78238,13.60348],[100.78229,13.60206],[100.78144,13.60168],[100.78103,13.60078],[100.78051,13.60078],[100.78015,13.59988],[100.77958,13.59988],[100.77937,13.59537],[100.77678,13.59574],[100.77678,13.59629],[100.77477,13.59633],[100.77369,13.5945],[100.77307,13.59451],[100.77306,13.59344],[100.77263,13.5927],[100.77214,13.59271],[100.77213,13.59185],[100.77026,13.5891],[100.76986,13.58299],[100.76929,13.58278],[100.769,13.58188],[100.76836,13.58189],[100.76786,13.58008],[100.76742,13.58009],[100.76741,13.57835],[100.76692,13.57647],[100.76647,13.57648],[100.76598,13.57287],[100.76552,13.57287],[100.76504,13.56926],[100.76457,13.56926],[100.7641,13.56565],[100.76362,13.56565],[100.76316,13.56204],[100.76267,13.56204],[100.76235,13.55893],[100.76262,13.55572],[100.76539,13.55529],[100.76539,13.55479],[100.76908,13.5544],[100.76908,13.55386],[100.77185,13.55374],[100.77131,13.54842],[100.77088,13.54843],[100.7708,13.54532],[100.76944,13.54211],[100.76899,13.54211],[100.76867,13.54031],[100.76805,13.54031],[100.76804,13.53882],[100.76752,13.5376],[100.76711,13.53761],[100.76676,13.5358],[100.76617,13.53581],[100.76616,13.53439],[100.76561,13.5331],[100.76523,13.5331],[100.76485,13.5313],[100.76429,13.5313],[100.76426,13.52678],[100.76517,13.52596],[100.76517,13.52497],[100.76584,13.52496],[100.76608,13.52406],[100.76681,13.52351],[100.76608,13.52315],[100.76606,13.52135],[100.76992,13.52132],[100.77437,13.52082],[100.77437,13.52038],[100.77709,13.52036],[100.77713,13.51946],[100.77762,13.51946],[100.77805,13.51871],[100.77805,13.51764],[100.77867,13.51764],[100.77985,13.51562],[100.78392,13.5158],[100.78466,13.51372],[100.7854,13.51351],[100.7854,13.51307],[100.78632,13.51307],[100.78524,13.51217],[100.78447,13.51218],[100.78447,13.51169],[100.7831,13.51084],[100.78445,13.50946],[100.78443,13.50726],[100.78299,13.50405],[100.78256,13.50406],[100.78218,13.50225],[100.78163,13.50225],[100.78162,13.50101],[100.78068,13.49955],[100.7804,13.49232],[100.7797,13.49233],[100.7797,13.49172],[100.77785,13.49143],[100.77785,13.49102],[100.77658,13.49054],[100.77415,13.49105],[100.77416,13.49146],[100.77215,13.49148],[100.76954,13.49202],[100.76955,13.4924],[100.76585,13.4928],[100.76586,13.49333],[100.76328,13.49335],[100.76124,13.49378],[100.76125,13.49426],[100.75885,13.49428],[100.75663,13.49475],[100.75664,13.4952],[100.75442,13.49522],[100.75202,13.49572],[100.75202,13.49614],[100.74998,13.49615],[100.74741,13.49669],[100.74741,13.49707],[100.74372,13.49747],[100.74372,13.498],[100.74112,13.49802],[100.73911,13.49844],[100.73911,13.49894],[100.73669,13.49895],[100.7345,13.49942],[100.7345,13.49987],[100.72989,13.50039],[100.72989,13.50081],[100.72237,13.50086],[100.71234,13.50139],[100.71235,13.50183],[100.70781,13.50186],[100.70867,13.50457],[100.70683,13.50487],[100.70683,13.50549],[100.68467,13.5061],[100.68467,13.50654],[100.6803,13.50657],[100.67913,13.50701],[100.67913,13.50748],[100.67784,13.50749],[100.67637,13.50804],[100.67637,13.5084],[100.67452,13.50874],[100.67453,13.50932],[100.67294,13.50933],[100.67176,13.50977],[100.67176,13.51024],[100.67049,13.51025],[100.669,13.51081],[100.669,13.51116],[100.66715,13.5115],[100.66716,13.51208],[100.66559,13.51209],[100.66439,13.51254],[100.66439,13.513],[100.66314,13.51301],[100.66163,13.51358],[100.66163,13.51393],[100.65978,13.51427],[100.65979,13.51484],[100.65823,13.51485],[100.65702,13.51531],[100.65702,13.51576],[100.65578,13.51577],[100.65426,13.51634],[100.65426,13.51669],[100.64503,13.51807],[100.64503,13.51855],[100.63949,13.5191],[100.6395,13.51949],[100.63488,13.51995],[100.63488,13.52043],[100.63119,13.52064],[100.6312,13.52136],[100.63018,13.52136],[100.62843,13.52263],[100.62844,13.52318],[100.62767,13.52319],[100.62568,13.52501],[100.62476,13.52531],[100.62476,13.52592],[100.62391,13.52592],[100.62292,13.52665],[100.62292,13.52774],[100.62251,13.52774],[100.62201,13.52955],[100.61651,13.53501],[100.61559,13.53548],[100.61559,13.53592],[100.61467,13.53633],[100.61467,13.53683],[100.61375,13.53718],[100.61375,13.53774],[100.61283,13.53803],[100.61284,13.53865],[100.59733,13.53899],[100.59714,13.54056],[100.59649,13.54056],[100.59567,13.5421],[100.59347,13.54375],[100.59347,13.5442],[100.59255,13.54444],[100.59255,13.54511],[100.59165,13.54511],[100.58979,13.54651],[100.58979,13.54693],[100.58887,13.5472],[100.58888,13.54784],[100.58801,13.54785],[100.58611,13.54927],[100.58612,13.54967],[100.58519,13.54996],[100.5852,13.55058],[100.58436,13.55058],[100.58244,13.55203],[100.58244,13.5524],[100.58152,13.55271],[100.58152,13.55331],[100.5806,13.5534],[100.5806,13.55422],[100.57997,13.55423],[100.57969,13.55604],[100.57919,13.55604],[100.57878,13.55785],[100.57842,13.55785],[100.57786,13.55915],[100.57787,13.56057],[100.57726,13.56057],[100.57696,13.56238],[100.57648,13.56238],[100.57613,13.56321],[100.57647,13.5651],[100.57698,13.56509],[100.57745,13.57051],[100.57794,13.57051],[100.57795,13.57238],[100.57888,13.57322],[100.5802,13.57592],[100.58075,13.57592],[100.58075,13.57679],[100.58168,13.57772],[100.58192,13.57862],[100.58261,13.57862],[100.58262,13.57973],[100.58306,13.58042],[100.58355,13.58042],[100.58355,13.5812],[100.58478,13.58312],[100.58541,13.58312],[100.58542,13.58413],[100.58592,13.58492],[100.58635,13.58492],[100.58636,13.5856],[100.58764,13.58762],[100.58822,13.58762],[100.58822,13.58854],[100.58915,13.58942],[100.58936,13.59032],[100.59008,13.59032],[100.59009,13.59148],[100.5905,13.59212],[100.59102,13.59212],[100.59102,13.59294],[100.59196,13.59392],[100.59292,13.60024],[100.59255,13.60025],[100.59202,13.60387],[100.59162,13.60387],[100.59112,13.60658],[100.59019,13.6069],[100.5902,13.60749],[100.58919,13.6075],[100.58835,13.608],[100.58836,13.60841],[100.58766,13.60841],[100.58559,13.60966],[100.5856,13.61023],[100.57913,13.61071],[100.57913,13.61118],[100.56897,13.61171],[100.56897,13.61215],[100.56233,13.61236],[100.56159,13.6131],[100.56066,13.6133],[100.56067,13.61401],[100.5594,13.61401],[100.55882,13.61434],[100.55883,13.61492],[100.55779,13.61493],[100.55698,13.61538],[100.55698,13.61584],[100.55617,13.61584],[100.55514,13.61675],[100.55238,13.61799],[100.55238,13.61858],[100.55146,13.61877],[100.55178,13.61949],[100.55239,13.61948],[100.55248,13.62101],[100.55425,13.62128],[100.55425,13.6217],[100.55548,13.62217],[100.55702,13.62216],[100.55703,13.62278],[100.55795,13.62306],[100.55832,13.62396],[100.55888,13.62396],[100.55889,13.6249],[100.55982,13.62576],[100.56109,13.62847],[100.56169,13.62846],[100.56169,13.62945],[100.5622,13.63027],[100.56262,13.63027],[100.56263,13.63097],[100.56386,13.63297],[100.56449,13.63297],[100.56449,13.63387],[100.56542,13.63386],[100.56542,13.63464],[100.56635,13.63476],[100.56635,13.63538],[100.56728,13.63566],[100.56728,13.63613],[100.56877,13.63733],[100.56913,13.63655],[100.57006,13.63618],[100.57005,13.63564],[100.57097,13.63536],[100.57097,13.63473],[100.57189,13.63454],[100.57189,13.63382],[100.57276,13.63377],[100.57329,13.63472],[100.57651,13.63429],[100.57651,13.63379],[100.57743,13.63369],[100.57743,13.63288],[100.57847,13.63288],[100.58019,13.63153],[100.58019,13.63106],[100.58111,13.63081],[100.58111,13.63015],[100.58388,13.62973],[100.58387,13.62923],[100.58702,13.62884],[100.58757,13.6292],[100.58796,13.63191],[100.58851,13.63191],[100.58852,13.63376],[100.58906,13.63552],[100.58946,13.63552],[100.58989,13.63823],[100.5904,13.63822],[100.591,13.64184],[100.59135,13.64183],[100.59136,13.64274],[100.59228,13.64273],[100.5923,13.64544],[100.59322,13.64544],[100.59324,13.64725],[100.59416,13.64724],[100.59415,13.64634],[100.59785,13.64631],[100.59786,13.64722],[100.59601,13.64723],[100.59603,13.64994],[100.5951,13.64994],[100.59511,13.65085],[100.59418,13.65085],[100.59419,13.65176],[100.59327,13.65176],[100.5933,13.65628],[100.5928,13.65629],[100.59242,13.66352],[100.5915,13.66443],[100.58966,13.66486],[100.58966,13.66535],[100.58781,13.66564],[100.58782,13.66626],[100.58635,13.66627],[100.58505,13.66683],[100.58505,13.66718],[100.5832,13.66762],[100.58321,13.6681],[100.58136,13.66841],[100.58137,13.66902],[100.57952,13.6692],[100.57994,13.66993],[100.58045,13.66992],[100.58045,13.67069],[100.58176,13.67263],[100.58231,13.67262],[100.58232,13.67346],[100.58358,13.67533],[100.58418,13.67532],[100.58419,13.67623],[100.5854,13.67803],[100.58605,13.67802],[100.58605,13.67899],[100.58698,13.67983],[100.58722,13.68073],[100.58791,13.68072],[100.58792,13.68176],[100.58885,13.68253],[100.58891,13.69066],[100.58813,13.69067],[100.58799,13.69157],[100.58742,13.69157],[100.58523,13.6944],[100.58524,13.6952],[100.58461,13.69521],[100.58432,13.69611],[100.5834,13.69645],[100.5834,13.69702],[100.58252,13.69703],[100.58064,13.69828],[100.58064,13.69885],[100.57977,13.69885],[100.57788,13.70012],[100.57788,13.70067],[100.57658,13.70068],[100.57511,13.7016],[100.57327,13.70202],[100.57327,13.70251],[100.57204,13.70252],[100.56866,13.70389],[100.56866,13.70435],[100.56589,13.7048],[100.56589,13.70527],[100.5622,13.70565],[100.5622,13.7062],[100.55665,13.70623],[100.55665,13.70574],[100.55487,13.70548],[100.55387,13.70444],[100.55362,13.70354],[100.55294,13.70354],[100.55293,13.70246],[100.55247,13.70174],[100.552,13.70174],[100.55199,13.70101],[100.55106,13.69994],[100.55106,13.69904],[100.5515,13.69903],[100.55195,13.69441],[100.55192,13.68999],[100.55238,13.68999],[100.55258,13.68796],[100.55239,13.68637],[100.5519,13.68638],[100.55162,13.67977],[100.55093,13.67915],[100.55072,13.67825],[100.55,13.67825],[100.54999,13.67702],[100.54965,13.67645],[100.54906,13.67645],[100.54905,13.67545],[100.54858,13.67465],[100.54812,13.67465],[100.54812,13.67388],[100.54719,13.6725],[100.54533,13.67195],[100.54533,13.67141],[100.54255,13.67016],[100.5419,13.66941],[100.53651,13.6693],[100.53515,13.66988],[100.53515,13.67021],[100.53331,13.67067],[100.53331,13.67112],[100.53146,13.67146],[100.53147,13.67204],[100.53044,13.67205],[100.52871,13.67387],[100.52778,13.67425],[100.52779,13.67477],[100.52687,13.67501],[100.52687,13.67568],[100.52595,13.67577],[100.52595,13.67659],[100.52494,13.6766],[100.5234,13.67788],[100.52226,13.67752],[100.52226,13.67703],[100.5204,13.67572],[100.52039,13.67482],[100.52103,13.67482],[100.52131,13.67391],[100.522,13.67356],[100.52131,13.67301],[100.5211,13.6721],[100.52038,13.67211],[100.52036,13.6703],[100.52099,13.66939],[100.52036,13.6694],[100.52035,13.6688],[100.51757,13.66761],[100.51752,13.6616],[100.51702,13.65767],[100.51659,13.65767],[100.51622,13.65135],[100.51651,13.64552],[100.51535,13.64503],[100.5151,13.63948],[100.51553,13.63779],[100.51619,13.63778],[100.51737,13.63596],[100.51737,13.63507],[100.51807,13.63487],[100.51712,13.63326],[100.51643,13.63326],[100.51642,13.63208],[100.51606,13.63146],[100.51549,13.63146],[100.51549,13.63049],[100.51499,13.62966],[100.51456,13.62966],[100.51424,13.62838],[100.51452,13.62333],[100.51493,13.62333],[100.5154,13.617],[100.5158,13.617],[100.5163,13.61247],[100.52038,13.60883],[100.52087,13.60521],[100.51995,13.60522],[100.51994,13.60476],[100.5187,13.60432],[100.51717,13.60433],[100.51717,13.60379],[100.51346,13.60255],[100.51302,13.60074],[100.51253,13.60074],[100.51252,13.59944],[100.51197,13.59804],[100.51158,13.59804],[100.51158,13.59713],[100.50511,13.59766],[100.50512,13.59808],[100.50419,13.59808],[100.50419,13.59745],[100.50234,13.59719],[100.50233,13.59671],[100.50048,13.5963],[100.49955,13.5954],[100.49904,13.59195],[100.49823,13.59089],[100.49768,13.59089],[100.49755,13.58999],[100.49675,13.58999],[100.49674,13.58909],[100.49582,13.58909],[100.49581,13.58845],[100.4953,13.58819],[100.49396,13.5882],[100.49396,13.58753],[100.4917,13.58641],[100.49099,13.58641],[100.49026,13.58729],[100.49027,13.58822],[100.48949,13.58823],[100.48935,13.58913],[100.48874,13.58914],[100.48843,13.59004],[100.48728,13.59005],[100.48659,13.59039],[100.48659,13.59096],[100.48543,13.59096],[100.48474,13.59131],[100.48475,13.59187],[100.48359,13.59188],[100.4829,13.59222],[100.4829,13.59279],[100.48198,13.59279],[100.48199,13.5946],[100.48145,13.5946],[100.48108,13.59616],[100.48109,13.59822],[100.47693,13.59932],[100.47693,13.60296],[100.47371,13.60007],[100.47323,13.59917],[100.47278,13.59918],[100.47277,13.59737],[100.47328,13.59736],[100.47365,13.59388],[100.47182,13.59376],[100.47182,13.59332],[100.46956,13.59287],[100.46905,13.59364],[100.46905,13.59468],[100.46836,13.59468],[100.46813,13.59559],[100.46722,13.59641],[100.46722,13.5974],[100.4668,13.5974],[100.46634,13.60373],[100.46589,13.60374],[100.4645,13.60555],[100.46395,13.60585],[100.4608,13.60557],[100.4608,13.60514],[100.45879,13.60468],[100.4569,13.60469],[100.45618,13.60502],[100.45618,13.6056],[100.45397,13.60601],[100.45341,13.60562],[100.4534,13.60393],[100.45287,13.602],[100.45246,13.60201],[100.45245,13.60048],[100.45188,13.59839],[100.45152,13.5984],[100.45114,13.59569],[100.45058,13.59569],[100.45057,13.59409],[100.44842,13.59028],[100.44777,13.59028],[100.44741,13.58848],[100.44684,13.58848],[100.44634,13.58306],[100.44588,13.58306],[100.44583,13.57495],[100.44532,13.56679],[100.44486,13.5668],[100.44446,13.55319],[100.44475,13.54872],[100.44527,13.54871],[100.44564,13.54419],[100.44608,13.54419],[100.44655,13.54158],[100.44654,13.53876],[100.44706,13.53876],[100.44743,13.53424],[100.44788,13.53424],[100.44834,13.53166],[100.44832,13.52881],[100.44886,13.52881],[100.44922,13.52428],[100.44967,13.52428],[100.45013,13.52174],[100.45011,13.51885],[100.45065,13.51885],[100.45101,13.51433],[100.45146,13.51433],[100.45192,13.51183],[100.4519,13.5089],[100.45244,13.5089],[100.45279,13.50438],[100.45326,13.50437],[100.45369,13.50198],[100.44908,13.50169],[100.44908,13.50128],[100.44594,13.5008],[100.44353,13.50081],[100.44353,13.50043],[100.44168,13.49992],[100.44083,13.49902],[100.43983,13.49903],[100.43983,13.49842],[100.43785,13.49723],[100.43632,13.49724],[100.43493,13.49809],[100.43491,13.49659],[100.4315,13.49636],[100.4315,13.49597],[100.43074,13.49583],[100.43058,13.49637],[100.42919,13.49638],[100.42781,13.49686],[100.42781,13.49729],[100.42581,13.49756],[100.42504,13.4973],[100.42369,13.49585],[100.42305,13.49682],[100.42226,13.49641],[100.42163,13.49474],[100.41671,13.49464],[100.41671,13.49422],[100.41233,13.49376],[100.40875,13.49378],[100.40841,13.4974],[100.40792,13.4974],[100.40751,13.50102],[100.40709,13.50102],[100.40682,13.50222],[100.40679,13.53537],[100.40863,13.53536],[100.40864,13.53582],[100.41407,13.53587],[100.41464,13.53804],[100.41512,13.53804],[100.41512,13.53894],[100.41605,13.53894],[100.41605,13.53942],[100.4179,13.53983],[100.4179,13.54033],[100.41883,13.54073],[100.41884,13.54191],[100.41941,13.54344],[100.41977,13.54344],[100.42009,13.54524],[100.41979,13.54615],[100.41929,13.54615],[100.41887,13.54706],[100.41611,13.54978],[100.41612,13.55069],[100.41531,13.55069],[100.4152,13.5516],[100.41465,13.5516],[100.41474,13.5525],[100.4152,13.5525],[100.41521,13.55715],[100.41256,13.55724],[100.41215,13.55614],[100.41153,13.55614],[100.41152,13.55537],[100.40968,13.55525],[100.40967,13.55485],[100.40852,13.55453],[100.40598,13.55485],[100.40598,13.55527],[100.40413,13.55528],[100.40335,13.55438],[100.40228,13.55438],[100.40227,13.55366],[100.40135,13.55348],[100.40102,13.55282],[100.3995,13.55301],[100.3995,13.55349],[100.3958,13.55351],[100.39581,13.55442],[100.3951,13.55442],[100.3949,13.55623],[100.39437,13.55623],[100.39398,13.55787],[100.39399,13.55985],[100.39351,13.55986],[100.39308,13.56167],[100.39131,13.56326],[100.39149,13.5689],[100.39035,13.5694],[100.39036,13.56982],[100.38948,13.56982],[100.38944,13.57163],[100.38887,13.57163],[100.38852,13.57267],[100.38853,13.57435],[100.38669,13.57468],[100.38671,13.57797],[100.385,13.57913],[100.38541,13.5816],[100.3858,13.58159],[100.38584,13.58702],[100.38524,13.58702],[100.38492,13.58883],[100.38436,13.58952],[100.38124,13.59206],[100.38125,13.59247],[100.38032,13.59281],[100.38033,13.59338],[100.3794,13.59356],[100.37941,13.59429],[100.37852,13.59429],[100.37852,13.59971],[100.37808,13.59972],[100.37765,13.61057],[100.37721,13.61057],[100.37678,13.61961],[100.37586,13.6201],[100.37586,13.62052],[100.37494,13.6207],[100.37494,13.62143],[100.3738,13.62144],[100.3731,13.62189],[100.3731,13.62234],[100.37218,13.62249],[100.37218,13.62325],[100.37152,13.62326],[100.36944,13.62779],[100.36852,13.6289],[100.36852,13.6296],[100.36815,13.6296],[100.3676,13.63062],[100.36761,13.63141],[100.36718,13.63142],[100.36669,13.63234],[100.36669,13.63323],[100.36601,13.63362],[100.3593,13.63327],[100.3587,13.63732],[100.35562,13.6369],[100.35563,13.63781],[100.35513,13.63781],[100.35434,13.64089],[100.35007,13.64055],[100.34852,13.64101],[100.34861,13.64373],[100.34736,13.64364],[100.34735,13.64509],[100.3455,13.6451],[100.34551,13.6469],[100.34508,13.64691],[100.34468,13.64923],[100.34632,13.64917],[100.34684,13.65534],[100.3394,13.65507],[100.33967,13.65598],[100.34002,13.65597],[100.34047,13.65868],[100.34096,13.65868],[100.34125,13.66131],[100.34099,13.6641],[100.34061,13.66411],[100.34008,13.66646],[100.34009,13.66863],[100.33958,13.66863],[100.33918,13.67225],[100.33876,13.67225],[100.33827,13.67438],[100.33828,13.67677],[100.33773,13.67678],[100.3376,13.67733],[100.33607,13.67699],[100.33552,13.6786],[100.3346,13.67958],[100.33461,13.68041],[100.33413,13.68041],[100.33369,13.68119],[100.3337,13.68313],[100.33328,13.68313],[100.33279,13.68601],[100.3328,13.68856],[100.33236,13.68856],[100.33189,13.69129],[100.33191,13.69399],[100.33144,13.69399],[100.331,13.69657],[100.33102,13.69936],[100.33194,13.69941],[100.33241,13.70031],[100.33287,13.70031],[100.33331,13.70573],[100.33383,13.70573],[100.33292,13.70925],[100.33294,13.71266],[100.33423,13.71296],[100.33612,13.71082],[100.33755,13.71113],[100.33756,13.71188],[100.33848,13.71203],[100.33877,13.71277],[100.33849,13.71384],[100.33802,13.71384],[100.33666,13.71578],[100.33666,13.71656],[100.33611,13.71656],[100.33482,13.7184],[100.33483,13.71928],[100.3342,13.71928],[100.33391,13.72019],[100.33311,13.72084],[100.33153,13.7202],[100.3303,13.72021],[100.33024,13.72111],[100.33114,13.72111],[100.33114,13.72151],[100.33267,13.72201],[100.33392,13.722],[100.33392,13.72241],[100.33577,13.72289],[100.33579,13.7256],[100.33527,13.72561],[100.33488,13.72847],[100.33594,13.72922],[100.33673,13.72922],[100.33674,13.73102],[100.33621,13.73103],[100.33583,13.73284],[100.33542,13.73284],[100.33514,13.73349],[100.33768,13.73373],[100.3377,13.73735],[100.33717,13.73735],[100.3368,13.74097],[100.33636,13.74097],[100.33589,13.74308],[100.3359,13.74549],[100.33535,13.74549],[100.33499,13.74709],[100.33538,13.75329],[100.33503,13.75544],[100.33318,13.75545],[100.33321,13.75997],[100.3327,13.75997],[100.33045,13.76267],[100.33092,13.77716],[100.33146,13.77716],[100.33146,13.77759],[100.33239,13.77805],[100.3319,13.78138],[100.3339,13.78217],[100.33336,13.78709],[100.33291,13.78709],[100.33245,13.78941],[100.33246,13.79161],[100.33201,13.79162],[100.33155,13.79391],[100.33156,13.79614],[100.3311,13.79614],[100.33065,13.79886],[100.32974,13.80022],[100.32974,13.80157],[100.3291,13.80158],[100.32883,13.80339],[100.32826,13.80339],[100.32791,13.80413],[100.33808,13.80379],[100.33808,13.80334]],[[100.47477,13.77001],[100.47569,13.77001],[100.4757,13.77091],[100.47385,13.77092],[100.47385,13.77182],[100.47293,13.77183],[100.47291,13.76912],[100.47476,13.76911],[100.47477,13.77001]],[[100.46736,13.76825],[100.46551,13.76826],[100.4655,13.76735],[100.46735,13.76734],[100.46736,13.76825]],[[100.45137,13.72495],[100.45044,13.72496],[100.45044,13.72405],[100.45136,13.72405],[100.45137,13.72495]],[[100.42815,13.70882],[100.42815,13.70791],[100.42907,13.70791],[100.42908,13.70881],[100.42815,13.70882]],[[100.44573,13.70962],[100.44665,13.70961],[100.44664,13.70871],[100.44757,13.7087],[100.44758,13.71051],[100.44573,13.71052],[100.44573,13.70962]],[[100.58164,13.71059],[100.58164,13.70969],[100.58256,13.70968],[100.58257,13.71059],[100.58164,13.71059]],[[100.60354,13.66797],[100.60354,13.66706],[100.60446,13.66706],[100.60447,13.66796],[100.60354,13.66797]],[[100.5746,13.76307],[100.57645,13.76305],[100.57645,13.76396],[100.5746,13.76397],[100.5746,13.76307]],[[100.59842,13.86596],[100.59934,13.86595],[100.59935,13.86685],[100.59842,13.86686],[100.59842,13.86596]],[[100.64268,13.84487],[100.64175,13.84488],[100.64174,13.84398],[100.64267,13.84397],[100.64268,13.84487]],[[100.6749,13.82387],[100.6749,13.82296],[100.67582,13.82296],[100.67583,13.82386],[100.6749,13.82387]],[[100.67859,13.82203],[100.67951,13.82203],[100.67952,13.82293],[100.6786,13.82294],[100.67859,13.82203]],[[100.61254,13.90112],[100.61254,13.90202],[100.61347,13.90201],[100.61348,13.90292],[100.6144,13.90291],[100.61441,13.90381],[100.61533,13.90381],[100.61533,13.9029],[100.61625,13.9029],[100.61626,13.9038],[100.61718,13.9038],[100.61719,13.9047],[100.61996,13.90468],[100.61997,13.90559],[100.6209,13.90558],[100.62089,13.90468],[100.62274,13.90466],[100.62275,13.90557],[100.62182,13.90557],[100.62183,13.90648],[100.62368,13.90647],[100.62368,13.90737],[100.62554,13.90736],[100.62554,13.90826],[100.62462,13.90827],[100.62463,13.91007],[100.6237,13.91008],[100.62372,13.91279],[100.62465,13.91279],[100.62465,13.91369],[100.62373,13.9137],[100.62374,13.9146],[100.62188,13.91461],[100.62189,13.91552],[100.62097,13.91552],[100.62097,13.91643],[100.62282,13.91641],[100.62283,13.91732],[100.62375,13.91731],[100.62376,13.91821],[100.62469,13.91821],[100.62468,13.9173],[100.62746,13.91729],[100.62746,13.91819],[100.62654,13.9182],[100.62654,13.9191],[100.62747,13.91909],[100.62747,13.92],[100.63118,13.91997],[100.63119,13.92268],[100.63027,13.92269],[100.63028,13.92359],[100.62935,13.9236],[100.62936,13.9245],[100.63121,13.92449],[100.63121,13.9254],[100.63214,13.92539],[100.63215,13.92629],[100.63307,13.92629],[100.63308,13.92719],[100.63215,13.9272],[100.63216,13.92901],[100.63031,13.92902],[100.63032,13.92992],[100.63125,13.92992],[100.63125,13.93082],[100.6294,13.93083],[100.62941,13.93174],[100.63033,13.93173],[100.63034,13.93263],[100.62849,13.93265],[100.62849,13.93355],[100.62664,13.93356],[100.62665,13.93447],[100.62572,13.93447],[100.62573,13.93538],[100.62388,13.93539],[100.62387,13.93448],[100.6248,13.93448],[100.62479,13.93357],[100.62387,13.93358],[100.62386,13.93268],[100.62201,13.93269],[100.622,13.93178],[100.62293,13.93178],[100.62292,13.93087],[100.62385,13.93087],[100.62384,13.92996],[100.62107,13.92998],[100.62105,13.92727],[100.62012,13.92728],[100.62011,13.92547],[100.61918,13.92548],[100.61918,13.92457],[100.6201,13.92457],[100.6201,13.92366],[100.62195,13.92365],[100.62194,13.92275],[100.62009,13.92276],[100.62008,13.92185],[100.61916,13.92186],[100.61915,13.92005],[100.62007,13.92005],[100.62006,13.91824],[100.61821,13.91825],[100.6182,13.91735],[100.61728,13.91735],[100.61726,13.91555],[100.61819,13.91554],[100.61818,13.91464],[100.61726,13.91464],[100.61725,13.91374],[100.61633,13.91374],[100.61633,13.91465],[100.61448,13.91466],[100.61448,13.91376],[100.61263,13.91377],[100.61261,13.91196],[100.61169,13.91197],[100.61168,13.91106],[100.61076,13.91107],[100.61075,13.91017],[100.60982,13.91017],[100.60981,13.90836],[100.61074,13.90836],[100.61072,13.90655],[100.61258,13.90654],[100.61257,13.90563],[100.61164,13.90564],[100.61161,13.90112],[100.61254,13.90112]],[[100.63117,13.91907],[100.63209,13.91906],[100.6321,13.91997],[100.63118,13.91997],[100.63117,13.91907]],[[100.63309,13.929],[100.6331,13.9299],[100.63217,13.92991],[100.63216,13.92901],[100.63309,13.929]],[[100.54793,13.92504],[100.54793,13.92594],[100.54701,13.92595],[100.547,13.92504],[100.54793,13.92504]],[[100.54886,13.92593],[100.54886,13.92684],[100.54794,13.92684],[100.54793,13.92594],[100.54886,13.92593]],[[100.53675,13.91426],[100.53582,13.91427],[100.53582,13.91336],[100.53674,13.91336],[100.53675,13.91426]],[[100.49204,13.86934],[100.49205,13.87024],[100.49113,13.87025],[100.49112,13.86935],[100.49204,13.86934]],[[100.44586,13.88227],[100.44588,13.88408],[100.44495,13.88409],[100.44494,13.88228],[100.44586,13.88227]],[[100.41076,13.89152],[100.41076,13.89242],[100.40984,13.89243],[100.40983,13.89152],[100.41076,13.89152]],[[100.41169,13.89242],[100.41171,13.89513],[100.41078,13.89513],[100.41076,13.89242],[100.41169,13.89242]],[[100.43654,13.87058],[100.43652,13.86786],[100.43745,13.86786],[100.43745,13.86876],[100.4393,13.86875],[100.43931,13.86966],[100.44116,13.86965],[100.44117,13.87055],[100.43654,13.87058]],[[100.43745,13.86786],[100.43744,13.86605],[100.43836,13.86605],[100.43837,13.86785],[100.43745,13.86786]],[[100.49861,13.73913],[100.49492,13.73916],[100.4949,13.73644],[100.4986,13.73642],[100.49861,13.73913]],[[100.46055,13.71495],[100.46148,13.71495],[100.46148,13.71585],[100.46056,13.71586],[100.46055,13.71495]],[[100.60166,13.66346],[100.59889,13.66348],[100.5989,13.66438],[100.59705,13.6644],[100.59706,13.6662],[100.59614,13.66621],[100.59613,13.6653],[100.59428,13.66532],[100.59428,13.66441],[100.59612,13.6644],[100.5961,13.66079],[100.59795,13.66077],[100.59794,13.65987],[100.59979,13.65986],[100.5998,13.66076],[100.60072,13.66076],[100.60072,13.65985],[100.60256,13.65984],[100.60257,13.66074],[100.60349,13.66074],[100.60348,13.65893],[100.60071,13.65895],[100.60069,13.65624],[100.59884,13.65625],[100.59884,13.65534],[100.60069,13.65533],[100.60068,13.65443],[100.59975,13.65443],[100.59975,13.65353],[100.6016,13.65352],[100.60159,13.65261],[100.60252,13.65261],[100.60253,13.65442],[100.60622,13.65439],[100.60623,13.6553],[100.60716,13.65529],[100.60716,13.65619],[100.60809,13.65619],[100.6081,13.658],[100.60995,13.65798],[100.60995,13.65889],[100.61088,13.65888],[100.61088,13.65979],[100.61273,13.65977],[100.61274,13.66068],[100.61089,13.66069],[100.6109,13.66159],[100.60997,13.6616],[100.60998,13.6625],[100.60905,13.66251],[100.60907,13.66522],[100.6063,13.66524],[100.6063,13.66614],[100.60446,13.66616],[100.60444,13.66344],[100.60351,13.66345],[100.60351,13.66255],[100.60166,13.66256],[100.60166,13.66346]],[[100.61182,13.66159],[100.61183,13.66249],[100.6109,13.6625],[100.6109,13.66159],[100.61182,13.66159]],[[100.60132,13.61194],[100.59947,13.61195],[100.59945,13.60924],[100.59853,13.60925],[100.59853,13.61015],[100.59761,13.61016],[100.5976,13.60925],[100.59483,13.60927],[100.59482,13.60746],[100.59667,13.60745],[100.59665,13.60564],[100.59758,13.60564],[100.59757,13.60473],[100.59665,13.60474],[100.59664,13.60384],[100.59849,13.60382],[100.5985,13.60473],[100.59942,13.60472],[100.59943,13.60563],[100.60127,13.60561],[100.60128,13.60652],[100.6022,13.60651],[100.60221,13.60742],[100.60406,13.6074],[100.60407,13.60831],[100.60314,13.60831],[100.60315,13.60922],[100.60407,13.60921],[100.60408,13.61012],[100.60315,13.61012],[100.60316,13.61102],[100.60408,13.61102],[100.6041,13.61283],[100.60132,13.61284],[100.60132,13.61194]],[[100.60127,13.60561],[100.60126,13.60381],[100.60219,13.6038],[100.6022,13.60561],[100.60127,13.60561]],[[100.59128,13.63189],[100.59036,13.6319],[100.59035,13.63099],[100.59128,13.63099],[100.59127,13.63008],[100.5922,13.63008],[100.59221,13.63189],[100.59313,13.63188],[100.59313,13.63098],[100.59682,13.63095],[100.59683,13.63186],[100.59868,13.63184],[100.59869,13.63365],[100.59961,13.63365],[100.59963,13.63545],[100.60055,13.63545],[100.60056,13.63726],[100.59964,13.63726],[100.59966,13.63997],[100.59781,13.63998],[100.5978,13.63818],[100.59687,13.63818],[100.59688,13.63909],[100.59411,13.6391],[100.59409,13.6373],[100.59225,13.63731],[100.59224,13.6364],[100.59316,13.6364],[100.59315,13.63459],[100.5913,13.6346],[100.5913,13.6337],[100.59315,13.63369],[100.59314,13.63278],[100.59129,13.6328],[100.59128,13.63189]],[[100.59035,13.63009],[100.5885,13.6301],[100.58846,13.62377],[100.58938,13.62377],[100.58938,13.62286],[100.58476,13.62289],[100.58475,13.62199],[100.58567,13.62198],[100.58567,13.62108],[100.58659,13.62107],[100.58659,13.62017],[100.58751,13.62016],[100.58749,13.61745],[100.58657,13.61746],[100.58656,13.61655],[100.59026,13.61653],[100.59027,13.61834],[100.58842,13.61835],[100.58844,13.62106],[100.59029,13.62105],[100.59028,13.61924],[100.59305,13.61923],[100.59305,13.62013],[100.59583,13.62011],[100.59582,13.61921],[100.59767,13.6192],[100.59771,13.62462],[100.59586,13.62463],[100.59586,13.62553],[100.59402,13.62555],[100.59402,13.62645],[100.59495,13.62644],[100.59495,13.62735],[100.5931,13.62736],[100.5931,13.62646],[100.59032,13.62647],[100.59033,13.62738],[100.58941,13.62738],[100.58941,13.62829],[100.59034,13.62828],[100.59035,13.63009]],[[100.58476,13.62289],[100.58477,13.6247],[100.58384,13.62471],[100.58383,13.6229],[100.58476,13.62289]],[[100.59025,13.61472],[100.59025,13.61563],[100.58933,13.61563],[100.58932,13.61473],[100.59025,13.61472]],[[100.59946,13.74754],[100.59945,13.74664],[100.59853,13.74664],[100.59854,13.74754],[100.59761,13.74755],[100.5976,13.74665],[100.59576,13.74666],[100.59575,13.74576],[100.5939,13.74577],[100.59389,13.74486],[100.59297,13.74487],[100.59296,13.74397],[100.59204,13.74397],[100.59203,13.74307],[100.59296,13.74306],[100.59295,13.74216],[100.59388,13.74215],[100.59387,13.74125],[100.59479,13.74124],[100.59478,13.73853],[100.5957,13.73852],[100.59571,13.74033],[100.59849,13.74031],[100.59847,13.73851],[100.59755,13.73851],[100.59754,13.73761],[100.59662,13.73761],[100.5966,13.7349],[100.59845,13.73489],[100.59846,13.7367],[100.59939,13.73669],[100.59939,13.7376],[100.60032,13.73759],[100.60032,13.73849],[100.60125,13.73849],[100.60124,13.73758],[100.60217,13.73758],[100.60217,13.73848],[100.6031,13.73848],[100.60309,13.73757],[100.60402,13.73757],[100.60402,13.73847],[100.60495,13.73846],[100.60494,13.73756],[100.60771,13.73754],[100.60773,13.73935],[100.6068,13.73936],[100.60681,13.74116],[100.60589,13.74117],[100.6059,13.74207],[100.60682,13.74207],[100.60683,13.74297],[100.60868,13.74296],[100.60869,13.74477],[100.60776,13.74477],[100.60777,13.74568],[100.60869,13.74567],[100.6087,13.74657],[100.60778,13.74658],[100.60779,13.74839],[100.60686,13.74839],[100.60687,13.7493],[100.60502,13.74931],[100.60501,13.74841],[100.60409,13.74841],[100.6041,13.74932],[100.60317,13.74932],[100.60316,13.74842],[100.60224,13.74842],[100.60225,13.74933],[100.60132,13.74933],[100.60132,13.74843],[100.60039,13.74844],[100.60038,13.74753],[100.59946,13.74754]],[[100.60687,13.7493],[100.60872,13.74929],[100.60873,13.75019],[100.60688,13.7502],[100.60687,13.7493]],[[100.58105,13.75941],[100.58197,13.7594],[100.58198,13.76121],[100.57921,13.76123],[100.5792,13.76032],[100.58105,13.76031],[100.58105,13.75941]],[[100.63205,13.77987],[100.63207,13.78348],[100.63115,13.78349],[100.63115,13.78439],[100.62931,13.7844],[100.62929,13.7826],[100.62837,13.7826],[100.62836,13.7817],[100.62744,13.7817],[100.62745,13.78351],[100.62652,13.78352],[100.62651,13.78081],[100.62558,13.78081],[100.62557,13.77991],[100.62373,13.77992],[100.62373,13.78082],[100.62281,13.78083],[100.6228,13.77993],[100.62003,13.77994],[100.62002,13.77904],[100.62094,13.77903],[100.62094,13.77813],[100.62186,13.77812],[100.62186,13.77722],[100.62093,13.77723],[100.62092,13.77542],[100.62184,13.77541],[100.62183,13.77361],[100.62368,13.77359],[100.62367,13.77179],[100.62459,13.77178],[100.62458,13.76997],[100.62643,13.76996],[100.62642,13.76815],[100.62734,13.76815],[100.62734,13.76724],[100.62919,13.76723],[100.62918,13.76633],[100.6301,13.76632],[100.63012,13.76813],[100.63104,13.76812],[100.63104,13.76722],[100.63288,13.76721],[100.63288,13.7663],[100.6338,13.7663],[100.63381,13.7672],[100.63473,13.76719],[100.63475,13.769],[100.63567,13.76899],[100.63568,13.7699],[100.63845,13.76988],[100.63848,13.7735],[100.63755,13.7735],[100.63755,13.7726],[100.63662,13.7726],[100.63664,13.77532],[100.63572,13.77532],[100.63572,13.77623],[100.63665,13.77622],[100.63665,13.77712],[100.63758,13.77712],[100.63758,13.77802],[100.63573,13.77803],[100.63574,13.77894],[100.63482,13.77894],[100.63482,13.77985],[100.63205,13.77987]],[[100.61052,13.74204],[100.60774,13.74206],[100.60774,13.74116],[100.61051,13.74114],[100.61052,13.74204]],[[100.60665,13.58027],[100.60663,13.57756],[100.60571,13.57756],[100.60568,13.57395],[100.60661,13.57394],[100.60659,13.57213],[100.60752,13.57213],[100.60751,13.57032],[100.60935,13.57031],[100.60936,13.57121],[100.61121,13.5712],[100.61122,13.57301],[100.6103,13.57301],[100.61031,13.57482],[100.61493,13.57479],[100.61493,13.5757],[100.61309,13.57571],[100.61309,13.57661],[100.61217,13.57662],[100.61218,13.57843],[100.61403,13.57841],[100.61403,13.57932],[100.61311,13.57932],[100.61312,13.58023],[100.61127,13.58024],[100.61126,13.57843],[100.61033,13.57844],[100.61034,13.57934],[100.60849,13.57935],[100.6085,13.58026],[100.60665,13.58027]],[[100.60748,13.56671],[100.60841,13.5667],[100.60841,13.5676],[100.60749,13.56761],[100.60748,13.56671]],[[100.60852,13.58387],[100.60853,13.58568],[100.60761,13.58569],[100.6076,13.58388],[100.60852,13.58387]],[[100.60819,13.67155],[100.60727,13.67156],[100.60726,13.67066],[100.60818,13.67065],[100.60819,13.67155]],[[100.64751,13.7427],[100.64474,13.74272],[100.64474,13.74363],[100.64382,13.74363],[100.64383,13.74544],[100.64291,13.74545],[100.64289,13.74273],[100.64196,13.74274],[100.64194,13.74003],[100.64102,13.74003],[100.64102,13.74094],[100.6401,13.74094],[100.64011,13.74185],[100.63918,13.74185],[100.63918,13.74095],[100.63825,13.74096],[100.63824,13.74005],[100.63917,13.74005],[100.63916,13.73914],[100.63731,13.73916],[100.63729,13.73644],[100.63637,13.73645],[100.63636,13.73555],[100.63821,13.73553],[100.63821,13.73463],[100.63913,13.73462],[100.63914,13.73553],[100.64099,13.73552],[100.64098,13.73461],[100.64006,13.73462],[100.64004,13.73191],[100.64096,13.7319],[100.64096,13.731],[100.64188,13.73099],[100.64189,13.7328],[100.64282,13.73279],[100.64282,13.7337],[100.64652,13.73367],[100.64653,13.73457],[100.64745,13.73457],[100.64747,13.73638],[100.64562,13.73639],[100.64562,13.73729],[100.65025,13.73726],[100.65025,13.73817],[100.6521,13.73815],[100.65209,13.73635],[100.65301,13.73634],[100.65301,13.73544],[100.65486,13.73542],[100.65486,13.73633],[100.65394,13.73633],[100.65395,13.73814],[100.65487,13.73813],[100.65488,13.73904],[100.65211,13.73906],[100.65211,13.73996],[100.64749,13.73999],[100.6475,13.7409],[100.64657,13.7409],[100.64658,13.74181],[100.64843,13.74179],[100.64843,13.7427],[100.64936,13.74269],[100.64937,13.7445],[100.64845,13.7445],[100.64846,13.74631],[100.64753,13.74632],[100.64751,13.7427]],[[100.64652,13.73277],[100.64744,13.73276],[100.64745,13.73366],[100.64652,13.73367],[100.64652,13.73277]],[[100.65028,13.74178],[100.6512,13.74177],[100.65121,13.74268],[100.65028,13.74268],[100.65028,13.74178]],[[100.53504,13.79495],[100.53689,13.79494],[100.5369,13.79675],[100.53598,13.79675],[100.53597,13.79585],[100.53505,13.79586],[100.53504,13.79495]],[[100.64514,13.93163],[100.64699,13.93162],[100.64698,13.93071],[100.64791,13.93071],[100.64791,13.93161],[100.65162,13.93159],[100.65161,13.93068],[100.65346,13.93067],[100.65347,13.93157],[100.65624,13.93155],[100.65625,13.93246],[100.65532,13.93246],[100.65533,13.93337],[100.65163,13.93339],[100.65163,13.9343],[100.65071,13.9343],[100.6507,13.9334],[100.64608,13.93343],[100.64607,13.93253],[100.64514,13.93253],[100.64514,13.93163]],[[100.64514,13.93253],[100.64516,13.93525],[100.64239,13.93526],[100.64239,13.93617],[100.64424,13.93616],[100.64425,13.93706],[100.64333,13.93707],[100.64334,13.93887],[100.64241,13.93888],[100.64242,13.93978],[100.64149,13.93979],[100.64148,13.93708],[100.64055,13.93708],[100.64054,13.93528],[100.64146,13.93527],[100.64145,13.93346],[100.64238,13.93346],[100.64237,13.93255],[100.64514,13.93253]],[[100.63959,13.93257],[100.63682,13.93259],[100.63681,13.93169],[100.63959,13.93167],[100.63959,13.93257]],[[100.68815,13.73701],[100.68817,13.73881],[100.68724,13.73882],[100.68721,13.7352],[100.67982,13.73525],[100.67981,13.73435],[100.68536,13.73431],[100.68535,13.73341],[100.68813,13.73339],[100.68812,13.73249],[100.69367,13.73245],[100.69366,13.73154],[100.69274,13.73155],[100.69272,13.72974],[100.69365,13.72974],[100.69365,13.73064],[100.69458,13.73063],[100.69459,13.73154],[100.69551,13.73153],[100.69552,13.73244],[100.69829,13.73242],[100.69828,13.73061],[100.6992,13.7306],[100.69921,13.73241],[100.70014,13.7324],[100.70015,13.73331],[100.69922,13.73331],[100.69923,13.73422],[100.69738,13.73423],[100.69738,13.73513],[100.69646,13.73514],[100.69647,13.73604],[100.69554,13.73605],[100.69555,13.73695],[100.69462,13.73696],[100.69463,13.73786],[100.69371,13.73787],[100.6937,13.73697],[100.69185,13.73698],[100.69186,13.73788],[100.69001,13.7379],[100.69,13.73699],[100.68815,13.73701]],[[100.68687,13.81565],[100.68689,13.81927],[100.68597,13.81927],[100.68594,13.81566],[100.68687,13.81565]],[[100.6998,13.81375],[100.6998,13.81285],[100.70442,13.81282],[100.70443,13.81463],[100.70351,13.81463],[100.70352,13.81644],[100.70167,13.81645],[100.70166,13.81464],[100.70073,13.81465],[100.70073,13.81375],[100.6998,13.81375]],[[100.73802,13.72943],[100.73802,13.72852],[100.73894,13.72852],[100.73894,13.72761],[100.74171,13.72759],[100.74172,13.7285],[100.74541,13.72847],[100.7454,13.72666],[100.7417,13.72669],[100.7417,13.72579],[100.74632,13.72575],[100.74631,13.72395],[100.75093,13.72391],[100.75093,13.72482],[100.75186,13.72481],[100.75185,13.72391],[100.7537,13.72389],[100.75371,13.7248],[100.75463,13.72479],[100.75464,13.7257],[100.75556,13.72569],[100.75557,13.72659],[100.75465,13.7266],[100.75465,13.7275],[100.75373,13.72751],[100.75374,13.72932],[100.75004,13.72934],[100.75004,13.72844],[100.74634,13.72847],[100.74635,13.72937],[100.73802,13.72943]],[[100.74326,13.68781],[100.74604,13.68779],[100.74604,13.6887],[100.74697,13.68869],[100.74699,13.6914],[100.74976,13.69138],[100.74975,13.68958],[100.74882,13.68958],[100.74881,13.68777],[100.74696,13.68779],[100.74696,13.68688],[100.74973,13.68686],[100.74974,13.68777],[100.75066,13.68776],[100.75068,13.69047],[100.75345,13.69045],[100.75344,13.68865],[100.75252,13.68865],[100.7525,13.68685],[100.75065,13.68686],[100.75065,13.68595],[100.75342,13.68593],[100.75343,13.68684],[100.75435,13.68683],[100.75437,13.68954],[100.75622,13.68953],[100.75623,13.69043],[100.75438,13.69045],[100.75438,13.69135],[100.75531,13.69134],[100.75533,13.69406],[100.75625,13.69405],[100.75626,13.69495],[100.75718,13.69495],[100.75719,13.69585],[100.75534,13.69586],[100.75535,13.69677],[100.75442,13.69677],[100.75444,13.69858],[100.75351,13.69859],[100.75351,13.69768],[100.75166,13.6977],[100.75167,13.6995],[100.74982,13.69952],[100.74981,13.69771],[100.74888,13.69772],[100.74889,13.69862],[100.74797,13.69863],[100.74796,13.69772],[100.74704,13.69773],[100.74703,13.69683],[100.74795,13.69682],[100.74794,13.69501],[100.74702,13.69502],[100.747,13.69231],[100.74607,13.69231],[100.74606,13.69051],[100.74513,13.69051],[100.74512,13.6887],[100.74327,13.68872],[100.74328,13.68962],[100.74235,13.68963],[100.74233,13.68692],[100.74326,13.68691],[100.74326,13.68781]],[[100.75622,13.68953],[100.75621,13.68772],[100.75713,13.68772],[100.75714,13.68952],[100.75622,13.68953]],[[100.72665,13.81718],[100.72295,13.81721],[100.72293,13.8145],[100.72201,13.8145],[100.72202,13.81631],[100.72109,13.81632],[100.72109,13.81541],[100.72016,13.81542],[100.72015,13.81361],[100.71922,13.81362],[100.71922,13.81271],[100.71737,13.81273],[100.71736,13.81182],[100.71644,13.81183],[100.71642,13.81002],[100.72012,13.81],[100.72012,13.80909],[100.72197,13.80908],[100.72196,13.80818],[100.72288,13.80817],[100.72288,13.80727],[100.7238,13.80726],[100.72381,13.80816],[100.72566,13.80815],[100.72566,13.80905],[100.72751,13.80904],[100.72752,13.80994],[100.72845,13.80994],[100.72843,13.80813],[100.73121,13.80811],[100.73122,13.80992],[100.7303,13.80992],[100.7303,13.81083],[100.73123,13.81082],[100.73123,13.81173],[100.73216,13.81172],[100.73217,13.81262],[100.73402,13.81261],[100.73402,13.81351],[100.73495,13.81351],[100.73495,13.81441],[100.73588,13.8144],[100.73588,13.81531],[100.73496,13.81531],[100.73497,13.81622],[100.73312,13.81623],[100.73311,13.81533],[100.73219,13.81533],[100.73218,13.81443],[100.73033,13.81444],[100.73036,13.81896],[100.72944,13.81897],[100.72941,13.81535],[100.72849,13.81536],[100.72849,13.81626],[100.72757,13.81627],[100.72756,13.81537],[100.72664,13.81537],[100.72665,13.81718]],[[100.72751,13.80814],[100.7275,13.80723],[100.72843,13.80723],[100.72843,13.80813],[100.72751,13.80814]],[[100.75466,13.72841],[100.75836,13.72838],[100.75837,13.73019],[100.7556,13.73021],[100.75559,13.7293],[100.75467,13.72931],[100.75466,13.72841]],[[100.75618,13.68411],[100.7562,13.68682],[100.75527,13.68683],[100.75527,13.68592],[100.75434,13.68593],[100.75434,13.68502],[100.75526,13.68502],[100.75525,13.68411],[100.75618,13.68411]],[[100.74329,13.69143],[100.74328,13.69053],[100.74421,13.69052],[100.74422,13.69142],[100.74329,13.69143]]],[[[100.40425,13.88704],[100.40425,13.88613],[100.40332,13.88614],[100.40333,13.88704],[100.40425,13.88704]]],[[[100.4078,13.70712],[100.4078,13.70622],[100.40687,13.70623],[100.40688,13.70713],[100.4078,13.70712]]],[[[100.40881,13.87526],[100.4088,13.87435],[100.40788,13.87436],[100.40789,13.87526],[100.40881,13.87526]]],[[[100.40699,13.87979],[100.40699,13.88069],[100.40884,13.88068],[100.40884,13.87978],[100.40699,13.87979]]],[[[100.40874,13.70983],[100.40967,13.70983],[100.40965,13.70711],[100.4078,13.70712],[100.40781,13.70803],[100.40873,13.70802],[100.40874,13.70983]]],[[[100.4116,13.87705],[100.41067,13.87705],[100.41068,13.87796],[100.41253,13.87795],[100.41252,13.87614],[100.41159,13.87615],[100.4116,13.87705]]],[[[100.41162,13.88067],[100.41161,13.87976],[100.41069,13.87977],[100.41069,13.88067],[100.41162,13.88067]]],[[[100.4098,13.8852],[100.41165,13.88518],[100.41164,13.88428],[100.40979,13.88429],[100.4098,13.8852]]],[[[100.41351,13.88789],[100.41351,13.88698],[100.41258,13.88699],[100.41259,13.88789],[100.41351,13.88789]]],[[[100.41614,13.70979],[100.41613,13.70889],[100.41521,13.70889],[100.41521,13.70979],[100.41614,13.70979]]],[[[100.4162,13.87341],[100.4162,13.8725],[100.41527,13.87251],[100.41528,13.87341],[100.4162,13.87341]]],[[[100.41799,13.70978],[100.41798,13.70887],[100.41706,13.70888],[100.41706,13.70978],[100.41799,13.70978]]],[[[100.42076,13.70976],[100.42076,13.70886],[100.41891,13.70887],[100.41891,13.70977],[100.42076,13.70976]]],[[[100.41709,13.7134],[100.41801,13.71339],[100.418,13.71249],[100.41708,13.7125],[100.41709,13.7134]]],[[[100.41991,13.87429],[100.42176,13.87428],[100.42175,13.87337],[100.4199,13.87339],[100.41991,13.87429]]],[[[100.42084,13.87609],[100.42084,13.87519],[100.41991,13.87519],[100.41992,13.8761],[100.42084,13.87609]]],[[[100.42358,13.71698],[100.42357,13.71607],[100.42265,13.71608],[100.42266,13.71698],[100.42358,13.71698]]],[[[100.42452,13.87245],[100.42452,13.87155],[100.42359,13.87156],[100.4236,13.87246],[100.42452,13.87245]]],[[[100.43008,13.87333],[100.43009,13.87513],[100.43102,13.87513],[100.43101,13.87422],[100.43194,13.87422],[100.43193,13.87332],[100.43008,13.87333]]],[[[100.43285,13.87241],[100.43284,13.8715],[100.43192,13.87151],[100.43192,13.87241],[100.43285,13.87241]]],[[[100.43286,13.87331],[100.43286,13.87421],[100.43194,13.87422],[100.43194,13.87512],[100.43379,13.87511],[100.43379,13.87421],[100.43471,13.8742],[100.4347,13.8724],[100.43377,13.8724],[100.43378,13.8733],[100.43286,13.87331]]],[[[100.43196,13.87784],[100.43195,13.87693],[100.43103,13.87694],[100.43103,13.87784],[100.43196,13.87784]]],[[[100.43751,13.8778],[100.4375,13.8769],[100.43658,13.8769],[100.43658,13.87781],[100.43751,13.8778]]],[[[100.43846,13.88141],[100.43845,13.88051],[100.43753,13.88051],[100.43753,13.88142],[100.43846,13.88141]]],[[[100.44205,13.71326],[100.44204,13.71235],[100.44112,13.71236],[100.44112,13.71326],[100.44205,13.71326]]],[[[100.44209,13.71958],[100.44208,13.71868],[100.44116,13.71868],[100.44116,13.71959],[100.44209,13.71958]]],[[[100.44483,13.71414],[100.44482,13.71324],[100.4439,13.71324],[100.4439,13.71415],[100.44483,13.71414]]],[[[100.44581,13.87414],[100.44581,13.87323],[100.44488,13.87324],[100.44489,13.87414],[100.44581,13.87414]]],[[[100.44583,13.87685],[100.44305,13.87687],[100.44306,13.87777],[100.44584,13.87775],[100.44583,13.87685]]],[[[100.44576,13.71504],[100.44668,13.71504],[100.44667,13.71323],[100.44575,13.71323],[100.44576,13.71504]]],[[[100.44853,13.71503],[100.44853,13.71412],[100.4476,13.71413],[100.44761,13.71503],[100.44853,13.71503]]],[[[100.44859,13.87412],[100.44858,13.87322],[100.44766,13.87322],[100.44766,13.87413],[100.44859,13.87412]]],[[[100.44862,13.87954],[100.44863,13.88045],[100.44955,13.88044],[100.44954,13.87864],[100.44677,13.87865],[100.44677,13.87956],[100.44862,13.87954]]],[[[100.45039,13.71592],[100.45038,13.71501],[100.44946,13.71502],[100.44946,13.71592],[100.45039,13.71592]]],[[[100.45324,13.87861],[100.45324,13.87771],[100.45231,13.87771],[100.45232,13.87862],[100.45324,13.87861]]],[[[100.45409,13.7168],[100.45409,13.7159],[100.45316,13.7159],[100.45317,13.71681],[100.45409,13.7168]]],[[[100.45224,13.71681],[100.45224,13.71591],[100.45131,13.71591],[100.45132,13.71682],[100.45224,13.71681]]],[[[100.45595,13.71769],[100.45594,13.71679],[100.45502,13.71679],[100.45502,13.7177],[100.45595,13.71769]]],[[[100.45412,13.72132],[100.45411,13.72042],[100.45319,13.72042],[100.45319,13.72133],[100.45412,13.72132]]],[[[100.45414,13.72403],[100.45413,13.72313],[100.45321,13.72313],[100.45322,13.72585],[100.45415,13.72584],[100.45414,13.72494],[100.45507,13.72493],[100.45506,13.72403],[100.45414,13.72403]]],[[[100.45599,13.87317],[100.45598,13.87227],[100.45505,13.87227],[100.45506,13.87318],[100.45599,13.87317]]],[[[100.45508,13.87679],[100.45508,13.87589],[100.45415,13.8759],[100.45416,13.8768],[100.45508,13.87679]]],[[[100.45878,13.72672],[100.45877,13.72581],[100.45785,13.72582],[100.45785,13.72672],[100.45878,13.72672]]],[[[100.45784,13.87316],[100.45783,13.87226],[100.4569,13.87226],[100.45691,13.87317],[100.45784,13.87316]]],[[[100.46154,13.87404],[100.46154,13.87314],[100.46061,13.87315],[100.46062,13.87405],[100.46154,13.87404]]],[[[100.45878,13.87677],[100.45878,13.87587],[100.45785,13.87587],[100.45786,13.87678],[100.45878,13.87677]]],[[[100.46335,13.71855],[100.46335,13.71946],[100.4652,13.71945],[100.4652,13.71854],[100.46335,13.71855]]],[[[100.46152,13.72128],[100.46151,13.72037],[100.46059,13.72038],[100.46059,13.72128],[100.46152,13.72128]]],[[[100.46541,13.75289],[100.46541,13.75199],[100.46448,13.75199],[100.46449,13.7529],[100.46541,13.75289]]],[[[100.46793,13.7122],[100.46793,13.71129],[100.467,13.7113],[100.46701,13.7122],[100.46793,13.7122]]],[[[100.46703,13.71582],[100.46702,13.71492],[100.4661,13.71492],[100.46611,13.71583],[100.46703,13.71582]]],[[[100.46889,13.71762],[100.46981,13.71761],[100.4698,13.7158],[100.46888,13.71581],[100.46889,13.71762]]],[[[100.46616,13.72396],[100.46615,13.72306],[100.46523,13.72306],[100.46523,13.72397],[100.46616,13.72396]]],[[[100.46893,13.72394],[100.468,13.72395],[100.46802,13.72576],[100.46894,13.72575],[100.46893,13.72394]]],[[[100.46894,13.72575],[100.46895,13.72666],[100.46987,13.72665],[100.46987,13.72575],[100.46894,13.72575]]],[[[100.46895,13.72756],[100.46895,13.72666],[100.46802,13.72666],[100.46803,13.72757],[100.46895,13.72756]]],[[[100.46726,13.75288],[100.46725,13.75198],[100.46633,13.75198],[100.46634,13.75289],[100.46726,13.75288]]],[[[100.46914,13.75829],[100.46914,13.75739],[100.46821,13.75739],[100.46822,13.7583],[100.46914,13.75829]]],[[[100.47078,13.87218],[100.47078,13.87128],[100.46985,13.87128],[100.46986,13.87219],[100.47078,13.87218]]],[[[100.46894,13.8731],[100.46893,13.87129],[100.468,13.87129],[100.46801,13.8722],[100.46708,13.8722],[100.46709,13.87311],[100.46894,13.8731]]],[[[100.47622,13.70763],[100.47438,13.70764],[100.47438,13.70854],[100.47531,13.70854],[100.47531,13.70944],[100.47624,13.70944],[100.47622,13.70763]]],[[[100.47254,13.70946],[100.47253,13.70856],[100.47161,13.70856],[100.47161,13.70947],[100.47254,13.70946]]],[[[100.47443,13.71578],[100.47442,13.71487],[100.4735,13.71488],[100.47351,13.71669],[100.47536,13.71667],[100.47535,13.71577],[100.47443,13.71578]]],[[[100.47355,13.72392],[100.47355,13.72301],[100.4754,13.723],[100.47539,13.7221],[100.47262,13.72211],[100.47261,13.72121],[100.47354,13.7212],[100.47353,13.7203],[100.47076,13.72032],[100.47076,13.72122],[100.47169,13.72122],[100.47169,13.72212],[100.46984,13.72213],[100.46985,13.72394],[100.47078,13.72393],[100.47077,13.72303],[100.47262,13.72302],[100.47263,13.72392],[100.47355,13.72392]]],[[[100.47448,13.72391],[100.47355,13.72392],[100.47356,13.72482],[100.47448,13.72482],[100.47448,13.72391]]],[[[100.47286,13.76098],[100.47285,13.76008],[100.47193,13.76008],[100.47193,13.76099],[100.47286,13.76098]]],[[[100.47011,13.76462],[100.4701,13.76371],[100.46918,13.76372],[100.46918,13.76462],[100.47011,13.76462]]],[[[100.47475,13.7673],[100.47474,13.7664],[100.47382,13.7664],[100.47382,13.7673],[100.47475,13.7673]]],[[[100.47106,13.76913],[100.47106,13.76823],[100.47013,13.76823],[100.47014,13.76913],[100.47106,13.76913]]],[[[100.47992,13.70761],[100.47992,13.7067],[100.47899,13.70671],[100.479,13.70761],[100.47992,13.70761]]],[[[100.47908,13.72027],[100.47905,13.71665],[100.47813,13.71666],[100.47815,13.72027],[100.47908,13.72027]]],[[[100.47444,13.71758],[100.47445,13.71939],[100.47537,13.71939],[100.47536,13.71758],[100.47444,13.71758]]],[[[100.4791,13.72388],[100.47909,13.72298],[100.47817,13.72299],[100.47818,13.72389],[100.4791,13.72388]]],[[[100.47915,13.73111],[100.47914,13.73021],[100.47822,13.73022],[100.47822,13.73112],[100.47915,13.73111]]],[[[100.47827,13.73835],[100.47827,13.73926],[100.4792,13.73925],[100.47918,13.73654],[100.47825,13.73654],[100.47826,13.73745],[100.47734,13.73745],[100.47733,13.73655],[100.47641,13.73656],[100.47642,13.73836],[100.47827,13.73835]]],[[[100.47551,13.74108],[100.47736,13.74107],[100.47735,13.73926],[100.47642,13.73927],[100.47643,13.74017],[100.4755,13.74018],[100.47551,13.74108]]],[[[100.47938,13.76908],[100.47938,13.76818],[100.47845,13.76818],[100.47846,13.76908],[100.47938,13.76908]]],[[[100.48033,13.77269],[100.48033,13.77179],[100.4794,13.77179],[100.47941,13.7727],[100.48033,13.77269]]],[[[100.48005,13.87484],[100.48005,13.87393],[100.47912,13.87394],[100.47913,13.87484],[100.48005,13.87484]]],[[[100.48092,13.71845],[100.48091,13.71755],[100.47998,13.71755],[100.47999,13.71845],[100.48092,13.71845]]],[[[100.48278,13.72025],[100.48279,13.72205],[100.48371,13.72205],[100.4837,13.72024],[100.48278,13.72025]]],[[[100.4828,13.72477],[100.48281,13.72567],[100.48373,13.72566],[100.48374,13.72657],[100.48466,13.72656],[100.48465,13.72475],[100.48373,13.72476],[100.48372,13.72386],[100.48187,13.72387],[100.48188,13.72477],[100.4828,13.72477]]],[[[100.48008,13.73292],[100.47916,13.73292],[100.47916,13.73383],[100.48101,13.73382],[100.481,13.73201],[100.48008,13.73201],[100.48008,13.73292]]],[[[100.48474,13.73831],[100.48473,13.73741],[100.48381,13.73741],[100.48381,13.73832],[100.48474,13.73831]]],[[[100.48105,13.73924],[100.48104,13.73834],[100.48012,13.73834],[100.48012,13.73924],[100.48105,13.73924]]],[[[100.48404,13.77447],[100.48404,13.77357],[100.48311,13.77358],[100.48312,13.77448],[100.48404,13.77447]]],[[[100.48315,13.779],[100.48314,13.7781],[100.48222,13.7781],[100.48222,13.77901],[100.48315,13.779]]],[[[100.48501,13.7808],[100.485,13.77989],[100.48408,13.7799],[100.48408,13.7808],[100.48501,13.7808]]],[[[100.48645,13.71661],[100.48645,13.7157],[100.48552,13.71571],[100.48553,13.71661],[100.48645,13.71661]]],[[[100.48749,13.73468],[100.48748,13.73378],[100.48656,13.73378],[100.48657,13.73469],[100.48749,13.73468]]],[[[100.4866,13.74011],[100.48659,13.73921],[100.48567,13.73921],[100.48567,13.74012],[100.4866,13.74011]]],[[[100.48592,13.77898],[100.48591,13.77808],[100.48499,13.77809],[100.485,13.77899],[100.48592,13.77898]]],[[[100.48871,13.78168],[100.48871,13.78077],[100.48778,13.78078],[100.48779,13.78168],[100.48871,13.78168]]],[[[100.4856,13.8739],[100.48652,13.87389],[100.48651,13.87209],[100.48559,13.87209],[100.4856,13.8739]]],[[[100.49292,13.71657],[100.49292,13.71566],[100.49199,13.71567],[100.492,13.71657],[100.49292,13.71657]]],[[[100.49206,13.72561],[100.49205,13.72471],[100.49113,13.72472],[100.49113,13.72562],[100.49206,13.72561]]],[[[100.49029,13.73828],[100.49028,13.73738],[100.48936,13.73738],[100.48936,13.73829],[100.49029,13.73828]]],[[[100.49129,13.75002],[100.49128,13.74912],[100.49036,13.74913],[100.49036,13.75003],[100.49129,13.75002]]],[[[100.49243,13.78527],[100.49243,13.78437],[100.4915,13.78437],[100.49151,13.78528],[100.49243,13.78527]]],[[[100.49295,13.86662],[100.49295,13.86572],[100.49202,13.86572],[100.49203,13.86663],[100.49295,13.86662]]],[[[100.49569,13.71565],[100.49569,13.71474],[100.49476,13.71475],[100.49477,13.71565],[100.49569,13.71565]]],[[[100.49849,13.72015],[100.49849,13.71925],[100.49756,13.71925],[100.49757,13.72016],[100.49849,13.72015]]],[[[100.49854,13.72738],[100.49853,13.72648],[100.49761,13.72648],[100.49761,13.72739],[100.49854,13.72738]]],[[[100.49591,13.7509],[100.49591,13.75],[100.49498,13.75],[100.49499,13.75091],[100.49591,13.7509]]],[[[100.49848,13.86297],[100.49847,13.86207],[100.49755,13.86208],[100.49755,13.86298],[100.49848,13.86297]]],[[[100.49572,13.8657],[100.49573,13.86661],[100.4985,13.86659],[100.49849,13.86478],[100.49757,13.86479],[100.49757,13.86569],[100.49572,13.8657]]],[[[100.50403,13.71831],[100.50402,13.71741],[100.5031,13.71741],[100.5031,13.71832],[100.50403,13.71831]]],[[[100.50318,13.73007],[100.50317,13.72916],[100.50225,13.72917],[100.50226,13.73007],[100.50318,13.73007]]],[[[100.5042,13.74452],[100.50419,13.74362],[100.50327,13.74362],[100.50327,13.74453],[100.5042,13.74452]]],[[[100.50402,13.86113],[100.50401,13.86023],[100.50309,13.86023],[100.50309,13.86114],[100.50402,13.86113]]],[[[100.50341,13.91085],[100.50341,13.90995],[100.50248,13.90995],[100.50249,13.91086],[100.50341,13.91085]]],[[[100.50156,13.91086],[100.50156,13.90996],[100.50063,13.90996],[100.50064,13.91087],[100.50156,13.91086]]],[[[100.5068,13.71739],[100.50679,13.71648],[100.50587,13.71649],[100.50587,13.71739],[100.5068,13.71739]]],[[[100.51152,13.73363],[100.51151,13.73182],[100.51244,13.73182],[100.51243,13.73091],[100.51336,13.73091],[100.51334,13.7291],[100.51427,13.72909],[100.51426,13.72819],[100.51519,13.72818],[100.51518,13.72638],[100.51425,13.72638],[100.51425,13.72548],[100.51332,13.72548],[100.51332,13.72458],[100.51424,13.72457],[100.51423,13.72367],[100.51331,13.72368],[100.5133,13.72187],[100.51422,13.72186],[100.51422,13.72096],[100.51329,13.72096],[100.51329,13.72006],[100.51144,13.72007],[100.51146,13.72369],[100.51239,13.72368],[100.51239,13.72459],[100.51147,13.72459],[100.51147,13.7255],[100.5124,13.72549],[100.51242,13.72911],[100.5115,13.72911],[100.51151,13.73092],[100.50873,13.73094],[100.50874,13.73184],[100.51059,13.73183],[100.51059,13.73273],[100.50967,13.73274],[100.50968,13.73364],[100.50875,13.73365],[100.50876,13.73546],[100.51061,13.73544],[100.5106,13.73364],[100.51152,13.73363]]],[[[100.50603,13.7418],[100.50602,13.7409],[100.5051,13.7409],[100.5051,13.74181],[100.50603,13.7418]]],[[[100.50605,13.74542],[100.50605,13.74451],[100.50512,13.74452],[100.50513,13.74542],[100.50605,13.74542]]],[[[100.50542,13.79152],[100.50542,13.79062],[100.50449,13.79062],[100.5045,13.79153],[100.50542,13.79152]]],[[[100.5082,13.79241],[100.5082,13.7915],[100.50727,13.79151],[100.50728,13.79241],[100.5082,13.79241]]],[[[100.50917,13.79873],[100.50916,13.79782],[100.50731,13.79784],[100.50732,13.79964],[100.50825,13.79964],[100.50824,13.79873],[100.50917,13.79873]]],[[[100.50734,13.80145],[100.50733,13.80055],[100.5064,13.80055],[100.50641,13.80146],[100.50734,13.80145]]],[[[100.5055,13.80417],[100.5055,13.80327],[100.50457,13.80328],[100.50458,13.80391],[100.5055,13.80417]]],[[[100.51108,13.80776],[100.51106,13.80595],[100.50921,13.80596],[100.50921,13.80506],[100.50736,13.80507],[100.50735,13.80416],[100.5055,13.80417],[100.50551,13.80473],[100.50643,13.80507],[100.50644,13.80554],[100.50736,13.80597],[100.51,13.80867],[100.51015,13.80776],[100.51108,13.80776]]],[[[100.51035,13.8394],[100.51035,13.83849],[100.50942,13.8385],[100.50943,13.8394],[100.51035,13.8394]]],[[[100.50948,13.84754],[100.50948,13.84664],[100.50855,13.84664],[100.50856,13.84754],[100.50948,13.84754]]],[[[100.50865,13.86201],[100.50864,13.8611],[100.50772,13.86111],[100.50773,13.86201],[100.50865,13.86201]]],[[[100.51258,13.89724],[100.51073,13.89725],[100.51074,13.89815],[100.51166,13.89815],[100.51167,13.89905],[100.51259,13.89904],[100.51259,13.89814],[100.51351,13.89813],[100.51352,13.89904],[100.51629,13.89902],[100.5163,13.90083],[100.51815,13.90082],[100.51816,13.90172],[100.52001,13.90171],[100.52002,13.90261],[100.51817,13.90262],[100.51817,13.90353],[100.52187,13.90351],[100.52186,13.9017],[100.52279,13.90169],[100.52277,13.89898],[100.52462,13.89897],[100.52463,13.89987],[100.52555,13.89987],[100.52555,13.89896],[100.52647,13.89896],[100.52646,13.89805],[100.52739,13.89805],[100.52738,13.89714],[100.52646,13.89715],[100.52645,13.89625],[100.5283,13.89623],[100.52831,13.89714],[100.52923,13.89713],[100.52923,13.89623],[100.53015,13.89622],[100.53015,13.89532],[100.53107,13.89531],[100.5311,13.89983],[100.53203,13.89983],[100.53202,13.89892],[100.53387,13.89891],[100.53387,13.89801],[100.53664,13.89799],[100.53664,13.89709],[100.53849,13.89707],[100.53849,13.89798],[100.53942,13.89797],[100.53942,13.89888],[100.54035,13.89887],[100.54034,13.89797],[100.54219,13.89795],[100.54219,13.89705],[100.54126,13.89706],[100.54124,13.89344],[100.54216,13.89344],[100.54216,13.89253],[100.54401,13.89252],[100.54401,13.89342],[100.54864,13.89339],[100.54865,13.8943],[100.54957,13.89429],[100.54957,13.89339],[100.55327,13.89336],[100.55326,13.89246],[100.55234,13.89247],[100.55233,13.89156],[100.55326,13.89156],[100.55325,13.89065],[100.55417,13.89065],[100.55417,13.88974],[100.55602,13.88973],[100.55599,13.88612],[100.55785,13.8861],[100.55784,13.8852],[100.56061,13.88518],[100.56062,13.88609],[100.56155,13.88608],[100.56155,13.88698],[100.56248,13.88698],[100.56246,13.88427],[100.56616,13.88424],[100.56615,13.88334],[100.56708,13.88333],[100.56707,13.88243],[100.568,13.88242],[100.568,13.88333],[100.56985,13.88332],[100.56986,13.88422],[100.57171,13.88421],[100.57169,13.8815],[100.57262,13.88149],[100.57262,13.88239],[100.5754,13.88238],[100.57539,13.88057],[100.57631,13.88056],[100.57631,13.87966],[100.57538,13.87966],[100.57538,13.87876],[100.57723,13.87875],[100.57722,13.87784],[100.57629,13.87785],[100.57629,13.87695],[100.57814,13.87694],[100.57814,13.87784],[100.57907,13.87783],[100.57906,13.87693],[100.57999,13.87692],[100.57999,13.87783],[100.58185,13.87781],[100.58186,13.87962],[100.58371,13.87961],[100.58369,13.8769],[100.58554,13.87689],[100.58555,13.87779],[100.58832,13.87777],[100.58833,13.87958],[100.58926,13.87957],[100.58925,13.87867],[100.59018,13.87866],[100.59017,13.87776],[100.58925,13.87777],[100.58924,13.87686],[100.58832,13.87687],[100.58831,13.87597],[100.58923,13.87596],[100.58922,13.87325],[100.58737,13.87326],[100.58736,13.87236],[100.58643,13.87236],[100.58642,13.86965],[100.58734,13.86964],[100.58733,13.86784],[100.58825,13.86783],[100.58825,13.86693],[100.58732,13.86693],[100.58732,13.86603],[100.58639,13.86603],[100.58638,13.86513],[100.58731,13.86512],[100.5873,13.86332],[100.58637,13.86332],[100.58635,13.85971],[100.5845,13.85972],[100.5845,13.86062],[100.58358,13.86063],[100.58359,13.86153],[100.58266,13.86154],[100.58267,13.86244],[100.58082,13.86246],[100.5808,13.85974],[100.58172,13.85974],[100.58171,13.85793],[100.57801,13.85795],[100.578,13.85615],[100.57707,13.85615],[100.57706,13.85434],[100.57521,13.85436],[100.5752,13.85345],[100.57428,13.85346],[100.57427,13.85255],[100.57335,13.85256],[100.57334,13.85166],[100.57427,13.85165],[100.57426,13.85075],[100.57519,13.85074],[100.57518,13.84984],[100.57425,13.84984],[100.57425,13.84894],[100.57147,13.84896],[100.57147,13.84805],[100.57054,13.84806],[100.57054,13.84716],[100.56961,13.84716],[100.5696,13.84535],[100.57052,13.84535],[100.57053,13.84625],[100.57146,13.84625],[100.57144,13.84444],[100.56867,13.84446],[100.56866,13.84355],[100.56959,13.84355],[100.56958,13.84174],[100.57143,13.84173],[100.57142,13.84082],[100.57049,13.84083],[100.57048,13.83902],[100.57233,13.83901],[100.57233,13.8381],[100.57048,13.83812],[100.57046,13.83631],[100.56861,13.83632],[100.56861,13.83542],[100.56768,13.83542],[100.56769,13.83633],[100.56676,13.83633],[100.56675,13.83452],[100.56583,13.83453],[100.56582,13.83363],[100.56397,13.83364],[100.56396,13.83183],[100.56303,13.83184],[100.56303,13.83093],[100.56118,13.83094],[100.56117,13.82914],[100.56302,13.82912],[100.563,13.82641],[100.56207,13.82642],[100.56208,13.82732],[100.56023,13.82733],[100.56022,13.82643],[100.5593,13.82644],[100.5593,13.82734],[100.55838,13.82735],[100.55837,13.82554],[100.55929,13.82553],[100.55929,13.82463],[100.55836,13.82463],[100.55835,13.82283],[100.55742,13.82283],[100.55741,13.82103],[100.55556,13.82104],[100.55555,13.81923],[100.5537,13.81924],[100.55369,13.81834],[100.55277,13.81834],[100.55275,13.81563],[100.55553,13.81561],[100.55552,13.81471],[100.55459,13.81472],[100.55458,13.81291],[100.55366,13.81291],[100.55365,13.81201],[100.5555,13.812],[100.5555,13.81109],[100.55457,13.8111],[100.55456,13.8102],[100.55364,13.8102],[100.55365,13.81111],[100.5518,13.81112],[100.55179,13.81021],[100.55086,13.81022],[100.55087,13.81112],[100.54995,13.81113],[100.54993,13.80932],[100.54901,13.80933],[100.549,13.80752],[100.54807,13.80753],[100.54807,13.80662],[100.54622,13.80663],[100.54619,13.80302],[100.54712,13.80301],[100.54711,13.80211],[100.54619,13.80211],[100.54616,13.7985],[100.54246,13.79852],[100.54248,13.80123],[100.54156,13.80124],[100.54157,13.80305],[100.54064,13.80305],[100.54066,13.80486],[100.54158,13.80485],[100.54159,13.80666],[100.54252,13.80666],[100.54253,13.80846],[100.5416,13.80847],[100.54162,13.81028],[100.54254,13.81027],[100.54255,13.81118],[100.54347,13.81117],[100.54348,13.81207],[100.54255,13.81208],[100.54256,13.81298],[100.54163,13.81299],[100.54162,13.81118],[100.53977,13.81119],[100.53977,13.81029],[100.53699,13.81031],[100.537,13.81211],[100.53608,13.81212],[100.53608,13.81302],[100.53516,13.81303],[100.53517,13.81393],[100.53424,13.81394],[100.53425,13.81484],[100.53332,13.81485],[100.53333,13.81575],[100.53518,13.81574],[100.53517,13.81484],[100.5361,13.81483],[100.5361,13.81574],[100.53703,13.81573],[100.53703,13.81663],[100.53796,13.81663],[100.53796,13.81753],[100.53704,13.81754],[100.53706,13.82115],[100.53984,13.82114],[100.53984,13.82204],[100.53892,13.82205],[100.53892,13.82295],[100.538,13.82296],[100.53801,13.82386],[100.53893,13.82385],[100.53894,13.82566],[100.53709,13.82567],[100.53709,13.82477],[100.53524,13.82478],[100.53524,13.82568],[100.53617,13.82568],[100.53618,13.82749],[100.53525,13.82749],[100.53527,13.8302],[100.5362,13.8302],[100.5362,13.8311],[100.53435,13.83111],[100.53436,13.83202],[100.53343,13.83202],[100.53344,13.83293],[100.53251,13.83293],[100.5325,13.83113],[100.53158,13.83113],[100.5316,13.83475],[100.53068,13.83475],[100.53067,13.83385],[100.52975,13.83385],[100.52975,13.83476],[100.5279,13.83477],[100.52791,13.83567],[100.52698,13.83568],[100.52699,13.83658],[100.52606,13.83659],[100.52606,13.83569],[100.52328,13.8357],[100.52329,13.83661],[100.52236,13.83661],[100.52236,13.83571],[100.52143,13.83571],[100.52145,13.83843],[100.5196,13.83844],[100.51961,13.83934],[100.52053,13.83934],[100.52055,13.84295],[100.51963,13.84296],[100.51965,13.84657],[100.52058,13.84657],[100.52058,13.84747],[100.52151,13.84746],[100.52151,13.84837],[100.52059,13.84837],[100.5206,13.85018],[100.51968,13.85019],[100.51967,13.84928],[100.51782,13.8493],[100.51783,13.8502],[100.51875,13.85019],[100.51876,13.8511],[100.51968,13.85109],[100.51969,13.8529],[100.52247,13.85288],[100.52247,13.85379],[100.5234,13.85378],[100.52341,13.85468],[100.52433,13.85468],[100.52434,13.85558],[100.52526,13.85558],[100.52527,13.85648],[100.52712,13.85647],[100.52713,13.85828],[100.52805,13.85827],[100.52807,13.86008],[100.52714,13.86008],[100.52715,13.86099],[100.52622,13.86099],[100.52623,13.8619],[100.52438,13.86191],[100.52438,13.86281],[100.52531,13.86281],[100.52531,13.86371],[100.52439,13.86372],[100.52441,13.86643],[100.52348,13.86643],[100.52349,13.86734],[100.52441,13.86733],[100.52442,13.86824],[100.52349,13.86824],[100.5235,13.86915],[100.52257,13.86915],[100.52258,13.87006],[100.52351,13.87005],[100.52351,13.87095],[100.52536,13.87094],[100.52537,13.87185],[100.52629,13.87184],[100.5263,13.87274],[100.52445,13.87276],[100.52447,13.87547],[100.52354,13.87547],[100.52355,13.87638],[100.52262,13.87638],[100.52263,13.87729],[100.5217,13.87729],[100.52171,13.8791],[100.52079,13.87911],[100.5208,13.88001],[100.51987,13.88002],[100.51985,13.8773],[100.51893,13.87731],[100.51893,13.87821],[100.51708,13.87823],[100.51709,13.87913],[100.51616,13.87914],[100.51617,13.88004],[100.51709,13.88003],[100.5171,13.88094],[100.51618,13.88094],[100.51619,13.88275],[100.51526,13.88276],[100.51529,13.88637],[100.51621,13.88637],[100.5162,13.88546],[100.51898,13.88545],[100.51899,13.88725],[100.51807,13.88726],[100.51807,13.88816],[100.51622,13.88817],[100.51624,13.89089],[100.51531,13.89089],[100.51532,13.8918],[100.5144,13.8918],[100.51439,13.8909],[100.51346,13.8909],[100.51346,13.89],[100.51253,13.89],[100.51254,13.89091],[100.51161,13.89091],[100.51164,13.89453],[100.50886,13.89455],[100.50887,13.89635],[100.50795,13.89636],[100.50795,13.89726],[100.5098,13.89725],[100.5098,13.89635],[100.51072,13.89634],[100.51072,13.89544],[100.51257,13.89543],[100.51258,13.89724]],[[100.57708,13.85706],[100.57615,13.85706],[100.57615,13.85616],[100.57707,13.85615],[100.57708,13.85706]],[[100.54341,13.80123],[100.54342,13.80394],[100.5425,13.80395],[100.54248,13.80123],[100.54341,13.80123]],[[100.54435,13.80393],[100.54435,13.80484],[100.54343,13.80484],[100.54342,13.80394],[100.54435,13.80393]],[[100.51256,13.89452],[100.51349,13.89452],[100.51349,13.89542],[100.51257,13.89543],[100.51256,13.89452]],[[100.55577,13.85267],[100.55578,13.85358],[100.55485,13.85358],[100.55485,13.85268],[100.55392,13.85268],[100.5539,13.84907],[100.55482,13.84906],[100.55482,13.84816],[100.55667,13.84815],[100.55667,13.84905],[100.55852,13.84904],[100.55852,13.84814],[100.56037,13.84812],[100.56036,13.84722],[100.55944,13.84723],[100.55942,13.84542],[100.5585,13.84542],[100.55849,13.84362],[100.55664,13.84363],[100.55663,13.84272],[100.55571,13.84273],[100.55569,13.84092],[100.55477,13.84093],[100.55478,13.84274],[100.55386,13.84274],[100.55386,13.84365],[100.55294,13.84365],[100.55293,13.84275],[100.55201,13.84275],[100.55199,13.84095],[100.55014,13.84096],[100.55015,13.84186],[100.54922,13.84187],[100.54921,13.83916],[100.55198,13.83914],[100.55198,13.83823],[100.55105,13.83824],[100.55104,13.83643],[100.55196,13.83643],[100.55194,13.83281],[100.55009,13.83282],[100.55008,13.83192],[100.54916,13.83192],[100.54916,13.83283],[100.54824,13.83283],[100.54823,13.83193],[100.54731,13.83194],[100.54731,13.83284],[100.54639,13.83285],[100.54638,13.83104],[100.54545,13.83104],[100.54544,13.82924],[100.54637,13.82923],[100.54636,13.82833],[100.54821,13.82831],[100.5482,13.82741],[100.54728,13.82742],[100.54727,13.82651],[100.5482,13.82651],[100.54819,13.8256],[100.54634,13.82561],[100.54634,13.82471],[100.54541,13.82472],[100.5454,13.82291],[100.54447,13.82291],[100.54446,13.82111],[100.54354,13.82111],[100.54353,13.82021],[100.54538,13.8202],[100.54539,13.8211],[100.54724,13.82109],[100.54725,13.8229],[100.54817,13.82289],[100.54819,13.8247],[100.54911,13.82469],[100.54912,13.8265],[100.55005,13.8265],[100.55006,13.8283],[100.55098,13.8283],[100.55099,13.8292],[100.55192,13.8292],[100.55193,13.831],[100.55285,13.831],[100.55286,13.83281],[100.55379,13.8328],[100.5538,13.8337],[100.55472,13.8337],[100.55473,13.83551],[100.55566,13.8355],[100.55565,13.83369],[100.55657,13.83369],[100.55656,13.83278],[100.55749,13.83278],[100.55751,13.83549],[100.55843,13.83548],[100.55844,13.83729],[100.55937,13.83728],[100.55938,13.83819],[100.5603,13.83818],[100.56031,13.83999],[100.56216,13.83998],[100.56217,13.84088],[100.56124,13.84089],[100.56125,13.84179],[100.5594,13.8418],[100.55941,13.84271],[100.56033,13.8427],[100.56034,13.8436],[100.56126,13.8436],[100.56127,13.8445],[100.56219,13.8445],[100.56219,13.84359],[100.56311,13.84359],[100.56311,13.84268],[100.56496,13.84267],[100.56496,13.84358],[100.56589,13.84357],[100.56589,13.84447],[100.56682,13.84447],[100.56681,13.84356],[100.56774,13.84356],[100.56775,13.84537],[100.56682,13.84537],[100.56683,13.84627],[100.56406,13.84629],[100.56406,13.8472],[100.56221,13.84721],[100.56222,13.84811],[100.56314,13.84811],[100.56315,13.84991],[100.56408,13.84991],[100.56409,13.85081],[100.56594,13.8508],[100.56595,13.85261],[100.56687,13.8526],[100.56688,13.85441],[100.56596,13.85442],[100.56597,13.85532],[100.56782,13.85531],[100.56782,13.85621],[100.5669,13.85622],[100.56692,13.85893],[100.56784,13.85892],[100.56785,13.86073],[100.56878,13.86072],[100.56879,13.86253],[100.56971,13.86253],[100.56973,13.86433],[100.57065,13.86433],[100.57066,13.86523],[100.57158,13.86523],[100.5716,13.86703],[100.57252,13.86703],[100.57253,13.86793],[100.5716,13.86794],[100.57161,13.86884],[100.57068,13.86885],[100.57068,13.86794],[100.56883,13.86796],[100.56882,13.86705],[100.56697,13.86706],[100.56696,13.86616],[100.56789,13.86615],[100.56788,13.86525],[100.56696,13.86526],[100.56695,13.86345],[100.56602,13.86345],[100.56603,13.86436],[100.5651,13.86436],[100.5651,13.86346],[100.56417,13.86347],[100.56418,13.86527],[100.56233,13.86529],[100.56232,13.86348],[100.56139,13.86348],[100.56137,13.85987],[100.56507,13.85984],[100.56506,13.85894],[100.56414,13.85895],[100.56413,13.85714],[100.5632,13.85715],[100.56319,13.85534],[100.56227,13.85534],[100.56226,13.85444],[100.55763,13.85447],[100.55763,13.85356],[100.5567,13.85357],[100.5567,13.85267],[100.55577,13.85267]],[[100.54538,13.81929],[100.5463,13.81929],[100.54631,13.82019],[100.54538,13.8202],[100.54538,13.81929]],[[100.54445,13.8193],[100.54444,13.81749],[100.54536,13.81749],[100.54538,13.81929],[100.54445,13.8193]]],[[[100.50518,13.89728],[100.50517,13.89638],[100.50425,13.89638],[100.50425,13.89729],[100.50518,13.89728]]],[[[100.51076,13.90177],[100.50983,13.90177],[100.50984,13.90268],[100.50891,13.90268],[100.50892,13.90359],[100.50984,13.90358],[100.50985,13.90448],[100.51078,13.90448],[100.51077,13.90357],[100.5117,13.90357],[100.51168,13.90086],[100.51075,13.90086],[100.51076,13.90177]]],[[[100.50986,13.90539],[100.50985,13.90448],[100.50893,13.90449],[100.50893,13.90539],[100.50986,13.90539]]],[[[100.50616,13.90541],[100.50615,13.90451],[100.50522,13.90451],[100.50523,13.90542],[100.50616,13.90541]]],[[[100.50709,13.90631],[100.50708,13.90541],[100.50616,13.90541],[100.50616,13.90631],[100.50709,13.90631]]],[[[100.5071,13.90812],[100.5071,13.90902],[100.50803,13.90902],[100.50804,13.90992],[100.50989,13.90991],[100.50987,13.9081],[100.50895,13.90811],[100.50894,13.9072],[100.50802,13.90721],[100.50802,13.90811],[100.5071,13.90812]]],[[[100.51326,13.71554],[100.51325,13.71464],[100.51233,13.71464],[100.51233,13.71555],[100.51326,13.71554]]],[[[100.51051,13.72008],[100.51051,13.71917],[100.50958,13.71918],[100.50959,13.72008],[100.51051,13.72008]]],[[[100.51287,13.79871],[100.51286,13.7978],[100.51194,13.79781],[100.51194,13.79871],[100.51287,13.79871]]],[[[100.5113,13.8421],[100.51129,13.8412],[100.51037,13.84121],[100.51037,13.84211],[100.5113,13.8421]]],[[[100.51133,13.84753],[100.51133,13.84662],[100.5104,13.84663],[100.51041,13.84753],[100.51133,13.84753]]],[[[100.51505,13.85022],[100.51228,13.85023],[100.51229,13.85204],[100.51321,13.85204],[100.51322,13.85294],[100.51414,13.85293],[100.51414,13.85203],[100.51599,13.85202],[100.51598,13.85111],[100.51506,13.85112],[100.51505,13.85022]]],[[[100.51044,13.85205],[100.51043,13.85115],[100.50951,13.85115],[100.50951,13.85206],[100.51044,13.85205]]],[[[100.5151,13.85745],[100.51509,13.85654],[100.51324,13.85656],[100.51325,13.85746],[100.5151,13.85745]]],[[[100.51524,13.88004],[100.51524,13.87914],[100.51431,13.87915],[100.51432,13.88005],[100.51524,13.88004]]],[[[100.51249,13.88277],[100.51248,13.88187],[100.51155,13.88188],[100.51156,13.88278],[100.51249,13.88277]]],[[[100.5154,13.90445],[100.5154,13.90355],[100.51447,13.90355],[100.51448,13.90446],[100.5154,13.90445]]],[[[100.51541,13.90626],[100.51541,13.90535],[100.51448,13.90536],[100.51449,13.90626],[100.51541,13.90626]]],[[[100.51358,13.90898],[100.51359,13.90988],[100.51544,13.90987],[100.51543,13.90897],[100.51636,13.90896],[100.51635,13.90806],[100.51543,13.90807],[100.51542,13.90716],[100.51357,13.90717],[100.51358,13.90808],[100.5145,13.90807],[100.51451,13.90897],[100.51358,13.90898]]],[[[100.51879,13.7137],[100.51879,13.7128],[100.51786,13.7128],[100.51787,13.71371],[100.51879,13.7137]]],[[[100.51974,13.71641],[100.51973,13.7155],[100.51881,13.71551],[100.51881,13.71641],[100.51974,13.71641]]],[[[100.51699,13.72094],[100.51699,13.72004],[100.51606,13.72004],[100.51607,13.72095],[100.51699,13.72094]]],[[[100.52073,13.72725],[100.51796,13.72726],[100.51795,13.72636],[100.51703,13.72637],[100.51703,13.72727],[100.51611,13.72727],[100.51612,13.72908],[100.51797,13.72907],[100.51796,13.72817],[100.51889,13.72816],[100.51889,13.72907],[100.52074,13.72905],[100.52075,13.72996],[100.52167,13.72995],[100.52166,13.72814],[100.52074,13.72815],[100.52073,13.72725]]],[[[100.51799,13.73178],[100.51798,13.73088],[100.51705,13.73088],[100.51706,13.73179],[100.51799,13.73178]]],[[[100.51714,13.74354],[100.51711,13.73902],[100.51618,13.73903],[100.51621,13.74355],[100.51714,13.74354]]],[[[100.51993,13.74623],[100.51992,13.74533],[100.519,13.74534],[100.519,13.74624],[100.51993,13.74623]]],[[[100.51866,13.83573],[100.51865,13.83483],[100.51773,13.83483],[100.51773,13.83574],[100.51866,13.83573]]],[[[100.51871,13.84387],[100.5187,13.84296],[100.51593,13.84298],[100.51593,13.84388],[100.51871,13.84387]]],[[[100.51788,13.85833],[100.5188,13.85833],[100.5188,13.85742],[100.51972,13.85742],[100.51972,13.85651],[100.51787,13.85653],[100.51788,13.85833]]],[[[100.51695,13.85744],[100.51694,13.85653],[100.51602,13.85654],[100.51602,13.85744],[100.51695,13.85744]]],[[[100.51603,13.85925],[100.51603,13.85835],[100.5151,13.85835],[100.51511,13.85926],[100.51603,13.85925]]],[[[100.51699,13.86376],[100.51699,13.86467],[100.51792,13.86466],[100.51791,13.86285],[100.51606,13.86287],[100.51606,13.86377],[100.51699,13.86376]]],[[[100.51701,13.86738],[100.51701,13.86647],[100.51608,13.86648],[100.51609,13.86738],[100.51701,13.86738]]],[[[100.51704,13.87099],[100.51703,13.87009],[100.5161,13.8701],[100.51611,13.871],[100.51704,13.87099]]],[[[100.51889,13.87189],[100.51982,13.87188],[100.51981,13.87007],[100.51888,13.87008],[100.51889,13.87189]]],[[[100.52167,13.87187],[100.52166,13.87097],[100.52074,13.87097],[100.52074,13.87188],[100.52167,13.87187]]],[[[100.52262,13.87638],[100.52262,13.87548],[100.52169,13.87549],[100.5217,13.87639],[100.52262,13.87638]]],[[[100.52006,13.90984],[100.52006,13.90894],[100.51821,13.90895],[100.51821,13.90986],[100.52006,13.90984]]],[[[100.52252,13.7182],[100.52252,13.71729],[100.52159,13.7173],[100.5216,13.7182],[100.52252,13.7182]]],[[[100.52899,13.71816],[100.52899,13.71725],[100.52806,13.71726],[100.52807,13.71816],[100.52899,13.71816]]],[[[100.5264,13.74619],[100.52639,13.74529],[100.52547,13.7453],[100.52548,13.7462],[100.5264,13.74619]]],[[[100.52825,13.74618],[100.52824,13.74528],[100.52732,13.74528],[100.52733,13.74619],[100.52825,13.74618]]],[[[100.52833,13.75884],[100.52833,13.75793],[100.5274,13.75794],[100.52741,13.75884],[100.52833,13.75884]]],[[[100.52308,13.80407],[100.52308,13.80497],[100.52493,13.80496],[100.52493,13.80405],[100.52308,13.80407]]],[[[100.52962,13.81397],[100.52961,13.81306],[100.52868,13.81307],[100.52869,13.81397],[100.52962,13.81397]]],[[[100.52596,13.82032],[100.52595,13.81942],[100.52503,13.81942],[100.52503,13.82032],[100.52596,13.82032]]],[[[100.52328,13.8348],[100.52327,13.83389],[100.52235,13.8339],[100.52235,13.8348],[100.52328,13.8348]]],[[[100.53017,13.89893],[100.53017,13.89803],[100.52924,13.89804],[100.52925,13.89894],[100.53017,13.89893]]],[[[100.52833,13.90075],[100.52833,13.89985],[100.5274,13.89986],[100.52741,13.90076],[100.52833,13.90075]]],[[[100.52836,13.90437],[100.52835,13.90347],[100.52743,13.90347],[100.52743,13.90437],[100.52836,13.90437]]],[[[100.5265,13.90348],[100.52465,13.90349],[100.52466,13.9053],[100.52559,13.90529],[100.52558,13.90439],[100.52651,13.90438],[100.5265,13.90348]]],[[[100.52653,13.908],[100.5256,13.908],[100.52561,13.90891],[100.52746,13.90889],[100.52744,13.90528],[100.52651,13.90528],[100.52653,13.908]]],[[[100.52836,13.90527],[100.52837,13.90708],[100.5293,13.90707],[100.52929,13.90527],[100.52836,13.90527]]],[[[100.53545,13.71631],[100.53545,13.7154],[100.53452,13.71541],[100.53453,13.71631],[100.53545,13.71631]]],[[[100.53557,13.73439],[100.53556,13.73348],[100.53464,13.73349],[100.53465,13.73439],[100.53557,13.73439]]],[[[100.53187,13.73441],[100.53187,13.73351],[100.53094,13.73351],[100.53095,13.73441],[100.53187,13.73441]]],[[[100.53565,13.74614],[100.53472,13.74614],[100.53473,13.74795],[100.53566,13.74794],[100.53565,13.74614]]],[[[100.53196,13.74797],[100.53197,13.74887],[100.53382,13.74886],[100.53381,13.74796],[100.53196,13.74797]]],[[[100.53475,13.74976],[100.53474,13.74885],[100.53382,13.74886],[100.53382,13.74976],[100.53475,13.74976]]],[[[100.5366,13.75065],[100.5366,13.74975],[100.53567,13.74975],[100.53568,13.75066],[100.5366,13.75065]]],[[[100.53392,13.76513],[100.53392,13.76423],[100.53299,13.76423],[100.533,13.76514],[100.53392,13.76513]]],[[[100.5367,13.76511],[100.53669,13.76421],[100.53576,13.76421],[100.53577,13.76512],[100.5367,13.76511]]],[[[100.53579,13.76783],[100.53578,13.76693],[100.53486,13.76693],[100.53486,13.76784],[100.53579,13.76783]]],[[[100.53433,13.8284],[100.53433,13.8275],[100.5334,13.8275],[100.53341,13.82841],[100.53433,13.8284]]],[[[100.53066,13.83294],[100.53066,13.83204],[100.52973,13.83205],[100.52974,13.83295],[100.53066,13.83294]]],[[[100.53482,13.90252],[100.5339,13.90253],[100.53391,13.90433],[100.53483,13.90433],[100.53482,13.90252]]],[[[100.53206,13.90525],[100.53206,13.90435],[100.53113,13.90435],[100.53114,13.90526],[100.53206,13.90525]]],[[[100.54011,13.7217],[100.54011,13.7208],[100.53918,13.7208],[100.53919,13.72171],[100.54011,13.7217]]],[[[100.54288,13.72169],[100.54196,13.72169],[100.54197,13.7226],[100.54104,13.7226],[100.54105,13.7235],[100.5429,13.72349],[100.54288,13.72169]]],[[[100.54012,13.72261],[100.54104,13.7226],[100.54104,13.7217],[100.54011,13.7217],[100.54012,13.72261]]],[[[100.53924,13.72984],[100.53923,13.72894],[100.53831,13.72895],[100.53831,13.72985],[100.53924,13.72984]]],[[[100.54386,13.72981],[100.54386,13.72891],[100.54293,13.72892],[100.54294,13.72982],[100.54386,13.72981]]],[[[100.54111,13.73254],[100.5411,13.73164],[100.54018,13.73165],[100.54018,13.73255],[100.54111,13.73254]]],[[[100.54392,13.73795],[100.5439,13.73614],[100.54298,13.73615],[100.54299,13.73796],[100.54392,13.73795]]],[[[100.53652,13.738],[100.53837,13.73798],[100.53836,13.73708],[100.53744,13.73709],[100.53743,13.73618],[100.53651,13.73619],[100.53652,13.738]]],[[[100.53652,13.7389],[100.53654,13.74161],[100.53839,13.7416],[100.53837,13.73889],[100.53652,13.7389]]],[[[100.53842,13.74522],[100.53843,13.74793],[100.53936,13.74792],[100.53934,13.74521],[100.53842,13.74522]]],[[[100.5375,13.74703],[100.5375,13.74613],[100.53657,13.74613],[100.53658,13.74703],[100.5375,13.74703]]],[[[100.53844,13.74973],[100.53844,13.74883],[100.53659,13.74884],[100.5366,13.74975],[100.53844,13.74973]]],[[[100.54415,13.77411],[100.54415,13.7732],[100.54322,13.77321],[100.54323,13.77411],[100.54415,13.77411]]],[[[100.54141,13.77955],[100.54141,13.77864],[100.54048,13.77865],[100.54049,13.77955],[100.54141,13.77955]]],[[[100.53968,13.79764],[100.53783,13.79765],[100.53784,13.79855],[100.53876,13.79854],[100.53877,13.79945],[100.54062,13.79944],[100.54061,13.79853],[100.53969,13.79854],[100.53968,13.79764]]],[[[100.53971,13.80125],[100.5397,13.80035],[100.53878,13.80035],[100.53878,13.80126],[100.53971,13.80125]]],[[[100.54064,13.80215],[100.54063,13.80125],[100.53971,13.80125],[100.53971,13.80215],[100.54064,13.80215]]],[[[100.53882,13.80758],[100.53882,13.80668],[100.53789,13.80669],[100.5379,13.80759],[100.53882,13.80758]]],[[[100.54069,13.81028],[100.54068,13.80938],[100.53976,13.80939],[100.53977,13.81029],[100.54069,13.81028]]],[[[100.5431,13.89524],[100.5431,13.89433],[100.54217,13.89434],[100.54218,13.89524],[100.5431,13.89524]]],[[[100.54221,13.89976],[100.54221,13.90067],[100.54406,13.90065],[100.54406,13.89975],[100.54221,13.89976]]],[[[100.54407,13.90246],[100.54593,13.90245],[100.54592,13.90155],[100.54407,13.90156],[100.54407,13.90246]]],[[[100.54131,13.90429],[100.5413,13.90338],[100.54038,13.90339],[100.54039,13.90429],[100.54131,13.90429]]],[[[100.54316,13.90428],[100.54131,13.90429],[100.54132,13.90519],[100.54224,13.90519],[100.54225,13.90609],[100.54317,13.90608],[100.54316,13.90428]]],[[[100.54228,13.91061],[100.54413,13.9106],[100.54412,13.90969],[100.5432,13.9097],[100.54318,13.90699],[100.54225,13.90699],[100.54228,13.91061]]],[[[100.54134,13.90881],[100.54133,13.9079],[100.54041,13.90791],[100.54042,13.90881],[100.54134,13.90881]]],[[[100.54137,13.91333],[100.54136,13.91242],[100.54044,13.91243],[100.54045,13.91333],[100.54137,13.91333]]],[[[100.54326,13.91874],[100.54325,13.91783],[100.54233,13.91784],[100.54233,13.91874],[100.54326,13.91874]]],[[[100.54418,13.91783],[100.54419,13.92054],[100.54512,13.92053],[100.5451,13.91782],[100.54418,13.91783]]],[[[100.54936,13.72164],[100.54935,13.72074],[100.54843,13.72075],[100.54843,13.72165],[100.54936,13.72164]]],[[[100.54568,13.72528],[100.54568,13.72438],[100.54475,13.72439],[100.54476,13.72529],[100.54568,13.72528]]],[[[100.54846,13.72617],[100.54846,13.72527],[100.54753,13.72527],[100.54754,13.72618],[100.54846,13.72617]]],[[[100.5494,13.72797],[100.54939,13.72707],[100.54847,13.72707],[100.54847,13.72798],[100.5494,13.72797]]],[[[100.55033,13.72887],[100.55032,13.72797],[100.5494,13.72797],[100.5494,13.72888],[100.55033,13.72887]]],[[[100.55128,13.73338],[100.55221,13.73338],[100.5522,13.73247],[100.55405,13.73246],[100.55404,13.73156],[100.55589,13.73155],[100.55588,13.72974],[100.55496,13.72975],[100.55496,13.73065],[100.55311,13.73066],[100.55312,13.73156],[100.55127,13.73158],[100.55127,13.73067],[100.55219,13.73067],[100.55218,13.72886],[100.55125,13.72886],[100.55126,13.72977],[100.54849,13.72979],[100.5485,13.73159],[100.54942,13.73159],[100.54943,13.73249],[100.5485,13.7325],[100.54852,13.73431],[100.54944,13.7343],[100.54945,13.7352],[100.55129,13.73519],[100.55128,13.73338]]],[[[100.5476,13.73612],[100.5476,13.73521],[100.54667,13.73522],[100.54668,13.73612],[100.5476,13.73612]]],[[[100.54576,13.73794],[100.54484,13.73794],[100.54485,13.73975],[100.54578,13.73975],[100.54576,13.73794]]],[[[100.54857,13.74244],[100.54856,13.74154],[100.54764,13.74154],[100.54764,13.74245],[100.54857,13.74244]]],[[[100.54674,13.74607],[100.54674,13.74516],[100.54581,13.74517],[100.54582,13.74607],[100.54674,13.74607]]],[[[100.54769,13.74877],[100.54768,13.74787],[100.54675,13.74788],[100.54676,13.74878],[100.54769,13.74877]]],[[[100.55047,13.74966],[100.55046,13.74876],[100.54953,13.74876],[100.54954,13.74967],[100.55047,13.74966]]],[[[100.55234,13.75326],[100.55141,13.75327],[100.55142,13.75417],[100.54957,13.75418],[100.54958,13.75599],[100.54681,13.75601],[100.54681,13.75691],[100.54774,13.75691],[100.54774,13.75781],[100.54959,13.7578],[100.54961,13.75961],[100.54776,13.75962],[100.54776,13.76052],[100.54684,13.76053],[100.54684,13.76143],[100.54777,13.76143],[100.54777,13.76233],[100.54685,13.76234],[100.54686,13.76415],[100.54594,13.76415],[100.54594,13.76505],[100.54502,13.76506],[100.54504,13.76777],[100.54411,13.76778],[100.54412,13.76868],[100.54504,13.76868],[100.54505,13.76958],[100.5469,13.76957],[100.5469,13.77047],[100.54875,13.77046],[100.54876,13.77136],[100.54968,13.77136],[100.54969,13.77226],[100.54876,13.77227],[100.54878,13.77408],[100.5497,13.77407],[100.54971,13.77497],[100.54878,13.77498],[100.54879,13.77588],[100.54971,13.77588],[100.54972,13.77678],[100.54879,13.77679],[100.54881,13.7786],[100.54973,13.77859],[100.54974,13.77949],[100.55159,13.77948],[100.55159,13.78039],[100.55252,13.78038],[100.55252,13.78128],[100.5516,13.78129],[100.5516,13.78219],[100.55345,13.78218],[100.55346,13.78309],[100.55439,13.78308],[100.5544,13.78579],[100.55533,13.78579],[100.55533,13.78669],[100.55348,13.7867],[100.55349,13.78761],[100.55441,13.7876],[100.55442,13.7885],[100.55535,13.7885],[100.55535,13.7894],[100.55443,13.78941],[100.55443,13.79031],[100.55351,13.79032],[100.55351,13.79122],[100.55259,13.79123],[100.55258,13.79032],[100.55166,13.79033],[100.55167,13.79214],[100.5526,13.79213],[100.55262,13.79575],[100.55447,13.79573],[100.55446,13.79393],[100.55538,13.79392],[100.55539,13.79573],[100.55632,13.79572],[100.55635,13.80024],[100.55727,13.80024],[100.55727,13.79933],[100.55819,13.79933],[100.5582,13.80023],[100.55912,13.80022],[100.55914,13.80294],[100.56007,13.80293],[100.56007,13.80383],[100.561,13.80383],[100.561,13.80473],[100.56193,13.80473],[100.56193,13.80563],[100.56286,13.80562],[100.56286,13.80653],[100.56379,13.80652],[100.5638,13.80743],[100.56472,13.80742],[100.56471,13.80652],[100.56564,13.80651],[100.56565,13.80832],[100.56658,13.80831],[100.56656,13.8056],[100.56748,13.80559],[100.56748,13.80469],[100.56655,13.8047],[100.56655,13.80379],[100.56747,13.80379],[100.56745,13.80108],[100.5693,13.80106],[100.5693,13.80016],[100.56837,13.80017],[100.56837,13.79926],[100.56744,13.79927],[100.56743,13.79836],[100.56651,13.79837],[100.5665,13.79747],[100.56558,13.79747],[100.56557,13.79657],[100.5665,13.79656],[100.56649,13.79475],[100.56741,13.79475],[100.5674,13.79384],[100.56833,13.79384],[100.56832,13.79293],[100.56647,13.79295],[100.56647,13.79204],[100.56554,13.79205],[100.56554,13.79114],[100.56461,13.79115],[100.56459,13.78844],[100.56552,13.78843],[100.56551,13.78753],[100.56644,13.78752],[100.56643,13.78572],[100.56735,13.78571],[100.56734,13.78481],[100.57104,13.78478],[100.57104,13.78388],[100.56919,13.78389],[100.56918,13.78299],[100.56826,13.78299],[100.56825,13.78209],[100.56733,13.78209],[100.56731,13.78029],[100.56454,13.7803],[100.56453,13.7794],[100.56361,13.77941],[100.5636,13.7785],[100.56453,13.7785],[100.56452,13.77669],[100.56544,13.77668],[100.56543,13.77487],[100.56635,13.77487],[100.56635,13.77396],[100.56727,13.77396],[100.56727,13.77306],[100.56819,13.77305],[100.56818,13.77215],[100.56911,13.77214],[100.5691,13.77124],[100.56725,13.77125],[100.56726,13.77215],[100.56541,13.77216],[100.5654,13.77036],[100.56632,13.77035],[100.56631,13.76854],[100.56446,13.76855],[100.56445,13.76675],[100.5626,13.76676],[100.56259,13.76585],[100.56352,13.76585],[100.56351,13.76494],[100.56259,13.76495],[100.56258,13.76405],[100.56073,13.76406],[100.56072,13.76225],[100.56165,13.76224],[100.56162,13.75863],[100.55977,13.75864],[100.55978,13.75954],[100.55885,13.75955],[100.55885,13.75865],[100.557,13.75866],[100.55697,13.75504],[100.55512,13.75505],[100.55512,13.75415],[100.55697,13.75414],[100.55696,13.75323],[100.55604,13.75324],[100.55603,13.75234],[100.55326,13.75235],[100.55325,13.75055],[100.54955,13.75057],[100.54955,13.75147],[100.5514,13.75146],[100.55141,13.75237],[100.55233,13.75236],[100.55234,13.75326]],[[100.56006,13.80203],[100.56098,13.80202],[100.56099,13.80292],[100.56007,13.80293],[100.56006,13.80203]]],[[[100.54863,13.75148],[100.54862,13.75058],[100.5477,13.75058],[100.5477,13.75148],[100.54863,13.75148]]],[[[100.54956,13.75238],[100.54955,13.75147],[100.54863,13.75148],[100.54863,13.75238],[100.54956,13.75238]]],[[[100.54772,13.75329],[100.54771,13.75239],[100.54678,13.75239],[100.54679,13.7533],[100.54772,13.75329]]],[[[100.54865,13.75509],[100.54865,13.75419],[100.54772,13.7542],[100.54773,13.7551],[100.54865,13.75509]]],[[[100.54507,13.7732],[100.54507,13.77229],[100.54414,13.7723],[100.54415,13.7732],[100.54507,13.7732]]],[[[100.54514,13.78314],[100.54513,13.78223],[100.54421,13.78224],[100.54421,13.78314],[100.54514,13.78314]]],[[[100.54706,13.79488],[100.54706,13.79397],[100.54613,13.79398],[100.54614,13.79488],[100.54706,13.79488]]],[[[100.54802,13.79939],[100.54801,13.79849],[100.54709,13.79849],[100.54709,13.7994],[100.54802,13.79939]]],[[[100.54992,13.80751],[100.54992,13.80661],[100.54899,13.80662],[100.549,13.80752],[100.54992,13.80751]]],[[[100.54725,13.8238],[100.54725,13.8229],[100.54632,13.8229],[100.54633,13.82381],[100.54725,13.8238]]],[[[100.5473,13.83103],[100.5473,13.83013],[100.54637,13.83013],[100.54638,13.83104],[100.5473,13.83103]]],[[[100.54916,13.83192],[100.54915,13.83102],[100.54823,13.83103],[100.54823,13.83193],[100.54916,13.83192]]],[[[100.5459,13.89793],[100.54589,13.89703],[100.54496,13.89703],[100.54497,13.89794],[100.5459,13.89793]]],[[[100.54591,13.89974],[100.5459,13.89883],[100.54498,13.89884],[100.54498,13.89974],[100.54591,13.89974]]],[[[100.55237,13.89789],[100.55238,13.89879],[100.55145,13.8988],[100.55146,13.8997],[100.55331,13.89969],[100.5533,13.89879],[100.55423,13.89878],[100.55422,13.89697],[100.55329,13.89698],[100.5533,13.89788],[100.55237,13.89789]]],[[[100.54877,13.91328],[100.54876,13.91147],[100.54784,13.91148],[100.54785,13.91329],[100.54877,13.91328]]],[[[100.54971,13.91508],[100.5497,13.91327],[100.54877,13.91328],[100.54879,13.91509],[100.54971,13.91508]]],[[[100.55064,13.91598],[100.55064,13.91508],[100.54971,13.91508],[100.54972,13.91599],[100.55064,13.91598]]],[[[100.54788,13.91871],[100.54788,13.9178],[100.54695,13.91781],[100.54696,13.91871],[100.54788,13.91871]]],[[[100.54882,13.92051],[100.54882,13.91961],[100.54789,13.91961],[100.5479,13.92052],[100.54882,13.92051]]],[[[100.5595,13.71706],[100.55949,13.71616],[100.55857,13.71616],[100.55857,13.71707],[100.5595,13.71706]]],[[[100.55492,13.72342],[100.55491,13.72251],[100.55399,13.72252],[100.55399,13.72342],[100.55492,13.72342]]],[[[100.55954,13.72339],[100.55769,13.7234],[100.5577,13.72521],[100.55955,13.7252],[100.55954,13.72339]]],[[[100.55307,13.72343],[100.55308,13.72524],[100.554,13.72523],[100.55399,13.72342],[100.55307,13.72343]]],[[[100.55494,13.72703],[100.55493,13.72613],[100.55401,13.72614],[100.55402,13.72704],[100.55494,13.72703]]],[[[100.55679,13.72702],[100.55678,13.72612],[100.55586,13.72612],[100.55586,13.72703],[100.55679,13.72702]]],[[[100.55867,13.73243],[100.55867,13.73153],[100.55774,13.73154],[100.55775,13.73244],[100.55867,13.73243]]],[[[100.55231,13.74965],[100.55231,13.74874],[100.55138,13.74875],[100.55139,13.74965],[100.55231,13.74965]]],[[[100.55695,13.75143],[100.55696,13.75233],[100.55881,13.75232],[100.5588,13.75141],[100.55695,13.75143]]],[[[100.5579,13.75504],[100.5579,13.75594],[100.55883,13.75593],[100.55882,13.75413],[100.55697,13.75414],[100.55697,13.75504],[100.5579,13.75504]]],[[[100.55544,13.80206],[100.55543,13.80115],[100.5545,13.80116],[100.55451,13.80206],[100.55544,13.80206]]],[[[100.55823,13.80475],[100.55822,13.80385],[100.5573,13.80385],[100.5573,13.80476],[100.55823,13.80475]]],[[[100.55271,13.81021],[100.55271,13.8093],[100.55178,13.80931],[100.55179,13.81021],[100.55271,13.81021]]],[[[100.55552,13.81471],[100.55737,13.8147],[100.55736,13.81379],[100.55644,13.8138],[100.55643,13.8129],[100.55551,13.8129],[100.55552,13.81471]]],[[[100.55738,13.81651],[100.55738,13.8156],[100.55645,13.81561],[100.55646,13.81651],[100.55738,13.81651]]],[[[100.55646,13.81742],[100.55646,13.81651],[100.55553,13.81652],[100.55554,13.81742],[100.55646,13.81742]]],[[[100.55289,13.83732],[100.55289,13.83642],[100.55196,13.83643],[100.55197,13.83733],[100.55289,13.83732]]],[[[100.56063,13.88789],[100.56063,13.88699],[100.5597,13.887],[100.55971,13.8879],[100.56063,13.88789]]],[[[100.55789,13.89334],[100.55789,13.89243],[100.55696,13.89244],[100.55697,13.89334],[100.55789,13.89334]]],[[[100.55512,13.89426],[100.55512,13.89335],[100.55419,13.89336],[100.5542,13.89426],[100.55512,13.89426]]],[[[100.55607,13.89696],[100.55606,13.89606],[100.55514,13.89606],[100.55514,13.89697],[100.55607,13.89696]]],[[[100.5632,13.71704],[100.56319,13.71613],[100.56226,13.71614],[100.56227,13.71704],[100.5632,13.71704]]],[[[100.56696,13.72696],[100.56695,13.72605],[100.56603,13.72606],[100.56603,13.72696],[100.56696,13.72696]]],[[[100.56141,13.72699],[100.56141,13.72609],[100.56048,13.72609],[100.56049,13.727],[100.56141,13.72699]]],[[[100.56789,13.72786],[100.56788,13.72695],[100.56696,13.72696],[100.56697,13.72786],[100.56789,13.72786]]],[[[100.56604,13.72787],[100.56603,13.72696],[100.56511,13.72697],[100.56512,13.72787],[100.56604,13.72787]]],[[[100.55864,13.72701],[100.55866,13.72972],[100.55958,13.72972],[100.55956,13.727],[100.55864,13.72701]]],[[[100.56235,13.72879],[100.56234,13.72789],[100.56142,13.7279],[100.56142,13.7288],[100.56235,13.72879]]],[[[100.56697,13.72877],[100.56697,13.72786],[100.56604,13.72787],[100.56605,13.72877],[100.56697,13.72877]]],[[[100.567,13.73238],[100.56699,13.73148],[100.56606,13.73148],[100.56607,13.73239],[100.567,13.73238]]],[[[100.56517,13.73601],[100.56516,13.7351],[100.56424,13.73511],[100.56425,13.73601],[100.56517,13.73601]]],[[[100.5615,13.74055],[100.5615,13.73965],[100.56057,13.73965],[100.56058,13.74056],[100.5615,13.74055]]],[[[100.56428,13.74144],[100.56428,13.74053],[100.56335,13.74054],[100.56336,13.74144],[100.56428,13.74144]]],[[[100.56151,13.74236],[100.56151,13.74145],[100.56058,13.74146],[100.56059,13.74236],[100.56151,13.74236]]],[[[100.56336,13.74235],[100.56336,13.74144],[100.56243,13.74145],[100.56244,13.74235],[100.56336,13.74235]]],[[[100.56062,13.74688],[100.56061,13.74508],[100.55968,13.74508],[100.5597,13.74779],[100.56155,13.74778],[100.56154,13.74688],[100.56062,13.74688]]],[[[100.56619,13.75046],[100.56804,13.75045],[100.56803,13.74955],[100.56618,13.74956],[100.56619,13.75046]]],[[[100.5662,13.75137],[100.56619,13.75046],[100.56527,13.75047],[100.56527,13.75137],[100.5662,13.75137]]],[[[100.56066,13.75321],[100.56065,13.75231],[100.55973,13.75231],[100.55974,13.75322],[100.56066,13.75321]]],[[[100.56252,13.75501],[100.56252,13.7541],[100.56159,13.75411],[100.5616,13.75501],[100.56252,13.75501]]],[[[100.56195,13.80834],[100.56196,13.80925],[100.56381,13.80923],[100.5638,13.80833],[100.56195,13.80834]]],[[[100.56103,13.80925],[100.56103,13.80835],[100.5601,13.80835],[100.56011,13.80926],[100.56103,13.80925]]],[[[100.56568,13.81193],[100.56567,13.81103],[100.56474,13.81104],[100.56475,13.81194],[100.56568,13.81193]]],[[[100.56108,13.81648],[100.56108,13.81558],[100.56015,13.81558],[100.56016,13.81649],[100.56108,13.81648]]],[[[100.56295,13.81918],[100.56294,13.81828],[100.56202,13.81828],[100.56202,13.81919],[100.56295,13.81918]]],[[[100.5648,13.82007],[100.56481,13.82098],[100.56666,13.82097],[100.56665,13.82006],[100.5648,13.82007]]],[[[100.56204,13.821],[100.56203,13.82009],[100.56111,13.8201],[100.56112,13.82191],[100.56389,13.82189],[100.56389,13.82098],[100.56204,13.821]]],[[[100.56114,13.82462],[100.56113,13.82371],[100.5602,13.82372],[100.56021,13.82462],[100.56114,13.82462]]],[[[100.56392,13.8255],[100.56391,13.8246],[100.56299,13.82461],[100.56299,13.82551],[100.56392,13.8255]]],[[[100.56497,13.84448],[100.56219,13.8445],[100.5622,13.8454],[100.56497,13.84538],[100.56497,13.84448]]],[[[100.56525,13.88696],[100.56525,13.88606],[100.56432,13.88606],[100.56433,13.88697],[100.56525,13.88696]]],[[[100.56711,13.88785],[100.5671,13.88695],[100.56618,13.88695],[100.56618,13.88786],[100.56711,13.88785]]],[[[100.56527,13.88967],[100.56526,13.88877],[100.56434,13.88877],[100.56435,13.88968],[100.56527,13.88967]]],[[[100.56065,13.89061],[100.56064,13.8897],[100.55972,13.88971],[100.55973,13.89061],[100.56065,13.89061]]],[[[100.56621,13.89238],[100.56621,13.89147],[100.56528,13.89148],[100.56529,13.89238],[100.56621,13.89238]]],[[[100.56438,13.8942],[100.56437,13.89329],[100.56344,13.8933],[100.56345,13.8942],[100.56438,13.8942]]],[[[100.56531,13.8951],[100.5653,13.89419],[100.56438,13.8942],[100.56438,13.8951],[100.56531,13.8951]]],[[[100.57342,13.72511],[100.57249,13.72511],[100.57251,13.72692],[100.57343,13.72692],[100.57342,13.72511]]],[[[100.56973,13.72604],[100.5688,13.72604],[100.56881,13.72785],[100.56974,13.72784],[100.56973,13.72604]]],[[[100.57345,13.72963],[100.57346,13.73053],[100.57438,13.73053],[100.57437,13.72962],[100.57345,13.72963]]],[[[100.57346,13.73144],[100.57346,13.73053],[100.57253,13.73054],[100.57254,13.73144],[100.57346,13.73144]]],[[[100.57255,13.73325],[100.57254,13.73235],[100.57162,13.73235],[100.57162,13.73326],[100.57255,13.73325]]],[[[100.57071,13.73416],[100.5707,13.73326],[100.56978,13.73327],[100.56978,13.73417],[100.57071,13.73416]]],[[[100.56886,13.73508],[100.56887,13.73689],[100.5698,13.73688],[100.56979,13.73507],[100.56886,13.73508]]],[[[100.57165,13.73687],[100.57164,13.73597],[100.57072,13.73597],[100.57072,13.73688],[100.57165,13.73687]]],[[[100.57176,13.75314],[100.57176,13.75404],[100.57084,13.75405],[100.57084,13.75495],[100.57269,13.75494],[100.57268,13.75313],[100.57176,13.75314]]],[[[100.57456,13.75764],[100.57456,13.75674],[100.57363,13.75674],[100.57364,13.75765],[100.57456,13.75764]]],[[[100.5718,13.75947],[100.57179,13.75856],[100.57087,13.75857],[100.57087,13.75947],[100.5718,13.75947]]],[[[100.56903,13.75949],[100.56902,13.75858],[100.56809,13.75859],[100.5681,13.75949],[100.56903,13.75949]]],[[[100.56996,13.76038],[100.56995,13.75948],[100.56903,13.75949],[100.56903,13.76039],[100.56996,13.76038]]],[[[100.56999,13.7649],[100.57091,13.7649],[100.5709,13.76309],[100.56997,13.76309],[100.56999,13.7649]]],[[[100.57185,13.7667],[100.57184,13.76579],[100.57092,13.7658],[100.57092,13.7667],[100.57185,13.7667]]],[[[100.57372,13.7694],[100.57556,13.76939],[100.57556,13.76848],[100.57371,13.76849],[100.57372,13.7694]]],[[[100.57187,13.76941],[100.57186,13.76851],[100.57093,13.76851],[100.57094,13.76942],[100.57187,13.76941]]],[[[100.57469,13.77753],[100.57469,13.77662],[100.57376,13.77663],[100.57377,13.77753],[100.57469,13.77753]]],[[[100.57014,13.7875],[100.57013,13.7866],[100.56921,13.7866],[100.56921,13.78751],[100.57014,13.7875]]],[[[100.57668,13.7974],[100.57667,13.7965],[100.57575,13.7965],[100.57575,13.79741],[100.57668,13.7974]]],[[[100.57122,13.8119],[100.57122,13.81099],[100.57029,13.811],[100.5703,13.8119],[100.57122,13.8119]]],[[[100.5704,13.82727],[100.5704,13.82637],[100.56947,13.82637],[100.56948,13.82728],[100.5704,13.82727]]],[[[100.57133,13.82817],[100.57133,13.82726],[100.5704,13.82727],[100.57041,13.82817],[100.57133,13.82817]]],[[[100.57322,13.83358],[100.57321,13.83268],[100.57229,13.83268],[100.5723,13.83359],[100.57322,13.83358]]],[[[100.57044,13.83269],[100.56951,13.8327],[100.56953,13.83451],[100.57045,13.8345],[100.57044,13.83269]]],[[[100.57515,13.84532],[100.57514,13.84441],[100.57422,13.84442],[100.57422,13.84532],[100.57515,13.84532]]],[[[100.56973,13.86524],[100.56973,13.86433],[100.5688,13.86434],[100.56881,13.86524],[100.56973,13.86524]]],[[[100.57726,13.88417],[100.57726,13.88327],[100.57633,13.88327],[100.57634,13.88418],[100.57726,13.88417]]],[[[100.57265,13.88691],[100.57265,13.88601],[100.57172,13.88602],[100.57173,13.88692],[100.57265,13.88691]]],[[[100.57359,13.88781],[100.57358,13.88691],[100.57265,13.88691],[100.57266,13.88782],[100.57359,13.88781]]],[[[100.58168,13.71602],[100.58167,13.71511],[100.58075,13.71512],[100.58076,13.71602],[100.58168,13.71602]]],[[[100.58168,13.71602],[100.58169,13.71692],[100.58353,13.71691],[100.58353,13.716],[100.58168,13.71602]]],[[[100.58079,13.72054],[100.58078,13.71964],[100.57985,13.71964],[100.57986,13.72055],[100.58079,13.72054]]],[[[100.58173,13.72415],[100.58174,13.72506],[100.58266,13.72505],[100.58266,13.72415],[100.58173,13.72415]]],[[[100.58175,13.72596],[100.58174,13.72506],[100.58082,13.72506],[100.58082,13.72597],[100.58175,13.72596]]],[[[100.5799,13.72687],[100.5799,13.72597],[100.57897,13.72598],[100.57898,13.72688],[100.5799,13.72687]]],[[[100.57807,13.72869],[100.57805,13.72689],[100.57713,13.72689],[100.57714,13.7287],[100.57807,13.72869]]],[[[100.57808,13.7305],[100.57807,13.7296],[100.57715,13.7296],[100.57715,13.73051],[100.57808,13.7305]]],[[[100.57901,13.7314],[100.579,13.7305],[100.57808,13.7305],[100.57808,13.73141],[100.57901,13.7314]]],[[[100.57731,13.75401],[100.57916,13.754],[100.57915,13.75309],[100.57823,13.7531],[100.57822,13.7522],[100.57637,13.75221],[100.57638,13.75311],[100.5773,13.75311],[100.57731,13.75401]]],[[[100.57827,13.75943],[100.57827,13.75852],[100.57734,13.75853],[100.57735,13.75943],[100.57827,13.75943]]],[[[100.57751,13.78384],[100.5775,13.78203],[100.57657,13.78203],[100.57659,13.78384],[100.57751,13.78384]]],[[[100.57877,13.83354],[100.57876,13.83264],[100.57784,13.83265],[100.57785,13.83355],[100.57877,13.83354]]],[[[100.58254,13.84437],[100.58254,13.84346],[100.58161,13.84347],[100.58162,13.84437],[100.58254,13.84437]]],[[[100.57886,13.8471],[100.57886,13.8462],[100.57793,13.8462],[100.57794,13.84711],[100.57886,13.8471]]],[[[100.57889,13.85072],[100.57888,13.84981],[100.57796,13.84982],[100.57796,13.85072],[100.57889,13.85072]]],[[[100.57892,13.85614],[100.57892,13.85524],[100.57799,13.85524],[100.578,13.85615],[100.57892,13.85614]]],[[[100.58,13.87873],[100.57999,13.87783],[100.57907,13.87783],[100.57908,13.87874],[100.58,13.87873]]],[[[100.58094,13.88053],[100.58093,13.87963],[100.58001,13.87963],[100.58001,13.88054],[100.58094,13.88053]]],[[[100.58372,13.88142],[100.58279,13.88142],[100.58281,13.88323],[100.58373,13.88323],[100.58372,13.88142]]],[[[100.57912,13.88506],[100.57911,13.88416],[100.57819,13.88417],[100.57819,13.88507],[100.57912,13.88506]]],[[[100.58285,13.88956],[100.58284,13.88866],[100.58192,13.88866],[100.58192,13.88957],[100.58285,13.88956]]],[[[100.58379,13.89136],[100.58378,13.89046],[100.58286,13.89046],[100.58286,13.89137],[100.58379,13.89136]]],[[[100.58752,13.62197],[100.58752,13.62107],[100.58659,13.62107],[100.5866,13.62198],[100.58752,13.62197]]],[[[100.58629,13.71418],[100.58628,13.71328],[100.58536,13.71328],[100.58537,13.71419],[100.58629,13.71418]]],[[[100.5863,13.71599],[100.58631,13.71779],[100.58724,13.71779],[100.58723,13.71598],[100.5863,13.71599]]],[[[100.58355,13.71872],[100.58354,13.71781],[100.58262,13.71782],[100.58262,13.71872],[100.58355,13.71872]]],[[[100.58356,13.72052],[100.58355,13.71962],[100.58263,13.71963],[100.58263,13.72053],[100.58356,13.72052]]],[[[100.58728,13.72321],[100.58727,13.72231],[100.58634,13.72231],[100.58635,13.72322],[100.58728,13.72321]]],[[[100.58637,13.72593],[100.58636,13.72503],[100.58544,13.72503],[100.58544,13.72594],[100.58637,13.72593]]],[[[100.58359,13.72504],[100.5836,13.72595],[100.58452,13.72594],[100.58451,13.72504],[100.58359,13.72504]]],[[[100.58267,13.72595],[100.58268,13.72776],[100.58361,13.72776],[100.5836,13.72595],[100.58267,13.72595]]],[[[100.58546,13.72774],[100.58545,13.72684],[100.58453,13.72685],[100.58453,13.72775],[100.58546,13.72774]]],[[[100.58349,13.84798],[100.5835,13.84888],[100.58535,13.84887],[100.58534,13.84796],[100.58349,13.84798]]],[[[100.58446,13.85339],[100.58445,13.85249],[100.58352,13.85249],[100.58353,13.8534],[100.58446,13.85339]]],[[[100.58449,13.85882],[100.58449,13.85791],[100.58356,13.85792],[100.58357,13.85882],[100.58449,13.85882]]],[[[100.59006,13.86149],[100.59005,13.85968],[100.5882,13.8597],[100.58821,13.8615],[100.58914,13.8615],[100.58914,13.8624],[100.59099,13.86239],[100.59099,13.86149],[100.59006,13.86149]]],[[[100.58729,13.86241],[100.5873,13.86332],[100.58822,13.86331],[100.58822,13.86241],[100.58729,13.86241]]],[[[100.58559,13.88502],[100.58559,13.88412],[100.58466,13.88412],[100.58467,13.88503],[100.58559,13.88502]]],[[[100.58656,13.89044],[100.58655,13.88954],[100.58563,13.88954],[100.58563,13.89045],[100.58656,13.89044]]],[[[100.58567,13.89587],[100.58567,13.89677],[100.58753,13.89676],[100.58752,13.89586],[100.58567,13.89587]]],[[[100.58846,13.89856],[100.58846,13.89766],[100.58753,13.89766],[100.58754,13.89857],[100.58846,13.89856]]],[[[100.59306,13.62103],[100.59029,13.62105],[100.59029,13.62195],[100.59307,13.62194],[100.59306,13.62103]]],[[[100.59182,13.71143],[100.59181,13.71053],[100.59089,13.71053],[100.59089,13.71144],[100.59182,13.71143]]],[[[100.58906,13.71416],[100.58906,13.71326],[100.58813,13.71326],[100.58814,13.71417],[100.58906,13.71416]]],[[[100.58915,13.86421],[100.58915,13.86331],[100.58822,13.86331],[100.58823,13.86422],[100.58915,13.86421]]],[[[100.591,13.8642],[100.59102,13.866],[100.59194,13.866],[100.59195,13.86781],[100.59288,13.8678],[100.59289,13.8687],[100.59381,13.8687],[100.59379,13.86599],[100.59287,13.86599],[100.59285,13.86419],[100.591,13.8642]]],[[[100.59109,13.87685],[100.5911,13.87775],[100.59295,13.87774],[100.59294,13.87684],[100.59109,13.87685]]],[[[100.59113,13.88227],[100.59112,13.88137],[100.5902,13.88138],[100.5902,13.88228],[100.59113,13.88227]]],[[[100.59299,13.88407],[100.59298,13.88317],[100.59206,13.88317],[100.59207,13.88408],[100.59299,13.88407]]],[[[100.5893,13.8859],[100.5893,13.885],[100.58837,13.885],[100.58838,13.88591],[100.5893,13.8859]]],[[[100.59414,13.9166],[100.59413,13.9157],[100.59321,13.9157],[100.59321,13.91661],[100.59414,13.9166]]],[[[100.59137,13.91843],[100.59323,13.91842],[100.59322,13.91751],[100.59137,13.91752],[100.59137,13.91843]]],[[[100.59399,13.62193],[100.59307,13.62194],[100.59307,13.62284],[100.594,13.62283],[100.59399,13.62193]]],[[[100.59313,13.63188],[100.59314,13.63278],[100.59406,13.63278],[100.59406,13.63187],[100.59313,13.63188]]],[[[100.595,13.63458],[100.59499,13.63368],[100.59407,13.63368],[100.59408,13.63459],[100.595,13.63458]]],[[[100.5951,13.64904],[100.59508,13.64723],[100.59416,13.64724],[100.59417,13.64905],[100.5951,13.64904]]],[[[100.5976,13.88223],[100.5976,13.88133],[100.59667,13.88133],[100.59668,13.88224],[100.5976,13.88223]]],[[[100.59599,13.91749],[100.59599,13.91659],[100.59506,13.9166],[100.59507,13.9175],[100.59599,13.91749]]],[[[100.59693,13.91839],[100.59692,13.91749],[100.59599,13.91749],[100.596,13.9184],[100.59693,13.91839]]],[[[100.59416,13.91931],[100.59415,13.91841],[100.59323,13.91842],[100.59323,13.91932],[100.59416,13.91931]]],[[[100.59964,13.63726],[100.59963,13.63636],[100.59871,13.63636],[100.59871,13.63727],[100.59964,13.63726]]],[[[100.60002,13.6942],[100.60002,13.6933],[100.59909,13.69331],[100.5991,13.69421],[100.60002,13.6942]]],[[[100.60098,13.69962],[100.60097,13.69781],[100.59912,13.69783],[100.59913,13.69873],[100.60005,13.69872],[100.60006,13.69963],[100.60098,13.69962]]],[[[100.59824,13.70326],[100.59823,13.70235],[100.5973,13.70236],[100.59731,13.70326],[100.59824,13.70326]]],[[[100.59917,13.70506],[100.59917,13.70415],[100.59824,13.70416],[100.59825,13.70506],[100.59917,13.70506]]],[[[100.60012,13.70776],[100.60011,13.70686],[100.59918,13.70686],[100.59919,13.70777],[100.60012,13.70776]]],[[[100.59643,13.70959],[100.59642,13.70869],[100.5955,13.7087],[100.5955,13.7096],[100.59643,13.70959]]],[[[100.59736,13.71049],[100.59735,13.70959],[100.59643,13.70959],[100.59644,13.7105],[100.59736,13.71049]]],[[[100.5983,13.71229],[100.60107,13.71228],[100.60106,13.71137],[100.59829,13.71139],[100.5983,13.71229]]],[[[100.5983,13.7132],[100.5983,13.71229],[100.59737,13.7123],[100.59738,13.7132],[100.5983,13.7132]]],[[[100.59833,13.71772],[100.59833,13.71681],[100.5974,13.71682],[100.59741,13.71772],[100.59833,13.71772]]],[[[100.59757,13.74213],[100.59759,13.74394],[100.59851,13.74393],[100.5985,13.74212],[100.59757,13.74213]]],[[[100.60037,13.74482],[100.60036,13.74392],[100.59944,13.74392],[100.59944,13.74483],[100.60037,13.74482]]],[[[100.60039,13.88312],[100.60038,13.88221],[100.59945,13.88222],[100.59946,13.88312],[100.60039,13.88312]]],[[[100.59972,13.92109],[100.59973,13.92199],[100.60065,13.92198],[100.60065,13.92108],[100.59972,13.92109]]],[[[100.60439,13.65712],[100.60439,13.65621],[100.60254,13.65622],[100.60255,13.65713],[100.60439,13.65712]]],[[[100.60189,13.6969],[100.60188,13.696],[100.60004,13.69601],[100.60004,13.69692],[100.60189,13.6969]]],[[[100.60376,13.6996],[100.60375,13.6987],[100.60283,13.69871],[100.60283,13.69961],[100.60376,13.6996]]],[[[100.60379,13.70503],[100.60379,13.70412],[100.60286,13.70413],[100.60287,13.70503],[100.60379,13.70503]]],[[[100.60475,13.70954],[100.60474,13.70864],[100.60382,13.70864],[100.60383,13.70955],[100.60475,13.70954]]],[[[100.60199,13.71137],[100.60198,13.71046],[100.60106,13.71047],[100.60106,13.71137],[100.60199,13.71137]]],[[[100.60291,13.71136],[100.60292,13.71226],[100.60384,13.71226],[100.60384,13.71135],[100.60291,13.71136]]],[[[100.6013,13.74572],[100.60129,13.74482],[100.60037,13.74482],[100.60037,13.74573],[100.6013,13.74572]]],[[[100.60224,13.74842],[100.60223,13.74752],[100.60131,13.74753],[100.60132,13.74843],[100.60224,13.74842]]],[[[100.60404,13.87677],[100.60497,13.87676],[100.60496,13.87586],[100.60404,13.87586],[100.60404,13.87677]]],[[[100.60545,13.67609],[100.60544,13.67428],[100.60451,13.67429],[100.60452,13.6761],[100.60545,13.67609]]],[[[100.6064,13.6806],[100.6064,13.6797],[100.60547,13.67971],[100.60548,13.68061],[100.6064,13.6806]]],[[[100.60827,13.6833],[100.60826,13.6824],[100.60734,13.68241],[100.60735,13.68331],[100.60827,13.6833]]],[[[100.60467,13.69779],[100.60466,13.69689],[100.60374,13.69689],[100.60375,13.6978],[100.60467,13.69779]]],[[[100.60655,13.7023],[100.60654,13.70139],[100.60562,13.7014],[100.60563,13.7023],[100.60655,13.7023]]],[[[100.60564,13.70502],[100.60564,13.70411],[100.60471,13.70412],[100.60472,13.70502],[100.60564,13.70502]]],[[[100.60591,13.74479],[100.60592,13.74569],[100.60684,13.74568],[100.60684,13.74478],[100.60591,13.74479]]],[[[100.60593,13.74659],[100.60592,13.74569],[100.605,13.7457],[100.605,13.7466],[100.60593,13.74659]]],[[[100.6077,13.87042],[100.60769,13.86951],[100.60677,13.86952],[100.60677,13.87042],[100.6077,13.87042]]],[[[100.60956,13.87131],[100.60771,13.87132],[100.60771,13.87222],[100.60956,13.87221],[100.60956,13.87131]]],[[[100.60772,13.87313],[100.60771,13.87222],[100.60679,13.87223],[100.60679,13.87313],[100.60772,13.87313]]],[[[100.60916,13.67788],[100.60916,13.67878],[100.61101,13.67877],[100.61101,13.67786],[100.60916,13.67788]]],[[[100.61013,13.6851],[100.61012,13.68329],[100.60827,13.6833],[100.60828,13.68421],[100.6092,13.6842],[100.60921,13.68511],[100.61013,13.6851]]],[[[100.60835,13.69505],[100.61112,13.69504],[100.61112,13.69413],[100.60834,13.69415],[100.60835,13.69505]]],[[[100.61023,13.69956],[100.61022,13.69866],[100.6093,13.69866],[100.6093,13.69957],[100.61023,13.69956]]],[[[100.61062,13.89119],[100.61061,13.89028],[100.60969,13.89029],[100.60969,13.89119],[100.61062,13.89119]]],[[[100.61217,13.57662],[100.61216,13.57571],[100.61124,13.57572],[100.61124,13.57662],[100.61217,13.57662]]],[[[100.61195,13.68147],[100.61103,13.68148],[100.61104,13.68329],[100.61197,13.68328],[100.61195,13.68147]]],[[[100.61383,13.68598],[100.61383,13.68508],[100.6129,13.68508],[100.61291,13.68599],[100.61383,13.68598]]],[[[100.61354,13.91196],[100.61353,13.91105],[100.61261,13.91106],[100.61261,13.91196],[100.61354,13.91196]]],[[[100.61785,13.86673],[100.61784,13.86583],[100.61692,13.86583],[100.61693,13.86674],[100.61785,13.86673]]],[[[100.6172,13.90651],[100.61813,13.9065],[100.61812,13.9056],[100.6172,13.9056],[100.6172,13.90651]]],[[[100.61905,13.9065],[100.61813,13.9065],[100.61813,13.90741],[100.61906,13.9074],[100.61905,13.9065]]],[[[100.61721,13.90832],[100.61721,13.90741],[100.61628,13.90742],[100.61629,13.90832],[100.61721,13.90832]]],[[[100.61912,13.91644],[100.61912,13.91553],[100.61819,13.91554],[100.6182,13.91644],[100.61912,13.91644]]],[[[100.61967,13.8622],[100.61968,13.86311],[100.62153,13.86309],[100.62152,13.86219],[100.61967,13.8622]]],[[[100.62184,13.90829],[100.62183,13.90738],[100.62091,13.90739],[100.62092,13.90829],[100.62184,13.90829]]],[[[100.62187,13.9128],[100.62187,13.9119],[100.62094,13.91191],[100.62095,13.91281],[100.62187,13.9128]]],[[[100.62008,13.92095],[100.62008,13.92185],[100.62101,13.92185],[100.621,13.92094],[100.62008,13.92095]]],[[[100.6229,13.92816],[100.6229,13.92726],[100.62197,13.92727],[100.62198,13.92817],[100.6229,13.92816]]],[[[100.62334,13.85766],[100.62333,13.85675],[100.62241,13.85676],[100.62241,13.85766],[100.62334,13.85766]]],[[[100.6237,13.91008],[100.6237,13.90918],[100.62277,13.90918],[100.62278,13.91009],[100.6237,13.91008]]],[[[100.62373,13.9137],[100.62372,13.91279],[100.6228,13.9128],[100.6228,13.9137],[100.62373,13.9137]]],[[[100.62377,13.92002],[100.62377,13.91912],[100.62284,13.91912],[100.62285,13.92003],[100.62377,13.92002]]],[[[100.62287,13.92274],[100.62287,13.92364],[100.62472,13.92363],[100.62472,13.92273],[100.62287,13.92274]]],[[[100.62477,13.92996],[100.62478,13.93177],[100.62571,13.93176],[100.62569,13.92995],[100.62477,13.92996]]],[[[100.62562,13.92001],[100.62655,13.92],[100.62654,13.9191],[100.62562,13.91911],[100.62562,13.92001]]],[[[100.62747,13.92],[100.62655,13.92],[100.62656,13.92091],[100.62748,13.9209],[100.62747,13.92]]],[[[100.62657,13.92272],[100.62656,13.92181],[100.62564,13.92182],[100.62564,13.92272],[100.62657,13.92272]]],[[[100.62754,13.92994],[100.62754,13.92904],[100.62661,13.92904],[100.62662,13.92995],[100.62754,13.92994]]],[[[100.62919,13.76813],[100.62827,13.76814],[100.62828,13.76995],[100.6292,13.76994],[100.62919,13.76813]]],[[[100.62829,13.77085],[100.62828,13.76995],[100.62736,13.76995],[100.62736,13.77086],[100.62829,13.77085]]],[[[100.62831,13.77356],[100.6283,13.77266],[100.62737,13.77267],[100.62738,13.77357],[100.62831,13.77356]]],[[[100.63076,13.86122],[100.63076,13.86032],[100.62983,13.86033],[100.62984,13.86123],[100.63076,13.86122]]],[[[100.63295,13.77624],[100.63294,13.77534],[100.63202,13.77535],[100.63202,13.77625],[100.63295,13.77624]]],[[[100.64085,13.8485],[100.64085,13.8476],[100.63992,13.8476],[100.63993,13.84851],[100.64085,13.8485]]],[[[100.64271,13.84939],[100.6427,13.84849],[100.64178,13.8485],[100.64178,13.8494],[100.64271,13.84939]]],[[[100.64469,13.73639],[100.64469,13.73549],[100.64376,13.7355],[100.64377,13.7364],[100.64469,13.73639]]],[[[100.64471,13.73911],[100.64379,13.73911],[100.64379,13.74002],[100.64472,13.74001],[100.64471,13.73911]]],[[[100.6438,13.74092],[100.64379,13.74002],[100.64287,13.74002],[100.64287,13.74093],[100.6438,13.74092]]],[[[100.64451,13.84215],[100.6445,13.84125],[100.64358,13.84125],[100.64358,13.84216],[100.64451,13.84215]]],[[[100.64544,13.84305],[100.64543,13.84214],[100.64451,13.84215],[100.64451,13.84305],[100.64544,13.84305]]],[[[100.64657,13.74],[100.64656,13.73909],[100.64563,13.7391],[100.64564,13.74],[100.64657,13.74]]],[[[100.64728,13.84123],[100.64635,13.84123],[100.64636,13.84214],[100.64728,13.84213],[100.64728,13.84123]]],[[[100.64638,13.84575],[100.64731,13.84575],[100.6473,13.84484],[100.64638,13.84485],[100.64638,13.84575]]],[[[100.65195,13.84843],[100.6501,13.84844],[100.65011,13.84934],[100.65196,13.84933],[100.65195,13.84843]]],[[[100.67493,13.82748],[100.674,13.82749],[100.67401,13.82839],[100.67493,13.82839],[100.67493,13.82748]]],[[[100.67402,13.8302],[100.6731,13.83021],[100.67311,13.83201],[100.67404,13.83201],[100.67402,13.8302]]],[[[100.67953,13.82474],[100.67768,13.82475],[100.6777,13.82656],[100.67955,13.82655],[100.67955,13.82745],[100.68048,13.82744],[100.68046,13.82564],[100.67954,13.82564],[100.67953,13.82474]]],[[[100.69462,13.73606],[100.69461,13.73515],[100.69369,13.73516],[100.69369,13.73606],[100.69462,13.73606]]],[[[100.72291,13.81178],[100.7229,13.81088],[100.72198,13.81089],[100.72199,13.81179],[100.72291,13.81178]]],[[[100.72108,13.81451],[100.72201,13.8145],[100.722,13.8136],[100.72107,13.81361],[100.72108,13.81451]]],[[[100.72382,13.80997],[100.72382,13.80907],[100.72289,13.80907],[100.7229,13.80998],[100.72382,13.80997]]],[[[100.75254,13.69227],[100.75254,13.69136],[100.74976,13.69138],[100.74977,13.69229],[100.74792,13.6923],[100.74793,13.6932],[100.7507,13.69318],[100.75069,13.69228],[100.75254,13.69227]]],[[[100.75256,13.69408],[100.74978,13.6941],[100.74979,13.695],[100.75256,13.69498],[100.75256,13.69408]]],[[[100.75348,13.69407],[100.75347,13.69317],[100.75255,13.69317],[100.75256,13.69408],[100.75348,13.69407]]]]}},{"type":"Feature","properties":{"class":"1","n":1,"threshold_min":15,"speed_kmh":4.0},"geometry":{"type":"MultiPolygon","coordinates":[[[[100.40595,13.70623],[100.40597,13.71075],[100.4069,13.71075],[100.40692,13.71346],[100.40599,13.71346],[100.406,13.71437],[100.40692,13.71436],[100.40693,13.71527],[100.406,13.71527],[100.40601,13.71708],[100.40786,13.71707],[100.40787,13.71797],[100.40694,13.71798],[100.40695,13.71888],[100.40787,13.71888],[100.40788,13.71978],[100.4088,13.71977],[100.40879,13.71797],[100.40972,13.71796],[100.40971,13.71615],[100.41063,13.71615],[100.41065,13.71886],[100.41157,13.71885],[100.41156,13.71705],[100.41248,13.71704],[100.41248,13.71614],[100.41618,13.71612],[100.41617,13.71521],[100.41525,13.71522],[100.41524,13.71431],[100.41432,13.71432],[100.41431,13.71342],[100.41339,13.71342],[100.41338,13.71252],[100.41246,13.71252],[100.41245,13.71162],[100.41153,13.71162],[100.41152,13.70982],[100.41429,13.7098],[100.41428,13.70799],[100.41335,13.708],[100.41335,13.70709],[100.41242,13.7071],[100.41241,13.70529],[100.41149,13.7053],[100.4115,13.7062],[100.4078,13.70622],[100.40778,13.7026],[100.40685,13.70261],[100.40686,13.70351],[100.40593,13.70352],[100.40594,13.70533],[100.40409,13.70534],[100.4041,13.70624],[100.40595,13.70623]],[[100.4078,13.70712],[100.40688,13.70713],[100.40687,13.70623],[100.4078,13.70622],[100.4078,13.70712]],[[100.4078,13.70712],[100.40965,13.70711],[100.40967,13.70983],[100.40874,13.70983],[100.40873,13.70802],[100.40781,13.70803],[100.4078,13.70712]]],[[[100.40418,13.87438],[100.40419,13.87619],[100.40326,13.87619],[100.40327,13.8771],[100.40234,13.8771],[100.40236,13.87981],[100.40144,13.87982],[100.40145,13.88163],[100.40052,13.88163],[100.40053,13.88344],[100.39961,13.88345],[100.39961,13.88435],[100.40146,13.88434],[100.40147,13.88524],[100.40332,13.88523],[100.40332,13.88614],[100.40425,13.88613],[100.40425,13.88704],[100.40333,13.88704],[100.40334,13.88885],[100.40242,13.88885],[100.40242,13.88976],[100.40335,13.88975],[100.40335,13.89066],[100.40243,13.89066],[100.40243,13.89157],[100.40151,13.89157],[100.40151,13.89247],[100.40244,13.89247],[100.40245,13.89428],[100.40152,13.89428],[100.40153,13.89519],[100.40338,13.89518],[100.40337,13.89427],[100.40522,13.89426],[100.40522,13.89336],[100.40614,13.89335],[100.40615,13.89516],[100.40708,13.89515],[100.40709,13.89606],[100.40616,13.89606],[100.40617,13.89697],[100.40524,13.89697],[100.40525,13.89788],[100.40617,13.89787],[100.40618,13.89878],[100.40525,13.89878],[100.40526,13.89969],[100.40433,13.89969],[100.40434,13.90059],[100.40619,13.90058],[100.40619,13.90149],[100.40897,13.90147],[100.40896,13.90057],[100.40804,13.90057],[100.40803,13.89877],[100.41173,13.89874],[100.41172,13.89784],[100.4108,13.89785],[100.41079,13.89604],[100.40986,13.89604],[100.40987,13.89695],[100.40894,13.89695],[100.40891,13.89153],[100.40983,13.89152],[100.40983,13.89062],[100.40613,13.89064],[100.40612,13.88883],[100.40519,13.88884],[100.40517,13.88613],[100.40703,13.88612],[100.40701,13.88431],[100.40794,13.8843],[100.40793,13.88249],[100.40978,13.88248],[100.40978,13.88339],[100.41071,13.88338],[100.41072,13.88429],[100.41164,13.88428],[100.41165,13.88518],[100.41257,13.88518],[100.41257,13.88428],[100.41442,13.88426],[100.41441,13.88246],[100.41533,13.88245],[100.41531,13.87974],[100.41439,13.87975],[100.41438,13.87884],[100.41253,13.87885],[100.41253,13.87795],[100.41068,13.87796],[100.41067,13.87705],[100.4116,13.87705],[100.41159,13.87615],[100.41067,13.87615],[100.41066,13.87434],[100.4088,13.87435],[100.4088,13.87345],[100.41158,13.87343],[100.41157,13.87253],[100.41064,13.87254],[100.41063,13.87073],[100.40971,13.87073],[100.40971,13.87164],[100.40786,13.87165],[100.40787,13.87346],[100.40602,13.87347],[100.40603,13.87437],[100.40418,13.87438]],[[100.40881,13.87526],[100.40789,13.87526],[100.40788,13.87436],[100.4088,13.87435],[100.40881,13.87526]],[[100.40699,13.87979],[100.40884,13.87978],[100.40884,13.88068],[100.40699,13.88069],[100.40699,13.87979]],[[100.41162,13.88067],[100.41069,13.88067],[100.41069,13.87977],[100.41161,13.87976],[100.41162,13.88067]]],[[[100.41436,13.87432],[100.41436,13.87523],[100.41344,13.87523],[100.41344,13.87613],[100.41252,13.87614],[100.41253,13.87795],[100.41345,13.87794],[100.41345,13.87704],[100.41437,13.87703],[100.41438,13.87794],[100.41715,13.87792],[100.41716,13.87883],[100.41623,13.87883],[100.41624,13.87973],[100.41716,13.87973],[100.41717,13.88063],[100.42087,13.88061],[100.42085,13.8779],[100.42178,13.87789],[100.42179,13.8788],[100.42271,13.87879],[100.4227,13.87699],[100.42455,13.87697],[100.42454,13.87517],[100.42361,13.87517],[100.42361,13.87427],[100.42546,13.87426],[100.42545,13.87245],[100.42637,13.87244],[100.42636,13.87064],[100.42544,13.87064],[100.42543,13.86883],[100.42265,13.86885],[100.42266,13.86975],[100.42173,13.86976],[100.42174,13.87066],[100.41804,13.87068],[100.41803,13.86978],[100.41433,13.8698],[100.41435,13.87342],[100.41158,13.87343],[100.41158,13.87434],[100.41436,13.87432]],[[100.4236,13.87246],[100.42359,13.87156],[100.42452,13.87155],[100.42452,13.87245],[100.4236,13.87246]],[[100.41992,13.8761],[100.41991,13.87519],[100.42084,13.87519],[100.42084,13.87609],[100.41992,13.8761]],[[100.41527,13.87251],[100.4162,13.8725],[100.4162,13.87341],[100.41528,13.87341],[100.41527,13.87251]],[[100.42176,13.87428],[100.41991,13.87429],[100.4199,13.87339],[100.42175,13.87337],[100.42176,13.87428]]],[[[100.41075,13.89061],[100.4126,13.8906],[100.41261,13.89151],[100.41354,13.8915],[100.41353,13.8906],[100.41445,13.89059],[100.41445,13.88969],[100.41352,13.88969],[100.41352,13.88879],[100.41537,13.88878],[100.41536,13.88788],[100.41444,13.88788],[100.41443,13.88607],[100.41165,13.88609],[100.41166,13.88699],[100.41073,13.887],[100.41074,13.88881],[100.41167,13.8888],[100.41167,13.8897],[100.41075,13.88971],[100.41075,13.89061]],[[100.41351,13.88789],[100.41259,13.88789],[100.41258,13.88699],[100.41351,13.88698],[100.41351,13.88789]]],[[[100.40333,13.88704],[100.40332,13.88614],[100.4024,13.88614],[100.4024,13.88705],[100.40333,13.88704]]],[[[100.41076,13.89242],[100.41076,13.89152],[100.40983,13.89152],[100.40984,13.89243],[100.41076,13.89242]]],[[[100.41076,13.89242],[100.41078,13.89513],[100.41171,13.89513],[100.41169,13.89242],[100.41076,13.89242]]],[[[100.41981,13.70525],[100.41982,13.70706],[100.4189,13.70706],[100.4189,13.70797],[100.41705,13.70798],[100.41706,13.70888],[100.41798,13.70887],[100.41799,13.70978],[100.41891,13.70977],[100.41892,13.71068],[100.41984,13.71067],[100.41985,13.71158],[100.42077,13.71157],[100.42078,13.71247],[100.41893,13.71248],[100.41894,13.71429],[100.41986,13.71429],[100.41988,13.7161],[100.41895,13.7161],[100.41896,13.71791],[100.41804,13.71791],[100.41805,13.71972],[100.41897,13.71972],[100.41898,13.72062],[100.42083,13.72061],[100.42082,13.71971],[100.42452,13.71968],[100.4245,13.71697],[100.42543,13.71697],[100.42542,13.71606],[100.42727,13.71605],[100.42728,13.71786],[100.42821,13.71786],[100.4282,13.71695],[100.42913,13.71695],[100.42912,13.71604],[100.4282,13.71605],[100.42819,13.71514],[100.42727,13.71515],[100.42726,13.71334],[100.42541,13.71335],[100.4254,13.71245],[100.42448,13.71245],[100.42447,13.71155],[100.42632,13.71154],[100.42632,13.71063],[100.42724,13.71063],[100.42722,13.70792],[100.42537,13.70793],[100.42537,13.70702],[100.42444,13.70703],[100.42444,13.70613],[100.42167,13.70614],[100.42166,13.70524],[100.42258,13.70523],[100.42258,13.70433],[100.4235,13.70432],[100.4235,13.70342],[100.42257,13.70342],[100.42257,13.70252],[100.42072,13.70253],[100.42072,13.70343],[100.41888,13.70345],[100.41888,13.70435],[100.41796,13.70435],[100.41796,13.70526],[100.41981,13.70525]],[[100.41891,13.70887],[100.42076,13.70886],[100.42076,13.70976],[100.41891,13.70977],[100.41891,13.70887]],[[100.42265,13.71608],[100.42357,13.71607],[100.42358,13.71698],[100.42266,13.71698],[100.42265,13.71608]]],[[[100.41612,13.70708],[100.41705,13.70707],[100.41704,13.70617],[100.41612,13.70617],[100.41612,13.70708]]],[[[100.4152,13.70708],[100.41427,13.70709],[100.41428,13.70799],[100.4152,13.70799],[100.4152,13.70708]]],[[[100.42815,13.70882],[100.42908,13.70881],[100.42907,13.70791],[100.42815,13.70791],[100.42815,13.70882]]],[[[100.41521,13.70889],[100.41613,13.70889],[100.41613,13.70798],[100.4152,13.70799],[100.41521,13.70889]]],[[[100.4328,13.7124],[100.43278,13.70969],[100.43186,13.7097],[100.43185,13.70879],[100.43,13.70881],[100.43001,13.70971],[100.43093,13.7097],[100.43094,13.71061],[100.43001,13.71061],[100.43002,13.71152],[100.43187,13.71151],[100.43187,13.71241],[100.4328,13.7124]]],[[[100.4171,13.71521],[100.41802,13.7152],[100.41802,13.7143],[100.41709,13.7143],[100.4171,13.71521]]],[[[100.43097,13.71513],[100.43097,13.71603],[100.43005,13.71604],[100.43006,13.71784],[100.43098,13.71784],[100.43098,13.71694],[100.4319,13.71693],[100.43189,13.71512],[100.43097,13.71513]]],[[[100.41711,13.71702],[100.4171,13.71611],[100.41618,13.71612],[100.41618,13.71702],[100.41711,13.71702]]],[[[100.43098,13.86971],[100.43006,13.86971],[100.43006,13.87061],[100.43099,13.87061],[100.43099,13.87151],[100.43007,13.87152],[100.43008,13.87333],[100.43193,13.87332],[100.43194,13.87422],[100.43101,13.87422],[100.43102,13.87513],[100.43009,13.87513],[100.4301,13.87694],[100.42918,13.87695],[100.42919,13.87876],[100.42826,13.87876],[100.42827,13.87966],[100.42919,13.87966],[100.4292,13.88147],[100.43013,13.88146],[100.43012,13.88056],[100.43105,13.88055],[100.43105,13.88146],[100.43198,13.88145],[100.43199,13.88235],[100.43291,13.88235],[100.43292,13.88325],[100.43199,13.88326],[100.432,13.88416],[100.43292,13.88416],[100.43293,13.88506],[100.43385,13.88506],[100.43383,13.88144],[100.43568,13.88143],[100.43569,13.88324],[100.43662,13.88323],[100.43662,13.88414],[100.43755,13.88413],[100.43754,13.88232],[100.43846,13.88232],[100.43846,13.88141],[100.43938,13.88141],[100.43937,13.8796],[100.43845,13.8796],[100.43842,13.87509],[100.43749,13.87509],[100.4375,13.87599],[100.43472,13.87601],[100.43472,13.87511],[100.43564,13.8751],[100.43564,13.8742],[100.43656,13.87419],[100.43654,13.87058],[100.43561,13.87058],[100.43562,13.87149],[100.43377,13.8715],[100.43376,13.86969],[100.43283,13.86969],[100.43283,13.86879],[100.43098,13.8688],[100.43098,13.86971]],[[100.43286,13.87421],[100.43286,13.87331],[100.43378,13.8733],[100.43377,13.8724],[100.4347,13.8724],[100.43471,13.8742],[100.43379,13.87421],[100.43379,13.87511],[100.43194,13.87512],[100.43194,13.87422],[100.43286,13.87421]],[[100.43753,13.88142],[100.43753,13.88051],[100.43845,13.88051],[100.43846,13.88141],[100.43753,13.88142]],[[100.43192,13.87241],[100.43192,13.87151],[100.43284,13.8715],[100.43285,13.87241],[100.43192,13.87241]],[[100.43196,13.87784],[100.43103,13.87784],[100.43103,13.87694],[100.43195,13.87693],[100.43196,13.87784]],[[100.43751,13.8778],[100.43658,13.87781],[100.43658,13.8769],[100.4375,13.8769],[100.43751,13.8778]]],[[[100.42823,13.87334],[100.42915,13.87333],[100.42915,13.87243],[100.42822,13.87243],[100.42823,13.87334]]],[[[100.43009,13.87513],[100.43008,13.87333],[100.42915,13.87333],[100.42917,13.87514],[100.43009,13.87513]]],[[[100.42547,13.87607],[100.42548,13.87787],[100.42641,13.87787],[100.4264,13.87606],[100.42547,13.87607]]],[[[100.42733,13.87696],[100.42825,13.87695],[100.42825,13.87605],[100.42732,13.87605],[100.42733,13.87696]]],[[[100.4374,13.70967],[100.43925,13.70966],[100.43925,13.70875],[100.4374,13.70876],[100.4374,13.70967]]],[[[100.44573,13.70962],[100.44573,13.71052],[100.44758,13.71051],[100.44757,13.7087],[100.44664,13.70871],[100.44665,13.70961],[100.44573,13.70962]]],[[[100.44111,13.71055],[100.4411,13.70964],[100.43925,13.70966],[100.43926,13.71056],[100.44111,13.71055]]],[[[100.43741,13.71057],[100.43371,13.71059],[100.43372,13.7115],[100.43464,13.71149],[100.43465,13.71239],[100.4365,13.71238],[100.43649,13.71148],[100.43742,13.71147],[100.43741,13.71057]]],[[[100.44389,13.71144],[100.44204,13.71145],[100.44205,13.71326],[100.44297,13.71325],[100.44298,13.71415],[100.4439,13.71415],[100.44391,13.71505],[100.44483,13.71505],[100.44484,13.71595],[100.44207,13.71597],[100.44207,13.71687],[100.44115,13.71688],[100.44116,13.71868],[100.44023,13.71869],[100.44024,13.71959],[100.43931,13.7196],[100.43932,13.7205],[100.44024,13.7205],[100.44026,13.72231],[100.44118,13.7223],[100.44117,13.7214],[100.44395,13.72138],[100.44395,13.72228],[100.44303,13.72229],[100.44303,13.72319],[100.44488,13.72318],[100.44487,13.72047],[100.44579,13.72046],[100.4458,13.72137],[100.44765,13.72136],[100.44765,13.72226],[100.44858,13.72226],[100.44857,13.72135],[100.4495,13.72135],[100.4495,13.72225],[100.45043,13.72225],[100.45041,13.72044],[100.44949,13.72044],[100.44948,13.71954],[100.44856,13.71954],[100.44854,13.71683],[100.44669,13.71684],[100.44669,13.71594],[100.44761,13.71593],[100.4476,13.71413],[100.44853,13.71412],[100.44853,13.71503],[100.44946,13.71502],[100.44945,13.71412],[100.45038,13.71411],[100.45037,13.7123],[100.44759,13.71232],[100.44759,13.71141],[100.44666,13.71142],[100.44667,13.71232],[100.44574,13.71233],[100.44573,13.71052],[100.44388,13.71053],[100.44389,13.71144]],[[100.4439,13.71324],[100.44482,13.71324],[100.44483,13.71414],[100.4439,13.71415],[100.4439,13.71324]],[[100.44208,13.71868],[100.44209,13.71958],[100.44116,13.71959],[100.44116,13.71868],[100.44208,13.71868]],[[100.44667,13.71323],[100.44668,13.71504],[100.44576,13.71504],[100.44575,13.71323],[100.44667,13.71323]]],[[[100.45317,13.71681],[100.45316,13.7159],[100.45409,13.7159],[100.4541,13.7177],[100.45502,13.7177],[100.45503,13.7186],[100.45595,13.7186],[100.45596,13.7195],[100.45688,13.7195],[100.45687,13.71769],[100.45872,13.71768],[100.45871,13.71677],[100.45779,13.71678],[100.45778,13.71497],[100.45685,13.71498],[100.45686,13.71588],[100.45501,13.71589],[100.45499,13.71228],[100.45314,13.71229],[100.45315,13.71409],[100.45038,13.71411],[100.45038,13.71501],[100.45223,13.715],[100.45224,13.71681],[100.45317,13.71681]],[[100.45502,13.71679],[100.45594,13.71679],[100.45595,13.71769],[100.45502,13.7177],[100.45502,13.71679]]],[[[100.43373,13.7133],[100.43465,13.7133],[100.43465,13.71239],[100.43372,13.7124],[100.43373,13.7133]]],[[[100.43373,13.71421],[100.43373,13.7133],[100.43188,13.71331],[100.43189,13.71512],[100.43466,13.71511],[100.43466,13.7142],[100.43373,13.71421]]],[[[100.43558,13.7142],[100.43559,13.716],[100.43744,13.71599],[100.43743,13.71419],[100.43558,13.7142]]],[[[100.43838,13.7178],[100.43837,13.71689],[100.43745,13.7169],[100.43745,13.7178],[100.43838,13.7178]]],[[[100.45135,13.72134],[100.45136,13.72405],[100.45229,13.72404],[100.4523,13.72585],[100.45137,13.72586],[100.45138,13.72676],[100.4523,13.72675],[100.45232,13.72947],[100.45417,13.72946],[100.45416,13.72765],[100.45508,13.72764],[100.45509,13.72945],[100.45602,13.72944],[100.45601,13.72854],[100.45971,13.72852],[100.45972,13.72942],[100.45879,13.72943],[100.4588,13.73124],[100.45973,13.73123],[100.45972,13.73033],[100.46065,13.73032],[100.46064,13.72942],[100.46249,13.72941],[100.4625,13.73121],[100.46158,13.73122],[100.46159,13.73303],[100.46251,13.73302],[100.46251,13.73212],[100.46343,13.73211],[100.46342,13.7303],[100.46435,13.7303],[100.46433,13.72849],[100.46526,13.72849],[100.46525,13.72668],[100.46432,13.72668],[100.46432,13.72578],[100.46154,13.7258],[100.46155,13.7276],[100.45971,13.72761],[100.4597,13.72671],[100.45878,13.72672],[100.45878,13.72762],[100.45693,13.72763],[100.45693,13.72673],[100.45785,13.72672],[100.45785,13.72582],[100.45692,13.72582],[100.4569,13.72311],[100.45598,13.72312],[100.45597,13.72221],[100.4569,13.72221],[100.45689,13.7213],[100.45597,13.72131],[100.45596,13.72041],[100.45504,13.72041],[100.45503,13.71951],[100.45411,13.71951],[100.45412,13.72132],[100.45135,13.72134]],[[100.45321,13.72313],[100.45413,13.72313],[100.45414,13.72403],[100.45506,13.72403],[100.45507,13.72493],[100.45414,13.72494],[100.45415,13.72584],[100.45322,13.72585],[100.45321,13.72313]]],[[[100.45137,13.72495],[100.45136,13.72405],[100.45044,13.72405],[100.45044,13.72496],[100.45137,13.72495]]],[[[100.43744,13.86605],[100.43745,13.86786],[100.43837,13.86785],[100.43836,13.86605],[100.43744,13.86605]]],[[[100.43931,13.86966],[100.4393,13.86875],[100.43745,13.86876],[100.43745,13.86786],[100.43652,13.86786],[100.43654,13.87058],[100.44117,13.87055],[100.44116,13.86965],[100.43931,13.86966]]],[[[100.44488,13.87234],[100.44395,13.87234],[100.44395,13.87144],[100.44302,13.87144],[100.44304,13.87415],[100.44396,13.87415],[100.44397,13.87505],[100.44582,13.87504],[100.44582,13.87595],[100.44397,13.87596],[100.44398,13.87686],[100.45046,13.87682],[100.45045,13.87592],[100.45323,13.8759],[100.45322,13.875],[100.45137,13.87501],[100.45135,13.8723],[100.45043,13.8723],[100.45045,13.87501],[100.44952,13.87502],[100.44953,13.87592],[100.44768,13.87593],[100.44767,13.87503],[100.44859,13.87503],[100.44859,13.87412],[100.44766,13.87413],[100.44766,13.87322],[100.44858,13.87322],[100.44858,13.87231],[100.44765,13.87232],[100.44765,13.87141],[100.4458,13.87143],[100.44579,13.87052],[100.44487,13.87053],[100.44488,13.87234]],[[100.44581,13.87323],[100.44581,13.87414],[100.44489,13.87414],[100.44488,13.87324],[100.44581,13.87323]]],[[[100.45598,13.87227],[100.45597,13.87137],[100.45505,13.87137],[100.45505,13.87227],[100.45598,13.87227]]],[[[100.45414,13.87409],[100.45507,13.87408],[100.45507,13.87499],[100.45415,13.87499],[100.45415,13.8759],[100.45323,13.8759],[100.45323,13.87681],[100.45231,13.87681],[100.45231,13.87771],[100.45324,13.87771],[100.45324,13.87861],[100.45602,13.8786],[100.456,13.87589],[100.45693,13.87588],[100.45693,13.87678],[100.45786,13.87678],[100.45785,13.87587],[100.45878,13.87587],[100.45877,13.87496],[100.45692,13.87498],[100.45692,13.87407],[100.45784,13.87407],[100.45784,13.87316],[100.45691,13.87317],[100.4569,13.87226],[100.45598,13.87227],[100.45599,13.87317],[100.45506,13.87318],[100.45505,13.87227],[100.45413,13.87228],[100.45414,13.87409]],[[100.45508,13.87589],[100.45508,13.87679],[100.45416,13.8768],[100.45415,13.8759],[100.45508,13.87589]]],[[[100.44859,13.87412],[100.44951,13.87412],[100.44951,13.87321],[100.44858,13.87322],[100.44859,13.87412]]],[[[100.44308,13.88048],[100.44585,13.88047],[100.44586,13.88227],[100.44679,13.88227],[100.44679,13.88317],[100.44865,13.88316],[100.44863,13.88135],[100.44956,13.88135],[100.44955,13.88044],[100.44863,13.88045],[100.44862,13.87954],[100.44677,13.87956],[100.44677,13.87865],[100.44862,13.87864],[100.44861,13.87774],[100.44306,13.87777],[100.44305,13.87687],[100.44213,13.87687],[100.44214,13.87868],[100.44122,13.87868],[100.44122,13.87959],[100.44307,13.87958],[100.44308,13.88048]]],[[[100.45049,13.88225],[100.45142,13.88224],[100.45141,13.88134],[100.45233,13.88133],[100.45233,13.88043],[100.45325,13.88042],[100.45324,13.87861],[100.45232,13.87862],[100.45231,13.87771],[100.45139,13.87772],[100.45139,13.87862],[100.45047,13.87863],[100.45049,13.88225]]],[[[100.44121,13.87778],[100.43936,13.87779],[100.43936,13.8787],[100.44122,13.87868],[100.44121,13.87778]]],[[[100.44588,13.88408],[100.44586,13.88227],[100.44494,13.88228],[100.44495,13.88409],[100.44588,13.88408]]],[[[100.46608,13.71221],[100.46516,13.71222],[100.46516,13.71312],[100.46424,13.71312],[100.46423,13.71132],[100.4633,13.71132],[100.4633,13.71042],[100.46145,13.71043],[100.46145,13.71133],[100.46053,13.71134],[100.46054,13.71224],[100.46146,13.71224],[100.46147,13.71314],[100.46239,13.71314],[100.46242,13.71856],[100.46705,13.71853],[100.46705,13.71944],[100.46798,13.71943],[100.46798,13.72033],[100.46613,13.72035],[100.46613,13.71944],[100.4652,13.71945],[100.46521,13.72125],[100.46614,13.72125],[100.46616,13.72396],[100.46893,13.72394],[100.46892,13.72304],[100.468,13.72305],[100.46799,13.72214],[100.46892,13.72214],[100.46891,13.72123],[100.46984,13.72123],[100.46984,13.72213],[100.47169,13.72212],[100.47169,13.72122],[100.47076,13.72122],[100.47076,13.72032],[100.47168,13.72031],[100.47167,13.7185],[100.47352,13.71849],[100.47354,13.7212],[100.47261,13.72121],[100.47262,13.72211],[100.47539,13.7221],[100.47538,13.72119],[100.47631,13.72119],[100.4763,13.71938],[100.47815,13.71937],[100.47814,13.71847],[100.47722,13.71847],[100.47721,13.71666],[100.47813,13.71666],[100.47812,13.71575],[100.47628,13.71576],[100.47628,13.71667],[100.47351,13.71669],[100.4735,13.71578],[100.47258,13.71579],[100.47258,13.71669],[100.47166,13.7167],[100.47165,13.71579],[100.47073,13.7158],[100.47072,13.71489],[100.46887,13.71491],[100.46887,13.714],[100.46702,13.71401],[100.46701,13.71311],[100.46886,13.7131],[100.46886,13.71219],[100.46701,13.7122],[100.467,13.7113],[100.46793,13.71129],[100.46792,13.71039],[100.46885,13.71039],[100.46883,13.70858],[100.46976,13.70857],[100.46976,13.70948],[100.47069,13.70947],[100.47069,13.71037],[100.47162,13.71037],[100.47161,13.70856],[100.47253,13.70856],[100.47253,13.70765],[100.4716,13.70766],[100.47159,13.70585],[100.46882,13.70587],[100.46881,13.70496],[100.46696,13.70497],[100.46697,13.70678],[100.46605,13.70679],[100.46605,13.70769],[100.46513,13.7077],[100.46514,13.7086],[100.46421,13.70861],[100.46422,13.70951],[100.46514,13.7095],[100.46515,13.71131],[100.46608,13.71131],[100.46608,13.71221]],[[100.4698,13.7158],[100.46981,13.71761],[100.46889,13.71762],[100.46888,13.71581],[100.4698,13.7158]],[[100.47537,13.71939],[100.47445,13.71939],[100.47444,13.71758],[100.47536,13.71758],[100.47537,13.71939]],[[100.46702,13.71492],[100.46703,13.71582],[100.46611,13.71583],[100.4661,13.71492],[100.46702,13.71492]]],[[[100.46148,13.71585],[100.46148,13.71495],[100.46055,13.71495],[100.46056,13.71586],[100.46148,13.71585]]],[[[100.46058,13.71947],[100.46057,13.71857],[100.45965,13.71858],[100.45966,13.71948],[100.46058,13.71947]]],[[[100.45877,13.72581],[100.45876,13.72491],[100.45784,13.72491],[100.45785,13.72582],[100.45877,13.72581]]],[[[100.46618,13.72848],[100.46711,13.72847],[100.4671,13.72757],[100.46618,13.72758],[100.46618,13.72848]]],[[[100.46621,13.733],[100.46622,13.7339],[100.46714,13.7339],[100.46715,13.7348],[100.46807,13.7348],[100.46807,13.73389],[100.46899,13.73389],[100.46898,13.73208],[100.47083,13.73207],[100.47082,13.73116],[100.4699,13.73117],[100.46989,13.73027],[100.46804,13.73028],[100.46804,13.72937],[100.46526,13.72939],[100.46527,13.73029],[100.46712,13.73028],[100.46713,13.73209],[100.46528,13.7321],[100.46529,13.73301],[100.46621,13.733]]],[[[100.46257,13.74206],[100.46257,13.74297],[100.4635,13.74296],[100.46349,13.74115],[100.46441,13.74115],[100.46442,13.74205],[100.46627,13.74204],[100.46629,13.74565],[100.46722,13.74565],[100.46723,13.74836],[100.46631,13.74837],[100.46632,13.75017],[100.46539,13.75018],[100.4654,13.75108],[100.46447,13.75109],[100.46447,13.75019],[100.46354,13.75019],[100.46356,13.752],[100.46171,13.75201],[100.46172,13.75382],[100.45987,13.75383],[100.45987,13.75473],[100.46265,13.75472],[100.46266,13.75652],[100.46358,13.75652],[100.46359,13.75742],[100.46451,13.75742],[100.46453,13.76013],[100.46546,13.76012],[100.46544,13.75832],[100.46822,13.7583],[100.46821,13.75739],[100.46636,13.75741],[100.46636,13.7565],[100.46821,13.75649],[100.4682,13.75468],[100.47005,13.75467],[100.47006,13.75648],[100.47191,13.75647],[100.47191,13.75737],[100.47099,13.75738],[100.47099,13.75828],[100.47192,13.75828],[100.47192,13.75918],[100.47285,13.75918],[100.47285,13.76008],[100.47378,13.76007],[100.47377,13.75917],[100.4747,13.75916],[100.47469,13.75736],[100.47654,13.75735],[100.47653,13.75644],[100.47838,13.75643],[100.47837,13.75462],[100.47744,13.75463],[100.47744,13.75372],[100.47651,13.75373],[100.47651,13.75283],[100.47466,13.75284],[100.47465,13.75103],[100.47372,13.75103],[100.47371,13.74923],[100.47186,13.74924],[100.47186,13.74833],[100.47278,13.74833],[100.47277,13.74742],[100.4737,13.74742],[100.47369,13.74651],[100.47462,13.74651],[100.47461,13.7447],[100.47553,13.7447],[100.47553,13.74379],[100.47738,13.74378],[100.47736,13.74197],[100.47829,13.74197],[100.47829,13.74287],[100.47922,13.74287],[100.47923,13.74467],[100.47831,13.74468],[100.47831,13.74558],[100.47924,13.74558],[100.47925,13.74739],[100.48017,13.74738],[100.48017,13.74648],[100.48109,13.74647],[100.48108,13.74466],[100.482,13.74466],[100.48201,13.74556],[100.48478,13.74554],[100.48477,13.74374],[100.4857,13.74373],[100.48571,13.74554],[100.48756,13.74553],[100.48755,13.74462],[100.4894,13.74461],[100.4894,13.74371],[100.49032,13.7437],[100.4903,13.74099],[100.49123,13.74099],[100.49122,13.74008],[100.4903,13.74009],[100.49029,13.73918],[100.49122,13.73918],[100.49121,13.73737],[100.49028,13.73738],[100.49028,13.73647],[100.49305,13.73645],[100.49302,13.73194],[100.48747,13.73197],[100.48747,13.73106],[100.48654,13.73107],[100.48655,13.73288],[100.4847,13.73289],[100.48469,13.73108],[100.48284,13.73109],[100.48286,13.7329],[100.48101,13.73291],[100.48102,13.73472],[100.48194,13.73471],[100.48195,13.73652],[100.48103,13.73653],[100.48103,13.73743],[100.48011,13.73744],[100.4801,13.73653],[100.47918,13.73654],[100.47916,13.73292],[100.48008,13.73292],[100.48008,13.73201],[100.481,13.73201],[100.48099,13.7302],[100.48191,13.73019],[100.48191,13.72929],[100.48468,13.72927],[100.48466,13.72656],[100.48744,13.72655],[100.48743,13.72564],[100.48836,13.72564],[100.48833,13.72202],[100.48649,13.72203],[100.48648,13.72113],[100.4874,13.72112],[100.4874,13.72022],[100.48462,13.72023],[100.48461,13.71843],[100.48554,13.71842],[100.48553,13.71752],[100.48738,13.71751],[100.48737,13.7157],[100.48829,13.71569],[100.48828,13.71388],[100.48921,13.71388],[100.4892,13.71298],[100.48735,13.71299],[100.48735,13.71208],[100.48642,13.71209],[100.48642,13.71118],[100.48549,13.71119],[100.4855,13.71209],[100.48365,13.7121],[100.48365,13.71301],[100.48273,13.71301],[100.48272,13.71211],[100.4818,13.71212],[100.48181,13.71302],[100.48088,13.71303],[100.48089,13.71393],[100.47904,13.71394],[100.47902,13.71123],[100.47995,13.71122],[100.47993,13.70942],[100.48086,13.70941],[100.48085,13.70851],[100.48178,13.7085],[100.48177,13.70669],[100.47992,13.7067],[100.47991,13.7058],[100.47899,13.70581],[100.47898,13.7049],[100.47713,13.70491],[100.47714,13.70582],[100.47621,13.70582],[100.47622,13.70673],[100.47252,13.70675],[100.47253,13.70765],[100.47622,13.70763],[100.47625,13.71125],[100.4781,13.71123],[100.4781,13.71214],[100.47718,13.71214],[100.47718,13.71305],[100.47811,13.71304],[100.47812,13.71485],[100.47904,13.71484],[100.47905,13.71575],[100.47997,13.71574],[100.47997,13.71484],[100.48089,13.71483],[100.4809,13.71574],[100.48182,13.71573],[100.48183,13.71754],[100.48276,13.71753],[100.48276,13.71844],[100.47999,13.71845],[100.48,13.71936],[100.47907,13.71936],[100.47909,13.72208],[100.47724,13.72209],[100.47725,13.72299],[100.47632,13.723],[100.47631,13.72209],[100.47539,13.7221],[100.4754,13.723],[100.47355,13.72301],[100.47355,13.72392],[100.47263,13.72392],[100.47262,13.72302],[100.4717,13.72302],[100.47171,13.72483],[100.47263,13.72483],[100.47264,13.72573],[100.47171,13.72574],[100.47173,13.72754],[100.47357,13.72753],[100.47358,13.72844],[100.47451,13.72843],[100.47452,13.73024],[100.47359,13.73024],[100.4736,13.73205],[100.47453,13.73205],[100.47454,13.73385],[100.47546,13.73385],[100.47549,13.73746],[100.47456,13.73747],[100.47456,13.73657],[100.47363,13.73657],[100.47364,13.73748],[100.47271,13.73748],[100.47272,13.73838],[100.47179,13.73839],[100.4718,13.73929],[100.46995,13.73931],[100.46994,13.7384],[100.46902,13.73841],[100.46901,13.7375],[100.46809,13.73751],[100.46809,13.73841],[100.46625,13.73842],[100.46624,13.73752],[100.46347,13.73754],[100.46348,13.73934],[100.46163,13.73935],[100.46164,13.74207],[100.46257,13.74206]],[[100.47093,13.74834],[100.47094,13.74924],[100.47001,13.74925],[100.47002,13.75015],[100.46909,13.75016],[100.46909,13.74925],[100.46816,13.74926],[100.46815,13.74745],[100.47,13.74744],[100.46999,13.74563],[100.47091,13.74563],[100.47093,13.74744],[100.47185,13.74743],[100.47186,13.74833],[100.47093,13.74834]],[[100.49029,13.73828],[100.48936,13.73829],[100.48936,13.73738],[100.49028,13.73738],[100.49029,13.73828]],[[100.47918,13.73654],[100.4792,13.73925],[100.47827,13.73926],[100.47827,13.73835],[100.47642,13.73836],[100.47641,13.73656],[100.47733,13.73655],[100.47734,13.73745],[100.47826,13.73745],[100.47825,13.73654],[100.47918,13.73654]],[[100.48374,13.72657],[100.48373,13.72566],[100.48281,13.72567],[100.4828,13.72477],[100.48188,13.72477],[100.48187,13.72387],[100.48372,13.72386],[100.48373,13.72476],[100.48465,13.72475],[100.48466,13.72656],[100.48374,13.72657]],[[100.47992,13.70761],[100.479,13.70761],[100.47899,13.70671],[100.47992,13.7067],[100.47992,13.70761]],[[100.47448,13.72391],[100.47448,13.72482],[100.47356,13.72482],[100.47355,13.72392],[100.47448,13.72391]],[[100.46634,13.75289],[100.46633,13.75198],[100.46725,13.75198],[100.46726,13.75288],[100.46634,13.75289]],[[100.46449,13.7529],[100.46448,13.75199],[100.46541,13.75199],[100.46541,13.75289],[100.46449,13.7529]],[[100.48012,13.73924],[100.48012,13.73834],[100.48104,13.73834],[100.48105,13.73924],[100.48012,13.73924]],[[100.48371,13.72205],[100.48279,13.72205],[100.48278,13.72025],[100.4837,13.72024],[100.48371,13.72205]],[[100.47551,13.74108],[100.4755,13.74018],[100.47643,13.74017],[100.47642,13.73927],[100.47735,13.73926],[100.47736,13.74107],[100.47551,13.74108]],[[100.47909,13.72298],[100.4791,13.72388],[100.47818,13.72389],[100.47817,13.72299],[100.47909,13.72298]],[[100.47822,13.73112],[100.47822,13.73022],[100.47914,13.73021],[100.47915,13.73111],[100.47822,13.73112]],[[100.48553,13.71661],[100.48552,13.71571],[100.48645,13.7157],[100.48645,13.71661],[100.48553,13.71661]],[[100.48748,13.73378],[100.48749,13.73468],[100.48657,13.73469],[100.48656,13.73378],[100.48748,13.73378]],[[100.48567,13.73921],[100.48659,13.73921],[100.4866,13.74011],[100.48567,13.74012],[100.48567,13.73921]],[[100.48381,13.73832],[100.48381,13.73741],[100.48473,13.73741],[100.48474,13.73831],[100.48381,13.73832]]],[[[100.46639,13.76193],[100.4664,13.76373],[100.46733,13.76373],[100.46733,13.76463],[100.46918,13.76462],[100.46918,13.76372],[100.46825,13.76372],[100.46824,13.76191],[100.46639,13.76193]]],[[[100.46921,13.76914],[100.46736,13.76915],[100.46738,13.77186],[100.46923,13.77185],[100.46922,13.77095],[100.472,13.77093],[100.47198,13.76822],[100.47475,13.7682],[100.47476,13.76911],[100.47661,13.7691],[100.47662,13.7709],[100.47847,13.77089],[100.47846,13.76999],[100.48031,13.76998],[100.48029,13.76636],[100.47844,13.76637],[100.47843,13.76457],[100.47751,13.76457],[100.47751,13.76547],[100.47566,13.76549],[100.47566,13.76458],[100.47658,13.76458],[100.47658,13.76367],[100.47473,13.76368],[100.47472,13.76278],[100.47564,13.76277],[100.47563,13.76097],[100.47471,13.76097],[100.4747,13.76007],[100.47378,13.76007],[100.47378,13.76098],[100.47286,13.76098],[100.47287,13.76279],[100.4701,13.76281],[100.47011,13.76462],[100.46918,13.76462],[100.46919,13.76552],[100.46826,13.76553],[100.46827,13.76643],[100.46734,13.76644],[100.46735,13.76734],[100.46828,13.76734],[100.46828,13.76824],[100.46921,13.76824],[100.46921,13.76914]],[[100.47382,13.7664],[100.47474,13.7664],[100.47475,13.7673],[100.47382,13.7673],[100.47382,13.7664]],[[100.47106,13.76823],[100.47106,13.76913],[100.47014,13.76913],[100.47013,13.76823],[100.47106,13.76823]],[[100.47938,13.76818],[100.47938,13.76908],[100.47846,13.76908],[100.47845,13.76818],[100.47938,13.76818]]],[[[100.46551,13.76826],[100.46736,13.76825],[100.46735,13.76734],[100.4655,13.76735],[100.46551,13.76826]]],[[[100.46245,13.87133],[100.4643,13.87132],[100.46431,13.87222],[100.46338,13.87223],[100.46339,13.87313],[100.46246,13.87313],[100.46247,13.87404],[100.46339,13.87403],[100.4634,13.87494],[100.46247,13.87494],[100.46248,13.87675],[100.46618,13.87673],[100.46618,13.87582],[100.4671,13.87582],[100.46711,13.87672],[100.46804,13.87672],[100.46803,13.87581],[100.46895,13.87581],[100.46896,13.87671],[100.46989,13.87671],[100.46987,13.8749],[100.47358,13.87488],[100.47357,13.87397],[100.47449,13.87397],[100.47448,13.87125],[100.47633,13.87124],[100.47632,13.86944],[100.47539,13.86944],[100.4754,13.87035],[100.47077,13.87037],[100.47077,13.86947],[100.47262,13.86946],[100.4726,13.86675],[100.47075,13.86676],[100.47074,13.86585],[100.46982,13.86586],[100.46982,13.86676],[100.4689,13.86677],[100.46891,13.86858],[100.46151,13.86862],[100.46151,13.86952],[100.46244,13.86952],[100.46245,13.87133]],[[100.46801,13.8722],[100.468,13.87129],[100.46893,13.87129],[100.46894,13.8731],[100.46709,13.87311],[100.46708,13.8722],[100.46801,13.8722]],[[100.46986,13.87219],[100.46985,13.87128],[100.47078,13.87128],[100.47078,13.87218],[100.46986,13.87219]]],[[[100.46059,13.86953],[100.45966,13.86954],[100.45967,13.87044],[100.45874,13.87045],[100.45875,13.87135],[100.46152,13.87133],[100.46152,13.87043],[100.46059,13.87043],[100.46059,13.86953]]],[[[100.45783,13.87226],[100.45782,13.87135],[100.4569,13.87136],[100.4569,13.87226],[100.45783,13.87226]]],[[[100.45876,13.87316],[100.45969,13.87315],[100.45968,13.87225],[100.45876,13.87225],[100.45876,13.87316]]],[[[100.46155,13.87495],[100.46154,13.87404],[100.46062,13.87405],[100.46062,13.87495],[100.46155,13.87495]]],[[[100.45879,13.87858],[100.45972,13.87857],[100.45971,13.87677],[100.46063,13.87676],[100.46063,13.87586],[100.45878,13.87587],[100.45878,13.87677],[100.45786,13.87678],[100.45786,13.87768],[100.45879,13.87768],[100.45879,13.87858]]],[[[100.47266,13.72935],[100.47267,13.73025],[100.47359,13.73024],[100.47359,13.72934],[100.47266,13.72935]]],[[[100.47175,13.73116],[100.47267,13.73115],[100.47267,13.73025],[100.47174,13.73026],[100.47175,13.73116]]],[[[100.4757,13.77091],[100.47569,13.77001],[100.47477,13.77001],[100.47476,13.76911],[100.47291,13.76912],[100.47293,13.77183],[100.47385,13.77182],[100.47385,13.77092],[100.4757,13.77091]]],[[[100.4785,13.77632],[100.47851,13.77722],[100.47943,13.77721],[100.47944,13.77812],[100.48037,13.77811],[100.48037,13.77902],[100.4813,13.77901],[100.48132,13.78263],[100.48039,13.78263],[100.4804,13.78354],[100.48317,13.78352],[100.48318,13.78442],[100.4841,13.78442],[100.4841,13.78351],[100.48502,13.78351],[100.48501,13.7817],[100.48409,13.78171],[100.48408,13.7799],[100.485,13.77989],[100.48498,13.77718],[100.48683,13.77717],[100.48684,13.77807],[100.48869,13.77806],[100.48869,13.77897],[100.49332,13.77894],[100.49332,13.77984],[100.49055,13.77986],[100.49056,13.78076],[100.49241,13.78075],[100.49241,13.78166],[100.49334,13.78165],[100.49335,13.78346],[100.49242,13.78346],[100.49243,13.78527],[100.49151,13.78528],[100.4915,13.78347],[100.49057,13.78347],[100.49058,13.78438],[100.48965,13.78438],[100.48965,13.78348],[100.48687,13.7835],[100.48688,13.7844],[100.48595,13.78441],[100.48597,13.78712],[100.48782,13.78711],[100.48783,13.78801],[100.48875,13.78801],[100.48876,13.78891],[100.48968,13.7889],[100.48968,13.788],[100.49153,13.78799],[100.49153,13.78889],[100.49246,13.78889],[100.49246,13.78979],[100.49431,13.78978],[100.49431,13.78888],[100.49523,13.78887],[100.49524,13.78977],[100.49709,13.78976],[100.4971,13.79157],[100.49802,13.79157],[100.49803,13.79247],[100.4971,13.79247],[100.49712,13.79519],[100.4999,13.79517],[100.49989,13.79427],[100.50082,13.79426],[100.50082,13.79516],[100.50175,13.79516],[100.50174,13.79425],[100.50359,13.79424],[100.50357,13.79063],[100.50634,13.79061],[100.50635,13.79151],[100.5082,13.7915],[100.50819,13.7906],[100.50727,13.7906],[100.50725,13.7888],[100.5054,13.78881],[100.5054,13.7879],[100.50447,13.78791],[100.50447,13.78701],[100.50262,13.78702],[100.50262,13.78792],[100.5017,13.78793],[100.50171,13.78883],[100.50078,13.78884],[100.50079,13.78974],[100.49894,13.78975],[100.49893,13.78885],[100.49801,13.78885],[100.498,13.78795],[100.49615,13.78796],[100.49614,13.78706],[100.49707,13.78705],[100.49706,13.78524],[100.49983,13.78523],[100.49984,13.78613],[100.50169,13.78612],[100.50168,13.78522],[100.50076,13.78522],[100.50075,13.78432],[100.50168,13.78431],[100.50166,13.7816],[100.50073,13.78161],[100.50073,13.7807],[100.4998,13.78071],[100.49979,13.7789],[100.49702,13.77892],[100.49702,13.77982],[100.4961,13.77983],[100.49609,13.77892],[100.49424,13.77893],[100.49424,13.77803],[100.49146,13.77805],[100.49146,13.77714],[100.49238,13.77714],[100.49237,13.77533],[100.4896,13.77535],[100.48958,13.77354],[100.48866,13.77354],[100.48867,13.77445],[100.48774,13.77445],[100.48774,13.77355],[100.48496,13.77357],[100.48494,13.77085],[100.48587,13.77085],[100.48586,13.76904],[100.48493,13.76905],[100.48494,13.76995],[100.48124,13.76997],[100.48124,13.77088],[100.48032,13.77088],[100.48033,13.77269],[100.47941,13.7727],[100.4794,13.77089],[100.47847,13.77089],[100.47849,13.7736],[100.47941,13.7736],[100.47942,13.7745],[100.48034,13.7745],[100.48035,13.7754],[100.47942,13.77541],[100.47943,13.77631],[100.4785,13.77632]],[[100.48404,13.77357],[100.48404,13.77447],[100.48312,13.77448],[100.48311,13.77358],[100.48404,13.77357]],[[100.48222,13.7781],[100.48314,13.7781],[100.48315,13.779],[100.48222,13.77901],[100.48222,13.7781]]],[[[100.47909,13.86942],[100.47724,13.86943],[100.47725,13.87124],[100.4791,13.87123],[100.47911,13.87303],[100.47819,13.87304],[100.47821,13.87666],[100.48006,13.87664],[100.48007,13.87755],[100.48099,13.87754],[100.48099,13.87664],[100.48191,13.87663],[100.48192,13.87754],[100.48377,13.87753],[100.48378,13.87843],[100.4847,13.87842],[100.48468,13.87481],[100.48653,13.8748],[100.48652,13.87389],[100.4856,13.8739],[100.48559,13.87209],[100.48651,13.87209],[100.4865,13.87118],[100.48558,13.87119],[100.48557,13.87028],[100.48465,13.87029],[100.48464,13.86939],[100.48557,13.86938],[100.48556,13.86848],[100.48649,13.86847],[100.48648,13.86757],[100.48371,13.86758],[100.4837,13.86668],[100.48555,13.86667],[100.48555,13.86576],[100.48462,13.86577],[100.48461,13.86396],[100.48276,13.86397],[100.48275,13.86217],[100.48182,13.86217],[100.48183,13.86398],[100.47998,13.86399],[100.47999,13.86489],[100.47906,13.8649],[100.47907,13.86671],[100.48,13.8667],[100.48001,13.86761],[100.47908,13.86761],[100.47909,13.86942]],[[100.47913,13.87484],[100.47912,13.87394],[100.48005,13.87393],[100.48005,13.87484],[100.47913,13.87484]]],[[[100.48504,13.78622],[100.48503,13.78441],[100.4841,13.78442],[100.48412,13.78623],[100.48504,13.78622]]],[[[100.48833,13.86756],[100.49018,13.86754],[100.49019,13.86845],[100.48926,13.86845],[100.48927,13.87026],[100.48835,13.87027],[100.48836,13.87207],[100.49021,13.87206],[100.49019,13.86935],[100.49112,13.86935],[100.49111,13.86844],[100.49389,13.86843],[100.49388,13.86752],[100.49481,13.86752],[100.49481,13.86842],[100.49666,13.86841],[100.49666,13.8675],[100.49758,13.8675],[100.49759,13.8684],[100.50037,13.86839],[100.50034,13.86477],[100.49849,13.86478],[100.4985,13.86569],[100.49942,13.86568],[100.49943,13.86658],[100.49573,13.86661],[100.49572,13.8657],[100.4948,13.86571],[100.49479,13.8648],[100.49572,13.8648],[100.49569,13.86118],[100.49662,13.86118],[100.49661,13.86027],[100.49569,13.86028],[100.49568,13.85937],[100.49476,13.85938],[100.49475,13.85848],[100.49568,13.85847],[100.49567,13.85757],[100.49382,13.85758],[100.49381,13.85577],[100.49196,13.85578],[100.49197,13.85759],[100.49104,13.8576],[100.49106,13.8594],[100.49198,13.8594],[100.49199,13.8603],[100.49106,13.86031],[100.49108,13.86302],[100.49015,13.86302],[100.49014,13.86122],[100.48922,13.86122],[100.48921,13.86032],[100.48829,13.86032],[100.48829,13.86123],[100.48737,13.86123],[100.48738,13.86304],[100.48553,13.86305],[100.48554,13.86486],[100.48646,13.86485],[100.48647,13.86576],[100.48832,13.86575],[100.48833,13.86756]],[[100.49295,13.86662],[100.49203,13.86663],[100.49202,13.86572],[100.49295,13.86572],[100.49295,13.86662]]],[[[100.48743,13.87118],[100.48742,13.87027],[100.4865,13.87028],[100.4865,13.87118],[100.48743,13.87118]]],[[[100.48745,13.87389],[100.48744,13.87208],[100.48651,13.87209],[100.48652,13.87389],[100.48745,13.87389]]],[[[100.49293,13.71838],[100.49478,13.71837],[100.49477,13.71656],[100.4957,13.71655],[100.49569,13.71565],[100.49477,13.71565],[100.49476,13.71475],[100.49661,13.71474],[100.4966,13.71383],[100.49476,13.71385],[100.49475,13.71294],[100.49382,13.71295],[100.49383,13.71385],[100.49291,13.71386],[100.49291,13.71476],[100.49199,13.71477],[100.49199,13.71567],[100.49107,13.71568],[100.49108,13.71748],[100.49293,13.71747],[100.49293,13.71838]],[[100.49292,13.71566],[100.49292,13.71657],[100.492,13.71657],[100.49199,13.71567],[100.49292,13.71566]]],[[[100.49106,13.71387],[100.48921,13.71388],[100.48921,13.71478],[100.49106,13.71477],[100.49106,13.71387]]],[[[100.4883,13.7166],[100.48922,13.71659],[100.48922,13.71569],[100.48829,13.71569],[100.4883,13.7166]]],[[[100.49113,13.72472],[100.48928,13.72473],[100.48929,13.72744],[100.49299,13.72742],[100.493,13.72922],[100.49485,13.72921],[100.49486,13.73012],[100.49578,13.73011],[100.49577,13.7283],[100.49762,13.72829],[100.49761,13.72648],[100.49853,13.72648],[100.49853,13.72557],[100.49668,13.72559],[100.49667,13.72468],[100.49482,13.72469],[100.49482,13.72379],[100.49389,13.72379],[100.4939,13.7247],[100.49297,13.7247],[100.49298,13.72561],[100.49113,13.72562],[100.49113,13.72472]]],[[[100.49861,13.73913],[100.4986,13.73642],[100.4949,13.73644],[100.49492,13.73916],[100.49861,13.73913]]],[[[100.49033,13.74551],[100.48941,13.74552],[100.48942,13.74823],[100.4885,13.74823],[100.48852,13.75095],[100.49129,13.75093],[100.4913,13.75274],[100.49315,13.75273],[100.49316,13.75453],[100.49409,13.75453],[100.49408,13.75362],[100.49778,13.7536],[100.49779,13.75451],[100.49964,13.75449],[100.49964,13.7554],[100.50149,13.75539],[100.5015,13.75629],[100.50427,13.75627],[100.50428,13.75718],[100.5052,13.75717],[100.5052,13.75627],[100.50612,13.75626],[100.50612,13.75536],[100.50704,13.75535],[100.50703,13.75445],[100.50796,13.75444],[100.50795,13.75354],[100.50888,13.75353],[100.50885,13.74992],[100.50608,13.74993],[100.50607,13.74903],[100.50515,13.74904],[100.50516,13.74994],[100.50423,13.74995],[100.50423,13.74904],[100.5033,13.74905],[100.5033,13.74814],[100.50145,13.74816],[100.50145,13.74906],[100.50053,13.74906],[100.50053,13.74997],[100.49961,13.74997],[100.49961,13.75088],[100.49869,13.75088],[100.49869,13.75179],[100.49777,13.75179],[100.49778,13.7527],[100.49593,13.75271],[100.49592,13.7518],[100.495,13.75181],[100.49498,13.75],[100.49313,13.75001],[100.49312,13.7473],[100.49219,13.74731],[100.49219,13.7464],[100.49311,13.7464],[100.49311,13.74549],[100.49403,13.74549],[100.49403,13.74458],[100.49495,13.74458],[100.49494,13.74277],[100.49586,13.74277],[100.49586,13.74186],[100.49678,13.74186],[100.49677,13.74005],[100.49585,13.74005],[100.49585,13.74096],[100.494,13.74097],[100.49401,13.74187],[100.49308,13.74188],[100.49309,13.74369],[100.49125,13.7437],[100.49125,13.7446],[100.49033,13.74461],[100.49033,13.74551]],[[100.49129,13.75002],[100.49036,13.75003],[100.49036,13.74913],[100.49128,13.74912],[100.49129,13.75002]]],[[[100.49205,13.87024],[100.49204,13.86934],[100.49112,13.86935],[100.49113,13.87025],[100.49205,13.87024]]],[[[100.50125,13.71742],[100.50402,13.71741],[100.50403,13.71831],[100.50495,13.7183],[100.50496,13.71921],[100.50588,13.7192],[100.50587,13.71649],[100.50679,13.71648],[100.50679,13.71558],[100.50771,13.71558],[100.5077,13.71467],[100.50678,13.71468],[100.50677,13.71377],[100.504,13.71379],[100.50401,13.71469],[100.50493,13.71469],[100.50494,13.71559],[100.50309,13.7156],[100.50308,13.7138],[100.50215,13.7138],[100.50216,13.7147],[100.50123,13.71471],[100.50123,13.71381],[100.5003,13.71381],[100.50031,13.71472],[100.49938,13.71472],[100.49939,13.71563],[100.50031,13.71562],[100.50032,13.71652],[100.50124,13.71652],[100.50125,13.71742]]],[[[100.50223,13.72646],[100.50316,13.72645],[100.50315,13.72464],[100.50222,13.72465],[100.50223,13.72646]]],[[[100.49948,13.73009],[100.49949,13.73099],[100.49856,13.731],[100.49857,13.73281],[100.49765,13.73281],[100.49766,13.73372],[100.49858,13.73371],[100.49859,13.73461],[100.50136,13.7346],[100.50137,13.7355],[100.50321,13.73549],[100.50322,13.73639],[100.50414,13.73639],[100.50414,13.73548],[100.50876,13.73546],[100.50875,13.73365],[100.50783,13.73365],[100.50782,13.73275],[100.5069,13.73275],[100.5069,13.73366],[100.50598,13.73366],[100.50597,13.73276],[100.50227,13.73278],[100.50227,13.73188],[100.50319,13.73187],[100.50318,13.73007],[100.50226,13.73007],[100.50224,13.72736],[100.50039,13.72737],[100.50039,13.72827],[100.49855,13.72829],[100.49855,13.72919],[100.49763,13.7292],[100.49763,13.7301],[100.49948,13.73009]]],[[[100.50177,13.79968],[100.5027,13.79967],[100.50268,13.79606],[100.50083,13.79607],[100.50084,13.79878],[100.50177,13.79877],[100.50177,13.79968]]],[[[100.50217,13.86114],[100.50309,13.86114],[100.50309,13.86023],[100.50401,13.86023],[100.50401,13.85932],[100.50493,13.85932],[100.50493,13.85841],[100.50215,13.85843],[100.50216,13.85934],[100.50031,13.85935],[100.5003,13.85844],[100.49938,13.85845],[100.49937,13.85754],[100.49845,13.85755],[100.49846,13.85936],[100.49938,13.85935],[100.49939,13.86026],[100.50031,13.86025],[100.50032,13.86115],[100.50124,13.86115],[100.50125,13.86205],[100.50217,13.86205],[100.50217,13.86114]]],[[[100.49661,13.86027],[100.49846,13.86026],[100.49846,13.85936],[100.49661,13.85937],[100.49661,13.86027]]],[[[100.50314,13.86837],[100.50313,13.86656],[100.50498,13.86655],[100.50497,13.86474],[100.50589,13.86474],[100.50589,13.86383],[100.50496,13.86384],[100.50496,13.86293],[100.50403,13.86294],[100.50403,13.86204],[100.5031,13.86204],[100.50311,13.86295],[100.50218,13.86295],[100.5022,13.86566],[100.50127,13.86567],[100.50128,13.86657],[100.5022,13.86657],[100.50222,13.86837],[100.50314,13.86837]]],[[[100.50053,13.8946],[100.50054,13.8955],[100.49869,13.89551],[100.49869,13.89642],[100.49962,13.89641],[100.49963,13.89732],[100.49778,13.89733],[100.49779,13.89913],[100.49964,13.89912],[100.49966,13.90184],[100.50151,13.90182],[100.50151,13.90273],[100.50429,13.90271],[100.50428,13.9009],[100.50613,13.90089],[100.50612,13.89999],[100.50797,13.89998],[100.50798,13.90178],[100.51076,13.90177],[100.51075,13.90086],[100.51168,13.90086],[100.5117,13.90357],[100.51077,13.90357],[100.51078,13.90448],[100.51355,13.90446],[100.51356,13.90537],[100.51541,13.90535],[100.51543,13.90807],[100.51635,13.90806],[100.51636,13.90896],[100.51543,13.90897],[100.51544,13.90987],[100.51359,13.90988],[100.51358,13.90898],[100.51081,13.909],[100.51081,13.9099],[100.51174,13.9099],[100.51174,13.9108],[100.51544,13.91078],[100.51545,13.91168],[100.51452,13.91169],[100.51453,13.91259],[100.51638,13.91258],[100.51639,13.91348],[100.51731,13.91348],[100.51732,13.91438],[100.51824,13.91438],[100.51824,13.91347],[100.52194,13.91345],[100.52192,13.90983],[100.52284,13.90983],[100.52283,13.90802],[100.52098,13.90803],[100.52097,13.90713],[100.52005,13.90713],[100.52004,13.90623],[100.51912,13.90623],[100.51911,13.90533],[100.52004,13.90532],[100.52002,13.90352],[100.51817,13.90353],[100.51817,13.90262],[100.52002,13.90261],[100.52001,13.90171],[100.51816,13.90172],[100.51815,13.90082],[100.5163,13.90083],[100.51629,13.89902],[100.51352,13.89904],[100.51351,13.89813],[100.51259,13.89814],[100.51259,13.89904],[100.51167,13.89905],[100.51166,13.89815],[100.51074,13.89815],[100.51073,13.89725],[100.51258,13.89724],[100.51257,13.89543],[100.51072,13.89544],[100.51072,13.89634],[100.5098,13.89635],[100.5098,13.89725],[100.50795,13.89726],[100.50796,13.89817],[100.50703,13.89817],[100.50703,13.89727],[100.50425,13.89729],[100.50425,13.89638],[100.5061,13.89637],[100.50609,13.89547],[100.50517,13.89547],[100.50516,13.89457],[100.50331,13.89458],[100.5033,13.89277],[100.50237,13.89278],[100.50238,13.89368],[100.50145,13.89369],[100.50146,13.89459],[100.50053,13.8946]],[[100.51821,13.90895],[100.52006,13.90894],[100.52006,13.90984],[100.51821,13.90986],[100.51821,13.90895]],[[100.51447,13.90355],[100.5154,13.90355],[100.5154,13.90445],[100.51448,13.90446],[100.51447,13.90355]],[[100.5126,13.90085],[100.5126,13.89995],[100.51352,13.89994],[100.51353,13.90085],[100.5126,13.90085]]],[[[100.49786,13.90998],[100.49786,13.91089],[100.50064,13.91087],[100.50064,13.91177],[100.50342,13.91176],[100.50341,13.91085],[100.50434,13.91085],[100.50435,13.91175],[100.50527,13.91174],[100.50527,13.91084],[100.50712,13.91083],[100.50712,13.91173],[100.50805,13.91173],[100.50805,13.91263],[100.5099,13.91262],[100.50989,13.90991],[100.50804,13.90992],[100.50803,13.90902],[100.5071,13.90902],[100.5071,13.90812],[100.50525,13.90813],[100.50524,13.90722],[100.50339,13.90724],[100.50339,13.90633],[100.50246,13.90634],[100.50244,13.90363],[100.50152,13.90363],[100.50152,13.90454],[100.49875,13.90455],[100.49876,13.90636],[100.49968,13.90635],[100.4997,13.90816],[100.49877,13.90817],[100.49878,13.90998],[100.49786,13.90998]],[[100.50063,13.90996],[100.50156,13.90996],[100.50156,13.91086],[100.50064,13.91087],[100.50063,13.90996]],[[100.50249,13.91086],[100.50248,13.90995],[100.50341,13.90995],[100.50341,13.91085],[100.50249,13.91086]]],[[[100.50771,13.71558],[100.50772,13.71648],[100.50864,13.71647],[100.50864,13.71557],[100.50771,13.71558]]],[[[100.50864,13.71647],[100.50865,13.71738],[100.5105,13.71737],[100.51049,13.71646],[100.50864,13.71647]]],[[[100.50497,13.72011],[100.50496,13.71921],[100.50404,13.71921],[100.50404,13.72012],[100.50497,13.72011]]],[[[100.50499,13.72373],[100.50314,13.72374],[100.50315,13.72464],[100.50407,13.72464],[100.50408,13.72554],[100.50685,13.72552],[100.50684,13.72462],[100.50499,13.72463],[100.50499,13.72373]]],[[[100.50686,13.72733],[100.50779,13.72733],[100.50778,13.72642],[100.50686,13.72643],[100.50686,13.72733]]],[[[100.50875,13.73365],[100.50968,13.73364],[100.50967,13.73274],[100.50874,13.73274],[100.50875,13.73365]]],[[[100.50877,13.73636],[100.50969,13.73635],[100.50969,13.73545],[100.50876,13.73546],[100.50877,13.73636]]],[[[100.50878,13.73817],[100.50323,13.7382],[100.50324,13.7391],[100.50509,13.73909],[100.50509,13.74],[100.50787,13.73998],[100.50786,13.73908],[100.50879,13.73907],[100.50878,13.73817]]],[[[100.50821,13.79331],[100.5082,13.79241],[100.50728,13.79241],[100.50728,13.79332],[100.50821,13.79331]]],[[[100.50548,13.80056],[100.50549,13.80237],[100.50457,13.80237],[100.50457,13.80328],[100.5055,13.80327],[100.5055,13.80417],[100.50735,13.80416],[100.50736,13.80507],[100.50921,13.80506],[100.50921,13.80596],[100.51106,13.80595],[100.51108,13.80776],[100.51015,13.80776],[100.51016,13.80867],[100.51293,13.80865],[100.51292,13.80684],[100.51477,13.80683],[100.51476,13.80593],[100.51661,13.80591],[100.51661,13.80501],[100.51476,13.80502],[100.51474,13.80231],[100.51567,13.8023],[100.51566,13.8014],[100.51473,13.80141],[100.51471,13.79779],[100.51286,13.7978],[100.51285,13.79599],[100.511,13.79601],[100.51103,13.80052],[100.50825,13.80054],[100.50825,13.79964],[100.50732,13.79964],[100.50732,13.79874],[100.50639,13.79875],[100.5064,13.79965],[100.5027,13.79967],[100.50271,13.80058],[100.50548,13.80056]],[[100.51287,13.79871],[100.51194,13.79871],[100.51194,13.79781],[100.51286,13.7978],[100.51287,13.79871]],[[100.50733,13.80055],[100.50734,13.80145],[100.50641,13.80146],[100.5064,13.80055],[100.50733,13.80055]]],[[[100.50941,13.83579],[100.50942,13.8385],[100.51035,13.83849],[100.51037,13.84121],[100.51222,13.84119],[100.51221,13.83939],[100.51498,13.83937],[100.51499,13.84118],[100.51407,13.84118],[100.51407,13.84209],[100.51315,13.84209],[100.51315,13.843],[100.515,13.84299],[100.51501,13.84389],[100.51408,13.84389],[100.51409,13.8448],[100.51317,13.8448],[100.51317,13.84571],[100.5141,13.8457],[100.51411,13.84751],[100.51226,13.84752],[100.51225,13.84571],[100.50947,13.84573],[100.50948,13.84754],[100.50856,13.84754],[100.50855,13.84664],[100.50763,13.84665],[100.50763,13.84755],[100.50671,13.84756],[100.50671,13.84846],[100.50579,13.84847],[100.50579,13.84937],[100.50487,13.84938],[100.50487,13.85028],[100.50395,13.85028],[100.50396,13.85119],[100.50581,13.85118],[100.50581,13.85208],[100.50951,13.85206],[100.50952,13.85387],[100.5086,13.85387],[100.5086,13.85478],[100.50768,13.85478],[100.50768,13.85569],[100.50861,13.85568],[100.50862,13.85658],[100.50954,13.85658],[100.50955,13.85839],[100.51048,13.85838],[100.51047,13.85657],[100.51139,13.85657],[100.5114,13.85747],[100.51232,13.85746],[100.51233,13.85837],[100.51325,13.85836],[100.51326,13.85927],[100.51511,13.85926],[100.5151,13.85835],[100.51695,13.85834],[100.51695,13.85744],[100.51602,13.85744],[100.516,13.85473],[100.51415,13.85474],[100.51416,13.85565],[100.51324,13.85565],[100.51323,13.85475],[100.5123,13.85475],[100.51231,13.85566],[100.51046,13.85567],[100.51045,13.85476],[100.51138,13.85476],[100.51136,13.85114],[100.51228,13.85114],[100.51228,13.85023],[100.51505,13.85022],[100.51506,13.85112],[100.51598,13.85111],[100.51599,13.85202],[100.51414,13.85203],[100.51414,13.85293],[100.51322,13.85294],[100.51321,13.85204],[100.51229,13.85204],[100.5123,13.85385],[100.51785,13.85381],[100.51784,13.85291],[100.51877,13.85291],[100.51877,13.85381],[100.52247,13.85379],[100.52247,13.85288],[100.51969,13.8529],[100.51968,13.85109],[100.51876,13.8511],[100.51875,13.85019],[100.51783,13.8502],[100.51782,13.8493],[100.51967,13.84928],[100.51968,13.85019],[100.5206,13.85018],[100.52059,13.84837],[100.52151,13.84837],[100.52151,13.84746],[100.52058,13.84747],[100.52058,13.84657],[100.51965,13.84657],[100.51963,13.84296],[100.52055,13.84295],[100.52053,13.83934],[100.51961,13.83934],[100.5196,13.83844],[100.52145,13.83843],[100.52144,13.83752],[100.51959,13.83753],[100.51959,13.83663],[100.51866,13.83664],[100.51866,13.83573],[100.51773,13.83574],[100.51773,13.83483],[100.51958,13.83482],[100.51957,13.83392],[100.52142,13.83391],[100.52141,13.833],[100.52234,13.833],[100.52235,13.8339],[100.52327,13.83389],[100.52328,13.8357],[100.52606,13.83569],[100.52606,13.83659],[100.52699,13.83658],[100.52698,13.83568],[100.52791,13.83567],[100.5279,13.83477],[100.52975,13.83476],[100.52975,13.83385],[100.53067,13.83385],[100.53068,13.83475],[100.5316,13.83475],[100.53158,13.83113],[100.5325,13.83113],[100.53251,13.83293],[100.53344,13.83293],[100.53343,13.83202],[100.53436,13.83202],[100.53435,13.83111],[100.5362,13.8311],[100.5362,13.8302],[100.53527,13.8302],[100.53525,13.82749],[100.53433,13.8275],[100.53433,13.8284],[100.53156,13.82842],[100.53155,13.82752],[100.53063,13.82752],[100.53063,13.82843],[100.52786,13.82844],[100.52784,13.82483],[100.52969,13.82482],[100.52968,13.82391],[100.53153,13.8239],[100.53152,13.82209],[100.53337,13.82208],[100.53337,13.82298],[100.5343,13.82298],[100.53431,13.82479],[100.53709,13.82477],[100.53709,13.82567],[100.53894,13.82566],[100.53893,13.82385],[100.53801,13.82386],[100.538,13.82296],[100.53892,13.82295],[100.53892,13.82205],[100.53984,13.82204],[100.53984,13.82114],[100.53706,13.82115],[100.53704,13.81754],[100.53796,13.81753],[100.53796,13.81663],[100.53703,13.81663],[100.53703,13.81573],[100.5361,13.81574],[100.5361,13.81483],[100.53517,13.81484],[100.53518,13.81574],[100.5324,13.81576],[100.53241,13.81666],[100.53148,13.81667],[100.53148,13.81577],[100.53055,13.81577],[100.53055,13.81487],[100.52962,13.81487],[100.52962,13.81397],[100.52869,13.81397],[100.52868,13.81217],[100.5296,13.81216],[100.5296,13.81126],[100.53052,13.81125],[100.53052,13.81035],[100.53237,13.81034],[100.53238,13.81214],[100.5333,13.81214],[100.53331,13.81304],[100.53608,13.81302],[100.53608,13.81212],[100.537,13.81211],[100.53699,13.81031],[100.53977,13.81029],[100.53977,13.81119],[100.54162,13.81118],[100.54163,13.81299],[100.54256,13.81298],[100.54255,13.81208],[100.54348,13.81207],[100.54347,13.81117],[100.54255,13.81118],[100.54254,13.81027],[100.54162,13.81028],[100.5416,13.80847],[100.54253,13.80846],[100.54252,13.80666],[100.54159,13.80666],[100.54158,13.80485],[100.54066,13.80486],[100.54064,13.80305],[100.53972,13.80306],[100.53974,13.80577],[100.53696,13.80579],[100.53697,13.80669],[100.53604,13.8067],[100.53605,13.80851],[100.53513,13.80851],[100.53514,13.80941],[100.53329,13.80943],[100.53327,13.80762],[100.53235,13.80762],[100.53234,13.80672],[100.53142,13.80673],[100.53142,13.80763],[100.5305,13.80764],[100.53049,13.80673],[100.52957,13.80674],[100.52956,13.80583],[100.53049,13.80583],[100.53048,13.80402],[100.5314,13.80401],[100.53139,13.80311],[100.53232,13.8031],[100.53229,13.79859],[100.53044,13.7986],[100.53045,13.7995],[100.52675,13.79952],[100.52678,13.80404],[100.52493,13.80405],[100.52493,13.80496],[100.52586,13.80495],[100.52586,13.80586],[100.52679,13.80585],[100.5268,13.80766],[100.52495,13.80767],[100.52496,13.80857],[100.52311,13.80859],[100.5231,13.80768],[100.52217,13.80769],[100.52218,13.80859],[100.52126,13.8086],[100.52125,13.80769],[100.52033,13.8077],[100.52032,13.8068],[100.51939,13.8068],[100.51939,13.8059],[100.52031,13.80589],[100.52031,13.80499],[100.52308,13.80497],[100.52308,13.80407],[100.524,13.80406],[100.52399,13.80225],[100.52491,13.80225],[100.52491,13.80134],[100.52583,13.80134],[100.52583,13.80043],[100.52398,13.80044],[100.52397,13.79954],[100.52212,13.79955],[100.52212,13.79865],[100.52027,13.79866],[100.52028,13.80047],[100.51843,13.80048],[100.51843,13.80138],[100.51936,13.80138],[100.51937,13.80228],[100.51844,13.80229],[100.51845,13.80319],[100.51937,13.80319],[100.51938,13.80409],[100.51845,13.80409],[100.51849,13.80952],[100.52034,13.80951],[100.52034,13.81041],[100.52127,13.8104],[100.52127,13.81131],[100.5222,13.8113],[100.52219,13.8104],[100.52312,13.81039],[100.52311,13.80949],[100.52589,13.80947],[100.52589,13.81038],[100.52497,13.81038],[100.52498,13.81219],[100.52683,13.81218],[100.52685,13.81489],[100.52592,13.8149],[100.52594,13.81761],[100.52501,13.81761],[100.52503,13.81942],[100.5241,13.81943],[100.52411,13.82123],[100.52504,13.82123],[100.52504,13.82213],[100.52689,13.82212],[100.5269,13.82302],[100.52782,13.82302],[100.52783,13.82392],[100.52506,13.82394],[100.52505,13.82304],[100.52227,13.82305],[100.52229,13.82486],[100.52321,13.82486],[100.52322,13.82666],[100.52415,13.82666],[100.52415,13.82756],[100.52323,13.82757],[100.52324,13.82938],[100.52232,13.82938],[100.52231,13.82848],[100.52046,13.82849],[100.52047,13.82939],[100.51954,13.8294],[100.51955,13.8303],[100.5214,13.83029],[100.5214,13.83119],[100.52048,13.8312],[100.52048,13.8321],[100.51956,13.83211],[100.51956,13.83301],[100.51864,13.83302],[100.51865,13.83392],[100.51772,13.83393],[100.51771,13.83212],[100.51678,13.83213],[100.51679,13.83303],[100.51401,13.83305],[100.51403,13.83486],[100.51125,13.83487],[100.51125,13.83397],[100.51032,13.83397],[100.51033,13.83578],[100.50941,13.83579]],[[100.50951,13.85115],[100.51043,13.85115],[100.51044,13.85205],[100.50951,13.85206],[100.50951,13.85115]],[[100.51509,13.85564],[100.5151,13.85745],[100.51325,13.85746],[100.51324,13.85656],[100.51417,13.85655],[100.51416,13.85565],[100.51509,13.85564]],[[100.5187,13.84296],[100.5187,13.84206],[100.51962,13.84205],[100.51963,13.84296],[100.5187,13.84296]],[[100.51871,13.84387],[100.51593,13.84388],[100.51593,13.84298],[100.5187,13.84296],[100.51871,13.84387]],[[100.53976,13.80939],[100.54068,13.80938],[100.54069,13.81028],[100.53977,13.81029],[100.53976,13.80939]],[[100.53697,13.80669],[100.53882,13.80668],[100.53882,13.80758],[100.53697,13.8076],[100.53697,13.80669]],[[100.52595,13.81942],[100.52596,13.82032],[100.52503,13.82032],[100.52503,13.81942],[100.52595,13.81942]],[[100.51041,13.84753],[100.5104,13.84663],[100.51133,13.84662],[100.51133,13.84753],[100.51041,13.84753]],[[100.52973,13.83205],[100.53066,13.83204],[100.53066,13.83294],[100.52974,13.83295],[100.52973,13.83205]],[[100.53884,13.80939],[100.53791,13.8094],[100.5379,13.80849],[100.53883,13.80849],[100.53884,13.80939]]],[[[100.5085,13.83941],[100.5085,13.83851],[100.50757,13.83851],[100.50758,13.83942],[100.5085,13.83941]]],[[[100.50576,13.84395],[100.50668,13.84394],[100.50668,13.84304],[100.50575,13.84304],[100.50576,13.84395]]],[[[100.50586,13.85931],[100.50678,13.85931],[100.50678,13.8584],[100.50585,13.85841],[100.50586,13.85931]]],[[[100.50773,13.86292],[100.50866,13.86291],[100.50865,13.86201],[100.50773,13.86201],[100.50773,13.86292]]],[[[100.50588,13.86293],[100.50589,13.86383],[100.50681,13.86383],[100.50681,13.86292],[100.50588,13.86293]]],[[[100.50774,13.86472],[100.50774,13.86382],[100.50681,13.86383],[100.50682,13.86473],[100.50774,13.86472]]],[[[100.50959,13.86471],[100.50959,13.86381],[100.50866,13.86381],[100.50867,13.86472],[100.50959,13.86471]]],[[[100.5096,13.86562],[100.51052,13.86561],[100.51052,13.86471],[100.50959,13.86471],[100.5096,13.86562]]],[[[100.50968,13.87737],[100.50969,13.87918],[100.51154,13.87916],[100.51155,13.88188],[100.51248,13.88187],[100.51247,13.88097],[100.5134,13.88096],[100.51339,13.88006],[100.51432,13.88005],[100.51431,13.87915],[100.51524,13.87914],[100.51525,13.88095],[100.5171,13.88094],[100.51709,13.88003],[100.51617,13.88004],[100.51616,13.87914],[100.51709,13.87913],[100.51708,13.87823],[100.51893,13.87821],[100.51893,13.87731],[100.51985,13.8773],[100.51987,13.88002],[100.5208,13.88001],[100.52079,13.87911],[100.52171,13.8791],[100.5217,13.87729],[100.52263,13.87729],[100.52262,13.87638],[100.52355,13.87638],[100.52354,13.87547],[100.52447,13.87547],[100.52445,13.87276],[100.5263,13.87274],[100.52629,13.87184],[100.52537,13.87185],[100.52536,13.87094],[100.52351,13.87095],[100.52351,13.87005],[100.52258,13.87006],[100.52257,13.86915],[100.5235,13.86915],[100.52349,13.86824],[100.52442,13.86824],[100.52441,13.86733],[100.52349,13.86734],[100.52348,13.86643],[100.52441,13.86643],[100.52439,13.86372],[100.52531,13.86371],[100.52531,13.86281],[100.52438,13.86281],[100.52438,13.86191],[100.52253,13.86192],[100.52255,13.86554],[100.5207,13.86555],[100.52072,13.86826],[100.52164,13.86825],[100.52166,13.87006],[100.52073,13.87007],[100.52074,13.87097],[100.52166,13.87097],[100.52167,13.87187],[100.51612,13.8719],[100.5161,13.8701],[100.51518,13.8701],[100.51517,13.8692],[100.51425,13.8692],[100.51424,13.8683],[100.51332,13.86831],[100.51332,13.86921],[100.5124,13.86922],[100.51241,13.87102],[100.51333,13.87102],[100.51334,13.87192],[100.51242,13.87193],[100.51243,13.87464],[100.51058,13.87465],[100.5106,13.87736],[100.50968,13.87737]],[[100.5217,13.87639],[100.52169,13.87549],[100.52262,13.87548],[100.52262,13.87638],[100.5217,13.87639]]],[[[100.50604,13.88733],[100.50606,13.89004],[100.50698,13.89004],[100.50699,13.89094],[100.50884,13.89093],[100.50883,13.89003],[100.50976,13.89002],[100.50975,13.88912],[100.5116,13.88911],[100.51161,13.89091],[100.51254,13.89091],[100.51253,13.89],[100.51346,13.89],[100.51346,13.8909],[100.51439,13.8909],[100.5144,13.8918],[100.51532,13.8918],[100.51531,13.89089],[100.51624,13.89089],[100.51622,13.88817],[100.51807,13.88816],[100.51807,13.88726],[100.51899,13.88725],[100.51898,13.88545],[100.5162,13.88546],[100.51621,13.88637],[100.51529,13.88637],[100.51526,13.88276],[100.51619,13.88275],[100.51618,13.88185],[100.51341,13.88186],[100.51342,13.88367],[100.51249,13.88368],[100.51249,13.88277],[100.51156,13.88278],[100.51155,13.88188],[100.50878,13.88189],[100.5088,13.8846],[100.50695,13.88462],[100.50696,13.88733],[100.50604,13.88733]]],[[[100.50985,13.90448],[100.50984,13.90358],[100.50799,13.90359],[100.508,13.9045],[100.50985,13.90448]]],[[[100.50616,13.90631],[100.50616,13.90541],[100.50523,13.90542],[100.50524,13.90632],[100.50616,13.90631]]],[[[100.51079,13.90629],[100.51078,13.90538],[100.50986,13.90539],[100.50986,13.90629],[100.51079,13.90629]]],[[[100.50709,13.90631],[100.50801,13.9063],[100.50801,13.9054],[100.50708,13.90541],[100.50709,13.90631]]],[[[100.51141,13.71555],[100.51233,13.71555],[100.51233,13.71464],[100.5151,13.71463],[100.5151,13.71372],[100.51602,13.71372],[100.51601,13.71281],[100.51694,13.71281],[100.51693,13.7119],[100.51601,13.71191],[100.516,13.711],[100.51415,13.71102],[100.51415,13.71011],[100.51137,13.71013],[100.51137,13.70923],[100.51044,13.70923],[100.51047,13.71285],[100.51139,13.71284],[100.5114,13.71374],[100.51047,13.71375],[100.51048,13.71465],[100.5114,13.71465],[100.51141,13.71555]]],[[[100.51234,13.71645],[100.51326,13.71645],[100.51326,13.71554],[100.51233,13.71555],[100.51234,13.71645]]],[[[100.51328,13.71916],[100.51143,13.71917],[100.51144,13.72007],[100.51329,13.72006],[100.51328,13.71916]]],[[[100.51422,13.72096],[100.51421,13.72006],[100.51329,13.72006],[100.51329,13.72096],[100.51422,13.72096]]],[[[100.51518,13.72638],[100.51519,13.72818],[100.51426,13.72819],[100.51427,13.72909],[100.51334,13.7291],[100.51336,13.73091],[100.51243,13.73091],[100.51244,13.73182],[100.51151,13.73182],[100.51152,13.73363],[100.5106,13.73364],[100.51061,13.73454],[100.5143,13.73452],[100.51431,13.73542],[100.51523,13.73542],[100.51523,13.73451],[100.51615,13.73451],[100.51616,13.73541],[100.51708,13.7354],[100.51709,13.73631],[100.51894,13.7363],[100.51896,13.73901],[100.51803,13.73901],[100.51804,13.73992],[100.51711,13.73992],[100.51714,13.74444],[100.51807,13.74444],[100.51808,13.74715],[100.51901,13.74714],[100.51901,13.74805],[100.51809,13.74805],[100.5181,13.74896],[100.51995,13.74895],[100.51995,13.74985],[100.52088,13.74984],[100.52088,13.75075],[100.52181,13.75074],[100.52179,13.74893],[100.52272,13.74893],[100.52273,13.74983],[100.52365,13.74983],[100.52364,13.74892],[100.52457,13.74892],[100.52456,13.74801],[100.52364,13.74802],[100.52362,13.74531],[100.52639,13.74529],[100.52639,13.74439],[100.52546,13.74439],[100.52546,13.74349],[100.52638,13.74348],[100.52638,13.74258],[100.5273,13.74257],[100.52729,13.74077],[100.52637,13.74077],[100.52636,13.73987],[100.52543,13.73987],[100.52544,13.74078],[100.52452,13.74078],[100.52452,13.74169],[100.5236,13.74169],[100.52361,13.7435],[100.52268,13.74351],[100.52269,13.74441],[100.52177,13.74441],[100.52177,13.74532],[100.52085,13.74532],[100.52085,13.74623],[100.519,13.74624],[100.519,13.74534],[100.51992,13.74533],[100.51992,13.74443],[100.52084,13.74442],[100.52083,13.74261],[100.52175,13.74261],[100.52175,13.7417],[100.52267,13.7417],[100.52266,13.73989],[100.52451,13.73988],[100.5245,13.73807],[100.52172,13.73809],[100.52171,13.73628],[100.52079,13.73629],[100.52079,13.73719],[100.51987,13.7372],[100.51985,13.73358],[100.52077,13.73357],[100.52076,13.73177],[100.51891,13.73178],[100.5189,13.73087],[100.51983,13.73087],[100.51982,13.72996],[100.52075,13.72996],[100.52074,13.72905],[100.51889,13.72907],[100.51889,13.72816],[100.51796,13.72817],[100.51797,13.72907],[100.51612,13.72908],[100.51611,13.72727],[100.51703,13.72727],[100.51701,13.72456],[100.51516,13.72457],[100.51515,13.72276],[100.5133,13.72277],[100.51331,13.72368],[100.51423,13.72367],[100.51424,13.72457],[100.51332,13.72458],[100.51332,13.72548],[100.51425,13.72548],[100.51425,13.72638],[100.51518,13.72638]],[[100.51798,13.73088],[100.51799,13.73178],[100.51706,13.73179],[100.51705,13.73088],[100.51798,13.73088]]],[[[100.51348,13.74989],[100.5144,13.74988],[100.5144,13.74898],[100.51532,13.74897],[100.51532,13.74807],[100.51624,13.74806],[100.51623,13.74626],[100.5153,13.74626],[100.5153,13.74536],[100.5116,13.74538],[100.51161,13.74719],[100.51069,13.74719],[100.5107,13.749],[100.51162,13.749],[100.51163,13.7508],[100.51348,13.75079],[100.51348,13.74989]]],[[[100.5107,13.74991],[100.5107,13.749],[100.50977,13.74901],[100.50978,13.74991],[100.5107,13.74991]]],[[[100.51329,13.86469],[100.5133,13.86559],[100.51422,13.86559],[100.51424,13.8683],[100.51517,13.86829],[100.51517,13.8692],[100.5161,13.86919],[100.51608,13.86648],[100.51701,13.86647],[100.517,13.86557],[100.51793,13.86557],[100.51792,13.86466],[100.51699,13.86467],[100.51699,13.86376],[100.51606,13.86377],[100.51605,13.86196],[100.51513,13.86197],[100.51512,13.86106],[100.51235,13.86108],[100.51236,13.86289],[100.51143,13.86289],[100.51144,13.8638],[100.51051,13.8638],[100.51052,13.86471],[100.51329,13.86469]]],[[[100.51257,13.89543],[100.51349,13.89542],[100.51349,13.89452],[100.51256,13.89452],[100.51257,13.89543]]],[[[100.51358,13.90898],[100.51451,13.90897],[100.5145,13.90807],[100.51358,13.90808],[100.51358,13.90898]]],[[[100.52064,13.71369],[100.52065,13.71459],[100.52157,13.71459],[100.52158,13.71549],[100.5225,13.71548],[100.5225,13.71458],[100.52342,13.71457],[100.52342,13.71367],[100.52434,13.71367],[100.52433,13.71276],[100.52341,13.71277],[100.5234,13.71186],[100.52248,13.71187],[100.52247,13.71096],[100.52155,13.71097],[100.52154,13.71007],[100.52062,13.71007],[100.52063,13.71098],[100.51785,13.71099],[100.51786,13.7128],[100.51971,13.71279],[100.51972,13.71369],[100.52064,13.71369]]],[[[100.51787,13.71371],[100.51786,13.7128],[100.51694,13.71281],[100.51694,13.71371],[100.51787,13.71371]]],[[[100.51607,13.72185],[100.51515,13.72186],[100.51515,13.72276],[100.51608,13.72276],[100.51607,13.72185]]],[[[100.52074,13.72815],[100.52166,13.72814],[100.52165,13.72634],[100.52072,13.72634],[100.52072,13.72544],[100.51979,13.72544],[100.5198,13.72635],[100.51795,13.72636],[100.51796,13.72726],[100.52073,13.72725],[100.52074,13.72815]]],[[[100.51696,13.85924],[100.51788,13.85924],[100.51788,13.85833],[100.51695,13.85834],[100.51696,13.85924]]],[[[100.52346,13.7209],[100.52346,13.72],[100.52253,13.72],[100.52254,13.72091],[100.52346,13.7209]]],[[[100.52539,13.73264],[100.52538,13.73174],[100.52353,13.73175],[100.52352,13.72994],[100.5226,13.72995],[100.52258,13.72814],[100.52166,13.72814],[100.52167,13.72995],[100.52075,13.72996],[100.52075,13.73086],[100.52168,13.73086],[100.52168,13.73176],[100.52261,13.73175],[100.52261,13.73266],[100.52539,13.73264]]],[[[100.52366,13.75163],[100.52181,13.75165],[100.52182,13.75345],[100.52275,13.75345],[100.52277,13.75706],[100.5237,13.75706],[100.5237,13.75796],[100.52463,13.75796],[100.52462,13.75615],[100.52554,13.75614],[100.52552,13.75343],[100.52645,13.75343],[100.52644,13.75252],[100.52459,13.75253],[100.52458,13.75073],[100.52366,13.75073],[100.52366,13.75163]]],[[[100.52143,13.83571],[100.52236,13.83571],[100.52235,13.8348],[100.52143,13.83481],[100.52143,13.83571]]],[[[100.52236,13.83661],[100.52329,13.83661],[100.52328,13.8357],[100.52236,13.83571],[100.52236,13.83661]]],[[[100.52433,13.85468],[100.52341,13.85468],[100.5234,13.85378],[100.52247,13.85379],[100.52248,13.85469],[100.52156,13.8547],[100.52156,13.8556],[100.52341,13.85559],[100.52342,13.85649],[100.52527,13.85648],[100.52526,13.85558],[100.52434,13.85558],[100.52433,13.85468]]],[[[100.52373,13.9044],[100.52466,13.90439],[100.52465,13.90349],[100.5265,13.90348],[100.52651,13.90438],[100.52558,13.90439],[100.52559,13.90619],[100.52467,13.9062],[100.52468,13.90801],[100.52375,13.90801],[100.52376,13.90892],[100.52469,13.90891],[100.5247,13.91072],[100.52655,13.91071],[100.52654,13.9098],[100.52747,13.9098],[100.52748,13.91161],[100.5284,13.9116],[100.52841,13.9125],[100.53119,13.91249],[100.53118,13.91158],[100.53211,13.91158],[100.5321,13.91067],[100.53302,13.91067],[100.53301,13.90886],[100.53394,13.90885],[100.53393,13.90795],[100.53578,13.90794],[100.53578,13.90703],[100.5367,13.90703],[100.53672,13.90974],[100.53579,13.90975],[100.5358,13.91065],[100.53488,13.91066],[100.53489,13.91246],[100.53674,13.91245],[100.53674,13.91336],[100.53859,13.91334],[100.53861,13.91515],[100.53953,13.91515],[100.53953,13.91424],[100.54045,13.91424],[100.54044,13.91243],[100.54136,13.91242],[100.54136,13.91152],[100.54228,13.91151],[100.54225,13.90699],[100.54318,13.90699],[100.5432,13.9097],[100.54412,13.90969],[100.54409,13.90517],[100.54594,13.90516],[100.54594,13.90426],[100.54686,13.90425],[100.54686,13.90335],[100.54593,13.90335],[100.54593,13.90245],[100.545,13.90246],[100.54501,13.90336],[100.54408,13.90337],[100.54409,13.90427],[100.54316,13.90428],[100.54314,13.90156],[100.54407,13.90156],[100.54406,13.90065],[100.53851,13.90069],[100.53852,13.9025],[100.5376,13.9025],[100.5376,13.90341],[100.53853,13.9034],[100.53854,13.90521],[100.53762,13.90521],[100.53762,13.90612],[100.53392,13.90614],[100.53391,13.90524],[100.53114,13.90526],[100.53113,13.90435],[100.53021,13.90436],[100.5302,13.90345],[100.53113,13.90345],[100.53111,13.90164],[100.53204,13.90163],[100.53203,13.90073],[100.53388,13.90072],[100.53388,13.89981],[100.5348,13.89981],[100.5348,13.89891],[100.53665,13.89889],[100.53666,13.9007],[100.53759,13.9007],[100.53758,13.89979],[100.53943,13.89978],[100.53942,13.89797],[100.53849,13.89798],[100.53849,13.89707],[100.53664,13.89709],[100.53664,13.89799],[100.53387,13.89801],[100.53387,13.89891],[100.53202,13.89892],[100.53203,13.89983],[100.5311,13.89983],[100.53107,13.89531],[100.53015,13.89532],[100.53015,13.89622],[100.52923,13.89623],[100.52923,13.89713],[100.52831,13.89714],[100.5283,13.89623],[100.52645,13.89625],[100.52646,13.89715],[100.52738,13.89714],[100.52739,13.89805],[100.52646,13.89805],[100.52647,13.89896],[100.52555,13.89896],[100.52555,13.89987],[100.52463,13.89987],[100.52462,13.89897],[100.52277,13.89898],[100.52279,13.90169],[100.52186,13.9017],[100.52187,13.90351],[100.52372,13.90349],[100.52373,13.9044]],[[100.54316,13.90428],[100.54317,13.90608],[100.54225,13.90609],[100.54224,13.90519],[100.54132,13.90519],[100.54131,13.90429],[100.54316,13.90428]],[[100.54039,13.90429],[100.54038,13.90339],[100.5413,13.90338],[100.54131,13.90429],[100.54039,13.90429]],[[100.5413,13.90248],[100.54222,13.90247],[100.54223,13.90338],[100.5413,13.90338],[100.5413,13.90248]],[[100.52925,13.89894],[100.52924,13.89804],[100.53017,13.89803],[100.53017,13.89893],[100.52925,13.89894]],[[100.52744,13.90528],[100.52746,13.90889],[100.52561,13.90891],[100.5256,13.908],[100.52653,13.908],[100.52651,13.90528],[100.52744,13.90528]],[[100.52836,13.90527],[100.52929,13.90527],[100.5293,13.90707],[100.52837,13.90708],[100.52836,13.90527]],[[100.52741,13.90076],[100.5274,13.89986],[100.52833,13.89985],[100.52833,13.90075],[100.52741,13.90076]],[[100.52836,13.90437],[100.52743,13.90437],[100.52743,13.90347],[100.52835,13.90347],[100.52836,13.90437]],[[100.5404,13.9061],[100.5404,13.907],[100.54133,13.907],[100.54134,13.90881],[100.54042,13.90881],[100.54042,13.90972],[100.5395,13.90972],[100.53949,13.90882],[100.53764,13.90883],[100.53763,13.90702],[100.53948,13.90701],[100.53947,13.90611],[100.5404,13.9061]]],[[[100.52375,13.90711],[100.52374,13.90621],[100.52282,13.90621],[100.52282,13.90712],[100.52375,13.90711]]],[[[100.52804,13.71455],[100.52805,13.71545],[100.52898,13.71544],[100.52898,13.71635],[100.52991,13.71634],[100.5299,13.71544],[100.53082,13.71543],[100.53083,13.71634],[100.5336,13.71632],[100.53362,13.71903],[100.53455,13.71903],[100.53456,13.72174],[100.53919,13.72171],[100.53918,13.7208],[100.53826,13.72081],[100.53825,13.71991],[100.5364,13.71992],[100.53637,13.7154],[100.53545,13.7154],[100.53544,13.7136],[100.53081,13.71363],[100.53082,13.71453],[100.52897,13.71454],[100.52896,13.71364],[100.52989,13.71363],[100.52988,13.71273],[100.52896,13.71273],[100.52895,13.71183],[100.52618,13.71185],[100.52618,13.71275],[100.52526,13.71276],[100.52527,13.71456],[100.52804,13.71455]],[[100.53545,13.71631],[100.53453,13.71631],[100.53452,13.71541],[100.53545,13.7154],[100.53545,13.71631]]],[[[100.52632,13.73354],[100.52631,13.73264],[100.52539,13.73264],[100.52539,13.73355],[100.52632,13.73354]]],[[[100.53189,13.73712],[100.53281,13.73712],[100.53281,13.73621],[100.53096,13.73622],[100.53095,13.73532],[100.52818,13.73534],[100.52817,13.73443],[100.52632,13.73444],[100.52634,13.73716],[100.53097,13.73713],[100.53097,13.73803],[100.5319,13.73802],[100.53189,13.73712]]],[[[100.52542,13.73806],[100.52635,13.73806],[100.52634,13.73716],[100.52542,13.73716],[100.52542,13.73806]]],[[[100.52735,13.75071],[100.52735,13.7498],[100.52642,13.74981],[100.52643,13.75071],[100.52735,13.75071]]],[[[100.52646,13.75614],[100.52554,13.75614],[100.52555,13.75795],[100.52648,13.75794],[100.52646,13.75614]]],[[[100.52742,13.76155],[100.52835,13.76155],[100.52836,13.76245],[100.52928,13.76245],[100.52927,13.76154],[100.53112,13.76153],[100.53112,13.76063],[100.52927,13.76064],[100.52926,13.75883],[100.53018,13.75883],[100.53018,13.75792],[100.52833,13.75793],[100.52833,13.75884],[100.52741,13.75884],[100.52741,13.75975],[100.52556,13.75976],[100.52557,13.76066],[100.52464,13.76067],[100.52466,13.76248],[100.52743,13.76246],[100.52742,13.76155]]],[[[100.52648,13.75794],[100.52648,13.75885],[100.52741,13.75884],[100.5274,13.75794],[100.52648,13.75794]]],[[[100.52745,13.76607],[100.53023,13.76606],[100.53025,13.76877],[100.5321,13.76876],[100.5321,13.76966],[100.53303,13.76966],[100.53303,13.77056],[100.53488,13.77055],[100.53486,13.76693],[100.53578,13.76693],[100.53577,13.76512],[100.533,13.76514],[100.53299,13.76423],[100.53207,13.76424],[100.53205,13.76243],[100.53298,13.76242],[100.53297,13.76062],[100.53204,13.76062],[100.53205,13.76153],[100.53112,13.76153],[100.53114,13.76334],[100.53021,13.76335],[100.53022,13.76425],[100.52837,13.76426],[100.52837,13.76516],[100.52745,13.76517],[100.52745,13.76607]]],[[[100.52712,13.85737],[100.52712,13.85647],[100.52619,13.85647],[100.5262,13.85738],[100.52712,13.85737]]],[[[100.52807,13.86008],[100.52806,13.85917],[100.52714,13.85918],[100.52714,13.86008],[100.52807,13.86008]]],[[[100.52714,13.86008],[100.52622,13.86009],[100.52622,13.86099],[100.52715,13.86099],[100.52714,13.86008]]],[[[100.5253,13.8619],[100.52623,13.8619],[100.52622,13.86099],[100.5253,13.861],[100.5253,13.8619]]],[[[100.53364,13.72265],[100.53457,13.72264],[100.53456,13.72174],[100.53364,13.72174],[100.53364,13.72265]]],[[[100.53459,13.72626],[100.53552,13.72625],[100.53551,13.72535],[100.53459,13.72535],[100.53459,13.72626]]],[[[100.53002,13.73442],[100.53002,13.73352],[100.52909,13.73352],[100.5291,13.73443],[100.53002,13.73442]]],[[[100.53192,13.74164],[100.53469,13.74162],[100.53469,13.74072],[100.53561,13.74071],[100.53561,13.73981],[100.53653,13.7398],[100.53651,13.73619],[100.53558,13.73619],[100.53559,13.738],[100.53374,13.73801],[100.53376,13.74072],[100.53191,13.74074],[100.53192,13.74164]]],[[[100.53932,13.7425],[100.5393,13.73979],[100.53838,13.73979],[100.53839,13.7416],[100.53654,13.74161],[100.53654,13.74071],[100.53561,13.74071],[100.53562,13.74252],[100.53932,13.7425]]],[[[100.53197,13.74887],[100.53196,13.74797],[100.53104,13.74797],[100.53104,13.74888],[100.53197,13.74887]]],[[[100.53567,13.74975],[100.5366,13.74975],[100.53659,13.74884],[100.53566,13.74885],[100.53567,13.74975]]],[[[100.53296,13.75971],[100.53389,13.75971],[100.53388,13.7588],[100.53296,13.75881],[100.53296,13.75971]]],[[[100.53204,13.76062],[100.53204,13.75972],[100.53111,13.75972],[100.53112,13.76063],[100.53204,13.76062]]],[[[100.5369,13.79675],[100.53689,13.79494],[100.53504,13.79495],[100.53505,13.79586],[100.53597,13.79585],[100.53598,13.79675],[100.5369,13.79675]]],[[[100.536,13.79947],[100.53507,13.79947],[100.53508,13.80038],[100.53693,13.80036],[100.53694,13.80217],[100.53786,13.80217],[100.53786,13.80126],[100.53878,13.80126],[100.53878,13.80035],[100.5397,13.80035],[100.53971,13.80125],[100.54063,13.80125],[100.54062,13.79944],[100.53877,13.79945],[100.53876,13.79854],[100.53784,13.79855],[100.53783,13.79765],[100.53506,13.79766],[100.53506,13.79857],[100.53599,13.79856],[100.536,13.79947]]],[[[100.53229,13.79859],[100.53321,13.79858],[100.53321,13.79768],[100.53228,13.79768],[100.53229,13.79859]]],[[[100.53511,13.8058],[100.53604,13.80579],[100.53603,13.80489],[100.53511,13.8049],[100.53511,13.8058]]],[[[100.53432,13.82659],[100.53617,13.82658],[100.53617,13.82568],[100.53432,13.82569],[100.53432,13.82659]]],[[[100.53675,13.91426],[100.53674,13.91336],[100.53582,13.91336],[100.53582,13.91427],[100.53675,13.91426]]],[[[100.5438,13.71987],[100.53917,13.7199],[100.53918,13.7208],[100.54011,13.7208],[100.54011,13.7217],[100.54104,13.7217],[100.54104,13.7226],[100.54197,13.7226],[100.54196,13.72169],[100.54288,13.72169],[100.5429,13.72349],[100.54197,13.7235],[100.54198,13.72531],[100.54291,13.7253],[100.5429,13.7244],[100.54475,13.72439],[100.54475,13.72348],[100.54567,13.72348],[100.54565,13.72076],[100.54658,13.72076],[100.54656,13.71805],[100.54286,13.71807],[100.54287,13.71897],[100.54379,13.71897],[100.5438,13.71987]]],[[[100.53919,13.72261],[100.54012,13.72261],[100.54011,13.7217],[100.53919,13.72171],[100.53919,13.72261]]],[[[100.54012,13.72351],[100.54105,13.7235],[100.54104,13.7226],[100.54012,13.72261],[100.54012,13.72351]]],[[[100.53648,13.73257],[100.53741,13.73257],[100.5374,13.73166],[100.53648,13.73167],[100.53648,13.73257]]],[[[100.54483,13.73614],[100.54482,13.73523],[100.54575,13.73523],[100.54574,13.73432],[100.54297,13.73434],[100.54297,13.73524],[100.5439,13.73524],[100.5439,13.73614],[100.54483,13.73614]]],[[[100.54114,13.73706],[100.54206,13.73706],[100.54205,13.73615],[100.54113,13.73616],[100.54114,13.73706]]],[[[100.54303,13.74428],[100.54211,13.74429],[100.54212,13.7461],[100.54304,13.74609],[100.54303,13.74428]]],[[[100.53753,13.75064],[100.53752,13.74974],[100.5366,13.74975],[100.5366,13.75065],[100.53753,13.75064]]],[[[100.54402,13.75422],[100.54403,13.75603],[100.54496,13.75602],[100.54496,13.75693],[100.54404,13.75693],[100.54406,13.75964],[100.54498,13.75964],[100.54499,13.76054],[100.54591,13.76054],[100.54593,13.76325],[100.54408,13.76326],[100.54409,13.76416],[100.54224,13.76417],[100.54225,13.76598],[100.54317,13.76598],[100.5432,13.76959],[100.54227,13.7696],[100.54228,13.7705],[100.5432,13.7705],[100.54321,13.7714],[100.54414,13.77139],[100.54414,13.7723],[100.54507,13.77229],[100.54506,13.77139],[100.54783,13.77137],[100.54785,13.77318],[100.54692,13.77318],[100.54693,13.77409],[100.54785,13.77408],[100.54786,13.77499],[100.54971,13.77497],[100.5497,13.77407],[100.54878,13.77408],[100.54876,13.77227],[100.54969,13.77226],[100.54968,13.77136],[100.54876,13.77136],[100.54875,13.77046],[100.5469,13.77047],[100.5469,13.76957],[100.54505,13.76958],[100.54504,13.76868],[100.54412,13.76868],[100.54411,13.76778],[100.54504,13.76777],[100.54502,13.76506],[100.54594,13.76505],[100.54594,13.76415],[100.54686,13.76415],[100.54685,13.76234],[100.54777,13.76233],[100.54777,13.76143],[100.54684,13.76143],[100.54684,13.76053],[100.54776,13.76052],[100.54776,13.75962],[100.54961,13.75961],[100.54959,13.7578],[100.54774,13.75781],[100.54774,13.75691],[100.54681,13.75691],[100.54681,13.75601],[100.54958,13.75599],[100.54957,13.75418],[100.55142,13.75417],[100.55141,13.75327],[100.55234,13.75326],[100.55233,13.75236],[100.55141,13.75237],[100.5514,13.75146],[100.54955,13.75147],[100.54956,13.75238],[100.54863,13.75238],[100.54863,13.75148],[100.54678,13.75149],[100.54678,13.75239],[100.54771,13.75239],[100.54772,13.75329],[100.54587,13.7533],[100.54586,13.7524],[100.54494,13.75241],[100.54493,13.7515],[100.54216,13.75152],[100.54217,13.75333],[100.54309,13.75332],[100.5431,13.75423],[100.54402,13.75422]],[[100.54773,13.7551],[100.54772,13.7542],[100.54865,13.75419],[100.54865,13.75509],[100.54773,13.7551]]],[[[100.54031,13.75244],[100.54124,13.75243],[100.54123,13.75153],[100.54031,13.75153],[100.54031,13.75244]]],[[[100.53858,13.77052],[100.53673,13.77054],[100.53674,13.77144],[100.53766,13.77143],[100.53767,13.77324],[100.5386,13.77324],[100.5386,13.77414],[100.53953,13.77413],[100.53951,13.77142],[100.53859,13.77143],[100.53858,13.77052]]],[[[100.5423,13.77321],[100.54322,13.77321],[100.54322,13.7723],[100.54229,13.77231],[100.5423,13.77321]]],[[[100.53861,13.77504],[100.5386,13.77414],[100.53768,13.77415],[100.53769,13.77505],[100.53861,13.77504]]],[[[100.54325,13.77682],[100.54324,13.77592],[100.54232,13.77592],[100.54232,13.77683],[100.54325,13.77682]]],[[[100.53866,13.78227],[100.53868,13.78499],[100.5396,13.78498],[100.53958,13.78227],[100.54051,13.78226],[100.54049,13.77955],[100.53956,13.77956],[100.53956,13.77865],[100.53863,13.77866],[100.53862,13.77595],[100.53769,13.77595],[100.53771,13.77867],[100.53678,13.77867],[100.53679,13.77957],[100.53864,13.77956],[100.53865,13.78137],[100.53773,13.78138],[100.53773,13.78228],[100.53866,13.78227]]],[[[100.54055,13.78859],[100.54147,13.78858],[100.54149,13.7913],[100.54242,13.79129],[100.5424,13.78948],[100.54425,13.78947],[100.54425,13.78857],[100.54332,13.78857],[100.54332,13.78767],[100.54424,13.78766],[100.54424,13.78676],[100.54239,13.78677],[100.54238,13.78587],[100.54146,13.78587],[100.54145,13.78497],[100.5396,13.78498],[100.53961,13.78588],[100.54053,13.78588],[100.54054,13.78678],[100.53961,13.78679],[100.53962,13.7886],[100.5387,13.7886],[100.5387,13.78951],[100.54055,13.78949],[100.54055,13.78859]]],[[[100.54335,13.79309],[100.54428,13.79309],[100.54427,13.79218],[100.54335,13.79219],[100.54335,13.79309]]],[[[100.53875,13.79583],[100.53967,13.79583],[100.53968,13.79673],[100.5406,13.79673],[100.54059,13.79492],[100.53874,13.79493],[100.53875,13.79583]]],[[[100.54338,13.79671],[100.54336,13.7949],[100.54244,13.79491],[100.54245,13.79671],[100.54338,13.79671]]],[[[100.53783,13.79765],[100.53968,13.79764],[100.53968,13.79673],[100.53783,13.79674],[100.53783,13.79765]]],[[[100.54245,13.79671],[100.5406,13.79673],[100.54061,13.79763],[100.54246,13.79762],[100.54245,13.79671]]],[[[100.54523,13.7976],[100.54338,13.79761],[100.54339,13.79852],[100.54524,13.7985],[100.54523,13.7976]]],[[[100.54156,13.80124],[100.54248,13.80123],[100.54248,13.80033],[100.54155,13.80034],[100.54156,13.80124]]],[[[100.54157,13.80305],[100.54156,13.80124],[100.54063,13.80125],[100.54064,13.80305],[100.54157,13.80305]]],[[[100.54248,13.80123],[100.5425,13.80395],[100.54342,13.80394],[100.54341,13.80123],[100.54248,13.80123]]],[[[100.54343,13.80484],[100.54435,13.80484],[100.54435,13.80393],[100.54342,13.80394],[100.54343,13.80484]]],[[[100.54444,13.81749],[100.54445,13.8193],[100.54538,13.81929],[100.54536,13.81749],[100.54444,13.81749]]],[[[100.54538,13.8202],[100.54353,13.82021],[100.54354,13.82111],[100.54446,13.82111],[100.54447,13.82291],[100.5454,13.82291],[100.54541,13.82472],[100.54634,13.82471],[100.54634,13.82561],[100.54819,13.8256],[100.5482,13.82651],[100.54727,13.82651],[100.54728,13.82742],[100.5482,13.82741],[100.54821,13.82831],[100.54636,13.82833],[100.54637,13.82923],[100.54544,13.82924],[100.54545,13.83104],[100.54638,13.83104],[100.54639,13.83285],[100.54731,13.83284],[100.54731,13.83194],[100.54823,13.83193],[100.54823,13.83103],[100.54915,13.83102],[100.54916,13.83192],[100.55008,13.83192],[100.55009,13.83282],[100.55194,13.83281],[100.55196,13.83643],[100.55104,13.83643],[100.55105,13.83824],[100.55198,13.83823],[100.55198,13.83914],[100.54921,13.83916],[100.54922,13.84187],[100.55015,13.84186],[100.55014,13.84096],[100.55199,13.84095],[100.55201,13.84275],[100.55293,13.84275],[100.55294,13.84365],[100.55386,13.84365],[100.55386,13.84274],[100.55478,13.84274],[100.55477,13.84093],[100.55569,13.84092],[100.5557,13.84183],[100.55662,13.84182],[100.55662,13.84092],[100.55754,13.84091],[100.55754,13.84001],[100.55846,13.84],[100.55847,13.84181],[100.56125,13.84179],[100.56124,13.84089],[100.56217,13.84088],[100.56216,13.83998],[100.56031,13.83999],[100.5603,13.83818],[100.55938,13.83819],[100.55937,13.83728],[100.55844,13.83729],[100.55843,13.83548],[100.55751,13.83549],[100.55749,13.83278],[100.55656,13.83278],[100.55657,13.83369],[100.55565,13.83369],[100.55566,13.8355],[100.55473,13.83551],[100.55472,13.8337],[100.5538,13.8337],[100.5538,13.83461],[100.55288,13.83461],[100.55285,13.831],[100.55193,13.831],[100.55192,13.8292],[100.55099,13.8292],[100.55098,13.8283],[100.55006,13.8283],[100.55005,13.8265],[100.54912,13.8265],[100.54911,13.82469],[100.54819,13.8247],[100.54817,13.82289],[100.54725,13.8229],[100.54724,13.82109],[100.54539,13.8211],[100.54538,13.8202]],[[100.54637,13.83013],[100.5473,13.83013],[100.5473,13.83103],[100.54638,13.83104],[100.54637,13.83013]],[[100.55289,13.83642],[100.55289,13.83732],[100.55197,13.83733],[100.55196,13.83643],[100.55289,13.83642]],[[100.54725,13.8238],[100.54633,13.82381],[100.54632,13.8229],[100.54725,13.8229],[100.54725,13.8238]]],[[[100.54218,13.89615],[100.54403,13.89614],[100.54403,13.89523],[100.54218,13.89524],[100.54217,13.89434],[100.54495,13.89432],[100.54495,13.89523],[100.5468,13.89521],[100.54681,13.89612],[100.54958,13.8961],[100.5496,13.89791],[100.54867,13.89791],[100.54868,13.89972],[100.54776,13.89973],[100.54775,13.89882],[100.54683,13.89883],[100.54684,13.90154],[100.54962,13.90152],[100.54963,13.90243],[100.55148,13.90242],[100.55147,13.90151],[100.5524,13.90151],[100.55239,13.9006],[100.55424,13.90059],[100.55423,13.89969],[100.55516,13.89968],[100.55515,13.89878],[100.5533,13.89879],[100.55331,13.89969],[100.55146,13.8997],[100.55145,13.8988],[100.55238,13.89879],[100.55237,13.89789],[100.55052,13.8979],[100.5505,13.89519],[100.55143,13.89518],[100.55142,13.89338],[100.54957,13.89339],[100.54957,13.89429],[100.54865,13.8943],[100.54864,13.89339],[100.54401,13.89342],[100.54401,13.89252],[100.54216,13.89253],[100.54216,13.89344],[100.54124,13.89344],[100.54126,13.89706],[100.54219,13.89705],[100.54218,13.89615]]],[[[100.54321,13.91151],[100.54322,13.91331],[100.54415,13.91331],[100.54413,13.9115],[100.54321,13.91151]]],[[[100.54508,13.91511],[100.54693,13.9151],[100.54693,13.9142],[100.54508,13.91421],[100.54508,13.91511]]],[[[100.54049,13.91966],[100.54141,13.91965],[100.54142,13.92056],[100.54234,13.92055],[100.54234,13.91965],[100.54326,13.91964],[100.54327,13.92055],[100.54419,13.92054],[100.54418,13.91873],[100.54233,13.91874],[100.54232,13.91694],[100.54047,13.91695],[100.54046,13.91604],[100.53861,13.91606],[100.53865,13.92148],[100.53957,13.92147],[100.53957,13.92057],[100.54049,13.92056],[100.54049,13.91966]]],[[[100.54419,13.92054],[100.5442,13.92144],[100.54328,13.92145],[100.54329,13.92326],[100.54514,13.92325],[100.54514,13.92415],[100.54422,13.92416],[100.54422,13.92506],[100.54237,13.92507],[100.54238,13.92597],[100.54331,13.92597],[100.54331,13.92687],[100.54239,13.92688],[100.54239,13.92778],[100.54609,13.92776],[100.54609,13.92686],[100.54516,13.92686],[100.54516,13.92596],[100.54608,13.92595],[100.54608,13.92505],[100.547,13.92504],[100.54699,13.92323],[100.54976,13.92322],[100.54975,13.92141],[100.55068,13.9214],[100.55066,13.91869],[100.55251,13.91868],[100.55249,13.91597],[100.55342,13.91596],[100.55341,13.91415],[100.55248,13.91416],[100.55249,13.91506],[100.55156,13.91507],[100.55155,13.91326],[100.55247,13.91326],[100.55247,13.91235],[100.55154,13.91236],[100.55154,13.91145],[100.55246,13.91145],[100.55246,13.91054],[100.55338,13.91054],[100.55338,13.90963],[100.5543,13.90963],[100.55429,13.90872],[100.55337,13.90873],[100.55336,13.90783],[100.55244,13.90783],[100.55243,13.90693],[100.55058,13.90694],[100.55059,13.90784],[100.54874,13.90786],[100.54874,13.90876],[100.54689,13.90877],[100.54691,13.91148],[100.54876,13.91147],[100.54877,13.91328],[100.55062,13.91327],[100.55063,13.91417],[100.5497,13.91418],[100.54971,13.91508],[100.55064,13.91508],[100.55064,13.91598],[100.54972,13.91599],[100.54972,13.91689],[100.54695,13.91691],[100.54695,13.91781],[100.54788,13.9178],[100.54788,13.91871],[100.54696,13.91871],[100.54696,13.91962],[100.54511,13.91963],[100.54512,13.92053],[100.54419,13.92054]],[[100.54882,13.92051],[100.5479,13.92052],[100.54789,13.91961],[100.54882,13.91961],[100.54882,13.92051]]],[[[100.55025,13.71622],[100.55026,13.71893],[100.55119,13.71892],[100.5512,13.72073],[100.55212,13.72072],[100.55211,13.71892],[100.55396,13.7189],[100.55396,13.718],[100.55488,13.71799],[100.55487,13.71709],[100.5558,13.71708],[100.55579,13.71618],[100.55487,13.71619],[100.55486,13.71528],[100.55394,13.71529],[100.55393,13.71348],[100.553,13.71349],[100.55301,13.71439],[100.55208,13.7144],[100.55209,13.7162],[100.55025,13.71622]]],[[[100.54841,13.71894],[100.5484,13.71713],[100.54748,13.71714],[100.54749,13.71894],[100.54841,13.71894]]],[[[100.54574,13.73432],[100.54759,13.73431],[100.5476,13.73612],[100.54668,13.73612],[100.54669,13.73793],[100.54761,13.73793],[100.54762,13.73883],[100.54854,13.73882],[100.54854,13.73792],[100.54946,13.73791],[100.54947,13.73882],[100.55132,13.73881],[100.55129,13.73519],[100.54945,13.7352],[100.54944,13.7343],[100.54852,13.73431],[100.5485,13.7325],[100.54943,13.73249],[100.54942,13.73159],[100.5485,13.73159],[100.54849,13.72979],[100.54941,13.72978],[100.5494,13.72797],[100.54755,13.72798],[100.54754,13.72708],[100.54569,13.72709],[100.54572,13.73161],[100.54665,13.73161],[100.54665,13.73251],[100.54573,13.73251],[100.54574,13.73432]]],[[[100.55126,13.72977],[100.55125,13.72886],[100.55033,13.72887],[100.55033,13.72977],[100.55126,13.72977]]],[[[100.55044,13.74604],[100.55047,13.74966],[100.54954,13.74967],[100.54953,13.74786],[100.5486,13.74786],[100.54862,13.74967],[100.54677,13.74968],[100.54677,13.75059],[100.54862,13.75058],[100.54863,13.75148],[100.54955,13.75147],[100.54955,13.75057],[100.55325,13.75055],[100.55326,13.75235],[100.55603,13.75234],[100.55604,13.75324],[100.55696,13.75323],[100.55697,13.75414],[100.55882,13.75413],[100.55883,13.75593],[100.5579,13.75594],[100.5579,13.75504],[100.55697,13.75504],[100.557,13.75866],[100.55885,13.75865],[100.55885,13.75955],[100.55978,13.75954],[100.55977,13.75864],[100.56162,13.75863],[100.56164,13.76134],[100.56256,13.76133],[100.56255,13.75953],[100.56348,13.75952],[100.56347,13.75862],[100.5644,13.75861],[100.56438,13.7568],[100.56253,13.75681],[100.56252,13.75501],[100.56067,13.75502],[100.56067,13.75411],[100.55974,13.75412],[100.55973,13.75231],[100.56065,13.75231],[100.56066,13.75321],[100.56251,13.7532],[100.5625,13.7523],[100.56158,13.7523],[100.56156,13.74959],[100.56249,13.74958],[100.56248,13.74868],[100.56433,13.74867],[100.56434,13.74957],[100.56803,13.74955],[100.56804,13.75045],[100.56896,13.75045],[100.56895,13.74864],[100.56988,13.74863],[100.56987,13.74773],[100.56895,13.74773],[100.56894,13.74683],[100.56617,13.74685],[100.56616,13.74594],[100.56524,13.74595],[100.56522,13.74324],[100.56429,13.74324],[100.56431,13.74596],[100.56339,13.74596],[100.5634,13.74777],[100.56247,13.74778],[100.56247,13.74687],[100.56154,13.74688],[100.56155,13.74778],[100.55878,13.7478],[100.55878,13.7487],[100.55693,13.74871],[100.55694,13.74962],[100.55601,13.74962],[100.55601,13.74872],[100.55508,13.74873],[100.55509,13.74963],[100.55324,13.74964],[100.55323,13.74874],[100.55231,13.74874],[100.55231,13.74965],[100.55139,13.74965],[100.55137,13.74604],[100.55044,13.74604]],[[100.55881,13.75232],[100.55696,13.75233],[100.55695,13.75143],[100.5588,13.75141],[100.55881,13.75232]]],[[[100.54879,13.77679],[100.54972,13.77678],[100.54971,13.77588],[100.54879,13.77588],[100.54879,13.77679]]],[[[100.54788,13.7777],[100.54787,13.77679],[100.54694,13.7768],[100.54695,13.7777],[100.54788,13.7777]]],[[[100.54974,13.77949],[100.54973,13.77859],[100.54881,13.7786],[100.54881,13.7795],[100.54974,13.77949]]],[[[100.55067,13.78039],[100.55159,13.78039],[100.55159,13.77948],[100.55066,13.77949],[100.55067,13.78039]]],[[[100.54885,13.78492],[100.54977,13.78492],[100.54977,13.78401],[100.54884,13.78402],[100.54885,13.78492]]],[[[100.54978,13.78582],[100.55163,13.78581],[100.55164,13.78762],[100.55257,13.78761],[100.55256,13.78671],[100.55533,13.78669],[100.55533,13.78579],[100.5544,13.78579],[100.55439,13.78308],[100.55346,13.78309],[100.55345,13.78218],[100.5516,13.78219],[100.55162,13.784],[100.55069,13.78401],[100.5507,13.78491],[100.54977,13.78492],[100.54978,13.78582]]],[[[100.55076,13.79395],[100.55077,13.79576],[100.55262,13.79575],[100.5526,13.79213],[100.55167,13.79214],[100.55168,13.79394],[100.55076,13.79395]]],[[[100.54521,13.79398],[100.54522,13.79579],[100.54615,13.79579],[100.54613,13.79398],[100.54521,13.79398]]],[[[100.54988,13.80119],[100.54989,13.80299],[100.55082,13.80299],[100.55081,13.80118],[100.54988,13.80119]]],[[[100.5462,13.80392],[100.54712,13.80392],[100.54712,13.80301],[100.54619,13.80302],[100.5462,13.80392]]],[[[100.54622,13.80663],[100.54714,13.80663],[100.54714,13.80572],[100.54621,13.80573],[100.54622,13.80663]]],[[[100.549,13.80752],[100.54901,13.80933],[100.54993,13.80932],[100.54993,13.80842],[100.55085,13.80841],[100.55084,13.8066],[100.54992,13.80661],[100.54992,13.80751],[100.549,13.80752]]],[[[100.54993,13.80932],[100.54995,13.81113],[100.55087,13.81112],[100.55086,13.81022],[100.55179,13.81021],[100.55178,13.80931],[100.54993,13.80932]]],[[[100.54631,13.82019],[100.5463,13.81929],[100.54538,13.81929],[100.54538,13.8202],[100.54631,13.82019]]],[[[100.54824,13.83283],[100.54916,13.83283],[100.54916,13.83192],[100.54823,13.83193],[100.54824,13.83283]]],[[[100.54696,13.91871],[100.54695,13.91781],[100.54603,13.91782],[100.54603,13.91872],[100.54696,13.91871]]],[[[100.54701,13.92595],[100.54793,13.92594],[100.54793,13.92504],[100.547,13.92504],[100.54701,13.92595]]],[[[100.54886,13.92593],[100.54793,13.92594],[100.54794,13.92684],[100.54886,13.92684],[100.54886,13.92593]]],[[[100.55578,13.71437],[100.55948,13.71435],[100.55947,13.71254],[100.55762,13.71255],[100.55762,13.71346],[100.55577,13.71347],[100.55578,13.71437]]],[[[100.55672,13.71618],[100.55764,13.71617],[100.55764,13.71527],[100.55671,13.71527],[100.55672,13.71618]]],[[[100.55496,13.73065],[100.55495,13.72884],[100.55403,13.72885],[100.55402,13.72704],[100.55309,13.72705],[100.55308,13.72614],[100.55216,13.72615],[100.55219,13.73067],[100.55127,13.73067],[100.55127,13.73158],[100.55312,13.73156],[100.55311,13.73066],[100.55496,13.73065]]],[[[100.55681,13.73064],[100.5568,13.72883],[100.55588,13.72884],[100.55589,13.73064],[100.55681,13.73064]]],[[[100.55958,13.72972],[100.55866,13.72972],[100.55866,13.73063],[100.55774,13.73063],[100.55774,13.73154],[100.55959,13.73152],[100.55958,13.72972]]],[[[100.55407,13.73517],[100.55409,13.73879],[100.55502,13.73878],[100.55499,13.73517],[100.55592,13.73516],[100.55591,13.73426],[100.55406,13.73427],[100.55406,13.73337],[100.55498,13.73336],[100.55497,13.73155],[100.55404,13.73156],[100.55405,13.73246],[100.5522,13.73247],[100.55221,13.73338],[100.55128,13.73338],[100.55129,13.73429],[100.55221,13.73428],[100.55222,13.73519],[100.55407,13.73517]]],[[[100.55691,13.7451],[100.55691,13.746],[100.55784,13.746],[100.55783,13.74509],[100.55691,13.7451]]],[[[100.55876,13.74599],[100.55784,13.746],[100.55785,13.74781],[100.55878,13.7478],[100.55876,13.74599]]],[[[100.55697,13.75504],[100.55697,13.75414],[100.55512,13.75415],[100.55512,13.75505],[100.55697,13.75504]]],[[[100.55442,13.7885],[100.55443,13.78941],[100.55535,13.7894],[100.55535,13.7885],[100.55442,13.7885]]],[[[100.55443,13.79031],[100.55443,13.78941],[100.5535,13.78941],[100.55351,13.79032],[100.55443,13.79031]]],[[[100.55446,13.79483],[100.55539,13.79482],[100.55538,13.79392],[100.55446,13.79393],[100.55446,13.79483]]],[[[100.55541,13.79844],[100.55542,13.80025],[100.55635,13.80024],[100.55634,13.79843],[100.55541,13.79844]]],[[[100.55914,13.80203],[100.55912,13.80022],[100.5582,13.80023],[100.55819,13.79933],[100.55727,13.79933],[100.55728,13.80114],[100.5582,13.80113],[100.55821,13.80204],[100.55914,13.80203]]],[[[100.55729,13.80204],[100.55728,13.80114],[100.55635,13.80115],[100.55636,13.80205],[100.55729,13.80204]]],[[[100.55637,13.80386],[100.56007,13.80383],[100.56007,13.80293],[100.55637,13.80295],[100.55637,13.80386]]],[[[100.5536,13.80388],[100.55359,13.80297],[100.55267,13.80298],[100.55267,13.80388],[100.5536,13.80388]]],[[[100.55917,13.80746],[100.55917,13.80655],[100.55824,13.80656],[100.55825,13.80746],[100.55917,13.80746]]],[[[100.5527,13.8084],[100.55271,13.8093],[100.55363,13.8093],[100.55363,13.80839],[100.5527,13.8084]]],[[[100.55456,13.8102],[100.55456,13.80929],[100.55363,13.8093],[100.55364,13.8102],[100.55456,13.8102]]],[[[100.5518,13.81112],[100.55365,13.81111],[100.55364,13.8102],[100.55179,13.81021],[100.5518,13.81112]]],[[[100.55643,13.81199],[100.55365,13.81201],[100.55366,13.81291],[100.55458,13.81291],[100.55459,13.81472],[100.55552,13.81471],[100.55551,13.8129],[100.55643,13.8129],[100.55643,13.81199]]],[[[100.55644,13.8138],[100.55736,13.81379],[100.55736,13.81289],[100.55643,13.8129],[100.55644,13.8138]]],[[[100.5537,13.81924],[100.55555,13.81923],[100.55556,13.82104],[100.55741,13.82103],[100.55742,13.82283],[100.55835,13.82283],[100.55831,13.8174],[100.55554,13.81742],[100.55553,13.81652],[100.55646,13.81651],[100.55645,13.81561],[100.5583,13.8156],[100.55829,13.81469],[100.55552,13.81471],[100.55553,13.81561],[100.55275,13.81563],[100.55277,13.81834],[100.55369,13.81834],[100.5537,13.81924]]],[[[100.55837,13.82554],[100.55838,13.82735],[100.5593,13.82734],[100.5593,13.82644],[100.56022,13.82643],[100.56023,13.82733],[100.56208,13.82732],[100.56207,13.82642],[100.563,13.82641],[100.56297,13.8228],[100.56112,13.82281],[100.56112,13.82191],[100.55927,13.82192],[100.55927,13.82282],[100.55835,13.82283],[100.55836,13.82463],[100.55929,13.82463],[100.55929,13.82553],[100.55837,13.82554]],[[100.56114,13.82462],[100.56021,13.82462],[100.5602,13.82372],[100.56113,13.82371],[100.56114,13.82462]]],[[[100.55485,13.85358],[100.55578,13.85358],[100.55577,13.85267],[100.5567,13.85267],[100.5567,13.85357],[100.55763,13.85356],[100.55763,13.85447],[100.56226,13.85444],[100.56225,13.85354],[100.56133,13.85354],[100.56132,13.85264],[100.56225,13.85263],[100.56224,13.85082],[100.56316,13.85082],[100.56317,13.85172],[100.56502,13.85171],[100.56502,13.85261],[100.56595,13.85261],[100.56594,13.8508],[100.56409,13.85081],[100.56408,13.84991],[100.56315,13.84991],[100.56315,13.84901],[100.56222,13.84902],[100.56223,13.84992],[100.5576,13.84995],[100.5576,13.84905],[100.55667,13.84905],[100.55667,13.84815],[100.55482,13.84816],[100.55482,13.84906],[100.5539,13.84907],[100.55392,13.85268],[100.55485,13.85268],[100.55485,13.85358]]],[[[100.55325,13.89065],[100.55326,13.89156],[100.55418,13.89155],[100.55419,13.89336],[100.55512,13.89335],[100.55511,13.89245],[100.55604,13.89244],[100.55604,13.89335],[100.55697,13.89334],[100.55696,13.89244],[100.55881,13.89243],[100.5588,13.89062],[100.55973,13.89061],[100.55971,13.8888],[100.56064,13.8888],[100.56063,13.88789],[100.55971,13.8879],[100.5597,13.887],[100.56155,13.88698],[100.56155,13.88608],[100.56062,13.88609],[100.56061,13.88518],[100.55784,13.8852],[100.55785,13.8861],[100.55599,13.88612],[100.55602,13.88973],[100.55417,13.88974],[100.55417,13.89065],[100.55325,13.89065]]],[[[100.55234,13.89247],[100.55326,13.89246],[100.55326,13.89156],[100.55233,13.89156],[100.55234,13.89247]]],[[[100.5579,13.89424],[100.55789,13.89334],[100.55697,13.89334],[100.55697,13.89425],[100.5579,13.89424]]],[[[100.557,13.89786],[100.56162,13.89783],[100.56163,13.89873],[100.55885,13.89875],[100.55887,13.90056],[100.55979,13.90055],[100.5598,13.90146],[100.56442,13.90143],[100.56441,13.89962],[100.56349,13.89963],[100.56348,13.89872],[100.56533,13.89871],[100.56533,13.89781],[100.56625,13.8978],[100.56624,13.89599],[100.56809,13.89598],[100.56808,13.89508],[100.57178,13.89505],[100.57178,13.89415],[100.5727,13.89414],[100.5727,13.89324],[100.57177,13.89325],[100.57177,13.89234],[100.57084,13.89235],[100.57083,13.89054],[100.56898,13.89055],[100.56899,13.89236],[100.56806,13.89237],[100.56807,13.89327],[100.56622,13.89328],[100.56621,13.89238],[100.56436,13.89239],[100.56437,13.89329],[100.5653,13.89329],[100.56531,13.8951],[100.56438,13.8951],[100.56439,13.89601],[100.56069,13.89603],[100.56068,13.89513],[100.55791,13.89514],[100.55791,13.89605],[100.55606,13.89606],[100.55607,13.89696],[100.55514,13.89697],[100.55515,13.89787],[100.55607,13.89787],[100.55608,13.89877],[100.557,13.89876],[100.557,13.89786]]],[[[100.55514,13.89606],[100.55606,13.89606],[100.55605,13.89515],[100.55513,13.89516],[100.55514,13.89606]]],[[[100.5604,13.71344],[100.56042,13.71615],[100.56134,13.71615],[100.56135,13.71795],[100.5632,13.71794],[100.56321,13.71885],[100.56413,13.71884],[100.56414,13.71974],[100.56321,13.71975],[100.56324,13.72337],[100.56139,13.72338],[100.56142,13.7279],[100.56234,13.72789],[100.56233,13.72608],[100.56418,13.72607],[100.56416,13.72336],[100.56509,13.72335],[100.56507,13.72155],[100.566,13.72154],[100.56599,13.72064],[100.56784,13.72062],[100.56782,13.71791],[100.5669,13.71792],[100.56689,13.71701],[100.56597,13.71702],[100.56596,13.71612],[100.56411,13.71613],[100.56411,13.71522],[100.56226,13.71524],[100.56225,13.71433],[100.56133,13.71434],[100.56132,13.71343],[100.5604,13.71344]],[[100.56227,13.71704],[100.56226,13.71614],[100.56319,13.71613],[100.5632,13.71704],[100.56227,13.71704]]],[[[100.55949,13.71616],[100.55949,13.71525],[100.55856,13.71526],[100.55857,13.71616],[100.55949,13.71616]]],[[[100.56326,13.72698],[100.56327,13.72879],[100.56512,13.72878],[100.56513,13.72968],[100.56698,13.72967],[100.56698,13.73057],[100.56883,13.73056],[100.56883,13.72966],[100.56975,13.72965],[100.56974,13.72784],[100.57159,13.72783],[100.57157,13.72512],[100.57065,13.72513],[100.57064,13.72422],[100.56971,13.72423],[100.5697,13.72152],[100.56877,13.72152],[100.56878,13.72243],[100.56693,13.72244],[100.56694,13.72334],[100.56601,13.72335],[100.56603,13.72606],[100.56695,13.72605],[100.56696,13.72696],[100.56788,13.72695],[100.56789,13.72786],[100.56697,13.72786],[100.56697,13.72877],[100.56605,13.72877],[100.56604,13.72787],[100.56512,13.72787],[100.56511,13.72697],[100.56326,13.72698]],[[100.56881,13.72785],[100.5688,13.72604],[100.56973,13.72604],[100.56974,13.72784],[100.56881,13.72785]]],[[[100.56515,13.73239],[100.56514,13.73149],[100.56422,13.73149],[100.56422,13.7324],[100.56515,13.73239]]],[[[100.55783,13.74419],[100.55875,13.74418],[100.55875,13.74328],[100.55782,13.74329],[100.55783,13.74419]]],[[[100.56062,13.74688],[100.56154,13.74688],[100.56154,13.74597],[100.56061,13.74598],[100.56062,13.74688]]],[[[100.56621,13.75318],[100.5662,13.75227],[100.56528,13.75228],[100.56528,13.75318],[100.56621,13.75318]]],[[[100.56073,13.76315],[100.56165,13.76315],[100.56165,13.76224],[100.56072,13.76225],[100.56073,13.76315]]],[[[100.5626,13.76676],[100.56445,13.76675],[100.56444,13.76584],[100.56259,13.76585],[100.5626,13.76676]]],[[[100.56446,13.76855],[100.56631,13.76854],[100.56632,13.77035],[100.5654,13.77036],[100.56541,13.77216],[100.56726,13.77215],[100.56725,13.77125],[100.5691,13.77124],[100.56911,13.77214],[100.57003,13.77213],[100.57003,13.77123],[100.57095,13.77122],[100.57095,13.77032],[100.57187,13.77031],[100.57187,13.76941],[100.57094,13.76942],[100.57093,13.76851],[100.57278,13.7685],[100.57278,13.7676],[100.5737,13.76759],[100.57371,13.76849],[100.57556,13.76848],[100.57556,13.76939],[100.57372,13.7694],[100.57372,13.7703],[100.57557,13.77029],[100.57558,13.7721],[100.57651,13.77209],[100.57649,13.76938],[100.57741,13.76937],[100.57741,13.76847],[100.57833,13.76846],[100.57833,13.76756],[100.57925,13.76756],[100.57925,13.76665],[100.5774,13.76666],[100.57738,13.76486],[100.57461,13.76487],[100.57462,13.76668],[100.5737,13.76669],[100.57367,13.76307],[100.5746,13.76307],[100.57459,13.76126],[100.57181,13.76128],[100.5718,13.75947],[100.56995,13.75948],[100.56996,13.76129],[100.56904,13.76129],[100.56905,13.7631],[100.5709,13.76309],[100.57091,13.7649],[100.56999,13.7649],[100.57,13.76671],[100.56815,13.76672],[100.56814,13.76582],[100.56629,13.76583],[100.5663,13.76673],[100.56445,13.76675],[100.56446,13.76855]],[[100.57092,13.7658],[100.57184,13.76579],[100.57185,13.7667],[100.57092,13.7667],[100.57092,13.7658]]],[[[100.5636,13.7785],[100.56361,13.77941],[100.56453,13.7794],[100.56454,13.7803],[100.56731,13.78029],[100.56733,13.78209],[100.56825,13.78209],[100.56826,13.78299],[100.56918,13.78299],[100.56919,13.78389],[100.57104,13.78388],[100.57103,13.78297],[100.57011,13.78298],[100.57009,13.78117],[100.57102,13.78117],[100.57101,13.78026],[100.57194,13.78026],[100.57194,13.78116],[100.57287,13.78115],[100.57285,13.77844],[100.57378,13.77844],[100.57378,13.77934],[100.57471,13.77934],[100.57472,13.78114],[100.57657,13.78113],[100.57657,13.78203],[100.5775,13.78203],[100.57751,13.78384],[100.57844,13.78383],[100.57845,13.78564],[100.5766,13.78565],[100.5766,13.78655],[100.57568,13.78656],[100.57569,13.78837],[100.57477,13.78837],[100.57477,13.78928],[100.57662,13.78927],[100.57664,13.79198],[100.57849,13.79197],[100.5785,13.79287],[100.57757,13.79288],[100.57758,13.79468],[100.57851,13.79468],[100.57851,13.79558],[100.57944,13.79558],[100.57943,13.79467],[100.58036,13.79467],[100.58035,13.79376],[100.58128,13.79376],[100.58126,13.79104],[100.58218,13.79104],[100.58219,13.79194],[100.58311,13.79194],[100.5831,13.79013],[100.58403,13.79012],[100.58402,13.78922],[100.5831,13.78922],[100.58309,13.78832],[100.58217,13.78833],[100.58216,13.78742],[100.58123,13.78743],[100.58122,13.78562],[100.5803,13.78563],[100.58029,13.78472],[100.57937,13.78473],[100.57935,13.78292],[100.5812,13.78291],[100.58118,13.77929],[100.5821,13.77929],[100.5821,13.77838],[100.58302,13.77838],[100.58301,13.77657],[100.58116,13.77658],[100.58115,13.77477],[100.5793,13.77479],[100.57929,13.77388],[100.57652,13.7739],[100.57651,13.773],[100.57466,13.77301],[100.57468,13.77572],[100.57376,13.77573],[100.57376,13.77663],[100.57284,13.77664],[100.57283,13.77573],[100.57098,13.77574],[100.57098,13.77484],[100.5719,13.77483],[100.5719,13.77393],[100.57005,13.77394],[100.57005,13.77485],[100.5682,13.77486],[100.5682,13.77395],[100.56912,13.77395],[100.56911,13.77214],[100.56818,13.77215],[100.56819,13.77305],[100.56727,13.77306],[100.56727,13.77396],[100.56635,13.77396],[100.56635,13.77487],[100.56543,13.77487],[100.56544,13.77668],[100.56452,13.77669],[100.56453,13.7785],[100.5636,13.7785]],[[100.57469,13.77662],[100.57469,13.77753],[100.57377,13.77753],[100.57376,13.77663],[100.57469,13.77662]]],[[[100.56554,13.79114],[100.56554,13.79205],[100.56647,13.79204],[100.56647,13.79295],[100.56832,13.79293],[100.56833,13.79384],[100.57018,13.79383],[100.57017,13.79292],[100.56925,13.79293],[100.56924,13.79202],[100.57202,13.79201],[100.57201,13.7911],[100.57294,13.7911],[100.57295,13.79291],[100.57387,13.7929],[100.57385,13.79019],[100.57293,13.79019],[100.57292,13.78929],[100.57385,13.78928],[100.57384,13.78838],[100.57292,13.78839],[100.57291,13.78748],[100.57199,13.78749],[100.57198,13.78658],[100.57106,13.78659],[100.57105,13.78569],[100.57012,13.78569],[100.57012,13.78479],[100.56734,13.78481],[100.56735,13.78571],[100.56643,13.78572],[100.56644,13.78752],[100.56551,13.78753],[100.56552,13.78843],[100.56459,13.78844],[100.56461,13.79115],[100.56554,13.79114]],[[100.56921,13.7866],[100.57013,13.7866],[100.57014,13.7875],[100.56921,13.78751],[100.56921,13.7866]]],[[[100.56099,13.80292],[100.56098,13.80202],[100.56006,13.80203],[100.56007,13.80293],[100.56099,13.80292]]],[[[100.56287,13.80743],[100.5638,13.80743],[100.56379,13.80652],[100.56286,13.80653],[100.56286,13.80562],[100.56193,13.80563],[100.56193,13.80473],[100.561,13.80473],[100.561,13.80383],[100.56007,13.80383],[100.5601,13.80745],[100.56102,13.80744],[100.56103,13.80925],[100.56196,13.80925],[100.56195,13.80834],[100.56288,13.80834],[100.56287,13.80743]]],[[[100.56565,13.80741],[100.56564,13.80651],[100.56471,13.80652],[100.56472,13.80742],[100.56565,13.80741]]],[[[100.56756,13.81644],[100.56571,13.81645],[100.56571,13.81736],[100.56756,13.81735],[100.56756,13.81644]]],[[[100.56485,13.82731],[100.56485,13.8264],[100.56392,13.82641],[100.56393,13.82731],[100.56485,13.82731]]],[[[100.56303,13.83093],[100.56303,13.83184],[100.56396,13.83183],[100.56397,13.83364],[100.56582,13.83363],[100.56583,13.83453],[100.56675,13.83452],[100.56676,13.83633],[100.56769,13.83633],[100.56768,13.83452],[100.5686,13.83451],[100.56859,13.8327],[100.56766,13.83271],[100.56765,13.8309],[100.56488,13.83092],[100.56487,13.83002],[100.56395,13.83002],[100.56395,13.83093],[100.56303,13.83093]]],[[[100.5621,13.83094],[100.5621,13.83003],[100.56117,13.83004],[100.56118,13.83094],[100.5621,13.83094]]],[[[100.56406,13.8472],[100.56406,13.84629],[100.56683,13.84627],[100.56682,13.84537],[100.56775,13.84537],[100.56774,13.84356],[100.56681,13.84356],[100.56682,13.84447],[100.56589,13.84447],[100.56589,13.84357],[100.56496,13.84358],[100.56496,13.84267],[100.56311,13.84268],[100.56311,13.84359],[100.56219,13.84359],[100.56219,13.8445],[100.56127,13.8445],[100.56126,13.8436],[100.56034,13.8436],[100.56033,13.8427],[100.55941,13.84271],[100.55942,13.84451],[100.56034,13.84451],[100.56035,13.84632],[100.5622,13.8463],[100.56221,13.84721],[100.56406,13.8472]],[[100.56219,13.8445],[100.56497,13.84448],[100.56497,13.84538],[100.5622,13.8454],[100.56219,13.8445]]],[[[100.56595,13.85261],[100.56596,13.85442],[100.56688,13.85441],[100.56687,13.8526],[100.56595,13.85261]]],[[[100.5632,13.85624],[100.5632,13.85715],[100.56413,13.85714],[100.56412,13.85624],[100.5632,13.85624]]],[[[100.56137,13.85987],[100.56139,13.86348],[100.56232,13.86348],[100.56233,13.86529],[100.56418,13.86527],[100.56417,13.86347],[100.5651,13.86346],[100.5651,13.86436],[100.56603,13.86436],[100.56602,13.86345],[100.56695,13.86345],[100.56696,13.86526],[100.56788,13.86525],[100.56789,13.86615],[100.56696,13.86616],[100.56697,13.86706],[100.56882,13.86705],[100.56883,13.86796],[100.57068,13.86794],[100.57068,13.86885],[100.57161,13.86884],[100.5716,13.86794],[100.57253,13.86793],[100.57252,13.86703],[100.5716,13.86703],[100.57158,13.86523],[100.57066,13.86523],[100.57065,13.86433],[100.56973,13.86433],[100.56971,13.86253],[100.56879,13.86253],[100.56878,13.86072],[100.56785,13.86073],[100.56784,13.85892],[100.56599,13.85894],[100.56598,13.85803],[100.56506,13.85804],[100.56505,13.85713],[100.56413,13.85714],[100.56414,13.85895],[100.56506,13.85894],[100.56507,13.85984],[100.56137,13.85987]],[[100.56973,13.86524],[100.56881,13.86524],[100.5688,13.86434],[100.56973,13.86433],[100.56973,13.86524]]],[[[100.56782,13.85531],[100.56597,13.85532],[100.56598,13.85803],[100.56691,13.85803],[100.5669,13.85622],[100.56782,13.85621],[100.56782,13.85531]]],[[[100.56341,13.88788],[100.56618,13.88786],[100.56618,13.88695],[100.5671,13.88695],[100.56712,13.88876],[100.56804,13.88875],[100.56803,13.88694],[100.56895,13.88694],[100.56896,13.88784],[100.56988,13.88784],[100.56987,13.88603],[100.56895,13.88603],[100.56894,13.88513],[100.56987,13.88512],[100.56985,13.88332],[100.568,13.88333],[100.568,13.88242],[100.56707,13.88243],[100.56708,13.88333],[100.56615,13.88334],[100.56616,13.88424],[100.56246,13.88427],[100.56248,13.88698],[100.5634,13.88697],[100.56341,13.88788]],[[100.56433,13.88697],[100.56432,13.88606],[100.56525,13.88606],[100.56525,13.88696],[100.56433,13.88697]]],[[[100.56253,13.89511],[100.56346,13.89511],[100.56345,13.8942],[100.56253,13.89421],[100.56253,13.89511]]],[[[100.56697,13.72786],[100.56696,13.72696],[100.56603,13.72696],[100.56604,13.72787],[100.56697,13.72786]]],[[[100.56701,13.73509],[100.56702,13.736],[100.56794,13.73599],[100.56795,13.73689],[100.56518,13.73691],[100.56518,13.73782],[100.56611,13.73781],[100.56611,13.73871],[100.56704,13.73871],[100.56705,13.74052],[100.56797,13.74051],[100.56796,13.7378],[100.56981,13.73779],[100.56981,13.73869],[100.57351,13.73867],[100.5735,13.73776],[100.57443,13.73776],[100.57442,13.73685],[100.57535,13.73685],[100.57533,13.73414],[100.57718,13.73412],[100.57717,13.73232],[100.57809,13.73231],[100.5781,13.73321],[100.57995,13.7332],[100.57994,13.7323],[100.58086,13.73229],[100.58087,13.7332],[100.58272,13.73318],[100.5827,13.73047],[100.58178,13.73048],[100.58177,13.72957],[100.5827,13.72957],[100.58269,13.72866],[100.58546,13.72865],[100.58547,13.72955],[100.58639,13.72955],[100.58638,13.72683],[100.58822,13.72682],[100.58821,13.72501],[100.58914,13.72501],[100.58913,13.7241],[100.58821,13.72411],[100.5882,13.72321],[100.58543,13.72322],[100.58544,13.72503],[100.58636,13.72503],[100.58637,13.72593],[100.5836,13.72595],[100.58361,13.72776],[100.58176,13.72777],[100.58175,13.72596],[100.58082,13.72597],[100.58083,13.72687],[100.57898,13.72688],[100.57897,13.72598],[100.57712,13.72599],[100.57713,13.72689],[100.57805,13.72689],[100.57807,13.72869],[100.57622,13.72871],[100.57622,13.72961],[100.5753,13.72962],[100.57531,13.73142],[100.57624,13.73142],[100.57624,13.73232],[100.57532,13.73233],[100.57532,13.73323],[100.57347,13.73324],[100.57346,13.73144],[100.57254,13.73144],[100.57255,13.73325],[100.57162,13.73326],[100.57161,13.73054],[100.57068,13.73055],[100.57069,13.73145],[100.56884,13.73147],[100.56885,13.73327],[100.56793,13.73328],[100.56794,13.73509],[100.56701,13.73509]],[[100.5698,13.73688],[100.56887,13.73689],[100.56886,13.73508],[100.56979,13.73507],[100.5698,13.73688]],[[100.57165,13.73687],[100.57072,13.73688],[100.57072,13.73597],[100.57164,13.73597],[100.57165,13.73687]],[[100.57071,13.73416],[100.56978,13.73417],[100.56978,13.73327],[100.5707,13.73326],[100.57071,13.73416]],[[100.58453,13.72775],[100.58453,13.72685],[100.58545,13.72684],[100.58546,13.72774],[100.58453,13.72775]],[[100.579,13.7305],[100.57901,13.7314],[100.57808,13.73141],[100.57808,13.7305],[100.579,13.7305]],[[100.57715,13.73051],[100.57715,13.7296],[100.57807,13.7296],[100.57808,13.7305],[100.57715,13.73051]]],[[[100.56712,13.75136],[100.56713,13.75227],[100.56805,13.75226],[100.56804,13.75045],[100.56619,13.75046],[100.5662,13.75137],[100.56712,13.75136]]],[[[100.56716,13.75679],[100.56808,13.75678],[100.56807,13.75497],[100.56899,13.75497],[100.56899,13.75406],[100.56991,13.75406],[100.5699,13.75225],[100.56898,13.75225],[100.56898,13.75316],[100.56621,13.75318],[100.56621,13.75408],[100.56529,13.75409],[100.5653,13.75499],[100.56622,13.75498],[100.56623,13.75589],[100.56715,13.75588],[100.56716,13.75679]]],[[[100.56809,13.75859],[100.57272,13.75856],[100.57272,13.75946],[100.57457,13.75945],[100.57457,13.75855],[100.57549,13.75854],[100.5755,13.76035],[100.57643,13.76034],[100.57643,13.76125],[100.57736,13.76124],[100.57735,13.76034],[100.57828,13.76033],[100.57827,13.75943],[100.5792,13.75942],[100.57919,13.75852],[100.58104,13.7585],[100.58102,13.75579],[100.58195,13.75579],[100.58195,13.75669],[100.58288,13.75668],[100.58289,13.75849],[100.58566,13.75847],[100.58564,13.75486],[100.58749,13.75485],[100.58748,13.75394],[100.58841,13.75394],[100.5884,13.75303],[100.58193,13.75308],[100.58193,13.75398],[100.58101,13.75399],[100.58099,13.75127],[100.58007,13.75128],[100.58006,13.75038],[100.57914,13.75038],[100.57912,13.74767],[100.57819,13.74768],[100.5782,13.74858],[100.57727,13.74859],[100.57729,13.75039],[100.57821,13.75039],[100.57822,13.75129],[100.57452,13.75132],[100.57452,13.75222],[100.5736,13.75222],[100.57359,13.75132],[100.57174,13.75133],[100.57175,13.75224],[100.57083,13.75224],[100.57083,13.75315],[100.57268,13.75313],[100.57269,13.75494],[100.57362,13.75494],[100.57362,13.75584],[100.5727,13.75585],[100.57271,13.75675],[100.57178,13.75676],[100.57179,13.75766],[100.56901,13.75768],[100.56901,13.75677],[100.56808,13.75678],[100.56809,13.75859]],[[100.57271,13.75765],[100.57364,13.75765],[100.57364,13.75855],[100.57272,13.75856],[100.57271,13.75765]],[[100.57363,13.75674],[100.57456,13.75674],[100.57456,13.75764],[100.57364,13.75765],[100.57363,13.75674]],[[100.57735,13.75943],[100.57734,13.75853],[100.57827,13.75852],[100.57827,13.75943],[100.57735,13.75943]],[[100.57637,13.75221],[100.57822,13.7522],[100.57823,13.7531],[100.57915,13.75309],[100.57916,13.754],[100.57731,13.75401],[100.5773,13.75311],[100.57638,13.75311],[100.57637,13.75221]]],[[[100.56649,13.79475],[100.5665,13.79656],[100.56557,13.79657],[100.56558,13.79747],[100.5665,13.79747],[100.56651,13.79837],[100.56743,13.79836],[100.56744,13.79927],[100.56837,13.79926],[100.56837,13.80017],[100.5693,13.80016],[100.5693,13.80106],[100.57115,13.80105],[100.57115,13.80015],[100.573,13.80014],[100.57298,13.79833],[100.57206,13.79833],[100.57205,13.79743],[100.5739,13.79742],[100.5739,13.79651],[100.57112,13.79653],[100.57112,13.79563],[100.56927,13.79564],[100.56926,13.79474],[100.56649,13.79475]]],[[[100.56656,13.8056],[100.56657,13.80741],[100.57119,13.80738],[100.57119,13.80647],[100.57211,13.80647],[100.57211,13.80557],[100.57303,13.80556],[100.57303,13.80466],[100.57118,13.80467],[100.57117,13.80376],[100.57025,13.80377],[100.57025,13.80467],[100.5684,13.80468],[100.56838,13.80197],[100.56931,13.80197],[100.5693,13.80106],[100.56745,13.80108],[100.56747,13.80379],[100.56655,13.80379],[100.56655,13.8047],[100.56748,13.80469],[100.56748,13.80559],[100.56656,13.8056]]],[[[100.56938,13.81191],[100.56939,13.81372],[100.56754,13.81373],[100.56756,13.81644],[100.56941,13.81643],[100.5694,13.81553],[100.56847,13.81553],[100.56847,13.81463],[100.57032,13.81462],[100.57032,13.81552],[100.57125,13.81551],[100.57124,13.81461],[100.57217,13.8146],[100.57217,13.81551],[100.5731,13.8155],[100.57309,13.8146],[100.57402,13.81459],[100.57401,13.81369],[100.57494,13.81368],[100.57494,13.81459],[100.57587,13.81458],[100.57585,13.81187],[100.57862,13.81185],[100.57862,13.81095],[100.57769,13.81095],[100.57768,13.80915],[100.57861,13.80914],[100.57859,13.80643],[100.57951,13.80642],[100.57949,13.80371],[100.57764,13.80372],[100.57766,13.80643],[100.57674,13.80644],[100.57675,13.80825],[100.57583,13.80825],[100.57584,13.81006],[100.57491,13.81007],[100.5749,13.80826],[100.57398,13.80826],[100.57398,13.80917],[100.57213,13.80918],[100.57212,13.80737],[100.57119,13.80738],[100.5712,13.80828],[100.57028,13.80829],[100.57029,13.8101],[100.56936,13.8101],[100.56937,13.81101],[100.56752,13.81102],[100.56753,13.81283],[100.56846,13.81282],[100.56845,13.81192],[100.56938,13.81191]],[[100.57029,13.811],[100.57122,13.81099],[100.57122,13.8119],[100.5703,13.8119],[100.57029,13.811]]],[[[100.56661,13.81283],[100.56661,13.81374],[100.56754,13.81373],[100.56753,13.81283],[100.56661,13.81283]]],[[[100.5676,13.82277],[100.56852,13.82276],[100.56853,13.82367],[100.5676,13.82367],[100.56761,13.82458],[100.57038,13.82456],[100.57039,13.82546],[100.57132,13.82546],[100.57131,13.82455],[100.57223,13.82455],[100.57223,13.82364],[100.57315,13.82364],[100.57314,13.82183],[100.57222,13.82183],[100.5722,13.82003],[100.57128,13.82003],[100.57127,13.81913],[100.57035,13.81914],[100.57035,13.82004],[100.56943,13.82004],[100.56942,13.81914],[100.5685,13.81915],[100.5685,13.82005],[100.56665,13.82006],[100.56666,13.82097],[100.56759,13.82096],[100.5676,13.82277]]],[[[100.56575,13.82278],[100.56667,13.82277],[100.56667,13.82187],[100.56574,13.82188],[100.56575,13.82278]]],[[[100.56954,13.83631],[100.57046,13.83631],[100.57046,13.8354],[100.56953,13.83541],[100.56954,13.83631]]],[[[100.56867,13.84446],[100.57144,13.84444],[100.57146,13.84625],[100.57053,13.84625],[100.57052,13.84535],[100.5696,13.84535],[100.56961,13.84716],[100.57054,13.84716],[100.57054,13.84806],[100.57147,13.84805],[100.57147,13.84896],[100.57425,13.84894],[100.57424,13.84713],[100.57701,13.84711],[100.577,13.84531],[100.57607,13.84531],[100.57607,13.84441],[100.57514,13.84441],[100.57515,13.84532],[100.57422,13.84532],[100.57421,13.84352],[100.57144,13.84353],[100.57143,13.84263],[100.56958,13.84264],[100.56959,13.84355],[100.56866,13.84355],[100.56867,13.84446]]],[[[100.57435,13.72601],[100.57434,13.7242],[100.57619,13.72419],[100.57618,13.72328],[100.57803,13.72327],[100.57802,13.72237],[100.5771,13.72237],[100.57709,13.72057],[100.57894,13.72055],[100.57892,13.71875],[100.578,13.71875],[100.57799,13.71785],[100.57892,13.71784],[100.57891,13.71694],[100.57984,13.71693],[100.57983,13.71603],[100.57521,13.71606],[100.57521,13.71696],[100.57429,13.71697],[100.5743,13.71878],[100.57245,13.71879],[100.57246,13.71969],[100.57153,13.7197],[100.57157,13.72512],[100.57342,13.72511],[100.57343,13.72601],[100.57435,13.72601]]],[[[100.57437,13.72962],[100.57437,13.72872],[100.57344,13.72872],[100.57345,13.72963],[100.57437,13.72962]]],[[[100.57381,13.78296],[100.5738,13.78205],[100.57195,13.78206],[100.57196,13.78297],[100.57381,13.78296]]],[[[100.57599,13.83266],[100.576,13.83356],[100.57692,13.83356],[100.57693,13.83536],[100.57786,13.83536],[100.57788,13.83807],[100.57973,13.83806],[100.57973,13.83896],[100.58066,13.83895],[100.58065,13.83805],[100.58158,13.83804],[100.58158,13.83895],[100.58251,13.83894],[100.5825,13.83804],[100.58343,13.83803],[100.58342,13.83713],[100.58249,13.83714],[100.58248,13.83533],[100.58063,13.83534],[100.58063,13.83444],[100.5797,13.83444],[100.57969,13.83263],[100.57876,13.83264],[100.57876,13.83174],[100.57783,13.83174],[100.57782,13.82993],[100.5769,13.82994],[100.57688,13.82813],[100.57503,13.82814],[100.57503,13.82724],[100.57133,13.82726],[100.57133,13.82817],[100.57226,13.82816],[100.57227,13.82907],[100.57319,13.82906],[100.5732,13.83087],[100.5769,13.83084],[100.57691,13.83265],[100.57599,13.83266]],[[100.57877,13.83354],[100.57785,13.83355],[100.57784,13.83265],[100.57876,13.83264],[100.57877,13.83354]]],[[[100.57041,13.82817],[100.5704,13.82727],[100.56948,13.82728],[100.56948,13.82818],[100.57041,13.82817]]],[[[100.57228,13.83178],[100.57321,13.83177],[100.5732,13.83087],[100.57228,13.83087],[100.57228,13.83178]]],[[[100.57046,13.83631],[100.57048,13.83812],[100.5714,13.83811],[100.57139,13.83721],[100.57324,13.83719],[100.57324,13.83629],[100.57046,13.83631]]],[[[100.57234,13.83991],[100.57233,13.83901],[100.57048,13.83902],[100.57049,13.83992],[100.57234,13.83991]]],[[[100.57521,13.85436],[100.57706,13.85434],[100.57707,13.85615],[100.578,13.85615],[100.57799,13.85524],[100.57892,13.85524],[100.57892,13.85614],[100.57985,13.85613],[100.57982,13.85252],[100.58075,13.85251],[100.58074,13.85161],[100.57889,13.85162],[100.57889,13.85072],[100.57796,13.85072],[100.57796,13.84982],[100.57703,13.84983],[100.57704,13.85073],[100.57611,13.85073],[100.57611,13.84983],[100.57518,13.84984],[100.57519,13.85074],[100.57426,13.85075],[100.57427,13.85165],[100.57334,13.85166],[100.57335,13.85256],[100.57427,13.85255],[100.57428,13.85346],[100.5752,13.85345],[100.57521,13.85436]]],[[[100.57448,13.88329],[100.57447,13.88238],[100.57262,13.88239],[100.57262,13.88149],[100.57169,13.8815],[100.57172,13.88602],[100.57265,13.88601],[100.57265,13.88691],[100.57358,13.88691],[100.57356,13.88329],[100.57448,13.88329]]],[[[100.57456,13.89504],[100.57454,13.89232],[100.57547,13.89232],[100.57547,13.89322],[100.57732,13.89321],[100.57731,13.8914],[100.57639,13.89141],[100.57638,13.8905],[100.57453,13.89052],[100.57454,13.89142],[100.57268,13.89143],[100.5727,13.89324],[100.57362,13.89323],[100.57363,13.89414],[100.5727,13.89414],[100.57271,13.89505],[100.57456,13.89504]]],[[[100.57529,13.72781],[100.57528,13.7269],[100.57436,13.72691],[100.57436,13.72781],[100.57529,13.72781]]],[[[100.57645,13.76305],[100.5746,13.76307],[100.5746,13.76397],[100.57645,13.76396],[100.57645,13.76305]]],[[[100.57577,13.80012],[100.57578,13.80102],[100.5767,13.80102],[100.57671,13.80282],[100.57764,13.80282],[100.57763,13.80191],[100.57856,13.80191],[100.57856,13.80281],[100.57949,13.80281],[100.57949,13.80371],[100.58042,13.8037],[100.58043,13.80461],[100.58135,13.8046],[100.58134,13.80279],[100.58226,13.80279],[100.58226,13.80188],[100.58318,13.80188],[100.58317,13.80007],[100.58039,13.80009],[100.5804,13.80099],[100.57855,13.801],[100.57853,13.79829],[100.57761,13.7983],[100.5776,13.79739],[100.57668,13.7974],[100.5767,13.80011],[100.57577,13.80012]]],[[[100.58253,13.84256],[100.58161,13.84256],[100.5816,13.84166],[100.58068,13.84167],[100.58068,13.84257],[100.57883,13.84258],[100.57884,13.84349],[100.58254,13.84346],[100.58253,13.84256]]],[[[100.57701,13.84711],[100.57702,13.84802],[100.57794,13.84801],[100.57794,13.84711],[100.57701,13.84711]]],[[[100.57887,13.84891],[100.57887,13.84801],[100.57794,13.84801],[100.57795,13.84892],[100.57887,13.84891]]],[[[100.57615,13.85706],[100.57708,13.85706],[100.57707,13.85615],[100.57615,13.85616],[100.57615,13.85706]]],[[[100.57817,13.88145],[100.58094,13.88144],[100.58095,13.88234],[100.5828,13.88233],[100.58279,13.88142],[100.58372,13.88142],[100.58373,13.88232],[100.58465,13.88232],[100.58465,13.88141],[100.5865,13.8814],[100.58649,13.8805],[100.58834,13.88048],[100.58832,13.87777],[100.58555,13.87779],[100.58554,13.87689],[100.58369,13.8769],[100.58371,13.87961],[100.58186,13.87962],[100.58185,13.87781],[100.57999,13.87783],[100.58,13.87873],[100.57908,13.87874],[100.57907,13.87783],[100.57814,13.87784],[100.57814,13.87694],[100.57629,13.87695],[100.57629,13.87785],[100.57722,13.87784],[100.57723,13.87875],[100.57538,13.87876],[100.57538,13.87966],[100.57816,13.87965],[100.57817,13.88145]],[[100.58001,13.87963],[100.58093,13.87963],[100.58094,13.88053],[100.58001,13.88054],[100.58001,13.87963]]],[[[100.57999,13.87783],[100.57999,13.87692],[100.57906,13.87693],[100.57907,13.87783],[100.57999,13.87783]]],[[[100.57632,13.88147],[100.57631,13.88056],[100.57539,13.88057],[100.57539,13.88147],[100.57632,13.88147]]],[[[100.58103,13.89409],[100.58104,13.89499],[100.58196,13.89499],[100.58196,13.89408],[100.58288,13.89408],[100.58287,13.89317],[100.58473,13.89316],[100.58471,13.89135],[100.58194,13.89137],[100.58195,13.89318],[100.5801,13.89319],[100.58009,13.89229],[100.57824,13.8923],[100.57825,13.8932],[100.57917,13.8932],[100.57918,13.8941],[100.58103,13.89409]]],[[[100.58074,13.71421],[100.58075,13.71512],[100.5826,13.71511],[100.58259,13.7142],[100.58352,13.7142],[100.5835,13.71149],[100.58442,13.71148],[100.58441,13.70967],[100.58349,13.70968],[100.58349,13.71058],[100.58257,13.71059],[100.58257,13.71149],[100.58165,13.7115],[100.58166,13.7124],[100.58073,13.71241],[100.58074,13.71331],[100.57981,13.71332],[100.57982,13.71422],[100.58074,13.71421]]],[[[100.58164,13.70969],[100.58164,13.71059],[100.58257,13.71059],[100.58256,13.70968],[100.58164,13.70969]]],[[[100.5789,13.71513],[100.57982,13.71512],[100.57982,13.71422],[100.57889,13.71423],[100.5789,13.71513]]],[[[100.58446,13.7169],[100.58445,13.716],[100.58353,13.716],[100.58353,13.71691],[100.58446,13.7169]]],[[[100.58353,13.71691],[100.58261,13.71691],[100.58262,13.71782],[100.58354,13.71781],[100.58353,13.71691]]],[[[100.58077,13.71873],[100.58262,13.71872],[100.58262,13.71782],[100.58077,13.71783],[100.58077,13.71873]]],[[[100.58198,13.76121],[100.58197,13.7594],[100.58105,13.75941],[100.58105,13.76031],[100.5792,13.76032],[100.57921,13.76123],[100.58198,13.76121]]],[[[100.58348,13.84617],[100.58349,13.84707],[100.58441,13.84707],[100.58442,13.84797],[100.58534,13.84796],[100.58532,13.84525],[100.5844,13.84526],[100.58439,13.84435],[100.58347,13.84436],[100.58346,13.84346],[100.58254,13.84346],[100.58254,13.84437],[100.58162,13.84437],[100.58163,13.84618],[100.58348,13.84617]]],[[[100.58257,13.84889],[100.5835,13.84888],[100.58349,13.84798],[100.58257,13.84798],[100.58257,13.84889]]],[[[100.58443,13.84978],[100.58444,13.85159],[100.58537,13.85158],[100.58536,13.84977],[100.58443,13.84978]]],[[[100.58076,13.85432],[100.58169,13.85431],[100.58168,13.85341],[100.58075,13.85342],[100.58076,13.85432]]],[[[100.58541,13.85791],[100.58449,13.85791],[100.58449,13.85882],[100.58357,13.85882],[100.58356,13.85792],[100.58171,13.85793],[100.58172,13.85974],[100.5808,13.85974],[100.58082,13.86246],[100.58267,13.86244],[100.58266,13.86154],[100.58359,13.86153],[100.58358,13.86063],[100.5845,13.86062],[100.5845,13.85972],[100.58635,13.85971],[100.58634,13.8588],[100.58542,13.85881],[100.58541,13.85791]]],[[[100.58564,13.89135],[100.58565,13.89316],[100.58658,13.89315],[100.58659,13.89496],[100.58751,13.89495],[100.58751,13.89405],[100.58843,13.89404],[100.58843,13.89314],[100.5875,13.89314],[100.58749,13.89224],[100.58657,13.89225],[100.58656,13.89134],[100.58749,13.89134],[100.58748,13.89043],[100.58933,13.89042],[100.58933,13.88952],[100.59025,13.88951],[100.59024,13.8877],[100.58931,13.88771],[100.5893,13.8859],[100.58745,13.88591],[100.58745,13.88501],[100.58559,13.88502],[100.5856,13.88593],[100.58468,13.88593],[100.58467,13.88503],[100.58282,13.88504],[100.58283,13.88594],[100.58375,13.88594],[100.58378,13.89046],[100.58471,13.89045],[100.58471,13.89135],[100.58564,13.89135]],[[100.58563,13.88954],[100.58655,13.88954],[100.58656,13.89044],[100.58563,13.89045],[100.58563,13.88954]]],[[[100.58199,13.8986],[100.58106,13.89861],[100.58107,13.89951],[100.58014,13.89952],[100.58015,13.90133],[100.58108,13.90132],[100.58109,13.90223],[100.58201,13.90222],[100.58202,13.90312],[100.58294,13.90312],[100.58295,13.90402],[100.58387,13.90401],[100.58388,13.90492],[100.58666,13.9049],[100.58665,13.904],[100.58757,13.90399],[100.58757,13.90309],[100.58942,13.90308],[100.58943,13.90488],[100.59036,13.90488],[100.59036,13.90578],[100.59129,13.90577],[100.59129,13.90668],[100.59222,13.90667],[100.59221,13.90577],[100.59314,13.90576],[100.59315,13.90757],[100.59223,13.90758],[100.59223,13.90848],[100.59131,13.90849],[100.59131,13.90939],[100.59224,13.90938],[100.59225,13.91119],[100.5904,13.9112],[100.59043,13.91572],[100.58858,13.91574],[100.58859,13.91754],[100.59044,13.91753],[100.59045,13.91843],[100.59137,13.91843],[100.59138,13.91933],[100.59231,13.91933],[100.59231,13.92023],[100.59416,13.92022],[100.59417,13.92112],[100.59787,13.9211],[100.59788,13.92291],[100.59881,13.9229],[100.5988,13.922],[100.59973,13.92199],[100.59973,13.92289],[100.60343,13.92287],[100.60343,13.92197],[100.6025,13.92197],[100.60248,13.91926],[100.60063,13.91927],[100.60063,13.91837],[100.5997,13.91837],[100.59968,13.91566],[100.59876,13.91567],[100.59875,13.91476],[100.59783,13.91477],[100.59781,13.91296],[100.59689,13.91297],[100.59688,13.91207],[100.59596,13.91207],[100.59595,13.91026],[100.59502,13.91027],[100.59501,13.90846],[100.59408,13.90847],[100.59406,13.90485],[100.59221,13.90486],[100.59219,13.90306],[100.59127,13.90306],[100.59126,13.90126],[100.59033,13.90126],[100.59032,13.89945],[100.58939,13.89946],[100.58938,13.89765],[100.58846,13.89766],[100.58844,13.89495],[100.58751,13.89495],[100.58753,13.89676],[100.58567,13.89677],[100.58567,13.89587],[100.58474,13.89587],[100.58474,13.89497],[100.58196,13.89499],[100.58197,13.8968],[100.58105,13.8968],[100.58105,13.89771],[100.58198,13.8977],[100.58199,13.8986]],[[100.59137,13.91752],[100.59322,13.91751],[100.59323,13.91842],[100.59137,13.91843],[100.59137,13.91752]],[[100.59415,13.91841],[100.59416,13.91931],[100.59323,13.91932],[100.59323,13.91842],[100.59415,13.91841]],[[100.59972,13.92109],[100.60065,13.92108],[100.60065,13.92198],[100.59973,13.92199],[100.59972,13.92109]],[[100.58846,13.89856],[100.58754,13.89857],[100.58753,13.89766],[100.58846,13.89766],[100.58846,13.89856]],[[100.59413,13.9157],[100.59414,13.9166],[100.59321,13.91661],[100.59321,13.9157],[100.59413,13.9157]],[[100.59599,13.91749],[100.59507,13.9175],[100.59506,13.9166],[100.59599,13.91659],[100.59599,13.91749]],[[100.59692,13.91749],[100.59693,13.91839],[100.596,13.9184],[100.59599,13.91749],[100.59692,13.91749]]],[[[100.59025,13.61563],[100.59025,13.61472],[100.58932,13.61473],[100.58933,13.61563],[100.59025,13.61563]]],[[[100.58749,13.61745],[100.58751,13.62016],[100.58659,13.62017],[100.58659,13.62107],[100.58567,13.62108],[100.58567,13.62198],[100.58475,13.62199],[100.58476,13.62289],[100.58938,13.62286],[100.58938,13.62377],[100.58846,13.62377],[100.5885,13.6301],[100.59035,13.63009],[100.59034,13.62828],[100.58941,13.62829],[100.58941,13.62738],[100.59033,13.62738],[100.59032,13.62647],[100.5931,13.62646],[100.5931,13.62736],[100.59495,13.62735],[100.59495,13.62644],[100.59402,13.62645],[100.59402,13.62555],[100.59586,13.62553],[100.59586,13.62463],[100.59771,13.62462],[100.59767,13.6192],[100.59582,13.61921],[100.59583,13.62011],[100.59305,13.62013],[100.59305,13.61923],[100.59028,13.61924],[100.59029,13.62105],[100.58844,13.62106],[100.58842,13.61835],[100.59027,13.61834],[100.59026,13.61653],[100.58656,13.61655],[100.58657,13.61746],[100.58749,13.61745]],[[100.58752,13.62107],[100.58752,13.62197],[100.5866,13.62198],[100.58659,13.62107],[100.58752,13.62107]],[[100.59029,13.62105],[100.59306,13.62103],[100.59307,13.62194],[100.59029,13.62195],[100.59029,13.62105]],[[100.59399,13.62193],[100.594,13.62283],[100.59307,13.62284],[100.59307,13.62194],[100.59399,13.62193]]],[[[100.58477,13.6247],[100.58476,13.62289],[100.58383,13.6229],[100.58384,13.62471],[100.58477,13.6247]]],[[[100.59314,13.63278],[100.59313,13.63188],[100.59221,13.63189],[100.5922,13.63008],[100.59127,13.63008],[100.59128,13.63099],[100.59035,13.63099],[100.59036,13.6319],[100.59128,13.63189],[100.59129,13.6328],[100.59314,13.63278]]],[[[100.59228,13.64273],[100.59136,13.64274],[100.59182,13.64454],[100.59229,13.64454],[100.59228,13.64273]]],[[[100.59178,13.70601],[100.59271,13.706],[100.59271,13.70691],[100.59364,13.7069],[100.59365,13.70871],[100.59457,13.7087],[100.59457,13.7078],[100.59549,13.70779],[100.5955,13.7087],[100.59642,13.70869],[100.59642,13.70779],[100.59734,13.70778],[100.59735,13.70868],[100.60012,13.70867],[100.60013,13.71047],[100.59921,13.71048],[100.59922,13.71138],[100.60106,13.71137],[100.60107,13.71228],[100.60292,13.71226],[100.60293,13.71407],[100.60386,13.71407],[100.60385,13.71316],[100.6057,13.71315],[100.60569,13.71134],[100.60476,13.71135],[100.60475,13.70954],[100.60752,13.70952],[100.60753,13.71043],[100.60845,13.71042],[100.60845,13.70952],[100.60937,13.70951],[100.60934,13.70499],[100.60842,13.705],[100.60841,13.70409],[100.60749,13.7041],[100.60749,13.705],[100.60472,13.70502],[100.60471,13.70412],[100.60379,13.70412],[100.6038,13.70593],[100.60195,13.70594],[100.60196,13.70685],[100.60011,13.70686],[100.6001,13.70505],[100.59825,13.70506],[100.59824,13.70416],[100.59917,13.70415],[100.59916,13.70325],[100.60101,13.70324],[100.601,13.70233],[100.59915,13.70235],[100.59915,13.70144],[100.59822,13.70145],[100.59822,13.70054],[100.59914,13.70054],[100.59914,13.69963],[100.59821,13.69964],[100.59821,13.69874],[100.59543,13.69875],[100.59544,13.69966],[100.59636,13.69965],[100.59637,13.70146],[100.59545,13.70147],[100.59546,13.70237],[100.59453,13.70238],[100.59453,13.70147],[100.5936,13.70148],[100.59361,13.70238],[100.59268,13.70239],[100.59269,13.70329],[100.59084,13.7033],[100.59085,13.70421],[100.59177,13.7042],[100.59178,13.70601]],[[100.60106,13.71047],[100.60198,13.71046],[100.60199,13.71137],[100.60106,13.71137],[100.60106,13.71047]],[[100.60291,13.71136],[100.60384,13.71135],[100.60384,13.71226],[100.60292,13.71226],[100.60291,13.71136]],[[100.60383,13.70955],[100.60382,13.70864],[100.60474,13.70864],[100.60475,13.70954],[100.60383,13.70955]],[[100.60012,13.70776],[100.59919,13.70777],[100.59918,13.70686],[100.60011,13.70686],[100.60012,13.70776]],[[100.59824,13.70326],[100.59731,13.70326],[100.5973,13.70236],[100.59823,13.70235],[100.59824,13.70326]]],[[[100.58994,13.70692],[100.58995,13.70873],[100.59088,13.70873],[100.59088,13.70963],[100.58996,13.70964],[100.58996,13.71054],[100.58627,13.71056],[100.58628,13.71237],[100.59275,13.71233],[100.59276,13.71323],[100.59368,13.71323],[100.59366,13.71052],[100.59459,13.71051],[100.59458,13.70961],[100.59273,13.70962],[100.59272,13.70781],[100.59087,13.70782],[100.59086,13.70692],[100.58994,13.70692]],[[100.59181,13.71053],[100.59182,13.71143],[100.59089,13.71144],[100.59089,13.71053],[100.59181,13.71053]]],[[[100.59187,13.71866],[100.59279,13.71866],[100.5928,13.71956],[100.59372,13.71955],[100.59372,13.71865],[100.59464,13.71865],[100.59465,13.71955],[100.59557,13.71954],[100.59558,13.72135],[100.59651,13.72134],[100.5965,13.71954],[100.59742,13.71953],[100.59741,13.71863],[100.59834,13.71862],[100.59833,13.71772],[100.59926,13.71771],[100.59923,13.7141],[100.59461,13.71413],[100.59462,13.71503],[100.59369,13.71504],[100.5937,13.71594],[100.59092,13.71596],[100.59094,13.71777],[100.59186,13.71776],[100.59187,13.71866]],[[100.59741,13.71772],[100.5974,13.71682],[100.59833,13.71681],[100.59833,13.71772],[100.59741,13.71772]]],[[[100.59188,13.72047],[100.59189,13.72137],[100.59281,13.72137],[100.5928,13.71956],[100.59187,13.71957],[100.59187,13.71866],[100.59094,13.71867],[100.59096,13.72048],[100.59188,13.72047]]],[[[100.58726,13.7205],[100.58725,13.7196],[100.58633,13.7196],[100.58633,13.72051],[100.58726,13.7205]]],[[[100.5939,13.74577],[100.59575,13.74576],[100.59576,13.74666],[100.5976,13.74665],[100.59761,13.74755],[100.59854,13.74754],[100.59853,13.74664],[100.59945,13.74664],[100.59946,13.74754],[100.60038,13.74753],[100.60039,13.74844],[100.60132,13.74843],[100.60131,13.74753],[100.60223,13.74752],[100.60224,13.74842],[100.60316,13.74842],[100.60317,13.74932],[100.6041,13.74932],[100.60409,13.74841],[100.60501,13.74841],[100.60502,13.74931],[100.60687,13.7493],[100.60686,13.74839],[100.60779,13.74839],[100.60778,13.74658],[100.6087,13.74657],[100.60869,13.74567],[100.60777,13.74568],[100.60776,13.74477],[100.60869,13.74477],[100.60868,13.74296],[100.60683,13.74297],[100.60682,13.74207],[100.6059,13.74207],[100.60589,13.74117],[100.60681,13.74116],[100.6068,13.73936],[100.60773,13.73935],[100.60771,13.73754],[100.60494,13.73756],[100.60495,13.73846],[100.60402,13.73847],[100.60402,13.73757],[100.60309,13.73757],[100.6031,13.73848],[100.60217,13.73848],[100.60217,13.73758],[100.60124,13.73758],[100.60125,13.73849],[100.60032,13.73849],[100.60032,13.73759],[100.59939,13.7376],[100.59939,13.73669],[100.59846,13.7367],[100.59845,13.73489],[100.5966,13.7349],[100.59662,13.73761],[100.59754,13.73761],[100.59755,13.73851],[100.59847,13.73851],[100.59849,13.74031],[100.59571,13.74033],[100.5957,13.73852],[100.59478,13.73853],[100.59479,13.74124],[100.59387,13.74125],[100.59388,13.74215],[100.59295,13.74216],[100.59296,13.74306],[100.59203,13.74307],[100.59204,13.74397],[100.59296,13.74397],[100.59297,13.74487],[100.59389,13.74486],[100.5939,13.74577]],[[100.5985,13.74212],[100.59851,13.74393],[100.59759,13.74394],[100.59757,13.74213],[100.5985,13.74212]],[[100.59944,13.74483],[100.59944,13.74392],[100.60036,13.74392],[100.60037,13.74482],[100.59944,13.74483]],[[100.60129,13.74482],[100.6013,13.74572],[100.60037,13.74573],[100.60037,13.74482],[100.60129,13.74482]],[[100.605,13.7466],[100.605,13.7457],[100.60592,13.74569],[100.60593,13.74659],[100.605,13.7466]],[[100.60591,13.74479],[100.60684,13.74478],[100.60684,13.74568],[100.60592,13.74569],[100.60591,13.74479]]],[[[100.58723,13.85337],[100.58631,13.85338],[100.58632,13.85519],[100.58817,13.85518],[100.58816,13.85427],[100.58909,13.85427],[100.58907,13.85246],[100.58815,13.85246],[100.58811,13.84704],[100.58626,13.84705],[100.58627,13.84796],[100.58534,13.84796],[100.58535,13.84887],[100.5872,13.84886],[100.58723,13.85337]]],[[[100.59004,13.85878],[100.59004,13.85788],[100.58911,13.85788],[100.5891,13.85698],[100.58818,13.85698],[100.58819,13.85879],[100.59004,13.85878]]],[[[100.59285,13.86419],[100.59283,13.86057],[100.59098,13.86058],[100.59097,13.85968],[100.59005,13.85968],[100.59006,13.86149],[100.59099,13.86149],[100.591,13.86329],[100.59007,13.8633],[100.59008,13.8642],[100.59285,13.86419]]],[[[100.58728,13.86061],[100.58727,13.8597],[100.58635,13.85971],[100.58635,13.86061],[100.58728,13.86061]]],[[[100.58637,13.86242],[100.58729,13.86241],[100.58729,13.86151],[100.58636,13.86152],[100.58637,13.86242]]],[[[100.58638,13.86513],[100.58639,13.86603],[100.58732,13.86603],[100.58732,13.86693],[100.58825,13.86693],[100.58825,13.86783],[100.58733,13.86784],[100.58734,13.86964],[100.58642,13.86965],[100.58643,13.87236],[100.58736,13.87236],[100.58737,13.87326],[100.58922,13.87325],[100.58923,13.87596],[100.58831,13.87597],[100.58832,13.87687],[100.58924,13.87686],[100.58925,13.87777],[100.5911,13.87775],[100.59109,13.87685],[100.59294,13.87684],[100.59293,13.87594],[100.59386,13.87593],[100.59385,13.87503],[100.592,13.87504],[100.592,13.87413],[100.59015,13.87415],[100.59013,13.87234],[100.58921,13.87234],[100.58919,13.86963],[100.59012,13.86963],[100.59011,13.86872],[100.59104,13.86872],[100.59101,13.8651],[100.59009,13.86511],[100.59008,13.8642],[100.58823,13.86422],[100.58822,13.86331],[100.5873,13.86332],[100.58731,13.86512],[100.58638,13.86513]]],[[[100.59285,13.86419],[100.59287,13.86599],[100.59379,13.86599],[100.59378,13.86418],[100.59285,13.86419]]],[[[100.59207,13.88498],[100.59208,13.88588],[100.593,13.88588],[100.59301,13.88678],[100.59578,13.88676],[100.5958,13.88857],[100.59672,13.88857],[100.5967,13.88495],[100.59855,13.88494],[100.59854,13.88403],[100.59762,13.88404],[100.59761,13.88314],[100.59854,13.88313],[100.59852,13.88132],[100.5976,13.88133],[100.5976,13.88223],[100.59668,13.88224],[100.59667,13.88133],[100.59575,13.88134],[100.59576,13.88315],[100.59391,13.88316],[100.5939,13.88226],[100.59298,13.88226],[100.59297,13.88045],[100.59019,13.88047],[100.5902,13.88138],[100.59112,13.88137],[100.59114,13.88408],[100.59021,13.88409],[100.59022,13.88499],[100.59207,13.88498]],[[100.59207,13.88498],[100.59206,13.88317],[100.59298,13.88317],[100.593,13.88497],[100.59207,13.88498]]],[[[100.59023,13.8859],[100.59022,13.88499],[100.5893,13.885],[100.5893,13.8859],[100.59023,13.8859]]],[[[100.59483,13.60927],[100.5976,13.60925],[100.59761,13.61016],[100.59853,13.61015],[100.59853,13.60925],[100.59945,13.60924],[100.59947,13.61195],[100.60132,13.61194],[100.60132,13.61284],[100.6041,13.61283],[100.60408,13.61102],[100.60316,13.61102],[100.60315,13.61012],[100.60408,13.61012],[100.60407,13.60921],[100.60315,13.60922],[100.60314,13.60831],[100.60407,13.60831],[100.60406,13.6074],[100.60221,13.60742],[100.6022,13.60651],[100.60128,13.60652],[100.60127,13.60561],[100.59943,13.60563],[100.59942,13.60472],[100.5985,13.60473],[100.59849,13.60382],[100.59664,13.60384],[100.59665,13.60474],[100.59757,13.60473],[100.59758,13.60564],[100.59665,13.60564],[100.59667,13.60745],[100.59482,13.60746],[100.59483,13.60927]]],[[[100.59315,13.63369],[100.5913,13.6337],[100.5913,13.6346],[100.59315,13.63459],[100.59316,13.6364],[100.59224,13.6364],[100.59225,13.63731],[100.59409,13.6373],[100.59411,13.6391],[100.59688,13.63909],[100.59687,13.63818],[100.5978,13.63818],[100.59781,13.63998],[100.59966,13.63997],[100.59964,13.63726],[100.60056,13.63726],[100.60055,13.63545],[100.59963,13.63545],[100.59961,13.63365],[100.59869,13.63365],[100.59868,13.63184],[100.59683,13.63186],[100.59682,13.63095],[100.59313,13.63098],[100.59313,13.63188],[100.59406,13.63187],[100.59406,13.63278],[100.59314,13.63278],[100.59315,13.63369]],[[100.59871,13.63727],[100.59871,13.63636],[100.59963,13.63636],[100.59964,13.63726],[100.59871,13.63727]],[[100.59408,13.63459],[100.59407,13.63368],[100.59499,13.63368],[100.595,13.63458],[100.59408,13.63459]]],[[[100.5923,13.64544],[100.59265,13.64725],[100.59324,13.64725],[100.59322,13.64544],[100.5923,13.64544]]],[[[100.59419,13.65176],[100.59418,13.65085],[100.59511,13.65085],[100.5951,13.64994],[100.59603,13.64994],[100.59601,13.64723],[100.59786,13.64722],[100.59785,13.64631],[100.59415,13.64634],[100.59416,13.64724],[100.59324,13.64725],[100.59327,13.65176],[100.59419,13.65176]],[[100.59508,13.64723],[100.5951,13.64904],[100.59417,13.64905],[100.59416,13.64724],[100.59508,13.64723]]],[[[100.59706,13.6662],[100.59705,13.6644],[100.5989,13.66438],[100.59889,13.66348],[100.60166,13.66346],[100.60166,13.66256],[100.60351,13.66255],[100.60351,13.66345],[100.60444,13.66344],[100.60446,13.66616],[100.6063,13.66614],[100.6063,13.66524],[100.60907,13.66522],[100.60905,13.66251],[100.60998,13.6625],[100.60997,13.6616],[100.6109,13.66159],[100.61089,13.66069],[100.61274,13.66068],[100.61273,13.65977],[100.61088,13.65979],[100.61088,13.65888],[100.60995,13.65889],[100.60995,13.65798],[100.6081,13.658],[100.60809,13.65619],[100.60716,13.65619],[100.60716,13.65529],[100.60623,13.6553],[100.60622,13.65439],[100.60253,13.65442],[100.60252,13.65261],[100.60159,13.65261],[100.6016,13.65352],[100.59975,13.65353],[100.59975,13.65443],[100.60068,13.65443],[100.60069,13.65533],[100.59884,13.65534],[100.59884,13.65625],[100.60069,13.65624],[100.60071,13.65895],[100.60348,13.65893],[100.60349,13.66074],[100.60257,13.66074],[100.60256,13.65984],[100.60072,13.65985],[100.60072,13.66076],[100.5998,13.66076],[100.59979,13.65986],[100.59794,13.65987],[100.59795,13.66077],[100.5961,13.66079],[100.59612,13.6644],[100.59428,13.66441],[100.59428,13.66532],[100.59613,13.6653],[100.59614,13.66621],[100.59706,13.6662]],[[100.60255,13.65713],[100.60254,13.65622],[100.60439,13.65621],[100.60439,13.65712],[100.60255,13.65713]]],[[[100.59725,13.69422],[100.59726,13.69603],[100.59819,13.69602],[100.59819,13.69693],[100.59912,13.69692],[100.59912,13.69783],[100.6019,13.69781],[100.6019,13.69871],[100.60283,13.69871],[100.60282,13.6978],[100.60375,13.6978],[100.60374,13.69689],[100.60282,13.6969],[100.6028,13.69509],[100.60188,13.6951],[100.60187,13.69419],[100.60372,13.69418],[100.60371,13.69328],[100.60464,13.69327],[100.60463,13.69237],[100.60278,13.69238],[100.60278,13.69148],[100.6,13.69149],[100.60001,13.6924],[100.59631,13.69242],[100.59633,13.69423],[100.59725,13.69422]],[[100.60002,13.6933],[100.60002,13.6942],[100.5991,13.69421],[100.59909,13.69331],[100.60002,13.6933]],[[100.60189,13.6969],[100.60004,13.69692],[100.60004,13.69601],[100.60188,13.696],[100.60189,13.6969]]],[[[100.59458,13.70961],[100.5955,13.7096],[100.5955,13.7087],[100.59457,13.7087],[100.59458,13.70961]]],[[[100.59735,13.70959],[100.59735,13.70868],[100.59642,13.70869],[100.59643,13.70959],[100.59735,13.70959]]],[[[100.5938,13.86689],[100.59565,13.86688],[100.59564,13.86597],[100.59379,13.86599],[100.5938,13.86689]]],[[[100.59749,13.86596],[100.59657,13.86597],[100.59657,13.86687],[100.59565,13.86688],[100.59565,13.86778],[100.5975,13.86777],[100.59751,13.86867],[100.59844,13.86867],[100.59842,13.86686],[100.5975,13.86687],[100.59749,13.86596]]],[[[100.59935,13.86685],[100.59934,13.86595],[100.59842,13.86596],[100.59842,13.86686],[100.59935,13.86685]]],[[[100.59754,13.87319],[100.59847,13.87319],[100.59844,13.86957],[100.59752,13.86958],[100.59754,13.87319]]],[[[100.59673,13.89037],[100.59858,13.89036],[100.59859,13.89126],[100.59952,13.89126],[100.5995,13.88945],[100.59858,13.88946],[100.59857,13.88855],[100.59672,13.88857],[100.59673,13.89037]]],[[[100.60126,13.60381],[100.60127,13.60561],[100.6022,13.60561],[100.60219,13.6038],[100.60126,13.60381]]],[[[100.60174,13.67521],[100.60174,13.67431],[100.60266,13.6743],[100.60267,13.67521],[100.60359,13.6752],[100.60357,13.67249],[100.60542,13.67248],[100.60542,13.67157],[100.60634,13.67157],[100.60633,13.66976],[100.6054,13.66976],[100.60539,13.66796],[100.60447,13.66796],[100.60448,13.66977],[100.60171,13.66979],[100.60171,13.67069],[100.60079,13.6707],[100.60081,13.67341],[100.59988,13.67342],[100.59989,13.67432],[100.60081,13.67431],[100.60082,13.67522],[100.60174,13.67521]]],[[[100.60185,13.69058],[100.60277,13.69057],[100.60277,13.68967],[100.60184,13.68967],[100.60185,13.69058]]],[[[100.59913,13.69873],[100.59912,13.69783],[100.5982,13.69783],[100.59821,13.69874],[100.59913,13.69873]]],[[[100.60108,13.71318],[100.60107,13.71228],[100.60015,13.71228],[100.60015,13.71319],[100.60108,13.71318]]],[[[100.60225,13.74933],[100.60224,13.74842],[100.60132,13.74843],[100.60132,13.74933],[100.60225,13.74933]]],[[[100.60216,13.87136],[100.60215,13.87045],[100.60122,13.87046],[100.60123,13.87136],[100.60216,13.87136]]],[[[100.60127,13.87678],[100.60312,13.87677],[100.60312,13.87768],[100.60497,13.87766],[100.60497,13.87676],[100.60404,13.87677],[100.60404,13.87586],[100.60126,13.87588],[100.60127,13.87678]]],[[[100.59943,13.8786],[100.59942,13.8777],[100.5985,13.87771],[100.5985,13.87861],[100.59943,13.8786]]],[[[100.60592,13.88127],[100.60591,13.87947],[100.60406,13.87948],[100.60406,13.87857],[100.60313,13.87858],[100.60314,13.88039],[100.60407,13.88038],[100.60407,13.88129],[100.60592,13.88127]]],[[[100.6032,13.88943],[100.6032,13.88852],[100.60227,13.88853],[100.60228,13.88943],[100.6032,13.88943]]],[[[100.60324,13.89485],[100.60417,13.89484],[100.60417,13.89575],[100.6051,13.89574],[100.60508,13.89303],[100.60323,13.89304],[100.60321,13.89033],[100.60229,13.89034],[100.60228,13.88943],[100.60043,13.88944],[100.60044,13.89035],[100.60136,13.89034],[100.60137,13.89125],[100.60044,13.89125],[100.60045,13.89216],[100.6023,13.89214],[100.60231,13.89395],[100.60324,13.89395],[100.60324,13.89485]]],[[[100.60471,13.97348],[100.6047,13.97257],[100.60428,13.97258],[100.60417,13.97348],[100.60471,13.97348]]],[[[100.60249,13.98705],[100.60207,13.99338],[100.603,13.99338],[100.60298,13.99157],[100.60391,13.99156],[100.60389,13.98885],[100.60574,13.98884],[100.60575,13.98974],[100.60667,13.98974],[100.60666,13.98793],[100.60759,13.98792],[100.60757,13.98611],[100.60665,13.98612],[100.60664,13.98431],[100.60571,13.98432],[100.6057,13.98341],[100.60478,13.98342],[100.60477,13.98161],[100.60384,13.98162],[100.60383,13.98072],[100.60327,13.98072],[100.60295,13.98705],[100.60249,13.98705]]],[[[100.60209,13.99576],[100.60208,13.99429],[100.60159,13.99429],[100.60143,13.99561],[100.60209,13.99576]]],[[[100.60571,13.57756],[100.60663,13.57756],[100.60665,13.58027],[100.6085,13.58026],[100.60849,13.57935],[100.61034,13.57934],[100.61033,13.57844],[100.61126,13.57843],[100.61127,13.58024],[100.61312,13.58023],[100.61311,13.57932],[100.61403,13.57932],[100.61403,13.57841],[100.61218,13.57843],[100.61217,13.57662],[100.61309,13.57661],[100.61309,13.57571],[100.61493,13.5757],[100.61493,13.57479],[100.61031,13.57482],[100.6103,13.57301],[100.61122,13.57301],[100.61121,13.5712],[100.60936,13.57121],[100.60935,13.57031],[100.60751,13.57032],[100.60752,13.57213],[100.60659,13.57213],[100.60661,13.57394],[100.60568,13.57395],[100.60571,13.57756]],[[100.61124,13.57662],[100.61124,13.57572],[100.61216,13.57571],[100.61217,13.57662],[100.61124,13.57662]]],[[[100.60354,13.66706],[100.60354,13.66797],[100.60447,13.66796],[100.60446,13.66706],[100.60354,13.66706]]],[[[100.60359,13.6752],[100.6036,13.6761],[100.60267,13.67611],[100.60268,13.67701],[100.6036,13.67701],[100.60363,13.68062],[100.60455,13.68062],[100.60457,13.68242],[100.60364,13.68243],[100.60365,13.68333],[100.60642,13.68332],[100.60643,13.68512],[100.60458,13.68514],[100.60459,13.68604],[100.60367,13.68605],[100.60365,13.68424],[100.60273,13.68424],[100.60275,13.68786],[100.60368,13.68785],[100.60369,13.68966],[100.60461,13.68966],[100.60461,13.68875],[100.60553,13.68875],[100.60553,13.68784],[100.60645,13.68784],[100.60646,13.68874],[100.60831,13.68873],[100.6083,13.68782],[100.60922,13.68782],[100.60922,13.68691],[100.60829,13.68692],[100.60829,13.68602],[100.60736,13.68602],[100.60734,13.68241],[100.60826,13.6824],[100.60827,13.6833],[100.60919,13.6833],[100.60917,13.67968],[100.61194,13.67967],[100.61195,13.68057],[100.61749,13.68053],[100.61749,13.67963],[100.61841,13.67962],[100.61841,13.67872],[100.61933,13.67871],[100.61933,13.67781],[100.6184,13.67782],[100.61839,13.67691],[100.61747,13.67692],[100.61748,13.67782],[100.61563,13.67783],[100.61562,13.67693],[100.6147,13.67694],[100.61469,13.67603],[100.61377,13.67604],[100.61376,13.67513],[100.61284,13.67514],[100.61283,13.67424],[100.61098,13.67425],[100.61099,13.67515],[100.60821,13.67517],[100.60822,13.67607],[100.6073,13.67608],[100.60728,13.67427],[100.60544,13.67428],[100.60545,13.67609],[100.60452,13.6761],[100.60452,13.67519],[100.60359,13.6752]],[[100.6064,13.6797],[100.6064,13.6806],[100.60548,13.68061],[100.60547,13.67971],[100.6064,13.6797]],[[100.60916,13.67788],[100.61101,13.67786],[100.61101,13.67877],[100.60916,13.67878],[100.60916,13.67788]]],[[[100.60278,13.69148],[100.6037,13.69147],[100.6037,13.69057],[100.60277,13.69057],[100.60278,13.69148]]],[[[100.60558,13.69507],[100.60557,13.69417],[100.60465,13.69417],[100.60465,13.69508],[100.60558,13.69507]]],[[[100.60746,13.69958],[100.60746,13.70048],[100.60654,13.70049],[100.60654,13.70139],[100.60839,13.70138],[100.6084,13.70229],[100.60932,13.70228],[100.60934,13.70409],[100.61026,13.70408],[100.61025,13.70318],[100.61118,13.70317],[100.61117,13.70227],[100.61302,13.70226],[100.61301,13.70135],[100.61394,13.70135],[100.61393,13.70044],[100.61116,13.70046],[100.61115,13.69956],[100.61485,13.69953],[100.61485,13.69863],[100.613,13.69864],[100.61298,13.69683],[100.60836,13.69686],[100.60836,13.69596],[100.60743,13.69596],[100.60744,13.69687],[100.60651,13.69687],[100.60653,13.69959],[100.60746,13.69958]],[[100.61022,13.69866],[100.61023,13.69956],[100.6093,13.69957],[100.6093,13.69866],[100.61022,13.69866]]],[[[100.60687,13.7493],[100.60688,13.7502],[100.60873,13.75019],[100.60872,13.74929],[100.60687,13.7493]]],[[[100.60401,13.87225],[100.60402,13.87315],[100.60494,13.87314],[100.60497,13.87676],[100.60589,13.87675],[100.60588,13.87495],[100.60681,13.87494],[100.60681,13.87584],[100.60774,13.87584],[100.60772,13.87403],[100.60957,13.87402],[100.60957,13.87311],[100.61049,13.87311],[100.61049,13.8722],[100.61141,13.8722],[100.6114,13.87039],[100.61233,13.87038],[100.61232,13.86948],[100.61047,13.86949],[100.61046,13.86859],[100.60954,13.8686],[100.60953,13.86679],[100.6086,13.86679],[100.60861,13.8677],[100.60676,13.86771],[100.60676,13.86861],[100.60491,13.86863],[100.60494,13.87224],[100.60401,13.87225]],[[100.60771,13.87222],[100.60771,13.87132],[100.60956,13.87131],[100.60956,13.87221],[100.60771,13.87222]],[[100.60772,13.87313],[100.60679,13.87313],[100.60679,13.87223],[100.60771,13.87222],[100.60772,13.87313]],[[100.60677,13.86952],[100.60769,13.86951],[100.6077,13.87042],[100.60677,13.87042],[100.60677,13.86952]]],[[[100.60593,13.88218],[100.60686,13.88217],[100.60685,13.88127],[100.60592,13.88127],[100.60593,13.88218]]],[[[100.60597,13.8885],[100.60875,13.88849],[100.60877,13.8921],[100.6097,13.8921],[100.60971,13.893],[100.61063,13.89299],[100.61064,13.8948],[100.60972,13.89481],[100.60975,13.89933],[100.61067,13.89932],[100.61069,13.90113],[100.61161,13.90112],[100.61161,13.90022],[100.61346,13.90021],[100.61344,13.8984],[100.61252,13.8984],[100.61251,13.8975],[100.61436,13.89749],[100.61434,13.89478],[100.61342,13.89478],[100.61341,13.89297],[100.61248,13.89298],[100.61248,13.89208],[100.61062,13.89209],[100.61062,13.89119],[100.61154,13.89118],[100.61154,13.89028],[100.61246,13.89027],[100.61245,13.88846],[100.61338,13.88846],[100.61337,13.88755],[100.61152,13.88756],[100.61151,13.88666],[100.61059,13.88667],[100.61059,13.88757],[100.60967,13.88758],[100.60966,13.88667],[100.60874,13.88668],[100.60871,13.88216],[100.60686,13.88217],[100.60686,13.88308],[100.60779,13.88307],[100.60781,13.88578],[100.60688,13.88579],[100.60689,13.88759],[100.60597,13.8876],[100.60597,13.8885]],[[100.60969,13.89119],[100.60969,13.89029],[100.61061,13.89028],[100.61062,13.89119],[100.60969,13.89119]]],[[[100.60602,13.89574],[100.6051,13.89574],[100.60511,13.89755],[100.60604,13.89754],[100.60604,13.89845],[100.60697,13.89844],[100.60696,13.89754],[100.60789,13.89753],[100.60788,13.89663],[100.60603,13.89664],[100.60602,13.89574]]],[[[100.60789,13.89843],[100.60882,13.89843],[100.60881,13.89752],[100.60789,13.89753],[100.60789,13.89843]]],[[[100.60596,13.95901],[100.60573,13.96082],[100.60647,13.96081],[100.60646,13.959],[100.60596,13.95901]]],[[[100.6093,13.96802],[100.60929,13.96712],[100.61022,13.96711],[100.61021,13.96621],[100.60744,13.96623],[100.60744,13.96713],[100.60559,13.96715],[100.60558,13.96534],[100.60517,13.96534],[100.60473,13.96896],[100.6056,13.96895],[100.6056,13.96805],[100.6093,13.96802]]],[[[100.60841,13.5676],[100.60841,13.5667],[100.60748,13.56671],[100.60749,13.56761],[100.60841,13.5676]]],[[[100.6076,13.58388],[100.60761,13.58569],[100.60853,13.58568],[100.60852,13.58387],[100.6076,13.58388]]],[[[100.6109,13.6625],[100.61183,13.66249],[100.61182,13.66159],[100.6109,13.66159],[100.6109,13.6625]]],[[[100.60819,13.67155],[100.60818,13.67065],[100.60726,13.67066],[100.60727,13.67156],[100.60819,13.67155]]],[[[100.61005,13.67335],[100.61004,13.67245],[100.60912,13.67245],[100.60913,13.67336],[100.61005,13.67335]]],[[[100.61109,13.68961],[100.61201,13.68961],[100.61202,13.69142],[100.61017,13.69143],[100.61018,13.69233],[100.60741,13.69235],[100.60741,13.69325],[100.60834,13.69325],[100.60834,13.69415],[100.61112,13.69413],[100.61112,13.69504],[100.6139,13.69502],[100.61389,13.69411],[100.61481,13.69411],[100.61481,13.6932],[100.61573,13.6932],[100.61573,13.69229],[100.61758,13.69228],[100.61756,13.69048],[100.61571,13.69049],[100.6157,13.68778],[100.61385,13.68779],[100.61384,13.68688],[100.61476,13.68688],[100.61475,13.68507],[100.61383,13.68508],[100.61383,13.68598],[100.61291,13.68599],[100.61292,13.68779],[100.61107,13.68781],[100.61109,13.68961]]],[[[100.60928,13.69595],[100.61113,13.69594],[100.61112,13.69504],[100.60927,13.69505],[100.60928,13.69595]]],[[[100.60774,13.74116],[100.60774,13.74206],[100.61052,13.74204],[100.61051,13.74114],[100.60774,13.74116]]],[[[100.61418,13.87037],[100.61416,13.86856],[100.61786,13.86854],[100.61788,13.87035],[100.6225,13.87032],[100.62251,13.87122],[100.62343,13.87122],[100.62341,13.8676],[100.62433,13.86759],[100.62432,13.86579],[100.62525,13.86578],[100.62526,13.86759],[100.62618,13.86758],[100.62618,13.86668],[100.62803,13.86667],[100.62801,13.86486],[100.62986,13.86485],[100.62986,13.86394],[100.63078,13.86394],[100.63078,13.86303],[100.62985,13.86304],[100.62985,13.86213],[100.63355,13.86211],[100.63354,13.86121],[100.63169,13.86122],[100.63168,13.86031],[100.63261,13.86031],[100.6326,13.8594],[100.63353,13.8594],[100.63352,13.85849],[100.63445,13.85849],[100.63445,13.85939],[100.63723,13.85937],[100.63721,13.85757],[100.63814,13.85756],[100.63813,13.85666],[100.63721,13.85666],[100.6372,13.85576],[100.63905,13.85574],[100.63906,13.85665],[100.64091,13.85664],[100.6409,13.85573],[100.64183,13.85573],[100.64181,13.85392],[100.63996,13.85393],[100.63997,13.85483],[100.63812,13.85485],[100.63811,13.85394],[100.63719,13.85395],[100.6372,13.85485],[100.63627,13.85486],[100.63628,13.85576],[100.63535,13.85577],[100.63535,13.85487],[100.63442,13.85487],[100.63443,13.85578],[100.6335,13.85578],[100.63351,13.85759],[100.63259,13.8576],[100.6326,13.8585],[100.63075,13.85851],[100.63074,13.85761],[100.62981,13.85761],[100.62983,13.86033],[100.62891,13.86033],[100.62891,13.86124],[100.62799,13.86124],[100.628,13.86215],[100.62615,13.86216],[100.62614,13.86125],[100.62521,13.86126],[100.62522,13.86216],[100.6243,13.86217],[100.62431,13.86488],[100.62061,13.86491],[100.62061,13.864],[100.62153,13.864],[100.62153,13.86309],[100.61968,13.86311],[100.61967,13.8622],[100.61874,13.86221],[100.61876,13.86402],[100.61691,13.86403],[100.6169,13.86312],[100.61505,13.86314],[100.61506,13.86404],[100.61413,13.86405],[100.61414,13.86495],[100.61229,13.86496],[100.6123,13.86677],[100.61138,13.86678],[100.61138,13.86768],[100.61323,13.86767],[100.61325,13.87038],[100.61418,13.87037]],[[100.63076,13.86032],[100.63076,13.86122],[100.62984,13.86123],[100.62983,13.86033],[100.63076,13.86032]],[[100.61785,13.86673],[100.61693,13.86674],[100.61692,13.86583],[100.61784,13.86583],[100.61785,13.86673]]],[[[100.60981,13.90836],[100.60982,13.91017],[100.61075,13.91017],[100.61076,13.91107],[100.61168,13.91106],[100.61169,13.91197],[100.61261,13.91196],[100.61263,13.91377],[100.61448,13.91376],[100.61448,13.91466],[100.61633,13.91465],[100.61633,13.91374],[100.61725,13.91374],[100.61726,13.91464],[100.61818,13.91464],[100.61819,13.91554],[100.61726,13.91555],[100.61728,13.91735],[100.6182,13.91735],[100.61821,13.91825],[100.62006,13.91824],[100.62005,13.91734],[100.62098,13.91733],[100.62097,13.91552],[100.62189,13.91552],[100.62188,13.91461],[100.62374,13.9146],[100.62373,13.9137],[100.6228,13.9137],[100.6228,13.9128],[100.62372,13.91279],[100.6237,13.91008],[100.62463,13.91007],[100.62462,13.90827],[100.62554,13.90826],[100.62554,13.90736],[100.62368,13.90737],[100.62368,13.90647],[100.62183,13.90648],[100.62182,13.90557],[100.62275,13.90557],[100.62274,13.90466],[100.62089,13.90468],[100.6209,13.90558],[100.61997,13.90559],[100.61996,13.90468],[100.61719,13.9047],[100.61718,13.9038],[100.61626,13.9038],[100.61625,13.9029],[100.61533,13.9029],[100.61533,13.90381],[100.61441,13.90381],[100.6144,13.90291],[100.61348,13.90292],[100.61347,13.90201],[100.61254,13.90202],[100.61254,13.90112],[100.61161,13.90112],[100.61164,13.90564],[100.61257,13.90563],[100.61258,13.90654],[100.61072,13.90655],[100.61074,13.90836],[100.60981,13.90836]],[[100.61261,13.91106],[100.61353,13.91105],[100.61354,13.91196],[100.61261,13.91196],[100.61261,13.91106]],[[100.61912,13.91553],[100.61912,13.91644],[100.6182,13.91644],[100.61819,13.91554],[100.61912,13.91553]],[[100.62278,13.91009],[100.62277,13.90918],[100.6237,13.90918],[100.6237,13.91008],[100.62278,13.91009]],[[100.61628,13.90742],[100.61721,13.90741],[100.61721,13.90832],[100.61629,13.90832],[100.61628,13.90742]],[[100.61813,13.90741],[100.61813,13.9065],[100.61905,13.9065],[100.61906,13.9074],[100.61813,13.90741]],[[100.6172,13.90651],[100.6172,13.9056],[100.61812,13.9056],[100.61813,13.9065],[100.6172,13.90651]],[[100.62091,13.90739],[100.62183,13.90738],[100.62184,13.90829],[100.62092,13.90829],[100.62091,13.90739]],[[100.62187,13.9119],[100.62187,13.9128],[100.62095,13.91281],[100.62094,13.91191],[100.62187,13.9119]]],[[[100.61289,13.68237],[100.61381,13.68236],[100.6138,13.68146],[100.61288,13.68147],[100.61289,13.68237]]],[[[100.61381,13.68236],[100.61382,13.68327],[100.61474,13.68326],[100.61473,13.68236],[100.61381,13.68236]]],[[[100.61567,13.68416],[100.61566,13.68326],[100.61474,13.68326],[100.61475,13.68417],[100.61567,13.68416]]],[[[100.62003,13.77994],[100.6228,13.77993],[100.62281,13.78083],[100.62373,13.78082],[100.62373,13.77992],[100.62557,13.77991],[100.62558,13.78081],[100.62651,13.78081],[100.62652,13.78352],[100.62745,13.78351],[100.62744,13.7817],[100.62836,13.7817],[100.62837,13.7826],[100.62929,13.7826],[100.62931,13.7844],[100.63115,13.78439],[100.63115,13.78349],[100.63207,13.78348],[100.63205,13.77987],[100.63482,13.77985],[100.63482,13.77894],[100.63574,13.77894],[100.63573,13.77803],[100.63758,13.77802],[100.63758,13.77712],[100.63665,13.77712],[100.63665,13.77622],[100.63572,13.77623],[100.63572,13.77532],[100.63664,13.77532],[100.63662,13.7726],[100.63755,13.7726],[100.63755,13.7735],[100.63848,13.7735],[100.63845,13.76988],[100.63568,13.7699],[100.63567,13.76899],[100.63475,13.769],[100.63473,13.76719],[100.63381,13.7672],[100.6338,13.7663],[100.63288,13.7663],[100.63288,13.76721],[100.63104,13.76722],[100.63104,13.76812],[100.63012,13.76813],[100.6301,13.76632],[100.62918,13.76633],[100.62919,13.76723],[100.62734,13.76724],[100.62734,13.76815],[100.62642,13.76815],[100.62643,13.76996],[100.62458,13.76997],[100.62459,13.77178],[100.62367,13.77179],[100.62368,13.77359],[100.62183,13.77361],[100.62184,13.77541],[100.62092,13.77542],[100.62093,13.77723],[100.62186,13.77722],[100.62186,13.77812],[100.62094,13.77813],[100.62094,13.77903],[100.62002,13.77904],[100.62003,13.77994]],[[100.63294,13.77534],[100.63295,13.77624],[100.63202,13.77625],[100.63202,13.77535],[100.63294,13.77534]],[[100.62737,13.77267],[100.6283,13.77266],[100.62831,13.77356],[100.62738,13.77357],[100.62737,13.77267]],[[100.62829,13.77085],[100.62736,13.77086],[100.62736,13.76995],[100.62828,13.76995],[100.62829,13.77085]],[[100.62828,13.76995],[100.62827,13.76814],[100.62919,13.76813],[100.6292,13.76994],[100.62828,13.76995]]],[[[100.61778,13.85679],[100.61963,13.85678],[100.61964,13.85768],[100.62241,13.85766],[100.62241,13.85676],[100.62426,13.85675],[100.62425,13.85584],[100.62703,13.85583],[100.62702,13.85492],[100.6261,13.85493],[100.62609,13.85402],[100.62424,13.85404],[100.62423,13.85313],[100.62331,13.85314],[100.6233,13.85223],[100.62238,13.85224],[100.62237,13.85134],[100.62052,13.85135],[100.62053,13.85225],[100.6196,13.85226],[100.61961,13.85316],[100.62053,13.85316],[100.62054,13.85496],[100.61962,13.85497],[100.61963,13.85587],[100.61778,13.85589],[100.61778,13.85679]]],[[[100.61966,13.86039],[100.61873,13.8604],[100.61874,13.8613],[100.61966,13.8613],[100.61966,13.86039]]],[[[100.61782,13.86221],[100.61874,13.86221],[100.61874,13.8613],[100.61781,13.86131],[100.61782,13.86221]]],[[[100.62283,13.91732],[100.62282,13.91641],[100.6219,13.91642],[100.6219,13.91732],[100.62283,13.91732]]],[[[100.62284,13.91912],[100.62192,13.91913],[100.62191,13.91823],[100.62098,13.91823],[100.62099,13.91914],[100.62007,13.91914],[100.62007,13.92005],[100.61915,13.92005],[100.61916,13.92186],[100.62008,13.92185],[100.62009,13.92276],[100.62194,13.92275],[100.62195,13.92365],[100.6201,13.92366],[100.6201,13.92457],[100.61918,13.92457],[100.61918,13.92548],[100.62011,13.92547],[100.62012,13.92728],[100.62105,13.92727],[100.62107,13.92998],[100.62384,13.92996],[100.62385,13.93087],[100.62292,13.93087],[100.62293,13.93178],[100.622,13.93178],[100.62201,13.93269],[100.62386,13.93268],[100.62387,13.93358],[100.62479,13.93357],[100.6248,13.93448],[100.62387,13.93448],[100.62388,13.93539],[100.62573,13.93538],[100.62572,13.93447],[100.62665,13.93447],[100.62664,13.93356],[100.62849,13.93355],[100.62849,13.93265],[100.63034,13.93263],[100.63033,13.93173],[100.62941,13.93174],[100.6294,13.93083],[100.63125,13.93082],[100.63125,13.92992],[100.63032,13.92992],[100.63031,13.92902],[100.63216,13.92901],[100.63215,13.9272],[100.63308,13.92719],[100.63307,13.92629],[100.63215,13.92629],[100.63214,13.92539],[100.63121,13.9254],[100.63121,13.92449],[100.62936,13.9245],[100.62935,13.9236],[100.63028,13.92359],[100.63027,13.92269],[100.63119,13.92268],[100.63118,13.91997],[100.62747,13.92],[100.62748,13.9209],[100.62656,13.92091],[100.62655,13.92],[100.62562,13.92001],[100.62562,13.91911],[100.62654,13.9191],[100.62654,13.9182],[100.62746,13.91819],[100.62746,13.91729],[100.62468,13.9173],[100.62469,13.91821],[100.62376,13.91821],[100.62375,13.91731],[100.62283,13.91732],[100.62284,13.91912]],[[100.62377,13.91912],[100.62377,13.92002],[100.62285,13.92003],[100.62284,13.91912],[100.62377,13.91912]],[[100.62008,13.92095],[100.621,13.92094],[100.62101,13.92185],[100.62008,13.92185],[100.62008,13.92095]],[[100.62472,13.92363],[100.62287,13.92364],[100.62287,13.92274],[100.62472,13.92273],[100.62472,13.92363]],[[100.62197,13.92727],[100.6229,13.92726],[100.6229,13.92816],[100.62198,13.92817],[100.62197,13.92727]],[[100.62564,13.92272],[100.62564,13.92182],[100.62656,13.92181],[100.62657,13.92272],[100.62564,13.92272]],[[100.62569,13.92995],[100.62571,13.93176],[100.62478,13.93177],[100.62477,13.92996],[100.62569,13.92995]],[[100.62754,13.92994],[100.62662,13.92995],[100.62661,13.92904],[100.62754,13.92904],[100.62754,13.92994]]],[[[100.627,13.85221],[100.62608,13.85222],[100.62608,13.85312],[100.62886,13.8531],[100.62885,13.85129],[100.6307,13.85128],[100.63069,13.85038],[100.63161,13.85037],[100.63161,13.84947],[100.62976,13.84948],[100.62976,13.85038],[100.62699,13.8504],[100.627,13.85221]]],[[[100.63348,13.85307],[100.63626,13.85305],[100.63625,13.85215],[100.63718,13.85214],[100.63717,13.85124],[100.6344,13.85126],[100.63439,13.85035],[100.63254,13.85037],[100.63255,13.85127],[100.6307,13.85128],[100.6307,13.85219],[100.63348,13.85217],[100.63348,13.85307]]],[[[100.62704,13.85763],[100.62703,13.85673],[100.62611,13.85674],[100.62611,13.85764],[100.62704,13.85763]]],[[[100.62465,13.91369],[100.62465,13.91279],[100.62372,13.91279],[100.62373,13.9137],[100.62465,13.91369]]],[[[100.62655,13.92],[100.62747,13.92],[100.62747,13.91909],[100.62654,13.9191],[100.62655,13.92]]],[[[100.6321,13.91997],[100.63209,13.91906],[100.63117,13.91907],[100.63118,13.91997],[100.6321,13.91997]]],[[[100.63217,13.92991],[100.6331,13.9299],[100.63309,13.929],[100.63216,13.92901],[100.63217,13.92991]]],[[[100.64099,13.73552],[100.63914,13.73553],[100.63913,13.73462],[100.63821,13.73463],[100.63821,13.73553],[100.63636,13.73555],[100.63637,13.73645],[100.63729,13.73644],[100.63731,13.73916],[100.63916,13.73914],[100.63917,13.74005],[100.63824,13.74005],[100.63825,13.74096],[100.63918,13.74095],[100.63918,13.74185],[100.64011,13.74185],[100.6401,13.74094],[100.64102,13.74094],[100.64102,13.74003],[100.64194,13.74003],[100.64196,13.74274],[100.64289,13.74273],[100.64291,13.74545],[100.64383,13.74544],[100.64382,13.74363],[100.64474,13.74363],[100.64474,13.74272],[100.64751,13.7427],[100.64753,13.74632],[100.64846,13.74631],[100.64845,13.7445],[100.64937,13.7445],[100.64936,13.74269],[100.64843,13.7427],[100.64843,13.74179],[100.64658,13.74181],[100.64657,13.7409],[100.6475,13.7409],[100.64749,13.73999],[100.65211,13.73996],[100.65211,13.73906],[100.65488,13.73904],[100.65487,13.73813],[100.65395,13.73814],[100.65394,13.73633],[100.65486,13.73633],[100.65486,13.73542],[100.65301,13.73544],[100.65301,13.73634],[100.65209,13.73635],[100.6521,13.73815],[100.65025,13.73817],[100.65025,13.73726],[100.64562,13.73729],[100.64562,13.73639],[100.64747,13.73638],[100.64745,13.73457],[100.64653,13.73457],[100.64652,13.73367],[100.64282,13.7337],[100.64282,13.73279],[100.64189,13.7328],[100.64188,13.73099],[100.64096,13.731],[100.64096,13.7319],[100.64004,13.73191],[100.64006,13.73462],[100.64098,13.73461],[100.64099,13.73552]],[[100.64469,13.73549],[100.64469,13.73639],[100.64377,13.7364],[100.64376,13.7355],[100.64469,13.73549]],[[100.64379,13.74002],[100.6438,13.74092],[100.64287,13.74093],[100.64287,13.74002],[100.64379,13.74002]],[[100.64379,13.73911],[100.64471,13.73911],[100.64472,13.74001],[100.64379,13.74002],[100.64379,13.73911]],[[100.64657,13.74],[100.64564,13.74],[100.64563,13.7391],[100.64656,13.73909],[100.64657,13.74]]],[[[100.64745,13.73366],[100.64744,13.73276],[100.64652,13.73277],[100.64652,13.73367],[100.64745,13.73366]]],[[[100.64543,13.84214],[100.64544,13.84305],[100.64636,13.84304],[100.64637,13.84395],[100.64729,13.84394],[100.6473,13.84484],[100.651,13.84482],[100.65098,13.8412],[100.6519,13.8412],[100.65189,13.83939],[100.64911,13.83941],[100.64911,13.8385],[100.64818,13.83851],[100.64819,13.83941],[100.64726,13.83942],[100.64727,13.84032],[100.64634,13.84033],[100.64635,13.84123],[100.6445,13.84125],[100.64451,13.84215],[100.64543,13.84214]],[[100.64728,13.84123],[100.64728,13.84213],[100.64636,13.84214],[100.64635,13.84123],[100.64728,13.84123]]],[[[100.6445,13.84125],[100.64449,13.84034],[100.64357,13.84035],[100.64358,13.84125],[100.6445,13.84125]]],[[[100.64453,13.84486],[100.64451,13.84215],[100.64358,13.84216],[100.64358,13.84125],[100.6408,13.84127],[100.64081,13.84218],[100.64266,13.84216],[100.64267,13.84397],[100.64359,13.84396],[100.6436,13.84487],[100.64453,13.84486]]],[[[100.64175,13.84488],[100.64268,13.84487],[100.64267,13.84397],[100.64174,13.84398],[100.64175,13.84488]]],[[[100.64177,13.84759],[100.6427,13.84759],[100.64269,13.84668],[100.64176,13.84669],[100.64177,13.84759]]],[[[100.63531,13.85035],[100.63716,13.85033],[100.63717,13.85124],[100.63902,13.85123],[100.63903,13.85303],[100.64643,13.85298],[100.64644,13.85389],[100.64736,13.85388],[100.64736,13.85298],[100.64828,13.85297],[100.64829,13.85388],[100.65014,13.85386],[100.65013,13.85296],[100.65198,13.85295],[100.65197,13.85114],[100.65382,13.85113],[100.65381,13.85022],[100.65474,13.85022],[100.65473,13.84931],[100.65566,13.84931],[100.65565,13.8484],[100.6575,13.84839],[100.6575,13.84749],[100.65935,13.84747],[100.65934,13.84657],[100.65841,13.84658],[100.65841,13.84567],[100.65933,13.84567],[100.65932,13.84386],[100.65654,13.84388],[100.65655,13.84478],[100.65563,13.84479],[100.65564,13.84659],[100.65471,13.8466],[100.65471,13.8457],[100.65378,13.8457],[100.65379,13.84661],[100.65286,13.84661],[100.65286,13.84571],[100.65101,13.84572],[100.65101,13.84663],[100.65009,13.84663],[100.6501,13.84754],[100.65102,13.84753],[100.65103,13.84843],[100.65195,13.84843],[100.65196,13.84933],[100.64918,13.84935],[100.6492,13.85116],[100.64827,13.85116],[100.64826,13.84936],[100.64733,13.84936],[100.64734,13.85027],[100.64549,13.85028],[100.6455,13.85118],[100.6418,13.85121],[100.64179,13.8503],[100.64086,13.85031],[100.64086,13.84941],[100.64178,13.8494],[100.64177,13.84759],[100.64085,13.8476],[100.64084,13.84669],[100.63899,13.84671],[100.639,13.84851],[100.63623,13.84853],[100.63623,13.84944],[100.63531,13.84944],[100.63531,13.85035]],[[100.63902,13.85123],[100.63901,13.84942],[100.63993,13.84941],[100.63995,13.85122],[100.63902,13.85123]],[[100.64085,13.8485],[100.63993,13.84851],[100.63992,13.8476],[100.64085,13.8476],[100.64085,13.8485]]],[[[100.64514,13.93163],[100.64514,13.93253],[100.64607,13.93253],[100.64608,13.93343],[100.6507,13.9334],[100.65071,13.9343],[100.65163,13.9343],[100.65163,13.93339],[100.65533,13.93337],[100.65532,13.93246],[100.65625,13.93246],[100.65624,13.93155],[100.65347,13.93157],[100.65346,13.93067],[100.65161,13.93068],[100.65162,13.93159],[100.64791,13.93161],[100.64791,13.93071],[100.64698,13.93071],[100.64699,13.93162],[100.64514,13.93163]]],[[[100.63681,13.93169],[100.63682,13.93259],[100.63959,13.93257],[100.63959,13.93167],[100.63681,13.93169]]],[[[100.64148,13.93708],[100.64149,13.93979],[100.64242,13.93978],[100.64241,13.93888],[100.64334,13.93887],[100.64333,13.93707],[100.64425,13.93706],[100.64424,13.93616],[100.64239,13.93617],[100.64239,13.93526],[100.64516,13.93525],[100.64514,13.93253],[100.64237,13.93255],[100.64238,13.93346],[100.64145,13.93346],[100.64146,13.93527],[100.64054,13.93528],[100.64055,13.93708],[100.64148,13.93708]]],[[[100.69367,13.73245],[100.68812,13.73249],[100.68813,13.73339],[100.68535,13.73341],[100.68536,13.73431],[100.67981,13.73435],[100.67982,13.73525],[100.68721,13.7352],[100.68724,13.73882],[100.68817,13.73881],[100.68815,13.73701],[100.69,13.73699],[100.69001,13.7379],[100.69186,13.73788],[100.69185,13.73698],[100.6937,13.73697],[100.69371,13.73787],[100.69463,13.73786],[100.69462,13.73696],[100.69555,13.73695],[100.69554,13.73605],[100.69647,13.73604],[100.69646,13.73514],[100.69738,13.73513],[100.69738,13.73423],[100.69923,13.73422],[100.69922,13.73331],[100.70015,13.73331],[100.70014,13.7324],[100.69921,13.73241],[100.6992,13.7306],[100.69828,13.73061],[100.69829,13.73242],[100.69552,13.73244],[100.69551,13.73153],[100.69459,13.73154],[100.69458,13.73063],[100.69365,13.73064],[100.69365,13.72974],[100.69272,13.72974],[100.69274,13.73155],[100.69366,13.73154],[100.69367,13.73245]],[[100.69462,13.73606],[100.69369,13.73606],[100.69369,13.73516],[100.69461,13.73515],[100.69462,13.73606]]],[[[100.65028,13.74268],[100.65121,13.74268],[100.6512,13.74177],[100.65028,13.74178],[100.65028,13.74268]]],[[[100.68594,13.81566],[100.68597,13.81927],[100.68689,13.81927],[100.68687,13.81565],[100.68594,13.81566]]],[[[100.67859,13.82203],[100.6786,13.82294],[100.67952,13.82293],[100.67951,13.82203],[100.67859,13.82203]]],[[[100.67493,13.82748],[100.67493,13.82839],[100.67401,13.82839],[100.67402,13.8293],[100.67494,13.82929],[100.67496,13.832],[100.67681,13.83199],[100.6768,13.83108],[100.67773,13.83108],[100.67772,13.83017],[100.67865,13.83017],[100.67865,13.83107],[100.67958,13.83107],[100.67957,13.83016],[100.6805,13.83016],[100.68048,13.82835],[100.68141,13.82834],[100.6814,13.82744],[100.68233,13.82743],[100.68232,13.82653],[100.6814,13.82653],[100.68139,13.82563],[100.68046,13.82564],[100.68048,13.82744],[100.67955,13.82745],[100.67955,13.82655],[100.6777,13.82656],[100.67768,13.82475],[100.67953,13.82474],[100.67953,13.82384],[100.6786,13.82384],[100.6786,13.82294],[100.67767,13.82294],[100.67768,13.82385],[100.67583,13.82386],[100.67583,13.82476],[100.67491,13.82477],[100.67492,13.82567],[100.67399,13.82568],[100.674,13.82749],[100.67493,13.82748]]],[[[100.6749,13.82387],[100.67583,13.82386],[100.67582,13.82296],[100.6749,13.82296],[100.6749,13.82387]]],[[[100.67954,13.82564],[100.68046,13.82564],[100.68046,13.82473],[100.67953,13.82474],[100.67954,13.82564]]],[[[100.66757,13.83296],[100.66757,13.83386],[100.66572,13.83387],[100.66573,13.83478],[100.66758,13.83476],[100.66759,13.83567],[100.66666,13.83567],[100.66667,13.83658],[100.66759,13.83657],[100.66761,13.83928],[100.66854,13.83928],[100.66853,13.83837],[100.66946,13.83837],[100.66946,13.83927],[100.67131,13.83926],[100.67133,13.84197],[100.67226,13.84196],[100.67224,13.83925],[100.67316,13.83924],[100.67315,13.83744],[100.675,13.83742],[100.67499,13.83562],[100.67406,13.83562],[100.67407,13.83653],[100.67314,13.83653],[100.67312,13.83382],[100.67405,13.83382],[100.67404,13.83201],[100.67311,13.83201],[100.67309,13.8293],[100.67124,13.82932],[100.67125,13.83022],[100.67032,13.83023],[100.67033,13.83113],[100.6694,13.83114],[100.66941,13.83204],[100.66849,13.83205],[100.66849,13.83295],[100.66757,13.83296]]],[[[100.65835,13.83754],[100.6565,13.83755],[100.65651,13.83936],[100.65744,13.83935],[100.65744,13.84026],[100.65929,13.84024],[100.65929,13.83934],[100.66021,13.83933],[100.66021,13.83843],[100.66113,13.83842],[100.66111,13.83571],[100.66204,13.8357],[100.66203,13.8348],[100.66111,13.83481],[100.66109,13.833],[100.65924,13.83301],[100.65926,13.83572],[100.65741,13.83574],[100.65742,13.83664],[100.65834,13.83663],[100.65835,13.83754]]],[[[100.66573,13.83478],[100.66388,13.83479],[100.66389,13.83569],[100.66204,13.8357],[100.66204,13.83661],[100.66482,13.83659],[100.66481,13.83569],[100.66574,13.83568],[100.66573,13.83478]]],[[[100.66669,13.83929],[100.66668,13.83838],[100.66576,13.83839],[100.66576,13.8393],[100.66669,13.83929]]],[[[100.66023,13.84204],[100.66116,13.84204],[100.66117,13.84385],[100.66209,13.84384],[100.6621,13.84474],[100.66303,13.84474],[100.66303,13.84564],[100.66396,13.84563],[100.66394,13.84383],[100.66672,13.84381],[100.66671,13.842],[100.66578,13.84201],[100.66578,13.8411],[100.66485,13.84111],[100.66484,13.84021],[100.66299,13.84022],[100.663,13.84112],[100.66208,13.84113],[100.66207,13.84022],[100.66022,13.84024],[100.66023,13.84204]]],[[[100.66578,13.8411],[100.6667,13.8411],[100.66669,13.84019],[100.66577,13.8402],[100.66578,13.8411]]],[[[100.65191,13.8421],[100.65283,13.84209],[100.65283,13.84119],[100.6519,13.8412],[100.65191,13.8421]]],[[[100.65654,13.84388],[100.65654,13.84297],[100.65561,13.84298],[100.65562,13.84388],[100.65654,13.84388]]],[[[100.65009,13.84663],[100.65008,13.84573],[100.64916,13.84573],[100.64916,13.84664],[100.65009,13.84663]]],[[[100.75525,13.68411],[100.75526,13.68502],[100.75434,13.68502],[100.75434,13.68593],[100.75527,13.68592],[100.75527,13.68683],[100.7562,13.68682],[100.75618,13.68411],[100.75525,13.68411]]],[[[100.74233,13.68692],[100.74235,13.68963],[100.74328,13.68962],[100.74326,13.68691],[100.74233,13.68692]]],[[[100.7507,13.69318],[100.74793,13.6932],[100.74792,13.6923],[100.747,13.69231],[100.74702,13.69502],[100.74794,13.69501],[100.74795,13.69682],[100.74703,13.69683],[100.74704,13.69773],[100.74796,13.69772],[100.74797,13.69863],[100.74889,13.69862],[100.74888,13.69772],[100.74981,13.69771],[100.74982,13.69952],[100.75167,13.6995],[100.75166,13.6977],[100.75351,13.69768],[100.75351,13.69859],[100.75444,13.69858],[100.75442,13.69677],[100.75535,13.69677],[100.75534,13.69586],[100.75719,13.69585],[100.75718,13.69495],[100.75626,13.69495],[100.75625,13.69405],[100.75533,13.69406],[100.75531,13.69134],[100.75438,13.69135],[100.75438,13.69045],[100.75623,13.69043],[100.75622,13.68953],[100.75437,13.68954],[100.75435,13.68683],[100.75343,13.68684],[100.75345,13.69045],[100.75253,13.69046],[100.75254,13.69227],[100.75069,13.69228],[100.7507,13.69318]],[[100.74978,13.6941],[100.75256,13.69408],[100.75256,13.69498],[100.74979,13.695],[100.74978,13.6941]],[[100.75255,13.69317],[100.75347,13.69317],[100.75348,13.69407],[100.75256,13.69408],[100.75255,13.69317]]],[[[100.74974,13.68867],[100.75067,13.68867],[100.75066,13.68776],[100.74974,13.68777],[100.74974,13.68867]]],[[[100.75714,13.68952],[100.75713,13.68772],[100.75621,13.68772],[100.75622,13.68953],[100.75714,13.68952]]],[[[100.74882,13.68958],[100.74975,13.68958],[100.74974,13.68867],[100.74882,13.68868],[100.74882,13.68958]]],[[[100.74606,13.69051],[100.74604,13.6887],[100.74512,13.6887],[100.74513,13.69051],[100.74606,13.69051]]],[[[100.74422,13.69142],[100.74421,13.69052],[100.74328,13.69053],[100.74329,13.69143],[100.74422,13.69142]]],[[[100.74884,13.69229],[100.74977,13.69229],[100.74976,13.69138],[100.74884,13.69139],[100.74884,13.69229]]],[[[100.747,13.69231],[100.74699,13.6914],[100.74606,13.69141],[100.74607,13.69231],[100.747,13.69231]]],[[[100.7417,13.72669],[100.7454,13.72666],[100.74541,13.72847],[100.74172,13.7285],[100.74171,13.72759],[100.73894,13.72761],[100.73894,13.72852],[100.73802,13.72852],[100.73802,13.72943],[100.74635,13.72937],[100.74634,13.72847],[100.75004,13.72844],[100.75004,13.72934],[100.75374,13.72932],[100.75373,13.72751],[100.75465,13.7275],[100.75465,13.7266],[100.75557,13.72659],[100.75556,13.72569],[100.75464,13.7257],[100.75463,13.72479],[100.75371,13.7248],[100.7537,13.72389],[100.75185,13.72391],[100.75186,13.72481],[100.75093,13.72482],[100.75093,13.72391],[100.74631,13.72395],[100.74632,13.72575],[100.7417,13.72579],[100.7417,13.72669]]],[[[100.7556,13.73021],[100.75837,13.73019],[100.75836,13.72838],[100.75466,13.72841],[100.75467,13.72931],[100.75559,13.7293],[100.7556,13.73021]]],[[[100.71642,13.81002],[100.71644,13.81183],[100.71736,13.81182],[100.71737,13.81273],[100.71922,13.81271],[100.71922,13.81362],[100.72015,13.81361],[100.72016,13.81542],[100.72109,13.81541],[100.72109,13.81632],[100.72202,13.81631],[100.72201,13.8145],[100.72293,13.8145],[100.72295,13.81721],[100.72665,13.81718],[100.72664,13.81537],[100.72756,13.81537],[100.72757,13.81627],[100.72849,13.81626],[100.72849,13.81536],[100.72941,13.81535],[100.72944,13.81897],[100.73036,13.81896],[100.73033,13.81444],[100.73218,13.81443],[100.73219,13.81533],[100.73311,13.81533],[100.73312,13.81623],[100.73497,13.81622],[100.73496,13.81531],[100.73588,13.81531],[100.73588,13.8144],[100.73495,13.81441],[100.73495,13.81351],[100.73402,13.81351],[100.73402,13.81261],[100.73217,13.81262],[100.73216,13.81172],[100.73123,13.81173],[100.73123,13.81082],[100.7303,13.81083],[100.7303,13.80992],[100.73122,13.80992],[100.73121,13.80811],[100.72843,13.80813],[100.72845,13.80994],[100.72752,13.80994],[100.72751,13.80904],[100.72566,13.80905],[100.72566,13.80815],[100.72381,13.80816],[100.7238,13.80726],[100.72288,13.80727],[100.72288,13.80817],[100.72196,13.80818],[100.72197,13.80908],[100.72012,13.80909],[100.72012,13.81],[100.71642,13.81002]],[[100.72108,13.81451],[100.72107,13.81361],[100.722,13.8136],[100.72201,13.8145],[100.72108,13.81451]],[[100.72199,13.81179],[100.72198,13.81089],[100.7229,13.81088],[100.72291,13.81178],[100.72199,13.81179]],[[100.72382,13.80907],[100.72382,13.80997],[100.7229,13.80998],[100.72289,13.80907],[100.72382,13.80907]]],[[[100.7275,13.80723],[100.72751,13.80814],[100.72843,13.80813],[100.72843,13.80723],[100.7275,13.80723]]],[[[100.70167,13.81645],[100.70352,13.81644],[100.70351,13.81463],[100.70443,13.81463],[100.70442,13.81282],[100.6998,13.81285],[100.6998,13.81375],[100.70073,13.81375],[100.70073,13.81465],[100.70166,13.81464],[100.70167,13.81645]]]]}},{"type":"Feature","properties":{"class":"2","n":2,"threshold_min":15,"speed_kmh":4.0},"geometry":{"type":"MultiPolygon","coordinates":[[[[100.41152,13.70982],[100.41153,13.71162],[100.41245,13.71162],[100.41246,13.71252],[100.41338,13.71252],[100.41339,13.71342],[100.41431,13.71342],[100.41432,13.71432],[100.41524,13.71431],[100.41525,13.71522],[100.41617,13.71521],[100.41618,13.71612],[100.4171,13.71611],[100.41709,13.7143],[100.41802,13.7143],[100.41801,13.71339],[100.41893,13.71339],[100.41893,13.71248],[100.42078,13.71247],[100.42077,13.71157],[100.41985,13.71158],[100.41984,13.71067],[100.41892,13.71068],[100.41891,13.70977],[100.41706,13.70978],[100.41705,13.70707],[100.41612,13.70708],[100.41614,13.70979],[100.41521,13.70979],[100.4152,13.70799],[100.41428,13.70799],[100.41429,13.7098],[100.41152,13.70982]],[[100.41709,13.7134],[100.41708,13.7125],[100.418,13.71249],[100.41801,13.71339],[100.41709,13.7134]]],[[[100.42448,13.71245],[100.4254,13.71245],[100.42541,13.71335],[100.42726,13.71334],[100.42727,13.71515],[100.42819,13.71514],[100.4282,13.71605],[100.42912,13.71604],[100.42912,13.71514],[100.43004,13.71513],[100.43004,13.71423],[100.43096,13.71422],[100.43097,13.71513],[100.43189,13.71512],[100.43188,13.71331],[100.43373,13.7133],[100.43372,13.7124],[100.43187,13.71241],[100.43187,13.71151],[100.43002,13.71152],[100.43001,13.71061],[100.43094,13.71061],[100.43093,13.7097],[100.43001,13.70971],[100.43,13.70881],[100.42908,13.70881],[100.42909,13.71062],[100.42632,13.71063],[100.42632,13.71154],[100.42447,13.71155],[100.42448,13.71245]]],[[[100.43465,13.7133],[100.43558,13.71329],[100.43558,13.7142],[100.43743,13.71419],[100.43745,13.7169],[100.44022,13.71688],[100.44022,13.71598],[100.44484,13.71595],[100.44483,13.71505],[100.44391,13.71505],[100.4439,13.71415],[100.44298,13.71415],[100.44297,13.71325],[100.44112,13.71326],[100.44112,13.71236],[100.44204,13.71235],[100.44204,13.71145],[100.44111,13.71145],[100.44111,13.71055],[100.43926,13.71056],[100.43925,13.70966],[100.43833,13.70966],[100.43834,13.71147],[100.43649,13.71148],[100.4365,13.71238],[100.43465,13.71239],[100.43465,13.7133]]],[[[100.44946,13.71502],[100.45038,13.71501],[100.45038,13.71411],[100.44945,13.71412],[100.44946,13.71502]]],[[[100.44854,13.71683],[100.44856,13.71954],[100.44948,13.71954],[100.44949,13.72044],[100.45041,13.72044],[100.45042,13.72134],[100.45319,13.72133],[100.45319,13.72042],[100.45411,13.72042],[100.45411,13.71951],[100.45503,13.71951],[100.45504,13.72041],[100.45596,13.72041],[100.45597,13.72131],[100.45689,13.7213],[100.4569,13.72221],[100.45597,13.72221],[100.45598,13.72312],[100.4569,13.72311],[100.45692,13.72582],[100.45785,13.72582],[100.45784,13.72491],[100.45876,13.72491],[100.45878,13.72672],[100.4597,13.72671],[100.45971,13.72761],[100.46155,13.7276],[100.46154,13.7258],[100.46432,13.72578],[100.46431,13.72397],[100.46523,13.72397],[100.46523,13.72306],[100.46615,13.72306],[100.46614,13.72125],[100.46521,13.72125],[100.4652,13.71945],[100.46335,13.71946],[100.46335,13.71855],[100.4615,13.71856],[100.4615,13.71947],[100.45966,13.71948],[100.45965,13.71858],[100.4578,13.71859],[100.45781,13.71949],[100.45596,13.7195],[100.45595,13.7186],[100.45503,13.7186],[100.45502,13.7177],[100.4541,13.7177],[100.45409,13.7168],[100.45132,13.71682],[100.45131,13.71591],[100.45224,13.71591],[100.45223,13.715],[100.45038,13.71501],[100.45039,13.71592],[100.44946,13.71592],[100.44946,13.71502],[100.44761,13.71503],[100.44761,13.71593],[100.44669,13.71594],[100.44669,13.71684],[100.44854,13.71683]],[[100.46059,13.72038],[100.46151,13.72037],[100.46152,13.72128],[100.46059,13.72128],[100.46059,13.72038]]],[[[100.42361,13.87517],[100.42454,13.87517],[100.42454,13.87607],[100.4264,13.87606],[100.4264,13.87696],[100.42733,13.87696],[100.42732,13.87605],[100.4301,13.87604],[100.43009,13.87513],[100.42917,13.87514],[100.42915,13.87333],[100.42823,13.87334],[100.42823,13.87424],[100.42638,13.87425],[100.42638,13.87335],[100.42545,13.87335],[100.42546,13.87426],[100.42361,13.87427],[100.42361,13.87517]]],[[[100.41344,13.87523],[100.41436,13.87523],[100.41436,13.87432],[100.41158,13.87434],[100.41158,13.87343],[100.4088,13.87345],[100.4088,13.87435],[100.41066,13.87434],[100.41067,13.87615],[100.41344,13.87613],[100.41344,13.87523]]],[[[100.44028,13.87779],[100.44121,13.87778],[100.44122,13.87868],[100.44214,13.87868],[100.44213,13.87687],[100.44398,13.87686],[100.44397,13.87596],[100.4412,13.87597],[100.44119,13.87507],[100.44027,13.87507],[100.44026,13.87417],[100.43934,13.87418],[100.43933,13.87327],[100.43841,13.87328],[100.43841,13.87418],[100.43749,13.87419],[100.43749,13.87509],[100.43842,13.87509],[100.43843,13.87689],[100.44028,13.87688],[100.44028,13.87779]]],[[[100.43749,13.87509],[100.43472,13.87511],[100.43472,13.87601],[100.4375,13.87599],[100.43749,13.87509]]],[[[100.44584,13.87775],[100.44861,13.87774],[100.44862,13.87864],[100.44954,13.87864],[100.44955,13.88044],[100.45048,13.88044],[100.45047,13.87863],[100.45139,13.87862],[100.45139,13.87772],[100.45231,13.87771],[100.45231,13.87681],[100.45323,13.87681],[100.45323,13.8759],[100.45045,13.87592],[100.45046,13.87682],[100.44583,13.87685],[100.44584,13.87775]]],[[[100.40519,13.88884],[100.40612,13.88883],[100.40613,13.89064],[100.4089,13.89062],[100.40889,13.88882],[100.41074,13.88881],[100.41073,13.887],[100.41166,13.88699],[100.41165,13.88518],[100.4098,13.8852],[100.40979,13.88429],[100.41072,13.88429],[100.41071,13.88338],[100.40978,13.88339],[100.40978,13.88248],[100.40793,13.88249],[100.40794,13.8843],[100.40701,13.88431],[100.40703,13.88612],[100.40517,13.88613],[100.40519,13.88884]]],[[[100.46702,13.71401],[100.46887,13.714],[100.46887,13.71491],[100.47072,13.71489],[100.47073,13.7158],[100.47165,13.71579],[100.47166,13.7167],[100.47258,13.71669],[100.47258,13.71579],[100.4735,13.71578],[100.4735,13.71488],[100.47442,13.71487],[100.47443,13.71578],[100.47535,13.71577],[100.47536,13.71667],[100.47628,13.71667],[100.47628,13.71576],[100.47812,13.71575],[100.47813,13.71666],[100.47905,13.71665],[100.47907,13.71936],[100.48,13.71936],[100.47998,13.71755],[100.48091,13.71755],[100.48092,13.71845],[100.48276,13.71844],[100.48276,13.71753],[100.48183,13.71754],[100.48182,13.71573],[100.4809,13.71574],[100.48089,13.71483],[100.47997,13.71484],[100.47997,13.71574],[100.47905,13.71575],[100.47904,13.71484],[100.47812,13.71485],[100.47811,13.71304],[100.47718,13.71305],[100.47718,13.71214],[100.4781,13.71214],[100.4781,13.71123],[100.47625,13.71125],[100.47624,13.70944],[100.47531,13.70944],[100.47531,13.70854],[100.47438,13.70854],[100.47438,13.70764],[100.47253,13.70765],[100.47254,13.70946],[100.47161,13.70947],[100.47162,13.71037],[100.47069,13.71037],[100.47069,13.70947],[100.46976,13.70948],[100.46976,13.70857],[100.46883,13.70858],[100.46885,13.71039],[100.46792,13.71039],[100.46793,13.7122],[100.46886,13.71219],[100.46886,13.7131],[100.46701,13.71311],[100.46702,13.71401]]],[[[100.46612,13.71854],[100.46613,13.72035],[100.46798,13.72033],[100.46798,13.71943],[100.46705,13.71944],[100.46705,13.71853],[100.46612,13.71854]]],[[[100.46802,13.72576],[100.468,13.72395],[100.46616,13.72396],[100.46616,13.72486],[100.46709,13.72486],[100.46709,13.72576],[100.46432,13.72578],[100.46432,13.72668],[100.46617,13.72667],[100.46618,13.72758],[100.4671,13.72757],[100.46711,13.72847],[100.46803,13.72847],[100.46804,13.73028],[100.46989,13.73027],[100.4699,13.73117],[100.47082,13.73116],[100.47083,13.73207],[100.46898,13.73208],[100.46899,13.73389],[100.46807,13.73389],[100.46807,13.7348],[100.469,13.73479],[100.469,13.7357],[100.46808,13.7357],[100.46808,13.7366],[100.46901,13.7366],[100.46902,13.73841],[100.46994,13.7384],[100.46995,13.73931],[100.4718,13.73929],[100.47179,13.73839],[100.47272,13.73838],[100.47271,13.73748],[100.47364,13.73748],[100.47363,13.73657],[100.47456,13.73657],[100.47456,13.73747],[100.47549,13.73746],[100.47546,13.73385],[100.47454,13.73385],[100.47453,13.73205],[100.4736,13.73205],[100.47359,13.73024],[100.47452,13.73024],[100.47451,13.72843],[100.47358,13.72844],[100.47357,13.72753],[100.47173,13.72754],[100.47171,13.72574],[100.47264,13.72573],[100.47263,13.72483],[100.47171,13.72483],[100.4717,13.72302],[100.47077,13.72303],[100.47078,13.72393],[100.46985,13.72394],[100.46984,13.72123],[100.46891,13.72123],[100.46892,13.72214],[100.46799,13.72214],[100.468,13.72305],[100.46892,13.72304],[100.46894,13.72575],[100.46802,13.72576]],[[100.47267,13.73025],[100.47266,13.72935],[100.47359,13.72934],[100.47359,13.73024],[100.47267,13.73025]],[[100.47267,13.73115],[100.47175,13.73116],[100.47174,13.73026],[100.47267,13.73025],[100.47267,13.73115]],[[100.46987,13.72575],[100.46987,13.72665],[100.46895,13.72666],[100.46894,13.72575],[100.46987,13.72575]],[[100.46895,13.72756],[100.46803,13.72757],[100.46802,13.72666],[100.46895,13.72666],[100.46895,13.72756]]],[[[100.45878,13.72672],[100.45693,13.72673],[100.45693,13.72763],[100.45878,13.72762],[100.45878,13.72672]]],[[[100.47093,13.74834],[100.47186,13.74833],[100.47185,13.74743],[100.47093,13.74744],[100.47091,13.74563],[100.46999,13.74563],[100.47,13.74744],[100.46815,13.74745],[100.46816,13.74926],[100.46909,13.74925],[100.46909,13.75016],[100.47002,13.75015],[100.47001,13.74925],[100.47094,13.74924],[100.47093,13.74834]]],[[[100.46914,13.75829],[100.46544,13.75832],[100.46546,13.76103],[100.46639,13.76102],[100.46639,13.76193],[100.46824,13.76191],[100.46825,13.76372],[100.4701,13.76371],[100.4701,13.76281],[100.47287,13.76279],[100.47286,13.76098],[100.47193,13.76099],[100.47193,13.76008],[100.47285,13.76008],[100.47285,13.75918],[100.47192,13.75918],[100.47192,13.75828],[100.47099,13.75828],[100.47099,13.75738],[100.47191,13.75737],[100.47191,13.75647],[100.47006,13.75648],[100.47005,13.75467],[100.4682,13.75468],[100.46821,13.75649],[100.46636,13.7565],[100.46636,13.75741],[100.46914,13.75739],[100.46914,13.75829]]],[[[100.45692,13.87498],[100.45877,13.87496],[100.45878,13.87587],[100.4597,13.87586],[100.4597,13.87496],[100.46062,13.87495],[100.46061,13.87315],[100.46154,13.87314],[100.46154,13.87404],[100.46247,13.87404],[100.46246,13.87313],[100.46339,13.87313],[100.46338,13.87223],[100.46431,13.87222],[100.4643,13.87132],[100.46245,13.87133],[100.46244,13.86952],[100.46151,13.86952],[100.46152,13.87133],[100.45875,13.87135],[100.45876,13.87225],[100.45783,13.87226],[100.45784,13.87407],[100.45692,13.87407],[100.45692,13.87498]],[[100.45968,13.87225],[100.45969,13.87315],[100.45876,13.87316],[100.45876,13.87225],[100.45968,13.87225]]],[[[100.47077,13.87037],[100.4754,13.87035],[100.47539,13.86944],[100.47447,13.86945],[100.47446,13.86854],[100.47354,13.86855],[100.47354,13.86945],[100.47077,13.86947],[100.47077,13.87037]]],[[[100.45323,13.8759],[100.45415,13.8759],[100.45415,13.87499],[100.45322,13.875],[100.45323,13.8759]]],[[[100.48462,13.72023],[100.4874,13.72022],[100.4874,13.72112],[100.48648,13.72113],[100.48649,13.72203],[100.48833,13.72202],[100.48835,13.72473],[100.49205,13.72471],[100.49206,13.72561],[100.49298,13.72561],[100.49297,13.7247],[100.4939,13.7247],[100.49389,13.72379],[100.49482,13.72379],[100.49482,13.72469],[100.49667,13.72468],[100.49668,13.72559],[100.49853,13.72557],[100.49854,13.72738],[100.49761,13.72739],[100.49762,13.72829],[100.50039,13.72827],[100.50039,13.72737],[100.49946,13.72738],[100.49946,13.72647],[100.50038,13.72647],[100.50038,13.72556],[100.50223,13.72555],[100.50222,13.72465],[100.50315,13.72464],[100.50314,13.72374],[100.50499,13.72373],[100.50499,13.72463],[100.50684,13.72462],[100.50685,13.72552],[100.50408,13.72554],[100.50408,13.72644],[100.50223,13.72646],[100.50225,13.72917],[100.50317,13.72916],[100.50319,13.73187],[100.50227,13.73188],[100.50227,13.73278],[100.50597,13.73276],[100.50598,13.73366],[100.5069,13.73366],[100.5069,13.73275],[100.50782,13.73275],[100.50783,13.73365],[100.50875,13.73365],[100.50874,13.73274],[100.51059,13.73273],[100.51059,13.73183],[100.50874,13.73184],[100.50873,13.73094],[100.51151,13.73092],[100.5115,13.72911],[100.51242,13.72911],[100.5124,13.72549],[100.51147,13.7255],[100.51147,13.72459],[100.51054,13.7246],[100.51055,13.7255],[100.50962,13.72551],[100.50963,13.72641],[100.5087,13.72642],[100.5087,13.72551],[100.50777,13.72552],[100.50776,13.72371],[100.50684,13.72372],[100.50683,13.72281],[100.50313,13.72283],[100.50313,13.72193],[100.50405,13.72193],[100.50405,13.72102],[100.5059,13.72101],[100.50589,13.72011],[100.50404,13.72012],[100.50404,13.71921],[100.50496,13.71921],[100.50495,13.7183],[100.5031,13.71832],[100.5031,13.71741],[100.50125,13.71742],[100.50124,13.71652],[100.50032,13.71652],[100.50031,13.71562],[100.49754,13.71564],[100.49753,13.71473],[100.49569,13.71474],[100.4957,13.71655],[100.49477,13.71656],[100.49478,13.71837],[100.49293,13.71838],[100.49293,13.71747],[100.49108,13.71748],[100.49107,13.71568],[100.49199,13.71567],[100.49199,13.71477],[100.48921,13.71478],[100.48921,13.71388],[100.48828,13.71388],[100.48829,13.71569],[100.48737,13.7157],[100.48738,13.71751],[100.48553,13.71752],[100.48554,13.71842],[100.48461,13.71843],[100.48462,13.72023]],[[100.48922,13.71569],[100.48922,13.71659],[100.4883,13.7166],[100.48829,13.71569],[100.48922,13.71569]],[[100.49756,13.71925],[100.49849,13.71925],[100.49849,13.72015],[100.49757,13.72016],[100.49756,13.71925]],[[100.49571,13.71926],[100.49572,13.72017],[100.49664,13.72016],[100.49665,13.72107],[100.49573,13.72107],[100.49573,13.72198],[100.49388,13.72199],[100.49389,13.72289],[100.49296,13.7229],[100.49296,13.72199],[100.49203,13.722],[100.49203,13.72109],[100.4911,13.7211],[100.4911,13.7202],[100.49202,13.72019],[100.49202,13.71929],[100.49571,13.71926]],[[100.50778,13.72642],[100.50779,13.72733],[100.50686,13.72733],[100.50686,13.72643],[100.50778,13.72642]]],[[[100.47814,13.71847],[100.47813,13.71666],[100.47721,13.71666],[100.47722,13.71847],[100.47814,13.71847]]],[[[100.47167,13.7185],[100.47168,13.72031],[100.47353,13.7203],[100.47352,13.71849],[100.47167,13.7185]]],[[[100.47724,13.72209],[100.47816,13.72208],[100.47816,13.72118],[100.47723,13.72118],[100.47723,13.72028],[100.47815,13.72027],[100.47815,13.71937],[100.4763,13.71938],[100.47631,13.72119],[100.47538,13.72119],[100.47539,13.7221],[100.47631,13.72209],[100.47632,13.723],[100.47725,13.72299],[100.47724,13.72209]]],[[[100.47815,13.72027],[100.47816,13.72118],[100.47908,13.72117],[100.47908,13.72027],[100.47815,13.72027]]],[[[100.48286,13.7329],[100.48284,13.73019],[100.48099,13.7302],[100.48101,13.73291],[100.48286,13.7329]]],[[[100.48195,13.73652],[100.48194,13.73471],[100.48102,13.73472],[100.48101,13.73382],[100.47916,13.73383],[100.47918,13.73654],[100.4801,13.73653],[100.48011,13.73744],[100.48103,13.73743],[100.48103,13.73653],[100.48195,13.73652]]],[[[100.47286,13.76098],[100.47378,13.76098],[100.47378,13.76007],[100.47285,13.76008],[100.47286,13.76098]]],[[[100.47846,13.76999],[100.47847,13.77089],[100.4794,13.77089],[100.4794,13.77179],[100.48033,13.77179],[100.48031,13.76998],[100.47846,13.76999]]],[[[100.48498,13.77718],[100.48499,13.77809],[100.48591,13.77808],[100.48592,13.77898],[100.485,13.77899],[100.48501,13.7808],[100.48408,13.7808],[100.48409,13.78171],[100.48501,13.7817],[100.48502,13.78351],[100.4841,13.78351],[100.4841,13.78442],[100.48503,13.78441],[100.48504,13.78532],[100.48596,13.78531],[100.48595,13.78441],[100.48688,13.7844],[100.48687,13.7835],[100.48965,13.78348],[100.48965,13.78438],[100.49058,13.78438],[100.49057,13.78347],[100.4915,13.78347],[100.4915,13.78437],[100.49243,13.78437],[100.49242,13.78346],[100.49335,13.78346],[100.49334,13.78165],[100.49241,13.78166],[100.49241,13.78075],[100.49056,13.78076],[100.49055,13.77986],[100.49332,13.77984],[100.49332,13.77894],[100.48869,13.77897],[100.48869,13.77806],[100.48684,13.77807],[100.48683,13.77717],[100.48498,13.77718]],[[100.48871,13.78077],[100.48871,13.78168],[100.48779,13.78168],[100.48778,13.78078],[100.48871,13.78077]]],[[[100.4865,13.87028],[100.48927,13.87026],[100.48926,13.86845],[100.49019,13.86845],[100.49018,13.86754],[100.48833,13.86756],[100.48834,13.86846],[100.48741,13.86846],[100.48742,13.86937],[100.48464,13.86939],[100.48465,13.87029],[100.48557,13.87028],[100.48558,13.87119],[100.4865,13.87118],[100.4865,13.87028]]],[[[100.47632,13.87034],[100.47633,13.87124],[100.47725,13.87124],[100.47725,13.87033],[100.47632,13.87034]]],[[[100.49403,13.74549],[100.49311,13.74549],[100.49311,13.7464],[100.49219,13.7464],[100.49219,13.74731],[100.49312,13.7473],[100.49313,13.75001],[100.49591,13.75],[100.49591,13.7509],[100.49499,13.75091],[100.495,13.75181],[100.49592,13.7518],[100.49593,13.75271],[100.49778,13.7527],[100.49777,13.75179],[100.49869,13.75179],[100.49869,13.75088],[100.49961,13.75088],[100.49961,13.74997],[100.50053,13.74997],[100.50053,13.74906],[100.50145,13.74906],[100.50143,13.74635],[100.50236,13.74634],[100.50235,13.74544],[100.50143,13.74544],[100.50142,13.74454],[100.50235,13.74453],[100.50232,13.74001],[100.50047,13.74003],[100.50046,13.73912],[100.49861,13.73913],[100.49862,13.74004],[100.49677,13.74005],[100.49678,13.74186],[100.49586,13.74186],[100.49586,13.74277],[100.49494,13.74277],[100.49495,13.74458],[100.49403,13.74458],[100.49403,13.74549]]],[[[100.49894,13.78975],[100.50079,13.78974],[100.50078,13.78884],[100.50171,13.78883],[100.5017,13.78793],[100.50262,13.78792],[100.50262,13.78702],[100.50169,13.78702],[100.50169,13.78612],[100.49984,13.78613],[100.49983,13.78523],[100.49706,13.78524],[100.49707,13.78705],[100.49614,13.78706],[100.49615,13.78796],[100.498,13.78795],[100.49801,13.78885],[100.49893,13.78885],[100.49894,13.78975]]],[[[100.4948,13.86571],[100.49757,13.86569],[100.49757,13.86479],[100.50219,13.86476],[100.50218,13.86295],[100.50311,13.86295],[100.5031,13.86204],[100.50403,13.86204],[100.50403,13.86294],[100.50496,13.86293],[100.50496,13.86384],[100.50589,13.86383],[100.50588,13.86293],[100.50681,13.86292],[100.50681,13.86383],[100.50959,13.86381],[100.50959,13.86471],[100.51052,13.86471],[100.51051,13.8638],[100.51144,13.8638],[100.51143,13.86289],[100.51236,13.86289],[100.51235,13.86108],[100.51512,13.86106],[100.51513,13.86197],[100.51605,13.86196],[100.51606,13.86287],[100.51791,13.86285],[100.51792,13.86466],[100.5207,13.86464],[100.5207,13.86555],[100.52255,13.86554],[100.52253,13.86192],[100.5253,13.8619],[100.5253,13.861],[100.52622,13.86099],[100.52622,13.86009],[100.52714,13.86008],[100.52714,13.85918],[100.52806,13.85917],[100.52805,13.85827],[100.52713,13.85828],[100.52712,13.85737],[100.5262,13.85738],[100.52619,13.85647],[100.52342,13.85649],[100.52341,13.85559],[100.52156,13.8556],[100.52156,13.8547],[100.51971,13.85471],[100.51971,13.85561],[100.52064,13.85561],[100.52065,13.85741],[100.5188,13.85742],[100.5188,13.85833],[100.51788,13.85833],[100.51788,13.85924],[100.51696,13.85924],[100.51695,13.85834],[100.51603,13.85835],[100.51603,13.85925],[100.51511,13.85926],[100.51511,13.86016],[100.51419,13.86016],[100.51418,13.85926],[100.51326,13.85927],[100.51325,13.85836],[100.51233,13.85837],[100.51232,13.85746],[100.5114,13.85747],[100.51139,13.85657],[100.51047,13.85657],[100.51048,13.85838],[100.50678,13.8584],[100.50678,13.85931],[100.50586,13.85931],[100.50585,13.85841],[100.50493,13.85841],[100.50493,13.85932],[100.50401,13.85932],[100.50402,13.86113],[100.50217,13.86114],[100.50217,13.86205],[100.50125,13.86205],[100.50124,13.86115],[100.50032,13.86115],[100.50031,13.86025],[100.49939,13.86026],[100.49938,13.85935],[100.49846,13.85936],[100.49846,13.86026],[100.49661,13.86027],[100.49662,13.86118],[100.49569,13.86118],[100.49572,13.8648],[100.49479,13.8648],[100.4948,13.86571]],[[100.52157,13.85741],[100.52158,13.85831],[100.52065,13.85832],[100.52065,13.85741],[100.52157,13.85741]],[[100.50866,13.86291],[100.50773,13.86292],[100.50772,13.86111],[100.50864,13.8611],[100.50866,13.86291]],[[100.49848,13.86297],[100.49755,13.86298],[100.49755,13.86208],[100.49847,13.86207],[100.49848,13.86297]]],[[[100.4985,13.86659],[100.49943,13.86658],[100.49942,13.86568],[100.4985,13.86569],[100.4985,13.86659]]],[[[100.50315,13.72555],[100.50408,13.72554],[100.50407,13.72464],[100.50315,13.72464],[100.50315,13.72555]]],[[[100.50419,13.74362],[100.5042,13.74543],[100.50328,13.74543],[100.50328,13.74634],[100.50236,13.74634],[100.50237,13.74815],[100.5033,13.74814],[100.5033,13.74905],[100.50423,13.74904],[100.50423,13.74995],[100.50516,13.74994],[100.50515,13.74904],[100.50607,13.74903],[100.50608,13.74993],[100.50885,13.74992],[100.50886,13.75082],[100.50979,13.75082],[100.50977,13.74901],[100.5107,13.749],[100.51069,13.74719],[100.51161,13.74719],[100.5116,13.74538],[100.51068,13.74539],[100.51067,13.74448],[100.50974,13.74449],[100.50974,13.74358],[100.50881,13.74359],[100.5088,13.74178],[100.50788,13.74179],[100.50787,13.73998],[100.50509,13.74],[100.50509,13.73909],[100.50231,13.73911],[100.50232,13.74001],[100.50324,13.74001],[100.50327,13.74362],[100.50419,13.74362]],[[100.50605,13.74451],[100.50605,13.74542],[100.50513,13.74542],[100.50512,13.74452],[100.50605,13.74451]],[[100.50602,13.7409],[100.50603,13.7418],[100.5051,13.74181],[100.5051,13.7409],[100.50602,13.7409]]],[[[100.5036,13.79515],[100.50267,13.79515],[100.5027,13.79967],[100.5064,13.79965],[100.50639,13.79875],[100.50732,13.79874],[100.50731,13.79784],[100.50916,13.79782],[100.50917,13.79873],[100.50824,13.79873],[100.50825,13.80054],[100.51103,13.80052],[100.51099,13.7951],[100.51192,13.7951],[100.51191,13.79419],[100.51099,13.7942],[100.51098,13.79329],[100.51006,13.7933],[100.51005,13.7924],[100.50913,13.7924],[100.50912,13.7915],[100.5082,13.7915],[100.50821,13.79331],[100.50728,13.79332],[100.50727,13.79151],[100.50635,13.79151],[100.50634,13.79061],[100.50542,13.79062],[100.50542,13.79152],[100.5045,13.79153],[100.50449,13.79062],[100.50357,13.79063],[100.5036,13.79515]]],[[[100.50609,13.89547],[100.5061,13.89637],[100.50517,13.89638],[100.50518,13.89728],[100.50703,13.89727],[100.50703,13.89817],[100.50796,13.89817],[100.50795,13.89636],[100.50887,13.89635],[100.50886,13.89455],[100.51164,13.89453],[100.5116,13.88911],[100.50975,13.88912],[100.50976,13.89002],[100.50883,13.89003],[100.50884,13.89093],[100.50514,13.89095],[100.50514,13.89186],[100.50422,13.89186],[100.50422,13.89277],[100.5033,13.89277],[100.50331,13.89458],[100.50516,13.89457],[100.50517,13.89547],[100.50609,13.89547]]],[[[100.50151,13.90273],[100.50152,13.90363],[100.50244,13.90363],[100.50246,13.90634],[100.50339,13.90633],[100.50339,13.90724],[100.50524,13.90722],[100.50522,13.90451],[100.50615,13.90451],[100.50616,13.90541],[100.50801,13.9054],[100.50799,13.90359],[100.50892,13.90359],[100.50891,13.90268],[100.50984,13.90268],[100.50983,13.90177],[100.50798,13.90178],[100.50797,13.89998],[100.50612,13.89999],[100.50613,13.90089],[100.50428,13.9009],[100.50429,13.90271],[100.50151,13.90273]]],[[[100.50524,13.90722],[100.50525,13.90813],[100.50802,13.90811],[100.50802,13.90721],[100.50894,13.9072],[100.50895,13.90811],[100.50987,13.9081],[100.50989,13.90991],[100.51081,13.9099],[100.51081,13.909],[100.51358,13.90898],[100.51357,13.90717],[100.51542,13.90716],[100.51541,13.90626],[100.51449,13.90626],[100.51448,13.90536],[100.51356,13.90537],[100.51355,13.90446],[100.50985,13.90448],[100.50986,13.90539],[100.50801,13.9054],[100.50801,13.9063],[100.50616,13.90631],[100.50617,13.90722],[100.50524,13.90722]],[[100.51078,13.90538],[100.51079,13.90629],[100.50986,13.90629],[100.50986,13.90539],[100.51078,13.90538]]],[[[100.50679,13.71558],[100.50679,13.71648],[100.50772,13.71648],[100.50771,13.71558],[100.50679,13.71558]]],[[[100.50865,13.71738],[100.50864,13.71647],[100.50772,13.71648],[100.50772,13.71738],[100.50865,13.71738]]],[[[100.50587,13.71739],[100.50588,13.7183],[100.5068,13.71829],[100.5068,13.71739],[100.50587,13.71739]]],[[[100.50878,13.73817],[100.50879,13.73907],[100.50786,13.73908],[100.50787,13.73998],[100.50972,13.73997],[100.50972,13.74087],[100.51157,13.74086],[100.51159,13.74357],[100.51066,13.74358],[100.51067,13.74448],[100.51159,13.74448],[100.5116,13.74538],[100.5153,13.74536],[100.5153,13.74626],[100.51623,13.74626],[100.51623,13.74716],[100.51716,13.74716],[100.51714,13.74354],[100.51621,13.74355],[100.51618,13.73903],[100.51711,13.73902],[100.51711,13.73992],[100.51804,13.73992],[100.51803,13.73901],[100.51896,13.73901],[100.51894,13.7363],[100.51709,13.73631],[100.51708,13.7354],[100.51616,13.73541],[100.51615,13.73451],[100.51523,13.73451],[100.51523,13.73542],[100.51431,13.73542],[100.5143,13.73452],[100.51061,13.73454],[100.51061,13.73544],[100.50969,13.73545],[100.50969,13.73635],[100.50784,13.73636],[100.50785,13.73817],[100.50878,13.73817]]],[[[100.5067,13.84575],[100.50762,13.84574],[100.50763,13.84665],[100.50948,13.84664],[100.50947,13.84573],[100.51225,13.84571],[100.51226,13.84752],[100.51411,13.84751],[100.5141,13.8457],[100.51317,13.84571],[100.51317,13.8448],[100.51409,13.8448],[100.51408,13.84389],[100.51501,13.84389],[100.515,13.84299],[100.51315,13.843],[100.51315,13.84209],[100.51407,13.84209],[100.51407,13.84118],[100.51499,13.84118],[100.51498,13.83937],[100.51221,13.83939],[100.51222,13.84119],[100.51129,13.8412],[100.5113,13.8421],[100.51037,13.84211],[100.51035,13.8394],[100.50943,13.8394],[100.50942,13.8385],[100.5085,13.83851],[100.5085,13.83941],[100.50758,13.83942],[100.50759,13.84122],[100.50852,13.84122],[100.50853,13.84303],[100.50668,13.84304],[100.5067,13.84575]]],[[[100.51328,13.71916],[100.51329,13.72006],[100.51421,13.72006],[100.51422,13.72186],[100.5133,13.72187],[100.5133,13.72277],[100.51515,13.72276],[100.51516,13.72457],[100.51701,13.72456],[100.51703,13.72637],[100.5198,13.72635],[100.51978,13.72364],[100.51886,13.72364],[100.51885,13.72274],[100.51793,13.72274],[100.51792,13.72094],[100.51607,13.72095],[100.51606,13.72004],[100.51791,13.72003],[100.5179,13.71913],[100.51698,13.71913],[100.51697,13.71823],[100.51605,13.71824],[100.51604,13.71733],[100.51789,13.71732],[100.51789,13.71642],[100.51881,13.71641],[100.51881,13.71551],[100.52065,13.7155],[100.52064,13.71369],[100.51972,13.71369],[100.51971,13.71279],[100.51879,13.7128],[100.51879,13.7137],[100.51694,13.71371],[100.51694,13.71281],[100.51601,13.71281],[100.51602,13.71372],[100.5151,13.71372],[100.5151,13.71463],[100.51325,13.71464],[100.51326,13.71645],[100.51234,13.71645],[100.51236,13.71916],[100.51328,13.71916]],[[100.51515,13.72186],[100.51607,13.72185],[100.51608,13.72276],[100.51515,13.72276],[100.51515,13.72186]]],[[[100.51147,13.72459],[100.51239,13.72459],[100.51239,13.72368],[100.51146,13.72369],[100.51147,13.72459]]],[[[100.51324,13.85565],[100.51416,13.85565],[100.51415,13.85474],[100.516,13.85473],[100.51602,13.85654],[100.51694,13.85653],[100.51695,13.85834],[100.51788,13.85833],[100.51785,13.85381],[100.5123,13.85385],[100.51228,13.85114],[100.51136,13.85114],[100.51138,13.85476],[100.51045,13.85476],[100.51046,13.85567],[100.51231,13.85566],[100.5123,13.85475],[100.51323,13.85475],[100.51324,13.85565]]],[[[100.51416,13.85565],[100.51417,13.85655],[100.51509,13.85654],[100.51509,13.85564],[100.51416,13.85565]]],[[[100.51517,13.86829],[100.51424,13.8683],[100.51425,13.8692],[100.51517,13.8692],[100.51517,13.86829]]],[[[100.51611,13.871],[100.51612,13.8719],[100.51889,13.87189],[100.51888,13.87008],[100.51981,13.87007],[100.51982,13.87188],[100.52074,13.87188],[100.52073,13.87007],[100.52166,13.87006],[100.52164,13.86825],[100.52072,13.86826],[100.52071,13.86645],[100.51978,13.86646],[100.51979,13.86827],[100.51794,13.86828],[100.51793,13.86557],[100.517,13.86557],[100.51701,13.86738],[100.51609,13.86738],[100.5161,13.86919],[100.51517,13.8692],[100.51518,13.8701],[100.51703,13.87009],[100.51704,13.87099],[100.51611,13.871]]],[[[100.51341,13.88186],[100.51618,13.88185],[100.51618,13.88094],[100.51525,13.88095],[100.51524,13.88004],[100.51339,13.88006],[100.5134,13.88096],[100.51247,13.88097],[100.51249,13.88368],[100.51342,13.88367],[100.51341,13.88186]]],[[[100.5126,13.89995],[100.5126,13.90085],[100.51353,13.90085],[100.51352,13.89994],[100.5126,13.89995]]],[[[100.51693,13.7119],[100.51694,13.71281],[100.51786,13.7128],[100.51786,13.7119],[100.51693,13.7119]]],[[[100.52252,13.71729],[100.52436,13.71728],[100.52436,13.71638],[100.52528,13.71637],[100.52528,13.71547],[100.52343,13.71548],[100.52342,13.71457],[100.5225,13.71458],[100.5225,13.71548],[100.52158,13.71549],[100.52158,13.71639],[100.52251,13.71639],[100.52252,13.71729]]],[[[100.52258,13.72814],[100.52257,13.72633],[100.52165,13.72634],[100.52166,13.72814],[100.52258,13.72814]]],[[[100.51987,13.7372],[100.52079,13.73719],[100.52079,13.73629],[100.52171,13.73628],[100.52172,13.73809],[100.5245,13.73807],[100.5245,13.73897],[100.52543,13.73897],[100.52543,13.73987],[100.52636,13.73987],[100.52637,13.74077],[100.52729,13.74077],[100.5273,13.74257],[100.52638,13.74258],[100.52638,13.74348],[100.52546,13.74349],[100.52546,13.74439],[100.52639,13.74439],[100.5264,13.74619],[100.52733,13.74619],[100.52732,13.74528],[100.52917,13.74527],[100.52916,13.74437],[100.52824,13.74437],[100.52823,13.74347],[100.52916,13.74347],[100.52915,13.74256],[100.53008,13.74256],[100.53007,13.74165],[100.52822,13.74166],[100.52821,13.74076],[100.52914,13.74075],[100.52912,13.73804],[100.53005,13.73804],[100.53005,13.73894],[100.53283,13.73892],[100.53284,13.74073],[100.53376,13.74072],[100.53374,13.73801],[100.53559,13.738],[100.53559,13.7371],[100.53374,13.73711],[100.53373,13.73621],[100.53281,13.73621],[100.53281,13.73712],[100.53189,13.73712],[100.5319,13.73802],[100.53097,13.73803],[100.53097,13.73713],[100.52634,13.73716],[100.52632,13.73444],[100.52817,13.73443],[100.52817,13.73353],[100.52724,13.73353],[100.52724,13.73263],[100.52631,13.73264],[100.52632,13.73354],[100.52539,13.73355],[100.52539,13.73264],[100.52261,13.73266],[100.52261,13.73175],[100.52168,13.73176],[100.52168,13.73086],[100.52075,13.73086],[100.52075,13.72996],[100.51982,13.72996],[100.51983,13.73087],[100.5189,13.73087],[100.51891,13.73178],[100.52076,13.73177],[100.52077,13.73357],[100.51985,13.73358],[100.51987,13.7372]],[[100.52635,13.73806],[100.52542,13.73806],[100.52542,13.73716],[100.52634,13.73716],[100.52635,13.73806]]],[[[100.52177,13.74441],[100.52269,13.74441],[100.52268,13.74351],[100.52361,13.7435],[100.5236,13.74169],[100.52452,13.74169],[100.52452,13.74078],[100.52544,13.74078],[100.52543,13.73987],[100.52266,13.73989],[100.52267,13.7417],[100.52175,13.7417],[100.52175,13.74261],[100.52083,13.74261],[100.52084,13.74442],[100.51992,13.74443],[100.51993,13.74623],[100.52085,13.74623],[100.52085,13.74532],[100.52177,13.74532],[100.52177,13.74441]]],[[[100.52311,13.80859],[100.52496,13.80857],[100.52495,13.80767],[100.5268,13.80766],[100.52679,13.80585],[100.52586,13.80586],[100.52586,13.80495],[100.52031,13.80499],[100.52031,13.80589],[100.51939,13.8059],[100.51939,13.8068],[100.52032,13.8068],[100.52033,13.8077],[100.52125,13.80769],[100.52126,13.8086],[100.52218,13.80859],[100.52217,13.80769],[100.5231,13.80768],[100.52311,13.80859]]],[[[100.51866,13.83664],[100.51959,13.83663],[100.51959,13.83753],[100.52144,13.83752],[100.52143,13.83481],[100.52235,13.8348],[100.52234,13.833],[100.52141,13.833],[100.52142,13.83391],[100.51957,13.83392],[100.51958,13.83482],[100.51865,13.83483],[100.51866,13.83664]]],[[[100.5187,13.84296],[100.51963,13.84296],[100.51962,13.84205],[100.5187,13.84206],[100.5187,13.84296]]],[[[100.51877,13.85291],[100.51784,13.85291],[100.51785,13.85381],[100.51877,13.85381],[100.51877,13.85291]]],[[[100.51878,13.85471],[100.51971,13.85471],[100.5197,13.8538],[100.51877,13.85381],[100.51878,13.85471]]],[[[100.52004,13.90623],[100.52005,13.90713],[100.52097,13.90713],[100.52098,13.90803],[100.5219,13.90803],[100.52189,13.90622],[100.52374,13.90621],[100.52375,13.90801],[100.52468,13.90801],[100.52467,13.9062],[100.52559,13.90619],[100.52559,13.90529],[100.52466,13.9053],[100.52466,13.90439],[100.52373,13.9044],[100.52372,13.90349],[100.52002,13.90352],[100.52004,13.90532],[100.51911,13.90533],[100.51912,13.90623],[100.52004,13.90623]]],[[[100.52712,13.71455],[100.52713,13.71546],[100.52805,13.71545],[100.52804,13.71455],[100.52712,13.71455]]],[[[100.52805,13.71545],[100.52806,13.71726],[100.52899,13.71725],[100.529,13.71906],[100.52992,13.71905],[100.52993,13.71996],[100.53085,13.71995],[100.53087,13.72176],[100.53179,13.72175],[100.5318,13.72266],[100.53364,13.72265],[100.53364,13.72174],[100.53456,13.72174],[100.53455,13.71903],[100.53362,13.71903],[100.5336,13.71632],[100.53083,13.71634],[100.53082,13.71543],[100.5299,13.71544],[100.52991,13.71634],[100.52898,13.71635],[100.52898,13.71544],[100.52805,13.71545]]],[[[100.52631,13.73264],[100.5263,13.72992],[100.52537,13.72993],[100.52536,13.72903],[100.52352,13.72904],[100.52351,13.72813],[100.52258,13.72814],[100.5226,13.72995],[100.52352,13.72994],[100.52353,13.73175],[100.52538,13.73174],[100.52539,13.73264],[100.52631,13.73264]]],[[[100.52818,13.73534],[100.53003,13.73532],[100.53002,13.73442],[100.52817,13.73443],[100.52818,13.73534]]],[[[100.52366,13.75073],[100.52458,13.75073],[100.52459,13.75253],[100.52644,13.75252],[100.52644,13.75162],[100.52828,13.75161],[100.52827,13.7498],[100.52735,13.7498],[100.52735,13.75071],[100.52643,13.75071],[100.52641,13.7471],[100.52548,13.7471],[100.52547,13.7453],[100.52362,13.74531],[100.52364,13.74802],[100.52456,13.74801],[100.52457,13.74892],[100.52364,13.74892],[100.52366,13.75073]]],[[[100.52648,13.75794],[100.53018,13.75792],[100.53017,13.75702],[100.53109,13.75701],[100.53108,13.7543],[100.5283,13.75432],[100.5283,13.75341],[100.52552,13.75343],[100.52554,13.75614],[100.52646,13.75614],[100.52648,13.75794]]],[[[100.53019,13.75973],[100.53018,13.75883],[100.52926,13.75883],[100.52927,13.76064],[100.53112,13.76063],[100.53111,13.75972],[100.53019,13.75973]]],[[[100.53114,13.76334],[100.53112,13.76153],[100.52927,13.76154],[100.52928,13.76245],[100.52836,13.76245],[100.52836,13.76336],[100.52929,13.76335],[100.52929,13.76425],[100.53022,13.76425],[100.53021,13.76335],[100.53114,13.76334]]],[[[100.52676,13.80133],[100.52491,13.80134],[100.52491,13.80225],[100.52399,13.80225],[100.524,13.80406],[100.52678,13.80404],[100.52676,13.80133]]],[[[100.53049,13.80673],[100.5305,13.80764],[100.53142,13.80763],[100.53142,13.80673],[100.53234,13.80672],[100.53235,13.80762],[100.53327,13.80762],[100.53329,13.80943],[100.53514,13.80941],[100.53513,13.80851],[100.53605,13.80851],[100.53604,13.8067],[100.53697,13.80669],[100.53696,13.80579],[100.53974,13.80577],[100.53972,13.80306],[100.54064,13.80305],[100.54064,13.80215],[100.53971,13.80215],[100.53971,13.80125],[100.53786,13.80126],[100.53786,13.80217],[100.53694,13.80217],[100.53693,13.80036],[100.53508,13.80038],[100.53507,13.79947],[100.53415,13.79948],[100.53414,13.79857],[100.53229,13.79859],[100.53232,13.8031],[100.53139,13.80311],[100.5314,13.80401],[100.53048,13.80402],[100.53049,13.80583],[100.52956,13.80583],[100.52957,13.80674],[100.53049,13.80673]],[[100.53511,13.8049],[100.53603,13.80489],[100.53604,13.80579],[100.53511,13.8058],[100.53511,13.8049]]],[[[100.53055,13.81487],[100.53055,13.81577],[100.53148,13.81577],[100.53148,13.81667],[100.53241,13.81666],[100.5324,13.81576],[100.53333,13.81575],[100.53332,13.81485],[100.53425,13.81484],[100.53424,13.81394],[100.53517,13.81393],[100.53516,13.81303],[100.53331,13.81304],[100.5333,13.81214],[100.53238,13.81214],[100.53237,13.81034],[100.53052,13.81035],[100.53052,13.81125],[100.5296,13.81126],[100.5296,13.81216],[100.52868,13.81217],[100.52868,13.81307],[100.52961,13.81306],[100.52962,13.81487],[100.53055,13.81487]]],[[[100.53063,13.82843],[100.53063,13.82752],[100.53155,13.82752],[100.53156,13.82842],[100.53341,13.82841],[100.5334,13.8275],[100.53618,13.82749],[100.53617,13.82658],[100.53432,13.82659],[100.53432,13.82569],[100.53524,13.82568],[100.53524,13.82478],[100.53431,13.82479],[100.5343,13.82298],[100.53337,13.82298],[100.53337,13.82208],[100.53152,13.82209],[100.53153,13.8239],[100.52968,13.82391],[100.52969,13.82482],[100.52784,13.82483],[100.52786,13.82844],[100.53063,13.82843]]],[[[100.52235,13.8348],[100.52236,13.83571],[100.52328,13.8357],[100.52328,13.8348],[100.52235,13.8348]]],[[[100.53206,13.90525],[100.53391,13.90524],[100.53392,13.90614],[100.53762,13.90612],[100.53762,13.90521],[100.53854,13.90521],[100.53853,13.9034],[100.5376,13.90341],[100.5376,13.9025],[100.53852,13.9025],[100.53851,13.89979],[100.53758,13.89979],[100.53759,13.9007],[100.53666,13.9007],[100.53665,13.89889],[100.5348,13.89891],[100.5348,13.89981],[100.53388,13.89981],[100.53388,13.90072],[100.53203,13.90073],[100.53204,13.90163],[100.53111,13.90164],[100.53113,13.90345],[100.5302,13.90345],[100.53021,13.90436],[100.53206,13.90435],[100.53206,13.90525]],[[100.53482,13.90252],[100.53483,13.90433],[100.53391,13.90433],[100.5339,13.90253],[100.53482,13.90252]]],[[[100.53549,13.72173],[100.53549,13.72264],[100.53642,13.72263],[100.53641,13.72173],[100.53549,13.72173]]],[[[100.53743,13.73618],[100.53742,13.73437],[100.5365,13.73438],[100.53651,13.73619],[100.53743,13.73618]]],[[[100.53095,13.73532],[100.53096,13.73622],[100.53281,13.73621],[100.5328,13.73531],[100.53095,13.73532]]],[[[100.53837,13.73798],[100.53652,13.738],[100.53652,13.7389],[100.53837,13.73889],[100.53837,13.73798]]],[[[100.53561,13.73981],[100.53561,13.74071],[100.53654,13.74071],[100.53653,13.7398],[100.53561,13.73981]]],[[[100.53378,13.74344],[100.53377,13.74163],[100.53099,13.74165],[100.53101,13.74345],[100.53378,13.74344]]],[[[100.53385,13.75428],[100.53478,13.75428],[100.53477,13.75337],[100.53384,13.75338],[100.53385,13.75428]]],[[[100.53392,13.76423],[100.53392,13.76513],[100.53577,13.76512],[100.53576,13.76421],[100.53761,13.7642],[100.53761,13.7633],[100.54038,13.76328],[100.54037,13.76147],[100.53852,13.76149],[100.53853,13.76239],[100.5376,13.7624],[100.5376,13.76149],[100.53575,13.7615],[100.53574,13.7606],[100.53389,13.76061],[100.53389,13.75971],[100.53204,13.75972],[100.53204,13.76062],[100.53297,13.76062],[100.53298,13.76242],[100.53205,13.76243],[100.53207,13.76424],[100.53392,13.76423]]],[[[100.53112,13.76153],[100.53205,13.76153],[100.53204,13.76062],[100.53112,13.76063],[100.53112,13.76153]]],[[[100.53673,13.77054],[100.53858,13.77052],[100.53859,13.77143],[100.53951,13.77142],[100.53953,13.77413],[100.5386,13.77414],[100.53863,13.77866],[100.53956,13.77865],[100.53956,13.77956],[100.54049,13.77955],[100.54048,13.77865],[100.54233,13.77864],[100.54233,13.77773],[100.54325,13.77773],[100.54325,13.77682],[100.54232,13.77683],[100.54232,13.77592],[100.54416,13.77591],[100.54417,13.77682],[100.5451,13.77681],[100.5451,13.77771],[100.54603,13.77771],[100.54603,13.77861],[100.54696,13.77861],[100.54696,13.77951],[100.54881,13.7795],[100.54878,13.77498],[100.54786,13.77499],[100.54785,13.77408],[100.54693,13.77409],[100.54692,13.77318],[100.54785,13.77318],[100.54783,13.77137],[100.54506,13.77139],[100.54507,13.7732],[100.54415,13.7732],[100.54415,13.77411],[100.54323,13.77411],[100.54322,13.77321],[100.5423,13.77321],[100.54229,13.77231],[100.54137,13.77231],[100.54136,13.77141],[100.54044,13.77142],[100.54042,13.76961],[100.54135,13.7696],[100.54135,13.77051],[100.54228,13.7705],[100.54227,13.7696],[100.5432,13.76959],[100.54317,13.76598],[100.54225,13.76598],[100.54224,13.76417],[100.53946,13.76419],[100.53948,13.766],[100.53578,13.76602],[100.53579,13.76783],[100.53486,13.76784],[100.53488,13.77055],[100.53581,13.77054],[100.5358,13.76964],[100.53673,13.76963],[100.53673,13.77054]],[[100.54694,13.7768],[100.54787,13.77679],[100.54788,13.7777],[100.54695,13.7777],[100.54694,13.7768]]],[[[100.54042,13.90972],[100.54041,13.90791],[100.54133,13.9079],[100.54133,13.907],[100.5404,13.907],[100.5404,13.9061],[100.53947,13.90611],[100.53948,13.90701],[100.53763,13.90702],[100.53764,13.90883],[100.53949,13.90882],[100.5395,13.90972],[100.54042,13.90972]]],[[[100.54105,13.72441],[100.54198,13.7244],[100.54197,13.7235],[100.54105,13.7235],[100.54105,13.72441]]],[[[100.54204,13.73435],[100.54205,13.73525],[100.54297,13.73524],[100.54297,13.73434],[100.54204,13.73435]]],[[[100.54023,13.73978],[100.54115,13.73977],[100.54116,13.74068],[100.54208,13.74067],[100.54207,13.73796],[100.54299,13.73796],[100.54298,13.73615],[100.54205,13.73615],[100.54206,13.73706],[100.54114,13.73706],[100.54112,13.73526],[100.5402,13.73526],[100.54023,13.73978]]],[[[100.53838,13.73979],[100.5393,13.73979],[100.5393,13.73888],[100.53837,13.73889],[100.53838,13.73979]]],[[[100.53935,13.74702],[100.53936,13.74792],[100.54028,13.74792],[100.54028,13.74701],[100.53935,13.74702]]],[[[100.53659,13.74884],[100.53751,13.74884],[100.53751,13.74793],[100.53658,13.74794],[100.53659,13.74884]]],[[[100.53847,13.75335],[100.53848,13.75516],[100.53756,13.75516],[100.53756,13.75607],[100.54311,13.75603],[100.54314,13.76055],[100.54221,13.76056],[100.54221,13.75965],[100.54128,13.75966],[100.5413,13.76147],[100.54222,13.76146],[100.54223,13.76237],[100.5413,13.76237],[100.54131,13.76328],[100.54223,13.76327],[100.54224,13.76417],[100.54409,13.76416],[100.54408,13.76326],[100.54593,13.76325],[100.54591,13.76054],[100.54499,13.76054],[100.54498,13.75964],[100.54406,13.75964],[100.54404,13.75693],[100.54496,13.75693],[100.54496,13.75602],[100.54403,13.75603],[100.54402,13.75422],[100.5431,13.75423],[100.54309,13.75332],[100.54217,13.75333],[100.54216,13.75152],[100.54493,13.7515],[100.54494,13.75241],[100.54586,13.7524],[100.54587,13.7533],[100.54679,13.7533],[100.54678,13.75149],[100.5477,13.75148],[100.5477,13.75058],[100.54585,13.75059],[100.54584,13.74969],[100.54399,13.7497],[100.54399,13.7488],[100.54214,13.74881],[100.54214,13.74971],[100.54122,13.74972],[100.54122,13.75062],[100.5403,13.75063],[100.54031,13.75153],[100.53938,13.75154],[100.53939,13.75334],[100.53847,13.75335]],[[100.54123,13.75153],[100.54124,13.75243],[100.54031,13.75244],[100.54031,13.75153],[100.54123,13.75153]]],[[[100.53752,13.74974],[100.53753,13.75064],[100.53845,13.75064],[100.53844,13.74973],[100.53752,13.74974]]],[[[100.5432,13.7705],[100.54228,13.7705],[100.54229,13.77231],[100.54322,13.7723],[100.54322,13.77321],[100.54415,13.7732],[100.54414,13.77139],[100.54321,13.7714],[100.5432,13.7705]]],[[[100.54238,13.78587],[100.54239,13.78677],[100.54516,13.78675],[100.54514,13.78404],[100.54607,13.78404],[100.54606,13.78313],[100.54699,13.78313],[100.54699,13.78403],[100.54792,13.78402],[100.54792,13.78493],[100.54885,13.78492],[100.54884,13.78402],[100.54977,13.78401],[100.54977,13.78492],[100.5507,13.78491],[100.55069,13.78401],[100.55162,13.784],[100.5516,13.78129],[100.55252,13.78128],[100.55252,13.78038],[100.55067,13.78039],[100.55066,13.77949],[100.54881,13.7795],[100.54882,13.7804],[100.54789,13.78041],[100.5479,13.78131],[100.54605,13.78132],[100.54606,13.78223],[100.54513,13.78223],[100.54514,13.78314],[100.54421,13.78314],[100.54421,13.78224],[100.54328,13.78225],[100.54328,13.78134],[100.54235,13.78135],[100.54234,13.78044],[100.54142,13.78045],[100.54141,13.77955],[100.54049,13.77955],[100.54051,13.78226],[100.53958,13.78227],[100.5396,13.78498],[100.54145,13.78497],[100.54146,13.78587],[100.54238,13.78587]]],[[[100.5424,13.78948],[100.54242,13.79219],[100.54427,13.79218],[100.54428,13.79309],[100.5452,13.79308],[100.54521,13.79398],[100.54706,13.79397],[100.54705,13.79217],[100.54797,13.79216],[100.54797,13.79126],[100.54889,13.79125],[100.5489,13.79215],[100.54982,13.79215],[100.54983,13.79305],[100.55168,13.79304],[100.55166,13.79033],[100.55258,13.79032],[100.55259,13.79123],[100.55351,13.79122],[100.5535,13.78941],[100.55443,13.78941],[100.55441,13.7876],[100.55349,13.78761],[100.55348,13.7867],[100.55256,13.78671],[100.55257,13.78761],[100.55164,13.78762],[100.55163,13.78581],[100.5507,13.78582],[100.55071,13.78672],[100.54978,13.78672],[100.54979,13.78763],[100.54887,13.78763],[100.54888,13.79035],[100.54796,13.79035],[100.54795,13.78945],[100.5461,13.78946],[100.5461,13.78856],[100.54517,13.78856],[100.54517,13.78766],[100.54332,13.78767],[100.54332,13.78857],[100.54425,13.78857],[100.54425,13.78947],[100.5424,13.78948]]],[[[100.54246,13.79852],[100.54339,13.79852],[100.54338,13.79761],[100.54061,13.79763],[100.5406,13.79673],[100.53968,13.79673],[100.53969,13.79854],[100.54061,13.79853],[100.54063,13.80125],[100.54156,13.80124],[100.54155,13.80034],[100.54248,13.80033],[100.54246,13.79852]]],[[[100.53697,13.80669],[100.53697,13.8076],[100.5379,13.80759],[100.53789,13.80669],[100.53697,13.80669]]],[[[100.5379,13.80849],[100.53791,13.8094],[100.53884,13.80939],[100.53883,13.80849],[100.5379,13.80849]]],[[[100.5431,13.89524],[100.54403,13.89523],[100.54403,13.89614],[100.54218,13.89615],[100.54219,13.89795],[100.54034,13.89797],[100.54035,13.89887],[100.53942,13.89888],[100.53944,13.90068],[100.54221,13.90067],[100.54221,13.89976],[100.54406,13.89975],[100.54407,13.90156],[100.54592,13.90155],[100.54593,13.90245],[100.54685,13.90244],[100.54683,13.89883],[100.54775,13.89882],[100.54776,13.89973],[100.54868,13.89972],[100.54867,13.89791],[100.5496,13.89791],[100.54958,13.8961],[100.54681,13.89612],[100.5468,13.89521],[100.54495,13.89523],[100.54495,13.89432],[100.5431,13.89433],[100.5431,13.89524]],[[100.5459,13.89793],[100.54497,13.89794],[100.54496,13.89703],[100.54589,13.89703],[100.5459,13.89793]],[[100.5459,13.89883],[100.54591,13.89974],[100.54498,13.89974],[100.54498,13.89884],[100.5459,13.89883]]],[[[100.5413,13.90338],[100.54223,13.90338],[100.54222,13.90247],[100.5413,13.90248],[100.5413,13.90338]]],[[[100.53861,13.91606],[100.54046,13.91604],[100.54047,13.91695],[100.54232,13.91694],[100.54233,13.91784],[100.54325,13.91783],[100.54326,13.91874],[100.54418,13.91873],[100.54418,13.91783],[100.5451,13.91782],[100.54511,13.91963],[100.54696,13.91962],[100.54696,13.91871],[100.54603,13.91872],[100.54603,13.91782],[100.54695,13.91781],[100.54695,13.91691],[100.54972,13.91689],[100.54971,13.91508],[100.54879,13.91509],[100.54877,13.91328],[100.54785,13.91329],[100.54785,13.91419],[100.54693,13.9142],[100.54693,13.9151],[100.54508,13.91511],[100.54506,13.9115],[100.54599,13.91149],[100.54598,13.91059],[100.54505,13.91059],[100.54505,13.90969],[100.54412,13.90969],[100.54413,13.9106],[100.54228,13.91061],[100.54228,13.91151],[100.54136,13.91152],[100.54137,13.91333],[100.54045,13.91333],[100.54045,13.91424],[100.53953,13.91424],[100.53953,13.91515],[100.53861,13.91515],[100.53861,13.91606]],[[100.54322,13.91331],[100.54321,13.91151],[100.54413,13.9115],[100.54415,13.91331],[100.54322,13.91331]]],[[[100.54657,13.71895],[100.54658,13.72076],[100.54565,13.72076],[100.54567,13.72348],[100.54475,13.72348],[100.54475,13.72439],[100.54568,13.72438],[100.54568,13.72528],[100.54661,13.72528],[100.54662,13.72709],[100.54754,13.72708],[100.54755,13.72798],[100.54847,13.72798],[100.54847,13.72707],[100.54939,13.72707],[100.5494,13.72797],[100.55032,13.72797],[100.55033,13.72887],[100.55218,13.72886],[100.55215,13.72434],[100.5503,13.72435],[100.55029,13.72345],[100.55122,13.72344],[100.55121,13.72163],[100.55213,13.72163],[100.55212,13.72072],[100.5512,13.72073],[100.55119,13.71892],[100.55026,13.71893],[100.55026,13.71802],[100.54841,13.71804],[100.54841,13.71894],[100.54657,13.71895]],[[100.54754,13.72618],[100.54753,13.72527],[100.54846,13.72527],[100.54846,13.72617],[100.54754,13.72618]],[[100.54843,13.72075],[100.54935,13.72074],[100.54936,13.72164],[100.54843,13.72165],[100.54843,13.72075]]],[[[100.5429,13.7244],[100.54291,13.7253],[100.54476,13.72529],[100.54475,13.72439],[100.5429,13.7244]]],[[[100.54296,13.73344],[100.54389,13.73343],[100.54389,13.73433],[100.54574,13.73432],[100.54573,13.73251],[100.54665,13.73251],[100.54665,13.73161],[100.54572,13.73161],[100.54569,13.72709],[100.54384,13.7271],[100.54387,13.73072],[100.54294,13.73072],[100.54295,13.73163],[100.54387,13.73162],[100.54388,13.73253],[100.54296,13.73253],[100.54296,13.73344]]],[[[100.54578,13.74065],[100.54856,13.74063],[100.54854,13.73882],[100.54762,13.73883],[100.54761,13.73793],[100.54669,13.73793],[100.54667,13.73522],[100.5476,13.73521],[100.54759,13.73431],[100.54574,13.73432],[100.54575,13.73523],[100.54482,13.73523],[100.54484,13.73794],[100.54576,13.73794],[100.54578,13.74065]]],[[[100.54297,13.73524],[100.54298,13.73615],[100.5439,13.73614],[100.5439,13.73524],[100.54297,13.73524]]],[[[100.54398,13.74789],[100.54491,13.74789],[100.54491,13.74879],[100.54584,13.74878],[100.54584,13.74969],[100.54862,13.74967],[100.5486,13.74786],[100.54953,13.74786],[100.54953,13.74876],[100.55046,13.74876],[100.55045,13.74695],[100.5486,13.74696],[100.54859,13.74606],[100.54767,13.74606],[100.54766,13.74516],[100.54674,13.74516],[100.54673,13.74426],[100.54488,13.74427],[100.54489,13.74608],[100.54397,13.74608],[100.54396,13.74518],[100.54304,13.74519],[100.54305,13.74699],[100.54397,13.74699],[100.54398,13.74789]],[[100.54674,13.74607],[100.54582,13.74607],[100.54581,13.74517],[100.54674,13.74516],[100.54674,13.74607]],[[100.54675,13.74788],[100.54768,13.74787],[100.54769,13.74877],[100.54676,13.74878],[100.54675,13.74788]]],[[[100.54511,13.77952],[100.54604,13.77952],[100.54603,13.77861],[100.54511,13.77862],[100.54511,13.77952]]],[[[100.54707,13.79578],[100.54706,13.79488],[100.54614,13.79488],[100.54615,13.79669],[100.548,13.79668],[100.54799,13.79578],[100.54707,13.79578]]],[[[100.54523,13.7976],[100.54524,13.7985],[100.54616,13.7985],[100.54616,13.79759],[100.54523,13.7976]]],[[[100.54617,13.80031],[100.54619,13.80211],[100.54711,13.80211],[100.5471,13.8003],[100.54617,13.80031]]],[[[100.54712,13.80301],[100.54804,13.80301],[100.54804,13.8021],[100.54711,13.80211],[100.54712,13.80301]]],[[[100.54621,13.80573],[100.54714,13.80572],[100.54713,13.80482],[100.5462,13.80483],[100.54621,13.80573]]],[[[100.54784,13.91148],[100.54691,13.91148],[100.54692,13.91329],[100.54785,13.91329],[100.54784,13.91148]]],[[[100.5558,13.71708],[100.55487,13.71709],[100.55488,13.71799],[100.55396,13.718],[100.55396,13.7189],[100.55211,13.71892],[100.55212,13.72072],[100.55305,13.72072],[100.55304,13.71981],[100.55397,13.71981],[100.55397,13.72071],[100.5549,13.72071],[100.5549,13.72161],[100.55583,13.7216],[100.55583,13.72251],[100.55491,13.72251],[100.55492,13.72342],[100.55399,13.72342],[100.554,13.72523],[100.55308,13.72524],[100.55309,13.72705],[100.55402,13.72704],[100.55403,13.72885],[100.55495,13.72884],[100.55496,13.72975],[100.55588,13.72974],[100.55588,13.72884],[100.55773,13.72882],[100.55773,13.72973],[100.55866,13.72972],[100.55864,13.72701],[100.56049,13.727],[100.56048,13.72609],[100.56141,13.72609],[100.56139,13.72338],[100.56324,13.72337],[100.56321,13.71975],[100.56414,13.71974],[100.56413,13.71884],[100.56321,13.71885],[100.5632,13.71794],[100.56135,13.71795],[100.56134,13.71615],[100.56042,13.71615],[100.56041,13.71525],[100.55949,13.71525],[100.55948,13.71435],[100.55486,13.71438],[100.55485,13.71348],[100.55393,13.71348],[100.55394,13.71529],[100.55486,13.71528],[100.55487,13.71619],[100.55579,13.71618],[100.5558,13.71708]],[[100.55401,13.72614],[100.55493,13.72613],[100.55494,13.72703],[100.55402,13.72704],[100.55401,13.72614]],[[100.55949,13.71525],[100.5595,13.71706],[100.55857,13.71707],[100.55856,13.71526],[100.55949,13.71525]],[[100.5577,13.72521],[100.55769,13.7234],[100.55954,13.72339],[100.55955,13.7252],[100.5577,13.72521]],[[100.55672,13.71618],[100.55671,13.71527],[100.55764,13.71527],[100.55764,13.71617],[100.55672,13.71618]],[[100.55678,13.72612],[100.55679,13.72702],[100.55586,13.72703],[100.55586,13.72612],[100.55678,13.72612]]],[[[100.5494,13.72888],[100.54941,13.72978],[100.55033,13.72977],[100.55033,13.72887],[100.5494,13.72888]]],[[[100.55226,13.74061],[100.55223,13.73699],[100.55316,13.73699],[100.55316,13.73789],[100.55409,13.73789],[100.55407,13.73517],[100.55222,13.73519],[100.55221,13.73428],[100.55129,13.73429],[100.55132,13.73881],[100.54947,13.73882],[100.54948,13.73972],[100.5504,13.73972],[100.55041,13.74062],[100.55226,13.74061]]],[[[100.54946,13.73791],[100.54854,13.73792],[100.54854,13.73882],[100.54947,13.73882],[100.54946,13.73791]]],[[[100.55137,13.74604],[100.55138,13.74875],[100.55323,13.74874],[100.55322,13.74603],[100.55414,13.74602],[100.55413,13.74421],[100.55135,13.74423],[100.55136,13.74513],[100.55044,13.74514],[100.55044,13.74604],[100.55137,13.74604]]],[[[100.55415,13.74692],[100.55507,13.74692],[100.55506,13.74602],[100.55414,13.74602],[100.55415,13.74692]]],[[[100.55601,13.74872],[100.55601,13.74962],[100.55694,13.74962],[100.55693,13.74871],[100.55878,13.7487],[100.55878,13.7478],[100.55785,13.74781],[100.55784,13.746],[100.55691,13.746],[100.55692,13.74691],[100.556,13.74691],[100.556,13.74782],[100.55415,13.74783],[100.55416,13.74873],[100.55323,13.74874],[100.55324,13.74964],[100.55509,13.74963],[100.55508,13.74873],[100.55601,13.74872]]],[[[100.55452,13.80297],[100.55453,13.80477],[100.5536,13.80478],[100.55361,13.80568],[100.55268,13.80569],[100.55268,13.80478],[100.55175,13.80479],[100.55176,13.80569],[100.54991,13.80571],[100.5499,13.8039],[100.54897,13.8039],[100.54899,13.80662],[100.55084,13.8066],[100.55085,13.80841],[100.54993,13.80842],[100.54993,13.80932],[100.55271,13.8093],[100.5527,13.8084],[100.55363,13.80839],[100.55363,13.8093],[100.55456,13.80929],[100.55457,13.8111],[100.5555,13.81109],[100.55548,13.80838],[100.55455,13.80839],[100.55453,13.80568],[100.55823,13.80565],[100.55824,13.80656],[100.56009,13.80655],[100.56007,13.80383],[100.55822,13.80385],[100.55823,13.80475],[100.5573,13.80476],[100.5573,13.80385],[100.55637,13.80386],[100.55637,13.80295],[100.55914,13.80294],[100.55914,13.80203],[100.55821,13.80204],[100.5582,13.80113],[100.55728,13.80114],[100.55727,13.80024],[100.5545,13.80025],[100.5545,13.80116],[100.55543,13.80115],[100.55544,13.80296],[100.55452,13.80297]],[[100.55729,13.80204],[100.55636,13.80205],[100.55635,13.80115],[100.55728,13.80114],[100.55729,13.80204]]],[[[100.54714,13.80572],[100.54714,13.80663],[100.54807,13.80662],[100.54806,13.80572],[100.54714,13.80572]]],[[[100.54807,13.80662],[100.54807,13.80753],[100.549,13.80752],[100.54899,13.80662],[100.54807,13.80662]]],[[[100.55271,13.8093],[100.55271,13.81021],[100.55364,13.8102],[100.55363,13.8093],[100.55271,13.8093]]],[[[100.55379,13.8328],[100.55286,13.83281],[100.55288,13.83461],[100.5538,13.83461],[100.55379,13.8328]]],[[[100.5505,13.89519],[100.55052,13.8979],[100.5533,13.89788],[100.55329,13.89698],[100.55422,13.89697],[100.55423,13.89878],[100.55608,13.89877],[100.55607,13.89787],[100.55515,13.89787],[100.55513,13.89516],[100.55605,13.89515],[100.55606,13.89606],[100.55791,13.89605],[100.55791,13.89514],[100.56068,13.89513],[100.56069,13.89603],[100.56439,13.89601],[100.56438,13.8942],[100.56345,13.8942],[100.56344,13.8933],[100.56437,13.89329],[100.56436,13.89239],[100.56529,13.89238],[100.56528,13.89148],[100.56621,13.89147],[100.56622,13.89328],[100.56807,13.89327],[100.56806,13.89237],[100.56899,13.89236],[100.56898,13.89146],[100.56713,13.89147],[100.56711,13.88785],[100.56341,13.88788],[100.5634,13.88697],[100.56063,13.88699],[100.56064,13.8888],[100.55971,13.8888],[100.55972,13.88971],[100.56064,13.8897],[100.56065,13.89061],[100.5588,13.89062],[100.55881,13.89243],[100.55789,13.89243],[100.5579,13.89424],[100.55697,13.89425],[100.55697,13.89334],[100.55604,13.89335],[100.55604,13.89244],[100.55511,13.89245],[100.55512,13.89426],[100.5542,13.89426],[100.55418,13.89155],[100.55326,13.89156],[100.55327,13.89336],[100.55142,13.89338],[100.55143,13.89518],[100.5505,13.89519]],[[100.56346,13.89511],[100.56253,13.89511],[100.56253,13.89421],[100.56345,13.8942],[100.56346,13.89511]],[[100.56526,13.88877],[100.56527,13.88967],[100.56435,13.88968],[100.56434,13.88877],[100.56526,13.88877]]],[[[100.5497,13.91327],[100.5497,13.91418],[100.55063,13.91417],[100.55062,13.91327],[100.5497,13.91327]]],[[[100.55589,13.73155],[100.55682,13.73154],[100.55681,13.73064],[100.55589,13.73064],[100.55589,13.73155]]],[[[100.55589,13.73155],[100.55497,13.73155],[100.55498,13.73336],[100.55591,13.73335],[100.55589,13.73155]]],[[[100.55867,13.73243],[100.5596,13.73243],[100.55959,13.73152],[100.55867,13.73153],[100.55867,13.73243]]],[[[100.55499,13.73517],[100.555,13.73607],[100.55592,13.73607],[100.55592,13.73516],[100.55499,13.73517]]],[[[100.55783,13.74509],[100.55784,13.746],[100.55876,13.74599],[100.55878,13.7478],[100.5597,13.74779],[100.55967,13.74327],[100.55875,13.74328],[100.55875,13.74418],[100.55598,13.7442],[100.55598,13.74511],[100.55783,13.74509]]],[[[100.5616,13.75501],[100.56159,13.75411],[100.56252,13.7541],[100.56253,13.75681],[100.56438,13.7568],[100.56438,13.7559],[100.56623,13.75589],[100.56622,13.75498],[100.5653,13.75499],[100.56529,13.75409],[100.56621,13.75408],[100.56621,13.75318],[100.56528,13.75318],[100.56528,13.75228],[100.56713,13.75227],[100.56712,13.75136],[100.56527,13.75137],[100.56527,13.75047],[100.56619,13.75046],[100.56618,13.74956],[100.56434,13.74957],[100.56434,13.75048],[100.56342,13.75048],[100.56341,13.74958],[100.56156,13.74959],[100.56158,13.7523],[100.5625,13.7523],[100.56251,13.7532],[100.55974,13.75322],[100.55974,13.75412],[100.56067,13.75411],[100.56067,13.75502],[100.5616,13.75501]]],[[[100.5554,13.79663],[100.55541,13.79844],[100.55634,13.79843],[100.55632,13.79663],[100.5554,13.79663]]],[[[100.5601,13.80745],[100.5601,13.80835],[100.56103,13.80835],[100.56102,13.80744],[100.5601,13.80745]]],[[[100.56011,13.80926],[100.56013,13.81287],[100.55736,13.81289],[100.55737,13.8147],[100.55829,13.81469],[100.5583,13.8156],[100.55738,13.8156],[100.55738,13.81651],[100.55646,13.81651],[100.55646,13.81742],[100.55831,13.8174],[100.55834,13.82102],[100.55926,13.82101],[100.55927,13.82192],[100.56112,13.82191],[100.56111,13.8201],[100.56203,13.82009],[100.56202,13.81919],[100.56017,13.8192],[100.56017,13.8183],[100.56109,13.81829],[100.56108,13.81648],[100.56016,13.81649],[100.56015,13.81558],[100.562,13.81557],[100.56201,13.81648],[100.56293,13.81647],[100.56292,13.81557],[100.56477,13.81556],[100.56478,13.81646],[100.56756,13.81644],[100.56754,13.81373],[100.56661,13.81374],[100.56661,13.81283],[100.56753,13.81283],[100.56752,13.81102],[100.56937,13.81101],[100.56936,13.8101],[100.57029,13.8101],[100.57028,13.80829],[100.5712,13.80828],[100.57119,13.80738],[100.56657,13.80741],[100.56658,13.80831],[100.56565,13.80832],[100.56565,13.80741],[100.56287,13.80743],[100.56288,13.80834],[100.5638,13.80833],[100.56381,13.80923],[100.56473,13.80923],[100.56474,13.81013],[100.56659,13.81012],[100.56659,13.81102],[100.56567,13.81103],[100.56568,13.81193],[100.56475,13.81194],[100.56476,13.81284],[100.56383,13.81285],[100.56383,13.81195],[100.5629,13.81195],[100.56288,13.80924],[100.56011,13.80926]],[[100.55926,13.82011],[100.56018,13.8201],[100.56019,13.82101],[100.55926,13.82101],[100.55926,13.82011]]],[[[100.5555,13.81109],[100.5555,13.812],[100.55643,13.81199],[100.55642,13.81109],[100.5555,13.81109]]],[[[100.55834,13.82192],[100.55835,13.82283],[100.55927,13.82282],[100.55927,13.82192],[100.55834,13.82192]]],[[[100.55664,13.84363],[100.55849,13.84362],[100.5585,13.84542],[100.55942,13.84542],[100.55944,13.84723],[100.56036,13.84722],[100.56037,13.84812],[100.55852,13.84814],[100.55852,13.84904],[100.5576,13.84905],[100.5576,13.84995],[100.56223,13.84992],[100.56222,13.84902],[100.56315,13.84901],[100.56314,13.84811],[100.56222,13.84811],[100.5622,13.8463],[100.56035,13.84632],[100.56034,13.84451],[100.55942,13.84451],[100.5594,13.8418],[100.55847,13.84181],[100.55846,13.84],[100.55754,13.84001],[100.55754,13.84091],[100.55662,13.84092],[100.55662,13.84182],[100.5557,13.84183],[100.55571,13.84273],[100.55663,13.84272],[100.55664,13.84363]]],[[[100.56143,13.7297],[100.56328,13.72969],[100.56326,13.72698],[100.56603,13.72696],[100.56601,13.72335],[100.56694,13.72334],[100.56692,13.72063],[100.56599,13.72064],[100.566,13.72154],[100.56507,13.72155],[100.56509,13.72335],[100.56416,13.72336],[100.56418,13.72607],[100.56233,13.72608],[100.56235,13.72879],[100.56142,13.7288],[100.56143,13.7297]]],[[[100.56049,13.727],[100.56049,13.7279],[100.56142,13.7279],[100.56141,13.72699],[100.56049,13.727]]],[[[100.56236,13.7306],[100.56144,13.73061],[100.56145,13.73242],[100.56052,13.73242],[100.56054,13.73423],[100.56146,13.73422],[100.56145,13.73332],[100.56238,13.73331],[100.56236,13.7306]]],[[[100.56334,13.73873],[100.56241,13.73874],[100.56242,13.73964],[100.56334,13.73964],[100.56335,13.74054],[100.56428,13.74053],[100.56428,13.74144],[100.56336,13.74144],[100.56337,13.74415],[100.5643,13.74415],[100.56429,13.74324],[100.56522,13.74324],[100.56521,13.74234],[100.56614,13.74233],[100.56613,13.74143],[100.56706,13.74142],[100.56704,13.73961],[100.56612,13.73962],[100.56611,13.73871],[100.56519,13.73872],[100.56518,13.73782],[100.56333,13.73783],[100.56334,13.73873]]],[[[100.56243,13.74145],[100.56336,13.74144],[100.56335,13.74054],[100.56243,13.74054],[100.56243,13.74145]]],[[[100.56154,13.74597],[100.56152,13.74326],[100.56059,13.74327],[100.56061,13.74598],[100.56154,13.74597]]],[[[100.56339,13.74596],[100.56431,13.74596],[100.56431,13.74505],[100.56338,13.74506],[100.56339,13.74596]]],[[[100.56246,13.74597],[100.56154,13.74597],[100.56154,13.74688],[100.56247,13.74687],[100.56246,13.74597]]],[[[100.56247,13.74778],[100.5634,13.74777],[100.56339,13.74687],[100.56247,13.74687],[100.56247,13.74778]]],[[[100.56073,13.76315],[100.56073,13.76406],[100.56258,13.76405],[100.56259,13.76495],[100.56351,13.76494],[100.56352,13.76585],[100.56444,13.76584],[100.56445,13.76675],[100.5663,13.76673],[100.56629,13.76583],[100.56814,13.76582],[100.56815,13.76672],[100.57,13.76671],[100.56997,13.76309],[100.56905,13.7631],[100.56904,13.76129],[100.56996,13.76129],[100.56996,13.76038],[100.56903,13.76039],[100.56903,13.75949],[100.5681,13.75949],[100.56808,13.75678],[100.56716,13.75679],[100.56715,13.75588],[100.56623,13.75589],[100.56623,13.75679],[100.56531,13.7568],[100.56531,13.7577],[100.56439,13.75771],[100.5644,13.75861],[100.56347,13.75862],[100.56348,13.75952],[100.56255,13.75953],[100.56256,13.76133],[100.56164,13.76134],[100.56165,13.76315],[100.56073,13.76315]]],[[[100.56388,13.82008],[100.56296,13.82009],[100.56296,13.82099],[100.56389,13.82098],[100.56388,13.82008]]],[[[100.56481,13.82098],[100.56389,13.82098],[100.56389,13.82189],[100.56482,13.82188],[100.56481,13.82098]]],[[[100.56392,13.8255],[100.56299,13.82551],[100.56302,13.82912],[100.56117,13.82914],[100.56117,13.83004],[100.5621,13.83003],[100.5621,13.83094],[100.56395,13.83093],[100.56395,13.83002],[100.56487,13.83002],[100.56488,13.83092],[100.56765,13.8309],[100.56766,13.83271],[100.56859,13.8327],[100.5686,13.83451],[100.56768,13.83452],[100.56768,13.83542],[100.56861,13.83542],[100.56861,13.83632],[100.56954,13.83631],[100.56953,13.83541],[100.57046,13.8354],[100.57046,13.83631],[100.57231,13.8363],[100.5723,13.83449],[100.57508,13.83447],[100.57508,13.83538],[100.57601,13.83537],[100.57601,13.83627],[100.57509,13.83628],[100.57511,13.83899],[100.57418,13.839],[100.57418,13.83809],[100.57233,13.8381],[100.57234,13.83991],[100.57049,13.83992],[100.57049,13.84083],[100.57142,13.84082],[100.57143,13.84173],[100.56958,13.84174],[100.56958,13.84264],[100.57143,13.84263],[100.57144,13.84353],[100.57421,13.84352],[100.57422,13.84442],[100.57607,13.84441],[100.57606,13.8426],[100.57698,13.84259],[100.57698,13.84169],[100.5779,13.84168],[100.57791,13.84259],[100.57883,13.84258],[100.57882,13.84077],[100.58159,13.84076],[100.58159,13.83985],[100.58066,13.83986],[100.58066,13.83895],[100.57973,13.83896],[100.57973,13.83806],[100.57788,13.83807],[100.57786,13.83536],[100.57693,13.83536],[100.57692,13.83356],[100.576,13.83356],[100.57599,13.83266],[100.57691,13.83265],[100.5769,13.83084],[100.5732,13.83087],[100.57321,13.83177],[100.57136,13.83178],[100.57136,13.83269],[100.57044,13.83269],[100.57045,13.8345],[100.56953,13.83451],[100.56951,13.8318],[100.56858,13.8318],[100.56858,13.8309],[100.5695,13.83089],[100.56949,13.82908],[100.56857,13.82909],[100.56855,13.82728],[100.56948,13.82728],[100.56947,13.82637],[100.5704,13.82637],[100.5704,13.82727],[100.5741,13.82725],[100.57409,13.82544],[100.57317,13.82544],[100.57316,13.82454],[100.57408,13.82453],[100.57407,13.82273],[100.57315,13.82273],[100.57315,13.82364],[100.57223,13.82364],[100.57223,13.82455],[100.57131,13.82455],[100.57132,13.82546],[100.57039,13.82546],[100.57038,13.82456],[100.56761,13.82458],[100.56762,13.82548],[100.56669,13.82549],[100.56669,13.82458],[100.56484,13.82459],[100.56482,13.82279],[100.5639,13.82279],[100.56389,13.82189],[100.56112,13.82191],[100.56112,13.82281],[100.56297,13.8228],[100.56299,13.82461],[100.56391,13.8246],[100.56392,13.8255]],[[100.56392,13.82641],[100.56485,13.8264],[100.56485,13.82731],[100.56393,13.82731],[100.56392,13.82641]],[[100.57321,13.83268],[100.57322,13.83358],[100.5723,13.83359],[100.57229,13.83268],[100.57321,13.83268]]],[[[100.5632,13.85624],[100.56412,13.85624],[100.56413,13.85714],[100.56505,13.85713],[100.56506,13.85804],[100.56598,13.85803],[100.56595,13.85261],[100.56502,13.85261],[100.56502,13.85171],[100.56317,13.85172],[100.56316,13.85082],[100.56224,13.85082],[100.56225,13.85263],[100.56132,13.85264],[100.56133,13.85354],[100.56225,13.85354],[100.56227,13.85534],[100.56319,13.85534],[100.5632,13.85624]]],[[[100.56438,13.8942],[100.5653,13.89419],[100.5653,13.89329],[100.56437,13.89329],[100.56438,13.8942]]],[[[100.56976,13.73056],[100.56976,13.73146],[100.57069,13.73145],[100.57068,13.73055],[100.57161,13.73054],[100.57162,13.73235],[100.57254,13.73235],[100.57253,13.73054],[100.57346,13.73053],[100.57347,13.73324],[100.57532,13.73323],[100.57532,13.73233],[100.57624,13.73232],[100.57624,13.73142],[100.57531,13.73142],[100.5753,13.72962],[100.57622,13.72961],[100.57622,13.72871],[100.57714,13.7287],[100.57712,13.72599],[100.5762,13.72599],[100.57619,13.72419],[100.57434,13.7242],[100.57435,13.72601],[100.57343,13.72601],[100.57343,13.72692],[100.57251,13.72692],[100.57249,13.72511],[100.57157,13.72512],[100.57159,13.72783],[100.56974,13.72784],[100.56975,13.72965],[100.56883,13.72966],[100.56883,13.73056],[100.56976,13.73056]],[[100.57346,13.73053],[100.57344,13.72872],[100.57437,13.72872],[100.57438,13.73053],[100.57346,13.73053]],[[100.57529,13.72781],[100.57436,13.72781],[100.57436,13.72691],[100.57528,13.7269],[100.57529,13.72781]]],[[[100.56513,13.73058],[100.56514,13.73149],[100.56606,13.73148],[100.56606,13.73058],[100.56513,13.73058]]],[[[100.56702,13.736],[100.56703,13.7369],[100.56795,13.73689],[100.56794,13.73599],[100.56702,13.736]]],[[[100.57178,13.75676],[100.57271,13.75675],[100.5727,13.75585],[100.57362,13.75584],[100.57362,13.75494],[100.57084,13.75495],[100.57084,13.75405],[100.57176,13.75404],[100.57176,13.75314],[100.56991,13.75315],[100.56991,13.75406],[100.56899,13.75406],[100.56899,13.75497],[100.56807,13.75497],[100.56808,13.75678],[100.56901,13.75677],[100.56901,13.75768],[100.57179,13.75766],[100.57178,13.75676]]],[[[100.56902,13.75858],[100.56903,13.75949],[100.57087,13.75947],[100.57087,13.75857],[100.56902,13.75858]]],[[[100.56912,13.77395],[100.5682,13.77395],[100.5682,13.77486],[100.57005,13.77485],[100.57005,13.77394],[100.5719,13.77393],[100.5719,13.77483],[100.57098,13.77484],[100.57098,13.77574],[100.57283,13.77573],[100.57284,13.77664],[100.57376,13.77663],[100.57376,13.77573],[100.57468,13.77572],[100.57466,13.77301],[100.57651,13.773],[100.57651,13.77209],[100.57558,13.7721],[100.57557,13.77029],[100.57372,13.7703],[100.5737,13.76759],[100.57278,13.7676],[100.57278,13.7685],[100.57186,13.76851],[100.57187,13.77031],[100.57095,13.77032],[100.57095,13.77122],[100.57003,13.77123],[100.57003,13.77213],[100.56911,13.77214],[100.56912,13.77395]]],[[[100.57103,13.78297],[100.57104,13.78478],[100.57012,13.78479],[100.57012,13.78569],[100.57105,13.78569],[100.57106,13.78659],[100.57198,13.78658],[100.57199,13.78749],[100.57291,13.78748],[100.57292,13.78839],[100.57569,13.78837],[100.57568,13.78656],[100.5766,13.78655],[100.5766,13.78565],[100.57845,13.78564],[100.57844,13.78383],[100.57659,13.78384],[100.57657,13.78113],[100.57472,13.78114],[100.57471,13.77934],[100.57378,13.77934],[100.57378,13.77844],[100.57285,13.77844],[100.57287,13.78115],[100.57194,13.78116],[100.57194,13.78026],[100.57101,13.78026],[100.57102,13.78117],[100.57009,13.78117],[100.57011,13.78298],[100.57103,13.78297]],[[100.57195,13.78206],[100.5738,13.78205],[100.57381,13.78296],[100.57196,13.78297],[100.57195,13.78206]]],[[[100.57018,13.79383],[100.5674,13.79384],[100.56741,13.79475],[100.56926,13.79474],[100.56927,13.79564],[100.57112,13.79563],[100.57112,13.79653],[100.5739,13.79651],[100.57389,13.79561],[100.57482,13.7956],[100.57483,13.79741],[100.57575,13.79741],[100.57575,13.7965],[100.57667,13.7965],[100.57668,13.7974],[100.57853,13.79739],[100.57851,13.79468],[100.57758,13.79468],[100.57757,13.79288],[100.5785,13.79287],[100.57849,13.79197],[100.57664,13.79198],[100.57662,13.78927],[100.57292,13.78929],[100.57293,13.79019],[100.57385,13.79019],[100.57387,13.7929],[100.57295,13.79291],[100.57294,13.7911],[100.57201,13.7911],[100.57202,13.79201],[100.56924,13.79202],[100.56925,13.79293],[100.57017,13.79292],[100.57018,13.79383]]],[[[100.57118,13.80467],[100.57303,13.80466],[100.57303,13.80556],[100.57211,13.80557],[100.57211,13.80647],[100.57119,13.80647],[100.57119,13.80738],[100.57212,13.80737],[100.57213,13.80918],[100.57398,13.80917],[100.57398,13.80826],[100.5749,13.80826],[100.57491,13.81007],[100.57584,13.81006],[100.57583,13.80825],[100.57675,13.80825],[100.57674,13.80644],[100.57766,13.80643],[100.57764,13.80372],[100.57949,13.80371],[100.57949,13.80281],[100.57856,13.80281],[100.57856,13.80191],[100.57763,13.80191],[100.57764,13.80282],[100.57671,13.80282],[100.5767,13.80102],[100.57578,13.80102],[100.57577,13.80012],[100.57485,13.80012],[100.57484,13.79922],[100.57391,13.79923],[100.5739,13.79742],[100.57205,13.79743],[100.57206,13.79833],[100.57298,13.79833],[100.573,13.80014],[100.57115,13.80015],[100.57115,13.80105],[100.5693,13.80106],[100.56931,13.80197],[100.56838,13.80197],[100.5684,13.80468],[100.57025,13.80467],[100.57025,13.80377],[100.57117,13.80376],[100.57118,13.80467]]],[[[100.56754,13.81373],[100.56939,13.81372],[100.56938,13.81191],[100.56845,13.81192],[100.56846,13.81282],[100.56753,13.81283],[100.56754,13.81373]]],[[[100.56942,13.81914],[100.56941,13.81643],[100.56756,13.81644],[100.56756,13.81735],[100.56664,13.81735],[100.56665,13.82006],[100.5685,13.82005],[100.5685,13.81915],[100.56942,13.81914]]],[[[100.56574,13.82188],[100.56667,13.82187],[100.56667,13.82277],[100.5676,13.82277],[100.56759,13.82096],[100.56574,13.82097],[100.56574,13.82188]]],[[[100.56599,13.85894],[100.56692,13.85893],[100.56691,13.85803],[100.56598,13.85803],[100.56599,13.85894]]],[[[100.56803,13.88694],[100.56805,13.88965],[100.5699,13.88964],[100.5699,13.89055],[100.57083,13.89054],[100.57084,13.89235],[100.57177,13.89234],[100.57177,13.89325],[100.5727,13.89324],[100.57268,13.89143],[100.57454,13.89142],[100.57452,13.88961],[100.57267,13.88962],[100.57267,13.88872],[100.57359,13.88872],[100.57359,13.88781],[100.57266,13.88782],[100.57265,13.88691],[100.57173,13.88692],[100.57171,13.88421],[100.56986,13.88422],[100.56987,13.88512],[100.56894,13.88513],[100.56895,13.88603],[100.56987,13.88603],[100.56988,13.88784],[100.56896,13.88784],[100.56895,13.88694],[100.56803,13.88694]]],[[[100.57157,13.72512],[100.57155,13.7215],[100.57062,13.72151],[100.57065,13.72513],[100.57157,13.72512]]],[[[100.57364,13.75765],[100.57271,13.75765],[100.57272,13.75856],[100.57364,13.75855],[100.57364,13.75765]]],[[[100.57643,13.76034],[100.5755,13.76035],[100.57549,13.75854],[100.57457,13.75855],[100.57457,13.75945],[100.57272,13.75946],[100.57272,13.75856],[100.57179,13.75856],[100.57181,13.76128],[100.57643,13.76125],[100.57643,13.76034]]],[[[100.57133,13.82817],[100.57135,13.82998],[100.5732,13.82996],[100.57319,13.82906],[100.57227,13.82907],[100.57226,13.82816],[100.57133,13.82817]]],[[[100.57425,13.84984],[100.57611,13.84983],[100.57611,13.85073],[100.57704,13.85073],[100.57703,13.84983],[100.57888,13.84981],[100.57889,13.85162],[100.58074,13.85161],[100.58075,13.85251],[100.57982,13.85252],[100.57985,13.85613],[100.578,13.85615],[100.57801,13.85795],[100.58541,13.85791],[100.58542,13.85881],[100.58634,13.8588],[100.58634,13.8579],[100.58726,13.85789],[100.58724,13.85518],[100.58632,13.85519],[100.58631,13.85338],[100.58723,13.85337],[100.5872,13.84886],[100.58257,13.84889],[100.58259,13.85069],[100.57981,13.85071],[100.57979,13.848],[100.58442,13.84797],[100.58441,13.84707],[100.58349,13.84707],[100.58348,13.84617],[100.58163,13.84618],[100.58161,13.84347],[100.57884,13.84349],[100.57885,13.84529],[100.577,13.84531],[100.57701,13.84711],[100.57424,13.84713],[100.57425,13.84984]],[[100.57794,13.84711],[100.57794,13.84801],[100.57702,13.84802],[100.57701,13.84711],[100.57794,13.84711]],[[100.57793,13.8462],[100.57886,13.8462],[100.57886,13.8471],[100.57794,13.84711],[100.57793,13.8462]],[[100.57887,13.84801],[100.57887,13.84891],[100.57795,13.84892],[100.57794,13.84801],[100.57887,13.84801]],[[100.58536,13.84977],[100.58537,13.85158],[100.58444,13.85159],[100.58443,13.84978],[100.58536,13.84977]],[[100.58445,13.85249],[100.58446,13.85339],[100.58353,13.8534],[100.58352,13.85249],[100.58445,13.85249]],[[100.58168,13.85341],[100.58169,13.85431],[100.58076,13.85432],[100.58075,13.85342],[100.58168,13.85341]]],[[[100.57358,13.88691],[100.5745,13.8869],[100.5745,13.886],[100.57542,13.88599],[100.57543,13.8869],[100.57728,13.88688],[100.57729,13.88779],[100.57636,13.88779],[100.57639,13.89141],[100.57824,13.8914],[100.57824,13.8923],[100.58009,13.89229],[100.5801,13.89319],[100.58195,13.89318],[100.58194,13.89137],[100.58286,13.89137],[100.58286,13.89046],[100.58378,13.89046],[100.58375,13.88594],[100.58283,13.88594],[100.58282,13.88504],[100.58189,13.88505],[100.58189,13.88414],[100.58096,13.88415],[100.58096,13.88324],[100.58188,13.88324],[100.58188,13.88233],[100.58095,13.88234],[100.58094,13.88144],[100.57817,13.88145],[100.57816,13.87965],[100.57631,13.87966],[100.57632,13.88147],[100.57539,13.88147],[100.5754,13.88238],[100.57447,13.88238],[100.57448,13.88329],[100.57356,13.88329],[100.57358,13.88691]],[[100.57819,13.88507],[100.57819,13.88417],[100.57911,13.88416],[100.57912,13.88506],[100.57819,13.88507]],[[100.57726,13.88327],[100.57726,13.88417],[100.57634,13.88418],[100.57633,13.88327],[100.57726,13.88327]],[[100.58284,13.88866],[100.58285,13.88956],[100.58192,13.88957],[100.58192,13.88866],[100.58284,13.88866]]],[[[100.5727,13.89324],[100.5727,13.89414],[100.57363,13.89414],[100.57362,13.89323],[100.5727,13.89324]]],[[[100.5771,13.72237],[100.57802,13.72237],[100.57803,13.72327],[100.57618,13.72328],[100.57619,13.72419],[100.57896,13.72417],[100.57897,13.72507],[100.57804,13.72508],[100.57805,13.72598],[100.5799,13.72597],[100.5799,13.72687],[100.58083,13.72687],[100.58082,13.72506],[100.58174,13.72506],[100.58176,13.72777],[100.58268,13.72776],[100.58267,13.72595],[100.5836,13.72595],[100.58359,13.72504],[100.58451,13.72504],[100.58452,13.72594],[100.58544,13.72594],[100.58543,13.72322],[100.58635,13.72322],[100.58634,13.72231],[100.58727,13.72231],[100.58728,13.72321],[100.59005,13.72319],[100.59004,13.72229],[100.59189,13.72228],[100.59188,13.72047],[100.59096,13.72048],[100.59094,13.71867],[100.59187,13.71866],[100.59186,13.71776],[100.59094,13.71777],[100.59092,13.71596],[100.5937,13.71594],[100.59369,13.71504],[100.59462,13.71503],[100.59461,13.71413],[100.60016,13.71409],[100.60015,13.71228],[100.5983,13.71229],[100.59829,13.71139],[100.59922,13.71138],[100.59921,13.71048],[100.60013,13.71047],[100.60012,13.70867],[100.59735,13.70868],[100.59736,13.71049],[100.59644,13.7105],[100.59643,13.70959],[100.59458,13.70961],[100.59459,13.71051],[100.59366,13.71052],[100.59368,13.71323],[100.59276,13.71323],[100.59275,13.71233],[100.58628,13.71237],[100.58627,13.71056],[100.58534,13.71057],[100.58535,13.71147],[100.5835,13.71149],[100.58352,13.7142],[100.58259,13.7142],[100.5826,13.71511],[100.58167,13.71511],[100.58168,13.71602],[100.58076,13.71602],[100.58074,13.71421],[100.57982,13.71422],[100.57984,13.71693],[100.57891,13.71694],[100.57892,13.71784],[100.57799,13.71785],[100.578,13.71875],[100.57892,13.71875],[100.57894,13.72055],[100.57709,13.72057],[100.5771,13.72237]],[[100.58173,13.72415],[100.58266,13.72415],[100.58266,13.72505],[100.58174,13.72506],[100.58173,13.72415]],[[100.5983,13.7132],[100.59738,13.7132],[100.59737,13.7123],[100.5983,13.71229],[100.5983,13.7132]],[[100.58168,13.71602],[100.58445,13.716],[100.58446,13.7169],[100.58631,13.71689],[100.5863,13.71599],[100.58723,13.71598],[100.58724,13.71779],[100.58816,13.71778],[100.58817,13.71869],[100.58725,13.71869],[100.58726,13.7205],[100.58633,13.72051],[100.58634,13.72141],[100.58541,13.72142],[100.58542,13.72232],[100.58265,13.72234],[100.58263,13.71963],[100.58355,13.71962],[100.58355,13.71872],[100.58077,13.71873],[100.58077,13.71783],[100.58262,13.71782],[100.58261,13.71691],[100.58169,13.71692],[100.58168,13.71602]],[[100.58079,13.72054],[100.57986,13.72055],[100.57985,13.71964],[100.58078,13.71964],[100.58079,13.72054]],[[100.58628,13.71328],[100.58629,13.71418],[100.58537,13.71419],[100.58536,13.71328],[100.58628,13.71328]],[[100.58813,13.71326],[100.58906,13.71326],[100.58906,13.71416],[100.58814,13.71417],[100.58813,13.71326]]],[[[100.57577,13.80012],[100.5767,13.80011],[100.57669,13.79921],[100.57576,13.79921],[100.57577,13.80012]]],[[[100.58559,13.88412],[100.58559,13.88502],[100.58745,13.88501],[100.58745,13.88591],[100.58838,13.88591],[100.58837,13.885],[100.59022,13.88499],[100.59021,13.88409],[100.59114,13.88408],[100.59113,13.88227],[100.5902,13.88228],[100.59019,13.88047],[100.58649,13.8805],[100.5865,13.8814],[100.58465,13.88141],[100.58465,13.88232],[100.58373,13.88232],[100.58374,13.88503],[100.58467,13.88503],[100.58466,13.88412],[100.58559,13.88412]]],[[[100.58468,13.88593],[100.5856,13.88593],[100.58559,13.88502],[100.58467,13.88503],[100.58468,13.88593]]],[[[100.58379,13.89136],[100.58471,13.89135],[100.58471,13.89045],[100.58378,13.89046],[100.58379,13.89136]]],[[[100.58287,13.89317],[100.58288,13.89408],[100.58196,13.89408],[100.58196,13.89499],[100.58474,13.89497],[100.58474,13.89587],[100.58752,13.89586],[100.58751,13.89495],[100.58659,13.89496],[100.58658,13.89315],[100.58565,13.89316],[100.58564,13.89135],[100.58471,13.89135],[100.58473,13.89316],[100.58287,13.89317]]],[[[100.59642,13.70869],[100.59735,13.70868],[100.59734,13.70778],[100.59642,13.70779],[100.59642,13.70869]]],[[[100.59457,13.7087],[100.5955,13.7087],[100.59549,13.70779],[100.59457,13.7078],[100.59457,13.7087]]],[[[100.59187,13.71866],[100.59187,13.71957],[100.5928,13.71956],[100.59279,13.71866],[100.59187,13.71866]]],[[[100.58822,13.86241],[100.58822,13.86331],[100.58915,13.86331],[100.58915,13.86421],[100.59008,13.8642],[100.59007,13.8633],[100.591,13.86329],[100.59099,13.86239],[100.58914,13.8624],[100.58914,13.8615],[100.58821,13.8615],[100.5882,13.8597],[100.59005,13.85968],[100.59004,13.85878],[100.58634,13.8588],[100.58635,13.85971],[100.58727,13.8597],[100.58728,13.86061],[100.58635,13.86061],[100.58636,13.86152],[100.58729,13.86151],[100.58729,13.86241],[100.58822,13.86241]]],[[[100.58637,13.86332],[100.5873,13.86332],[100.58729,13.86241],[100.58637,13.86242],[100.58637,13.86332]]],[[[100.59008,13.8642],[100.59009,13.86511],[100.59101,13.8651],[100.591,13.8642],[100.59008,13.8642]]],[[[100.58919,13.86963],[100.58921,13.87234],[100.59013,13.87234],[100.59015,13.87415],[100.592,13.87413],[100.592,13.87504],[100.59478,13.87502],[100.59476,13.87231],[100.59569,13.8723],[100.59568,13.8714],[100.59753,13.87139],[100.59752,13.86958],[100.59844,13.86957],[100.59844,13.86867],[100.59751,13.86867],[100.5975,13.86777],[100.59565,13.86778],[100.59565,13.86688],[100.5938,13.86689],[100.59381,13.8687],[100.59289,13.8687],[100.59288,13.8678],[100.59195,13.86781],[100.59194,13.866],[100.59102,13.866],[100.59104,13.86872],[100.59011,13.86872],[100.59012,13.86963],[100.58919,13.86963]]],[[[100.59389,13.88045],[100.59388,13.87954],[100.59296,13.87955],[100.59295,13.87865],[100.59665,13.87862],[100.59665,13.87772],[100.59387,13.87774],[100.59386,13.87593],[100.59293,13.87594],[100.59295,13.87774],[100.59017,13.87776],[100.59018,13.87866],[100.5911,13.87866],[100.59112,13.88047],[100.59389,13.88045]]],[[[100.59759,13.87952],[100.59759,13.88042],[100.59667,13.88043],[100.59667,13.88133],[100.59852,13.88132],[100.59851,13.87951],[100.59944,13.87951],[100.59944,13.88041],[100.60314,13.88039],[100.60313,13.87858],[100.60498,13.87857],[100.60497,13.87766],[100.60312,13.87768],[100.60312,13.87677],[100.60127,13.87678],[100.60127,13.87769],[100.60035,13.87769],[100.60035,13.8786],[100.59665,13.87862],[100.59666,13.87953],[100.59759,13.87952]]],[[[100.59483,13.88225],[100.59483,13.88315],[100.59576,13.88315],[100.59575,13.88224],[100.59483,13.88225]]],[[[100.59207,13.88498],[100.593,13.88497],[100.59299,13.88407],[100.59207,13.88408],[100.59207,13.88498]]],[[[100.5967,13.88495],[100.59672,13.88857],[100.59857,13.88855],[100.59858,13.88946],[100.60228,13.88943],[100.60227,13.88853],[100.6032,13.88852],[100.6032,13.88943],[100.60413,13.88942],[100.60412,13.88761],[100.60504,13.88761],[100.60505,13.88851],[100.60597,13.8885],[100.60597,13.8876],[100.60689,13.88759],[100.60688,13.88579],[100.60781,13.88578],[100.60779,13.88307],[100.60686,13.88308],[100.60686,13.88217],[100.60593,13.88218],[100.60592,13.88127],[100.60407,13.88129],[100.60407,13.88038],[100.60314,13.88039],[100.60316,13.8831],[100.60224,13.88311],[100.60225,13.88491],[100.60132,13.88492],[100.60132,13.88402],[100.59947,13.88403],[100.59945,13.88222],[100.59853,13.88223],[100.59854,13.88313],[100.59761,13.88314],[100.59762,13.88404],[100.59854,13.88403],[100.59855,13.88494],[100.5967,13.88495]]],[[[100.59315,13.90757],[100.59314,13.90576],[100.59221,13.90577],[100.59223,13.90758],[100.59315,13.90757]]],[[[100.60728,13.67427],[100.6073,13.67608],[100.60822,13.67607],[100.6082,13.67336],[100.60913,13.67336],[100.60912,13.67245],[100.60635,13.67247],[100.60634,13.67157],[100.60542,13.67157],[100.60542,13.67248],[100.60357,13.67249],[100.60359,13.6752],[100.60452,13.67519],[100.60451,13.67429],[100.60728,13.67427]]],[[[100.60643,13.68512],[100.60642,13.68332],[100.60457,13.68333],[100.60458,13.68423],[100.60365,13.68424],[100.60367,13.68605],[100.60459,13.68604],[100.60458,13.68514],[100.60643,13.68512]]],[[[100.60369,13.68966],[100.6037,13.69147],[100.60278,13.69148],[100.60278,13.69238],[100.60463,13.69237],[100.60464,13.69327],[100.60371,13.69328],[100.60372,13.69418],[100.60187,13.69419],[100.60188,13.6951],[100.6028,13.69509],[100.60282,13.6969],[100.60466,13.69689],[100.60466,13.69598],[100.60558,13.69598],[100.60559,13.69688],[100.60744,13.69687],[100.60743,13.69596],[100.60836,13.69596],[100.60836,13.69686],[100.61021,13.69685],[100.6102,13.69595],[100.60928,13.69595],[100.60927,13.69505],[100.60835,13.69505],[100.60834,13.69325],[100.60741,13.69325],[100.60741,13.69235],[100.61018,13.69233],[100.61017,13.69143],[100.61202,13.69142],[100.61201,13.68961],[100.61109,13.68961],[100.61108,13.68871],[100.60923,13.68872],[100.60924,13.68963],[100.60831,13.68963],[100.60831,13.68873],[100.60646,13.68874],[100.60645,13.68784],[100.60553,13.68784],[100.60553,13.68875],[100.60461,13.68875],[100.60461,13.68966],[100.60369,13.68966]],[[100.60465,13.69417],[100.60557,13.69417],[100.60558,13.69507],[100.60465,13.69508],[100.60465,13.69417]]],[[[100.60092,13.69058],[100.60093,13.69149],[100.60278,13.69148],[100.60277,13.69057],[100.60092,13.69058]]],[[[100.59914,13.70054],[100.59822,13.70054],[100.59822,13.70145],[100.59915,13.70144],[100.59915,13.70235],[100.601,13.70233],[100.60101,13.70324],[100.59916,13.70325],[100.59917,13.70506],[100.6001,13.70505],[100.60011,13.70686],[100.60196,13.70685],[100.60195,13.70594],[100.6038,13.70593],[100.60379,13.70503],[100.60287,13.70503],[100.60286,13.70413],[100.60564,13.70411],[100.60564,13.70502],[100.60749,13.705],[100.60748,13.7032],[100.6084,13.70319],[100.60839,13.70138],[100.60654,13.70139],[100.60654,13.70049],[100.60746,13.70048],[100.60746,13.69958],[100.60653,13.69959],[100.60652,13.69778],[100.60559,13.69778],[100.6056,13.69869],[100.60468,13.69869],[100.60468,13.6996],[100.60283,13.69961],[100.60283,13.69871],[100.6019,13.69871],[100.6019,13.69781],[100.60097,13.69781],[100.60098,13.69962],[100.60006,13.69963],[100.60005,13.69872],[100.59821,13.69874],[100.59821,13.69964],[100.59914,13.69963],[100.59914,13.70054]],[[100.60655,13.7023],[100.60563,13.7023],[100.60562,13.7014],[100.60654,13.70139],[100.60655,13.7023]]],[[[100.60283,13.69871],[100.60375,13.6987],[100.60375,13.6978],[100.60282,13.6978],[100.60283,13.69871]]],[[[100.59847,13.87409],[100.5994,13.87409],[100.5994,13.87499],[100.60033,13.87498],[100.60034,13.87589],[100.60496,13.87586],[100.60494,13.87314],[100.60402,13.87315],[100.60401,13.87225],[100.60494,13.87224],[100.60492,13.86953],[100.60307,13.86954],[100.60307,13.87045],[100.60215,13.87045],[100.60216,13.87136],[100.6003,13.87137],[100.60031,13.87227],[100.59846,13.87228],[100.59847,13.87409]]],[[[100.59849,13.8768],[100.5985,13.87771],[100.59942,13.8777],[100.59942,13.8768],[100.59849,13.8768]]],[[[100.60599,13.89031],[100.60599,13.89122],[100.60414,13.89123],[100.60414,13.89032],[100.60321,13.89033],[100.60323,13.89304],[100.60508,13.89303],[100.6051,13.89574],[100.60602,13.89574],[100.60603,13.89664],[100.60788,13.89663],[100.60789,13.89753],[100.60974,13.89752],[100.60972,13.89481],[100.61064,13.8948],[100.61063,13.89299],[100.60971,13.893],[100.6097,13.8921],[100.60877,13.8921],[100.60875,13.88849],[100.60597,13.8885],[100.60598,13.88941],[100.60691,13.8894],[100.60691,13.89031],[100.60599,13.89031]]],[[[100.60229,13.89034],[100.60321,13.89033],[100.6032,13.88943],[100.60228,13.88943],[100.60229,13.89034]]],[[[100.61012,13.68329],[100.61013,13.6851],[100.60921,13.68511],[100.6092,13.6842],[100.60828,13.68421],[100.60827,13.6833],[100.60735,13.68331],[100.60736,13.68602],[100.60829,13.68602],[100.60829,13.68692],[100.61014,13.68691],[100.61015,13.68781],[100.61292,13.68779],[100.6129,13.68508],[100.61568,13.68506],[100.61567,13.68416],[100.61475,13.68417],[100.61474,13.68326],[100.61382,13.68327],[100.61381,13.68236],[100.61289,13.68237],[100.61287,13.68056],[100.61195,13.68057],[100.61194,13.67967],[100.60917,13.67968],[100.60919,13.6833],[100.61012,13.68329]],[[100.61104,13.68329],[100.61103,13.68148],[100.61195,13.68147],[100.61197,13.68328],[100.61104,13.68329]]],[[[100.6261,13.85493],[100.62702,13.85492],[100.62703,13.85583],[100.62425,13.85584],[100.62426,13.85675],[100.62703,13.85673],[100.62705,13.85944],[100.62613,13.85945],[100.62613,13.86035],[100.62521,13.86036],[100.62521,13.86126],[100.62614,13.86125],[100.62615,13.86216],[100.628,13.86215],[100.62799,13.86124],[100.62891,13.86124],[100.62891,13.86033],[100.62983,13.86033],[100.62981,13.85761],[100.63074,13.85761],[100.63075,13.85851],[100.6326,13.8585],[100.63259,13.8576],[100.63351,13.85759],[100.6335,13.85578],[100.63443,13.85578],[100.63442,13.85487],[100.63535,13.85487],[100.63535,13.85577],[100.63628,13.85576],[100.63627,13.85486],[100.6372,13.85485],[100.63719,13.85395],[100.63811,13.85394],[100.63812,13.85485],[100.63997,13.85483],[100.63996,13.85393],[100.64181,13.85392],[100.64181,13.85301],[100.63903,13.85303],[100.63902,13.85123],[100.63717,13.85124],[100.63718,13.85214],[100.63625,13.85215],[100.63626,13.85305],[100.63533,13.85306],[100.63534,13.85396],[100.63441,13.85397],[100.63441,13.85306],[100.63348,13.85307],[100.63348,13.85217],[100.6307,13.85219],[100.6307,13.85128],[100.62885,13.85129],[100.62886,13.8531],[100.62608,13.85312],[100.6261,13.85493]]],[[[100.62059,13.86129],[100.61874,13.8613],[100.61874,13.86221],[100.62152,13.86219],[100.62153,13.864],[100.62061,13.864],[100.62061,13.86491],[100.62431,13.86488],[100.6243,13.86217],[100.62522,13.86216],[100.62521,13.86126],[100.62429,13.86127],[100.62428,13.86036],[100.62336,13.86037],[100.62335,13.85856],[100.62427,13.85856],[100.62426,13.85675],[100.62333,13.85675],[100.62334,13.85766],[100.62056,13.85768],[100.62059,13.86129]]],[[[100.61689,13.86222],[100.61691,13.86403],[100.61876,13.86402],[100.61874,13.86221],[100.61689,13.86222]]],[[[100.61045,13.86678],[100.60953,13.86679],[100.60954,13.8686],[100.61046,13.86859],[100.61046,13.86769],[100.61138,13.86768],[100.61138,13.86678],[100.6123,13.86677],[100.61229,13.86587],[100.61044,13.86588],[100.61045,13.86678]]],[[[100.62098,13.91733],[100.6219,13.91732],[100.6219,13.91642],[100.62097,13.91643],[100.62098,13.91733]]],[[[100.62098,13.91733],[100.62005,13.91734],[100.62007,13.91914],[100.62099,13.91914],[100.62098,13.91733]]],[[[100.62284,13.91912],[100.62283,13.91732],[100.6219,13.91732],[100.62192,13.91913],[100.62284,13.91912]]],[[[100.7525,13.68685],[100.75252,13.68865],[100.75344,13.68865],[100.75342,13.68593],[100.75065,13.68595],[100.75065,13.68686],[100.7525,13.68685]]],[[[100.74973,13.68686],[100.74696,13.68688],[100.74696,13.68779],[100.74881,13.68777],[100.74882,13.68868],[100.74974,13.68867],[100.74973,13.68686]]],[[[100.74604,13.68779],[100.74326,13.68781],[100.74327,13.68872],[100.74604,13.6887],[100.74604,13.68779]]],[[[100.74974,13.68867],[100.74976,13.69138],[100.75254,13.69136],[100.75253,13.69046],[100.75068,13.69047],[100.75067,13.68867],[100.74974,13.68867]]],[[[100.74699,13.6914],[100.74697,13.68869],[100.74604,13.6887],[100.74606,13.69141],[100.74699,13.6914]]],[[[100.74699,13.6914],[100.747,13.69231],[100.74884,13.69229],[100.74884,13.69139],[100.74699,13.6914]]],[[[100.67496,13.832],[100.67494,13.82929],[100.67402,13.8293],[100.674,13.82749],[100.67308,13.82749],[100.67308,13.8284],[100.67216,13.82841],[100.67217,13.82931],[100.67309,13.8293],[100.6731,13.83021],[100.67402,13.8302],[100.67404,13.83201],[100.67496,13.832]]],[[[100.66204,13.83661],[100.66204,13.8357],[100.66111,13.83571],[100.66113,13.83842],[100.66021,13.83843],[100.66021,13.83933],[100.65929,13.83934],[100.65929,13.84024],[100.66207,13.84022],[100.66208,13.84113],[100.663,13.84112],[100.66299,13.84022],[100.66484,13.84021],[100.66485,13.84111],[100.66578,13.8411],[100.66577,13.8402],[100.66762,13.84019],[100.66759,13.83657],[100.66667,13.83658],[100.66666,13.83567],[100.66759,13.83567],[100.66758,13.83476],[100.66573,13.83478],[100.66574,13.83568],[100.66481,13.83569],[100.66482,13.83659],[100.66204,13.83661]],[[100.66669,13.83929],[100.66576,13.8393],[100.66576,13.83839],[100.66668,13.83838],[100.66669,13.83929]]],[[[100.65098,13.8412],[100.65101,13.84572],[100.65286,13.84571],[100.65286,13.84661],[100.65379,13.84661],[100.65378,13.8457],[100.65471,13.8457],[100.65471,13.8466],[100.65564,13.84659],[100.65563,13.84479],[100.65655,13.84478],[100.65654,13.84388],[100.65839,13.84386],[100.65839,13.84296],[100.65931,13.84295],[100.65931,13.84205],[100.65746,13.84206],[100.65745,13.84116],[100.6593,13.84115],[100.65929,13.84024],[100.65652,13.84026],[100.65653,13.84117],[100.6556,13.84117],[100.65561,13.84208],[100.65191,13.8421],[100.6519,13.8412],[100.65098,13.8412]],[[100.65562,13.84388],[100.65561,13.84298],[100.65654,13.84297],[100.65654,13.84388],[100.65562,13.84388]]],[[[100.65189,13.84029],[100.6519,13.8412],[100.65283,13.84119],[100.65282,13.84029],[100.65189,13.84029]]],[[[100.64361,13.84668],[100.64269,13.84668],[100.6427,13.84759],[100.64177,13.84759],[100.64178,13.8485],[100.6427,13.84849],[100.64271,13.84939],[100.64086,13.84941],[100.64086,13.85031],[100.64179,13.8503],[100.6418,13.85121],[100.6455,13.85118],[100.64549,13.85028],[100.64734,13.85027],[100.64733,13.84936],[100.64826,13.84936],[100.64827,13.85116],[100.6492,13.85116],[100.64918,13.84935],[100.65011,13.84934],[100.6501,13.84844],[100.65103,13.84843],[100.65102,13.84753],[100.6501,13.84754],[100.65009,13.84663],[100.64916,13.84664],[100.64916,13.84573],[100.65008,13.84573],[100.65008,13.84482],[100.6473,13.84484],[100.64729,13.84394],[100.64637,13.84395],[100.64636,13.84304],[100.64451,13.84305],[100.64453,13.84486],[100.6436,13.84487],[100.64361,13.84668]],[[100.64731,13.84575],[100.64638,13.84575],[100.64638,13.84485],[100.6473,13.84484],[100.64731,13.84575]]],[[[100.65008,13.84573],[100.65009,13.84663],[100.65101,13.84663],[100.65101,13.84572],[100.65008,13.84573]]],[[[100.63901,13.84942],[100.63902,13.85123],[100.63995,13.85122],[100.63993,13.84941],[100.63901,13.84942]]],[[[100.64736,13.85298],[100.64736,13.85388],[100.64829,13.85388],[100.64828,13.85297],[100.64736,13.85298]]]]}},{"type":"Feature","properties":{"class":"3","n":3,"threshold_min":15,"speed_kmh":4.0},"geometry":{"type":"MultiPolygon","coordinates":[[[[100.50588,13.7183],[100.50588,13.7192],[100.50496,13.71921],[100.50497,13.72011],[100.50589,13.72011],[100.5059,13.72191],[100.50498,13.72192],[100.50497,13.72102],[100.50405,13.72102],[100.50405,13.72193],[100.50313,13.72193],[100.50313,13.72283],[100.50776,13.72281],[100.50775,13.721],[100.50959,13.72099],[100.5096,13.72189],[100.51052,13.72189],[100.51053,13.72279],[100.51146,13.72278],[100.51143,13.71917],[100.51051,13.71917],[100.5105,13.71827],[100.50958,13.71828],[100.50957,13.71737],[100.50772,13.71738],[100.50772,13.71648],[100.50679,13.71648],[100.5068,13.71829],[100.50588,13.7183]],[[100.51051,13.72008],[100.50959,13.72008],[100.50958,13.71918],[100.51051,13.71917],[100.51051,13.72008]]],[[[100.51699,13.72004],[100.51699,13.72094],[100.51792,13.72094],[100.51793,13.72274],[100.51885,13.72274],[100.51886,13.72364],[100.51978,13.72364],[100.51979,13.72544],[100.52072,13.72544],[100.52072,13.72634],[100.52257,13.72633],[100.52258,13.72814],[100.52351,13.72813],[100.52352,13.72904],[100.52536,13.72903],[100.52535,13.72722],[100.5235,13.72723],[100.5235,13.72633],[100.52442,13.72632],[100.52441,13.72451],[100.52534,13.72451],[100.52533,13.7236],[100.52625,13.7236],[100.52627,13.7254],[100.52812,13.72539],[100.52811,13.72449],[100.52718,13.72449],[100.52718,13.72359],[100.5281,13.72359],[100.5281,13.72268],[100.52995,13.72267],[100.52995,13.72357],[100.53273,13.72356],[100.53272,13.72265],[100.53087,13.72266],[100.53085,13.71995],[100.52993,13.71996],[100.52992,13.71905],[100.529,13.71906],[100.52899,13.71816],[100.52807,13.71816],[100.52805,13.71545],[100.52528,13.71547],[100.52528,13.71637],[100.52436,13.71638],[100.52436,13.71728],[100.52252,13.71729],[100.52251,13.71639],[100.52158,13.71639],[100.52157,13.71459],[100.52065,13.71459],[100.52065,13.7155],[100.51973,13.7155],[100.51974,13.71641],[100.51789,13.71642],[100.51789,13.71732],[100.51604,13.71733],[100.51605,13.71824],[100.51697,13.71823],[100.51698,13.71913],[100.5179,13.71913],[100.51791,13.72003],[100.51699,13.72004]],[[100.52252,13.7182],[100.52345,13.71819],[100.52345,13.71909],[100.52438,13.71909],[100.52439,13.7209],[100.52254,13.72091],[100.52254,13.72181],[100.52162,13.72182],[100.52161,13.72091],[100.52069,13.72092],[100.52067,13.71821],[100.5216,13.7182],[100.52159,13.7173],[100.52252,13.71729],[100.52252,13.7182]],[[100.52071,13.72453],[100.5207,13.72273],[100.52163,13.72272],[100.52163,13.72363],[100.52256,13.72362],[100.52256,13.72452],[100.52071,13.72453]]],[[[100.46613,13.71944],[100.46612,13.71854],[100.4652,13.71854],[100.4652,13.71945],[100.46613,13.71944]]],[[[100.4911,13.7211],[100.49203,13.72109],[100.49203,13.722],[100.49296,13.72199],[100.49296,13.7229],[100.49389,13.72289],[100.49388,13.72199],[100.49573,13.72198],[100.49573,13.72107],[100.49665,13.72107],[100.49664,13.72016],[100.49572,13.72017],[100.49571,13.71926],[100.49202,13.71929],[100.49202,13.72019],[100.4911,13.7202],[100.4911,13.7211]]],[[[100.47816,13.72118],[100.47815,13.72027],[100.47723,13.72028],[100.47723,13.72118],[100.47816,13.72118]]],[[[100.47909,13.72208],[100.47908,13.72117],[100.47816,13.72118],[100.47816,13.72208],[100.47909,13.72208]]],[[[100.46709,13.72486],[100.46616,13.72486],[100.46616,13.72396],[100.46431,13.72397],[100.46432,13.72578],[100.46709,13.72576],[100.46709,13.72486]]],[[[100.51147,13.72459],[100.51146,13.72369],[100.51054,13.72369],[100.51054,13.7246],[100.51147,13.72459]]],[[[100.50869,13.72461],[100.50777,13.72461],[100.50777,13.72552],[100.5087,13.72551],[100.50869,13.72461]]],[[[100.51055,13.7255],[100.51054,13.7246],[100.50962,13.7246],[100.50962,13.72551],[100.51055,13.7255]]],[[[100.50131,13.72737],[100.50131,13.72646],[100.50223,13.72646],[100.50223,13.72555],[100.50038,13.72556],[100.50038,13.72647],[100.49946,13.72647],[100.49946,13.72738],[100.50131,13.72737]]],[[[100.50408,13.72644],[100.50408,13.72554],[100.50315,13.72555],[100.50316,13.72645],[100.50408,13.72644]]],[[[100.50963,13.72641],[100.50962,13.72551],[100.5087,13.72551],[100.5087,13.72642],[100.50963,13.72641]]],[[[100.50881,13.74359],[100.50974,13.74358],[100.50974,13.74449],[100.51067,13.74448],[100.51066,13.74358],[100.51159,13.74357],[100.51157,13.74086],[100.50972,13.74087],[100.50972,13.73997],[100.50787,13.73998],[100.50788,13.74179],[100.5088,13.74178],[100.50881,13.74359]]],[[[100.50236,13.74634],[100.50328,13.74634],[100.50328,13.74543],[100.5042,13.74543],[100.5042,13.74452],[100.50327,13.74453],[100.50324,13.74001],[100.50232,13.74001],[100.50235,13.74453],[100.50142,13.74454],[100.50143,13.74544],[100.50235,13.74544],[100.50236,13.74634]]],[[[100.5116,13.74538],[100.51159,13.74448],[100.51067,13.74448],[100.51068,13.74539],[100.5116,13.74538]]],[[[100.50237,13.74815],[100.50236,13.74634],[100.50143,13.74635],[100.50145,13.74816],[100.50237,13.74815]]],[[[100.51785,13.85381],[100.51787,13.85653],[100.51972,13.85651],[100.51972,13.85742],[100.52065,13.85741],[100.52064,13.85561],[100.51971,13.85561],[100.51971,13.85471],[100.51878,13.85471],[100.51877,13.85381],[100.51785,13.85381]]],[[[100.51511,13.86016],[100.51511,13.85926],[100.51418,13.85926],[100.51419,13.86016],[100.51511,13.86016]]],[[[100.51792,13.86466],[100.51794,13.86828],[100.51979,13.86827],[100.51978,13.86646],[100.52071,13.86645],[100.5207,13.86464],[100.51792,13.86466]]],[[[100.50893,13.90539],[100.50893,13.90449],[100.508,13.9045],[100.50801,13.9054],[100.50893,13.90539]]],[[[100.50617,13.90722],[100.50616,13.90631],[100.50524,13.90632],[100.50524,13.90722],[100.50617,13.90722]]],[[[100.52723,13.73173],[100.52816,13.73172],[100.52815,13.73082],[100.52723,13.73082],[100.52721,13.72901],[100.52536,13.72903],[100.52537,13.72993],[100.5263,13.72992],[100.52631,13.73264],[100.52724,13.73263],[100.52723,13.73173]]],[[[100.52543,13.73987],[100.52543,13.73897],[100.5245,13.73897],[100.52451,13.73988],[100.52543,13.73987]]],[[[100.53102,13.74617],[100.53104,13.74797],[100.53381,13.74796],[100.53382,13.74886],[100.53566,13.74885],[100.53566,13.74794],[100.53473,13.74795],[100.53473,13.74705],[100.53288,13.74706],[100.53287,13.74615],[100.53195,13.74616],[100.53194,13.74435],[100.53286,13.74435],[100.53286,13.74344],[100.53101,13.74345],[100.53099,13.74165],[100.53192,13.74164],[100.53191,13.74074],[100.53284,13.74073],[100.53283,13.73892],[100.53005,13.73894],[100.53005,13.73804],[100.52912,13.73804],[100.52914,13.74075],[100.52821,13.74076],[100.52822,13.74166],[100.53007,13.74165],[100.53008,13.74256],[100.52915,13.74256],[100.52916,13.74347],[100.52823,13.74347],[100.52824,13.74437],[100.52916,13.74437],[100.52917,13.74527],[100.52824,13.74528],[100.52825,13.74618],[100.52548,13.7462],[100.52548,13.7471],[100.52641,13.7471],[100.52642,13.74981],[100.52827,13.7498],[100.52827,13.74889],[100.52919,13.74889],[100.52919,13.74798],[100.53011,13.74798],[100.5301,13.74617],[100.53102,13.74617]]],[[[100.52247,13.85379],[100.5197,13.8538],[100.51971,13.85471],[100.52248,13.85469],[100.52247,13.85379]]],[[[100.52157,13.85741],[100.52065,13.85741],[100.52065,13.85832],[100.52158,13.85831],[100.52157,13.85741]]],[[[100.52995,13.72357],[100.52903,13.72358],[100.52903,13.72448],[100.52996,13.72448],[100.52995,13.72357]]],[[[100.52908,13.73171],[100.52909,13.73262],[100.52724,13.73263],[100.52724,13.73353],[100.52817,13.73353],[100.52817,13.73443],[100.5291,13.73443],[100.52909,13.73352],[100.53002,13.73352],[100.53003,13.73532],[100.53373,13.7353],[100.53372,13.73349],[100.53464,13.73349],[100.53463,13.73258],[100.53556,13.73258],[100.53554,13.72987],[100.53369,13.72988],[100.5337,13.73078],[100.53092,13.7308],[100.53093,13.7317],[100.52908,13.73171]],[[100.53187,13.73351],[100.53187,13.73441],[100.53095,13.73441],[100.53094,13.73351],[100.53187,13.73351]]],[[[100.5283,13.75432],[100.53108,13.7543],[100.53107,13.7534],[100.53015,13.7534],[100.53014,13.7525],[100.52922,13.7525],[100.5292,13.7507],[100.52828,13.7507],[100.52828,13.75161],[100.52644,13.75162],[100.52645,13.75343],[100.5283,13.75341],[100.5283,13.75432]]],[[[100.53017,13.75702],[100.53019,13.75973],[100.53296,13.75971],[100.53294,13.7561],[100.53201,13.7561],[100.53201,13.7552],[100.53108,13.7552],[100.53109,13.75701],[100.53017,13.75702]]],[[[100.53365,13.72355],[100.53273,13.72356],[100.53273,13.72446],[100.53366,13.72445],[100.53365,13.72355]]],[[[100.53551,13.72535],[100.53551,13.72444],[100.53458,13.72445],[100.53459,13.72535],[100.53551,13.72535]]],[[[100.53923,13.72804],[100.53924,13.72984],[100.54016,13.72984],[100.54018,13.73165],[100.5411,13.73164],[100.54109,13.73074],[100.54202,13.73073],[100.54204,13.73435],[100.54389,13.73433],[100.54389,13.73343],[100.54296,13.73344],[100.54296,13.73253],[100.54388,13.73253],[100.54387,13.73162],[100.54295,13.73163],[100.54294,13.73072],[100.54387,13.73072],[100.54386,13.72981],[100.54294,13.72982],[100.54293,13.72892],[100.54386,13.72891],[100.54384,13.7271],[100.54662,13.72709],[100.54661,13.72528],[100.54198,13.72531],[100.54198,13.7244],[100.54105,13.72441],[100.54105,13.7235],[100.54012,13.72351],[100.54013,13.72532],[100.53921,13.72532],[100.53922,13.72623],[100.53829,13.72623],[100.5383,13.72804],[100.53923,13.72804]]],[[[100.53836,13.73708],[100.53837,13.73889],[100.5393,13.73888],[100.53932,13.7425],[100.54579,13.74246],[100.54581,13.74427],[100.54673,13.74426],[100.54674,13.74516],[100.54766,13.74516],[100.54767,13.74606],[100.54859,13.74606],[100.5486,13.74696],[100.55045,13.74695],[100.55044,13.74514],[100.55136,13.74513],[100.55135,13.74423],[100.55413,13.74421],[100.55414,13.74602],[100.55322,13.74603],[100.55323,13.74874],[100.55416,13.74873],[100.55415,13.74783],[100.556,13.74782],[100.556,13.74691],[100.55692,13.74691],[100.55691,13.7451],[100.55598,13.74511],[100.55598,13.7442],[100.55505,13.74421],[100.55505,13.7433],[100.5532,13.74332],[100.55319,13.74241],[100.55227,13.74242],[100.55227,13.74332],[100.55135,13.74333],[100.55134,13.74152],[100.55411,13.7415],[100.5541,13.73969],[100.55317,13.7397],[100.55316,13.73699],[100.55223,13.73699],[100.55226,13.74061],[100.55041,13.74062],[100.5504,13.73972],[100.54948,13.73972],[100.54947,13.73882],[100.54854,13.73882],[100.54856,13.74063],[100.54578,13.74065],[100.54578,13.73975],[100.54485,13.73975],[100.54483,13.73614],[100.5439,13.73614],[100.54392,13.73795],[100.54207,13.73796],[100.54208,13.74067],[100.54301,13.74067],[100.54301,13.74157],[100.54024,13.74159],[100.54023,13.74068],[100.54116,13.74068],[100.54115,13.73977],[100.54023,13.73978],[100.5402,13.73526],[100.54112,13.73526],[100.54113,13.73616],[100.54298,13.73615],[100.54297,13.73524],[100.54205,13.73525],[100.54204,13.73435],[100.54019,13.73436],[100.54018,13.73165],[100.53925,13.73165],[100.53926,13.73256],[100.53741,13.73257],[100.53744,13.73709],[100.53836,13.73708]],[[100.53836,13.73618],[100.53928,13.73617],[100.53929,13.73707],[100.53836,13.73708],[100.53836,13.73618]],[[100.55506,13.74602],[100.55507,13.74692],[100.55415,13.74692],[100.55414,13.74602],[100.55506,13.74602]],[[100.54856,13.74154],[100.54857,13.74244],[100.54764,13.74245],[100.54764,13.74154],[100.54856,13.74154]]],[[[100.53651,13.73619],[100.5365,13.73528],[100.53558,13.73529],[100.53558,13.73619],[100.53651,13.73619]]],[[[100.53748,13.74341],[100.5384,13.74341],[100.53841,13.74431],[100.53933,13.74431],[100.53932,13.7425],[100.53747,13.74251],[100.53748,13.74341]]],[[[100.5375,13.74703],[100.53658,13.74703],[100.53658,13.74794],[100.53751,13.74793],[100.5375,13.74703]]],[[[100.53938,13.75063],[100.53845,13.75064],[100.53846,13.75154],[100.53753,13.75155],[100.53754,13.75245],[100.53661,13.75246],[100.53662,13.75427],[100.53385,13.75428],[100.53386,13.75609],[100.53571,13.75608],[100.53571,13.75518],[100.53663,13.75517],[100.53664,13.75607],[100.53756,13.75607],[100.53756,13.75516],[100.53848,13.75516],[100.53847,13.75335],[100.53939,13.75334],[100.53938,13.75154],[100.54031,13.75153],[100.5403,13.75063],[100.54122,13.75062],[100.54122,13.74972],[100.54029,13.74972],[100.54029,13.74882],[100.53936,13.74883],[100.53936,13.74792],[100.53843,13.74793],[100.53844,13.74973],[100.53937,13.74973],[100.53938,13.75063]]],[[[100.53382,13.74976],[100.53383,13.75157],[100.53476,13.75157],[100.53475,13.74976],[100.53382,13.74976]]],[[[100.53569,13.75337],[100.53569,13.75246],[100.53476,13.75247],[100.53477,13.75337],[100.53569,13.75337]]],[[[100.53385,13.75428],[100.53384,13.75338],[100.53292,13.75339],[100.53293,13.75429],[100.53385,13.75428]]],[[[100.53849,13.75697],[100.5385,13.75787],[100.53757,13.75788],[100.53758,13.75878],[100.53665,13.75879],[100.53666,13.75969],[100.53481,13.7597],[100.5348,13.7588],[100.53388,13.7588],[100.53389,13.76061],[100.53574,13.7606],[100.53575,13.7615],[100.5376,13.76149],[100.5376,13.7624],[100.53853,13.76239],[100.53852,13.76149],[100.54037,13.76147],[100.54038,13.76328],[100.53761,13.7633],[100.53761,13.7642],[100.53669,13.76421],[100.5367,13.76511],[100.53577,13.76512],[100.53578,13.76602],[100.53948,13.766],[100.53946,13.76419],[100.54224,13.76417],[100.54223,13.76327],[100.54131,13.76328],[100.5413,13.76237],[100.54223,13.76237],[100.54222,13.76146],[100.5413,13.76147],[100.54128,13.75966],[100.54221,13.75965],[100.54221,13.76056],[100.54314,13.76055],[100.54311,13.75603],[100.53756,13.75607],[100.53757,13.75697],[100.53849,13.75697]]],[[[100.53943,13.89978],[100.53851,13.89979],[100.53851,13.90069],[100.53944,13.90068],[100.53943,13.89978]]],[[[100.54012,13.72261],[100.53919,13.72261],[100.5392,13.72352],[100.54012,13.72351],[100.54012,13.72261]]],[[[100.54305,13.74699],[100.54304,13.74609],[100.54212,13.7461],[100.54213,13.747],[100.54305,13.74699]]],[[[100.54135,13.7696],[100.54042,13.76961],[100.54044,13.77142],[100.54136,13.77141],[100.54137,13.77231],[100.54229,13.77231],[100.54228,13.7705],[100.54135,13.77051],[100.54135,13.7696]]],[[[100.54233,13.77864],[100.54141,13.77864],[100.54142,13.78045],[100.54234,13.78044],[100.54235,13.78135],[100.54328,13.78134],[100.54328,13.78225],[100.54606,13.78223],[100.54605,13.78132],[100.5479,13.78131],[100.54789,13.78041],[100.54882,13.7804],[100.54881,13.7795],[100.54696,13.77951],[100.54696,13.77861],[100.54603,13.77861],[100.54603,13.77771],[100.5451,13.77771],[100.5451,13.77681],[100.54417,13.77682],[100.54416,13.77591],[100.54324,13.77592],[100.54325,13.77773],[100.54233,13.77773],[100.54233,13.77864]],[[100.54604,13.77952],[100.54511,13.77952],[100.54511,13.77862],[100.54603,13.77861],[100.54604,13.77952]]],[[[100.54314,13.90156],[100.54316,13.90428],[100.54409,13.90427],[100.54408,13.90337],[100.54501,13.90336],[100.545,13.90246],[100.54407,13.90246],[100.54407,13.90156],[100.54314,13.90156]]],[[[100.54584,13.74878],[100.54491,13.74879],[100.54491,13.74789],[100.54398,13.74789],[100.54397,13.74699],[100.54305,13.74699],[100.54306,13.7488],[100.54399,13.7488],[100.54399,13.7497],[100.54584,13.74969],[100.54584,13.74878]]],[[[100.54677,13.75059],[100.54677,13.74968],[100.54584,13.74969],[100.54585,13.75059],[100.54677,13.75059]]],[[[100.54517,13.78856],[100.5461,13.78856],[100.5461,13.78946],[100.54795,13.78945],[100.54796,13.79035],[100.54888,13.79035],[100.54887,13.78763],[100.54979,13.78763],[100.54978,13.78672],[100.55071,13.78672],[100.5507,13.78582],[100.54978,13.78582],[100.54977,13.78492],[100.54792,13.78493],[100.54792,13.78402],[100.54699,13.78403],[100.54699,13.78313],[100.54606,13.78313],[100.54607,13.78404],[100.54514,13.78404],[100.54516,13.78675],[100.54424,13.78676],[100.54424,13.78766],[100.54517,13.78766],[100.54517,13.78856]]],[[[100.54891,13.79487],[100.54889,13.79125],[100.54797,13.79126],[100.54797,13.79216],[100.54705,13.79217],[100.54706,13.79488],[100.54891,13.79487]]],[[[100.54893,13.79667],[100.54892,13.79577],[100.54799,13.79578],[100.548,13.79668],[100.54893,13.79667]]],[[[100.54523,13.7967],[100.54338,13.79671],[100.54338,13.79761],[100.54523,13.7976],[100.54523,13.7967]]],[[[100.5471,13.8003],[100.54709,13.79849],[100.54616,13.7985],[100.54617,13.80031],[100.5471,13.8003]]],[[[100.54804,13.8021],[100.54802,13.80029],[100.5471,13.8003],[100.54711,13.80211],[100.54804,13.8021]]],[[[100.55029,13.72345],[100.5503,13.72435],[100.55215,13.72434],[100.55216,13.72615],[100.55308,13.72614],[100.55307,13.72343],[100.55399,13.72342],[100.55399,13.72252],[100.55583,13.72251],[100.55583,13.7216],[100.5549,13.72161],[100.5549,13.72071],[100.55397,13.72071],[100.55397,13.71981],[100.55304,13.71981],[100.55305,13.72072],[100.55212,13.72072],[100.55213,13.72163],[100.55121,13.72163],[100.55122,13.72344],[100.55029,13.72345]]],[[[100.55592,13.73607],[100.555,13.73607],[100.55501,13.73788],[100.55594,13.73787],[100.55593,13.73697],[100.55685,13.73696],[100.55686,13.73787],[100.55871,13.73786],[100.55872,13.73966],[100.5578,13.73967],[100.55781,13.74238],[100.55689,13.74239],[100.5569,13.74329],[100.55597,13.7433],[100.55598,13.7442],[100.55783,13.74419],[100.55782,13.74329],[100.55967,13.74327],[100.55968,13.74508],[100.56061,13.74508],[100.56059,13.74327],[100.56152,13.74326],[100.56151,13.74236],[100.56244,13.74235],[100.56243,13.74054],[100.56335,13.74054],[100.56334,13.73964],[100.56242,13.73964],[100.56241,13.73874],[100.56334,13.73873],[100.56333,13.73783],[100.56056,13.73785],[100.56055,13.73694],[100.55963,13.73695],[100.55962,13.73604],[100.56055,13.73604],[100.56053,13.73333],[100.55868,13.73334],[100.55867,13.73243],[100.55775,13.73244],[100.55774,13.73063],[100.55866,13.73063],[100.55866,13.72972],[100.55681,13.72973],[100.55682,13.73154],[100.55589,13.73155],[100.55591,13.73335],[100.55406,13.73337],[100.55406,13.73427],[100.55591,13.73426],[100.55592,13.73607]],[[100.56059,13.74236],[100.56058,13.74146],[100.56151,13.74145],[100.56151,13.74236],[100.56059,13.74236]],[[100.5615,13.73965],[100.5615,13.74055],[100.56058,13.74056],[100.56057,13.73965],[100.5615,13.73965]]],[[[100.55168,13.79304],[100.55075,13.79305],[100.55076,13.79395],[100.55168,13.79394],[100.55168,13.79304]]],[[[100.55539,13.79573],[100.55539,13.79482],[100.55446,13.79483],[100.55447,13.79573],[100.55539,13.79573]]],[[[100.55544,13.80296],[100.55544,13.80206],[100.55451,13.80206],[100.55452,13.80297],[100.55544,13.80296]]],[[[100.55452,13.80387],[100.55267,13.80388],[100.55268,13.80569],[100.55361,13.80568],[100.5536,13.80478],[100.55453,13.80477],[100.55452,13.80387]]],[[[100.55175,13.80479],[100.5499,13.8048],[100.54991,13.80571],[100.55176,13.80569],[100.55175,13.80479]]],[[[100.55641,13.80928],[100.5564,13.80747],[100.55732,13.80747],[100.55733,13.80837],[100.5601,13.80835],[100.56009,13.80655],[100.55917,13.80655],[100.55917,13.80746],[100.55825,13.80746],[100.55823,13.80565],[100.55453,13.80568],[100.55455,13.80839],[100.55548,13.80838],[100.55548,13.80929],[100.55641,13.80928]]],[[[100.55735,13.81108],[100.55642,13.81109],[100.55643,13.8129],[100.55828,13.81288],[100.55828,13.81198],[100.55735,13.81199],[100.55735,13.81108]]],[[[100.56144,13.73061],[100.56236,13.7306],[100.56238,13.73331],[100.5633,13.73331],[100.56331,13.73421],[100.56423,13.73421],[100.56424,13.73511],[100.56331,13.73512],[100.56333,13.73783],[100.56518,13.73782],[100.56518,13.73691],[100.56703,13.7369],[100.56701,13.73509],[100.56794,13.73509],[100.56793,13.73328],[100.56885,13.73327],[100.56884,13.73147],[100.56976,13.73146],[100.56976,13.73056],[100.56698,13.73057],[100.56698,13.72967],[100.56513,13.72968],[100.56512,13.72878],[100.56327,13.72879],[100.56328,13.72969],[100.56143,13.7297],[100.56142,13.7279],[100.56049,13.7279],[100.56049,13.727],[100.55956,13.727],[100.5596,13.73243],[100.56145,13.73242],[100.56144,13.73061]],[[100.56516,13.7351],[100.56517,13.73601],[100.56425,13.73601],[100.56424,13.73511],[100.56516,13.7351]],[[100.56515,13.73239],[100.56422,13.7324],[100.56422,13.73149],[100.56514,13.73149],[100.56515,13.73239]],[[100.56513,13.73058],[100.56606,13.73058],[100.56606,13.73148],[100.56514,13.73149],[100.56513,13.73058]],[[100.56699,13.73148],[100.567,13.73238],[100.56607,13.73239],[100.56606,13.73148],[100.56699,13.73148]]],[[[100.56145,13.73332],[100.56147,13.73513],[100.56239,13.73512],[100.56238,13.73331],[100.56145,13.73332]]],[[[100.56153,13.74417],[100.56154,13.74597],[100.56246,13.74597],[100.56247,13.74687],[100.56339,13.74687],[100.56338,13.74506],[100.56431,13.74505],[100.5643,13.74415],[100.56337,13.74415],[100.56337,13.74325],[100.56244,13.74326],[100.56245,13.74416],[100.56153,13.74417]]],[[[100.55918,13.80926],[100.55921,13.81288],[100.56013,13.81287],[100.56011,13.80926],[100.55918,13.80926]]],[[[100.56383,13.81195],[100.56383,13.81285],[100.56476,13.81284],[100.56474,13.81104],[100.56659,13.81102],[100.56659,13.81012],[100.56474,13.81013],[100.56473,13.80923],[100.56288,13.80924],[100.5629,13.81195],[100.56383,13.81195]]],[[[100.56109,13.81829],[100.56017,13.8183],[100.56017,13.8192],[100.56202,13.81919],[100.56204,13.821],[100.56296,13.82099],[100.56296,13.82009],[100.56388,13.82008],[100.56389,13.82098],[100.56481,13.82098],[100.5648,13.82007],[100.56665,13.82006],[100.56664,13.81735],[100.56571,13.81736],[100.56571,13.81645],[100.56478,13.81646],[100.56477,13.81556],[100.56292,13.81557],[100.56293,13.81647],[100.56201,13.81648],[100.562,13.81557],[100.56108,13.81558],[100.56109,13.81829]],[[100.56202,13.81828],[100.56294,13.81828],[100.56295,13.81918],[100.56202,13.81919],[100.56202,13.81828]]],[[[100.56019,13.82101],[100.56018,13.8201],[100.55926,13.82011],[100.55926,13.82101],[100.56019,13.82101]]],[[[100.55927,13.82192],[100.55926,13.82101],[100.55834,13.82102],[100.55834,13.82192],[100.55927,13.82192]]],[[[100.56519,13.73872],[100.56611,13.73871],[100.56611,13.73781],[100.56518,13.73782],[100.56519,13.73872]]],[[[100.56704,13.73871],[100.56611,13.73871],[100.56612,13.73962],[100.56704,13.73961],[100.56704,13.73871]]],[[[100.56341,13.74958],[100.56342,13.75048],[100.56434,13.75048],[100.56433,13.74867],[100.56248,13.74868],[100.56249,13.74958],[100.56341,13.74958]]],[[[100.56623,13.75589],[100.56438,13.7559],[100.56439,13.75771],[100.56531,13.7577],[100.56531,13.7568],[100.56623,13.75679],[100.56623,13.75589]]],[[[100.56484,13.82459],[100.56669,13.82458],[100.56669,13.82549],[100.56762,13.82548],[100.5676,13.82367],[100.56853,13.82367],[100.56852,13.82276],[100.56575,13.82278],[100.56574,13.82188],[100.56389,13.82189],[100.5639,13.82279],[100.56482,13.82279],[100.56484,13.82459]]],[[[100.56857,13.82909],[100.56949,13.82908],[100.5695,13.83089],[100.56858,13.8309],[100.56858,13.8318],[100.56951,13.8318],[100.56951,13.8327],[100.57136,13.83269],[100.57136,13.83178],[100.57228,13.83178],[100.57228,13.83087],[100.5732,13.83087],[100.5732,13.82996],[100.57135,13.82998],[100.57133,13.82817],[100.56948,13.82818],[100.56948,13.82728],[100.56855,13.82728],[100.56857,13.82909]]],[[[100.56898,13.89055],[100.5699,13.89055],[100.5699,13.88964],[100.56805,13.88965],[100.56804,13.88875],[100.56712,13.88876],[100.56713,13.89147],[100.56898,13.89146],[100.56898,13.89055]]],[[[100.58263,13.72053],[100.58265,13.72234],[100.58542,13.72232],[100.58541,13.72142],[100.58634,13.72141],[100.58633,13.7196],[100.58725,13.7196],[100.58725,13.71869],[100.58817,13.71869],[100.58816,13.71778],[100.58631,13.71779],[100.58631,13.71689],[100.58353,13.71691],[100.58356,13.72052],[100.58263,13.72053]]],[[[100.57897,13.72507],[100.57896,13.72417],[100.57619,13.72419],[100.5762,13.72599],[100.57805,13.72598],[100.57804,13.72508],[100.57897,13.72507]]],[[[100.57477,13.78928],[100.57477,13.78837],[100.57384,13.78838],[100.57385,13.78928],[100.57477,13.78928]]],[[[100.57669,13.79921],[100.57668,13.7974],[100.57483,13.79741],[100.57482,13.7956],[100.57389,13.79561],[100.57391,13.79923],[100.57484,13.79922],[100.57485,13.80012],[100.57577,13.80012],[100.57576,13.79921],[100.57669,13.79921]]],[[[100.57324,13.83719],[100.57139,13.83721],[100.5714,13.83811],[100.57418,13.83809],[100.57418,13.839],[100.57511,13.83899],[100.57509,13.83628],[100.57601,13.83627],[100.57601,13.83537],[100.57508,13.83538],[100.57508,13.83447],[100.5723,13.83449],[100.57231,13.8363],[100.57324,13.83629],[100.57324,13.83719]]],[[[100.57606,13.8426],[100.57607,13.84531],[100.57885,13.84529],[100.57883,13.84258],[100.57791,13.84259],[100.5779,13.84168],[100.57698,13.84169],[100.57698,13.84259],[100.57606,13.8426]]],[[[100.57981,13.85071],[100.58259,13.85069],[100.58257,13.84798],[100.57979,13.848],[100.57981,13.85071]]],[[[100.58727,13.8588],[100.58726,13.85789],[100.58634,13.8579],[100.58634,13.8588],[100.58727,13.8588]]],[[[100.59112,13.88047],[100.5911,13.87866],[100.58925,13.87867],[100.58926,13.87957],[100.58833,13.87958],[100.58834,13.88048],[100.59112,13.88047]]],[[[100.59483,13.88225],[100.59575,13.88224],[100.59575,13.88134],[100.59667,13.88133],[100.59667,13.88043],[100.59759,13.88042],[100.59759,13.87952],[100.59666,13.87953],[100.59665,13.87862],[100.59295,13.87865],[100.59296,13.87955],[100.59388,13.87954],[100.59389,13.88045],[100.59297,13.88045],[100.59298,13.88226],[100.5939,13.88226],[100.59391,13.88316],[100.59483,13.88315],[100.59483,13.88225]]],[[[100.58374,13.88503],[100.58373,13.88323],[100.58281,13.88323],[100.5828,13.88233],[100.58188,13.88233],[100.58188,13.88324],[100.58096,13.88324],[100.58096,13.88415],[100.58189,13.88414],[100.58189,13.88505],[100.58374,13.88503]]],[[[100.57267,13.88962],[100.57452,13.88961],[100.57453,13.89052],[100.57638,13.8905],[100.57636,13.88779],[100.57729,13.88779],[100.57728,13.88688],[100.57543,13.8869],[100.57542,13.88599],[100.5745,13.886],[100.5745,13.8869],[100.57358,13.88691],[100.57359,13.88872],[100.57267,13.88872],[100.57267,13.88962]]],[[[100.61108,13.68871],[100.61107,13.68781],[100.61015,13.68781],[100.61014,13.68691],[100.60922,13.68691],[100.60922,13.68782],[100.6083,13.68782],[100.60831,13.68963],[100.60924,13.68963],[100.60923,13.68872],[100.61108,13.68871]]],[[[100.60376,13.6996],[100.60468,13.6996],[100.60468,13.69869],[100.6056,13.69869],[100.60559,13.69778],[100.60652,13.69778],[100.60651,13.69687],[100.60559,13.69688],[100.60558,13.69598],[100.60466,13.69598],[100.60467,13.69779],[100.60375,13.6978],[100.60376,13.6996]]],[[[100.65101,13.84572],[100.651,13.84482],[100.65008,13.84482],[100.65008,13.84573],[100.65101,13.84572]]],[[[100.63534,13.85396],[100.63533,13.85306],[100.63441,13.85306],[100.63441,13.85397],[100.63534,13.85396]]],[[[100.62336,13.86037],[100.62428,13.86036],[100.62429,13.86127],[100.62521,13.86126],[100.62521,13.86036],[100.62613,13.86035],[100.62613,13.85945],[100.62705,13.85944],[100.62704,13.85763],[100.62611,13.85764],[100.62611,13.85674],[100.62426,13.85675],[100.62427,13.85856],[100.62335,13.85856],[100.62336,13.86037]]],[[[100.59477,13.87412],[100.59755,13.8741],[100.59755,13.875],[100.59848,13.875],[100.59849,13.8768],[100.59942,13.8768],[100.59943,13.8786],[100.60035,13.8786],[100.60035,13.87769],[100.60127,13.87769],[100.60126,13.87588],[100.60034,13.87589],[100.60033,13.87498],[100.5994,13.87499],[100.5994,13.87409],[100.59847,13.87409],[100.59847,13.87319],[100.59754,13.87319],[100.59753,13.87139],[100.59568,13.8714],[100.59569,13.8723],[100.59476,13.87231],[100.59477,13.87412]]],[[[100.59387,13.87774],[100.59572,13.87772],[100.59572,13.87682],[100.59479,13.87683],[100.59478,13.87592],[100.59571,13.87592],[100.5957,13.87501],[100.59385,13.87503],[100.59387,13.87774]]],[[[100.59849,13.8768],[100.59757,13.87681],[100.59757,13.87771],[100.59665,13.87772],[100.59665,13.87862],[100.5985,13.87861],[100.59849,13.8768]]],[[[100.59853,13.88223],[100.60038,13.88221],[100.60039,13.88312],[100.59946,13.88312],[100.59947,13.88403],[100.60132,13.88402],[100.60132,13.88492],[100.60225,13.88491],[100.60224,13.88311],[100.60316,13.8831],[100.60314,13.88039],[100.59944,13.88041],[100.59944,13.87951],[100.59851,13.87951],[100.59853,13.88223]]],[[[100.60414,13.89123],[100.60599,13.89122],[100.60599,13.89031],[100.60691,13.89031],[100.60691,13.8894],[100.60598,13.88941],[100.60597,13.8885],[100.60505,13.88851],[100.60504,13.88761],[100.60412,13.88761],[100.60413,13.88942],[100.6032,13.88943],[100.60321,13.89033],[100.60414,13.89032],[100.60414,13.89123]]],[[[100.6219,13.91732],[100.62098,13.91733],[100.62098,13.91823],[100.62191,13.91823],[100.6219,13.91732]]]]}},{"type":"Feature","properties":{"class":"4+","n":4,"threshold_min":15,"speed_kmh":4.0},"geometry":{"type":"MultiPolygon","coordinates":[[[[100.52161,13.72091],[100.52162,13.72182],[100.52254,13.72181],[100.52253,13.72],[100.52346,13.72],[100.52346,13.7209],[100.52439,13.7209],[100.52438,13.71909],[100.52345,13.71909],[100.52345,13.71819],[100.52067,13.71821],[100.52069,13.72092],[100.52161,13.72091]]],[[[100.50869,13.72461],[100.5087,13.72551],[100.50962,13.72551],[100.50962,13.7246],[100.51054,13.7246],[100.51054,13.72369],[100.51146,13.72369],[100.51146,13.72278],[100.51053,13.72279],[100.51052,13.72189],[100.5096,13.72189],[100.50959,13.72099],[100.50775,13.721],[100.50776,13.72281],[100.50683,13.72281],[100.50684,13.72372],[100.50776,13.72371],[100.50777,13.72461],[100.50869,13.72461]]],[[[100.50498,13.72192],[100.5059,13.72191],[100.5059,13.72101],[100.50497,13.72102],[100.50498,13.72192]]],[[[100.52812,13.72539],[100.52627,13.7254],[100.52625,13.7236],[100.52533,13.7236],[100.52534,13.72451],[100.52441,13.72451],[100.52442,13.72632],[100.5235,13.72633],[100.5235,13.72723],[100.52535,13.72722],[100.52536,13.72903],[100.52721,13.72901],[100.52723,13.73082],[100.52815,13.73082],[100.52816,13.73172],[100.52723,13.73173],[100.52724,13.73263],[100.52909,13.73262],[100.52908,13.73171],[100.53093,13.7317],[100.53092,13.7308],[100.5337,13.73078],[100.53369,13.72988],[100.53554,13.72987],[100.53556,13.73258],[100.53463,13.73258],[100.53464,13.73349],[100.53372,13.73349],[100.53373,13.7353],[100.5328,13.73531],[100.53281,13.73621],[100.53373,13.73621],[100.53374,13.73711],[100.53559,13.7371],[100.53558,13.73529],[100.5365,13.73528],[100.5365,13.73438],[100.53742,13.73437],[100.53741,13.73257],[100.53926,13.73256],[100.53925,13.73165],[100.54018,13.73165],[100.54016,13.72984],[100.53831,13.72985],[100.53831,13.72895],[100.53923,13.72894],[100.53923,13.72804],[100.5383,13.72804],[100.53829,13.72623],[100.53922,13.72623],[100.53921,13.72532],[100.54013,13.72532],[100.54012,13.72351],[100.5392,13.72352],[100.53919,13.72171],[100.53641,13.72173],[100.53642,13.72263],[100.53549,13.72264],[100.53549,13.72173],[100.53456,13.72174],[100.53457,13.72264],[100.53272,13.72265],[100.53273,13.72356],[100.52995,13.72357],[100.52995,13.72267],[100.5281,13.72268],[100.5281,13.72359],[100.52718,13.72359],[100.52718,13.72449],[100.52811,13.72449],[100.52812,13.72539]],[[100.53556,13.73348],[100.53557,13.73439],[100.53465,13.73439],[100.53464,13.73349],[100.53556,13.73348]],[[100.53648,13.73257],[100.53648,13.73167],[100.5374,13.73166],[100.53741,13.73257],[100.53648,13.73257]],[[100.53365,13.72355],[100.53366,13.72445],[100.53273,13.72446],[100.53273,13.72356],[100.53365,13.72355]],[[100.52996,13.72448],[100.52903,13.72448],[100.52903,13.72358],[100.52995,13.72357],[100.52996,13.72448]],[[100.53551,13.72444],[100.53552,13.72625],[100.53459,13.72626],[100.53458,13.72445],[100.53551,13.72444]]],[[[100.5207,13.72273],[100.52071,13.72453],[100.52256,13.72452],[100.52256,13.72362],[100.52163,13.72363],[100.52163,13.72272],[100.5207,13.72273]]],[[[100.50131,13.72737],[100.50224,13.72736],[100.50223,13.72646],[100.50131,13.72646],[100.50131,13.72737]]],[[[100.53014,13.7525],[100.53015,13.7534],[100.53107,13.7534],[100.53108,13.7552],[100.53201,13.7552],[100.53201,13.7561],[100.53294,13.7561],[100.53296,13.75881],[100.5348,13.7588],[100.53481,13.7597],[100.53666,13.75969],[100.53665,13.75879],[100.53758,13.75878],[100.53757,13.75788],[100.5385,13.75787],[100.53849,13.75697],[100.53757,13.75697],[100.53756,13.75607],[100.53664,13.75607],[100.53663,13.75517],[100.53571,13.75518],[100.53571,13.75608],[100.53386,13.75609],[100.53385,13.75428],[100.53293,13.75429],[100.53292,13.75339],[100.53477,13.75337],[100.53478,13.75428],[100.53662,13.75427],[100.53661,13.75246],[100.53754,13.75245],[100.53753,13.75155],[100.53846,13.75154],[100.53845,13.75064],[100.53568,13.75066],[100.53566,13.74885],[100.53474,13.74885],[100.53476,13.75157],[100.53383,13.75157],[100.53382,13.74886],[100.53104,13.74888],[100.53102,13.74617],[100.5301,13.74617],[100.53011,13.74798],[100.52919,13.74798],[100.52919,13.74889],[100.52827,13.74889],[100.52828,13.7507],[100.5292,13.7507],[100.52922,13.7525],[100.53014,13.7525]],[[100.53476,13.75247],[100.53569,13.75246],[100.53569,13.75337],[100.53477,13.75337],[100.53476,13.75247]]],[[[100.53087,13.72266],[100.5318,13.72266],[100.53179,13.72175],[100.53087,13.72176],[100.53087,13.72266]]],[[[100.53287,13.74615],[100.53288,13.74706],[100.53473,13.74705],[100.53472,13.74614],[100.53565,13.74614],[100.53566,13.74885],[100.53659,13.74884],[100.53657,13.74613],[100.5375,13.74613],[100.53751,13.74884],[100.53844,13.74883],[100.53842,13.74522],[100.53934,13.74521],[100.53935,13.74702],[100.54028,13.74701],[100.54028,13.74792],[100.53936,13.74792],[100.53936,13.74883],[100.54029,13.74882],[100.54029,13.74972],[100.54214,13.74971],[100.54214,13.74881],[100.54306,13.7488],[100.54305,13.74699],[100.54213,13.747],[100.54211,13.74429],[100.54303,13.74428],[100.54304,13.74519],[100.54396,13.74518],[100.54397,13.74608],[100.54489,13.74608],[100.54488,13.74427],[100.54581,13.74427],[100.54579,13.74246],[100.53932,13.7425],[100.53933,13.74431],[100.53841,13.74431],[100.5384,13.74341],[100.53748,13.74341],[100.53747,13.74251],[100.53562,13.74252],[100.53561,13.74071],[100.53469,13.74072],[100.53469,13.74162],[100.53377,13.74163],[100.53378,13.74344],[100.53286,13.74344],[100.53286,13.74435],[100.53194,13.74435],[100.53195,13.74616],[100.53287,13.74615]]],[[[100.54109,13.73074],[100.54111,13.73254],[100.54018,13.73255],[100.54019,13.73436],[100.54204,13.73435],[100.54202,13.73073],[100.54109,13.73074]]],[[[100.53836,13.73708],[100.53929,13.73707],[100.53928,13.73617],[100.53836,13.73618],[100.53836,13.73708]]],[[[100.54301,13.74157],[100.54301,13.74067],[100.54023,13.74068],[100.54024,13.74159],[100.54301,13.74157]]],[[[100.53937,13.74973],[100.53844,13.74973],[100.53845,13.75064],[100.53938,13.75063],[100.53937,13.74973]]],[[[100.54892,13.79577],[100.54893,13.79667],[100.54523,13.7967],[100.54523,13.7976],[100.54616,13.79759],[100.54616,13.7985],[100.54801,13.79849],[100.54802,13.79939],[100.54709,13.7994],[100.5471,13.8003],[100.54802,13.80029],[100.54804,13.80301],[100.54712,13.80301],[100.54712,13.80392],[100.5462,13.80392],[100.5462,13.80483],[100.54713,13.80482],[100.54714,13.80572],[100.54806,13.80572],[100.54807,13.80662],[100.54899,13.80662],[100.54897,13.8039],[100.5499,13.8039],[100.5499,13.8048],[100.55268,13.80478],[100.55267,13.80298],[100.55359,13.80297],[100.5536,13.80388],[100.55452,13.80387],[100.5545,13.80025],[100.55542,13.80025],[100.5554,13.79663],[100.55632,13.79663],[100.55632,13.79572],[100.55077,13.79576],[100.55075,13.79305],[100.54983,13.79305],[100.54982,13.79215],[100.5489,13.79215],[100.54891,13.79487],[100.54706,13.79488],[100.54707,13.79578],[100.54892,13.79577]],[[100.54988,13.80119],[100.55081,13.80118],[100.55082,13.80299],[100.54989,13.80299],[100.54988,13.80119]]],[[[100.54246,13.79762],[100.54338,13.79761],[100.54338,13.79671],[100.54245,13.79671],[100.54246,13.79762]]],[[[100.55316,13.73789],[100.55317,13.7397],[100.5541,13.73969],[100.55411,13.7415],[100.55134,13.74152],[100.55135,13.74333],[100.55227,13.74332],[100.55227,13.74242],[100.55319,13.74241],[100.5532,13.74332],[100.55505,13.7433],[100.55505,13.74421],[100.55598,13.7442],[100.55597,13.7433],[100.5569,13.74329],[100.55689,13.74239],[100.55781,13.74238],[100.5578,13.73967],[100.55872,13.73966],[100.55871,13.73786],[100.55686,13.73787],[100.55685,13.73696],[100.55593,13.73697],[100.55594,13.73787],[100.55501,13.73788],[100.55502,13.73878],[100.55409,13.73879],[100.55409,13.73789],[100.55316,13.73789]]],[[[100.55921,13.81288],[100.55918,13.80926],[100.56011,13.80926],[100.5601,13.80835],[100.55733,13.80837],[100.55732,13.80747],[100.5564,13.80747],[100.55641,13.80928],[100.55548,13.80929],[100.5555,13.81109],[100.55735,13.81108],[100.55735,13.81199],[100.55828,13.81198],[100.55828,13.81288],[100.55921,13.81288]]],[[[100.55681,13.72973],[100.55773,13.72973],[100.55773,13.72882],[100.5568,13.72883],[100.55681,13.72973]]],[[[100.56053,13.73333],[100.56052,13.73242],[100.55867,13.73243],[100.55868,13.73334],[100.56053,13.73333]]],[[[100.55962,13.73604],[100.55963,13.73695],[100.56055,13.73694],[100.56056,13.73785],[100.56333,13.73783],[100.56331,13.73512],[100.56424,13.73511],[100.56423,13.73421],[100.56331,13.73421],[100.5633,13.73331],[100.56238,13.73331],[100.56239,13.73512],[100.56147,13.73513],[100.56146,13.73422],[100.56054,13.73423],[100.56055,13.73604],[100.55962,13.73604]]],[[[100.56244,13.74326],[100.56337,13.74325],[100.56336,13.74235],[100.56151,13.74236],[100.56153,13.74417],[100.56245,13.74416],[100.56244,13.74326]]],[[[100.56482,13.82188],[100.56574,13.82188],[100.56574,13.82097],[100.56481,13.82098],[100.56482,13.82188]]],[[[100.59757,13.87771],[100.59757,13.87681],[100.59849,13.8768],[100.59848,13.875],[100.59755,13.875],[100.59755,13.8741],[100.59477,13.87412],[100.59478,13.87502],[100.5957,13.87501],[100.59571,13.87592],[100.59478,13.87592],[100.59479,13.87683],[100.59572,13.87682],[100.59572,13.87772],[100.59757,13.87771]]]]}}]}